date,btc_close,ret,rv_7d,rv_14d,rv_30d,rv_60d,iv_30d,iv_30d_dec,vrp_30d,ret_fut_1d,ret_fut_5d,ret_fut_10d,ret_fut_20d,ret_fut_30d,ret_fut_60d
2021-03-24,52303.65,,,,,,95.04,0.9504,,-0.019496661048352345,0.09707201847615131,0.08689592267782077,0.1951541529975399,-0.022789805565118924,-0.4116169290004773
2021-03-25,51293.78,-0.019496661048352345,,,,,89.74,0.8974,,0.07022885249165932,0.13566327107890155,0.12635039296121872,0.20492264176181402,-0.02459014927550165,-0.2792448737615098
2021-03-26,55025.59,0.07022885249165932,,,,,84.52,0.8452,,0.014282640925523643,0.06533193926856842,0.07193989095988317,0.13787252297732933,-0.11461632615124094,-0.3617032309588341
2021-03-27,55817.14,0.014282640925523643,,,,,79.69,0.7968999999999999,,-0.0007080977298643483,0.050706886786723256,0.03820942201758924,0.09426639101896785,-0.03307120370574613,-0.3523356823452817
2021-03-28,55777.63,-0.0007080977298643483,,,,,79.07,0.7907,,0.0327652838371849,0.05531690366904005,0.0031472021056806482,0.07308266311244696,-0.013822095032860153,-0.3699362533877226
2021-03-29,57635.47,0.0327652838371849,,,,,83.71,0.8371,,0.019094591554397786,-0.01017609579833053,0.007640493093568921,-0.026111317507968173,-0.049604907663654774,-0.48001070038011895
2021-03-30,58746.57,0.019094591554397786,,,,,85.08,0.8508,,-0.00010247931867370034,-0.009312878117682895,-0.010335186514241385,-0.054453701482362324,-0.09252360512459956,-0.5292302534230368
2021-03-31,58740.55,-0.00010247931867370034,1.5932773905593896,,,,86.45,0.8645,,-0.00034241155632151754,0.006607951691314775,0.01735901791048458,-0.040217966318919426,-0.01797242719880643,-0.499626052935823
2021-04-01,58720.44,-0.00034241155632151754,1.5491390879602056,,,,82.38,0.8238,,0.003901919152452414,-0.012497464769134102,0.021597183935800547,-0.08774436238597101,-0.015792700424271156,-0.455033655991869
2021-04-02,58950.01,0.003901919152452414,0.7779302991783995,,,,81.28,0.8128,,-0.03272771563018565,-0.05216970156335934,0.015318705805903055,-0.131406885325474,-0.04106586786639107,-0.47410134266441245
2021-04-03,57051.94,-0.03272771563018565,0.9600367346905202,,,,81.29,0.8129000000000001,,0.019957809235045493,0.017816588891899326,0.10825823031971919,-0.10968572824293965,0.0020565342987091577,-0.41779135643557197
2021-04-04,58202.01,0.019957809235045493,1.0328950501550713,,,,82.42,0.8242,,0.015818350490323988,-0.0010223083965585993,0.07857224880059534,-0.15094054223672032,-0.08986130590600379,-0.3940502327790305
2021-04-05,59129.99,0.015818350490323988,0.8754151963500545,,,,80.22,0.8022,,-0.019447828016770405,0.010751066219169866,0.06593263201744617,-0.18655621711112427,-0.02906504110838565,-0.4734526624039174
2021-04-06,57991.15,-0.019447828016770405,0.8782488773684392,,,,81.01,0.8101,,-0.035770317641772804,0.0340946487049346,0.056056969001378854,-0.07128062572333524,-0.0279333172094639,-0.49038595434178733
2021-04-07,55953.45,-0.035770317641772804,1.112807467711985,1.943417943588897,,,78.78,0.7878000000000001,,0.03725857482507307,0.06748840736926244,0.06993546100676609,-0.016969297138540892,0.02403791264227253,-0.44667527958668235
2021-04-08,58077.52,0.03725857482507307,1.3209811413464498,2.035883859565458,,,74.31,0.7431,,0.001118911946587532,0.09044164142781982,-0.03375181060153706,-0.057245400757223674,0.01341790072485648,-0.5486586504567418
2021-04-09,58142.54,0.001118911946587532,1.3190492892463221,1.5313610213927418,,,77.07,0.7706999999999999,,0.027591725106052453,0.07959455719715379,-0.04411851496812091,-0.08218841861035804,0.001689245034390855,-0.554916397860116
2021-04-10,59769.13,0.027591725106052453,1.2754661891660537,1.5963973602023438,,,81.54,0.8154,,0.003895754468994307,0.055181565798276364,-0.057576984229403994,-0.035331445109291044,-0.06842623205784912,-0.46913817228607574
2021-04-11,60002.43,0.003895754468994307,1.219413344483386,1.5980741814255695,,,82.61,0.8261,,-0.0023765589774449635,0.02196232029644407,-0.10934154632177162,-0.03738988436007176,-0.05713973830011582,-0.4922701056638151
2021-04-12,59860.0,-0.0023765589774449635,1.182243654720855,1.4710716587332953,,,84.5,0.845,,0.060211808883630515,0.0024470536375036747,-0.14672559113137715,-0.05638457367229423,-0.18738641636245082,-0.472158170454615
2021-04-13,63575.0,0.060211808883630515,1.6071540336597787,1.8314653091194002,,,88.64,0.8864,,-0.009728172284078391,-0.12419345202935694,-0.21794395856265886,-0.10620169602101,-0.24679965348893193,-0.5813895843935027
2021-04-14,62959.53,-0.009728172284078391,1.4664458778673741,1.8408704389255033,,,83.85,0.8384999999999999,,0.0031787337071748686,-0.12371307216527484,-0.2295127910373156,-0.16843355470659901,-0.23364517187018996,-0.4784031960424461
2021-04-15,63159.98,0.0031787337071748686,1.2835334391666404,1.8418602729989897,,,77.08,0.7707999999999999,,-0.02932349103283781,-0.11275855002768034,-0.25248884912857045,-0.09499767312583186,-0.30057879463022474,-0.4439667572662377
2021-04-16,61334.8,-0.02932349103283781,1.4003044753688823,1.9237316993799702,,,77.67,0.7767000000000001,,-0.021891825636385424,-0.13130386661821575,-0.1273375947247141,-0.08399028621084269,-0.2783692734902064,-0.4238733956619584
2021-04-17,60006.66,-0.021891825636385424,1.3630494899843832,1.8667399154280875,,,74.43,0.7443000000000001,,-0.06642869678323018,-0.1491726447688808,-0.08690475814530708,-0.04589754836449366,-0.32082051734607964,-0.4477268434451036
2021-04-18,56150.01,-0.06642869678323018,1.8609207488903707,2.2248584086082546,,,88.4,0.884,,-0.00924779241999631,-0.09375050653330191,-0.02349359015568664,0.047169711326393644,-0.2703263484372492,-0.38799710860674935
2021-04-19,55633.14,-0.00924779241999631,1.8687375175118288,2.2113072985191353,,,83.2,0.8320000000000001,,0.014133255844769198,-0.10579971887204079,-0.03806990364223719,0.0458077600025118,-0.4162723755101836,-0.44027713701457677
2021-04-20,56425.0,0.014133255844769198,1.4972623889417296,2.1965287954516763,,,82.96,0.8295999999999999,,-0.0478688076233732,-0.13973029910089,0.022245539120112862,-0.010849247828445131,-0.33095278705431014,-0.46383832295678884
2021-04-21,53787.63,-0.0478688076233732,1.7445977573647449,2.279053498212868,,,83.0,0.83,,-0.03976060378705051,0.003966271893501722,0.07195166196169979,0.0522018080216557,-0.36733761197888803,-0.41269338285031854
2021-04-22,51690.96,-0.03976060378705051,1.9018316952139676,2.294432802759623,,,87.39,0.8739,,-0.011006558547651292,0.06226788662357375,0.09034101745908288,-0.04066082523107369,-0.3222834109687537,-0.4918432356860285
2021-04-23,51125.14,-0.011006558547651292,1.8295709815799897,2.303949348483531,3.097128731736704,,89.31,0.8931,-2.204028731736704,-0.02129700475873513,0.07025691637761523,0.11174226254164892,-0.02885569492627312,-0.38882712343535847,-0.45274215281843927
2021-04-24,50047.84,-0.02129700475873513,1.8270066409483714,2.279442295434596,3.1014533588504327,,94.08,0.9408,-2.160653358850433,-0.019797324384079943,0.06772981522980374,0.06107923633071652,-0.0041323808328743794,-0.25465472448600823,-0.3961324642926072
2021-04-25,49066.77,-0.019797324384079943,1.3676064873616816,2.309409781291414,2.8216759891503074,,93.46,0.9346,-1.8870759891503073,0.09582776337101846,0.1619758382210029,0.15749117600273863,-0.04808994550165448,-0.24708690480759313,-0.3475065915290777
2021-04-26,54001.39,0.09582776337101846,2.2783574306090526,2.946708755708266,3.3524883480886545,,82.66,0.8266,-2.5258883480886545,0.018541010943021647,0.06798539006819816,0.04334730851387143,-0.15103167876549228,-0.31926447863953566,-0.53634487610379
2021-04-27,55011.97,0.018541010943021647,2.2898646122002844,2.7359229893304113,3.3711230812407433,,77.53,0.7753,-2.5958230812407432,-0.003017528793609669,0.02807313083550907,0.04100720978081348,-0.23391575920077254,-0.3561141583548626,-0.5329898877969986
2021-04-28,54846.22,-0.003017528793609669,2.100103364388542,2.730211617460846,3.3129961564996657,,76.96,0.7696,-2.5433961564996657,-0.023824105906546798,0.041485346164033626,0.07066330148208007,-0.24683275828156254,-0.43040579271646423,-0.4577837839474358
2021-04-29,53555.0,-0.023824105906546798,2.010117713046812,2.7672255089213413,3.324158977904305,,80.2,0.802,-2.5221589779043048,0.07444869860711945,-0.006650578899087076,0.08387766364474893,-0.37820247186794653,-0.43670664829843736,-0.4398979660915573
2021-04-30,57694.27,0.07444869860711945,2.4534481294361616,3.0605126532124265,3.615671619701528,,75.09,0.7509,-2.864771619701528,0.001837315218213768,-0.004484662218264435,-0.03309478694855806,-0.35319832617442315,-0.48165362573701664,-0.4740938787506023
2021-05-01,57800.37,0.001837315218213768,2.419729237744935,3.0320031085187127,3.6158360868927866,,76.15,0.7615000000000001,-2.8543360868927863,-0.02137124828966742,-0.024638081554326865,-0.0197498539400441,-0.43928927394058787,-0.43924095556759774,-0.500362227089638
2021-05-02,56578.21,-0.02137124828966742,2.4246113497320723,2.7837183229492415,3.638051681136093,,79.09,0.7909,-2.8471516811360926,0.01039468653491475,0.012934078945304246,-0.13100184269015658,-0.4126244284278365,-0.4330354747980213,-0.5239384997203234
2021-05-03,57169.39,0.01039468653491475,1.6019980595478633,2.7851948521434915,3.589415742834769,,81.79,0.8179000000000001,-2.7715157428347688,-0.07196003096966748,0.029177955318046636,-0.14059795746792197,-0.5005693859770073,-0.4198478907342812,-0.5259558209870351
2021-05-04,53200.01,-0.07196003096966748,2.0811011212766193,3.094262726270341,3.824732738534555,,87.96,0.8795999999999999,-2.945132738534555,0.07661461528794215,0.09052824254383603,-0.06521161716359083,-0.3157339608167247,-0.3041889268730267,-0.42820891867641353
2021-05-05,57436.11,0.07661461528794215,2.543646027341261,3.2985707895276484,4.084082134261006,,84.39,0.8439,-3.240182134261006,-0.018316104117848727,-0.028610124730293684,-0.20558112150439298,-0.4045780808103316,-0.44438762129553167,-0.4871724616797577
2021-05-06,56393.68,-0.018316104117848727,2.526937981799208,3.2289299751100207,4.082171895405964,,82.14,0.8214,-3.260771895405964,0.016200912209963583,0.0048882276142827525,-0.19437898727936367,-0.362611787153407,-0.4624526371323233,-0.5151518825420047
2021-05-07,57314.75,0.016200912209963583,2.111436659620886,3.2369078595821668,4.03644714680008,,80.56,0.8056,-3.2308471468000803,0.02663856290765698,-0.14393592163546096,-0.274922968981586,-0.397121368135676,-0.47071319222895475,-0.5157474470067901
2021-05-08,58862.05,0.02663856290765698,2.171621832753244,3.2513121917909147,4.005648613642206,,83.57,0.8356999999999999,-3.169948613642206,-0.010609743743877945,-0.16977591278596865,-0.31749605976364276,-0.5010690941985444,-0.5620765511815984,-0.5528995851100542
2021-05-09,58240.84,-0.010609743743877945,2.142503599465259,3.2355929705343303,4.010716978406419,,86.05,0.8604999999999999,-3.1502169784064193,-0.04252375198618774,-0.15573985970742696,-0.46208013551269556,-0.5205843119431863,-0.5566056428945069,-0.5718527396384494
2021-05-10,55816.14,-0.04252375198618774,2.282740012470152,2.7887810504461172,4.05807754235137,,90.26,0.9026000000000001,-3.15547754235137,0.01518224822672772,-0.17697099677409928,-0.3201035392258651,-0.4485588387884585,-0.4007119402282266,-0.501134630268513
2021-05-11,56670.02,0.01518224822672772,1.8452574061672353,2.7813587995786944,4.0677495635214465,,86.27,0.8626999999999999,-3.2050495635214467,-0.13262323703978,-0.19926721489364638,-0.4195394200005438,-0.41949110162755365,-0.43513036736369926,-0.5256142162986757
2021-05-12,49631.32,-0.13262323703978,2.7717242026290223,3.7619928452681126,4.792127072157175,,93.86,0.9386,-3.853527072157175,0.0007985717571492955,-0.13098704734612512,-0.28162258573768,-0.3020336321078648,-0.28477175409216426,-0.3706730740443511
2021-05-13,49670.97,0.0007985717571492955,2.7495886496928637,3.734387942672705,4.652034075353839,,92.9,0.929,-3.723034075353839,0.0034263093346637553,-0.14772014697767413,-0.35997142850908526,-0.2792499332663591,-0.33458993090457073,-0.4062913845293654
2021-05-14,49841.45,0.0034263093346637553,2.7328961390502573,3.4535324052956,4.64878084695677,,98.46,0.9845999999999999,-3.66418084695677,-0.06375488905286,-0.3063402758052685,-0.25052234365313386,-0.2389773097094359,-0.24475802417225606,-0.4205619058576951
2021-05-15,46762.99,-0.06375488905286,2.9484441481951484,3.6618662290581803,4.805318472436661,,102.85,1.0285,-3.776818472436661,-0.007113969892819319,-0.14313254245176574,-0.19899695930593864,-0.23880649979113877,-0.14338796263601294,-0.35405338305477424
2021-05-16,46431.5,-0.007113969892819319,2.944606627458056,3.6415696978351932,4.774484919612722,,105.28,1.0528,-3.721684919612722,-0.06434306949225864,-0.22027220510689735,-0.16823279987404324,-0.26807364985295973,-0.14550412217175202,-0.3759992542862213
2021-05-17,43538.04,-0.06434306949225864,3.0857415632464162,3.8383203305194145,4.912422052586309,,123.02,1.2302,-3.682222052586309,-0.0159345278743997,-0.15063553839155489,-0.12219839915409003,-0.19579022324736886,-0.126906326099024,-0.3273409720553877
2021-05-18,42849.78,-0.0159345278743997,3.087125702653454,3.5965705886300374,4.755408035264881,,117.01,1.1701000000000001,-3.5853080352648807,-0.15519381949293082,-0.21225128153141107,-0.1835730344349017,-0.24458049141795563,-0.11767076016950022,-0.3070760250421822
2021-05-19,36690.09,-0.15519381949293082,3.4498489235233407,4.425371470348522,5.601228397546433,,124.83,1.2483,-4.3529283975464335,0.0994528443006428,0.05581793215213457,-0.058504176430490724,-0.09452550738181144,-0.024004761504393023,-0.14371484278335142
2021-05-20,40526.64,0.0994528443006428,3.9384504231864472,4.803293607350828,5.908554655142936,,119.77,1.1977,-4.710854655142936,-0.084253632547951,-0.05586441685417293,-0.12845529956259338,-0.08060840100236166,-0.13288553590247862,-0.2731583359160953
2021-05-21,37252.01,-0.084253632547951,4.254188878221024,5.056366711228059,6.055218000997938,,139.98,1.3998,-4.655418000997938,0.005293597223083863,0.05203940523285399,4.8318372990182516e-05,-0.015590947363155553,-0.04535577087143066,-0.22352138753613537
2021-05-22,37449.73,0.005293597223083863,4.077344817240373,5.031705839345455,6.008232900220954,,140.05,1.4005,-4.607732900220954,-0.07755027101425602,0.028437139237464916,-0.020411046370184826,-0.003149168354484291,-0.16955982471727485,-0.1527578262751703
2021-05-23,34655.25,-0.07755027101425602,4.336057528047821,5.241383698701144,6.18463993758003,6.916789539841365,156.2,1.5619999999999998,-4.622639937580031,0.11287539419061506,0.028678247096509367,0.08072149524272604,0.025381497604514556,-0.06391502938308086,-0.07075885026680265
2021-05-24,38796.29,0.11287539419061506,4.684089629220451,5.609144021124527,6.5371731513887115,7.235581921888664,125.12,1.2512,-5.285973151388712,-0.012229504705664857,-0.11432210858262547,0.01154503394369811,0.005764319480877776,-0.14147773980659906,-0.14278448754009382
2021-05-25,38324.72,-0.012229504705664857,4.680022274630765,5.606509929985294,6.530403247015315,7.113931540039975,129.11,1.2911000000000001,-5.2393032470153145,0.02365018953907607,-0.07259088270842053,-0.0398095404852001,0.05560899666992574,-0.10041968672148459,-0.11217091809097544
2021-05-26,39241.91,0.02365018953907607,3.6490677012953605,5.021668316782,6.28478655711601,7.12304149872625,117.02,1.1702,-5.114586557116009,-0.018308668772305418,-0.05199108685986401,-0.09984084997891635,0.022728677702291235,-0.21708039746425434,-0.1035697901707539
2021-05-27,38529.98,-0.018308668772305418,3.13494479453499,5.03381272999697,6.284537933323829,7.131611869995465,107.26,1.0726,-5.21193793332383,-0.07730916315521141,-0.04884818560764966,-0.0735918240932788,-0.004707926944933981,-0.17687572944213617,-0.03411763606117103
2021-05-28,35663.49,-0.07730916315521141,3.0689347638907907,5.245615654677426,6.455508615400557,7.255999932227975,122.55,1.2255,-5.230008615400557,-0.030124961488519942,0.052043248146216636,-0.061007456983053876,0.06590227426540153,-0.027377991230971573,0.10110604401827021
2021-05-29,34605.15,-0.030124961488519942,3.120797149544951,5.134599848798817,6.465111306976922,7.269642159142542,129.3,1.2930000000000001,-5.172111306976922,0.02950172116854018,0.12586714252632356,-0.036021330951320596,0.034499414926097746,-0.003191317793120035,0.14536581967424309
2021-05-30,35641.27,0.02950172116854018,2.8039127857341293,5.1636539191296995,6.331847308935951,7.291458811869851,123.61,1.2361,-5.095747308935952,0.04424998538763259,0.03278134222322045,0.04784689856023187,-0.00443023633988526,0.007559746986414275,0.11578713317854494
2021-05-31,37253.81,0.04424998538763259,1.981465951383406,5.0859515305459135,6.387937894479836,7.340301162146387,106.47,1.0647,-5.323237894479836,-0.015165767520091036,-0.047849763119052396,-0.015639265736145616,-0.045404089244420645,-0.06112127152204029,0.12481693604345344
2021-06-01,36693.09,-0.015165767520091036,1.988860933794344,5.085093539455634,6.381457058176595,7.345639129440612,108.23,1.0823,-5.299157058176595,0.02358227059865497,-0.024743638485629257,0.017261878015700522,-0.1491487783470901,-0.09090302492230191,0.12218479100839061
2021-06-02,37568.68,0.02358227059865497,1.9885665444655118,4.155730018950282,6.394258454854518,7.332833460701842,103.17,1.0317,-5.362558454854518,0.04369893289158691,-0.11305070512927057,-0.055339997638211555,-0.14463652462580695,-0.10610793025275397,0.05883724502666254
2021-06-03,39246.79,0.04369893289158691,2.128156250560458,3.7890536934149637,6.3002765165671,7.370350378810014,99.19,0.9919,-5.3083765165671,-0.06358407913456297,-0.16188847347764412,-0.0057807144628203065,-0.15302277375029705,-0.12401999180338684,-0.0025249198275142343
2021-06-04,36829.0,-0.06358407913456297,1.955306215671847,3.6388985946385457,6.247133644172084,7.4636723968524175,102.91,1.0291,-5.218033644172085,-0.03638111995464031,0.015065556337011284,0.09541853715512576,-0.06061014623628442,-0.04278484038422601,0.036734475248261206
2021-06-05,35513.2,-0.03638111995464031,1.9937624959799467,3.7033044350936204,6.275933200578029,7.486752628594048,108.52,1.0852,-5.190733200578029,0.007940357113332096,0.03221049738290676,0.12256952768120771,-0.11723954748533794,-0.05269924540968138,0.11203043803999196
2021-06-06,35796.31,0.007940357113332096,1.9184430035518996,3.397403489119383,6.2701315085064735,7.457040612929245,105.93,1.0593000000000001,-5.210831508506473,-0.06472479604498639,0.042005516501329686,0.06888389714834484,-0.10328390534885733,-0.04503425477783534,0.13236697768861413
2021-06-07,33552.79,-0.06472479604498639,2.1201003357888304,2.9019015748821766,6.370607081986208,7.525281085051013,108.32,1.0832,-5.287407081986208,-0.005138835456786614,0.05771070749105899,0.12690973124845542,0.03362946575208239,0.009176966071544097,0.24427916092837104
2021-06-08,33380.81,-0.005138835456786614,2.1025018512655476,2.8941461346221558,6.3681383893729375,7.525891125114877,111.04,1.1104,-5.257738389372937,0.11336995068009252,0.1561077590148239,0.07052074587741829,0.0328300131582005,-0.015247096743942559,0.28913679037387563
2021-06-09,37388.05,0.11336995068009252,2.984758139071034,3.58652729677585,6.677156608294959,7.813604399471064,105.82,1.0582,-5.618956608294959,-0.019236178908744933,0.08035298081811436,-0.05227713490011711,-0.04028715157381757,-0.1004226900402864,0.15815413566086642
2021-06-10,36675.72,-0.019236178908744933,2.889089735798978,3.588298834865702,6.68096915063158,7.821888218532643,99.46,0.9945999999999999,-5.68636915063158,0.01773537623175507,0.09035903029830086,-0.029764823508275022,-0.045482005785894564,-0.09048384893497637,0.2320200190317792
2021-06-11,37331.98,0.01773537623175507,2.643099806288332,3.287734627832115,6.191138853127809,7.829092040231129,97.22,0.9722,-5.218938853127809,-0.04901960505525715,0.026878380647015098,-0.1664106563627905,-0.10816490293800239,-0.08590131995218694,0.19972816369649732
2021-06-12,35546.11,-0.04901960505525715,2.716603421476444,3.369721507773856,6.261552039644426,7.80054196728846,99.39,0.9939,-5.267652039644426,0.09325821606697823,0.06919902375739631,-0.08929652698759535,-0.05076793261454236,-0.07170145362479474,0.24712332806516782
2021-06-13,39020.57,0.09325821606697823,3.2452058164296647,3.769852032754888,6.509776387720149,7.999271965694809,102.86,1.0286,-5.481176387720149,0.03761517248338315,-0.08558701313740545,-0.14724205928747683,-0.1182392773405665,-0.17580388168543898,0.1291280036803619
2021-06-14,40516.29,0.03761517248338315,3.0852399441402643,3.7434650989064306,6.435061554557596,8.03125786116261,98.88,0.9887999999999999,-5.446261554557596,-0.009230129428558456,-0.1326301157182315,-0.15602868339141024,-0.13820337753935166,-0.21066542041876132,0.16532152403236824
2021-06-15,40144.04,-0.009230129428558456,3.088715430175701,3.736398940581763,6.436042368128174,8.01363510598968,96.77,0.9677,-5.468342368128174,-0.04574527341953061,-0.12012385380657589,-0.23980907516654554,-0.17526877309088906,-0.23049513211446931,0.15913021389359608
2021-06-16,38349.01,-0.04574527341953061,2.3691181453249928,3.810708849447687,6.3777221766912,8.050293819842542,95.25,0.9525,-5.4252221766912,-0.006698961944875928,-0.19328903700980565,-0.17216780249720207,-0.1139181519261802,-0.2004346459563637,0.20286171262252495
2021-06-17,38092.97,-0.006698961944875928,2.3439367308942995,3.7203331705553553,6.37173783878015,7.950657121773301,95.28,0.9528,-5.41893783878015,-0.06152782082782359,-0.15849555074499178,-0.09328026549637301,-0.11773276517691122,-0.18940526487268197,0.18646347057465976
2021-06-18,35819.84,-0.06152782082782359,2.60019259746853,3.7076917522808657,5.761054091700902,8.035141803912628,94.73,0.9473,-4.813754091700901,-0.00942793009744289,-0.061655046150071335,-0.03769073271921773,-0.08576784262136085,-0.11971008127895834,0.22138096364363116
2021-06-19,35483.72,-0.00942793009744289,2.4323606788209844,3.6464109232849773,5.441692813927689,8.032623406706149,91.89,0.9189,-4.52279281392769,0.0032761324830971688,-0.02339856767317881,0.011989983326299448,-0.04814555514016939,-0.14027280001361667,0.23101783938956816
2021-06-20,35600.16,0.0032761324830971688,1.6570625840906907,3.6437915964805456,5.19854999150077,7.980638261050435,95.63,0.9562999999999999,-4.2422499915007705,-0.11891045662276035,-0.11968522135996966,-0.01571718227761961,-0.060719025426701274,-0.17816561666470473,0.27269126348195166
2021-06-21,31608.93,-0.11891045662276035,2.7185302578121227,4.112069099073929,5.672361343823959,8.262841266671279,106.23,1.0623,-4.6100613438239595,0.028094524319938106,0.021121234512603504,0.05824575342478824,0.08050933641060358,0.016801998442104706,0.4449400825379805
2021-06-22,32509.56,0.028094524319938106,2.7653943336124702,4.145789289023433,5.501695402162564,8.277585605458068,107.01,1.0701,-4.431595402162564,0.0353126837670968,0.0652152852486188,0.03852859437305307,0.01759507336280056,-0.006843820883721683,0.4066441682779316
2021-06-23,33678.07,0.0353126837670968,2.70901192548273,3.598814582458477,5.1062109358012036,8.29506015241199,102.21,1.0221,-4.0841109358012035,0.028828548379449724,0.02396431343085356,0.02900278194691022,-0.028561822397962205,-0.001306747733494727,0.37984357671675034
2021-06-24,34663.09,0.028828548379449724,2.7614691629185617,3.6221197296866925,5.13051133249433,8.30471631673719,100.99,1.0099,-4.12061133249433,-0.09301052120369376,0.035388550999478276,0.017825305852058562,-0.05463673702735106,-0.011751231369490873,0.35607195960259996
2021-06-25,31584.45,-0.09301052120369376,3.066193195820882,4.0202664411738205,5.410692180577728,8.29301705903654,105.3,1.053,-4.357692180577728,0.021895999249812816,0.10396803908234994,0.06454030207565643,0.009313943052076213,0.11351060729350049,0.41172147480051713
2021-06-26,32283.65,0.021895999249812816,3.089351237539298,3.93198035864373,5.415554716301536,8.296002044397166,106.7,1.067,-4.3485547163015354,0.07218857505595316,0.0371245189121846,0.05824965057102185,-0.02826684345916157,0.14275809338096515,0.4167147499065584
2021-06-27,34700.34,0.07218857505595316,3.382640683305099,3.7667113507599845,5.3896956705797425,8.40966175924911,106.41,1.0641,-4.325595670579743,-0.005938288050668354,-0.026686690875565834,-0.024452499680538253,-0.09612499937630889,0.12848403524924187,0.3000706718316912
2021-06-28,34494.89,-0.005938288050668354,2.5088124263624505,3.6992629743383603,5.360079118536507,8.39810171220687,104.3,1.043,-4.3170791185365065,0.04025278594807432,0.005038468516056667,-0.04807710990214309,-0.08201934855974063,0.14855713746736307,0.3524346150696662
2021-06-29,35911.73,0.04025278594807432,2.568550004536446,3.7742356770848504,5.3855523870794855,8.312428336993769,98.86,0.9886,-4.3969523870794855,-0.024431033120821895,-0.017563245147419648,-0.06013553846646876,-0.1522627833399161,0.10822738619213078,0.3086183168616432
2021-06-30,35045.0,-0.024431033120821895,2.5219355429020016,3.701203114523717,5.3392266937222725,8.325448470243987,104.51,1.0451000000000001,-4.294126693722273,-0.04494752092035272,-0.03942773700669348,-0.045001843149081705,-0.16244843438708523,0.18593820756549365,0.3304379242134289
2021-07-01,33504.69,-0.04494752092035272,2.6065714744482738,3.7973578695136947,5.400073478230355,8.359652370501946,102.38,1.0238,-4.376273478230354,0.008377365268202767,0.021125131658837424,0.022263582985815458,-0.04144375498268355,0.2130878159306925,0.3380984895321478
2021-07-02,33786.55,0.008377365268202767,1.9136957222375253,3.61438404592103,5.383625570979808,8.358825603874395,99.23,0.9923000000000001,-4.391325570979808,0.025786871340954098,0.0022341911950275557,-0.020933521010252327,-0.04537241525677466,0.16494517527941643,0.33222910250973703
2021-07-03,34669.13,0.025786871340954098,1.9313075931111545,3.643355608240073,5.341266973075308,8.259698363915716,98.02,0.9802,-4.361066973075308,0.017651072284598005,-0.05311557841819983,-0.05756460434487243,-0.03030952968040499,0.1214950719758725,0.3420961977558145
2021-07-04,35286.51,0.017651072284598005,1.3934073573212895,3.658393370837517,5.212214604931205,8.135960905511098,95.89,0.9589,-4.253314604931205,-0.04629552498009569,-0.04257229331904911,-0.07246204287940956,-0.029576537221549355,0.07951931563248721,0.3333404040148352
2021-07-05,33690.14,-0.04629552498009569,1.646514068519833,3.000857938740916,5.24083655959892,8.17641152233339,96.39,0.9639,-4.27693655959892,0.01560534774517823,-0.005574106142388185,-0.055226359023580265,0.04897030521784399,0.1647296834496734,0.3948005923346298
2021-07-06,34220.01,0.01560534774517823,1.486099328760358,2.967480470154128,5.24711751069502,8.175988705044055,95.74,0.9573999999999999,-4.28971751069502,-0.010513575195606917,0.0011384513269780884,-0.08651649403018356,0.0845084428099431,0.17740123246644932,0.3775238198124722
2021-07-07,33862.12,-0.010513575195606917,1.425123528897645,2.8967457525937776,5.103282602968625,8.162605461420702,94.93,0.9493,-4.153982602968625,-0.029562898272273284,-0.02316771220527995,-0.07167249969577072,0.15293653492978013,0.23510219485682693,0.42426038467356547
2021-07-08,32875.71,-0.029562898272273284,1.269870943623082,2.8994459927485496,5.13350287320169,8.179611133506004,94.43,0.9443,-4.1892028732016895,0.028194357383748637,-0.004449025926672608,-0.03394223865759751,0.19663424736950605,0.30438388711781805,0.4711961241105598
2021-07-09,33815.81,0.028194357383748637,1.3700740400999645,2.353579017723017,4.685269044047815,8.156970417183684,90.89,0.9089,-3.776369044047815,-0.009297337803434783,-0.029889749560360404,-0.0921272448734472,0.16836292465859956,0.25857682570115287,0.32631558411014266
2021-07-10,33502.87,-0.009297337803434783,1.2907138554081898,2.322905782796942,4.674209626526043,8.153746649510248,90.57,0.9057,-3.768509626526043,0.022317905214544593,-0.04965225288119207,-0.11744659123800352,0.23094005071457543,0.3225038679667554,0.31805995598471926
2021-07-11,34258.99,0.022317905214544593,1.3168238962661125,1.9171878460950469,4.681370491173947,7.761792961316537,88.71,0.8870999999999999,-3.7942704911739473,-0.034819738727865,-0.08765494535716171,-0.06370733796849906,0.190824232944877,0.2856294836486842,0.303245700349387
2021-07-12,33086.63,-0.034819738727865,1.180788191217552,2.026146423719804,4.634727008936982,7.7902328843588,90.51,0.9051,-3.7296270089369816,-0.01084421199366593,-0.048504787490490774,-0.024438894246522333,0.1858786962896689,0.31882478168996253,0.3042146048641555
2021-07-13,32729.77,-0.01084421199366593,1.161161626468091,1.885944733475509,4.283594017041694,7.792712385360709,90.81,0.9081,-3.375494017041694,0.002753633750060858,-0.02949321273092485,0.027255074664467478,0.179059676320745,0.3049318853658009,0.3222297764218226
2021-07-14,32820.02,0.002753633750060858,1.144866177208536,1.8280305348472063,4.223210434794803,7.697111379440013,86.97,0.8697,-3.353510434794803,-0.029059841124266395,-0.062237495313086776,0.04288550565786021,0.15198135851189676,0.37598694445112957,0.3381512466165709
2021-07-15,31880.0,-0.029059841124266395,1.1401554714439337,1.706612642787377,4.255895116145143,7.715911132456685,85.55,0.8554999999999999,-3.400395116145143,-0.015684787261425026,-0.06779433835681141,0.10419666424142411,0.21995604247325365,0.38962534600806537,0.34336565658396834
2021-07-16,31383.87,-0.015684787261425026,1.0486193912066522,1.7253131608407934,4.175958315910157,7.623251800857554,82.59,0.8259000000000001,-3.3500583159101573,0.004330419138805793,0.02394760738866271,0.17102493684012668,0.2639177264966329,0.4032963585788888,0.4062234904427676
2021-07-17,31520.07,0.004330419138805793,1.0367721649910375,1.6555478786923914,4.174816493736399,7.6176200904558256,82.78,0.8278,-3.3470164937363993,0.008167362765899914,0.024065893243968326,0.2246090346255508,0.3067746945525975,0.3758687354473416,0.4231027066234313
2021-07-18,31778.56,0.008167362765899914,0.9578317693653273,1.62833254348827,4.008948718817638,7.018647596055331,83.52,0.8351999999999999,-3.1737487188176376,-0.029990648832101084,0.056748287395392234,0.23057648602710362,0.33832612577541565,0.3410910449225896,0.4069321072893503
2021-07-19,30839.65,-0.029990648832101084,0.8962174707584574,1.4823854112245927,4.0456793904594255,6.780821661977286,88.46,0.8845999999999999,-3.1610793904594257,-0.03461668416799106,0.1051230009709471,0.2604901695320468,0.35070407057460007,0.37129063940318485,0.4277086729316232
2021-07-20,29790.35,-0.03461668416799106,1.0943800913695552,1.595607754796917,4.098900959968185,6.620114129964888,91.49,0.9148999999999999,-3.1840009599681856,0.07605715848404894,0.17199100259823558,0.34838664195257885,0.43995045920475895,0.4508568801466564,0.4830967232365537
2021-07-21,32144.51,0.07605715848404894,1.8183268456185215,2.1487277820173243,3.7082896504206166,6.776953249530721,87.86,0.8786,-2.8296896504206166,0.0044487049941116285,0.14707732945146396,0.25453157091337614,0.34933682161718316,0.428138084095876,0.3850363614709879
2021-07-22,32287.83,0.0044487049941116285,1.73358099901081,2.074911462977362,3.6702234944732504,6.613561279489299,84.64,0.8464,-2.8238234944732503,0.040849756917323884,0.20054314138158227,0.21031759053619128,0.3432636759364849,0.41348798916165336,0.2868729265027327
2021-07-23,33634.09,0.040849756917323884,1.8773878029143962,2.1503924270110217,3.6911335936732628,6.30062356653999,81.75,0.8175,-2.873633593673263,0.01838406474345351,0.1738281986317113,0.15180460165627765,0.2776768107013335,0.38115032445024516,0.19153231735958678
2021-07-24,34258.14,0.01838406474345351,1.9081668531423464,2.1716346979939716,3.66667172761,6.306078661966345,81.31,0.8131,-2.85357172761,0.03225131745929758,0.15536716856109983,0.10909585285403658,0.33310143879326937,0.3678231909720907,0.23983876392981301
2021-07-25,35381.02,0.03225131745929758,1.999101534824964,2.216720245079437,3.265966329059568,6.319978317646019,83.9,0.8390000000000001,-2.426966329059568,0.05114348533727734,0.17639563935434327,0.11575937823182941,0.28542868176664116,0.29821086750701675,0.2374882577330583
2021-07-26,37237.6,0.05114348533727734,2.1500758542296827,2.3293844538491677,3.3832317154525575,6.385490562650599,87.68,0.8768,-2.5064317154525577,0.05791451692422995,0.10745424146191215,0.0928927896565062,0.2322714217387621,0.27395665652559326,0.13946603121361043
2021-07-27,39457.87,0.05791451692422995,2.325872864621231,2.5704770698777706,3.2815264237331228,6.3100899431881885,91.84,0.9184,-2.3631264237331226,0.014134814167452743,0.009774449154608882,0.08216565992704684,0.1512597008217908,0.17158663658244933,0.07827757549069805
2021-07-28,40019.56,0.014134814167452743,1.8360818804761465,2.584087689942008,3.2906639166828984,6.2895879968031245,95.68,0.9568000000000001,-2.3338639166828985,-7.696532715802908e-05,-0.02202359697543378,0.10774963974831196,0.11051455889548589,0.2038774776023032,0.07556665822145651
2021-07-29,40016.48,-7.696532715802908e-05,1.834114262433998,2.523742896531881,3.1995416079874737,6.264282960979702,93.24,0.9323999999999999,-2.2671416079874738,0.05327978825254109,-0.0462713157070632,0.0902139010425533,0.11080046987113798,0.2003909306695125,0.05188044250629714
2021-07-30,42206.37,0.05327978825254109,1.9470586134513734,2.7047406912210508,3.3249579798857707,6.289887698120098,93.49,0.9349,-2.390057979885771,-0.017797912555153794,-0.06063626112251381,0.09156381725218013,0.10247023819407743,0.14449971664793523,-0.028351983159630917
2021-07-31,41461.83,-0.017797912555153794,1.9450697342840744,2.7247746715387464,3.230102626523648,6.292404671360693,89.55,0.8955,-2.3346026265236484,-0.03976527538307319,-0.014561451805405818,0.09480525070380698,0.17360651318249987,0.1250106736014552,0.0015050714339709052
2021-08-01,39845.44,-0.03976527538307319,1.9951963795339365,2.824396491189729,3.314379781821322,6.3220675120290855,89.3,0.893,-2.4213797818213223,-0.017663231962589804,0.07239121077243788,0.13294608540029357,0.20317039862546213,0.16728392723032054,0.09517592479325569
2021-08-02,39147.82,-0.017663231962589804,1.7719961576682692,2.786179563799255,3.294886675445206,6.275779719022284,88.52,0.8852,-2.409686675445206,-0.024324684058787516,0.12977323672374563,0.1258722090450558,0.22934572279396756,0.22060112577994193,0.20680213830003158
2021-08-03,38207.05,-0.024324684058787516,1.4600321955177986,2.7461570592975733,3.3103663873006752,6.174601744730448,89.04,0.8904000000000001,-2.419966387300675,0.03891484283709042,0.13648521674961653,0.22400558593923295,0.25872733811805415,0.253821088382348,0.22054563230162608
2021-08-04,39723.18,0.03891484283709042,1.6160175740972893,2.4459577820567775,3.275511140954399,6.18023794679016,91.94,0.9194,-2.356111140954399,0.028276896761954197,0.15220007837469396,0.1696693035348118,0.1824514892751873,0.2300709088849564,0.1934243321301448
2021-08-05,40862.46,0.028276896761954197,1.7039244093216923,2.503464303789069,3.306347483097226,6.201949358873036,96.09,0.9609000000000001,-2.345447483097226,0.04718738719477047,0.10936670250921295,0.13937863208225582,0.181063866869087,0.2001225873460228,0.1861886124743852
2021-08-06,42836.87,0.04718738719477047,1.6370543313233474,2.5438129113438586,3.4211570234487807,6.143924536064482,93.62,0.9362,-2.4849570234487808,0.03971879398871793,0.06055487462785581,0.06909404089474398,0.08942097665540248,0.1891581898167386,0.18363859586427347
2021-08-07,44572.54,0.03971879398871793,1.7720454435150785,2.6312433040504772,3.4584875044301295,6.189829364971974,97.27,0.9727,-2.4857875044301294,-0.01761270403291667,-0.003901027678689873,0.002764919147173985,0.0961278378539913,0.16681223699274159,0.21592614514616362
2021-08-08,43794.37,-0.01761270403291667,1.6359109337336366,2.58011882982443,3.432814449675277,5.80826661414678,95.99,0.9599,-2.472914449675277,0.05462970446216788,0.08752036918961627,0.02058656882858483,0.11017702962695924,0.06773875840898985,0.20549343792757505
2021-08-09,46253.4,0.05462970446216788,1.9109254307779766,2.606071062880885,3.5835697215873568,5.8898393511356835,106.97,1.0697,-2.5138697215873567,-0.01455647910352678,0.017469225160117726,0.010906420941897406,0.05293589939575502,-0.004443911982036134,0.1539492226069997
2021-08-10,45584.99,-0.01455647910352678,1.8743023514630774,2.3758584378385312,3.568964800764037,5.886657746525348,103.35,1.0334999999999999,-2.5354648007640375,-0.0016244406865866849,0.030011929573042814,0.0788012624786928,0.030205422897648018,0.017616216700702802,0.18684008962881168
2021-08-11,45511.0,-0.0016244406865866849,1.7208222589784603,2.360665594019411,3.5065569621771875,5.811767044227018,100.53,1.0053,-2.5012569621771874,-0.02473710831782772,0.008539166266888405,0.07022431322516848,0.0343378418300269,-0.014610176825807064,0.1831598304387056
2021-08-12,44399.0,-0.02473710831782772,1.7008039112907638,2.4075074947638773,3.5321907226059155,5.5520760985147435,98.06,0.9806,-2.5515907226059156,0.07380869283538957,0.006665946825863971,0.1034735137489119,0.094728916734886,0.017297891056021808,0.25806961609852297
2021-08-13,47800.0,0.07380869283538957,2.0170339161275526,2.597763018928667,3.8028966110302926,5.683091501176572,100.3,1.003,-2.7998966110302925,-0.015421439567330678,-0.06693380036103158,0.03472175217882141,0.02981550244311527,-0.03783569783455868,0.1582712283064181
2021-08-14,47068.51,-0.015421439567330678,1.8919336041967028,2.5922109899796504,3.7736711676992387,5.68799062249162,97.48,0.9748,-2.7988711676992386,-0.002013774690601655,-0.006562804218220357,0.012782185740375585,0.06040160535014461,-0.04625968942409699,0.19786502517767002
2021-08-15,46973.82,-0.002013774690601655,1.8621673562464014,2.4786834904398285,3.7619515787626083,5.620578932563235,98.69,0.9869,-2.7750515787626084,-0.023097203992741226,0.04878933290564984,0.041685234786831275,0.0607439552637669,0.0029271318638788655,0.1995464979000121
2021-08-16,45901.29,-0.023097203992741226,1.6040823183178798,2.494938092605518,3.786839778934085,5.63642158356621,98.3,0.983,-2.8038397789340848,-0.02661032775885209,0.06168514695828012,0.020326935760658426,0.12006414892199445,0.04723397117608968,0.2953436081088536
2021-08-17,44695.95,-0.02661032775885209,1.6595782059526265,2.503439459298539,3.8176259471509395,5.535877320034259,96.68,0.9668000000000001,-2.8508259471509394,0.00020894564849409231,0.09680756692304794,0.09336291870681732,0.16404731784556761,0.06584106236676053,0.30894905132072437
2021-08-18,44705.29,0.00020894564849409231,1.659292798813085,2.3904982407834336,3.7743858528631615,5.532947704134002,95.81,0.9581000000000001,-2.8162858528631616,0.0449495565754806,0.10165555253985296,0.08959046079837452,0.04715218958040516,0.056418033528438265,0.3194058800157709
2021-08-19,46760.62,0.0449495565754806,1.8075865129394395,2.4819554682593568,3.813931373037253,5.598844666345544,94.5,0.945,-2.868931373037253,0.05333836243326847,0.019344989958596022,0.04202947845385773,-0.015350332923933587,0.03223984308989727,0.2822516864176032
2021-08-20,49322.47,0.05333836243326847,1.5222904083791986,2.5270128425182485,3.6705691934810316,5.217709299639896,93.06,0.9306,-2.7399691934810315,-0.010201389940111036,-0.007104098118818598,-0.04859583958104467,-0.06118504577798988,-0.04310172262488813,0.26487796127571367
2021-08-21,48821.87,-0.010201389940111036,1.5061701252688904,2.4182558195817974,3.674757059731394,5.19368654689799,92.71,0.9270999999999999,-2.7476570597313943,0.008512092205915797,-0.04135821119762155,-0.035886471395141624,-0.08483449005097553,-0.12661506265892056,0.3014977372295732
2021-08-22,49239.22,0.008512092205915797,1.51443540682886,2.400246209064105,3.594608368081234,5.1522496568220495,94.83,0.9483,-2.646308368081234,0.005056931265299252,-0.003444648216230635,-0.008744597014025714,-0.08617562269289,-0.18961800709065835,0.23355440465223645
2021-08-23,49488.85,0.005056931265299252,1.4519394201614853,2.163609984206704,3.5787124572540407,5.123637810165717,93.64,0.9364,-2.642312457254041,-0.03736100600577641,-0.012065091741478498,-0.004906249735706188,-0.07255745001338011,-0.12798442704227778,0.20400221836260715
2021-08-24,47674.01,-0.03736100600577641,1.5359529411506612,2.2612720444701706,3.5968058556516427,4.85834832281515,92.85,0.9285,-2.6683058556516426,0.026889274355853948,0.02268448849526178,0.04761941960976916,-0.05904187516447255,-0.06072260977395849,0.2511772838263488
2021-08-25,48973.32,0.026889274355853948,1.619580987376364,2.3186839299188575,3.4994578097218256,4.867490298137956,93.62,0.9362,-2.5632578097218257,-0.044455503018913885,-0.041491741462226055,0.019058720476935798,-0.038758102922952294,-0.13449062531198286,0.21717264189703273
2021-08-26,46843.87,-0.044455503018913885,1.6145959868252795,2.4236932979304253,3.426851052574178,4.74465212699387,93.87,0.9387000000000001,-2.488151052574178,0.04642565518730656,0.005471739802479919,0.09973721316133603,0.026907035415431137,-0.09330906109175138,0.29756426438043754
2021-08-27,49069.9,0.04642565518730656,1.5346666746683824,2.1616127983015407,3.529459354441821,4.825510578914496,90.92,0.9092,-2.6202593544418207,-0.0035635122599486395,-0.005299948797795039,0.07068439913875031,-0.02752185634005664,-0.12831081938084674,0.20656395521675447
2021-08-28,48895.35,-0.0035635122599486395,1.5237623989002589,2.142521947274935,3.530115602736571,4.764323946786916,90.11,0.9011,-2.629015602736571,-0.002611425769036323,0.007158842005772258,-0.04243827121796941,-0.03317242726993619,-0.1485104881632155,0.1778637004082755
2021-08-29,48767.83,-0.002611425769036323,1.5158808154183696,2.1427573936426763,3.380542371013549,4.741667669736458,90.6,0.9059999999999999,-2.4745423710135492,-0.03728695560163383,0.024934931114507387,-0.057379811377791315,-0.009789635363960368,-0.172851699807566,0.21682608495885988
2021-08-30,46982.91,-0.03728695560163383,1.6721322886041021,2.2145325625086807,3.438010030681953,4.717359001490633,92.08,0.9208,-2.5172100306819534,0.0025079782457921107,0.060550461939161804,-0.012589206196945191,0.005494116956156626,-0.12350560216748427,0.28143421339839436
2021-08-31,47100.89,0.0025079782457921107,1.5128909025968642,2.155919831670399,3.35336288723797,4.714886636139933,91.08,0.9107999999999999,-2.44256288723797,0.03565396658703159,0.09426547335885585,-0.048948018655833876,-0.09072859126377907,-0.07210800243706487,0.272568776277906
2021-09-01,48810.52,0.03565396658703159,1.5776316925480736,2.2609653540032624,3.4051661246647082,4.738294475925956,93.65,0.9365000000000001,-2.468666124664708,0.008895278543618722,0.0759843479365455,-0.07743102567886424,-0.18087341007663263,-0.013798987479910188,0.22783071689719592
2021-09-02,49246.64,0.008895278543618722,1.3403194588992668,2.0984223723017066,3.377583511400459,4.729333567708497,92.82,0.9281999999999999,-2.449383511400459,0.015164663339698799,-0.0495971132237416,-0.06765120027767385,-0.1230781773065716,-0.033275456080721806,0.2125744463504228
2021-09-03,49999.14,0.015164663339698799,1.0457985366914901,1.8571204542742432,3.307455988250131,4.654915503930017,90.15,0.9015000000000001,-2.405955988250131,-0.0016714247769793876,-0.08231474249229875,-0.10666129477424177,-0.10834202938372763,-0.03664657675481156,0.23461474332944293
2021-09-04,49915.64,-0.0016714247769793876,1.0440686133434143,1.8471413366797658,3.263194300891497,4.645467761631126,91.3,0.9129999999999999,-2.350194300891497,0.036222989665486205,-0.07313966813610713,-0.05781682339988805,-0.15354934578891863,-0.013933974871637486,0.23115581979303032
2021-09-05,51756.88,0.036222989665486205,1.2516023543525228,1.9658085105050895,3.2116395021755095,4.692434727412527,93.37,0.9337000000000001,-2.2779395021755096,0.017372841164721087,-0.1432134920146899,-0.07283017774590486,-0.19304627425308732,-0.005519593952465002,0.17077119132344498
2021-09-06,52663.9,0.017372841164721087,1.0812980278054563,1.9912889834296683,3.138307400832994,4.67012945863629,92.86,0.9286,-2.209707400832994,-0.11668618261666851,-0.1534153736154098,-0.09820625547880703,-0.19899521851959712,0.04911390815342179,0.14591230150773446
2021-09-07,46863.73,-0.11668618261666851,2.477221708767043,2.902665374711157,3.8347705882858785,5.1468126554870635,95.16,0.9516,-2.8831705882858785,-0.017552965928858206,-0.01805408705393229,0.009265843948033071,-0.10607221694524602,0.13775467951858525,0.2713151456928345
2021-09-08,46048.31,-0.017552965928858206,2.405222725946193,2.8764593024654697,3.705214797549274,5.1546666861646635,92.31,0.9231,-2.7821147975492737,0.007503649579212201,-0.024346552281942966,0.04759017601383082,-0.11547188842977471,0.15839313458903598,0.31777695971263814
2021-09-09,46395.14,0.007503649579212201,2.4034905065094994,2.75194892154366,3.6975434665011746,5.139001599120028,91.95,0.9195,-2.778043466501175,-0.03385083421309653,0.015322844736218946,0.018083323153101787,-0.11091639597053905,0.16922387292810886,0.37531547897979706
2021-09-10,44850.91,-0.03385083421309653,2.4720587536045096,2.684170087870503,3.7535463695668665,5.136638207766039,90.57,0.9057,-2.8478463695668665,0.007170959564001218,0.07038331426878494,-0.041780572607945134,-0.023159983781231006,0.19777000726451277,0.40056724191601323
2021-09-11,45173.69,0.007170959564001218,2.4756461916792825,2.686801692671972,3.726194730161713,5.134286558807195,89.46,0.8946,-2.831594730161713,0.018675103944809108,0.05520911813660274,-0.10344238439776837,0.06363203819895406,0.24077172504250102,0.36206202514852953
2021-09-12,46025.24,0.018675103944809108,2.4035812798295413,2.7099283057246724,3.4674782539869398,5.146399525499163,92.13,0.9213,-2.5461782539869398,-0.023845431156868976,0.027319931001965482,-0.05542697702889774,0.034375744196952045,0.19610692614097675,0.3417183605595101
2021-09-13,44940.73,-0.023845431156868976,2.4237534827873217,2.6540132573632036,3.4848445481481796,5.136607402428438,92.14,0.9214,-2.56344454814818,0.047173046597374216,0.07193672829577387,-0.0016807346094859016,0.07001471801943007,0.24412471460176696,0.35544659517084726
2021-09-14,47111.52,0.047173046597374216,1.3103802124069643,2.8024495883877067,3.5992908333698783,5.206455049660461,90.9,0.909,-2.690290833369878,0.021209635319469546,0.0027604784168827265,-0.0957325223890306,0.04388284852825059,0.19661936603613328,0.3122854687673051
2021-09-15,48121.41,0.021209635319469546,1.3299744875184,2.748441103399865,3.595047809068452,5.2215442410081545,90.32,0.9031999999999999,-2.691847809068452,-0.00800323656818104,-0.11216388687673011,-0.12021609650718254,0.06731058379343972,0.24810963693276383,0.308614510763908
2021-09-16,47737.82,-0.00800323656818104,1.331037116884327,2.747439975942155,3.5622026432414433,5.2214514786481,84.17,0.8417,-2.7205026432414434,-0.009214083189828333,-0.1586515025343712,-0.1007889630407901,0.14732016363222894,0.24310798895396374,0.2869954837192614
2021-09-17,47299.98,-0.009214083189828333,1.1766062361906064,2.7377868281360596,3.5665473488148542,5.19290367305536,82.35,0.8234999999999999,-2.743047348814854,0.02077136613693967,-0.08274690803086317,-0.11533806089327926,0.1284888355705521,0.2629878464873327,0.23881537519455742
2021-09-18,48292.74,0.02077136613693967,1.2341442729432857,2.7662133238083513,3.4842890597312772,5.1658825741591246,84.7,0.847,-2.6372890597312773,-0.0220032032815168,-0.07361746290525979,-0.16306206444360566,0.11080295857520497,0.2500118433277058,0.2227947009862251
2021-09-19,47241.75,-0.0220032032815168,1.254004112713591,2.711038414233486,3.358357287295622,4.975102197268274,85.72,0.8572,-2.501157287295622,-0.09371472997414354,-0.09849300080591344,-0.1289997191236409,0.15114054977500702,0.3079796839006019,0.18587001884321053
2021-09-20,43015.62,-0.09371472997414354,2.137891511415635,3.2318974395711724,3.800812175455216,5.286777150697231,91.76,0.9176000000000001,-2.883212175455216,-0.054490852225822076,-0.008052209630452386,0.018620588826714177,0.2395505798724579,0.4281127998884939,0.2997799892779627
2021-09-21,40734.38,-0.054490852225822076,2.2004827407195724,2.5610975368525972,3.937448944929731,5.331483237693606,96.26,0.9626,-2.974848944929731,0.06669051131367976,0.057862539493580986,0.16707442259672237,0.3442141094402695,0.4231724117428948,0.38238535481156477
2021-09-22,43543.61,0.06669051131367976,2.510241504587049,2.8407999839484095,4.137336471816192,5.470350622467056,88.73,0.8873000000000001,-3.2500364718161916,0.029900811262542855,-0.03259115286241611,0.08980272122584969,0.25153390316987456,0.331986645404885,0.29734742928401897
2021-09-23,44865.26,0.029900811262542855,2.569876429643556,2.8941189799594023,4.115142901251969,5.465474678467957,83.84,0.8384,-3.2767429012519687,-0.04687874118217047,-0.08944460153834584,0.07169545262891609,0.24580544921125289,0.3118998936003072,0.2260921305979818
2021-09-24,42810.57,-0.04687874118217047,2.715769980199537,2.9596974204123674,4.180026794414154,5.4514978642611,86.92,0.8692,-3.3108267944141536,-0.00327393879868255,-0.0305067183177275,0.13961537091728105,0.29235188842516385,0.35166326720901564,0.2957173947678648
2021-09-25,42670.64,-0.00327393879868255,2.687348094150791,2.9571864779845383,4.093310375506194,5.338398445859526,85.88,0.8588,-3.234510375506194,0.011423896898211428,0.026672798457166542,0.1875266803006224,0.3683257334399464,0.3908733254721889,0.29196337394285193
2021-09-26,43160.9,0.011423896898211428,2.663224137978985,2.9436863154583084,4.002015076921601,5.336029236292159,89.12,0.8912,-3.1108150769216008,-0.023763181042317418,0.1092118831031413,0.24810912667301893,0.3438969519947539,0.3348747745976012,0.3119303608830495
2021-09-27,42147.35,-0.023763181042317418,2.0231855419594913,2.943443536366367,4.027108277906153,5.355307390866041,89.25,0.8925,-3.1346082779061533,-0.026952637413386934,0.12239387408826587,0.24382689646383132,0.3783259073806119,0.326374188571491,0.2427351087135644
2021-09-28,41026.54,-0.026952637413386934,1.8096007026515355,2.848996138158431,4.05958917261485,5.282833612052308,92.27,0.9227,-3.1368891726148505,0.012059142038448096,0.16114005416726188,0.2738650230188107,0.41307390777131153,0.38967778476642595,0.288028921878407
2021-09-29,41524.28,0.012059142038448096,1.3055080217089738,2.829428141179403,4.003233428764122,5.276911109374903,91.77,0.9177,-3.085533428764122,0.053905577976211407,0.17012208923500854,0.28014026889864796,0.4369794030242427,0.4049398155658787,0.3215838167858112
2021-09-30,43824.1,0.053905577976211407,1.5616148613103251,3.0071424706359986,4.133304149180094,5.3225225075272675,90.97,0.9097,-3.223604149180094,0.09396298154418624,0.16085388184345586,0.22092999104574368,0.4094922110617796,0.34467677871497077,0.27639389720914703
2021-10-01,48141.61,0.09396298154418624,2.204339196221816,3.4977875689287994,4.454527307884419,5.606957274070498,85.84,0.8584,-3.596127307884419,-0.01058119005719298,0.13889724356987765,0.177139686843547,0.2560979891461725,0.24162970437710607,0.16803664711485516
2021-10-02,47634.9,-0.01058119005719298,2.2127053471566205,3.481078099162871,4.455872364830273,5.591320855409962,83.97,0.8397,-3.616172364830273,0.01179354266560912,0.12143302237556544,0.1617311819440247,0.24218392417903517,0.2458499024311446,0.18270967723509932
2021-10-03,48200.01,0.01179354266560912,2.213413080889347,3.4629409864688685,4.452148645678154,5.546250325889147,85.56,0.8556,-3.596548645678154,0.02104117710619458,0.1127249688515488,0.17410999658233683,0.24020444097139115,0.2712613200842544,0.15853338447148307
2021-10-04,49224.94,0.02104117710619458,2.2033345021423867,2.9913145380459336,4.470145941794569,5.534495621672602,89.62,0.8962,-3.573945941794569,0.04463737058465869,0.11001817966363947,0.1527365175078826,0.21204789629173457,0.24508979466466785,0.08516825180551504
2021-10-05,51471.99,0.04463737058465869,2.3058168286704355,2.9311168435285406,4.49783804114496,5.526768978011011,92.68,0.9268000000000001,-3.57103804114496,0.07200634327060802,0.06007610920228791,0.18079905313932412,0.2033466451715666,0.17629078527590986,-0.04611067656229726
2021-10-06,55315.0,0.07200634327060802,2.6751084657304482,2.976668691367783,4.691788333211686,5.644630289557008,89.38,0.8937999999999999,-3.797988333211686,-0.02804541125150523,0.03824244327366947,0.0957878253217348,0.08676564792458218,0.09679839335431255,-0.11316798955072312
2021-10-07,53785.22,-0.02804541125150523,2.5263952826335965,2.9700697128482614,4.162961556314922,5.660010104596844,88.13,0.8813,-3.2816615563149223,0.00308548914159256,0.04029815956845925,0.13449901091678076,0.08254729210765971,0.13356046617424933,-0.06417613283534933
2021-10-08,53951.43,0.00308548914159256,1.7786364775162082,2.832429877534678,4.149851189432127,5.5632617761893375,88.19,0.8819,-3.267951189432127,0.018334387918285084,0.06138502773078797,0.1392088847525008,0.11581276174761519,0.1593838251236021,-0.06435102437844553
2021-10-09,54949.72,0.018334387918285084,1.8014928285091902,2.8533211113552475,4.1621398736643735,5.567336527875103,87.42,0.8742,-3.2879398736643735,-0.005304699876692706,0.042718337844243295,0.15683913412559464,0.12479954666723077,0.20609160605168822,-0.08501590685765681
2021-10-10,54659.0,-0.005304699876692706,1.790217992679766,2.846766222921447,4.1128376509723195,5.568172401402826,89.23,0.8923000000000001,-3.2205376509723194,0.05017267734198954,0.12072294393703617,0.18856222001603598,0.12374678766922712,0.20279723465150049,-0.13942484520768525
2021-10-11,57471.35,0.05017267734198954,1.990501746735307,2.96930633853891,4.220838527866546,5.630275752164147,90.49,0.9048999999999999,-3.3159385278665456,-0.02598969495671528,0.057545382048065294,0.07895830230262527,0.06449001753355915,0.12129030010602841,-0.19815321007845788
2021-10-12,55996.93,-0.02598969495671528,1.8658459292116292,2.966171316518214,4.234940980365526,5.473402100070088,93.37,0.9337000000000001,-3.3012409803655256,0.024172357303921338,0.09420085134832136,0.08045274223501037,0.0841187204871198,0.14561143441853328,-0.12554909572145115
2021-10-13,57367.0,0.024172357303921338,1.342444843410818,2.9930525322858954,4.235617425587196,5.484942707147997,95.0,0.95,-3.285617425587196,-0.00033230196825961595,0.07782385702171281,0.0660944443890543,0.09715132350191755,0.11132188056908025,-0.1363688003043654
2021-10-14,57347.94,-0.00033230196825961595,1.230897844624604,2.8102993840540877,4.138630464560678,5.484811448479351,97.87,0.9787,-3.159930464560678,0.07269990621610015,0.11412079628135145,0.05931137878385189,0.0923532771567853,0.11566610273117192,-0.20533387368874492
2021-10-15,61672.42,0.07269990621610015,1.8549287015720317,2.5698848626090176,4.346630102147767,5.6407058064026865,90.71,0.9070999999999999,-3.439530102147767,-0.013004884546981205,0.06783927607899985,0.022547592032242412,-0.004508267863414071,0.060504873831144106,-0.24350960367217322
2021-10-16,60875.57,-0.013004884546981205,1.8384224708025054,2.5739412565794177,4.351039611699109,5.623240469168206,86.8,0.868,-3.4830396116991094,0.010665774343540647,0.02141292025456006,-0.009022177397152602,0.001010568032577845,0.04388749476529784,-0.21977096030879711
2021-10-17,61528.33,0.010665774343540647,1.846902293090518,2.572144735728801,4.3522499225614215,5.626929836045067,89.66,0.8966,-3.4556499225614217,0.007795362977312687,-0.01374810911331086,-0.051951718809120855,-0.0009385447425313686,-0.02417247129277525,-0.25598493708052167
2021-10-18,62009.84,0.007795362977312687,1.5856905998671105,2.544899189017755,4.336678506690441,5.5630073451465,92.4,0.924,-3.412678506690441,0.035964637291379095,-0.011729412632658387,-0.02339612300488561,0.02017494037110145,-0.027217142341480812,-0.2958035714577995
2021-10-19,64280.59,0.035964637291379095,1.655288903462277,2.4942659011181942,4.370604093989991,5.511872986157581,94.15,0.9415,-3.429104093989991,0.0264183860137485,-0.05480941749749956,-0.03203958745836397,0.049252471926093604,-0.12210966505739128,-0.3166380356291135
2021-10-20,66001.41,0.0264183860137485,1.6677696692093116,2.1409376046804427,4.018871798264958,5.53150103714878,93.04,0.9304000000000001,-3.088471798264958,-0.05943124037142096,-0.04529168404675734,-0.06481543234680881,0.014235014635464418,-0.12833281061053106,-0.34633394874898377
2021-10-21,62193.15,-0.05943124037142096,2.017578193222626,2.3634151708214475,4.044349094199521,5.644489683725248,92.52,0.9251999999999999,-3.119149094199521,-0.024495255024330125,-0.030435097651712643,-0.014468284769066296,0.042331997803403,-0.040787056931330036,-0.2819253162027519
2021-10-22,60688.22,-0.024495255024330125,1.5363926214668109,2.408581070923992,3.86683114718542,5.663032421050031,86.73,0.8673000000000001,-2.99953114718542,0.009814059457965237,-0.03820360969581008,0.003665978252109281,0.06515869218352294,-0.034639216120865936,-0.21617918794096772
2021-10-23,61286.75,0.009814059457965237,1.5277192732140223,2.390339590706971,3.8289955623749163,5.620997074755623,86.31,0.8631,-2.965895562374916,-0.007115367573461971,-0.011666710372227175,0.031056879112863353,0.04522743618002593,-0.0858077630023253,-0.23218378967004644
2021-10-24,60852.22,-0.007115367573461971,1.5201590782300722,2.3920559574032367,3.7252592428189755,5.59912318387696,89.88,0.8987999999999999,-2.8264592428189754,0.03593611946449075,0.02276983003913563,0.03304189837293336,0.05635472394732021,-0.05594587244115086,-0.17978826264235712
2021-10-25,63078.78,0.03593611946449075,1.6613446744956046,2.2966237841627053,3.7874802730482777,5.576755028594722,84.45,0.8445,-2.9429802730482777,-0.044574653976376374,-0.019523748300051515,-0.027055859895656578,0.037957281798901565,-0.09890995152933699,-0.21609444349581464
2021-10-26,60328.81,-0.044574653976376374,1.7358494812810632,2.3985734876357414,3.8758987033914987,5.571240026678056,89.01,0.8901,-2.9857987033914988,-0.03226376706842764,0.015966812882646345,0.010032745429730348,0.05290967216245049,-0.022944413714551734,-0.17982533838863402
2021-10-27,58413.44,-0.03226376706842764,1.7715460919512842,2.433070328914149,3.898259399989098,5.604821801947286,88.45,0.8845000000000001,-3.013759399989098,0.03635095878154798,0.04186958794791945,0.05101317406658952,0.02777924751634579,-0.0836390798579267,-0.14013224250463235
2021-10-28,60575.89,0.03635095878154798,1.5269175843115812,2.530236960256369,3.9260135254473427,5.647463718556074,89.87,0.8987,-3.027313525447343,0.027321172837900806,0.042723589485090356,0.04357106337598697,-0.003821019336595207,-0.10164886288801894,-0.17794264656391504
2021-10-29,62253.71,0.027321172837900806,1.5443198768596822,2.1783999103382197,3.953853286119851,5.6266183177229365,87.58,0.8758,-3.078053286119851,-0.006357458874696461,0.010272068333797743,0.08129205938445735,-0.09007007759902734,-0.08335599878006747,-0.2695680025316139
2021-10-30,61859.19,-0.006357458874696461,1.5376998852094097,2.1675901629972887,3.819304515038644,5.627725132611218,87.17,0.8717,-2.947604515038644,-0.009084092793678443,-0.0075321115956050524,0.07905044698227334,-0.06351737826372232,-0.06828288150582378,-0.2861686494408792
2021-10-31,61299.8,-0.009084092793678443,1.541480334427998,2.164958485642059,3.375589838181857,5.589044667232909,87.64,0.8764,-2.499189838181857,-0.006360992003154558,-0.005934067452915876,0.0568002825724694,-0.02631877216226376,-0.07359305726225089,-0.2630605776237664
2021-11-01,60911.11,-0.006360992003154558,1.3854846164678405,2.1632461140480403,3.3717220359726268,5.587782030423299,85.45,0.8545,-2.517222035972627,0.03720496031871912,0.009143586118670112,0.061492713931413576,-0.0383051943729754,-0.06314022519604527,-0.27606940711328687
2021-11-02,63219.99,0.03720496031871912,1.3036815236929677,2.170888973872721,3.438455875464777,5.625353888488445,87.23,0.8723000000000001,-2.566155875464777,-0.005130348313391929,0.0008474738908964268,0.014170557067162633,-0.11686464211518871,-0.11272793561277154,-0.2812144206502272
2021-11-03,62896.48,-0.005130348313391929,1.1529290937754244,2.1136747742218267,3.4162829093250093,5.626117103072829,85.84,0.8584,-2.5578829093250093,-0.024161638804099172,0.07101999105065973,0.023312825574386874,-0.08898777081408421,-0.15992154285915297,-0.28527212508042804
2021-11-04,61395.01,-0.024161638804099172,1.0295721387697578,1.8416015036404723,3.3401810944238672,5.602442037890027,84.73,0.8473,-2.492881094423867,-0.007486048650989339,0.08658255857787847,0.06501314169455817,-0.0718540916336804,-0.22240146183820728,-0.2790360610059261
2021-11-05,60937.12,-0.007486048650989339,0.8988997492639084,1.786881261105679,3.0470922637761966,5.594430178992856,85.71,0.8571,-2.1899922637761966,0.008716661568431403,0.06273435002538533,0.042876926732719964,-0.03297715914428207,-0.2099663829050356,-0.2848597575467684
2021-11-06,61470.61,0.008716661568431403,0.9060911762920622,1.7848031142754555,3.0042328595226464,5.1337767767591505,87.07,0.8706999999999999,-2.1335328595226466,0.02890884809094554,0.05234912781274335,-0.023233926550243852,-0.13465225392451613,-0.19773659900959853,-0.34692231613190305
2021-11-07,63273.59,0.02890884809094554,1.0468617366761825,1.8633521183997739,3.0540102377369367,5.152498755616857,86.59,0.8659,-2.188110237736937,0.06504216884637133,0.013323083176266242,-0.047392082712582204,-0.14521992626400593,-0.22373484950204772,-0.38435555048002307
2021-11-08,67525.83,0.06504216884637133,1.6202707633271658,2.1318642004034487,3.2784768449977113,5.298284510210172,86.69,0.8669,-2.411576844997711,-0.008599071276880508,-0.04770716547627288,-0.1713621369834847,-0.16464805816452485,-0.291107512909345,-0.4852161181170044
2021-11-09,66947.66,-0.008599071276880508,1.4652749246772772,1.9612792050359424,3.2810255943975624,5.261232031981424,84.68,0.8468000000000001,-2.4342255943975624,-0.03133425720348249,-0.021569416883320175,-0.14256782524599557,-0.14733332848809713,-0.3422220798591857,-0.4738959606482382
2021-11-10,64882.43,-0.03133425720348249,1.5798081064278673,1.9557707300215497,3.19447732280651,5.293407526749444,86.36,0.8636,-2.33087732280651,-0.0016685606442103456,-0.019857423292665335,-0.08311905473473313,-0.1303933398347202,-0.3194435101844863,-0.4381357840458295
2021-11-11,64774.26,-0.0016685606442103456,1.5112009791660204,1.828591585992693,3.1558132250536235,5.281465915690706,85.23,0.8523000000000001,-2.3035132250536234,-0.010117196545531833,-0.0755830543629872,-0.09979790830438891,-0.12463293912745886,-0.27116053013998437,-0.43747406910483605
2021-11-12,64122.23,-0.010117196545531833,1.5167841013449994,1.7631377624336886,3.1278182678118323,5.265330197850399,88.44,0.8844,-2.2434182678118324,0.004011920193832118,-0.0607151658888483,-0.13103519918235135,-0.12689849267993417,-0.24769068087344567,-0.4059064721196262
2021-11-13,64380.0,0.004011920193832118,1.5095615588554818,1.7606184480825267,3.1287508162697,5.18819272892768,87.74,0.8774,-2.2513508162697002,0.01753867731607232,-0.12365497150721177,-0.11230059638847094,-0.18323436843353974,-0.3209999764199169,-0.3828281153700476
2021-11-14,65519.1,0.01753867731607232,1.444303864134259,1.78379739535347,2.8235140687164053,5.183186755379029,87.22,0.8722,-1.9513140687164054,-0.029622263612827583,-0.12099840836267547,-0.13686723332823872,-0.2874146035327655,-0.3040144775033174,-0.4314242735702192
2021-11-15,63606.74,-0.029622263612827583,0.9285293448300713,1.8674699704957392,2.8689335973920906,5.211748812905305,85.04,0.8504,-2.0185335973920906,-0.057394191714532264,-0.06326163144206787,-0.07585408587700211,-0.2528433096377556,-0.2636584550740949,-0.39012587657448905
2021-11-16,60058.87,-0.057394191714532264,1.4274176711654933,2.0456177093590875,3.0645720873923628,5.32293917561156,87.28,0.8728,-2.191772087392363,0.004750691928607092,-0.02421485394140165,-0.11141832737427233,-0.17450267245935466,-0.2318124657877464,-0.33216681835646017
2021-11-17,60344.87,0.004750691928607092,1.2989953420633988,2.045283000427474,3.062296456275998,5.308901963354698,89.88,0.8987999999999999,-2.1634964562759977,-0.058927885424531284,-0.07032003329350293,-0.09782784355142367,-0.1763427667894655,-0.26858642911631864,-0.3372106995561616
2021-11-18,56891.62,-0.058927885424531284,1.7186720535303712,2.2885720497765942,3.189515540812477,5.410655185047961,90.12,0.9012,-2.2883155408124773,0.020195240460608506,0.011354375118740875,0.0067140788189599,-0.11974537592586029,-0.1945283705717223,-0.29868944543271614
2021-11-19,58052.24,0.020195240460608506,1.7508105276181156,2.3164566720988717,3.172873926039498,5.1203964183870285,85.78,0.8578,-2.315073926039498,0.028114513307780045,-0.015868824965563175,-0.004765503242101492,-0.19965425461319006,-0.21800113813845268,-0.3153248159470297
2021-11-20,59707.51,0.028114513307780045,1.8297453601946585,2.3720759227158124,3.0110509772660303,5.042141170519446,85.44,0.8543999999999999,-2.1566509772660303,-0.018347414213866074,-0.012592454434934272,-0.04727428509998718,-0.23632445544975306,-0.24113825927142182,-0.3599161322606356
2021-11-21,58622.02,-0.018347414213866074,1.8326377878531266,2.333361290803538,2.9950443519936414,4.891081045254957,85.94,0.8593999999999999,-2.1356443519936414,-0.0413544874234942,-0.08720347343287069,-0.024835030823069964,-0.17136262183559553,-0.18153997182010168,-0.3653514532729642
2021-11-22,56247.18,-0.0413544874234942,1.9137665174660452,2.127126942047577,3.0918208376084237,4.921439129823355,88.98,0.8898,-2.2020208376084236,0.022746522987712518,-0.027507810257920717,0.004136706502417251,-0.11665548169109431,-0.14637602666772118,-0.4339431257285811
2021-11-23,57541.27,0.022746522987712518,1.6275782077274268,2.164839954875358,3.119251397045179,4.858732931966575,89.91,0.8991,-2.2201513970451794,-0.007027959623695437,-0.004640296299780939,-0.07093377204506872,-0.20869938003144603,-0.12384239020120623,-0.49511587570214444
2021-11-24,57138.29,-0.007027959623695437,1.6305831071565826,2.0847518240900578,3.0457174406024676,4.8601853407786715,90.42,0.9042,-2.1415174406024677,0.0313908838384089,0.011103321723461616,-0.15054737020452688,-0.16714724417507876,-0.11718449196647764,-0.4551854446883145
2021-11-25,58960.36,0.0313908838384089,1.3232561413422916,2.1690644165599124,2.9851034787793647,4.892180857038358,86.52,0.8652,-2.1199034787793645,-0.09295843321180253,-0.03468183066505291,-0.1769892237607536,-0.18780436919709287,-0.1568809246740823,-0.4751695641405216
2021-11-26,53726.53,-0.09295843321180253,2.180872773202287,2.796702264545416,3.418326995407032,5.184726202716189,86.06,0.8606,-2.557726995407032,0.0183411757514558,0.06236844260980083,-0.06308434508508244,-0.12039413841347416,-0.05649316264670578,-0.37411612929016247
2021-11-27,54721.03,0.0183411757514558,2.142541983306413,2.8175262613477905,3.3653286360540453,5.17097853705088,83.72,0.8371999999999999,-2.5281286360540456,0.04561403694585218,0.031644516760337964,-0.07851492323804178,-0.170758585564895,-0.07629378367589607,-0.3964964789167214
2021-11-28,57274.88,0.04561403694585218,2.286274438242236,2.93012151086385,3.4369197830768408,5.238833210120904,86.32,0.8632,-2.573719783076841,0.008715658399547181,-0.06629347574528774,-0.12645945474482018,-0.20124244939068214,-0.18621200375154653,-0.4326265281747313
2021-11-29,57776.25,0.008715658399547181,2.1518727931678945,2.879767143598647,3.4388067222327017,5.139307215128065,82.85,0.8284999999999999,-2.6103067222327017,-0.014394268550105557,-0.16165069192798856,-0.19488875137108863,-0.21323563489635122,-0.21788576793505549,-0.42647853627880616
2021-11-30,56950.56,-0.014394268550105557,2.125401164141451,2.6770022283896324,3.44541692180698,4.823432856453016,84.08,0.8408,-2.60461692180698,0.004091840063051094,-0.14230739309570067,-0.18905017034976596,-0.19386397417143464,-0.18946752036151548,-0.40021644723126354
2021-12-01,57184.07,0.004091840063051094,2.1225958638265383,2.6766050269843595,3.444160319534289,4.819828813818798,83.64,0.8364,-2.6077603195342887,-0.012382750098007033,-0.12545278769488316,-0.14652759101252566,-0.15670494099703175,-0.21292918191724158,-0.4118056333431748
2021-12-02,56480.34,-0.012382750098007033,2.0498080627104214,2.4398196469314577,3.3783088014204528,4.820368156611395,85.26,0.8526,-2.5257088014204525,-0.05232395555977342,-0.11015943999837974,-0.12079218819351147,-0.1505127331701383,-0.1684864850374556,-0.38409448175151784
2021-12-03,53601.05,-0.05232395555977342,1.4307148882065457,2.608285096424642,3.5217409109118902,4.906490391322158,84.55,0.8454999999999999,-2.6762409109118903,-0.08664155778315352,-0.06016597899953244,-0.13776560798637721,-0.052908618156137455,-0.12535058222127518,-0.32586886045503155
2021-12-04,49152.47,-0.08664155778315352,2.159658951303206,3.0421395326603022,3.8638769164737266,5.107480256369587,87.29,0.8729,-2.9909769164737265,0.004949030282182365,-0.03323805944310006,-0.016599873970551904,0.03336287823804926,-0.05663459916771878,-0.2868141984596739
2021-12-05,49396.33,0.004949030282182365,1.9782904137007657,3.0233563746108723,3.862386541636995,4.919634240569448,89.39,0.8939,-2.968486541636995,0.020946445463868552,-0.04674277725406526,-0.010815145436339301,0.020108299086671354,-0.0748933746417327,-0.2805715916641228
2021-12-06,50441.92,0.020946445463868552,2.011479960319136,2.9456082816188696,3.879489925735593,4.90671551632246,86.84,0.8684000000000001,-3.011089925735593,0.0029105975984963822,-0.0210748033176425,-0.057309793328391666,0.006591182438376657,-0.14918571712230455,-0.1933415901710575
2021-12-07,50588.95,0.0029105975984963822,1.9933684039548547,2.9139059185943803,3.8403770470154015,4.906676512207093,86.0,0.86,-2.9803770470154016,-0.002330494560926045,-0.010632748195131832,-0.09224366232685316,0.0022211395621457527,-0.16062070097797537,-0.20087291201634097
2021-12-08,50471.19,-0.002330494560926045,1.992332485320008,2.9111513071626707,3.6340544426608603,4.894360235557787,87.16,0.8715999999999999,-2.7624544426608604,-0.05971363822672122,-0.07759962898684485,-0.07478299464586195,-0.059752549006726316,-0.19410860520765932,-0.17470559725694138
2021-12-09,47545.59,-0.05971363822672122,2.2836176683092875,3.068651617399244,3.805371126169068,5.024537626386444,90.3,0.903,-2.902371126169068,-0.008555687528783013,0.016638185472548243,-0.0183468835252626,-0.022997016563966848,-0.1316738807890526,-0.08114262567332452
2021-12-10,47140.54,-0.008555687528783013,2.0596921904142724,2.50784309927663,3.7615418792974844,4.934965316558354,89.98,0.8998,-2.8617418792974845,0.0466144194002914,0.035927631817726007,-0.004813803821668724,-0.00041735001174943674,-0.11869227386134329,-0.06796715030751538
2021-12-11,49389.99,0.0466144194002914,1.5150824017177151,2.638105659358393,3.8653966303887746,4.990034891826333,88.72,0.8872,-2.9781966303887746,0.013352652721007085,-0.036234990010749216,-0.010177349984506113,-0.066401590904716,-0.16631353896485165,-0.1071229058884994
2021-12-12,50053.9,0.013352652721007085,1.5334966065785338,2.5030471036974564,3.868980179493494,4.97516379084859,92.25,0.9225,-2.946480179493494,-0.06929737535263912,-0.08161091413172145,-0.029720544976626746,-0.04769429684394415,-0.15821579124618068,-0.14044431978974814
2021-12-13,46702.75,-0.06929737535263912,1.9860117977503537,2.826710896354465,4.088509367081524,5.148299769343435,90.29,0.9029,-3.1856093670815238,0.034524176232671906,0.002816634340982998,0.08485698983023984,0.012415025765102158,-0.06182813895013067,-0.09727445470073007
2021-12-14,48343.28,0.034524176232671906,2.091937158820391,2.889587975878059,4.127793997735729,5.0010913792873835,92.34,0.9234,-3.204393997735729,0.010733758816394861,-0.03498506899781077,0.04996275220860097,-0.04003472519716689,-0.12740979606690195,-0.13548363455957305
2021-12-15,48864.98,0.010733758816394861,2.101492717749812,2.895800472203997,4.093953662508659,4.999123580890273,89.34,0.8934000000000001,-3.2005536625086592,-0.025548202428183887,-0.04074143563939477,0.030923444523010483,-0.06407822920539344,-0.12646742150039422,-0.15011456262954825
2021-12-16,47632.38,-0.025548202428183887,1.8311263592595102,2.9271032435821827,3.9744624722722834,5.01876020769324,86.78,0.8678,-3.1066624722722835,-0.03202327139996514,0.026057640026243178,0.06390097576676847,-0.09187592379391281,-0.10035435256871368,-0.11316341644045574
2021-12-17,46131.2,-0.03202327139996514,1.9236968675258976,2.8183224722133016,4.020250993300716,5.0537191884053,85.34,0.8534,-3.166850993300716,0.015130173120065147,0.05189036915509459,0.0944648018889989,-0.06837703865112224,-0.06862427043984291,-0.03499273939320784
2021-12-18,46834.48,0.015130173120065147,1.7294670345757135,2.2992457258150623,3.8702084835727777,5.015129419207745,87.43,0.8743000000000001,-2.9959084835727774,-0.0032775271061218484,0.08204035548925687,0.01503044563913566,-0.1193256105617974,-0.10416107486099388,-0.06530782305712361
2021-12-19,46681.23,-0.0032775271061218484,1.7116950819751768,2.298154019217573,3.851437417296702,4.990060032694435,87.83,0.8783,-2.973137417296702,0.00497739217481098,0.08494782120641185,-0.004650133038704296,-0.11332699726378996,-0.09732367780857704,-0.14165260337064872
2021-12-20,46914.16,0.00497739217481098,1.0891127799376548,2.2650407299267528,3.8149845883021607,4.8600962332733415,87.31,0.8731,-2.9418845883021607,0.041250873237454126,0.07166488016240531,0.0043964538099192105,-0.11387847003967468,-0.1187778729892138,-0.1600792989939948
2021-12-21,48889.88,0.041250873237454126,1.1714149195762864,2.3975850329570063,3.8797338749045447,4.901288158279498,86.04,0.8604,-3.019333874904545,-0.0061905422711137255,0.03784333574052524,-0.05622424092020984,-0.1561361889803456,-0.18381148145286264,-0.19871367411852187
2021-12-22,48588.16,-0.0061905422711137255,1.1593738761434187,2.400087379125874,3.8002765809974632,4.899128308581784,82.99,0.8299,-2.9703765809974634,0.04528015945422746,0.04257443273390433,-0.017973751867317398,-0.12849524626955386,-0.28756709906086003,-0.23566388477545805
2021-12-23,50838.81,0.04528015945422746,1.3617140981455058,2.2819485157783945,3.87319072681939,4.973060997442924,82.99,0.8299,-3.0432907268193903,-0.0003700613889668522,-0.06700990985012126,-0.07244196406513766,-0.14668512878037043,-0.37127348550093814,-0.3175216104117099
2021-12-24,50820.0,-0.0003700613889668522,1.2165572130396858,2.276097777057884,3.8708691830633937,4.925446473202192,82.57,0.8256999999999999,-3.045169183063394,-0.008305548869195585,-0.08959795424511609,-0.08999747740576797,-0.17737254827550292,-0.3380009527218369,-0.2846607982565259
2021-12-25,50399.66,-0.008305548869195585,1.192322671859815,2.1006402779902706,3.8274195281611783,4.853862691050314,81.08,0.8108,-3.0166195281611783,0.007429328815574095,-0.06726842635248599,-0.09500167372840401,-0.1573908660234048,-0.3182886394664393,-0.30233221574091396
2021-12-26,50775.49,0.007429328815574095,1.1991074200934633,2.0899183377781076,3.3934087185868513,4.816656742898514,80.26,0.8026000000000001,-2.5908087185868514,-0.0014594452777345129,-0.09406757666073512,-0.15577689956068116,-0.16425532833548206,-0.3176229666434567,-0.28125367003334456
2021-12-27,50701.44,-0.0014594452777345129,1.1956560457832113,1.6173311433474196,3.3753836283555043,4.766408655079394,83.29,0.8329000000000001,-2.5424836283555043,-0.06430418312979821,-0.06054818460122167,-0.1628418405401212,-0.16308907232884182,-0.32020269524082534,-0.25678865468850015
2021-12-28,47543.74,-0.06430418312979821,1.5224263463279126,1.9209359421384344,3.48469024636557,4.894433951788531,76.7,0.767,-2.71769024636557,-0.02295810578396181,-0.0054320542150164035,-0.13435605620093305,-0.11919152050012946,-0.24641452442318484,-0.1951001323601775
2021-12-29,46464.66,-0.02295810578396181,1.5799292356808299,1.959674507269722,3.5082363038798543,4.912546553136509,80.73,0.8073,-2.700936303879854,0.01402397902343454,-0.0003995231606517867,-0.10867686422508566,-0.09267354476987275,-0.2085927683437507,-0.20905659793222092
2021-12-30,47120.87,0.01402397902343454,1.3489272695657342,1.9167342183167428,3.507688851133172,4.916785417469206,80.68,0.8068000000000001,-2.700888851133172,-0.019369821492674983,-0.027733247375917928,-0.11827492384959389,-0.12317432679913298,-0.2107489268697481,-0.08780186228040243
2021-12-31,46216.93,-0.019369821492674983,1.3987491332957942,1.8537827786703123,3.5262890081716325,4.929194100033657,75.51,0.7551000000000001,-2.7711890081716324,0.03205994678177879,-0.061709322899946156,-0.09991194806013569,-0.1275872405326528,-0.19887645142593335,-0.039629348218102704
2022-01-01,47722.65,0.03205994678177879,1.5187107442009413,1.9308328975813274,3.5712616083323088,4.91598208223984,70.91,0.7091,-2.862161608332309,-0.009188052743592882,-0.10229365593889943,-0.11052149440223652,-0.2695933471935426,-0.21560799671406222,-0.08365172954892994
2022-01-02,47286.18,-0.009188052743592882,1.5222186408821525,1.9377843521848113,3.432991003584847,4.918138496858847,72.06,0.7206,-2.712391003584847,-0.01792557472959721,-0.12892400198591655,-0.07424316471523275,-0.2988315214358006,-0.20051827823375643,-0.10779693839359503
2022-01-03,46446.1,-0.01792557472959721,1.560018019602917,1.9655150982131258,3.027002489941512,4.90838964424898,71.94,0.7193999999999999,-2.3076024899415124,-0.013309745191831738,-0.1082773410644338,-0.08737507086973494,-0.24800347531606898,-0.2301795992919551,-0.1709263059659854
2022-01-04,45832.01,-0.013309745191831738,0.9945001326798919,1.8184643229642092,3.036192297282126,4.912890540516234,72.52,0.7252,-2.3109922972821257,-0.0533458970167032,-0.09054167647367582,-0.06238919229500076,-0.2232869657380354,-0.20567821702239017,-0.15126871698073355
2022-01-05,43451.13,-0.0533458970167032,1.3547544807364367,2.081234271492391,3.177582420043666,5.014725527888293,75.64,0.7564,-2.4211824200436665,-0.00852438625717462,-0.03820262516018962,-0.008478428774800848,-0.16184606708277546,-0.044155873048753,-0.12303761839015225
2022-01-06,43082.31,-0.00852438625717462,1.337945145127688,1.8999215746837599,3.18126715222868,4.986878438170707,73.19,0.7319,-2.44936715222868,-0.03581839879060997,-0.008227838463336981,-0.0002472317887206436,-0.15736085470070418,-0.04025221103836555,-0.12584215163983462
2022-01-07,41566.48,-0.03581839879060997,1.4565137913945418,2.019388908164606,3.253729838448973,4.877818114058407,73.86,0.7386,-2.515129838448973,0.0027210861918856148,0.054680837270683874,0.015164535700803568,-0.11205846822225188,0.019403007950717917,-0.07066331337545896
2022-01-08,41679.74,0.0027210861918856148,1.322487553515463,2.01381619165074,3.0476176186223283,4.8753279435560515,71.56,0.7156,-2.332017618622328,0.00442591939892638,0.020902270194698817,0.016003319455212883,-0.09991590411866509,0.05053125511572805,0.006265637752969281
2022-01-09,41864.62,0.00442591939892638,1.313510492230754,2.010586830716193,3.0444055453636976,4.839173734673109,73.5,0.735,-2.3094055453636977,-0.0010068457032168852,0.028152484178675184,-0.004899402949539184,-0.09247400302015435,0.050725123553828036,-0.060117042716004765
2022-01-10,41822.49,-0.0010068457032168852,1.2682254349849764,2.0104855073908494,2.9112995627486065,4.839106968675225,74.1,0.741,-2.1702995627486064,0.02145040043967803,0.029724196385388667,-0.027675292472517092,-0.09896450336579757,0.0591906330763523,-0.07683084215701656
2022-01-11,42729.29,0.02145040043967803,1.308311864982874,1.6433838413332684,2.928913067972896,4.852580693719158,75.37,0.7537,-2.175213067972896,0.027090276943410884,0.007980606674616288,-0.1590718527913061,-0.10508650231182574,0.017771471456432562,-0.09627471419533647
2022-01-12,43902.66,0.027090276943410884,0.9699669290363332,1.6661919296706569,2.663385630882457,4.879501190030033,71.81,0.7181000000000001,-1.9452856308824567,-0.03105748088409937,-0.039516301569880376,-0.22458835672056776,-0.12627511351852377,-0.0354463157505995,-0.15026545852906514
2022-01-13,42560.11,-0.03105748088409937,1.1253355313073905,1.7482783729697158,2.647761257254613,4.904010905693588,67.51,0.6751,-1.9726612572546132,0.011676133382902501,-0.004898950739485906,-0.16062840444633392,-0.14280452842222005,-0.00807383849267121,-0.07028766077356008
2022-01-14,43059.96,0.011676133382902501,0.9207940668813659,1.7231639904914529,2.649216475198207,4.876351558617332,65.13,0.6513,-1.997916475198207,0.0005648665034966843,-0.033051887128214365,-0.1608977734430346,-0.1432890247273894,-0.023647141129154097,-0.09186967832644656
2022-01-15,43084.29,0.0005648665034966843,0.9193887113194058,1.6106672318343327,2.603886519851393,4.7514815533435995,62.95,0.6295000000000001,-1.974386519851393,-0.0002931892710942959,-0.057399488857905814,-0.15336763830797473,-0.03567744427395217,-0.01280906387174204,-0.0468097333994331
2022-01-16,43071.66,-0.0002931892710942959,0.9155091914125784,1.6010830374347207,2.530998333874045,4.750617919303613,62.22,0.6222,-1.9087983338740453,-0.020406631301085873,-0.1670524594659226,-0.1571136229119836,-0.04000497924964488,0.03363153104663498,-0.05129762011338627
2022-01-17,42201.62,-0.020406631301085873,0.9948790049441534,1.6118870892284922,2.544482885549593,4.631728280153477,65.23,0.6523,-1.8921828855495932,0.0035598699462948903,-0.18507205515068753,-0.12722300392305538,0.004238472249914452,0.03885325180387042,-0.010579293570859119
2022-01-18,42352.12,0.0035598699462948903,0.9091017971921772,1.5931559916445763,2.544621343882512,4.6161312766314975,67.27,0.6727,-1.8719213438825122,-0.016476803005825883,-0.155729453706848,-0.11591922357387795,0.034527935660515,-0.04432892556207165,-0.0035714809423825007
2022-01-19,41660.01,-0.016476803005825883,0.8109813703113721,1.2643285278820082,2.5622543110237377,4.595569014098552,65.96,0.6596,-1.9026543110237377,-0.023782735226194826,-0.12784588631482033,-0.08757460007061507,0.055624526503367154,-0.04130142600478102,-0.009597030417868021
2022-01-20,40680.91,-0.023782735226194826,0.7155938339744753,1.3335871149816858,2.4800204226648828,4.604653758635576,65.24,0.6524,-1.8276204226648827,-0.109946159879111,-0.09596814945006885,-0.07128921089328054,0.08686592554886942,-0.014902192665659212,0.007868002602334652
2022-01-21,36445.31,-0.109946159879111,2.2078249519445152,2.39214396139378,3.2478748692347432,4.999079241048732,77.8,0.778,-2.469874869234743,-0.038426226985850784,0.009938836553939005,0.05398535047948037,0.17684332424773858,0.051903214285401955,0.15048923285400465
2022-01-22,35071.42,-0.038426226985850784,2.326655196261856,2.501719409684838,3.215475723041284,5.033973632408854,81.0,0.81,-2.4054757230412838,0.032902471390134344,0.0578490512276322,0.09831324320204399,0.18914204096996837,0.05375187508922837,0.20108332658276068
2022-01-23,36244.55,0.032902471390134344,2.4100688858448045,2.5780979644067314,3.2763353228861547,5.071291884754947,77.29,0.7729,-2.503435322886155,0.011406764386201865,0.03981023013296997,0.017823876024113745,0.15255456595366268,0.05334015446531088,0.19370649900091108
2022-01-24,36660.35,0.011406764386201865,2.3882894663449257,2.5872206727553797,3.2797387664382636,5.04041929016104,78.59,0.7859,-2.4938387664382633,0.008095001638556682,0.04027128624420527,0.017608748715645318,0.1372506323138805,0.01595642372552524,0.18958590884225296
2022-01-25,36958.32,0.008095001638556682,2.3923250516682155,2.559235282364124,3.2803137550634647,4.719711968228552,81.26,0.8126000000000001,-2.4677137550634645,-0.004039173875103207,0.024678938556788207,0.11769019403402256,0.1405585744362327,0.03636929661011215,0.18595162433971918
2022-01-26,36809.34,-0.004039173875103207,2.3727793959972385,2.5075431890719515,3.281102838469225,4.707318820218275,80.39,0.8039000000000001,-2.477202838469225,0.009483987687842301,0.044046513925541396,0.11710864366233864,0.19074515395861863,0.06341404055232525,0.24072457214565016
2022-01-27,37160.1,0.009483987687842301,2.335907020763397,2.443058768199,3.0478157632135963,4.629497493206861,80.14,0.8014,-2.246415763213596,0.014863650295472364,0.0404641919744119,0.13146147617296983,0.16607625572692572,0.05131439206300736,0.23750883476382376
2022-01-28,37716.56,0.014863650295472364,1.060623717371503,2.4493700594805485,3.02942856761775,4.635208669537879,74.77,0.7476999999999999,-2.28172856761775,0.011867820497437117,-0.021986354108856226,0.1504471592343931,0.07159029801180622,-0.0004638295884702458,0.2292568812368165
2022-01-29,38166.84,0.011867820497437117,0.798361640199951,2.459818227193841,3.026063557731819,4.6325955717930425,75.18,0.7518,-2.2742635577318193,-0.007497346048860223,-0.02266253752855994,0.1431991265739822,0.046273174065834144,0.1229470645893457,0.2096260763425011
2022-01-30,37881.76,-0.007497346048860223,0.5126002566571102,2.463978704786661,3.0067645456903875,4.634150105723033,74.32,0.7432,-2.2635645456903877,0.015328401493649993,0.09301125547723409,0.15815513644214993,0.05638701822762126,0.15924710320783061,0.18346982313443522
2022-01-31,38466.9,0.015328401493649993,0.5486598891021934,2.450500815948397,2.95824808382195,4.63736360452623,70.99,0.7099,-2.2483480838219503,0.005901665736712944,0.07306212973679728,0.12285797376825827,-0.002082136194078456,0.13195626716513215,0.18498717878137744
2022-02-01,38694.59,0.005901665736712944,0.538351553766315,2.4521503926721,2.9551871576013706,4.529741534254087,71.81,0.7181000000000001,-2.2370871576013704,-0.04758689578779582,0.09099728419855782,0.09082879776792421,-0.04456136811281568,0.09272133984016145,0.16882443997321825
2022-02-02,36896.36,-0.04758689578779582,1.0537621008146536,2.596246642209159,3.072847894094062,4.313367391534186,75.0,0.75,-2.322847894094062,0.01119163707773322,0.17243351334324933,0.13473068992954898,0.03551627844119723,0.05925329332596967,0.22934495066555374
2022-02-03,37311.61,0.01119163707773322,1.0598591968697315,2.5651048958748417,3.069764148885432,4.317628468946537,74.14,0.7414000000000001,-2.328364148885432,0.108176446956934,0.16586166410254213,0.11964188359823533,-0.0016523249901198463,0.054409500041656705,0.22187767502933742
2022-02-04,41574.25,0.108176446956934,2.305199601438723,2.537492437885125,3.557530456046206,4.7700160358081485,70.14,0.7014,-2.856130456046206,-0.004620724246786973,0.0651438809649156,0.02286838040221012,-0.08132089742391038,-0.07888174534139916,0.09017749312434034
2022-02-05,41382.59,-0.004620724246786973,2.2957199016067356,2.4305783622784096,3.5548970886222637,4.7705087783740865,67.37,0.6737000000000001,-2.8811970886222635,0.02383682019847353,0.049795844031461076,0.07363651029627988,-0.05369460311001351,-0.08558994060146914,0.04229643571612441
2022-02-06,42380.87,0.02383682019847353,2.3360659137561823,2.3916444084642774,3.5180114499688218,4.79198940146208,70.69,0.7069,-2.8111114499688217,0.033849333356895696,-0.00016848643063361874,0.03461477955395592,-0.0801470841099625,-0.09006632132617683,0.024780044673853273
2022-02-07,43839.99,0.033849333356895696,2.4061696391325667,2.467930308212324,3.576578075271987,4.6989236935551,69.18,0.6918000000000001,-2.8847780752719867,0.004619787837026135,-0.037702823413700313,-0.07885686122258673,-0.15091098882286327,-0.04426561736275863,-0.03689448790146946
2022-02-08,44042.99,0.004619787837026135,2.405146460700086,2.464660603990082,3.5766675580307914,4.696909190660511,70.27,0.7027,-2.8739675580307913,0.007458663819307352,-0.04621978050430696,-0.09692595250814817,-0.020252061984636586,-0.11084216626983273,-0.029704145806458526
2022-02-09,44372.72,0.007458663819307352,2.2312525491267747,2.467570161737664,3.5794533610986203,4.613908485041769,69.81,0.6981,-2.88135336109862,-0.019968761180241705,-0.042275500562705584,-0.10176811821452855,0.001091966765680732,-0.13602147523336883,-0.05118023937264448
2022-02-10,43495.44,-0.019968761180241705,2.253511694474089,2.4903044942980026,3.5763231049303728,4.622620329488592,70.81,0.7081000000000001,-2.868223104930373,-0.02612751026362113,0.023840666264818865,-0.12494010996233673,0.009098293396873958,-0.11404618565176891,-0.09558484401066633
2022-02-11,42373.73,-0.02612751026362113,1.0277152303040777,2.52391437990123,3.5737075561482525,4.457017917359348,72.34,0.7234,-2.8503075561482527,-0.0036850036261710803,0.034783265984589536,-0.13539016588073996,0.0018925420722370784,-0.11481914277846571,-0.055777393448282704
2022-02-12,42217.87,-0.0036850036261710803,1.0263341915245643,2.5146951583294586,3.524808523220026,4.408504825990675,71.32,0.7132,-2.811608523220026,-0.003897169253580327,-0.041154037808886455,-0.09921441148835175,-0.07547739660357919,-0.0622138222808889,-0.02567337139680894
2022-02-13,42053.66,-0.003897169253580327,0.9227755184840327,2.5117162679982354,3.5185305890415783,4.404362092117641,73.05,0.7304999999999999,-2.788030589041578,0.011402943760908854,-0.050706172003841324,-0.12129420858835523,-0.06523238355657862,-0.06822253719729252,-0.05150850627389511
2022-02-14,42535.94,0.011402943760908854,0.6933727850708937,2.504080300501626,3.5252518981048264,4.382650562542659,72.16,0.7216,-2.8036518981048264,0.046147405647282806,-0.05949261765182303,-0.10418927782612047,-0.10175012574360927,-0.034000669527691076,-0.047766730433783815
2022-02-15,44544.86,0.046147405647282806,1.1181563580788738,2.652358033624111,3.633822695484913,4.428387962712214,70.59,0.7059000000000001,-2.927922695484913,-0.015184910543850608,-0.14878077622715571,-0.12733111340629352,-0.159226450897749,-0.08492915116002137,-0.09819410541223655
2022-02-16,43873.56,-0.015184910543850608,1.146355238804881,2.50850917309866,3.6244768537455077,4.428456347102421,68.07,0.6807,-2.943776853745508,-0.07962230741964704,-0.1701734318653295,-0.1147618636639183,-0.12468110088013268,-0.04943254537472942,-0.10051195847261227
2022-02-17,40515.7,-0.07962230741964704,1.8661674322755883,2.9259008599775798,3.930165614638502,4.68201874646282,71.54,0.7154,-3.2147656146385017,-0.013449303448535153,-0.05806037367946533,-0.07205412760027649,0.034591243859828084,0.040757444619689304,0.007020223790060501
2022-02-18,39974.44,-0.013449303448535153,1.816435349684236,2.087016045501677,3.925956226635939,4.68809976939711,68.83,0.6883,-3.237656226635939,0.0026164981129269994,-0.07058803658451386,0.07667389052351171,-0.013916213761684502,0.0317043955869131,0.03728882651597097
2022-02-19,40079.17,0.0026164981129269994,1.8157587299720643,2.0857472613339674,3.8998949159704317,4.621653562573348,67.72,0.6772,-3.2226949159704317,-0.04314075292804987,-0.0446966601742975,0.10286008498020938,-0.03425335701884028,0.02277019526799384,0.03141371917426137
2022-02-20,38386.89,-0.04314075292804987,1.9926732389550676,2.195964775391708,3.38767075213046,4.6930804692703445,73.92,0.7392,-2.6484707521304602,-0.03657756618202442,0.02144966282086213,0.1340384033592107,0.010893924310567769,0.09858601856860269,0.05309227696345332
2022-02-21,37008.16,-0.03657756618202442,2.100387329292753,2.2118753925414767,3.3801928163720083,4.665296089351757,77.69,0.7768999999999999,-2.6032928163720084,0.032490750766217165,0.05541156820141115,0.13728270795297706,0.020571023102274287,0.14733145149353238,0.0704439663502764
2022-02-22,38230.33,0.032490750766217165,2.0049042280608713,2.2956294572096274,3.378738864043857,4.706405152490795,75.22,0.7522,-2.626538864043857,-0.025976966353583753,-0.013993753920811201,0.02373701488477252,0.037000589207462777,0.14036634453560007,0.03119191722740381
2022-02-23,37250.01,-0.025976966353583753,2.0449405194860026,2.3443361665450366,3.408032807429894,4.729838685684372,73.78,0.7378,-2.670232807429894,0.028507874523143458,0.14726192710802552,0.05606182503177661,0.05307167139106256,0.17362948511672763,0.05738512931506497
2022-02-24,38327.21,0.028507874523143458,1.4711974745594618,2.376342335278358,3.447811568922762,4.758977090347905,79.88,0.7988,-2.649011568922762,0.02300557006710982,0.14755674515450679,0.0024391520825112543,0.07018860829842945,0.14958232772960714,0.05331503344225091
2022-02-25,39219.17,0.02300557006710982,1.5137958806638163,2.364532796959525,3.4748565725375222,4.779148881999599,71.44,0.7143999999999999,-2.7604565725375223,-0.0026156608014754846,0.11258874053834844,-0.031895337491455504,0.04240196224627211,0.17731053159332497,-0.028619409848904858
2022-02-26,39116.72,-0.0026156608014754846,1.5137953525061567,2.3640127188192124,3.4704891752070806,4.618817602127497,72.49,0.7249,-2.7455891752070807,-0.03691457135600522,0.0818711397515661,-0.00991923721621439,0.06532931828918881,0.18619444270081648,0.003037559302524779
2022-02-27,37699.07,-0.03691457135600522,1.4524620958278784,2.4658452459682856,3.5300193476532,4.651717321710817,80.65,0.8065000000000001,-2.7235193476531996,0.1352787146752529,0.037730768805583646,0.10664537146010468,0.11281157221996582,0.22972071082528672,0.05277489862816943
2022-02-28,43160.0,0.1352787146752529,2.881132872326157,3.565466808294801,4.369124488419681,5.314725717357492,77.47,0.7746999999999999,-3.5944244884196808,0.028802692569624658,-0.09120010207624904,-0.09059010428519619,-0.04496949493659859,0.08667901175315543,-0.11176264619958465
2022-03-01,44421.2,0.028802692569624658,2.8667781560620877,3.498293578270855,4.401310518964799,5.330306493774153,76.99,0.7698999999999999,-3.631410518964799,-0.01196243454904842,-0.14511759307199562,-0.1371134419990495,-0.08008988971221533,0.02422271992660458,-0.16589396894692413
2022-03-02,43892.98,-0.01196243454904842,2.832727558865763,3.4937268283300673,4.397499899416308,5.2999280269455245,73.8,0.738,-3.6594998994163084,-0.033333261588257904,-0.14448407802980406,-0.12314447904864295,-0.03545238479060812,0.05303091161624513,-0.1319185731302088
2022-03-03,42454.0,-0.033333261588257904,2.8518878186968055,3.209000800807217,4.441941731921554,5.3351642417303635,73.7,0.737,-3.7049417319215543,-0.0810549423019875,-0.09179037696778046,-0.11671168485070281,0.010048743540555224,0.07610310013305682,-0.09710960247739003
2022-03-04,39148.66,-0.0810549423019875,3.2152916567251326,3.5538258829212483,4.615442998499727,5.544791091884207,79.28,0.7928000000000001,-3.822642998499727,0.006347843793420254,0.06891460265452101,0.013263574322690251,0.11662932965082749,0.17009165733958406,-0.03693849024483186
2022-03-05,39397.96,0.006347843793420254,3.2171899140688383,3.555543181070299,4.612082451694292,5.540284872730709,77.39,0.7739,-3.8381824516942915,-0.025114798426121913,0.0006099977910529006,-0.00299015364071392,0.11756766008495104,0.16746817498768077,0.007385228481289057
2022-03-06,38420.81,-0.025114798426121913,3.1753984928770063,3.4918192576910787,4.150933266254499,5.4668336289478,79.72,0.7972,-3.3537332662544985,-0.011328919506856962,0.008004151072946067,0.06774945621591813,0.14714317564709592,0.1690592384657395,-0.049836798443141
2022-03-07,37988.0,-0.011328919506856962,1.8575200175804714,3.4280179759899925,4.155634674076568,5.468692060729193,80.7,0.807,-3.348634674076568,0.019360439473765596,0.021339598981161043,0.07429729973772768,0.20920586908478048,0.1278863763175934,-0.05336895505907244
2022-03-08,38730.63,0.019360439473765596,1.8122886413448245,3.3915788529270867,4.147134004404024,5.438301666200201,80.93,0.8093,-3.3378340044040242,0.07965003732031377,-0.024921307882922367,0.07524855550540323,0.1961136799170307,0.11484636600003006,-0.087876112453676
2022-03-09,41941.71,0.07965003732031377,2.3553695167202036,3.6840346066578085,4.369910593293398,5.646948673566471,81.01,0.8101,-3.559810593293398,-0.06195676107004793,-0.05565102833183067,0.006166200759861089,0.12307533936518199,0.0073711294612891845,-0.20879149809957692
2022-03-10,39422.0,-0.06195676107004793,2.5579905079906737,3.8310024235703124,4.526525410437734,5.769053918278839,80.13,0.8012999999999999,-3.725225410437734,-0.017720645144228633,-0.00360015143176671,0.04562060934859766,0.17726911603835163,0.08113802046337414,-0.27058621742037126
2022-03-11,38729.57,-0.017720645144228633,2.0639569666840982,3.8207353739993657,4.536931175887425,5.7789472102641195,79.73,0.7973,-3.7396311758874248,0.002006528401358036,0.05974530514297215,0.057023552286834145,0.16133616192565411,0.08484123586072431,-0.22206472565461008
2022-03-12,38807.36,0.002006528401358036,2.060747482891766,3.8206008861736667,4.521025301006366,5.764525715373166,81.13,0.8112999999999999,-3.709725301006366,-0.026900467390317852,0.052957700756566514,0.0876920942580348,0.17617539066488816,0.01846134164110271,-0.28773635916051826
2022-03-13,37777.34,-0.026900467390317852,2.068956774554202,3.7899522059703195,4.522679573137257,5.764201264541699,82.47,0.8247,-3.697979573137257,0.04892031687140569,0.10016986338832569,0.12676042839125815,0.19281478498375962,0.05904174933018289,-0.2633882857530087
2022-03-14,39671.37,0.04892031687140569,2.2599233338146405,2.925343414102357,4.617704099053441,5.809256946613697,82.43,0.8243,-3.793404099053441,-0.009905884169983963,0.06181722909169166,0.10336575532813709,0.15682808301689372,0.03654045088408014,-0.3034843300438559
2022-03-15,39280.33,-0.009905884169983963,2.2374668594615175,2.879348549018694,4.620980820146222,5.808056580834981,81.98,0.8198000000000001,-3.8011808201462225,0.045624811430510115,0.04922076078036415,0.12055781372566497,0.17045832862839455,0.016714030923397283,-0.26663934154213814
2022-03-16,41114.0,0.045624811430510115,1.8575369746824693,2.9997015139188874,4.69742444182058,5.873090952105635,81.79,0.8179000000000001,-3.87952444182058,-0.004781075985047464,-0.0027217528561379323,0.07939371943117782,0.10130978224982122,-0.01376606090609277,-0.27180802106800295
2022-03-17,40917.9,-0.004781075985047464,1.4344627373484062,2.9327459460054612,4.614850159546609,5.8737985475575005,75.18,0.7518,-3.863050159546609,0.02031169524144141,0.034734393501468376,0.1349085693470529,0.05358907657986572,-0.013264954252215256,-0.31457874849115103
2022-03-18,41757.51,0.02031169524144141,1.4469456779950716,2.5206289206054198,4.622041319187061,5.873678440262917,70.75,0.7075,-3.914541319187061,0.010567682574771557,0.026590565002932342,0.12086512441162747,0.039597810494626705,-0.05107941309788283,-0.3159598375300972
2022-03-19,42201.13,0.010567682574771557,1.4604601867294225,2.525791785810241,4.369214213571517,5.876753746973086,71.66,0.7166,-3.652614213571517,-0.022502352481311442,0.04154852623644547,0.116909138605321,0.0012049287014279711,-0.03373722082962864,-0.38501621967908783
2022-03-20,41262.11,-0.022502352481311442,1.4330516460769458,2.516787467248192,4.382787943993452,5.884043036507793,72.67,0.7267,-3.6560879439934517,-0.006317702205992036,0.0713370529453006,0.13164850668975406,0.03551741111477657,0.005584430929057952,-0.30816248078000674
2022-03-21,41002.25,-0.006317702205992036,1.0930179985375428,2.5103668695724326,4.3841646554471705,5.867715064800286,71.8,0.718,-3.6661646554471705,0.03267507037255884,0.08211547228731568,0.10431260963882001,0.027817683573890258,0.008643523906267582,-0.3394236455301985
2022-03-22,42364.13,0.03267507037255884,1.244414777836892,2.5602394588177537,4.351009680776453,5.514308512139177,71.19,0.7119,-3.6391096807764534,0.012167866742905374,0.10017417584558465,0.08848329640685311,-0.06923075261693223,-0.04549374160514933,-0.3637758595280421
2022-03-23,42882.76,0.012167866742905374,0.9180503198600374,2.0720183401957657,4.300812230655387,5.470163555069253,69.58,0.6958,-3.6050122306553867,0.02552564380828476,0.09427455940869518,0.06605435659250149,-0.06771867906107507,-0.07688748514325594,-0.34752218785015115
2022-03-24,43991.46,0.02552564380828476,1.0355152429333554,1.7691735819835228,4.283630802218877,5.455764764092997,65.47,0.6547,-3.6289308022188767,0.007286174227543661,0.07536061236887541,0.05346232768875652,-0.06682530444405715,-0.10917442730819615,-0.41294296642764705
2022-03-25,44313.16,0.007286174227543661,0.9700942474158091,1.7420489786277145,4.257060849565817,5.4531875718174705,62.41,0.6241,-3.632960849565817,0.004460717136023095,0.06031145374445328,0.04990051490272977,-0.10384378280226748,-0.1162443558016626,-0.4016651160812804
2022-03-26,44511.27,0.004460717136023095,0.9526719839131463,1.7437109467898482,4.222936744003899,5.451660238739745,66.62,0.6662,-3.5567367440038993,0.05073377393082759,0.02219713735150427,0.021916062818643573,-0.09315978033727047,-0.09626729428735631,-0.4099243584123855
2022-03-27,46827.76,0.05073377393082759,1.289280144386384,1.9276618767389728,4.310393889705278,5.536616627879865,68.62,0.6862,-3.624193889705278,0.006268250306015814,-0.011690879438731367,-0.08131949276718711,-0.14817352359926808,-0.2059299414422299,-0.4722612483832448
2022-03-28,47122.21,0.006268250306015814,1.289192039603623,1.6901788248893563,4.311767557716942,5.534946665236246,63.04,0.6304,-3.681367557716942,0.006611696768465159,-0.028220202816193595,-0.08126731391700069,-0.1719445375095103,-0.18315688339829167,-0.4982963063652362
2022-03-29,47434.8,0.006611696768465159,1.1350224395311341,1.684293346640676,4.255574584075918,5.52910043636746,62.04,0.6204,-3.6351745840759175,-0.007762984396878372,-0.021898284680118812,-0.1157042099038929,-0.15064635943494964,-0.17694581219711736,-0.4909805448784146
2022-03-30,47067.99,-0.007762984396878372,1.1208173238355479,1.4488091189680565,3.384123326471196,5.526440037137381,62.44,0.6244,-2.759723326471196,-0.03365359925692603,-0.01041093884172364,-0.09613109557497733,-0.1260640757606961,-0.19844165795274007,-0.46828482981667435
2022-03-31,45510.34,-0.03365359925692603,1.196577935225314,1.5824318542722153,3.4004227102981868,5.561870988530914,64.11,0.6411,-2.7593227102981865,0.01684575714059203,-0.00028107453286082835,-0.07649492606492975,-0.09566908573255252,-0.19011668887352867,-0.36054395897082997
2022-04-01,46283.49,0.01684575714059203,1.2312599411243554,1.5675088170363816,3.4079645973463393,5.563472662117828,59.54,0.5954,-2.812564597346339,-0.010261073071446306,-0.06962861332845581,-0.1577140490237854,-0.1339770380120025,-0.18494948474645406,-0.3752863163728858
2022-04-02,45811.0,-0.010261073071446306,1.2438524772211468,1.566765104928685,3.3536695720533065,5.565783498152121,59.26,0.5926,-2.7610695720533065,0.012933614904539842,-0.05304711110080711,-0.1337730356535766,-0.1429418417357575,-0.17321270261044674,-0.42982022499459405
2022-04-03,46407.35,0.012933614904539842,0.8177691152029508,1.5267578774936097,2.984985991990944,5.496585798910294,59.47,0.5947,-2.390285991990944,0.0037243614415168034,-0.09380592522377404,-0.12028763213281382,-0.1626367549969528,-0.20703014758441585,-0.42128581871246373
2022-04-04,46580.51,0.0037243614415168034,0.8120763458939105,1.5236417251236445,2.9833699938416065,5.492886405286468,60.54,0.6053999999999999,-2.3779699938416066,-0.023523734948063195,-0.0857201567332537,-0.1537442977049973,-0.16614487070439238,-0.16008294650639168,-0.4500280968106383
2022-04-05,45497.55,-0.023523734948063195,0.919505745087351,1.4607418503924134,2.9786322813190615,5.109060309706105,62.88,0.6288,-2.3498322813190615,-0.052501781655002897,-0.07621385153206899,-0.11507584315591395,-0.1181833571059997,-0.21889603690888043,-0.4210033973366127
2022-04-06,43170.47,-0.052501781655002897,1.3526248611765543,1.7566517835025734,3.135522936948032,5.205843220124351,66.05,0.6605,-2.475022936948032,0.006320429156202368,-0.08808543569532967,-0.06685403083208098,-0.12461044867504276,-0.18125533137666583,-0.3666559476839235
2022-04-07,43444.19,0.006320429156202368,1.196155859376179,1.6919183180603137,3.115970688097717,5.187291564927531,61.74,0.6174000000000001,-2.498570688097717,-0.027825199218427053,-0.08072592455276947,-0.0906772235925096,-0.10188956948129094,-0.20272247845370608,-0.32552628800517397
2022-04-08,42252.01,-0.027825199218427053,1.2687819098865718,1.767995638420233,2.770607274827425,5.174203635797929,62.19,0.6219,-2.1487072748274247,0.011810129932037259,-0.026481706909039834,-0.034942149531056746,-0.06124160229322439,-0.21616262756086607,-0.3056299694977696
2022-04-09,42753.97,0.011810129932037259,1.273690197824354,1.7802965216848077,2.515168161292534,5.178368775098792,59.72,0.5972,-1.9179681612925341,-0.014017429746878484,-0.06802414097174354,-0.02993298018571865,-0.10231056237776269,-0.3517242378837454,-0.3474621976397376
2022-04-10,42158.85,-0.014017429746878484,1.2778686743716652,1.517133703639931,2.50662549276886,5.183330575579564,61.08,0.6108,-1.89582549276886,-0.06437336581826365,-0.03886199162384492,-0.01917415966762275,-0.1136217628085989,-0.30690596151533445,-0.33658960913932684
2022-04-11,39530.45,-0.06437336581826365,1.7721230247470119,1.9493301429975645,2.7918159586097753,5.313558705715777,68.28,0.6828,-2.1090159586097754,0.013679940298762482,0.021231404863248732,0.023737011011782896,-0.027235435722668556,-0.30619770080162095,-0.30661216356450105
2022-04-12,40074.94,0.013679940298762482,1.733997625714466,1.9627120474567965,2.7565224284096934,5.296512665858422,65.22,0.6522,-2.1043224284096933,0.02641901842530263,-0.009951299039740104,-0.009168806082180807,-0.03943966695687019,-0.3224300350831916,-0.3434927158105371
2022-04-13,41147.79,0.02641901842530263,1.5018006818515954,2.021138120733665,2.6419038403048,5.3200420156077906,63.61,0.6361,-2.0058038403048,-0.029732304130666604,-0.008460442622016935,-0.04234912286413898,-0.08674251545160214,-0.3400247809279358,-0.43721698145033905
2022-04-14,39942.38,-0.029732304130666604,1.6010896129645191,1.9985686850000526,2.695645253114447,5.349763272407268,62.1,0.621,-2.074645253114447,0.015144719601020222,0.03809116078602482,-0.012400572999395093,-0.0063386488013944245,-0.2833533724655355,-0.5744823185511833
2022-04-15,40551.9,0.015144719601020222,1.537727884943734,1.9935933845669096,2.567182912678347,5.353150893983941,60.4,0.604,-1.9631829126783469,-0.004279969331170057,0.01968783195622227,-0.0031075139500858343,-0.10382019375296651,-0.25804196016191006,-0.6053588710194558
2022-04-16,40378.71,-0.004279969331170057,1.5232804310510082,1.9856157714061367,2.566860106503962,5.280682986265024,61.05,0.6104999999999999,-1.9563601065039617,-0.017502763604226226,0.002505606148534317,-0.05775641784296184,-0.1144013005445849,-0.3013137942389358,-0.5810733731498761
2022-04-17,39678.12,-0.017502763604226226,1.5363858846513658,1.9983568088548045,2.559297003570722,5.2833007778053425,63.59,0.6359,-1.923397003570722,0.027909874843025737,0.0007824929575592599,-0.011212345888781368,-0.11204525486119654,-0.26488042443221427,-0.6652007877872859
2022-04-18,40801.13,0.027909874843025737,1.064080758356319,2.0670481066348354,2.6064459039141097,5.087592072297661,63.47,0.6347,-1.9717459039141096,0.01681929927737526,-0.03388868024212208,-0.026299452762167677,-0.18122047802980926,-0.3512789988494591,-0.689807512976079
2022-04-19,41493.18,0.01681929927737526,1.080377666739597,2.0430280636283733,2.5907517790771712,5.091249840933548,62.46,0.6246,-1.9661517790771712,-0.0032586092287824916,-0.050491733785419934,-0.07237758219204396,-0.3217912576980267,-0.31374691170906466,-0.7826286486004256
2022-04-20,41358.19,-0.0032586092287824916,0.9572536824819409,1.7809379272268735,2.588687344759013,5.09138506646155,62.19,0.6219,-1.966787344759013,-0.02146219513885801,-0.022795345906308058,-0.09444760314097625,-0.28773180184771174,-0.3480671694364659,-0.6982423244447724
2022-04-21,40480.01,-0.02146219513885801,0.8728112168362205,1.8235370489732305,2.5455322845280772,5.040934422682481,63.51,0.6351,-1.9104322845280772,-0.019225876795201286,-0.06026202399149602,-0.050972446734451525,-0.3299347118134039,-0.3182821179228928,-0.6767854758741104
2022-04-22,39709.18,-0.019225876795201286,0.9016643664352837,1.782583988998182,2.5613688424457157,5.005756305535325,61.12,0.6112,-1.9501688424457158,-0.006761298356655494,-0.011994838846340646,-0.0302708608746893,-0.31326122900101083,-0.2706347027068951,-0.6503131080870664
2022-04-23,39441.6,-0.006761298356655494,0.907192670421342,1.7729584915866337,2.517831910450022,4.968799691977806,61.34,0.6134000000000001,-1.9044319104500222,0.0002162457340772487,0.007589227479954412,-0.044393392587463124,-0.29767565806379687,-0.3037685391194508,-0.6796895036812425
2022-04-24,39450.13,0.0002162457340772487,0.8433261834212874,1.7526210766163561,2.513984358595086,4.943954331521153,62.62,0.6262,-1.887784358595086,0.02443777865032932,-0.021885848406624022,0.006061924198000772,-0.27095279946614054,-0.28542076027961777,-0.6252843225368522
2022-04-25,40426.08,0.02443777865032932,0.8030305594317364,1.333088871638124,2.5555497296039604,4.935993229770187,65.57,0.6557,-1.8998497296039605,-0.05892887322404605,-0.07165225723466818,-0.10071267980288072,-0.2549344462118243,-0.3136570641250293,-0.6436976878501898
2022-04-26,38112.65,-0.05892887322404605,1.3450305102101496,1.7252023000755219,2.6189422604323918,5.043644916911511,66.78,0.6678000000000001,-1.9511422604323916,0.02904130834995406,0.009289577257044617,-0.056644882701623094,-0.243557376395974,-0.2663313069410148,-0.5729031643091199
2022-04-27,39235.72,0.02904130834995406,1.4536407496505679,1.7405189001185544,2.6743891794170094,5.073824687034733,65.09,0.6509,-2.0234891794170093,0.012822767969639432,-0.018276022028348656,-0.1008329089724151,-0.253668078543433,-0.3151394229669445,-0.6232539027491817
2022-04-28,39742.07,0.012822767969639432,1.415965231846006,1.6633571348426166,2.6826136902528916,5.030539856890626,63.0,0.63,-2.0526136902528918,-0.02925883015250115,-0.05198262006741743,-0.15492102526764168,-0.3249795460872914,-0.3140347326812972,-0.6502226961789431
2022-04-29,38596.11,-0.02925883015250115,1.4773320178683504,1.7307537435227789,2.736217967315615,4.351916756261231,60.54,0.6053999999999999,-2.130817967315615,-0.025328630177714796,0.02794777260462467,-0.24941367550598276,-0.24136932951702075,-0.26984317186393425,-0.6434527080229077
2022-04-30,37630.8,-0.025328630177714796,1.549188748736336,1.795267200301242,2.7032692343574634,4.344023384160732,62.23,0.6223,-2.0809692343574633,0.02201296126766681,-0.029060422568212438,-0.19328419870673544,-0.25361956629548965,-0.17042727009730133,-0.6259589275847312
2022-05-01,38468.35,0.02201296126766681,1.6052529178539348,1.8132942347899543,2.7167909825604477,4.358345550743741,62.44,0.6244,-2.0923909825604476,0.0014757090645608362,-0.06593445995866765,-0.2789622650789524,-0.2673096711884413,-0.19033683162643167,-0.656997234390584
2022-05-02,38525.16,0.0014757090645608362,1.536115868941871,1.7333522556584646,2.7098556046779927,4.311660584591619,62.42,0.6242,-2.0856556046779926,-0.02088383006942929,-0.08255688694406645,-0.2829903681263215,-0.2403638418322059,-0.25660752238414725,-0.6922536186602507
2022-05-03,37728.95,-0.02088383006942929,1.1186320160438479,1.7494126616423296,2.727902092271134,4.043710078306726,64.92,0.6492,-2.078702092271134,0.05067156251954114,-0.10293840520022422,-0.2532822654763337,-0.25937514653198773,-0.2142556711280478,-0.6727706801688369
2022-05-04,39690.0,0.05067156251954114,1.3713767215115884,1.9984357736361054,2.893711043578168,4.156207420699876,60.58,0.6058,-2.287911043578168,-0.08233682535055205,-0.27736144811060753,-0.2770147236641412,-0.2914826844776184,-0.2899451503042468,-0.7201742998164021
2022-05-05,36552.97,-0.08233682535055205,2.0724679380876725,2.509996193662071,3.262828336012326,4.417951903042965,63.13,0.6313,-2.631528336012326,-0.014861076122788424,-0.16422377613852293,-0.1542217664089437,-0.2129443843221487,-0.20210736042773217,-0.5912641596448586
2022-05-06,36013.77,-0.014861076122788424,2.01575427460738,2.499154894482712,3.117781269618802,4.421771605738252,62.19,0.6219,-2.4958812696188017,-0.015146717920837932,-0.21302780512028474,-0.18691249369435084,-0.2096864242393918,-0.18540061630725763,-0.5794160119870654
2022-05-07,35472.39,-0.015146717920837932,1.9780906940626437,2.512534292929847,3.1288525864030174,4.4157662796535115,64.87,0.6487,-2.480152586403017,-0.04126534832558704,-0.2004334811822551,-0.15283516957101778,-0.2143065139945294,-0.1228038095514678,-0.5451878728926208
2022-05-08,34038.4,-0.04126534832558704,2.087464287023425,2.6333142767009003,3.182554454783855,4.219587364777651,68.59,0.6859000000000001,-2.496654454783855,-0.12375148039084222,-0.15034386027610963,-0.17005852081964976,-0.15911370741365555,-0.08946734193690357,-0.45364017111318466
2022-05-09,30076.31,-0.12375148039084222,3.1538038669061312,3.5080095201876382,3.958220497784699,4.689731377026047,84.91,0.8491,-3.109120497784699,0.03080084662153245,0.0003467244464664879,0.008044345988962065,-0.020429496357951535,0.004262040244007825,-0.3312875890925914
2022-05-10,31017.1,0.03080084662153245,3.1833256864178394,3.3741517471989804,3.992751419996547,4.714364778300802,81.61,0.8161,-3.176651419996547,-0.0636651051045502,0.010002009729579433,-0.06033536758875426,0.02285692860943421,-0.029683647623992497,-0.3622236629075922
2022-05-11,29103.94,-0.0636651051045502,3.2673874008349877,3.5435144333611914,3.9886042691677206,4.868593263230271,101.25,1.0125,-2.9761042691677204,-0.00255239398280821,0.026115311425933752,0.011652593890511006,0.08862543345252066,-0.0004144627628800789,-0.33292170920124775
2022-05-12,29029.75,-0.00255239398280821,2.864216214413886,3.535372381703628,3.9803310801003695,4.841637264969222,114.58,1.1458,-2.8345310801003696,0.008824272580558484,0.047598311611237204,0.04262652629411576,0.026382845742174213,-0.021062680727345375,-0.37441004996528554
2022-05-13,29287.05,0.008824272580558484,2.8550911433830244,3.494969346449566,3.9517970841378096,4.753562463628446,99.66,0.9965999999999999,-2.9551970841378097,0.02693910433173367,-0.019714660543540156,-0.006092881055654027,0.03902659434828601,-0.09719220052240311,-0.4155518139915959
2022-05-14,30086.74,0.02693910433173367,2.886640282170335,3.499362072233404,3.944480026232407,4.777596258369355,93.57,0.9357,-3.008780026232407,0.040456131904645545,0.0076976215424956135,-0.014467960813477228,-0.012930426640105611,-0.2911289460856478,-0.3966771893356255
2022-05-15,31328.89,0.040456131904645545,2.8824563372029,3.558941090476123,4.009064771915289,4.7605701814551455,92.34,0.9234,-3.0856647719152894,-0.04755180340819563,-0.07033737731833355,-0.05872261791320506,-0.04788559401878855,-0.3473169108575456,-0.41979149361099555
2022-05-16,29874.01,-0.04755180340819563,1.8825824020382744,3.6729545779081265,4.109895708886565,4.845617973415335,96.37,0.9637,-3.146195708886565,0.018930606202495235,-0.014462717535422779,-0.022773930545040882,0.0015118773870931974,-0.27975957891094017,-0.3605926960489967
2022-05-17,30444.93,0.018930606202495235,1.8244583115132653,3.669088518454882,4.112205058819212,4.8435763231587865,91.46,0.9146,-3.197605058819212,-0.05848869957421896,-0.0049717853171215454,-0.06147134442351151,0.030031360019549938,-0.40032036335507154,-0.3621258648625169
2022-05-18,28715.32,-0.05848869957421896,1.760071644981226,3.711289886630002,4.227830217876035,4.966699970928016,100.59,1.0059,-3.2219302178760354,0.05435138641776955,0.013621779487886267,0.010944813405994234,0.08059117888274633,-0.3385285141266199,-0.3225662569997008
2022-05-19,30319.23,0.05435138641776955,2.0429662367488732,3.5181594005114754,4.341604616834555,5.055840724321787,91.11,0.9111,-3.430504616834555,-0.03757886695618367,-0.022165582355972893,-0.0284738423469136,-0.003782305744954273,-0.4688817368913609,-0.30126779823529337
2022-05-20,29201.01,-0.03757886695618367,2.1588728090417844,3.579424149586655,4.400124701323228,5.105134626639173,88.56,0.8856,-3.5145247013232277,0.008322856374715153,0.011614759405128456,0.08319229619818834,0.030651719964761813,-0.35017515500830654,-0.221611730231037
2022-05-21,29445.06,0.008322856374715153,2.102648147735106,3.5712492704685714,4.383862736250436,5.069318208779154,84.12,0.8412000000000001,-3.542662736250436,0.028421538420796314,-0.008311213009618165,0.07697283956200957,-0.012067056653391136,-0.3585033579512175,-0.23737006905699432
2022-05-22,30293.94,0.028421538420796314,2.029427344072265,3.525213451799673,4.402065090452577,5.093013588007887,82.49,0.8249,-3.5771650904525774,-0.039895134769211214,-0.05649955910638997,-0.01624368055194141,-0.0636892070214611,-0.3796784053801713,-0.2688583160227866
2022-05-23,29109.15,-0.039895134769211214,1.96829590794679,2.723656601281497,4.465695128185318,5.126588583763914,82.54,0.8254,-3.6402951281853175,0.018564024573910418,-0.00267696608189195,0.04511947540393999,-0.09109931946674904,-0.37592096456179175,-0.2493561385943235
2022-05-24,29654.58,0.018564024573910418,1.9670210760470412,2.6828753314425726,4.479754826745284,5.13695636179717,82.27,0.8227,-3.6570548267452834,-0.003798525195082192,-0.006308259990940606,0.0015375341733716817,-0.27666098527217053,-0.33986356225723435,-0.2782783077949309
2022-05-25,29542.15,-0.003798525195082192,1.620431952095159,2.392415496279408,4.455949952947789,5.13676205441271,82.57,0.8256999999999999,-3.6302499529477887,-0.011603116040031471,0.07157753679305981,0.010837023894416337,-0.2885942929443407,-0.3300406237251604,-0.26876767033465976
2022-05-26,29201.35,-0.011603116040031471,1.2636074475572525,2.4021687755064187,4.317073934628072,5.049355000445487,81.63,0.8162999999999999,-3.5007739346280724,-0.0197668076759755,0.08528405257162769,0.024285807932134168,-0.25698564836589927,-0.30657185736810516,-0.3149962621704315
2022-05-27,28629.8,-0.0197668076759755,1.1062895274646412,2.425821164924963,4.297895121652935,5.0620410863317655,84.72,0.8472,-3.4506951216529353,0.013927458255286653,0.04025587855444862,0.09150270444306155,-0.33884901893156,-0.3081144797822374,-0.2978714974746839
2022-05-28,29031.33,0.013927458255286653,1.126673659598348,2.385481663816892,4.299149740090613,5.0674554461636285,80.91,0.8090999999999999,-3.4900497400906128,0.014932730664861931,0.047796441485831884,0.069646365476752,-0.349473327532614,-0.336187963497646,-0.23495090704014557
2022-05-29,29468.1,0.014932730664861931,1.0275906207400294,2.2747566526336582,4.272190264184774,5.073312371425198,81.2,0.812,-3.4601902641847735,0.07408727158891816,0.007845794164312293,0.024691536601959288,-0.44040789454444723,-0.3736095361589733,-0.21182058499661838
2022-05-30,31734.22,0.07408727158891816,1.574311826152696,2.5204456961427106,4.474472586199524,5.2276734287897755,75.39,0.7539,-3.7205725861995242,0.002103399738536469,-0.06074051289864333,-0.05254057623342659,-0.43336745120649484,-0.45553165748742985,-0.2888135631015995
2022-05-31,31801.04,0.002103399738536469,1.5343680112421498,2.4946857733062195,4.454845852708294,5.217911920904189,73.06,0.7306,-3.724245852708294,-0.06479498169315473,-0.06099824463949364,-0.08903989621540077,-0.43547619751322725,-0.4666604027641524,-0.2964103349802539
2022-06-01,29805.83,-0.06479498169315473,1.970134743473926,2.550927403673809,4.6235558748438885,5.359159106241218,74.75,0.7475,-3.8760558748438885,0.021468021186670065,0.0512468258886129,-0.047445526469519675,-0.36343472482822997,-0.43564609627610335,-0.2465373877729781
2022-06-02,30452.62,0.021468021186670065,2.000127454204375,2.365843108615664,4.624532365849422,5.369147923814922,73.43,0.7343000000000001,-3.890232365849422,-0.025017916656657774,0.02184992399092008,-0.13621879487068903,-0.4210404399657316,-0.45851500904078907,-0.2690925773241645
2022-06-03,29700.21,-0.025017916656657774,2.021471416798503,2.304392155756325,4.547260169965819,5.389910820884129,71.33,0.7132999999999999,-3.833960169965819,0.005500964525962497,0.016845742437647065,-0.27819851944554214,-0.34140109643060607,-0.4302291495121553,-0.2561909110879328
2022-06-04,29864.04,0.005500964525962497,2.0066368051379886,2.3013006763496002,4.267804634827396,5.372169501359686,70.96,0.7095999999999999,-3.558204634827396,0.001845667997686214,0.008199936665216841,-0.29943131683875707,-0.34087764761957684,-0.3891567992171264,-0.26908916770533076
2022-06-05,29919.21,0.001845667997686214,1.9865660281626811,2.236601678458399,4.258496089237055,5.2778166875359664,72.04,0.7204,-3.538096089237055,0.047450088834951915,-0.02804165157590722,-0.2812714562980335,-0.3308576653002393,-0.3940153956798078,-0.2795345451821962
2022-06-06,31373.1,0.047450088834951915,1.6627654322448848,2.2898136624259964,4.344289471637721,5.3537435053262685,68.51,0.6851,-3.6591894716377205,-0.007928880711022794,-0.09869235235813267,-0.43035172337462163,-0.3996171842252988,-0.42238406334115314,-0.2969645720865705
2022-06-07,31125.33,-0.007928880711022794,1.669167614757699,2.267246285712934,4.27484092662522,5.3294387889921895,71.51,0.7151000000000001,-3.5597409266252202,-0.030022098209930834,-0.15806871886160906,-0.419119693009366,-0.405834328974398,-0.3641728291762811,-0.3045205951894308
2022-06-08,30204.77,-0.030022098209930834,1.2580510450650362,2.337546435780967,3.607420481296934,5.355463755639054,71.7,0.7170000000000001,-2.890420481296934,-0.00314484124646771,-0.29504426188318916,-0.46509943114640667,-0.3983010727609325,-0.3355496293365991,-0.26495206928996945
2022-06-09,30109.93,-0.00314484124646771,1.19083272371022,2.3277870196650667,3.5596094944305827,5.349101200643411,72.57,0.7256999999999999,-2.833909494430583,-0.0343959202434377,-0.3076312535039738,-0.38082687497306833,-0.4029910812540033,-0.33254001528359983,-0.2347493571831351
2022-06-10,29091.88,-0.0343959202434377,1.2733634339559587,2.3891004842554144,3.409282778116017,5.24711092670828,72.55,0.7254999999999999,-2.6837827781160173,-0.023200611947273582,-0.2532298047221263,-0.34643630129782643,-0.3776205065487516,-0.3325072464383676,-0.22846647673577195
2022-06-11,28424.7,-0.023200611947273582,1.3442013525140195,2.4152574487691605,3.4376298745274063,5.259309333121249,75.05,0.7505,-2.6871298745274066,-0.06730524721449922,-0.3316593710164888,-0.31598919835871025,-0.38820056980658363,-0.3533473692379401,-0.17112107363400172
2022-06-12,26574.53,-0.06730524721449922,1.8598608973712891,2.7213098209907645,3.666377785034413,5.39064247161634,93.99,0.9399,-2.7264777850344126,-0.16699764123151092,-0.26105097414775685,-0.28482164509504265,-0.32229621417010007,-0.3183596134691928,-0.10463690144740097
2022-06-13,22487.41,-0.16699764123151092,3.5800109654193313,3.947311413505549,4.832870514224085,6.238233731161648,106.0,1.06,-3.7728705142240853,-0.01573183286725236,-0.17005516926321748,-0.06320257698506387,-0.1520306300666131,-0.10554824324997775,0.08177834355395898
2022-06-14,22136.41,-0.01573183286725236,3.5894102662380196,3.9585333882046267,4.780123060282413,6.238764045614795,103.09,1.0309,-3.7492230602824135,0.020005528538409763,-0.07319562146909446,-0.04144633078081966,-0.08972548237836926,-0.07247458275345,0.09905383334316839
2022-06-15,22583.72,0.020005528538409763,3.5638409978776475,3.779372314306011,4.7085378501791775,6.249925713518054,89.15,0.8915000000000001,-3.8170378501791773,-0.10163017824163617,-0.0932064965757001,-0.04958620900220571,-0.11274393938177439,-0.08083311713805645,0.07346267224374102
2022-06-16,20401.31,-0.10163017824163617,4.057995292103529,4.229114371425005,5.0803048543492855,6.536033036858308,119.65,1.1965000000000001,-3.883804854349285,0.0033031496542327322,0.01567017265777864,0.030734539149322764,0.007967660033468453,0.038194498492554685,0.16639776516013613
2022-06-17,20468.81,0.0033031496542327322,4.004932493394109,4.202491964487268,4.956293084789832,6.514552132995885,108.67,1.0867,-3.8695930847898317,-0.0760018363469714,-0.023770670947285754,0.01328536403496813,0.054946863833084884,0.015962257126919017,0.1530806755971734
2022-06-18,18970.79,-0.0760018363469714,4.236904317344098,4.445023674900908,5.059144819440981,6.666669104807561,115.03,1.1503,-3.9088448194409806,0.08112771492687064,0.10685259227815347,0.066798358385474,0.12954980180980738,0.16761393865606766,0.20738216002052207
2022-06-19,20574.0,0.08112771492687064,4.324376519344329,4.707368143520041,5.242311182868721,6.844189062644696,109.97,1.0997,-4.1426111828687215,-5.346568195921985e-06,0.03174929068827478,-0.02216420628093498,0.04828685968946838,0.12856342477726954,0.11974475366223314
2022-06-20,20573.89,-5.346568195921985e-06,2.9190811648404207,4.619254632454111,5.239899142255393,6.831895455237439,99.27,0.9926999999999999,-4.2471991422553925,0.007246490991842595,0.04362028757349442,-0.03118420525092519,0.01392905485945885,0.12113328889422312,0.012582190647387942
2022-06-21,20723.52,0.007246490991842595,2.906865586183368,4.618845482965638,5.213527468299431,6.823418917470475,97.96,0.9795999999999999,-4.233927468299432,-0.03613769395083157,0.015064366491544124,-0.0722113714478734,-0.03735817087922992,0.11082008935738477,0.01990100456240244
2022-06-22,19987.99,-0.03613769395083157,2.9631828032726757,4.634804740629799,5.203517294190612,6.857042015974444,99.76,0.9976,-4.205917294190612,0.05462142687846785,0.03705603498225376,-0.037474569075057466,-0.03353796837415026,0.12656482596746813,0.07364712501933067
2022-06-23,21110.13,0.05462142687846785,2.4697078639927605,4.750450791683048,5.295260374427243,6.935992051662618,91.46,0.9146,-4.380660374427243,0.0060244133369918825,-0.04005423389267945,-0.08882805308154923,-0.04234566626491373,0.06158525446230359,0.013629958010897909
2022-06-24,21237.69,0.0060244133369918825,2.4715828208437136,4.7061880452159714,5.296013885107774,6.92121759912443,90.66,0.9066,-4.389413885107774,0.011865650317023644,-0.05391349696920968,-0.04827915159754963,-0.031028251972630202,0.06127295339050053,0.013629003943640841
2022-06-25,21491.19,0.011865650317023644,2.0129007535138688,4.690749155287006,5.296226200423379,6.832798791351619,86.66,0.8665999999999999,-4.429626200423379,-0.02130943009010775,-0.07480449282441945,-0.0631577303795686,-0.031246908135850723,-0.008424404802326368,-0.005744863997349067
2022-06-26,21038.07,-0.02130943009010775,1.3472899529231652,4.529395378889359,5.298409217557683,6.822392741071735,90.26,0.9026000000000001,-4.395809217557684,-0.014146025460121855,-0.08727573793941742,-0.02276687911585427,0.007459959343231902,0.010242982307553444,0.02446156452374577
2022-06-27,20742.56,-0.014146025460121855,1.374128949578646,3.2263392904336983,5.2986205616033875,6.823347297592829,89.09,0.8909,-4.407720561603387,-0.022488841996465433,-0.07453060405731123,0.04166149979811677,0.0026768930919508134,0.10123705645750053,-0.024474907619876116
2022-06-28,20281.29,-0.022488841996465433,1.4330602393955099,3.2409148686556843,5.3083507635249685,6.813970757349291,87.5,0.875,-4.4333507635249685,-0.007834849739538354,-0.04877381918886968,0.0627514434243335,0.10081558027059348,0.16178895116235484,-0.012088277601678406
2022-06-29,20123.01,-0.007834849739538354,1.26467450759343,3.22177807053304,5.118352871298856,6.798414597520829,91.37,0.9137000000000001,-4.204652871298856,-0.009025345538186133,0.005634345371660066,0.07045106597040349,0.15072763105820441,0.16671809438583038,-0.028601734638937337
2022-06-30,19942.21,-0.009025345538186133,0.7349528996607121,2.5767445931227586,5.121098808241825,6.787584590645492,94.14,0.9414,-4.179698808241826,-0.03378067520510561,0.01164676244485089,0.04511326011038401,0.15231749414514834,0.17025006778389834,0.017079092303817548
2022-07-01,19279.8,-0.03378067520510561,0.9712994044468607,2.65558734997902,5.0109634499654945,6.81813930810258,92.97,0.9297,-4.081263449965494,-0.001400891578015631,0.06450885882356318,0.03485320056864354,0.18303146080525817,0.18910870850312533,0.027212737577748697
2022-07-02,19252.81,-0.001400891578015631,0.9448540414233055,2.223627352568468,4.994221790487778,6.8065079809967015,92.23,0.9223,-4.071921790487778,0.003267942871976135,0.11619210385542807,0.003936600700907265,0.16403939504252574,0.1894224317166248,0.040573127151719145
2022-07-03,19315.83,0.003267942871976135,0.854929031054012,1.5956484153430093,4.971689571554707,6.737601372095518,92.07,0.9207,-4.050989571554707,0.04657331482099153,0.11152526261320315,0.046482386816635496,0.15041330754385282,0.17403823842422245,0.04135879860739071
2022-07-04,20236.71,0.04657331482099153,1.203983126285113,1.8269662663687545,5.049590474136598,6.611544475956074,86.99,0.8698999999999999,-4.1796904741365974,-0.0030129284649952903,0.06481672059874326,0.017250899624919266,0.10955210498805017,0.12006763151179566,-0.014175909726917957
2022-07-05,20175.83,-0.0030129284649952903,1.126184140134636,1.8226223874481258,5.049795437624861,6.60569624671799,86.08,0.8608,-4.188995437624861,0.019081421173606727,0.03346649766553303,0.03191082224371783,0.05473332557724233,0.11448085049761152,-0.01719360097017997
2022-07-06,20564.51,0.019081421173606727,1.1742154705127328,1.7257414584311648,4.981117264595982,6.609416026929952,82.25,0.8225,-4.158617264595982,0.05028235345384914,-0.029655658254919653,0.03022683845908611,0.03300986142340771,0.12541949125458254,-0.027819501066682684
2022-07-07,21624.98,0.05028235345384914,1.507277418614107,1.6769141246300283,5.070642729899627,6.6321702814564345,81.35,0.8134999999999999,-4.257142729899627,-0.0013988983702488548,-0.11225550315452075,-0.03898460670616586,0.0595755566593836,0.0596522339868502,-0.0883267989579207
2022-07-08,21594.75,-0.0013988983702488548,1.3623823159899628,1.673173065764866,5.038169095993409,6.196501462010934,78.39,0.7839,-4.254269095993409,-0.00013522719346830976,-0.06504287579656766,0.038064136846260116,0.09903750773802147,0.07059756004662956,-0.13909295261671129
2022-07-09,21591.83,-0.00013522719346830976,1.3621218513675848,1.6577469944376344,5.037811494557621,6.168497743173555,73.55,0.7354999999999999,-4.302311494557621,-0.03436315139820555,-0.04756582097382406,0.08027656508780098,0.09626702841542692,0.09779065810046472,-0.11258095977518293
2022-07-10,20862.47,-0.03436315139820555,1.5107877058060153,1.7359098882584758,5.037729870981999,6.082921281271259,75.86,0.7585999999999999,-4.279129870981999,-0.04404073474684607,-0.001555675421815138,0.10720423403476455,0.12513680767351454,0.1040407697025956,-0.07682292704849623
2022-07-11,19963.61,-0.04404073474684607,1.482807005054403,1.910050256568576,5.088241670226459,6.140643488175508,80.52,0.8051999999999999,-4.283041670226459,-0.032317491445751946,0.05988249671400586,0.14817826023661462,0.15425550793448164,0.18222629560393827,0.06761404763821278
2022-07-12,19328.75,-0.032317491445751946,1.6051842985661957,1.960843530181396,4.961649729338979,6.169302561817131,85.86,0.8586,-4.103049729338979,0.045813728987704215,0.07327089644835486,0.16010279434161834,0.18548583101571742,0.21372271202179186,0.11333515233647014
2022-07-13,20234.87,0.045813728987704215,1.7915963788542744,2.1421016679689098,3.899342031145415,6.209791114289901,80.89,0.8089,-3.090442031145415,0.017341827629275455,0.10310701264282784,0.10393092072721732,0.12755585160758712,0.18732658680393655,0.07573442581784985
2022-07-14,20588.84,0.017341827629275455,1.5481447975905624,2.1607030177631374,3.9018334086959396,6.170403586529773,81.35,0.8134999999999999,-3.0883334086959398,0.011646994153803221,0.1278423860616251,0.09230120536313094,0.10281673188687637,0.17152841609661826,0.0841215807788453
2022-07-15,20830.04,0.011646994153803221,1.5638258190438616,2.074038757407966,3.889439082178522,6.107214181650064,78.7,0.787,-3.102439082178522,0.01739743738897494,0.10875990945657954,0.022822503333524324,0.08257002825389362,0.15429578938179753,-0.03202284373610026
2022-07-16,21195.6,0.01739743738897494,1.5987555691493789,2.100332189883117,3.3864787366597544,6.105549577799984,81.99,0.8199,-2.5665787366597543,-0.018929091711402925,0.08829576352260872,0.002783022964321509,0.09519265279549649,0.12820326666758156,-0.0467896047710454
2022-07-17,20798.16,-0.018929091711402925,1.5019324730566757,2.1303240705669046,3.4051489145061646,6.013308596130586,81.29,0.8129000000000001,-2.5922489145061647,0.07564984518217717,0.08683189789326355,0.09856016336554958,0.09863684069301615,0.1371184184702544,-0.05415045859312728
2022-07-18,22432.58,0.07564984518217717,1.9070160750957723,2.4156628334500847,3.402286791405684,6.096761576037732,83.39,0.8339,-2.568386791405684,0.04207720104807247,0.0008239080843893923,0.0609733708917613,0.03253342320036948,0.039768221364454424,-0.12466577595822491
2022-07-19,23396.62,0.04207720104807247,1.9752787341883853,2.545258868975869,3.1336020540792764,6.107478069658565,82.9,0.8290000000000001,-2.304602054079276,-0.007435482451242203,-0.035541180698494185,0.015990463327625864,0.017514093012663517,-0.008818671115036389,-0.15119436995609242
2022-07-20,23223.3,-0.007435482451242203,1.7764593802570046,2.5230191268452264,3.1368202624049473,6.107060207632069,83.99,0.8399,-2.296920262404947,-0.003066708544995841,-0.08593740612305528,0.017932573638749973,-0.003163464332168735,-0.10855109824683519,-0.17904934594896446
2022-07-21,23152.19,-0.003066708544995841,1.7462734367679948,2.3337144705957984,3.134311300595412,6.0831551017340315,82.38,0.8238,-2.310511300595412,-0.02039295734074819,-0.08551274055828728,0.006077247697867056,0.03404803536732365,-0.09091908479498227,-0.16977824918227213
2022-07-22,22684.83,-0.02039295734074819,1.7753172398770718,2.3658618925273194,3.08205051071061,6.047778731196465,84.28,0.8428,-2.23925051071061,-0.010358144626696868,0.011728265472285969,0.025383036674099135,0.0536199176801735,-0.05291770094813753,-0.18385812401403315
2022-07-23,22451.07,-0.010358144626696868,1.7551175811131006,2.3741223838333303,2.9067540356750623,6.040612672311693,80.45,0.8045,-2.1022540356750623,0.005712112265188854,0.06014946280737199,0.02362493088036979,0.08339566607671939,-0.04795529645140564,-0.19565837535535927
2022-07-24,22579.68,0.005712112265188854,1.720919431282002,2.2841551704264993,2.906523899546795,6.041162491598041,83.17,0.8317,-2.0748238995467947,-0.05783170787580325,0.051531644026120205,0.010515526523745329,0.07922721073348754,-0.047643949446859846,-0.15169330362930897
2022-07-25,21310.9,-0.05783170787580325,1.4468760746072373,2.3937754042400323,3.101166932422008,6.137364932020809,81.35,0.8134999999999999,-2.2876669324220082,-0.002642042980227913,0.10386997976180527,0.059747524920369416,0.13147328604827319,0.0026795408049772778,-0.09963651763491684
2022-07-26,21254.67,-0.002642042980227913,1.204063560818614,2.3133298805462377,3.074742375317541,6.125943267062924,81.39,0.8139,-2.2608423753175413,0.07684804868982513,0.09158998825615441,0.09240962983117498,0.12542024370326005,0.014218582216192365,-0.1163306455957281
2022-07-27,22952.45,0.07684804868982513,1.893447059509802,2.5963338954898343,3.396550125602513,6.293801125836169,76.49,0.7648999999999999,-2.631650125602513,0.03806305270838894,0.013654771201813121,7.667732746664123e-05,0.038558255104705,-0.1257119640773766,-0.19917533862286083
2022-07-28,23842.93,0.03806305270838894,2.02744163527156,2.6758158569666413,3.4468485988996385,6.32924585494611,76.89,0.7689,-2.6779485988996385,-0.0029057065160629104,-0.036524531927002155,-0.02843994769139189,-0.021205149527306903,-0.17387722876403328,-0.21512954868993417
2022-07-29,23773.75,-0.0029057065160629104,1.9904290462588778,2.667125623287319,3.4440443563644574,6.169195866864587,75.03,0.7503,-2.6937443563644576,-0.0054933721401181045,-0.04101611750237464,0.0015236296850376998,-0.02480913444266231,-0.1953198290247678,-0.2199869633174668
2022-07-30,23643.51,-0.0054933721401181045,1.9833459531630506,2.648414411201644,3.4413259696113974,6.1699576524395745,78.55,0.7855,-2.6558259696113975,-0.014922034485878831,-0.04412245484143587,-0.021096037970918812,-0.12648367188558526,-0.15317097548008088,-0.1971549861105911
2022-07-31,23293.32,-0.014922034485878831,2.0007561979316564,2.6390507862725765,3.392268269037668,6.051217952281169,78.66,0.7866,-2.6056682690376682,-0.001087168364516185,0.0008196415750205894,0.027970787669456657,-0.09699633249284935,-0.16189597092537658,-0.173070315058879
2022-08-01,23268.01,-0.001087168364516185,1.6681462528140154,2.208203409119796,3.392226275461473,6.037338022383222,77.69,0.7768999999999999,-2.6153262754614732,-0.012116250420426194,-0.013578093874346322,0.028236881006074487,-0.07830073762223667,-0.14884930456490547,-0.18064160446225916
2022-08-02,22987.79,-0.012116250420426194,1.6833738041130213,2.0696657756423247,3.399541791301932,6.022838333104597,77.79,0.7779,-2.621641791301932,-0.007397292091435454,0.008084584235610185,0.05977073519634943,-0.07158022733177537,-0.1326794398168318,-0.1742909128654245
2022-08-03,22818.37,-0.007397292091435454,0.8355644167357936,2.0696158246595777,3.2840744939581077,6.023579437374198,75.87,0.7587,-2.5253744939581075,-0.008599709479179367,0.04253974718741238,0.06871168420974208,-0.058159475970605244,-0.1342435412387136,-0.18014192005148688
2022-08-04,22622.98,-0.008599709479179367,0.4431150385795316,2.0753001040447034,3.2876778254051833,6.02571650889069,73.67,0.7367,-2.5509778254051834,0.030020061930577643,0.023026416870517135,0.07172576112790384,-0.05706798411539203,-0.13167445146779155,-0.14195406368234847
2022-08-05,23312.42,0.030020061930577643,0.7226400888548133,2.1175496419709074,3.3173586262920876,5.984680230312283,71.85,0.7184999999999999,-2.5988586262920874,-0.01548490381388308,0.027151146094436147,0.03301061387208519,-0.07819104761498259,-0.1532389923212654,-0.13650405886074765
2022-08-06,22954.21,-0.01548490381388308,0.7737664781310366,2.128937700499373,3.188973780879536,5.99007274324954,71.7,0.7170000000000001,-2.471973780879536,0.009546427689530375,0.0418149748804207,0.03848157777723822,-0.1257886414048432,-0.14797903294477105,-0.12988723199439733
2022-08-07,23174.39,0.009546427689530375,0.7420950607284753,2.133947150873127,3.1940731853473934,5.9653374886236135,73.6,0.736,-2.458073185347393,0.02705787086036656,0.051686150960739176,0.007234798164085074,-0.1454372810726415,-0.20969051266334107,-0.1492839521841821
2022-08-08,23810.0,0.02705787086036656,0.9041573590473428,1.8974225809494594,3.235633430393132,5.987392450021505,75.17,0.7517,-2.4839334303931317,-0.028113039796074532,0.02617193702232969,-0.026332764127700012,-0.19684345870980546,-0.2103716178756476,-0.19814930732587105
2022-08-09,23149.95,-0.028113039796074532,1.0258618040302314,1.9713294512440345,3.2135334664138644,5.975409575313329,74.67,0.7467,-2.4668334664138643,0.03414479115449657,0.048699344257386805,-0.10538763391466649,-0.1320749375091621,-0.1808636967510919,-0.17579420970124698
2022-08-10,23954.05,0.03414479115449657,1.2074605728151102,1.468376290130708,3.169288516770094,5.994546938439947,70.87,0.7087,-2.4605885167700943,-0.0008210750278983731,0.005859467777649105,-0.12496712016230603,-0.18986675859483323,-0.11461224796572554,-0.20885502561823777
2022-08-11,23934.39,-0.0008210750278983731,1.1963333685455004,1.2757603482279751,3.108604571185105,5.855031205437123,71.48,0.7148,-2.3938045711851053,0.01941760376984897,-0.003333397103182509,-0.10653761862831113,-0.1770861855709799,-0.10038755968532172,-0.2239608059329293
2022-08-12,24403.68,0.01941760376984897,1.1135056547721833,1.3274424813262988,3.005818609617088,4.923394539317122,70.27,0.7027,-2.303118609617088,0.0015436569219570487,-0.04445135279665426,-0.13135096252812486,-0.19245017501318126,-0.11159216098608668,-0.24714204237308796
2022-08-13,24441.38,0.0015436569219570487,1.073892021279032,1.3236157433507931,2.9876488304680597,4.914300508049232,70.6,0.706,-2.2816488304680598,-0.005585632561017508,-0.05250470115002965,-0.12687116018034733,-0.20295522544845557,-0.0874068353177731,-0.24368615073534625
2022-08-14,24305.24,-0.005585632561017508,1.0636577465638264,1.2969475243751525,2.981261498572756,4.900577159564981,70.89,0.7089,-2.272361498572756,-0.008695085325241067,-0.15408697817205327,-0.12879374524329595,-0.20340021259569552,-0.1863186331178978,-0.22670168006576324
2022-08-15,24094.82,-0.008695085325241067,0.944318055787309,1.3073779562182424,2.9673289194960164,4.502585829312534,70.2,0.7020000000000001,-2.2653289194960164,-0.01001393990872997,-0.130826587939955,-0.11120166148706781,-0.1862496061933504,-0.1749928714386269,-0.22828888555610186
2022-08-16,23854.74,-0.01001393990872997,0.7999145112739972,1.3008672746728922,2.9514165093199716,4.506206668745786,71.55,0.7155,-2.2359165093199715,-0.021700351923622782,-0.10320422152512851,-0.16427021918208157,-0.1864606107220093,-0.19126887706338178,-0.22389850804018077
2022-08-17,23342.66,-0.021700351923622782,0.6214517533363336,1.3579997483901818,2.6065075625407084,4.285958129118329,75.32,0.7532,-1.8533075625407083,-0.0065096914314182845,-0.08689960973147065,-0.15267207923672646,-0.21692531082742594,-0.16443399732267944,-0.19209746858288415
2022-08-18,23191.2,-0.0065096914314182845,0.6335798938694004,1.3537492421460424,2.4825631480733015,3.99782210928669,74.82,0.7482,-1.7343631480733015,-0.10716790958304105,-0.07436645903031762,-0.1705106945821055,-0.18403885374794765,-0.1423756988410561,-0.17080477109065725
2022-08-19,20834.39,-0.10716790958304105,2.1108797626633553,2.3865682926812157,3.2148018534023226,4.491613553643418,81.24,0.8123999999999999,-2.402401853402323,0.014565304906857087,0.025293232928757188,-0.026687303594495664,-0.07547606283642538,-0.07049824770212923,-0.07507913896529998
2022-08-20,21140.07,0.014565304906857087,2.128938158212848,2.3844541838461644,3.2262907959033034,4.498095111129874,77.7,0.777,-2.4492907959033032,0.017608426506096567,0.019624926452887305,-0.06489963843252719,0.010354872196580425,-0.07885916438728996,-0.10022776964173595
2022-08-21,21515.61,0.017608426506096567,2.152710066383369,2.4011514803805123,3.220299590189679,4.457506567706586,79.02,0.7902,-2.430099590189679,-0.005395740129964921,-0.06106599765695297,-0.07054856694266892,0.0061500589429894946,-0.1309404230658956,-0.12213585358567526
2022-08-22,21399.83,-0.005395740129964921,2.1487651333748072,2.3471106043161187,3.215866102833317,4.334860299394388,80.35,0.8035,-2.412366102833317,0.00602345926973469,-0.06577246950525584,-0.06109921248505632,0.01975880154203817,-0.14770307890395365,-0.11033015220249967
2022-08-23,21529.12,0.00602345926973469,2.143322821840169,2.2877272442246306,3.2160734508315287,4.3348598154704066,77.78,0.7778,-2.4382734508315287,-0.007508217623966096,-0.09614423555178786,-0.07608406526810825,0.03946432486257417,-0.10404935418244904,-0.11426962146842536
2022-08-24,21368.08,-0.007508217623966096,2.1077306658804904,2.1974373350832597,3.0237327689801017,4.331304214777785,75.59,0.7559,-2.2678327689801017,0.008896998430986994,-0.051980536523253004,-0.07460646735239952,-0.057524887874601804,-0.10231605843989407,-0.08787999906955055
2022-08-25,21559.04,0.008896998430986994,2.1109129403798947,2.2039457624403673,3.02808589170514,4.315477359703915,73.83,0.7383,-2.28978589170514,-0.06308249760374372,-0.08452456488541453,-0.07504794470628273,-0.06379120995155922,-0.1305492278119204,-0.10915141028852618
2022-08-26,20241.05,-0.06308249760374372,1.3101237661346425,2.4843988518377085,2.909679273058031,4.472447453888527,72.6,0.726,-2.183679273058031,-0.010102211978267828,-0.009482569285715966,-0.02219039153992777,-0.02699865788130024,-0.0734633745454842,-0.007984939670801968
2022-08-27,20037.6,-0.010102211978267828,1.2946969468669616,2.4917098277530925,2.8239463343917124,4.455944138256313,73.03,0.7303000000000001,-2.093646334391712,-0.024348306776797283,0.004673257020199373,-0.06425323159069957,-0.011761918085952958,-0.04125231992590082,0.03597567911251739
2022-08-28,19555.61,-0.024348306776797283,1.3339625595257643,2.532511942740807,2.8614642707189826,4.477657791882625,76.17,0.7617,-2.0997642707189828,0.03665548140456874,0.020060170283679672,-0.013528159165842055,0.02813499574104936,-0.024667134292699035,0.0371177685414073
2022-08-29,20285.73,0.03665548140456874,1.503080959797571,2.622297460265185,2.9440424577662063,4.528808940798,73.2,0.732,-2.2120424577662066,-0.023647029931174457,-0.022625930829146556,-0.04878875924192969,-0.04381094410763357,-0.043984010630510155,0.014977197622279571
2022-08-30,19811.66,-0.023647029931174457,1.5652829962016326,2.65404287396019,2.964829495228932,4.505296654483393,75.78,0.7578,-2.207029495228932,0.011959497995954903,0.009476620179131885,0.07525451062910762,-0.013959525954762648,-0.011174344133502486,0.04914712925675501
2022-08-31,20050.02,0.011959497995954903,1.575354053301543,2.63140056873647,2.973548104652123,4.511007363617516,75.04,0.7504000000000001,-2.223148104652123,0.004053614327647557,-0.012707822254211895,0.07669862588565825,-0.06039185612322669,-0.03179229989735366,0.028394016158131145
2022-09-01,20131.46,0.004053614327647557,1.5680707395353246,2.629600594396448,2.965535811174201,4.511240077646608,77.83,0.7783,-2.187235811174201,-0.008961393513317224,-0.06892648861089903,0.08085801402709453,-0.08660386641889738,-0.04161147304859271,0.01768931119084402
2022-09-02,19951.86,-0.008961393513317224,1.0176817747480984,1.6589455920087492,2.967110003387627,4.425933466972716,74.66,0.7465999999999999,-2.220510003387627,-0.006030619708257377,-0.03358832944952163,0.11554839013068259,-0.02796528891434081,-0.04589837881277331,0.02630317029133998
2022-09-03,19831.9,-0.006030619708257377,1.0058333313659542,1.6394940910882738,2.9647972363377195,4.427058632574989,77.86,0.7786,-2.1861972363377196,0.008455521077103931,-0.026162828412783147,0.017081579477797686,-0.027709591087494555,-0.010279612214556892,0.016003846995807137
2022-09-04,20000.3,0.008455521077103931,0.9063167521454455,1.612720113794082,2.9132763565787396,4.414979885031779,76.01,0.7601,-2.1531763565787396,-0.010224944437388826,0.06577789044997578,0.011256734754723515,-0.05550128310563772,0.0167349334605176,0.010322384763551906
2022-09-05,19796.84,-0.010224944437388826,0.6075752981377084,1.6212341331877738,2.9047924492737685,4.313626426627024,76.88,0.7687999999999999,-2.1359924492737683,-0.052165052029039496,0.0894064481398702,-0.004808266341372365,-0.05127298300555643,0.018091800950373823,0.06604759768038593
2022-09-06,18790.61,-0.052165052029039496,1.0762349289796402,1.8995769214627165,3.065581589026404,4.427176751873918,81.46,0.8146,-2.250981589026404,0.02637676564806005,0.14978450263799353,0.052491313504746624,0.023000911664798708,0.06040656047915901,0.12532021783810504
2022-09-07,19292.84,0.02637676564806005,1.166198373249583,1.9600405707595887,3.063414181355623,4.455763699121439,76.12,0.7612000000000001,-2.3022141813556227,0.0013948813284810479,0.14913671958020416,0.04166315490689141,-0.011138975126856923,0.012222310549776344,0.08028206635924938
2022-09-08,19319.77,0.0013948813284810479,1.1639292165003654,1.9528382076377997,3.016080474293022,4.40721439995532,75.72,0.7572,-2.2588804742930217,0.10039623993986292,0.043244407890580844,0.004977815134296124,0.004804748611419673,0.005069487049844969,0.06373147659238472
2022-09-09,21360.11,0.10039623993986292,2.2370521103575762,2.457657083303064,3.514282698041695,4.732290416308577,75.12,0.7512000000000001,-2.7630826980416945,0.013403613252505489,-0.05452115569525238,-0.08921403658387042,-0.08642885476261021,-0.09424277765251214,-0.14120471213383537
2022-09-10,21648.34,0.013403613252505489,2.24871128371844,2.463412902460602,3.5235651776890675,4.698822612252554,78.15,0.7815000000000001,-2.742065177689067,0.008213002469083833,-0.09421471448124251,-0.13709048200888505,-0.10849092578301194,-0.12357324624760761,-0.3071761047656707
2022-09-11,21826.87,0.008213002469083833,2.2483831861186054,2.4241775939151657,3.5074935834883463,4.619248505128548,78.91,0.7890999999999999,-2.7183935834883464,0.02572898259027063,-0.0972931891332471,-0.16746188044599197,-0.12246948707568733,-0.13554988138700125,-0.21517753879448454
2022-09-12,22395.74,0.02572898259027063,2.2931832214632477,2.372306268192976,3.5416471291182714,4.633498669622001,79.15,0.7915000000000001,-2.7501471291182713,-0.10449743036114226,-0.10747356467331266,-0.14351367904502332,-0.1614467689434558,-0.1562793154175732,-0.27153006504635463
2022-09-13,20173.57,-0.10449743036114226,2.8724813657002515,3.067479554724203,4.064181574861979,5.04038609595732,81.07,0.8107,-3.253481574861979,0.002630676354029713,-0.03826659275628474,-0.04479117056529222,-0.027361191692354587,-0.040383046947865514,-0.18227565620480787
2022-09-14,20226.71,0.002630676354029713,2.8283798081030462,3.059371011279116,4.061096181442868,5.029666302192148,78.19,0.7818999999999999,-3.279196181442868,-0.026289945533484776,-0.03469288088861795,-0.06675801786036119,0.005478198705794119,-0.05329601411747495,-0.21400928680410022
2022-09-15,19701.88,-0.026289945533484776,2.87250692110569,3.0993591648634795,4.087563359003135,5.041729229674227,76.05,0.7605,-3.327063359003135,0.00513452781707948,-0.042875767527642494,-0.046464716664183975,0.02290006729174609,-0.03262963097679903,-0.17013976473800116
2022-09-16,19803.3,0.00513452781707948,2.14054568303794,3.096181190697283,4.067667196465656,4.831128035436929,70.57,0.7056999999999999,-3.3619671964656566,0.0155486070502051,-0.07016869131274493,-0.029490401839947826,0.007915246974412506,-0.02766347126020478,-0.15850124130890153
2022-09-17,20113.62,0.0155486070502051,2.1458339107931153,3.108264083090803,4.076602905878509,4.773029544889569,69.14,0.6914,-3.3852029058785096,-0.03529045844411419,-0.03604011437171057,-0.05280213003374845,-0.029440844357114988,-0.028429072249601197,-0.18822090824595272
2022-09-18,19416.18,-0.03529045844411419,2.2437824504835033,3.1764424497727966,3.5890468861367597,4.818320091850165,74.86,0.7486,-2.8404468861367596,0.006204388221696427,-0.006524577809007474,-0.00017306652287660008,9.167191554889475e-05,-0.004580891263170759,-0.15114362791383854
2022-09-19,19537.02,0.006204388221696427,2.1924842654498478,3.17264503867762,3.580205854408674,4.819421776486523,70.23,0.7023,-2.8779058544086737,-0.03447283217250921,-0.03206513697174328,0.002785181821260263,-0.005028741068641831,-0.02136860525444602,-0.15687546214014347
2022-09-20,18875.0,-0.03447283217250921,1.1202898394625893,3.0832123703530865,3.6247014453527653,4.848586393838749,75.86,0.7585999999999999,-2.8661014453527653,-0.022158395968022992,-0.003588949136541629,0.02859955622587301,0.013517235761277386,0.008804569480220245,-0.12238885797848284
2022-09-21,18461.36,-0.022158395968022992,1.1965518601542815,3.071069633356381,3.6478825297097033,4.8630074791134765,76.7,0.767,-2.8808825297097034,0.049677183991239306,0.040678289472796954,0.04499239337030469,0.03191199905899059,0.037372926701453875,-0.12572841092833942
2022-09-22,19401.63,0.049677183991239306,1.4422960012552573,3.2142672208509664,3.7675667546151046,4.953553037126423,74.81,0.7481,-3.0194667546151046,-0.005774921881411174,-0.016762015662037836,-0.017933089898432588,-0.012765636372549908,-0.0102202672859763,-0.20653202203241833
2022-09-23,19289.91,-0.005774921881411174,1.4431797434244285,2.58160872190248,3.7664513315772923,4.830022307541077,74.23,0.7423000000000001,-3.024151331577292,-0.019336170941039267,0.006351511286130856,0.017429978872937645,0.0044081236174267615,0.0144360593703435,-0.17290933726746507
2022-09-24,18920.5,-0.019336170941039267,1.4597926601484479,2.5953030234122867,3.7807052808936445,4.843865872267812,73.21,0.7321,-3.0486052808936446,-0.0059966443373075,0.034850318793003474,0.0722362165661553,0.013462003742886197,0.021397817523394154,-0.13065596312347316
2022-09-25,18807.38,-0.0059966443373075,1.2998241842858254,2.5930874638453805,3.585300012321348,4.6174245690010975,75.88,0.7587999999999999,-2.826500012321348,0.02210884264131569,0.032188505362414764,0.06936478395593011,0.013835085687384868,0.06547843487468213,-0.12490990564865354
2022-09-26,19227.82,0.02210884264131569,1.3615817194743887,2.5808704022193734,3.6049325312025378,4.579324344709241,76.71,0.7670999999999999,-2.8378325312025376,-0.00776312114359553,0.004314103897507556,0.037405648814360176,0.0018269305797430882,0.07722799903841819,-0.1516568889850316
2022-09-27,19079.13,-0.00776312114359553,1.2008932464415516,1.6423135856930742,3.577869344606483,4.581389180115147,76.88,0.7687999999999999,-2.809069344606483,0.01733860506675769,-0.0011710742363946628,0.023361285676633484,0.024373057784147185,0.061784902834106294,-0.1477487532996428
2022-09-28,19412.82,0.01733860506675769,1.1716059618662593,1.6746333580575878,3.5242666057969902,4.5921499433126005,79.4,0.794,-2.73026660579699,0.009162636565833372,0.01107846758680662,0.00026473843842527724,-0.004407824740294134,0.0589612082527896,-0.16689899768350303
2022-09-29,19591.51,0.009162636565833372,0.7089065200800247,1.607098693126491,3.499570951773231,4.586633927214428,77.52,0.7752,-2.7243709517732313,-0.008658457767896248,0.03738589777315194,-0.00781392288990203,-0.024153787075706194,0.060321473390257487,-0.18928847067730153
2022-09-30,19422.61,-0.008658457767896248,0.7195411389200868,1.6126088249879493,3.4960198355394336,4.589568936312582,74.06,0.7406,-2.7554198355394335,-0.00576555882359139,0.03717627859351558,-0.015082320464595683,-0.019794986745652766,0.06018631605548478,-0.1665665806291932
2022-10-01,19310.95,-0.00576555882359139,0.6272190364515765,1.5888355265132152,3.496897238478345,4.585051029577981,72.26,0.7226,-2.7742972384783453,-0.013248299277497894,0.03309154491685273,-0.013080394311313963,-0.007619466668850636,0.05930078423943665,-0.11787909975995596
2022-10-02,19056.8,-0.013248299277497894,0.6665900364520235,1.460782388568339,3.5018626844001366,4.589856646192455,76.42,0.7642,-2.737662684400137,0.029588146889959064,0.024532359913028167,0.005167453525882626,0.007712822612456159,0.07220154910411317,-0.11554271247672346
2022-10-03,19629.08,0.029588146889959064,0.7651615967257684,1.5618505203478212,3.545322289036574,4.62161581979023,70.07,0.7006999999999999,-2.844622289036574,0.0354700667521785,-0.010813729148381314,-0.013021855255510851,-0.0029939195025939966,0.02628345921036392,-0.13835832819643593
2022-10-04,20337.82,0.0354700667521785,1.011281868628369,1.5699794925939048,3.605888241428434,4.635688637028218,69.87,0.6987000000000001,-2.907188241428434,-0.008868076947532767,-0.04519982066305401,-0.05877421282326916,-0.05083839904276117,-0.0064125486969657305,-0.18604470830193645
2022-10-05,20158.26,-0.008868076947532767,0.9703951248553395,1.5212913028817237,3.6045768217880614,4.629340475438118,71.16,0.7116,-2.8929768217880616,-0.009850292500254246,-0.05225859905811126,-0.055529698268545154,-0.003886349081247906,0.047955796730012254,-0.16420238865574238
2022-10-06,19960.67,-0.009850292500254246,0.9728508813644624,1.203738880149504,3.4691719561749608,4.629572824839076,68.73,0.6873,-2.7818719561749607,-0.02180748428132239,-0.04617193922816668,-0.03557871823461719,0.03982235022405796,0.06491365735894603,-0.16253186678718226
2022-10-07,19530.09,-0.02180748428132239,1.045302309135795,1.2690139353383951,3.457570384272722,4.61944795497585,65.99,0.6598999999999999,-2.797670384272722,-0.005757942171450429,-0.019364906387145445,0.001011772107513772,0.038423617157472834,0.06805975580947293,-0.13352371219785963
2022-10-08,19417.96,-0.005757942171450429,1.0452869851158881,1.219027727715784,3.4592172462432864,4.589436281736418,64.84,0.6484000000000001,-2.8108172462432863,0.001083975237505919,-0.002208126107129571,-0.00467256317871956,0.05869646981436416,0.05866198954253979,-0.14264094703563598
2022-10-09,19439.02,0.001083975237505919,1.014391390825299,1.2138089513912786,2.8788244145344,4.542885965052893,67.51,0.6751,-2.2037244145344,-0.015926855342589977,-0.013574392160215096,-0.016339864185804187,0.06813539628015955,-0.046961934481323075,-0.12097282034144873
2022-10-10,19131.87,-0.015926855342589977,0.8955641728564248,1.1779250641734131,2.8835122478187802,4.553037935790114,68.98,0.6898000000000001,-2.1937122478187803,-0.003763632670309744,-0.0032710992104339927,-0.004712666281057063,0.07526863652008049,-0.18360285851806304,-0.11060828514111863
2022-10-11,19060.0,-0.003763632670309744,0.5899063743948406,1.1707606708324942,2.8801375989009026,4.538469326415524,70.6,0.706,-2.1741375989009026,0.00499954855969873,0.010593220993549427,0.005460927642463422,0.07238117855075073,-0.07962765740748316,-0.10690712318768064
2022-10-12,19155.53,0.00499954855969873,0.5730691624718308,1.1269760260623005,2.8394881654881625,4.53937852895515,70.2,0.7020000000000001,-2.1374881654881626,0.011398838108565434,0.02037667849465935,0.0025453690865735916,0.06703409557823059,-0.11525074962878129,-0.11438763467903018
2022-10-13,19375.13,0.011398838108565434,0.5834540945559366,1.1343974249907742,2.03086768295468,4.543346279903978,66.11,0.6611,-1.36976768295468,-0.010282290815579725,-0.002464437071590004,0.010027935752916755,0.039305314465874826,-0.14189260925694241,-0.11850955269757951
2022-10-14,19176.93,-0.010282290815579725,0.45324029417930123,1.1393347540351626,2.039727282648966,4.544556037998913,62.08,0.6208,-1.418927282648966,-0.0056235623928088925,-0.002765472025589123,0.007935813780508024,0.052361664126303366,-0.16071327268662525,-0.07593189616899576
2022-10-15,19069.39,-0.0056235623928088925,0.4526240351377695,1.1390756772212547,1.9798374837575166,4.541798176488723,62.66,0.6265999999999999,-1.3532374837575167,0.010100687533673864,-0.0014415670706230438,0.05164334918729716,0.10348549499855754,-0.1375101337612021,-0.06870902375244455
2022-10-16,19262.98,0.010100687533673864,0.49160793392452856,1.1272392179471171,1.9867995745028022,4.526951399170007,63.27,0.6327,-1.3540995745028022,0.014783006060808625,-0.005132293351086148,0.07540106845867506,0.10049237559356322,-0.13083777004869665,-0.10422726170815082
2022-10-17,19549.86,0.014783006060808625,0.47838984143210705,1.015328532096606,1.9846653498755589,4.534047618101709,60.01,0.6001,-1.384565349875559,-0.011442277457683746,-0.01783130940808564,0.03741184504995899,0.06704798370195916,-0.15979183599635155,-0.16163235974351536
2022-10-18,19327.44,-0.011442277457683746,0.5210321736832751,0.7870603894014643,1.8793901749019606,4.051341133551455,62.26,0.6225999999999999,-1.2567901749019605,-0.010583325769578811,0.012492372824506876,0.0633690329930839,0.0633345527212594,-0.1465627366506678,-0.14154555804160018
2022-10-19,19123.97,-0.010583325769578811,0.5506665506291154,0.7947590294912878,1.8865151570247034,4.0468275720156495,60.9,0.609,-1.2775151570247034,-0.004299657437842867,0.010701285806097043,0.08447526046596375,-0.030622070295518937,-0.13550685688569744,-0.13324839221934537
2022-10-20,19041.92,-0.004299657437842867,0.5124018866961368,0.7765142458086964,1.7697259434037682,4.0336572093695295,61.44,0.6144,-1.1553259434037684,0.006409961253210738,0.05308491625792036,0.07998130280113754,-0.17889019223700595,-0.13119342745870322,-0.14699360382867288
2022-10-21,19164.37,0.006409961253210738,0.4888382754762162,0.6666255499441202,1.7227053993978265,4.034198909780688,62.19,0.6219,-1.1008053993978266,0.0020839900038091583,0.08053336180976119,0.06692025090828745,-0.08508858504994653,-0.16310133762979334,-0.1260019603504251
2022-10-22,19204.35,0.0020839900038091583,0.4785448088720326,0.6586908616967196,1.4382433177153158,4.032753785124224,62.14,0.6214,-0.8168433177153158,0.018881404774908718,0.05524315445804472,0.06448872649165695,-0.117796118715355,-0.19631175474644194,-0.13229055420402133
2022-10-23,19570.4,0.018881404774908718,0.5673549441311379,0.7507129899819173,1.4786806315239145,4.046313389146263,64.07,0.6406999999999999,-0.8379806315239146,-0.012374412787988572,0.05087666016857703,0.02927737871295801,-0.15192054500985924,-0.18734539663780864,-0.15136455188033685
2022-10-24,19329.72,-0.012374412787988572,0.5459089239640819,0.7258604505337498,1.4511783121439674,4.049648245788035,64.31,0.6431,-0.8080783121439674,0.03808397301398036,0.0737739746598668,0.04442585034579554,-0.16864908646713334,-0.15205378064686745,-0.14154550294939566
2022-10-25,20080.07,0.03808397301398036,0.8829612975998011,1.0252293299902433,1.6193162669851846,3.9340260994144787,65.61,0.6561,-0.9632162669851846,0.033858406805051616,0.026896386543217167,0.051842145811260225,-0.18915348294849935,-0.19038834052333573,-0.17620120240655693
2022-10-26,20771.59,0.033858406805051616,1.0757188998179599,1.2084720937644071,1.6918054883179299,3.9821783441760883,66.28,0.6628000000000001,-1.0290054883179298,-0.023206217347907374,-0.013613110901473767,0.025091307134888188,-0.20623883850737176,-0.2288848880234498,-0.21029781597323274
2022-10-27,20295.11,-0.023206217347907374,1.1605973840220072,1.2686772565504938,1.7426335280850516,3.9796885129719612,61.41,0.6141,-1.1285335280850517,0.014514910485440964,0.009245572033612258,0.02963613865200016,-0.19720368104631059,-0.20953365613374914,-0.18191966881164157
2022-10-28,20591.84,0.014514910485440964,1.1869660783873155,1.283686617057576,1.7331883436245537,3.9273906023225984,55.08,0.5508,-1.1823883436245537,0.01052290170330112,-0.021599281455619065,-3.448027182441885e-05,-0.20993176964375163,-0.22586020593629264,-0.20910539557025895
2022-10-29,20809.67,0.01052290170330112,1.20321247250993,1.2948843145632083,1.7360056568871678,3.9064961906085673,57.8,0.578,-1.158005656887168,-0.008793615102669194,-0.029348124314071307,-0.11509733076148274,-0.2199821173516614,-0.24960994406755904,-0.22919423167108777
2022-10-30,20627.48,-0.008793615102669194,1.160094666142785,1.2913989573493492,1.7362536087387943,3.903425583297785,60.36,0.6036,-1.1326536087387944,-0.006651090639639452,0.02494575926804301,-0.2588714950381435,-0.21117473025984074,-0.22675289668467788,-0.21520723692797183
2022-10-31,20490.74,-0.006651090639639452,1.142836435511611,1.2665274065714118,1.737408959422811,3.90472536662441,59.63,0.5963,-1.141108959422811,-0.00034753441282134187,0.038704418036362,-0.15200883595823386,-0.23002158853808077,-0.1771798839993927,-0.21011988049544972
2022-11-01,20483.62,-0.00034753441282134187,0.8813212909608737,1.2475367212872195,1.718886300406942,3.9009758233191856,59.92,0.5992000000000001,-1.1196863004069417,-0.016329943003790245,0.020390566618387826,-0.1822848452070119,-0.26080048123809896,-0.18774426158083662,-0.21369876051369377
2022-11-02,20151.84,-0.016329943003790245,0.6750020091108146,1.2699601819463466,1.6529855575601313,3.9117350864599603,56.41,0.5640999999999999,-1.0888855575601313,0.002774058844848819,0.02156480118379454,-0.1811979237228173,-0.2166227753507666,-0.16464178740679988,-0.19288437658789745
2022-11-03,20207.82,0.002774058844848819,0.511735891934023,1.2684084164385843,1.5086266000847188,3.908757376475933,53.98,0.5398,-0.9688266000847189,0.04550026847944526,-0.08574920644741145,-0.2130749368129288,-0.19647963099266283,-0.17963215960497067,-0.1922868106942452
2022-11-04,21148.52,0.04550026847944526,0.9698580473597469,1.5328121552462401,1.7328876963500768,3.9994841957849014,54.19,0.5418999999999999,-1.190987696350077,0.007107568128679593,-0.28381725430618654,-0.24099562875975963,-0.242230486334596,-0.2121581853857547,-0.23764854033836455
2022-11-05,21299.37,0.007107568128679593,0.9584605080812814,1.538299970602251,1.727982450409744,3.875703472975567,55.9,0.5589999999999999,-1.1689824504097441,-0.018661385830795497,-0.19071325399459596,-0.23133014564225995,-0.25397619515833797,-0.22744552414612826,-0.23430547325786286
2022-11-06,20905.58,-0.018661385830795497,1.0087280205599922,1.5373196980055317,1.7144829820784868,3.8593062664210214,56.76,0.5676,-1.1468829820784867,-0.015155708438383623,-0.20267541182539986,-0.2268398196983107,-0.23916979478574923,-0.20158346800733254,-0.21674318406374068
2022-11-07,20591.13,-0.015155708438383623,1.0417411237379834,1.5463827751303236,1.7352779546565065,3.870061179958769,59.48,0.5948,-1.1404779546565065,-0.10453994878635704,-0.20276272490661182,-0.20989728937192711,-0.22582572566446815,-0.20130293657817572,-0.19455421937020334
2022-11-08,18547.23,-0.10453994878635704,2.252580699952454,2.4188524195781826,2.6456946214074795,3.9099015383336444,76.66,0.7666,-1.8790946214074795,-0.15256777937932994,-0.12732573036551728,-0.10488478659017854,-0.1345126133060763,-0.07401088586012565,-0.09043204093542698
2022-11-09,15922.81,-0.15256777937932994,3.670540124691907,3.732089564744785,3.924689907848981,4.870095867238402,114.72,1.1472,-2.777489907848981,0.10021156844027021,0.04282162554642695,0.04769676477830287,0.032118598353465685,0.07299457337694436,0.07295195359125725
2022-11-10,17601.15,0.10021156844027021,4.1395068328303966,4.171017914387692,4.366174699548914,5.230551987657107,93.12,0.9312,-3.434974699548914,-0.030623543661599414,-0.040616891647664036,-0.07801275257984677,-0.025171048041158845,-0.027279465780197458,-0.024319609950475097
2022-11-11,17070.31,-0.030623543661599414,4.08927428428471,4.202712077235447,4.404163447840864,5.240166859675831,102.11,1.0211,-3.3830634478408648,-0.015243021519595541,-0.02416440787291083,-0.07851563603108697,-0.00545941637382465,0.0008631149497511225,0.021463564644489768
2022-11-12,16812.08,-0.015243021519595541,4.097381226824938,4.207989955250471,4.408405333724136,4.853705917345747,102.92,1.0292000000000001,-3.3792053337241352,-0.02910295424526251,-0.007134564465315278,-0.035424851627949304,0.016556136316017326,0.02338305655936284,0.06511688131865896
2022-11-13,16329.85,-0.02910295424526251,4.119535296115836,4.241238412941091,4.438985941351153,4.885190229161574,107.88,1.0788,-3.360185941351153,0.017579576532614275,0.022440943775338663,0.01659530582026599,0.03344277720795803,0.08478137651762946,0.14333886607905488
2022-11-14,16619.46,0.017579576532614275,4.123048914409699,4.2526176549863814,4.450376772066324,4.870894155639061,98.18,0.9818000000000001,-3.468576772066324,0.01677305124617919,0.0048751392318758975,-0.001234857574836456,0.028837443374004946,0.06880111000875763,0.1816523380559942
2022-11-15,16900.57,0.01677305124617919,3.621226365542655,4.264668826567844,4.457723865331745,4.880437952560478,89.99,0.8998999999999999,-3.557823865331745,-0.014171059886846265,-0.037395860932182744,-0.022646049516078074,0.003884621496131721,0.026610508340545822,0.2150261144942333
2022-11-16,16662.76,-0.014171059886846265,2.1657564121472106,4.261850025954695,4.456998414756614,4.878906785350551,98.64,0.9864,-3.4705984147566142,0.0017868218880000477,-0.05435122815817617,-0.012329975087438508,0.025256351690978163,-0.0018405237471639429,0.2252083027249056
2022-11-17,16692.56,0.0017868218880000477,1.0130179416599356,4.2616572092525775,4.451765080402701,4.832216857779759,76.97,0.7696999999999999,-3.6820650804027015,0.00047255399539148176,-0.02829028716263397,-0.015928436292541082,0.008594352793751384,0.0050171786090676485,0.2383609545221563
2022-11-18,16700.45,0.00047255399539148176,0.8270364784263383,4.1720682531281845,4.44718015847836,4.830771242736252,74.71,0.7471,-3.7000801584783596,1.377198915139681e-05,-0.005845637955072885,-0.02962782671589772,0.030873900730052948,0.0022584646663521197,0.23548577898358986
2022-11-19,16700.68,1.377198915139681e-05,0.7740683196814367,4.169857873054172,4.446421443863828,4.78566542616682,72.41,0.7241,-3.7223214438638283,-0.025497948917879515,-0.006109996806712203,-0.015578166424837125,0.02529780859864169,-0.015800176369969703,0.21359526457389072
2022-11-20,16280.23,-0.025497948917879515,0.7261793331943769,4.183050021204959,4.4713498802823795,4.791730756732444,80.26,0.8026000000000001,-3.6687498802823795,-0.031126427112839597,0.014749811416104819,0.05284170453868799,0.05073328679964937,0.03709937727936821,0.2579741994734389
2022-11-21,15781.29,-0.031126427112839597,0.8764520249708528,4.215175026341196,4.510545025972427,4.734296174963853,80.81,0.8081,-3.7024450259724273,0.02784776288354211,0.04202125307073776,0.07305621965726236,0.07937875098083808,0.06402120054242075,0.3620943256830558
2022-11-22,16226.94,0.02784776288354211,0.9739289086720012,3.749909053516939,4.527465951949852,4.762818950591041,79.71,0.7970999999999999,-3.7303659519498518,0.02291720320295262,0.012361850870092872,0.05198098794396681,0.05880790818731224,0.03598084475747172,0.3393659603228418
2022-11-23,16603.11,0.02291720320295262,1.032925917298555,2.3994659379503225,4.542439241916881,4.768613295303303,75.27,0.7526999999999999,-3.789739241916881,-0.00025058686248794284,-0.02378218876082492,0.016847471387692166,0.06818607069736365,0.010508277697471653,0.3131219736008956
2022-11-24,16598.95,-0.00025058686248794284,1.0323727635924342,1.4463743889921494,4.4837913868779875,4.767239282180417,72.21,0.7221,-3.7616913868779873,-0.004638140695062483,-0.00946816961812495,0.030072300948841196,0.070035967583594,0.014187138116778802,0.3225155529385287
2022-11-25,16522.14,-0.004638140695062483,1.0361293467878088,1.3257274832795656,4.437770187133735,4.749316797615806,64.89,0.6489,-3.7888701871337345,-0.003854985458206651,0.03809189312258316,0.026530671012209614,0.049256557856623896,0.01858707205021717,0.31470285842100376
2022-11-26,16458.57,-0.003854985458206651,1.0387435618325225,1.2954419905124885,4.416182237623565,4.747571712897872,65.49,0.6548999999999999,-3.7612822376235653,-0.0018116393171025897,0.031034966586524753,0.037586326778416695,0.010489451340274562,0.027613987322107514,0.337293963039857
2022-11-27,16428.78,-0.0018116393171025897,0.9180866299632244,1.170563746267524,4.407603015333428,4.736127761711285,67.12,0.6712,-3.736403015333428,-0.013226836427965193,0.03961913707387369,0.02452278908629259,0.02094561490160876,0.016754810366033664,0.33687901827414535
2022-11-28,16212.91,-0.013226836427965193,0.7437120673700811,1.1494676120828233,4.410261195946679,4.739632839916745,67.44,0.6744,-3.7358611959466788,0.014063432280211978,0.0406296601485171,0.06050172744595083,0.031886291382249916,0.020415712396471268,0.3529055382411669
2022-11-29,16442.53,0.014063432280211978,0.5850133785298032,1.136124188724934,4.4152427979343445,4.7443593412145315,64.8,0.648,-3.7672427979343444,0.04292192204564575,0.03954047056696615,0.04087597502347888,-0.00022200994513252352,0.011545659756706125,0.33660507144911894
2022-11-30,17163.64,0.04292192204564575,0.9071822679081833,1.3747420186471702,4.488948520018977,4.813444578227032,64.05,0.6405,-3.848448520018977,-0.010911911994265286,-0.01156122211037351,-0.0021084177390386766,-0.015742327259319733,-0.032939996496056896,0.3244650746093254
2022-12-01,16977.37,-0.010911911994265286,0.9308153592464983,1.3900398397228289,4.493781838958081,4.8113039116102545,60.05,0.6004999999999999,-3.893281838958081,0.006772531170246441,0.006551360191891963,0.0063225313235758486,-0.009035019114841608,-0.025954498932857034,0.29602552778027325
2022-12-02,17092.74,0.006772531170246441,0.9355782948102349,1.396019616264384,4.484805822689469,4.779732682978384,58.75,0.5875,-3.8973058226894692,-0.012216313353321956,-0.01509634798758128,0.006826920243345449,-0.016000143186495046,-0.028242589181097517,0.30226609305091406
2022-12-03,16885.2,-0.012216313353321956,0.9614335631640021,1.415394886110143,4.490561927998166,4.737203884958909,61.15,0.6114999999999999,-3.879061927998166,0.012974242698661298,0.0198720672974337,0.051338599309671565,-0.0063391936902203305,-0.012654651089274547,0.34041465996077175
2022-12-04,17105.7,0.012974242698661298,0.9922687933382917,1.351843340905395,4.412588476957816,4.7406578483521,61.84,0.6184000000000001,-3.7941884769578156,-0.008179770631694087,0.0013355044565126057,0.0399636666347526,-0.01588516283206242,-0.02549035495260983,0.3171179307685415
2022-12-05,16966.35,-0.008179770631694087,0.9721947109050205,1.2240384777708486,4.413266344424875,4.739498198729203,56.01,0.5600999999999999,-3.8531663444248756,0.007200670308000258,0.009452804371334798,0.022725886844414317,-0.007943598961992546,-0.006859949111734551,0.3228663711811392
2022-12-06,17088.96,0.007200670308000258,0.9444034798098773,1.1109179023383593,4.400992465106618,4.723154303403814,56.74,0.5674,-3.8335924651066176,-0.014875177009226765,-0.0002288288683160934,-0.027096875438142005,-0.009972339456309131,-0.015159716056408094,0.3111719879632682
2022-12-07,16836.64,-0.014875177009226765,0.5479283254209656,1.059813718068255,4.400643100308444,4.730417452636625,61.83,0.6183,-3.782343100308444,0.022752101931693153,0.021923268230926843,-0.0035771741846837768,-0.007767978720258736,0.0067487172079722735,0.30901553283267363
2022-12-08,17224.1,0.022752101931693153,0.6676152980658583,1.145481304614245,3.9453346616684817,4.75030163487617,55.71,0.5571,-3.3882346616684815,-0.005562320142259912,0.03146653201223787,-0.02861543606370085,-0.04008601504947939,-0.016421155075301355,0.2788057577939443
2022-12-09,17128.56,-0.005562320142259912,0.6635220787847387,1.1469822556407958,2.6609922978638827,4.741737116507257,58.71,0.5871,-2.0738922978638827,-6.247071687181942e-05,0.03862816217824002,-0.04109798496861136,-0.02933031526677276,-4.2619785687304164e-05,0.30514747949212784
2022-12-10,17127.49,-6.247071687181942e-05,0.6211207528491135,1.1446158683148153,1.8480856581221843,4.74119205545799,59.55,0.5954999999999999,-1.2525856581221844,-0.0024809629316508166,0.01327308247307944,-0.013633909520281111,-0.030831578757018217,0.0029598558297224227,0.29319944989835783
2022-12-11,17085.05,-0.0024809629316508166,0.5714865036764887,1.1450738762706127,1.753673207514171,4.740466790733859,61.79,0.6179,-1.135773207514171,0.007276920090016073,-0.026868046569825933,-0.015357550438417538,-0.0322770302564329,0.02060044969473874,0.24353871247749118
2022-12-12,17209.83,0.007276920090016073,0.5670125387535903,1.1254624716157744,1.7349034924166977,4.737502265372235,61.15,0.6114999999999999,-1.1234034924166978,0.032295365713004065,-0.025500442415610575,-0.022827063429840522,-0.03506950942444301,0.041733824759295955,0.22837810670977196
2022-12-13,17774.7,0.032295365713004065,0.826601283441316,1.2550568172253542,1.7554011802912373,4.773471429817199,60.66,0.6065999999999999,-1.1488011802912372,0.0015993100237424041,-0.060081968075938665,-0.057677792999891876,-0.06399325039894609,0.05855748956142546,0.20699902945351523
2022-12-14,17803.15,0.0015993100237424041,0.776813620396134,0.9506128815830199,1.7232430897903697,4.772360019933296,55.19,0.5519,-1.1713430897903696,-0.025417550422032496,-0.07972614714685136,-0.05584882946681507,-0.06545402158736244,0.11285122804723664,0.20177923079929877
2022-12-15,17356.34,-0.025417550422032496,0.8064137345317157,1.0469065371144424,1.7614449504037495,4.793119065165298,57.74,0.5774,-1.1840449504037496,-0.042622091974556034,-0.026906991993360514,-0.030669485806406875,-0.02958583595614882,0.1884156061536875,0.2267573621565596
2022-12-16,16632.12,-0.042622091974556034,1.141089314053948,1.3199796860872255,1.9215785165280803,4.853586185937695,63.31,0.6331,-1.2884785165280803,0.008644524244231441,0.011510496131408521,0.01712453598183295,0.011937159381733906,0.22704882647206964,0.28874931610815585
2022-12-17,16776.52,0.008644524244231441,1.1529783367379078,1.3096373675971384,1.9283605198766351,4.851472624442166,62.29,0.6229,-1.3054605198766351,-0.0022861599473239873,0.002673378985770028,-0.004190804535574993,0.010325891392656024,0.2333437759130887,0.37148528305758366
2022-12-18,16738.21,-0.0022861599473239873,1.15283133537532,1.286707780231246,1.9288339663974308,4.84745415985464,66.48,0.6648000000000001,-1.2640339663974307,-0.018044869047170384,0.002404175076046831,-0.011470578985778662,0.012194280988399444,0.23322731431723762,0.34006004972224296
2022-12-19,16438.88,-0.018044869047170384,1.1952164449771456,1.3228928790524188,1.9594006009004432,4.8590034339626795,63.62,0.6362,-1.3232006009004431,0.027401604731458414,0.023877317680036397,0.01176766970183859,0.04105536518292395,0.2293954409438604,0.4018757047444856
2022-12-20,16895.56,0.027401604731458414,1.1497435640770006,1.4160437651864137,1.9687577664470874,4.885588694809151,60.1,0.601,-1.3677577664470875,-0.004204603849787203,-0.0037624938130463733,-0.0171976692367371,0.016593765350003533,0.2208748221940706,0.37699351522221364
2022-12-21,16824.67,-0.004204603849787203,1.1521412205084796,1.3895570491446971,1.878517496971886,4.88608682052971,59.12,0.5912,-1.2873174969718861,-0.00019259290140687945,0.005614039850424511,-0.016919479818015427,0.035958000133156164,0.2980731251406352,0.36646727295226605
2022-12-22,16821.43,-0.00019259290140687945,1.0448129010653022,1.3198246510328113,1.8016061701682546,4.872754122511571,56.14,0.5614,-1.2402061701682547,-0.002555363857047274,-0.0068641835213449935,-0.012242445994602452,0.06456088818913655,0.3033851155653701,0.38989015120426507
2022-12-23,16778.5,-0.002555363857047274,0.656462345979452,1.3164450745613943,1.7482765388359023,4.867260535737783,53.67,0.5367000000000001,-1.211576538835902,0.003428273556819251,-0.013874754061825385,-0.006315457399054137,0.11623528256131718,0.3026136959034239,0.37662025066724797
2022-12-24,16836.12,0.003428273556819251,0.6387151412416674,1.3180728646923416,1.749496442769396,4.813015998758366,52.35,0.5235,-1.2259964427693961,-0.00023820676162420736,-0.012109647978197706,-0.009605192120547317,0.16870005751405168,0.30832841482174983,0.3620906603929079
2022-12-25,16832.11,-0.00023820676162420736,0.6372362671595979,1.3172282065028602,1.74725685199315,4.76935118655043,53.68,0.5367999999999999,-1.21045685199315,0.005171929813683699,-0.01343517542369077,0.0010836498502580928,0.21908509196009424,0.2961157863707868,0.3522706826087634
2022-12-26,16919.39,0.005171929813683699,0.5449615392331558,1.3135925660520376,1.7484981003146307,4.749727482993709,53.22,0.5322,-1.2162981003146307,-0.01267081627317635,-0.02253351966843989,-0.0051873766000990066,0.2099242904902367,0.3096799757177495,0.31505772433359236
2022-12-27,16706.36,-0.01267081627317635,0.285524393003891,1.1846663843195366,1.7648366105191535,4.7478008174948805,54.05,0.5405,-1.2243366105191535,-0.00956593439752758,-0.005378262473257511,0.014516695928231032,0.2375345804486637,0.32012420790811175,0.32651064822976694
2022-12-28,16547.31,-0.00956593439752758,0.32935019005331895,1.1982908410243844,1.756186748317444,4.747061797726971,57.19,0.5719,-1.1842867483174442,0.005193379640446887,0.007559296662771283,0.023664859974178148,0.24469789330301625,0.33248982584469566,0.35310819320898185
2022-12-29,16633.47,0.005193379640446887,0.34395129627836396,1.099971132550332,1.7383459476010632,4.745125456534541,54.59,0.5459,-1.1924459476010631,-0.0015637342071172207,0.002504455857650341,0.029287695481085514,0.21762777124202182,0.3250594116924129,0.3452468382558954
2022-12-30,16607.48,-0.0015637342071172207,0.3417771320539274,0.7401043302696272,1.5330697299966545,4.743517852017907,49.82,0.4982,-1.0348697299966545,-0.003926414431065476,0.014518825273948682,0.03379143458674058,0.23807249143080778,0.3574050711053823,0.33177737106506444
2022-12-31,16542.4,-0.003926414431065476,0.3437278688177636,0.725331565184754,1.5206805772599268,4.7441063051121715,48.31,0.48310000000000003,-1.0375805772599267,0.004484440922006132,0.017346143068340928,0.052877479951171626,0.31499260495865056,0.3219800267131303,0.5423173319391292
2023-01-01,16616.75,0.004484440922006132,0.354215137442508,0.7290668170866875,1.5175862824598807,4.734612063510565,46.96,0.4696,-1.0479862824598807,0.00337162473850112,0.019894958401488437,0.07680333418373898,0.3156275615599726,0.33050868223201146,0.5279127395893575
2023-01-02,16672.87,0.00337162473850112,0.3461997933375607,0.6456294418242868,1.5009148567898891,4.734753619410329,50.02,0.5002,-1.0007148567898891,0.00013853883532594145,0.01610556331140692,0.12255073996037148,0.30892915330247794,0.3530693110500463,0.5112531731857926
2023-01-03,16675.18,0.00013853883532594145,0.24750899745217397,0.3778688698742206,1.4803079434413247,4.654272088565126,48.95,0.48950000000000005,-0.9908079434413246,0.010450635209181243,0.026783239623434995,0.1783052496345991,0.31793360694229716,0.3426082857211513,0.5241753732392712
2023-01-04,16850.36,0.010450635209181243,0.2602390638097901,0.4197569749518801,1.4855146277929063,4.656573153749439,46.87,0.46869999999999995,-1.0168146277929064,-0.0010990966366733739,0.01927260931279198,0.2180014421098363,0.29503213652052873,0.32972632029287385,0.5138859153204878
2023-01-05,16831.85,-0.0010990966366733739,0.2414970188572284,0.4202657544084403,1.4792800650928009,4.642952098493606,45.45,0.4545,-1.0247800650928007,0.007033256255153627,0.03553133688283079,0.2151116670903358,0.3148673523178485,0.32633170401967637,0.5101387135268466
2023-01-06,16950.65,0.007033256255153627,0.27474284641857916,0.43851481121302016,1.4579303751865427,4.6358624521424145,43.61,0.4361,-1.0218303751865427,-0.0004177703515806188,0.05690837578225054,0.2230178845204325,0.30560751197988056,0.3022668156247014,0.49854736364019864
2023-01-07,16943.57,-0.0004177703515806188,0.26442433569677143,0.4336693176957307,1.3916463132393584,4.183580410810273,42.02,0.4202,-0.9714463132393584,0.010816215147354305,0.10644517664896465,0.22103303332883828,0.30882496587051755,0.29522691286924563,0.5001129599369344
2023-01-08,17127.83,0.010816215147354305,0.3244711677644949,0.48036434328941385,1.4028856383846953,3.0081502827613087,42.79,0.4279,-0.9749856383846953,0.0029400048985379155,0.15152201001116403,0.1883400757609364,0.29577171621132736,0.30519009927781504,0.5029964024046022
2023-01-09,17178.26,0.0029400048985379155,0.3229352825892539,0.47343583899824376,1.404009121926836,2.3209183988694373,44.06,0.44060000000000005,-0.9634091219268359,0.015159630933365425,0.19872883279704437,0.20428105684406722,0.3236136365186416,0.2902395940686354,0.5453904219428478
2023-01-10,17440.66,0.015159630933365425,0.4337769599181593,0.49942282164076224,1.4327865278843699,2.264563302988015,45.47,0.4547,-0.9780865278843699,0.02841029515457346,0.17958033020750508,0.2621151250074791,0.2691025467619587,0.2229382627827526,0.5490515697674234
2023-01-11,17943.26,0.02841029515457346,0.6655122616799557,0.7145844532166691,1.5258299579996704,2.3104214309794067,47.55,0.4755,-1.0503299579996703,0.04911903051513352,0.1661095087381821,0.23882422737623354,0.2537053480482726,0.18664428195047605,0.5102448471647405
2023-01-12,18846.62,0.04911903051513352,1.1502580312659298,1.1753358450284332,1.6816936010123555,2.430951803605693,51.42,0.5142,-1.1674936010123556,0.055893048509553726,0.11458785667987365,0.18637841334210647,0.23051857108967486,0.14844153989208983,0.4772481241599008
2023-01-13,19930.01,0.055893048509553726,1.5637487629133768,1.5877007983783655,1.9918413018038714,2.633818239378337,61.12,0.6112,-1.3806413018038715,0.050146827684418194,0.03681806574977225,0.1396283573076981,0.16430303608655214,0.08892800275206204,0.4244151970999568
2023-01-14,20954.92,0.050146827684418194,1.833879376784281,1.852844785162368,2.156267589726751,2.7842733759113667,73.62,0.7362000000000001,-1.420067589726751,-0.003988871656173911,0.0055522240470228116,0.07703069441069242,0.11172487818303754,0.03834175600287221,0.368612189514656
2023-01-15,20871.5,-0.003988871656173911,1.823792637017922,1.852431138140158,1.9980547726673337,2.772126777360835,70.2,0.7020000000000001,-1.2960547726673335,0.014939473685250641,0.08253479479997403,0.09975568522751287,0.11122003692934061,0.0617004896360863,0.37291657407828827
2023-01-16,21185.65,0.014939473685250641,1.8451363722865375,1.8731832342501158,2.0115692386297757,2.7865722844420278,64.92,0.6492,-1.3623692386297757,-0.0024026215431750143,0.07271471863805154,0.0825896274594479,0.07924893110426878,0.13814150714449502,0.3286996708210053
2023-01-17,21134.81,-0.0024026215431750143,1.8228420030610823,1.8737436908711873,2.01161877968651,2.7869356979872872,63.35,0.6335000000000001,-1.3781187796865098,-0.021876742420547574,0.07179055666223301,0.08779193254167933,0.0741938795404075,0.10683273540500539,0.3628633821804523
2023-01-18,20677.47,-0.021876742420547574,1.7896455288140067,1.9093814939006655,2.025449537556894,2.8181015851098157,63.34,0.6334000000000001,-1.3920495375568942,0.018880985981668756,0.10281029155792569,0.10743164045039098,0.11685002351687866,0.17248026380062506,0.33122998589693364
2023-01-19,21071.59,0.018880985981668756,1.5659893586515972,1.9430430283197058,1.9895994008743216,2.799019992587617,56.9,0.569,-1.4205994008743217,0.0729936990967774,0.07147847036366979,0.1193325796745744,0.08595853722456837,0.1561186930281431,0.2929429658526911
2023-01-20,22667.21,0.0729936990967774,1.8046606087020844,2.387909149468232,2.428333233347094,3.0701189355800977,59.48,0.5948,-1.833533233347094,0.0051193975233281225,0.017220890427538892,0.0069874217544796235,-0.03917686222472651,0.0683941478116308,0.18460521598445903
2023-01-21,22783.55,0.0051193975233281225,1.5324812682805424,2.3898979907572295,2.4302993144681295,3.0252503285335886,65.79,0.6579,-1.7723993144681294,-0.0033267835189935463,0.009874908821396546,0.014881120672038865,-0.052179945425757525,0.0865050356388951,0.19960316785866294
2023-01-22,22707.88,-0.0033267835189935463,1.5319043444437448,2.381795646852686,2.430640035755086,2.994074454595197,61.99,0.6199,-1.810740035755086,0.009142992475145141,0.01600137587944632,0.04414015774756841,-0.037936873450016693,0.0740065547638241,0.19476313418924127
2023-01-23,22916.45,0.009142992475145141,1.5151829164096444,2.387531675709112,2.4360281279841267,2.9991616901381994,64.38,0.6437999999999999,-1.7922281279841268,-0.012450835212587299,0.004621348892465302,0.024674678778854032,-0.05070035455563608,0.05376224557115794,0.18272838696542265
2023-01-24,22632.89,-0.012450835212587299,1.5330543950922781,2.3818078735354558,2.4476102289612407,3.007274902590834,61.33,0.6133,-1.8343102289612407,0.018736119160646474,0.04785410931090469,0.0346941837723451,-0.03868893840782022,0.05615489623797664,0.22348556137808182
2023-01-25,23060.94,0.018736119160646474,1.5177944981581633,2.3465999355329314,2.4716720835469372,3.027607718214024,61.49,0.6149,-1.8567720835469372,-0.0022265840828143047,-0.010233468673059234,0.011464351701827849,-0.03805519559142664,0.005377748615842813,0.20878710333770165
2023-01-26,23009.65,-0.0022265840828143047,1.4749204199135673,2.1512119645651038,2.460156873460966,3.0277087217673317,57.0,0.57,-1.890156873460966,0.0027996835390564157,0.0050062118506424376,-0.003340696355179224,0.055551879685047004,0.006386440321655168,0.24755309307088097
2023-01-27,23074.16,0.0027996835390564157,0.4832204040705716,1.8682349615375218,2.4539422779274824,3.01761902803613,55.0,0.55,-1.9039422779274824,-0.002237034511835935,0.028138781868122038,-0.013598053001271912,0.019040802863325944,0.020618367364286076,0.23927337703046436
2023-01-28,23022.6,-0.002237034511835935,0.4751447491428862,1.604450488568842,2.4523080549414566,3.005937695607111,54.49,0.5449,-1.9074080549414565,0.03078192520585222,0.0200533298863888,0.00941838306648781,0.06504862335023412,0.020187426563482574,0.23873463196574082
2023-01-29,23742.3,0.03078192520585222,0.7533725671132141,1.7071324334697566,2.521660088175889,2.951113755403415,58.92,0.5892000000000001,-1.932460088175889,-0.0393514588233174,-0.013159925538559642,-0.03337404245000617,0.03678611335356863,-0.025627700040317735,0.20804712438622427
2023-01-30,22826.15,-0.0393514588233174,1.0498925754207113,1.843381048536403,2.630277288129786,3.038227777917081,56.4,0.564,-2.0662772881297857,0.013013096440887308,0.021697820374886916,-0.04616428397920612,0.06140672605715112,0.22033730522599887,0.2067325920016164
2023-01-31,23125.13,0.013013096440887308,1.0523783845019608,1.8595042464266407,2.640611242399994,3.0456355425755786,58.82,0.5882000000000001,-2.052411242399994,0.025932253556535844,-0.008346908205821641,-0.06706106609779652,0.07162391496685598,0.19740405735734587,0.2149264917259248
2023-02-01,23732.66,0.025932253556535844,1.106718447947904,1.878437079507165,2.6859140557185563,3.076829491869694,58.04,0.5804,-2.1055140557185563,-0.010322486493569127,-0.041736834869393814,-0.08207703119758501,0.029866397016255722,0.15818386213574614,0.20134533377145117
2023-02-02,23488.94,-0.010322486493569127,1.123346910595932,1.8539952876486603,2.693143037375267,3.0731630329643043,57.71,0.5771000000000001,-2.1160430373752668,-0.002431330219096245,-0.01063494681990108,-0.07537503333449012,0.029087566792304,0.18156708751811998,0.20516983803675548
2023-02-03,23431.9,-0.002431330219096245,1.1230338272628102,1.2225820774437528,2.6861335242768334,3.069538567868235,54.25,0.5425,-2.1436335242768334,-0.004493712909870792,-0.02021411691144656,-0.07338312218016539,0.021460712465631554,0.18415959502761384,0.23048207290919417
2023-02-04,23326.84,-0.004493712909870792,1.1254994493421184,1.2216838965573165,2.6874231145622063,3.067655865260018,54.16,0.5416,-2.1458231145622064,-0.017031632139821246,-0.06786210435409315,-0.04951954729325438,-0.006086603085984983,0.18380700950717035,0.2124429703882486
2023-02-05,22932.91,-0.017031632139821246,1.0133013396653305,1.2626756629658733,2.7037132935295856,3.0717464987365366,55.23,0.5523,-2.1514132935295853,-0.007457673107036351,-0.058714157891974865,0.0588925760402262,0.009727136676834352,0.19628054801549727,0.2148754462694199
2023-02-06,22762.52,-0.007457673107036351,0.6941639939121986,1.2586254686632037,2.707453052886944,3.0441717255666663,54.56,0.5456,-2.161853052886944,0.020779401555923737,-0.04034019632819119,0.032638855864597985,0.03421642036555807,0.2048860470676888,0.1951897394800894
2023-02-07,23240.46,0.020779401555923737,0.7600363745964035,1.2981354146916266,2.7285896513562506,3.0681084726382246,53.31,0.5331,-2.1954896513562505,-0.01201050031064175,-0.0647400865145891,0.055630240283746295,0.01076904349699474,0.19780630312678693,0.17294479862596704
2023-02-08,22963.0,-0.01201050031064175,0.6203639786242648,1.2687305423149333,2.7376447147027734,3.0766768108453957,52.99,0.5299,-2.2077447147027733,-0.052141700352517424,-0.053169005268718914,0.07016015580357479,0.007746342409688459,0.25515082787421234,0.18388625690568225
2023-02-09,21796.35,-0.052141700352517424,1.1568516022735085,1.6125178793514845,2.8988208979669334,3.2335800334886984,51.95,0.5195000000000001,-2.3793208979669336,-0.007883685677702989,0.018342557060838757,0.10757101003635727,0.26650158920520495,0.32611330698467095,0.21293144329389288
2023-02-10,21625.19,-0.007883685677702989,1.1656902004014302,1.6186533354886345,2.8515329882555167,3.2340991703778528,48.69,0.4869,-2.364632988255517,0.010916288456747329,0.11760673393220115,0.1386849810646526,0.2644651234551423,0.3236005652142645,0.21435683724418703
2023-02-11,21862.55,0.010916288456747329,1.181083564387104,1.6314739950531723,2.700760604766147,3.1815406978290737,47.13,0.47130000000000005,-2.229460604766147,-0.0036204886304742638,0.07297905219278915,0.1119434282138408,0.2402608933333313,0.32880658426781106,0.2027039464322128
2023-02-12,21783.54,-0.0036204886304742638,1.1374818079143179,1.523366163567899,2.4816567537497023,3.1821458192551852,47.5,0.475,-2.006656753749702,-0.00043941906477148134,0.12037032679833548,0.10446260012679406,0.25694212085261,0.33548719434789476,0.2116264520313256
2023-02-13,21773.97,-0.00043941906477148134,1.1285544633203337,1.3249523867386261,2.2892845261505568,3.1448868914761294,50.65,0.5065,-1.7827845261505568,0.01936986197704005,0.12332916107229358,0.09484383464579693,0.25754271720777916,0.3302704335117838,0.2211088722602064
2023-02-14,22199.84,0.01936986197704005,1.1193654923373308,1.3530093850913376,2.3177491253548634,3.060095404176469,49.17,0.4917,-1.8260491253548634,0.09138049119365944,0.08922845297551876,0.043432944207269404,0.23332655680042463,0.31121608444220195,0.19700433292603328
2023-02-15,24324.05,0.09138049119365944,2.061121285807976,2.152457298248969,2.887627279691067,3.519204755085672,52.67,0.5267000000000001,-2.360927279691067,-0.033711393282664585,0.021078247132451468,-0.04916543936339172,0.13738797197527086,0.19055816367651035,0.11928216412355831
2023-02-16,23517.72,-0.033711393282664585,1.9159023628891412,2.238076739928052,2.9582243820390426,3.5773875397107484,58.8,0.588,-2.3702243820390425,0.043770785975072134,0.0389643760210516,0.0015775645009601215,0.17224719120309084,0.25603064677544696,0.13144142273658088
2023-02-17,24569.97,0.043770785975072134,2.0850163126347763,2.3887500219288422,3.045603764158855,3.6576150860154795,60.77,0.6077,-2.4379037641588552,0.002519415209186526,-0.015907726671541427,-0.044861196786751496,0.14217606284304068,0.15874972209630844,0.08986722269609558
2023-02-18,24631.95,0.002519415209186526,2.0751179460953244,2.3876919559005563,3.0245494975373837,3.620276983742142,58.37,0.5837,-2.440849497537384,-0.014730846119734737,-0.028485326426496548,-0.06241381339388625,0.18499067207063769,0.136824272824548,0.09557901102210076
2023-02-19,24271.76,-0.014730846119734737,2.0929725989288643,2.3820997382987703,2.69858381946857,3.6303108576092384,59.94,0.5993999999999999,-2.0991838194685704,0.023230285350592204,-0.04579550876824916,0.15893057916884773,0.21854229694831345,0.11621106817282806,0.09713794462332176
2023-02-20,24842.2,0.023230285350592204,2.13949402191658,2.4188984779227574,2.7330860714325165,3.657337041039926,60.75,0.6075,-2.1255860714325165,-0.015825264394064464,-0.07024368649584323,0.1257801423904898,0.18491558414961196,0.11309813221976774,0.07769481253216906
2023-02-21,24452.16,-0.015825264394064464,2.1288259641091223,2.4051775591213067,2.7490234762589334,3.66948784661269,60.82,0.6082,-2.1408234762589333,-0.011101316717520895,-0.03738681152009149,0.12831746511949052,0.21686315605397014,0.12075657942541716,0.10721911384335624
2023-02-22,24182.21,-0.011101316717520895,1.2365227184002892,2.4035826151665276,2.7516541333089872,3.675028368555307,56.83,0.5683,-2.1833541333089874,-0.01005818454576867,-0.028953470115210125,0.15247952072581603,0.2310245942211008,0.12896614139426477,0.0850541342455877
2023-02-23,23940.2,-0.01005818454576867,1.0728966550716357,2.1958572577897906,2.7480798657685384,3.6800460298151334,54.93,0.5493,-2.1987798657685382,-0.032041028461487375,-0.033928486967389704,0.16269888256198226,0.23542659886598685,0.1673306651401052,0.10059613263536023
2023-02-24,23185.29,-0.032041028461487375,0.9091366505986952,2.27460380581211,2.792585110445376,3.729302144861216,50.49,0.5049,-2.2876851104453757,-0.0012178923770018468,0.20472608793709685,0.18989361259315518,0.2677831402349325,0.20340935472185878,0.1413672378234442
2023-02-25,23157.07,-0.0012178923770018468,0.9081596884306673,2.2651420507105873,2.79235804252716,3.721509811851011,50.29,0.5029,-2.2894580425271602,0.01703161058168721,0.196023828886333,0.18655341133866277,0.23972360303990212,0.2411666527492258,0.1481247064927138
2023-02-26,23554.85,0.01703161058168721,0.9227282724212791,2.2873481948738372,2.8107436981185256,3.731234760761232,51.34,0.5134000000000001,-2.2973436981185253,-0.0026679753126395687,0.16570427663958204,0.17066962670213062,0.25445308227448693,0.21865500966617807,0.1751915043371532
2023-02-27,23492.09,-0.0026679753126395687,0.8105891196698624,2.28790065141473,2.8108809405856254,3.730263591018506,50.44,0.5044,-2.3064809405856255,-0.015033201397948169,0.18143299084102604,0.18703725962979223,0.20361091888306002,0.21854720540225817,0.16608186122458296
2023-02-28,23141.57,-0.015033201397948169,0.805067355001636,2.2759686798272214,2.7636376922877077,3.741184691315381,50.37,0.5036999999999999,-2.259937692287708,0.20661354644299915,0.19662736952937204,0.24740448546452393,0.1992380862184344,0.23367482442654208,0.1795996593435756
2023-04-01,28452.73,0.20661354644299915,4.023020462353432,4.208762534716643,4.759623902153122,5.438049126515749,58.17,0.5817,-4.177923902153123,-0.009920151427765776,-0.01483247534394168,0.05961171777946579,-0.042719510996019505,-0.01360471322438261,-0.04464669815894773
2023-04-02,28171.87,-0.009920151427765776,4.022895361581244,4.163507454382158,4.756903380846342,5.440676199535917,60.28,0.6028,-4.154103380846342,-0.01328794166506373,-0.00947041754767031,0.059135441759122186,-0.012682010170721911,0.017522434368579042,-0.0492532686947991
2023-04-03,27800.0,-0.01328794166506373,3.9841455645662287,4.0865566592321425,4.737839355202511,5.446214838804309,61.83,0.6183,-4.1195393552025115,0.01306073888880465,0.004965350062548648,0.0885456909344798,-0.007560885694073374,0.04316147163570488,-0.02025446317158613
2023-04-04,28165.47,0.01306073888880465,3.99188392212221,4.093884618230988,4.74030509606908,5.45192734944087,59.65,0.5965,-4.14380509606908,0.00016117729039769833,0.005604268788766068,0.07854507349528475,-0.023513379331551242,0.023602750518635536,-0.03969947055976781
2023-04-05,28170.01,0.00016117729039769833,3.978601397183932,4.0842008450123375,4.7400785053636385,5.448271060368992,58.02,0.5802,-4.159878505363638,-0.0048462984303144436,0.050777115935152044,0.0727277163040046,0.004631782578122804,0.04632247788158047,-0.03816311182205412
2023-04-06,28033.82,-0.0048462984303144436,3.9793521565814483,4.061071078793941,4.740205294896787,5.449017272357536,57.06,0.5706,-4.169605294896788,-0.004558093631494347,0.07444419312340754,0.07788952764177731,0.013515742128703599,0.028635960881078344,-0.08582397184729701
2023-04-07,27906.33,-0.004558093631494347,3.969929211942881,4.050737142043007,4.729825751241075,5.448056278225455,54.5,0.545,-4.184825751241075,0.0011478259451552448,0.06860585930679239,0.05317019170123938,0.05461324141056309,0.018594898253922704,-0.024531300196532393
2023-04-08,27938.38,0.0011478259451552448,0.4234103476812795,4.045240408558928,4.727730149027836,5.448094565590212,55.26,0.5526,-4.175130149027836,0.013699657615021985,0.0835803408719311,0.08378345557235618,0.04798538296404755,-0.00969630758759934,-0.058937731705543804
2023-04-09,28323.76,0.013699657615021985,0.4602828649716679,4.0491415640871855,4.718297871031909,5.450462024936296,58.56,0.5856,-4.132697871031908,0.04533402443678367,0.07294080470651865,0.016573659253267765,0.03150994577246594,-0.024861504500819954,-0.06660874958787191
2023-04-10,29637.34,0.04533402443678367,0.9473916369352777,4.095237086346486,4.791640763190217,5.5185613874819,62.16,0.6215999999999999,-4.170040763190217,0.018820778757940998,0.02195060036885257,-0.04816639924608964,-0.013729661037981913,-0.07126457096853031,-0.11272802908978893
2023-04-11,30200.42,0.018820778757940998,0.982129869407683,4.110926456175123,4.7007197166517445,5.522674031029559,60.18,0.6018,-4.098919716651745,-0.010396427448109471,0.003445334518369807,-0.10233122877548541,-0.0732164310038485,-0.11318186369077797,-0.1558853271254308
2023-04-12,29888.07,-0.010396427448109471,1.0020084232250386,4.102839255672572,4.702502681967591,5.4995246937368885,55.87,0.5587,-4.143802681967591,0.01612230751029388,-0.015435667605552992,-0.07181745192984398,-0.04161300739054308,-0.10924372797007736,-0.14223043518682768
2023-04-13,30373.84,0.01612230751029388,1.044184983574234,4.114069258776686,4.707962418246785,5.427616233290718,55.47,0.5547,-4.1532624182467845,0.003060121449609667,0.00020311470042514256,-0.09610657662855306,-0.04538421929877478,-0.12610263783559822,-0.15913837689980584
2023-04-14,30466.93,0.003060121449609667,1.0421885365971117,4.104448183818606,4.707817298874459,5.321857191151704,53.46,0.5346,-4.173217298874459,-0.005656179900882534,-0.05636714545325085,-0.10205845282683594,-0.054942322976649104,-0.12386074231656916,-0.16107734414543468
2023-04-15,30295.09,-0.005656179900882534,1.047546310264736,1.129880345290086,4.709049846571577,5.236026556384924,53.81,0.5381,-4.170949846571577,0.00031551290745832457,-0.07011699961494218,-0.0680959337258818,-0.026405238422424208,-0.10916156125157747,-0.18697901348258092
2023-04-16,30304.65,0.00031551290745832457,1.0143402690728252,1.1138880092941381,4.69449058746648,5.2354754209999514,56.4,0.564,-4.13049058746648,-0.029277429572032238,-0.10577656329385524,-0.06437378551307374,-0.04925356676069895,-0.1142117515161687,-0.1687678007163863
2023-04-17,29430.27,-0.029277429572032238,0.7691645024778709,1.2203134620280707,4.393542338538168,5.257528467535242,55.6,0.556,-3.837542338538168,0.031761089816271876,-0.05638178432429105,0.0014430497093235962,-0.034575293447316635,-0.07127599955295211,-0.11074523285397518
2023-04-18,30380.01,0.031761089816271876,0.9113303452714794,1.3398141955492882,4.388235065331721,5.292230010411224,55.63,0.5563,-3.831935065331721,-0.053510138704066394,-0.09630969132897818,-0.03579807260830867,-0.09347976315995556,-0.12458922403886606,-0.13599916670121345
2023-04-19,28797.1,-0.053510138704066394,1.3550605045439557,1.6852922153706307,4.427462864997762,5.3738375216592456,55.71,0.5571,-3.8703628649977615,-0.01940603406257386,-0.045691307373585094,0.014936286519198106,-0.04143516375408783,-0.06888249940021295,-0.08918713026510745
2023-04-20,28243.65,-0.01940603406257386,1.370682978247375,1.7231059476361335,4.442698219356603,5.374520176846299,56.11,0.5611,-3.881598219356603,-0.03534405077145466,0.002021065889060502,0.03443673820810773,-0.02309817172244064,-0.041245261802447315,-0.05081328305852505
2023-04-21,27262.84,-0.03534405077145466,1.526863629850062,1.8486399027320968,4.484899325946287,5.2341834697086265,54.82,0.5482,-3.9366993259462872,0.02011734939753183,0.04140277778078136,0.029114797771636888,-0.010850634915292602,-0.01907312354950632,0.03761949416304483
2023-04-22,27816.85,0.02011734939753183,1.5707812248347972,1.8880431479292965,4.479405032364511,5.2473639970780495,54.53,0.5453,-3.934105032364511,-0.008166817188415205,0.05782483403361469,0.0302044445393009,-0.037426276040233415,-0.03540331968759874,0.07535174206168355
2023-04-23,27590.6,-0.008166817188415205,1.578499822844588,1.8763123066758176,4.471912743006804,5.249298396365879,54.22,0.5422,-3.929712743006804,-0.002891754748673293,0.06051161872066957,0.050722357329778346,-0.029996061207045198,-0.013537465582060863,0.07987887034189149
2023-04-24,27510.93,-0.002891754748673293,1.4771078610858186,1.6653713295098942,4.4672221212615915,5.246682184966548,52.72,0.5272,-3.9400221212615913,0.028306339200071688,0.060627593892783244,0.04711612985018672,-0.02180228948973324,-0.043912007148677074,0.10930461132800906
2023-04-25,28300.79,0.028306339200071688,1.4512420776278794,1.713658824296808,4.495731678383472,5.269112474854101,52.38,0.5238,-3.971931678383472,0.004037661120266265,0.03241567231904723,0.04169069530345752,-0.04106562752569566,-0.06673453250474497,0.07573590425399936
2023-04-26,28415.29,0.004037661120266265,1.0329263291461688,1.7038561478065861,4.454529691551708,5.257505717733169,55.47,0.5547,-3.8998296915517083,0.0365394056503652,-0.012287980009144536,0.015120218752374825,-0.04983796600309498,-0.062042116898414636,0.06957429072280656
2023-04-27,29472.77,0.0365394056503652,1.1902948013359964,1.815371460870913,4.508837451347226,5.303477972079969,55.07,0.5507,-3.958137451347226,-0.005480032501360423,-0.02762038949431385,-0.03601834315664025,-0.07271904926227578,-0.093041946256512,0.026623932225751233
2023-04-28,29311.7,-0.005480032501360423,0.9858013174595538,1.817447875913887,4.498299538342561,5.304241592646955,50.73,0.5073,-3.990999538342561,-0.0027757795765594477,-0.00978926139089125,-0.05768169055164685,-0.0887911514305573,-0.04346350532902484,0.04602961647279024
2023-04-29,29230.45,-0.0027757795765594477,0.9093394402001188,1.8150074032347558,4.498323347709545,5.304334510821913,50.68,0.5068,-3.9915233477095446,9.441762633578723e-05,-0.013511464042596514,-0.05637145027328595,-0.08381878591941111,-0.05246534417767516,0.028563417504468405
2023-04-30,29233.21,9.441762633578723e-05,0.8958555138936536,1.814998289942461,4.48914549070878,5.271633573284879,53.3,0.5329999999999999,-3.95614549070878,-0.040665991207925405,0.009275022984410264,-0.057534909930548286,-0.07568200001055507,-0.05407516508296644,0.04069225693708448
2023-05-01,28068.26,-0.040665991207925405,1.1845310122970263,1.8933994170208621,2.2747513181154364,5.275273760594348,53.19,0.5318999999999999,-1.7428513181154366,0.021206996165195773,0.02740819876151915,-0.03996543268692954,-0.04818792132114322,-0.031041984934565198,0.08216882861126457
2023-05-02,28669.86,0.021206996165195773,1.1290756322804174,1.838726556964659,2.3027652978969035,5.284965259290317,53.21,0.5321,-1.7706652978969035,0.012351095602062214,-0.0083979536623265,-0.0676307205795343,-0.0656077642268997,-0.06677570306337802,0.0646927217206608
2023-05-03,29026.16,0.012351095602062214,1.1508874339288668,1.5464406509849484,2.3008608777669224,5.266980400053158,52.92,0.5292,-1.7716608777669225,-0.006497982228264741,-0.04789242916075561,-0.08071841853682347,-0.06425982291183918,-0.06341593480729099,0.0533588977650558
2023-05-04,28838.16,-0.006497982228264741,0.923380627047504,1.5064639048095843,2.29065704490659,5.264750905902261,51.9,0.519,-1.7716570449065898,0.02288090465334252,-0.042859986230689526,-0.06891841933992006,-0.09102813699886392,-0.06330222107840343,0.07731375224234927
2023-05-05,29505.61,0.02288090465334252,1.0162485535382164,1.4158267408385494,2.3319928776794066,5.282663629132359,51.67,0.5167,-1.8152928776794064,-0.02253281543081646,-0.06680993291495853,-0.08275632282915317,-0.10842522780820237,-0.0844855897036345,0.041846345979350476
2023-05-06,28848.2,-0.02253281543081646,1.1023926031576952,1.429044320166546,2.3695862098594733,5.2994796955667,50.53,0.5053,-1.8642862098594732,-0.01459915625864984,-0.06737363144844881,-0.06495818475546973,-0.07716233565078934,-0.11445993272837539,0.055836776770728
2023-05-07,28430.1,-0.01459915625864984,1.1371282272902004,1.4476248502543108,2.3843552365815173,5.296829384765655,51.68,0.5168,-1.8675552365815173,-0.027143379896367045,-0.05923276691720778,-0.03670070610563552,-0.05702360309987175,-0.04312619845045517,0.050257182837716075
2023-05-08,27668.79,-0.027143379896367045,0.9789638858076878,1.53671207739417,2.4399974439453866,5.320246224422962,51.34,0.5134000000000001,-1.9265974439453866,-0.0014655392981985705,-0.032825989376067816,-0.031109460878910457,0.014218185222621974,-0.04924142411794445,0.09231680975994373
2023-05-09,27628.27,-0.0014655392981985705,0.8916279202567202,1.4386841667269257,2.426080800301798,5.305487993519281,51.98,0.5197999999999999,-1.906280800301798,-0.0010690420309266652,-0.026058433109230512,-0.027447335646125216,0.003906106095610805,-0.041747245087051965,0.09180079921566187
2023-05-10,27598.75,-0.0010690420309266652,0.8600795884150059,1.436759821258758,2.2663068555497055,5.300562985851381,50.86,0.5085999999999999,-1.7577068555497055,-0.0230965139643067,-0.015946389914194593,-0.018147090080006714,0.003459744847581867,-0.041463458121258685,0.0887696021343105
2023-05-11,26968.62,-0.0230965139643067,0.9586626573851169,1.3310393957623252,2.28069390924388,5.224780431958895,51.21,0.5121,-1.76859390924388,-0.00645829172740886,0.00241544669297921,-0.008222488634213692,0.008923447752364269,-0.042703463434652845,0.12014916023252627
2023-05-12,26795.01,-0.00645829172740886,0.862071634887291,1.3326397210971028,2.2753763216247984,5.224066316474475,50.09,0.5009,-1.7744763216247983,-0.0007366023552270455,0.022532060811572285,0.002022956352634682,0.0008550175161561961,-0.03298670721675024,0.1335062943528918
2023-05-13,26775.28,-0.0007366023552270455,0.7470240357450182,1.3316585003211499,2.254475867250531,5.2199206476381566,48.35,0.48350000000000004,-1.7709758672505311,0.005302016968638717,0.0017165284971572992,0.016458595624984324,0.01730248372953249,-0.03303573906420762,0.1263054233721539
2023-05-14,26917.62,0.005302016968638717,0.7003650172965404,1.3355043102711937,2.2559929312504625,5.22044517502422,48.02,0.4802,-1.7757929312504626,0.0090430011641092,-0.0013889025368946967,-0.022109717658943883,0.0056161982615166245,-0.037216601828865464,0.15575238254321822
2023-05-15,27162.14,0.0090430011641092,0.5014387586436344,1.099914141370024,2.2600166112178965,5.223296424718456,52.28,0.5228,-1.7372166112178964,-0.004734677357132959,-0.0022007001658121803,-0.02566890497904923,-0.0017292668744813132,-0.07781745223100345,0.10971991169037336
2023-05-16,27033.84,-0.004734677357132959,0.5087623675334556,1.026566848675512,2.2618180772883854,5.210956043813832,50.57,0.5057,-1.7561180772883853,0.013658322391184448,-0.010637935327192769,-0.012204150895319692,-0.0495017479729056,-0.05455604920021763,0.11371236352836601
2023-05-17,27405.61,0.013658322391184448,0.5714128737616843,1.0325936135327938,2.2070444952334216,4.916732622836794,49.72,0.4972,-1.7098444952334217,-0.021552134669642054,-0.020509104458937763,-0.020322896994236252,-0.006425492344819718,-0.039469233301023116,0.09815289830952365
2023-05-18,26821.28,-0.021552134669642054,0.5489483569549612,1.1047073772127376,2.1615702644265467,4.8917269953115685,46.28,0.4628,-1.6987702644265466,0.002196585934586688,0.014742067127826847,0.04532764610153251,-0.0181319632390339,-0.011409942662347327,0.11659123170333241
2023-05-19,26880.26,0.002196585934586688,0.5365458421007699,1.0154058027965327,1.9050012794514086,4.819902208099837,46.52,0.46520000000000006,-1.4398012794514086,0.008231203535191795,-0.020720815122049287,0.03135344174173598,-0.014299909440926805,-0.020304630864894493,0.10509846749151701
2023-05-20,27102.43,0.008231203535191795,0.5589392968986476,0.9329834122846603,1.8751807237638445,4.82222668640223,46.34,0.46340000000000003,-1.4117807237638444,-0.013171912518513606,-0.023468204813237106,0.021606834927588667,-0.023316368041251992,-0.009568021256077638,0.09854306795958333
2023-05-21,26747.78,-0.013171912518513606,0.604549186965233,0.9251977501664752,1.7673910945666418,4.82058017722213,47.02,0.4702,-1.2971910945666418,0.0037871532594394926,-0.0015662155681268365,0.017145936386578145,-0.034480974800439136,0.056692617712551144,0.10805691426746376
2023-05-22,26849.27,0.0037871532594394926,0.5838377773589262,0.7696150849232882,1.7266117041647586,4.800651770429848,47.58,0.4758,-1.2508117041647586,0.01369903691712277,0.0001862074647015393,-0.0011679388364783919,-0.0350096635693849,0.11075506174928218,0.10767737132241423
2023-05-23,27219.61,0.01369903691712277,0.6333889025601175,0.8124165486402631,1.7393506908942893,4.7982647287306985,50.08,0.5008,-1.2385506908942894,-0.03326629631528951,0.030585578973705486,0.0008438881045481624,-0.04949433468919191,0.09341633592395253,0.09036936153694403
2023-05-24,26329.01,-0.03326629631528951,0.858496824329902,1.031275651649506,1.8510036650539494,4.835523554769646,51.3,0.513,-1.3380036650539493,0.005483813844004058,0.05207425686378536,0.027725915920460496,-0.015106884169921607,0.15321661847668616,0.1333137857593093
2023-05-25,26473.79,0.005483813844004058,0.7605607535736001,0.9379749242277183,1.7733400971195028,4.83283958186825,47.77,0.4777,-1.2956400971195028,0.008730076726596555,0.04507503974082573,0.023939638104568003,-0.05214854725195428,0.14247043675874424,0.09720840378354784
2023-05-26,26705.92,0.008730076726596555,0.7775022418515523,0.9446645842624851,1.779495099558387,4.796815358367265,45.24,0.4524,-1.3270950995583868,0.005539576292267746,0.018712151954704884,-0.03729759707758596,-0.042351898304898015,0.1316164076212211,0.09027302429706817
2023-05-27,26854.27,0.005539576292267746,0.768752702007041,0.9504703332880416,1.6402688040474105,4.797926313752898,43.09,0.43090000000000006,-1.2093688040474104,0.04409840842612671,-0.0013541463011798498,0.013897404649416549,-0.019146336306786815,0.11966587848226314,0.08893448431486942
2023-05-28,28065.0,0.04409840842612671,1.112410847326965,1.2660717249472955,1.8410119328508374,4.86045508914053,49.94,0.49939999999999996,-1.3416119328508374,-0.011777618425209708,-0.029741690869157334,-0.06345960934056637,-0.05673758876387977,0.08949312180181496,0.04042529371769097
2023-05-29,27736.4,-0.011777618425209708,1.1326309451122465,1.2742524899317527,1.8539532403167904,4.865393669358106,47.12,0.47119999999999995,-1.3827532403167906,-0.0015154032789555,-0.024348340943324803,-0.04565335118266285,-0.051658072606630454,0.08102876168214357,0.05532436349976014
2023-05-30,27694.4,-0.0015154032789555,1.1023583094755942,1.271367509556619,1.8541784074383647,4.856995450210104,44.68,0.4468,-1.4073784074383648,-0.017632811059524262,-0.021135401636257888,-0.04492320296884062,-0.031174856183666343,0.09476742202005074,0.05816112219871021
2023-05-31,27210.35,-0.017632811059524262,0.9616403850521443,1.2890962056990793,1.7169312971441149,2.849973094325784,43.93,0.4393,-1.2776312971441148,-0.014526721963616974,-0.05600974903229093,-0.05162691118701722,0.03954668132597307,0.11321081354582974,0.07334449954569469
2023-06-01,26817.93,-0.014526721963616974,0.9953894888789081,1.2526982455671662,1.691367361401123,2.8571754528574567,42.13,0.4213,-1.270067361401123,0.015710863858149307,0.015251550950596457,-0.033841724732906524,0.11192300058576064,0.13146842478403892,0.08620185820370764
2023-06-02,27242.59,0.015710863858149307,1.0261946408232374,1.2874723985152157,1.7015100248400759,2.8616598581015267,41.4,0.414,-1.287510024840076,-0.0063842684993772065,-0.03371791847140902,-0.05033822279374008,0.09257244781940431,0.11677483257234669,0.08656715144994886
2023-06-03,27069.22,-0.0063842684993772065,1.027984296138296,1.2836403039598256,1.701352897029722,2.8533684265463544,39.75,0.3975,-1.303852897029722,0.0016975360281114345,-0.021305010239337997,-0.04283280009038213,0.12549070255622574,0.1406159733207526,0.07529219584989516
2023-06-04,27115.21,0.0016975360281114345,0.589914480367218,1.2591493110023213,1.644555535236674,2.8535510666580093,41.69,0.4169,-1.227655535236674,-0.05250715845555731,-0.023787801332582764,-0.07608818535652209,0.11853079865417626,0.126331935682985,0.07385605227766348
2023-06-05,25728.2,-0.05250715845555731,1.1417857604226986,1.608268503866783,1.8776442390635046,3.0233237826016177,40.11,0.4011,-1.4765442390635046,0.05673457801927024,0.004382837845273704,-0.005054301227312009,0.1689140046988072,0.17029670949910336,0.12363114806686315
2023-06-06,27230.08,0.05673457801927024,1.5740721154754376,1.9216911477100607,2.150027903546332,3.2105715815476747,43.65,0.4365,-1.713527903546332,-0.03325860556385626,-0.049093275683502934,-0.03304374095620333,0.10576847383284672,0.0933833812881712,0.0654577386829419
2023-06-07,26339.34,-0.03325860556385626,1.6637180931146778,1.9216425587294783,2.181155813497611,3.2727707235940686,45.63,0.45630000000000004,-1.7248558134976109,0.00602863973269374,-0.01662030432233101,0.006722020576686674,0.15295273114238142,0.14155823387788835,0.09927651778112595
2023-06-08,26498.61,0.00602863973269374,1.644444973890537,1.9222381503665102,2.184015218624981,3.2643208366792833,41.35,0.41350000000000003,-1.7705152186249808,-0.0007852550651334101,-0.021527789851044095,-0.006004721423967628,0.12668211286480632,0.1335480443027139,0.09745512589707486
2023-06-09,26477.81,-0.0007852550651334101,1.616889277814308,1.9150473564810893,2.183971245903669,3.147360348998128,40.8,0.408,-1.7759712459036692,-0.024336519277700846,-0.05230038402393942,0.013748346785174382,0.13969062498889137,0.13023306025556933,0.1172082593695888
2023-06-10,25841.21,-0.024336519277700846,1.6779842359818875,1.9678370891185748,2.18888069244773,3.161133245124695,43.37,0.4337,-1.75518069244773,0.003258464490493794,-0.009437139072585692,0.09117359251299025,0.16483772473284714,0.16285262366717906,0.13519522576226062
2023-06-11,25925.55,0.003258464490493794,1.6788253996267541,1.7794532352885408,2.186286835534685,3.1555011538966466,42.81,0.42810000000000004,-1.7581868355346848,-0.0007856342026842933,0.016049534727299537,0.14576472531866716,0.1653101495169453,0.1664930015696421,0.1276601682855575
2023-06-12,25905.19,-0.0007856342026842933,1.3462445511943513,1.7652334447105062,2.1862930659287363,3.1404679278959544,46.45,0.4645,-1.7217930659287362,0.0011211542039807445,0.02334232489901749,0.14291067061314439,0.1671130553660868,0.15934116243636157,0.1274363220505291
2023-06-13,25934.25,0.0011211542039807445,0.7987281681397629,1.765125976041716,2.1840502547228517,3.139996754935745,45.38,0.45380000000000004,-1.7302502547228518,-0.03155784923802867,0.015523068427076308,0.16832350264660786,0.18344877341113483,0.1929689843720838,0.12645584971207238
2023-06-14,25128.6,-0.03155784923802867,0.7731301204935447,1.8345811719767273,2.2591436513198353,3.195528926528368,44.66,0.44659999999999994,-1.8125436513198354,0.018526725673652867,0.06604873080911368,0.19461898401069855,0.20242012103950702,0.18753736392137685,0.15371192575893006
2023-06-15,25598.49,0.018526725673652867,0.842464766460786,1.847686703659924,2.2849136113418167,3.215066286415201,46.63,0.46630000000000005,-1.8186136113418168,0.028745138290379006,0.100610731585576,0.17396830592611923,0.1753510107264153,0.16826841272858356,0.13951279678297598
2023-06-16,26345.0,0.028745138290379006,1.0055421922577668,1.9040604079496612,2.3354513120688245,3.213312657520918,45.06,0.4506,-1.8848513120688244,0.006507155969033793,0.12971519059136746,0.13881221478905006,0.12642712224437466,0.13762213161054673,0.10289020561298702
2023-06-17,26516.99,0.006507155969033793,0.9002184023459676,1.904212243455557,2.3022266524148374,3.157947682774729,42.95,0.42950000000000005,-1.8727266524148374,-0.006698102267960423,0.11956834571412688,0.1462307105656948,0.13483621330120169,0.12800117436567987,0.08017396468264955
2023-06-18,26339.97,-0.006698102267960423,0.9071346762054446,1.9082316534441746,2.3053984487135843,2.990634026764643,45.41,0.45409999999999995,-1.8512984487135844,0.0189678131440085,0.15280043421953143,0.13268683428877392,0.1395527657266814,0.12540309835641145,0.010703346574198353
2023-06-19,26844.35,0.0189678131440085,0.9767225714182092,1.6632382189987938,2.3284009994045953,2.9896076600122323,45.22,0.4522,-1.8762009994045954,0.05308872645011515,0.12857025320158477,0.12594227820371712,0.11648471347039493,0.10811108921566115,-0.029884063230958657
2023-06-20,28307.99,0.05308872645011515,1.4079236062830638,1.618707993341915,2.5272207416099883,3.0839124433059397,52.71,0.5271,-2.0001207416099884,0.057849597296170514,0.07335757434054332,0.07366413221985682,0.07167903115418889,0.05136429655491264,-0.08120839948610943
2023-06-21,29993.89,0.057849597296170514,1.6853030506679578,1.8541781348632846,2.7573737250539745,3.2533517849406888,55.83,0.5583,-2.1990737250539745,-0.0036396889082070654,0.00909702419768245,0.0195454241982782,0.020728276250975116,-0.0030776904268680692,-0.13561641755819304
2023-06-22,29884.92,-0.0036396889082070654,1.6491813754298705,1.851903369993312,2.7458055135922415,3.2503520954487364,51.05,0.5105,-2.2353055135922415,0.026533986237444202,0.02666236485156801,0.02420238475294241,0.016430491823217274,-0.0030469743870084123,-0.13438780493693334
2023-06-23,30688.5,0.026533986237444202,1.635599296414024,1.9199739995220264,2.7189154256963413,3.2891816094786663,52.71,0.5271,-2.1918154256963414,-0.005262367873937984,-0.020113599930757356,0.01512527076452706,0.024645481725476037,-0.019902832717376844,-0.16363992360792143
2023-06-24,30527.43,-0.005262367873937984,1.6339637703679182,1.8655376637305585,2.718755690033168,3.2459771413458127,49.15,0.4915,-2.2272556900331684,-0.002123952410926466,-0.0026279749978676496,0.0078011370288085585,-0.0070816200893216875,-0.04526203297519638,-0.14402298703089927
2023-06-25,30462.66,-0.002123952410926466,1.6294504017676814,1.8649401954473543,2.713938260732485,3.245314113059009,49.51,0.4951,-2.2188382607324852,-0.00641095284669021,0.0003065578793136306,0.001382704800296182,-0.005699893197535609,-0.04134338332415303,-0.1515040009622082
2023-06-26,30267.99,-0.00641095284669021,1.5933584910065492,1.8688976061786977,2.7146384249192117,3.171709874433502,49.51,0.4951,-2.219538424919212,0.013925651745678577,0.010448400000595862,-0.012385092544675402,-0.001190083178503275,-0.030731394167393677,-0.1496887630238196
2023-06-27,30692.44,0.013925651745678577,1.2573196727665312,1.8876179805921658,2.594270522343184,3.181126291111052,48.92,0.4892,-2.1050705223431843,-0.020241978544881276,-0.002459980098625668,-0.011394497264493134,-0.018229536200015054,-0.049067828084124104,-0.16525197831546248
2023-06-28,30077.41,-0.020241978544881276,0.7133770476934266,1.8300691748582933,2.6132668853310714,3.2041077433895833,48.44,0.4844,-2.1288668853310715,0.012223257058951633,0.03523887069528442,0.006865931437907568,-0.007283735932362611,-0.025704398182383414,-0.14177126352990188
2023-06-29,30447.31,0.012223257058951633,0.7473991300274168,1.8106365368650053,2.6235204469508906,3.212605967463186,43.52,0.43520000000000003,-2.1883204469508906,0.0008105804662547625,0.010429112026676178,-0.009457564733322132,-0.017831188988056114,-0.0366062998213407,-0.15329634430181785
2023-06-30,30472.0,0.0008105804662547625,0.5494234651492224,1.725413342502784,2.601848382589358,3.1172853711355706,46.06,0.4606,-2.141248382589358,0.0037308892745919983,0.0010761469209824403,-0.0019851010656680313,-0.02229983566494412,-0.03986631400013506,-0.0947860982039744
2023-07-01,30585.9,0.0037308892745919983,0.544829336620351,1.7224043105255848,2.5879859492584742,3.0916653804660497,46.56,0.4656,-2.122385949258474,0.001017271646457164,-0.02283349254527124,0.001182852052696774,-0.02262311462514631,-0.04526656658033121,-0.11365278256041422
2023-07-02,30617.03,0.001017271646457164,0.5436636320135233,1.7177539860512607,2.5705944034381374,3.082708541464591,47.88,0.4788,-2.0917944034381373,0.01745687224902878,-0.008934517165867547,-0.007771892929725223,-0.02724935913995083,-0.03020768112239775,-0.1657401422702272
2023-07-03,31156.2,0.01745687224902878,0.6259388957155733,1.7118968374386052,2.589268152608096,3.0982109751180555,49.05,0.4905,-2.098768152608096,-0.012586501609656327,-0.02837293925737687,0.009520210960949122,-0.03502810348190378,-0.06532377747085735,-0.18844305313857695
2023-07-04,30766.51,-0.012586501609656327,0.6155003095391884,1.399890492348803,2.600207891687642,3.0766286725037646,46.61,0.4661,-2.134107891687642,-0.008542384639438915,-0.019886676759998414,-0.014882757118130264,-0.05306317000400494,-0.05247588340532148,-0.1733617055763039
2023-07-05,30504.81,-0.008542384639438915,0.5058866222904376,0.8745445024629777,2.404456355577358,3.050730773825301,46.45,0.4645,-1.9399563555773578,-0.02017875019166179,-0.0030612479866505746,-0.0070825979978316085,-0.042726088124449106,-0.046665561432240085,-0.1608957592862179
2023-07-06,29895.43,-0.02017875019166179,0.591615386010075,0.9532125809752982,2.1806341453384452,3.0623169760564903,47.96,0.4796,-1.7010341453384452,0.014916247025860701,0.024016344597968118,0.011195009366172104,-0.01834630162271828,-0.027925642605229364,-0.14632311506808177
2023-07-07,30344.7,0.014916247025860701,0.6564902210688229,0.8560639896734185,2.1053827497594617,3.03151401212977,45.04,0.45039999999999997,-1.6549827497594618,-0.0019815498424806542,0.0011626242361422669,-0.006835038935521836,-0.037673330819630986,-0.042281716096762414,-0.16255362944356708
2023-07-08,30284.63,-0.0019815498424806542,0.6537063309955135,0.8509823577641241,2.1025707998992695,3.0316210917221458,44.01,0.4401,-1.6624707998992696,-0.004100239112277894,0.03789315021832601,-0.014149667370270062,-0.032570329620290946,-0.03609291840563882,-0.16181936284852355
2023-07-09,30160.71,-0.004100239112277894,0.6580962054916834,0.8536162840859397,2.1039760611658935,3.032564206887164,43.89,0.4389,-1.6650760611658935,0.008283044133908972,0.005003919641868104,-0.00837362425473396,-0.0271487350880185,-0.013024800885980441,-0.13868363688690333
2023-07-10,30411.57,0.008283044133908972,0.5889837545684202,0.8594773785941922,2.0580525583794835,3.004459854753062,44.26,0.4426,-1.6154525583794834,0.006898842392956891,-0.004021350011181144,-0.020314734599276116,-0.037881212934467084,-0.027657397904918484,-0.1601748361543056
2023-07-11,30622.1,0.006898842392956891,0.553579600831669,0.8278230520466234,2.061328875269473,3.0048172755180933,43.96,0.4396,-1.621728875269473,-0.007937473335964864,-0.012821335231795924,-0.023805966677843068,-0.04644941863302793,-0.03883283328408467,-0.16741684156792452
2023-07-12,30380.0,-0.007937473335964864,0.5502833300603212,0.7474844600088381,2.0668448702305033,3.0086084969178395,41.26,0.41259999999999997,-1.6542448702305035,0.034748976139702924,-0.007997663171664135,-0.01947746621022561,-0.02243578819267258,-0.03190484038583251,-0.16179851369264714
2023-07-13,31454.23,0.034748976139702924,0.7713135991963528,0.9720768659262918,2.17074255902013,3.079317907052829,45.15,0.4515,-1.71924255902013,-0.03698946968873567,-0.052042817588595996,-0.04454831444285289,-0.07484398843180648,-0.06651313466001142,-0.22317788750815415
2023-07-14,30312.01,-0.03698946968873567,1.0065360499376472,1.2017047183826288,2.201822236147694,3.154639630273662,42.21,0.42210000000000003,-1.7797222361476939,-0.0007422255191403193,-0.013377543896602055,-0.038180412885874725,-0.03759312628719124,-0.03382543816244674,-0.15961645474264116
2023-07-15,30289.52,-0.0007422255191403193,1.0059238096587073,1.199672737883921,2.173232568479387,3.1533743843690076,42.98,0.42979999999999996,-1.7434325684793872,-0.0019011428276580337,-0.016293384588094973,-0.0356434901266175,-0.03958296343440846,-0.028755615945607566,-0.14420302502224377
2023-07-16,30231.99,-0.0019011428276580337,1.0035265720114452,1.2000650800750743,2.103013491702237,3.1427692529560023,42.1,0.42100000000000004,-1.682013491702237,-0.0031138012758330853,-0.010984631446047173,-0.029541310988890367,-0.03912065197140144,-0.034731925997559705,-0.13089853407574273
2023-07-17,30138.0,-0.0031138012758330853,0.9927549109414379,1.1543241210092836,2.100178438687616,3.116247267695165,42.9,0.429,-1.671178438687616,-0.00929617827722886,-0.011479803038561434,-0.03083829188410914,-0.03544667716124054,-0.04782720968303028,-0.12487561820830925
2023-07-18,29859.13,-0.00929617827722886,0.9998666927301041,1.1428839738521082,2.1037863043751353,3.121022079673162,42.67,0.4267,-1.6770863043751352,0.0016758040032582482,0.0074945031457432166,-0.018420662250020883,-0.021943251035368823,-0.1146997517822131,-0.11709675588648323
2023-07-19,29909.21,0.0016758040032582482,0.9888185720377998,1.1316244570303127,2.0725884551659597,3.117222179844667,40.53,0.4053,-1.6672884551659597,-0.00365806621063334,-0.024802868989272617,-0.018775110833284557,-0.0046511766312465445,-0.1379951524466198,-0.11998415198915673
2023-07-20,29800.0,-0.00365806621063334,0.7361467631979621,1.0662254570549645,1.8088080145164633,3.1078338292454966,41.62,0.41619999999999996,-1.3926080145164634,0.0034076103143899864,-0.019350105538522438,-0.017566478335190885,-0.007342663305642306,-0.13257269604102204,-0.10750636593845794
2023-07-21,29901.72,0.0034076103143899864,0.21621690530609278,1.02949724135824,1.4333612723747802,3.1076734700997592,38.76,0.3876,-1.0457612723747802,-0.0036089728683473903,-0.018556679542843256,-0.022643451955184933,-0.015026866606241609,-0.13253872713132508,-0.09432189576569784
2023-07-22,29794.0,-0.0036089728683473903,0.2265009540640249,1.0311088172594591,1.4333329235828873,3.0974007148414326,39.07,0.3907,-1.0426329235828873,0.009678127907075769,-0.019358488845547653,-0.0029583219824469587,-0.012427374175606912,-0.13134083054992493,-0.09385121909677763
2023-07-23,30083.75,0.009678127907075769,0.29012341328308733,1.0446229825482836,1.353385489351284,3.037129133717585,39.27,0.39270000000000005,-0.960685489351284,-0.030621568131757492,-0.025915165395764023,-0.03029567398895365,-0.021964820217158565,-0.1437370908905446,-0.12427466365334246
2023-07-24,29176.5,-0.030621568131757492,0.6502968567076398,1.1867806516126638,1.4709853409525353,3.0911859173115057,38.25,0.3825,-1.0884853409525352,0.0017946972401168204,0.006027758155988071,0.0005872865986834309,0.004354974723427821,-0.09876095405570286,-0.0931992703433575
2023-07-25,29228.91,0.0017946972401168204,0.6265131559877597,1.1799373448860664,1.470825257221698,3.0868734700905613,37.77,0.37770000000000004,-1.0931252572216978,0.004201036310069169,0.0017836272033316068,-0.003939473307790952,0.006887874181010056,-0.11016061763805522,-0.09515124022042912
2023-07-26,29351.96,0.004201036310069169,0.6308212709543606,1.1729013787592495,1.4679124972262574,3.0861025384067986,38.15,0.3815,-1.0864124972262574,-0.004410782171051959,-0.0040867724123416615,-0.009579340982511102,-0.005190615008669333,-0.11895736885642588,-0.11175505143539177
2023-07-27,29222.78,-0.004410782171051959,0.6325759416770002,0.9706000097647745,1.4460587802166955,2.9700716386882955,36.36,0.3636,-1.0824587802166956,0.0031214513568593983,0.016400166863100703,-0.004608385277131397,-0.016988917798921036,-0.11618415023133837,-0.10519672991658285
2023-07-28,29314.14,0.0031214513568593983,0.6320366875647306,0.6679970992212023,1.3946641529041521,2.962136376564019,35.47,0.3547,-1.0399641529041521,0.0013213554199944793,-0.004380508593189661,-0.003522588785347891,-0.09627908953219219,-0.11606686534751834,-0.11148382532310683
2023-07-29,29352.9,0.0013213554199944793,0.6287715380772555,0.6683235214235327,1.3752059690668033,2.9621024615847387,34.96,0.3496,-1.0256059690668033,-0.002449433712539638,-0.005440471557304572,0.014123934202038108,-0.11922004161333512,-0.11669004448047718,-0.10705096852730021
2023-07-30,29281.09,-0.002449433712539638,0.602789680225347,0.6689745836137613,1.3759148001661337,2.943256112420234,36.33,0.36329999999999996,-1.0126148001661337,-0.0016693633056041337,-0.005723100511122552,0.01022381502954858,-0.11500621770583117,-0.05491978420383933,-0.08031314059200258
2023-07-31,29232.25,-0.0016693633056041337,0.1487252914622479,0.6670871113762933,1.3744373683713658,2.930315572277991,36.77,0.3677,-1.0067373683713656,0.016076157104390566,-0.005492568570169364,0.0076165853489433485,-0.10989527517614009,-0.06838621598008299,-0.08288756266969247
2023-08-01,29705.99,0.016076157104390566,0.33952201965105083,0.7125966155221841,1.4082016880884172,2.9310386523078362,36.56,0.36560000000000004,-1.0426016880884172,-0.017659224099430867,-0.02100855214023214,-0.009469052193159896,-0.12838250856747793,-0.13553246114782938,-0.09689947194922077
2023-08-02,29186.01,-0.017659224099430867,0.4718665230486792,0.7877775647113369,1.4091222849410359,2.9478696002415012,36.82,0.3682,-1.0409222849410358,0.0002613924558795061,0.0008579198078417445,0.008330853771795078,-0.11344141690159101,-0.1231192756677195,-0.041750367056612746
2023-08-03,29193.64,0.0002613924558795061,0.4643079579366638,0.7846873274061831,1.388462186954429,2.9476954260230084,36.21,0.36210000000000003,-1.0263621869544288,-0.002732062666357572,0.01956440575934269,0.003767688124744398,-0.09934824065438641,-0.12088582217098237,-0.05996452895250514
2023-08-04,29113.99,-0.002732062666357572,0.4634111977119162,0.7837220888762735,1.3798249030033563,2.772242256518101,34.37,0.34369999999999995,-1.0361249030033564,-0.0014388313646510047,0.015946915540671066,0.01082734748880101,-0.10622114433026428,-0.11423019785397776,-0.059710573822291904
2023-08-05,29072.13,-0.0014388313646510047,0.46353887802483856,0.781167036258292,1.3251607388666635,2.5517084981732485,33.79,0.3379,-0.9872607388666635,0.0005601735343276643,0.013109153919112689,0.004388725973841775,-0.10937802787391475,-0.11839747246285244,-0.045515123181054794
2023-08-06,29088.42,0.0005601735343276643,0.4612948369323302,0.759044349933916,1.2942005461046773,2.471354198920575,34.03,0.3403,-0.9539005461046772,0.004207247848642796,0.011539499947072205,-0.012380532521789727,-0.11157576495420704,-0.12027191334680466,-0.05941801823744863
2023-08-07,29211.06,0.004207247848642796,0.4671579981167682,0.4902609585975585,1.296141468974917,2.469977059850052,36.29,0.3629,-0.9332414689749171,0.01896787840738051,0.007472933963953266,-0.0927565007468443,-0.11254427656217052,-0.12572644444288472,-0.04480699935100899
2023-08-08,29770.42,0.01896787840738051,0.5051977962899203,0.6086871242306021,1.3435647330994913,2.4963736615314334,39.85,0.3985,-0.9450647330994912,-0.006349552885029144,-0.01579671763459816,-0.1333439758153733,-0.13081397868251526,-0.12565883600092292,-0.06285947153039732
2023-08-09,29581.99,-0.006349552885029144,0.39511499830167357,0.6154460800565564,1.3397162433347087,2.4556913376292226,38.73,0.3873,-0.9524162433347088,-0.004276592986209428,-0.00511956805187013,-0.12523003273537975,-0.06514359923338796,-0.13251743824938716,-0.05792811691964074
2023-08-10,29455.75,-0.004276592986209428,0.40344330239828474,0.6151002991816445,1.3357182967959074,2.4562614071826863,36.2,0.36200000000000004,-0.9737182967959073,-0.0010094804377126705,-0.00872042794527092,-0.11751186052508338,-0.07600280132902623,-0.12858400828383992,-0.06543139959781372
2023-08-11,29426.03,-0.0010094804377126705,0.40051720441771166,0.6125063013548283,1.3272223064131057,2.4562912629081,32.74,0.3274,-0.9998223064131057,0.0001406818655240356,-0.02392003246886189,-0.118913456374318,-0.12606340895466958,-0.12989367330681467,-0.07169729235539714
2023-08-12,29430.17,0.0001406818655240356,0.39958180496856227,0.6119917567275398,1.1492571228364625,2.4561993388020458,32.38,0.32380000000000003,-0.8254571228364624,-0.004301773191170979,-0.10022943471079754,-0.12177227067338602,-0.13145012943951465,-0.1566647528481426,-0.09080450354946851
2023-08-13,29303.84,-0.004301773191170979,0.40780571489966955,0.6157096943245701,0.9100251286741446,2.382470754156874,33.76,0.33759999999999996,-0.5724251286741446,0.0043275966976988696,-0.11754725818077508,-0.10311592877913076,-0.12465351029572676,-0.1257910165801944,-0.09082415689858393
2023-08-14,29430.93,0.0043275966976988696,0.4082651271378803,0.6204168028361062,0.9136631823571959,2.3574817512537805,35.01,0.35009999999999997,-0.5635631823571959,-0.0078774528796102,-0.1201104646835095,-0.11704849181906508,-0.12505754534277863,-0.11544740907663623,-0.09133351366696273
2023-08-15,29200.0,-0.0078774528796102,0.24085342063891624,0.5596741762933668,0.9252626554277068,2.2975588627521097,34.58,0.3458,-0.5794626554277068,-0.016209084961303622,-0.1087914325798125,-0.11376675384775649,-0.12278619843669414,-0.09616660807818302,-0.08381052759405654
2023-08-16,28730.51,-0.016209084961303622,0.373085511833619,0.5434230957762882,0.973894295391792,2.3149988278452818,36.56,0.36560000000000004,-0.6082942953917919,-0.07616872037641167,-0.09499342390545613,-0.09919523243241729,-0.107891380825015,-0.07704840852527901,-0.05642973510207803
2023-08-17,26623.41,-0.07616872037641167,1.5000427395767466,1.5533495159837483,1.7419925906045737,2.7313833491836377,52.3,0.523,-1.2189925906045738,-0.021619596661148415,-0.021542835962588443,-0.01978777581532615,-0.032969943696040435,-0.002397004104270126,0.06814055138462828
2023-08-18,26054.0,-0.021619596661148415,1.5557505607761406,1.6064787077300011,1.7900046618902772,2.7385652437136034,43.58,0.43579999999999997,-1.3542046618902772,0.0017643901949644589,0.01443132940164423,0.0025299971328580505,0.007685139814450357,0.018011000457463025,0.08607381343625699
2023-08-19,26100.01,0.0017643901949644589,1.5561133811700059,1.606597172261386,1.7889574428923276,2.5440430746862064,43.01,0.4301,-1.3588574428923277,0.003441579224086804,0.003061972864444401,0.06008643350199178,-0.007287405514007387,0.025066330102564045,0.08163257135518238
2023-08-20,26189.99,0.003441579224086804,1.5553320123110193,1.6079064554955538,1.7889811774296829,2.292373920271635,43.18,0.4318,-1.357181177429683,-0.0024110762869472635,-0.00497532126794407,0.04150905919605716,-0.011072147758756468,0.03821683136562714,0.09199743235709613
2023-08-21,26126.92,-0.0024110762869472635,1.5538158722782884,1.6065566217786562,1.7882453672656626,2.291782006076008,42.63,0.4263,-1.3619453672656627,-0.0027181324335439115,-0.004201808526961212,-0.007149952580351542,-0.010980216932496626,0.03748961145314726,0.12713787745672445
2023-08-22,26056.0,-0.0027181324335439115,1.5473818751892847,1.5660143798502533,1.7794184595699827,2.235616768823544,42.13,0.4213,-1.3581184595699827,0.01435456870308414,0.0017550601472621672,-0.009677858766128594,-0.034892482174756635,0.019462427237202273,0.13793811791872085
2023-08-23,26432.72,0.01435456870308414,1.5406823742595097,1.5852113352780675,1.7027290668531971,2.250129807012032,43.38,0.4338,-1.2689290668531972,-0.009604966342235453,-0.0119013322687862,-0.021537581516596033,-0.022675087801063604,0.005561683712345452,0.12634338006229007
2023-08-24,26180.05,-0.009604966342235453,0.5382976822383431,1.5937040551056156,1.7122452644988284,2.2572352077441855,41.72,0.4172,-1.2950452644988284,-0.004595714908301547,0.05702446063754741,-0.008009053523713524,0.0016010827424288734,0.015009377417626058,0.2336285542700024
2023-08-25,26060.01,-0.004595714908301547,0.3561879724861057,1.5960042854262761,1.7126152765417615,2.2556192464503493,36.31,0.36310000000000003,-1.3495152765417615,-0.0016375635459644805,0.046484380464001114,-0.009019444588937633,0.017600145769573382,0.0072023174210340555,0.2636833357491665
2023-08-26,26017.37,-0.0016375635459644805,0.3559668375429266,1.5963086307123255,1.7108269345324278,2.2400925864266017,35.52,0.3552,-1.3556269345324279,0.00323873624067934,-0.0029481440533903145,-0.008696148392597691,0.022146823907138364,0.01098742031475552,0.28208043284838025
2023-08-27,26101.77,0.00323873624067934,0.35527143751206064,1.5953919464605963,1.7109065062363236,2.2073262496689607,36.05,0.3605,-1.3504065062363235,0.000698176287035663,-0.011432918913390785,-0.013182167880714267,0.017390771711056064,0.004583040024411488,0.2688080657918205
2023-08-28,26120.0,0.000698176287035663,0.3525249823403801,1.5933039973959846,1.7107722553353357,2.194979081217431,36.42,0.3642,-1.3465722553353356,0.059320826564098275,-0.009636249247809817,0.005155142681592394,0.015481003324604945,0.009639075953176937,0.2604782840375736
2023-08-29,27716.34,0.059320826564098275,1.1857477487186932,1.9494584866715567,2.0515780217344117,2.4702457198788736,40.6,0.406,-1.6455780217344116,-0.0151357950818478,-0.06503351416126088,-0.06737383901599922,-0.03502010339942758,-0.025393356388163178,0.20671791328130187
2023-08-30,27299.99,-0.0151357950818478,1.189288371624357,1.9463065044424104,2.0716114243909605,2.4860917065230614,38.18,0.3818,-1.6898114243909605,-0.05107008806335594,-0.0555038250529388,-0.05258120695481364,-0.0032922278304299345,-0.0145013466896095,0.23482314149405095
2023-08-31,25940.78,-0.05107008806335594,1.5273211153367767,1.6194055032809873,2.2691889373351684,2.6706273472087747,35.98,0.35979999999999995,-1.9093889373351685,-0.005246038619321044,-0.00574800433920742,-0.0038302643521451194,0.044639564033498856,0.03863298919860869,0.28441034405942583
2023-09-01,25805.05,-0.005246038619321044,1.5280857005500996,1.5690493236254404,2.2462054621284877,2.6516154683538296,36.09,0.36090000000000005,-1.8853054621284877,0.0024948459526167835,-0.0017492489673234185,-0.02521462340862811,0.0291402860033308,0.08136890861110671,0.2944322347415237
2023-09-02,25869.51,0.0024948459526167835,1.5285087414016212,1.5694111513467337,2.2467055643006444,2.6411196749223147,35.57,0.3557,-1.8910055643006443,0.003923561650647033,0.014791391929402114,-0.0011375062844675452,0.027099265228941526,0.06092129321847716,0.3142519490501201
2023-09-03,25971.21,0.003923561650647033,1.5290942644753536,1.5698238958441513,2.2473496400356603,2.6371380637950366,37.84,0.3784,-1.8689496400356602,-0.005606105973525642,-0.0023403248547383044,0.009610136266142447,0.023018430941339638,0.05451962403168589,0.296689193442163
2023-09-04,25826.02,-0.005606105973525642,1.5327826738265342,1.5727989662880963,2.249732460397779,2.6110050032891716,38.3,0.38299999999999995,-1.8667324603977788,-0.0013142673496244822,0.0029226180981252493,0.026619590358511216,0.01622176200997167,0.07288234928179772,0.29584063271832434
2023-09-05,25792.1,-0.0013142673496244822,1.0322948317925251,1.5721419603003435,2.249847122012697,2.595528294194933,39.79,0.3979,-1.8519471220126973,-0.0012472832474370724,0.0019177399870621934,0.03084297229973607,0.019683568707353365,0.060853895109355974,0.3070516759051797
2023-09-06,25759.95,-0.0012472832474370724,0.9912526262489949,1.5482211082162793,2.2485370949815806,2.5953615885083647,39.41,0.39409999999999995,-1.8544370949815807,0.019035486849342184,-0.023465374441304594,0.03057293959177031,0.01776520790512578,0.08091944509187567,0.30686647222751634
2023-09-07,26255.0,0.019035486849342184,0.4035632040892848,1.579738284985328,2.2487456235961703,2.619546348448837,39.74,0.39740000000000003,-1.8513456235961703,-0.01320815513349337,-0.015928898213869627,0.010325860643012701,0.0044839332715846825,0.06279936447052571,0.28880760524652266
2023-09-08,25910.5,-0.01320815513349337,0.4652895126688241,1.5973541369481223,2.259605595410959,2.626910173467562,40.0,0.4,-1.859605595410959,-0.0003431630206622342,0.011950461120880862,0.03235373561657146,0.04198048262783601,0.07458932132974631,0.3120386691173534
2023-09-09,25901.61,-0.0003431630206622342,0.4628881719741555,1.5970611861462112,2.258137474593391,2.623609769489048,39.75,0.3975,-1.860637474593391,-0.0023191454606873935,0.02369697226038592,0.049288979124383674,0.038079860265204095,0.06315260868602607,0.3187346499731375
2023-09-10,25841.61,-0.0023191454606873935,0.4589222767775453,1.59647703578038,2.258489767445609,2.6195982669671016,40.52,0.4052,-1.8532897674456088,-0.02663039767580389,0.028925232312673625,0.04846982838564386,0.04246325355075374,0.05819638095141741,0.3508204714169801
2023-09-11,25162.52,-0.02663039767580389,0.6767483140948585,1.6755330512446038,2.3150850535424703,2.584649055389549,44.33,0.44329999999999997,-1.8717850535424703,0.02657196307677719,0.054038314033074845,0.05435490941195874,0.10658353201973489,0.0658602492986742,0.39368143962769203
2023-09-12,25840.1,0.02657196307677719,0.8456199397821137,1.334430853323867,2.368666218334928,2.5374643620550583,43.57,0.4357,-1.932966218334928,0.014671204201257093,0.02625475885688222,0.02823677151340888,0.0620587995029449,0.034966859681610465,0.36249771931303576
2023-09-13,26222.0,0.014671204201257093,0.8905444353544727,1.332535613177504,2.3837592254277933,2.5528588789056066,44.05,0.44049999999999995,-1.9432592254277934,0.011403348118842957,0.02040327449569083,0.013408294675197177,0.04490948776554332,0.024113895409673302,0.3460509024775649
2023-09-14,26522.73,0.011403348118842957,0.841590753410796,0.9333478750826838,2.3889582469427992,2.5618806543563153,41.71,0.4171,-1.9718582469427992,0.0029091145916004006,0.02559200686399771,-0.010397828348539442,0.04626275892328658,0.012356080484126617,0.31829402686620056
2023-09-15,26600.0,0.0029091145916004006,0.804790510007743,0.9296139497652318,2.369454032614029,2.561792831449795,39.14,0.3914,-1.978054032614029,-0.0015173159554027868,0.01954459607297013,-0.011159403592382678,0.030010922809620033,0.020618673423201096,0.2900624138816648
2023-09-16,26559.67,-0.0015173159554027868,0.8052857273655663,0.9288436695441621,1.8701715793757525,2.555793403627537,39.52,0.39520000000000005,-1.4749715793757525,-0.0012115920994153866,0.00031659537888390485,-0.012807731686644544,0.05034650550010534,0.07053755548889837,0.3544537012370777
2023-09-17,26527.51,-0.0012115920994153866,0.8043990162888943,0.9261033600679931,1.824136507969671,2.555697691296197,39.83,0.3983,-1.425836507969671,0.008819719840065637,0.0019820126565266074,-0.00584192737142796,0.0524735038275129,0.06806281297879398,0.3098682916643612
2023-09-18,26762.51,0.008819719840065637,0.6454457376587538,0.9351943546087551,1.8315922445624324,2.560292733814066,41.48,0.41479999999999995,-1.4167922445624326,0.01659208048714994,-0.0069949798204936705,0.009626747011264434,0.042235585713174865,0.05656624125261815,0.31342646839696103
2023-09-19,27210.26,0.01659208048714994,0.509282228786149,0.9871380202962974,1.8576572272405458,2.579019974160093,42.53,0.4253,-1.4323572272405458,-0.003138296199427117,-0.03598983521253711,-0.01120911885917957,0.013863629561642488,0.053780600991468946,0.295582167597025
2023-09-20,27125.0,-0.003138296199427117,0.4294171552515305,0.9886700584953171,1.8580536518336848,2.5787952355004062,43.01,0.4301,-1.4279536518336848,-0.020745316649489014,-0.030703999665352956,-0.006006574834890143,0.009726552565773601,0.08964826600357716,0.3201410541696565
2023-09-21,26568.08,-0.020745316649489014,0.5422363004647089,1.001146943144814,1.8991448189944231,2.6025143799356365,41.37,0.41369999999999996,-1.4854448189944232,0.0004538251782273123,-0.013124327065528494,0.05222862260777603,0.011505339886715229,0.11847569068151867,0.34326363745243405
2023-09-22,26580.14,0.0004538251782273123,0.5394500941146454,0.9688623065424844,1.8792595984475544,2.5359224975270873,37.29,0.3729,-1.5063595984475544,-0.0001572726369548166,-0.007823940027954706,0.03382202798953591,0.006730088168201409,0.12078169634994462,0.2961523550362009
2023-09-23,26575.96,-0.0001572726369548166,0.5386790433883077,0.9688447834841406,1.8702813834787981,2.535692469363355,37.64,0.3764,-1.493881383478798,-0.01240277490489352,0.016621726831758016,0.03150119309034625,0.010705600734476295,0.21861917685237628,0.34188662646087353
2023-09-24,26248.38,-0.01240277490489352,0.5880364183524396,0.9964158804010032,1.8831863841034928,2.54547481675168,38.6,0.386,-1.4971863841034927,0.002147539347757194,0.024780716353357667,0.056660587271825984,0.02275390883266591,0.2564810183281326,0.3512356908363234
2023-09-25,26304.81,0.002147539347757194,0.5648696839397388,0.8577167131961654,1.8833734416586416,2.5444104072784213,39.25,0.3925,-1.4908734416586416,-0.0031656440496646743,0.024697424830462673,0.041170326402002765,0.031778077015583786,0.27109301253362467,0.3602681644429342
2023-09-26,26221.67,-0.0031656440496646743,0.4714361896582904,0.6939888107721298,1.8833280809584598,2.544430335774288,38.67,0.38670000000000004,-1.4966280809584598,0.005754212215801185,0.06535294967330446,0.06315423718675,0.08334528717554303,0.264225025767409,0.36521142802143386
2023-09-27,26372.99,0.005754212215801185,0.48035687885525546,0.6443150039288853,1.88648674550922,2.546679004234165,36.06,0.36060000000000003,-1.52588674550922,0.024288394222757907,0.0416459680174904,0.05831543119894101,0.07390474035022204,0.2508392080843966,0.35059770241391874
2023-09-28,27021.39,0.024288394222757907,0.5375698800067181,0.7635454023383884,1.5778893167178578,2.5881860588211256,38.63,0.38630000000000003,-1.1915893167178577,-0.0042437853832940535,0.014879466258588176,0.03260883870191025,0.04693949424135381,0.23211126966946508,0.3208271778817929
2023-09-29,26906.96,-0.0042437853832940535,0.5435804882694162,0.7658238382732133,1.5532834753204467,2.589259247037791,33.04,0.33039999999999997,-1.2228834753204467,0.002064247824862265,0.03187987091846825,0.025072748420822046,0.06498971985064839,0.24932448818366043,0.3404231952118407
2023-09-30,26962.56,0.002064247824862265,0.5450009426902476,0.7662905058259567,1.2092430241961496,2.571281222443659,35.89,0.3589,-0.8503430241961496,0.03748988079317705,0.016472901571539945,0.015733127400663727,0.09565484083846744,0.2457773548608173,0.33930432451205383
2023-10-01,27992.57,0.03748988079317705,0.8682642341892501,1.0486513289368447,1.4018658385948863,2.6477663808416323,37.5,0.375,-1.0268658385948863,-0.017952769440012815,-0.002198712486554534,-0.04072328272106075,0.06624706807374259,0.21306332613041695,0.298356318529221
2023-10-02,27494.51,-0.017952769440012815,0.9326519352430568,1.0903748860583682,1.4424271837831426,2.6698842808586374,38.17,0.38170000000000004,-1.0607271837831425,-0.0024781075361443865,0.01666946318145058,-0.02709193982133439,0.0869596683604089,0.2533306558316428,0.34140147003232374
2023-10-03,27426.46,-0.0024781075361443865,0.9318923372269583,1.0443540630944328,1.441255951959115,2.669793835416133,37.96,0.3796,-1.061655951959115,0.012756619276586195,0.017729372443322317,-0.020795592355869946,0.18711798376203012,0.24216956941047704,0.36353467839963444
2023-10-04,27778.57,0.012756619276586195,0.956940314669429,1.0707368943410833,1.4577874610651498,2.6807537046521484,37.28,0.3728,-1.0849874610651498,-0.013342721522066095,-0.006807122497646323,-0.03390667843915996,0.1998204310563065,0.22295828343652682,0.3639208534122362
2023-10-05,27410.39,-0.013342721522066095,0.874866870437104,1.02682686801566,1.4796939268156788,2.692824945941347,36.75,0.3675,-1.1121939268156789,0.018818266735082634,-0.0007397741708762839,-0.009392249386419005,0.22992268613162187,0.24619778079582366,0.4265355524692037
2023-10-06,27931.09,0.018818266735082634,0.9423772650605762,1.0879129822418099,1.5225579448287303,2.7155297389034967,35.06,0.3506,-1.1719579448287303,0.0009154062279922295,-0.03852457023450622,0.020191049988793,0.20107078858065905,0.22594702713564074,0.4561142053788277
2023-10-07,27956.67,0.0009154062279922295,0.9417141072338132,1.0880493956142048,1.4785908465953037,2.691298528829224,37.61,0.3761,-1.1024908465953036,-0.0014181982742726472,-0.04376140300278489,0.015589309151280937,0.1925237768854557,0.22600824077599693,0.448125816327692
2023-10-08,27917.05,-0.0014181982742726472,0.6120092361970848,1.0622796644776669,1.4571509201212791,2.688699732365592,37.85,0.3785,-1.078650920121279,-0.011779875664382407,-0.03852496479919213,0.014330655539443325,0.1995024309675547,0.23744934778760698,0.4382945059166151
2023-10-09,27590.12,-0.011779875664382407,0.5545849775532941,1.085082545081436,1.474413516653581,2.696864859842591,36.81,0.36810000000000004,-1.106313516653581,-0.007275373195296091,-0.027099555941513694,0.039916971429826344,0.22425173976283838,0.25558204128711126,0.4706105011383272
2023-10-10,27390.12,-0.007275373195296091,0.569774395054646,1.0922756929650184,1.4802877842483118,2.700375520895436,38.53,0.38530000000000003,-1.0949877842483118,-0.01896652932854734,-0.00865247521554272,0.0799217134378036,0.23004422746015363,0.2926240904655626,0.46747690207312953
2023-10-11,26875.52,-0.01896652932854734,0.6297198540160042,1.1455487158482451,1.4365594646760986,2.7245773801979314,36.88,0.3688,-1.0677594646760986,-0.004321426540286491,0.05871562022329909,0.10697035079480323,0.25378660885147764,0.3278211903290179,0.48817845588349745
2023-10-12,26759.63,-0.004321426540286491,0.5817070315825168,1.0506070205271598,1.3464041388419157,2.7245887320789777,35.19,0.3519,-0.9945041388419157,0.0038182399293200187,0.05935071215406592,0.11405160818174322,0.2804225956529771,0.32753085963142525,0.43283912506885963
2023-10-13,26862.0,0.0038182399293200187,0.46308527846069336,1.050010897481578,1.3189242886334636,2.724310797974306,35.37,0.35369999999999996,-0.9652242886334637,-0.0003544668067039467,0.05285562033863547,0.20791357611790007,0.2629651617663471,0.3219370070678916,0.4347973884408184
2023-10-14,26852.48,-0.0003544668067039467,0.4628044702177398,1.049291874273646,1.3008243052243407,2.720159072315147,36.53,0.3653,-0.9355243052243407,0.011171707530674917,0.06701652737134015,0.23372710949546652,0.2568649618756867,0.305937946382074,0.46779147212835226
2023-10-15,27154.15,0.011171707530674917,0.5089287092291371,0.7959671703457215,1.3170457357622034,2.710889500285891,38.16,0.38159999999999994,-0.9354457357622035,0.04840156611029453,0.0885741886533463,0.23931493551804087,0.2555900301822427,0.2694437404584637,0.46018776695413616
2023-10-16,28500.78,0.04840156611029453,1.0312365242697068,1.1709027569852473,1.608993127511723,2.4670631570117436,42.63,0.4263,-1.182693127511723,-0.0036863346095197267,0.04825473057150413,0.18087973859186607,0.20575597714684762,0.2839161457481792,0.3863157232028644
2023-10-17,28395.91,-0.0036863346095197267,1.0242504292440309,1.172063054219554,1.610367376903425,2.4332605878332476,41.08,0.4108,-1.199567376903425,-0.0026768518861103275,0.05470089602767737,0.17693446773417457,0.21041893162471595,0.24180547868556712,0.3980224450705247
2023-10-18,28320.0,-0.0026768518861103275,0.9593764598751933,1.1475845442949273,1.6023439353182842,2.433564512683511,39.24,0.3924,-1.2099439353182841,0.01380644022600064,0.15505795577926446,0.1851717754281113,0.22311869224816366,0.2568602271443428,0.3791001056214271
2023-10-19,28713.71,0.01380644022600064,0.9915454655526829,1.1495849167637116,1.592670124913298,2.4469345109157237,39.18,0.3918,-1.200870124913298,0.03272936881268124,0.16671058212412646,0.18433476833301207,0.2156650698572849,0.24180156660555616,0.39583543210397837
2023-10-20,29669.04,0.03272936881268124,1.1699715035035667,1.258285060762232,1.709969445613976,2.525145318199699,44.26,0.4426,-1.267369445613976,0.008082108028452294,0.15074074686469457,0.1501225140223498,0.2127023770277588,0.2304927881660794,0.35411523474204504
2023-10-21,29909.8,0.008082108028452294,1.1800972119175928,1.26760301641689,1.670554727357476,2.529328792507959,45.9,0.45899999999999996,-1.211554727357476,0.002759830846653565,0.1326250080203619,0.14681625805667445,0.22085083953421464,0.22478794677091551,0.37845067935822246
2023-10-22,29992.46,0.002759830846653565,1.1618325782296965,1.2684097803602352,1.6713641152917484,2.5149701080216103,48.81,0.48810000000000003,-1.1832641152917485,0.09768020786547688,0.12223357170649718,0.16637098747123394,0.21347925144968202,0.17537065868625618,0.3800977650800138
2023-10-23,33069.99,0.09768020786547688,1.9943381366474227,2.2451800311498804,2.5052082500024877,3.126343044080079,55.37,0.5537,-1.9515082500024876,0.02545906657086265,0.03011381964884681,0.055051585648446935,0.11402343094999136,0.12326744960849716,0.2848595252815894
2023-10-24,33922.73,0.02545906657086265,2.0515858454219273,2.293053297012999,2.540964529548112,3.162734844670739,54.19,0.5418999999999999,-1.9990645295481118,0.016759533553249224,0.017624186208885746,0.02313785238022011,0.07221083688660757,0.094754672508191,0.2533122376219993
2023-10-25,34496.05,0.016759533553249224,2.0757916508370844,2.286769373908879,2.5607302288413853,3.178747367383443,58.36,0.5836,-1.9771302288413852,-0.01003363081588025,-0.0006182328423446056,0.016275094664201885,0.030128804940422884,0.08917515190930952,0.22015759700589949
2023-10-26,34151.66,-0.01003363081588025,2.067868806644129,2.2933041254377713,2.5671827841748294,3.1839208702306503,55.02,0.5502,-2.0169827841748296,-0.00763160546721126,0.014191250036312336,0.024876238554981677,0.10303640715631326,0.10098640225402483,0.24369832945746425
2023-10-27,33892.02,-0.00763160546721126,1.9764481489466161,2.2967761328620826,2.5689686762092507,3.187229565049603,47.19,0.4719,-2.0970686762092505,0.005560455807826632,0.04413741576473673,0.03348446389054145,0.06487101095139257,0.09975849432952216,0.22653458306000504
2023-10-28,34081.0,0.005560455807826632,1.9732690206776522,2.2992216199274518,2.528944908291225,2.980821538600468,50.23,0.5023,-2.026644908291225,0.012969433130901344,0.024937765999600004,0.03794691682005224,0.0716884517162314,0.08871590821232773,0.24238392255038957
2023-10-29,34525.89,0.012969433130901344,1.988065845541801,2.3026638369605106,2.5397606314114696,2.9770914698025575,54.21,0.5421,-1.9976606314114695,-0.0014828854979810758,0.005513666171334477,0.03133030152427295,0.05746679827254406,0.0910987070281801,0.20929370961125277
2023-10-30,34474.73,-0.0014828854979810758,0.6859949158603648,2.1090219600261593,2.5396124454202726,2.8128099943829454,53.89,0.5389,-2.0007124454202727,0.004775852062776867,0.016893327506546398,0.06257986300540899,0.08037027414372944,0.09352696965123651,0.19903580487049896
2023-10-31,34639.77,0.004775852062776867,0.49227465632848444,2.1098196175026267,2.4382272858190923,2.812504244749167,54.76,0.5476,-1.8906272858190922,0.022314560261213128,0.010684988518669282,0.07403458147754022,0.07797168871424118,0.08529299239880415,0.19600160892291316
2023-11-01,35421.43,0.022314560261213128,0.5670629364888423,2.151853004185996,2.451338419420864,2.8442320979563798,59.78,0.5978,-1.8535384194208642,-0.013639193957310053,-0.01065295187419527,0.04710826397844813,0.008999671215022122,0.0880708142006809,0.17708182681143017
2023-11-02,34941.59,-0.013639193957310053,0.5938977474832637,2.151463672934663,2.464694434133164,2.855159780591022,60.0,0.6,-1.8646944341331637,-0.0064546666973641625,0.013009150820452106,0.05897184530154443,0.06821586396005021,0.12136510898915737,0.23458420208252115
2023-11-03,34716.78,-0.0064546666973641625,0.5887812126134889,2.0622828617338396,2.45571346248525,2.8558138754950524,57.89,0.5789,-1.87681346248525,0.00989677583723088,0.02581663535293825,0.04907298450638723,0.07161682012797069,0.14096256997570927,0.25825887195102054
2023-11-04,35062.07,0.00989677583723088,0.6092030490631969,2.0651680277774096,2.449754816950381,2.8619561108142104,62.46,0.6246,-1.825154816950381,-0.0014324869251003767,0.04568653549886249,0.01385371027622103,0.07290005724510767,0.18033777167338003,0.2004744009012296
2023-11-05,35011.88,-0.0014324869251003767,0.5572091890865427,2.0646762183481258,2.4233842525623164,2.8619877586964106,60.1,0.601,-1.8223842525623164,0.0009766198683485855,0.0633495929588712,0.07816016860133154,0.07611016369904314,0.23016717824318703,0.231930409333885
2023-11-06,35046.09,0.0009766198683485855,0.5568012175772296,0.883525110272342,2.423392974543304,2.8388491331349863,57.36,0.5736,-1.8497929745433042,0.010022908737337355,0.05776121585264332,0.031386547060851165,0.0662740304389807,0.22211757555169495,0.23081810980252052
2023-11-07,35399.12,0.010022908737337355,0.5816956444447298,0.7620394740623985,2.430795510710057,2.8340881459295613,55.48,0.5548,-1.8759955107100572,0.0063528178351219345,0.04596269448109236,0.03374153489617914,0.05076899139227552,0.20084515812900813,0.21678241352009525
2023-11-08,35624.72,0.0063528178351219345,0.4139476372273663,0.7020776454961859,2.423396004694056,2.8366782358346345,57.58,0.5758,-1.847596004694056,0.029766675983155067,0.023256349153449016,0.02613649674827112,0.059768405503907364,0.21502845985121585,0.20953537061243255
2023-11-09,36701.09,0.029766675983155067,0.6533472604394165,0.8829366779046983,2.485344731644043,2.89278245972724,58.87,0.5887,-1.8966447316440431,0.01623057053490802,-0.03183282522264151,0.017790411138320417,0.03094710664582765,0.174852811607567,0.24629890174168464
2023-11-10,37301.63,0.01623057053490802,0.7126066358023241,0.9243762944364792,2.478263451023491,2.864523141507037,56.84,0.5684,-1.909863451023491,-0.004611757237879132,0.014810575642460553,0.003937107236700755,0.011258410921263895,0.16035726555447957,0.2119928207917463
2023-11-11,37130.0,-0.004611757237879132,0.6926909815201103,0.9224690514413965,2.4784544354210647,2.820556770134044,58.09,0.5809000000000001,-1.8975544354210645,-0.0017756126342137468,-0.02637466879179223,-0.03810859276342591,0.04096255022223285,0.10530826543743431,0.2283331859934593
2023-11-12,37064.13,-0.0017756126342137468,0.6929809384849669,0.8892157564427139,2.477612932147293,2.806800156885202,58.33,0.5832999999999999,-1.894312932147293,-0.016353527492521336,-0.012221159584913065,0.009244018658505736,0.062393263687613,0.11286038137292685,0.22333773639694368
2023-11-13,36462.93,-0.016353527492521336,0.7599271468425218,0.9420811347244465,2.4972254203256337,2.815719920905296,56.26,0.5626,-1.9346254203256337,-0.0253224983929354,0.002880147594822224,0.022543835621583394,0.09188958546932215,0.1618535257462782,0.15983838842268427
2023-11-14,35551.19,-0.0253224983929354,0.880267232574229,1.0551019967329514,2.53468514505341,2.8564380361989,56.24,0.5624,-1.9722851450534098,0.06287397140001015,0.04962323636096192,0.059046346968886755,0.16648406139715893,0.19074402649567243,0.18668510645629485
2023-11-15,37858.2,0.06287397140001015,1.4842622293006063,1.5409046082397588,2.648100034346825,3.098595274682967,60.51,0.6051,-2.043000034346825,-0.04579700167213188,-0.010873468405759692,-0.002050004902288445,0.1520070096418554,0.1023995774546852,0.09742900635064533
2023-11-16,36163.51,-0.04579700167213188,1.6263956000461146,1.7527193986982204,2.788012220409656,3.2196731557331093,55.35,0.5535,-2.234512220409656,0.012377896572665345,-0.011733923971633663,0.03488748337812955,0.19073102849084383,0.15621696638495755,0.16171461890312594
2023-11-17,36613.92,0.012377896572665345,1.6139803833041857,1.76429614721572,2.7975559366359293,3.223945611460934,55.4,0.5539999999999999,-2.2435559366359294,-0.001252220312786142,0.021465178243418866,0.017027456496096275,0.1671036232328289,0.12223987847708427,0.1639746241587599
2023-11-18,36568.1,-0.001252220312786142,1.6117512484145327,1.7542984018248147,2.7851958755114627,3.208413033223342,54.38,0.5438000000000001,-2.2413958755114627,0.021420590373204398,0.019663688026761193,0.033631908755636215,0.18889196310294482,0.15403386549842218,0.15680325974611328
2023-11-19,37359.86,0.021420590373204398,1.6625488059722924,1.8011915815213553,2.74477705010316,3.2338516601270335,56.54,0.5654,-2.17937705010316,0.0023772666332884944,0.009423110607924761,0.01315669550750716,0.1570624004692465,0.1236224465759658,0.10093127191474997
2023-11-20,37448.78,0.0023772666332884944,1.633559448745847,1.801667489048701,2.7408067868661767,3.209793597729939,57.94,0.5794,-2.1614067868661766,-0.046657457238005864,0.008823463503471343,0.007321303684562998,0.1564201583177787,0.15366273258730717,0.10654401917279112
2023-11-21,35741.65,-0.046657457238005864,1.79695383922969,2.0009781360790067,2.8816344225180406,3.331257262795212,55.72,0.5572,-2.3244344225180407,0.045576998787717926,0.046621407349763375,0.07907114298565857,0.1434168582008602,0.2047271063937577,0.1540894848410471
2023-11-22,37408.34,0.045576998787717926,1.595101654132375,2.178849157776702,2.3620750359878873,3.443176854522246,55.5,0.555,-1.807075035987887,-0.003053710529443689,-0.004437721747322431,0.0531492450291072,0.10361636271442128,0.1615920756730923,0.10573354469302884
2023-11-23,37294.28,-0.003053710529443689,1.3349961081769413,2.1041333742652673,2.3121899292371197,3.435509133925743,53.87,0.5387,-1.7734899292371198,0.011180012954367782,0.013968220728874946,0.06934574984773868,0.13930969012469482,0.15855756511380845,0.05918125255405231
2023-11-24,37713.57,0.011180012954367782,1.3311327666587973,2.0920915659127903,2.2998527525462773,3.4418980211936465,53.65,0.5365,-1.7633527525462773,0.0017776195288349984,0.0037335848995823603,0.1074377144282723,0.13169767952678574,0.13098244509659,0.056296195072566696
2023-11-25,37780.67,0.0017776195288349984,1.3313509969283106,2.0905113163500957,2.2921016863342376,3.4415341910055006,52.13,0.5213,-1.7708016863342375,-0.008859513391713852,-0.0015021598189082805,0.1540570145441439,0.1044495823569735,0.1427119272034395,0.05920160968487596
2023-11-26,37447.43,-0.008859513391713852,1.2781500171210325,2.09707796672093,2.2937134161801893,3.4439397925790316,53.19,0.5318999999999999,-1.7618134161801895,-0.005482130309367848,0.0324497356358954,0.15584354511271425,0.12132948300682796,0.12677608873048282,0.06496814791028574
2023-11-27,37242.7,-0.005482130309367848,1.2816295588963464,2.076316642235398,2.293644597840389,3.4141423359863765,50.62,0.5062,-1.7874445978403892,0.01535223194675372,0.05758696677642962,0.15007616673673269,0.10521242198098787,0.15366801433806168,0.11600266914593783
2023-11-28,37818.87,0.01535223194675372,0.9664503946530334,2.040360131360963,2.299007939124189,3.4257585392177945,50.58,0.5058,-1.793207939124189,0.0009453771250752638,0.05537752911886378,0.15526005434730858,0.12040195674278596,0.11819500258307256,0.1077294600061613
2023-11-29,37854.64,0.0009453771250752638,0.4197042421881625,1.6493941123717457,2.2989043264045703,3.4255791444506416,51.9,0.519,-1.7799043264045702,-0.0034581251896556686,0.1037041295286898,0.1439057049617394,0.11046575106845871,0.10550883521926245,0.10465530724211176
2023-11-30,37723.96,-0.0034581251896556686,0.42084780120440063,1.3997597939025677,2.298042820179991,3.3505153485237975,49.8,0.498,-1.8000428201799912,0.025092382063089787,0.15555917436305214,0.14909885463321565,0.14634142890274396,0.11070861652410902,0.13791955237447787
2023-12-01,38682.52,0.025092382063089787,0.6010862066099719,1.4605543708638407,2.3084771901043566,3.3672135340309035,51.46,0.5146000000000001,-1.7938771901043564,0.019655100831166433,0.12339380947681886,0.06434571521520167,0.12565596340809915,0.08901101261074928,0.10444159085149578
2023-12-02,39450.35,0.019655100831166433,0.7079259451115523,1.507864258076333,2.3242578922728536,3.3877563967085425,52.35,0.5235,-1.8007578922728538,0.013142794289187723,0.09248919996030293,0.05046711768531398,0.10844283064398501,0.11321909309336384,0.07634174022294551
2023-12-03,39972.26,0.013142794289187723,0.7318179399218194,1.472828898228817,2.334526807819906,3.3882951504054506,54.72,0.5472,-1.7873268078199058,0.049271977534901416,0.09988252522844496,0.0699639402769561,0.08921181526606978,0.11729630197531116,0.07494138155336773
2023-12-04,41991.1,0.049271977534901416,1.187732509266421,1.747364541189145,2.5100569116621263,3.507375708839076,55.09,0.5509000000000001,-1.9591569116621264,0.04839691964470645,0.04020157543304961,0.024259965098513567,0.02354473066831768,0.020136629227849524,0.028382804183587473
2023-12-05,44073.32,0.04839691964470645,1.4763491651776637,1.7645490140106022,2.674801353610087,3.6093425324900066,55.71,0.5571,-2.117701353610087,-0.007072982823143485,-0.006460319729836318,-0.049607432187170286,-0.011345087340704347,0.0017632310906978885,-0.024396621293164285
2023-12-06,43762.69,-0.007072982823143485,1.482410378262428,1.540679129634362,2.6781475007262614,3.611828836574647,53.71,0.5371,-2.1410475007262613,-0.011249508685349425,-0.059048094261617216,-0.03451406210588635,-0.029067456382231394,0.00870053425082548,-0.027329333321566684
2023-12-07,43273.14,-0.011249508685349425,1.496451438356661,1.5545030650141216,2.6799249780496766,3.618116181504227,52.4,0.524,-2.1559249780496765,0.020536119557329653,-0.04202208227498894,-0.04486374475574469,0.003591847601329058,0.015937255391087018,-0.013129472649128362
2023-12-08,44170.99,0.020536119557329653,1.4708790143986403,1.5889586850434725,2.7057714918049345,3.632361155148455,53.72,0.5372,-2.1685714918049346,-0.010408972260493799,-0.029918584951488664,-0.03485809760452262,-0.03706505176423591,-0.005493089238783306,-0.024569603896031484
2023-12-09,43713.6,-0.010408972260493799,1.4359748364486076,1.6009943393640371,2.6527977378576306,3.6351443263085668,53.98,0.5398,-2.1129977378576306,0.0017350244818206502,-0.015941610334536047,-0.03343995389328078,-0.038396869742477066,0.07144609013411753,0.014444423049661589
2023-12-10,43789.51,0.0017350244818206502,1.4142400552295173,1.5923669272523229,2.634821081754107,3.617191156897123,55.03,0.5503,-2.084521081754107,-0.05966075735492428,-0.043147112457333894,-0.002757425730471611,-0.038390238109106696,0.05163555523726677,0.03366215823789598
2023-12-11,41253.4,-0.05966075735492428,1.5534276539550214,1.9554656707905944,2.869442869264994,3.791627456440581,55.59,0.5559000000000001,-2.313542869264994,0.005776503301278852,0.024534032155730936,0.061310248192897425,0.024665297395547625,0.12302492055602486,0.13323497918703825
2023-12-12,41492.39,0.005776503301278852,1.25315251434705,1.9364911778097822,2.8713639484372546,3.7925317092845363,53.87,0.5387,-2.3326639484372547,0.032639616880829996,-0.0028416624807557234,0.057975712958671044,0.06275197540804982,0.11047735502401675,0.14049185696363098
2023-12-13,42869.03,0.032639616880829996,1.3931913412072314,2.0343359218169845,2.921637705184014,3.8434491905414134,53.46,0.5346,-2.3870377051840137,0.0035680023564587876,-0.004939512653033853,0.019247874989113498,0.047332361698354884,-0.002015137323594009,0.11928169981063622
2023-12-14,43022.26,0.0035680023564587876,1.3782008269646313,2.03440517763933,2.8821112065075942,3.8381237331841036,53.13,0.5313,-2.3508112065075943,-0.025470477640977214,-0.017498343558744713,-0.0007152344301958241,-0.004123335870663923,-0.004058920039377658,0.14864937890076557
2023-12-15,41940.3,-0.025470477640977214,1.4079407918989693,2.036119433749261,2.664669261658751,3.7567134660413806,54.15,0.5415,-2.123169261658751,0.008020387258140575,0.04038968672686219,0.03826234484646598,0.05137066327786816,-0.004970571104039836,0.16974950504756037
2023-12-16,42278.03,0.008020387258140575,1.4022232133311172,2.0070509886194343,2.5215874226641133,3.759177472704823,53.81,0.5381,-1.9834874226641133,-0.021599191335207872,0.03677621603716657,0.005446605723654791,0.04321459635671186,0.0054976525181684695,0.20302933589261873
2023-12-17,41374.65,-0.021599191335207872,1.4613051789698894,2.033589870131096,2.5441623928612294,3.781412632847188,54.6,0.546,-1.9981623928612293,0.030541766708551847,0.060817375439426925,0.0484555923570738,0.0608010001468317,0.04173474568167566,0.22626498500129696
2023-12-18,42657.8,0.030541766708551847,1.0847587151978666,1.8946870312191213,2.6101076152924505,3.8170640325220777,56.02,0.5602,-2.0499076152924505,-0.008990828549252048,0.024187387642147454,-0.002206954159713346,0.029365008365739242,0.0027693942476911234,0.2004174644771718
2023-12-19,42275.99,-0.008990828549252048,1.0927153920286095,1.6626539484181821,2.583542010519961,3.7694151237154183,57.62,0.5761999999999999,-2.007342010519961,0.03241755264462973,0.016783109128548957,-0.004956915849196246,0.10488604402739844,-0.022691174661215816,0.20012837522579235
2023-12-20,43668.93,0.03241755264462973,1.0902998762658507,1.7691059700877543,2.6563516762566293,3.816834561633907,58.1,0.581,-2.0753516762566293,0.004406916568444891,-0.002127341880396328,-0.03563281237863506,0.0543929809677385,-0.04711871341451604,0.1772508548758388
2023-12-21,43861.8,0.004406916568444891,1.0914191540222533,1.7580197067190813,2.5037407366021327,3.8173989339813397,58.63,0.5863,-1.9174407366021327,0.0024419680670525194,-0.031329610313511724,-0.03664495079734981,0.061714672363127415,-0.0506376215527106,0.16585841057668746
2023-12-22,43969.04,0.0024419680670525194,0.9780492478866851,1.7143154916131416,2.3479125448587013,3.3304792138582764,57.24,0.5724,-1.7755125448587012,-0.006088221088727501,-0.01236178308235305,0.004776262449378648,0.05250164206534574,-0.05585853098006344,0.1727229305405356
2023-12-23,43702.16,-0.006088221088727501,0.972949313759288,1.7067103758837683,2.350067847623752,3.29682288837306,56.97,0.5697,-1.780367847623752,-0.016395107062850675,-0.026394341801860798,0.0280844867092414,-0.02126301231270763,-0.09937631255975614,0.1709456411028039
2023-12-24,42991.5,-0.016395107062850675,0.9351259532422768,1.7348986640468365,2.361209094342123,3.2961539816274716,58.73,0.5872999999999999,-1.7739090943421232,0.013507101635684676,-0.021740024977745086,-0.0034081014404680914,-0.0033436856091818104,-0.0746862500240233,0.17646257396670145
2023-12-25,43576.13,0.013507101635684676,0.7749709549150997,1.3331471978591667,2.3750255298307126,3.300678173927884,58.26,0.5826,-1.7924255298307126,-0.02479535186467053,-0.033505470498238654,0.013108318431402201,-0.043232915950505754,-0.08351031751856361,0.15228681697125188
2023-12-26,42508.93,-0.02479535186467053,0.8918972276754504,1.4104990580327914,2.415885452290771,3.3313096154748476,59.98,0.5998,-1.8160854522907708,0.02140979529821103,-0.005315340483838062,0.03776799063305693,5.104679451339388e-05,-0.06180794082019704,0.19319141976977708
2023-12-27,43428.85,0.02140979529821103,0.7610594288879152,1.3296485529960649,2.4480280545806172,3.354645569537289,64.35,0.6435,-1.8045280545806173,-0.02012077980823538,0.017138045531731854,0.01234540778975797,-0.006720846675398188,-0.037665345192123834,0.17489168615045447
2023-12-28,42563.76,-0.02012077980823538,0.8484642187821145,1.3824208115910996,2.460606193877746,3.3674946689646856,63.75,0.6375,-1.8231061938777462,-0.011740790238734814,0.05447882851110231,0.03157196252545258,0.00497634840740462,-0.010465542576911355,0.2467656783262526
2023-12-29,42066.95,-0.011740790238734814,0.8763725271542344,1.313243746469942,2.4707428991590414,3.3748380073281257,62.5,0.625,-1.8457428991590414,0.0017416561151908701,0.018331923537277053,0.10984295987659452,-0.017734258812019597,-0.0008535279771507831,0.30444374432050064
2023-12-30,42140.28,0.0017416561151908701,0.8692564269535767,1.3046980888101154,2.4700835517157014,3.373768450240363,63.11,0.6311,-1.8389835517157014,0.0033947781497301243,0.046613788929640985,0.09002579334637359,-0.011485901035880973,0.027210935850368885,0.3930755133098732
2023-12-31,42283.58,0.0033947781497301243,0.813450277906151,1.2394199865472844,2.423985378267117,3.3473529917361393,64.71,0.6470999999999999,-1.7768853782671168,0.04386318131378095,0.04308333111689494,0.09835962316047714,-0.013992670755360783,0.015430578240746421,0.36861994429863537
2024-01-01,44179.55,0.04386318131378095,1.1390181368003958,1.3776582656530854,2.5371143922862087,3.440802840811787,66.81,0.6681,-1.8690143922862088,0.01722000317113513,-0.004792637741973796,0.047725379615966936,-0.0606347934294422,-0.03687735287041834,0.3451093339801955
2024-01-02,44946.91,0.01722000317113513,1.0868255443167687,1.4059411184379647,2.5460036891525135,3.454294457860825,63.75,0.6375,-1.9085036891525136,-0.04788769521256018,-0.02290686598564961,-0.049347499021949036,-0.12746079926899748,-0.04235492042194338,0.3214471871994256
2024-01-03,42845.23,-0.04788769521256018,1.3604818081735799,1.558884923485519,2.5363445335396975,3.5683930967032653,65.17,0.6517000000000001,-1.8846445335396975,0.03002352150755492,0.09151103633931766,6.441583128630296e-05,-0.07127814858355522,0.008246174955737946,0.38734781936039786
2024-01-04,44151.1,0.03002352150755492,1.425537570039349,1.6589300449829811,2.43045949306349,3.614096792934134,65.34,0.6534,-1.77705949306349,-0.0001356796630157846,0.04341200441673245,-0.056341234381908016,-0.09661863594996588,-0.026159852383862273,0.4354967331447374
2024-01-05,44145.11,-0.0001356796630157846,1.4077820272102324,1.6582759247142347,2.426701502101323,3.614049559143751,67.64,0.6764,-1.750301502101323,-0.004012787545087865,0.055276292043582094,-0.03771694383854341,-0.09957593145325395,-0.0360298675723922,0.36707925249851686
2024-01-06,43968.32,-0.004012787545087865,1.4094752416606964,1.655967147214756,2.4183809257334157,3.6097872776558146,71.39,0.7139,-1.7044809257334157,-0.000894225072540774,0.052518017357940705,-0.019066254465156203,-0.05001075298188189,-0.029066728040215407,0.4073065568466474
2024-01-07,43929.02,-0.000894225072540774,1.4080858906968219,1.6261633467167609,2.3864043904237864,3.6077867565168296,71.81,0.7181000000000001,-1.6683043904237862,0.06653020711240704,-0.0264406330362994,-0.026595614118048012,-0.04203750510236403,-0.019076514657248144,0.4194747271680523
2024-01-08,46951.04,0.06653020711240704,1.7017760271375986,2.0477802524930437,2.6964731326628195,3.7826317813336,67.16,0.6716,-2.0248731326628198,-0.018075510415030107,-0.0914466205080313,-0.1275772186886141,-0.11069648785374535,-0.05700166708445596,0.37222700637082146
2024-01-09,46110.0,-0.018075510415030107,1.7050111520737812,2.021942826213294,2.718294112133303,3.7856842199151353,64.17,0.6417,-2.0765941121333027,0.01172860796383382,-0.09975323879864063,-0.10151169438225444,-0.06281485749600474,-0.017973396999370818,0.3930741913838035
2024-01-10,46653.99,0.01172860796383382,1.4561054475124127,1.9927754074773645,2.477932442787702,3.791286268668662,62.7,0.627,-1.850932442787702,-0.006771062230729273,-0.09299323588212559,-0.11235229391583798,-0.08292904491973066,0.010210058631013397,0.3907084256086169
2024-01-11,46339.16,-0.006771062230729273,1.3446047783203132,1.9596222527506446,2.4788513737394426,3.7933408833737974,57.3,0.573,-1.9058513737394427,-0.0798528754667809,-0.0715842718230969,-0.10836017304540915,-0.08460273248638525,0.030014501939614212,0.4417628614004996
2024-01-12,42782.73,-0.0798528754667809,2.0335611912410565,2.473301711206681,2.8431090702974724,4.076669727358431,57.42,0.5742,-2.2689090702974726,0.0015242196406752171,-0.00015498108174866974,-0.07811330024704854,0.0069925786000056955,0.12129683713423015,0.5128915190557853
2024-01-13,42847.99,0.0015242196406752171,2.032324212279395,2.4732493122755623,2.842440938053468,4.04796683447369,55.07,0.5507,-2.291740938053468,-0.02638212870563945,-0.03613059818058286,-0.0713425644148415,0.00818175912445165,0.1527082989401434,0.5337921312056026
2024-01-14,41732.35,-0.02638212870563945,2.0938232821233194,2.523252229235344,2.8454744029603387,3.8983569426017786,56.87,0.5687,-2.2767744029603385,0.01848861088034885,-0.0017584555836139175,-0.04027740156805782,0.030181381998045848,0.17472007615160023,0.5368663479662331
2024-01-15,42511.1,0.01848861088034885,1.700963090934797,2.406099973663332,2.8632172205213937,3.815287142801718,55.96,0.5596,-2.3036172205213936,0.014637901828299413,-0.01935905803371239,-0.061858987614710544,0.0016870762661512144,0.19753168337445023,0.4915593759947138
2024-01-16,43137.95,0.014637901828299413,1.6888543545048218,2.399852507848318,2.847093093789569,3.8182065640760756,55.16,0.5516,-2.295493093789569,-0.008423584725432613,-0.03677590122231228,-0.03094449851672577,-0.01000047357505935,0.1845302393196213,0.4145985638867033
2024-01-17,42776.1,-0.008423584725432613,1.6816416877423055,2.224446412082816,2.7913019340040757,3.821521719182364,50.79,0.5079,-2.2834019340040754,-0.03445139745815894,-0.07795831916529991,-0.015441890984315977,0.007519099460799862,0.19764807022948055,0.4692979630444926
2024-01-18,41327.5,-0.03445139745815894,1.8012225194516571,2.2477465547658153,2.8627049742670763,3.856133956414764,48.31,0.48310000000000003,-2.3796049742670764,0.007990013891329613,-0.03521196623425866,0.016880730834868737,0.07057555160415828,0.22281954988700814,0.49222761525043124
2024-01-19,41659.03,0.007990013891329613,0.9696847189625498,2.2529224515529207,2.7990719568478246,3.8588868922998136,48.04,0.4804,-2.3186719568478247,0.0008880084302503328,-0.03851894598444392,0.038696836886249794,0.08353829738288365,0.22436956829035481,0.39660604572176666
2024-01-20,41696.04,0.0008880084302503328,0.969395839480487,2.2516815932585006,2.797856860198125,3.754559985707872,47.96,0.4796,-2.318256860198125,-0.002778941360300473,-0.04249992958099819,0.029423248996107255,0.1225623525468513,0.21649603212939797,0.4867533488774592
2024-01-21,41580.33,-0.002778941360300473,0.8297595498804436,2.2522426262237967,2.797971614800369,3.6525797014621664,47.82,0.4782,-2.3197716148003686,-0.049606002668420156,0.005831402705586472,0.02375744055902395,0.13837467498502345,0.22858146152059902,0.45444231285990355
2024-01-22,39568.02,-0.049606002668420156,1.2090943640194656,2.0869079083242017,2.951828529208501,3.7730770671010894,48.98,0.48979999999999996,-2.462028529208501,0.008294955472882228,0.06251642818098391,0.08510587884705421,0.19941013738127866,0.27032195366255996,0.4776793081492248
2024-01-23,39897.6,0.008294955472882228,1.1869353788542267,2.0642297896081545,2.9394377234180022,3.7703584069762863,49.59,0.4959,-2.443537723418002,0.004683034141144241,0.05209269706912756,0.07952432353929324,0.22405086335498484,0.25114882399072475,0.4724108057150031
2024-01-24,40084.88,0.004683034141144241,1.1793731869989832,2.053981470258417,2.929455174605853,3.7712668809529597,47.54,0.4754,-2.4540551746058528,-0.003092975166303934,0.07721578287069365,0.0704587835661037,0.2149974777196581,0.23579713448981535,0.5168226913425649
2024-01-25,39961.09,-0.003092975166303934,0.9804054405378905,2.0507553224156387,2.891503749400059,3.767929995552569,45.01,0.4501,-2.441403749400059,0.04555239092628425,0.0719231785771054,0.06354606388086191,0.25939067098916085,0.2549993605899741,0.5588733976826951
2024-01-26,41823.51,0.04555239092628425,1.3020274677533268,1.6234420165110979,2.9918001089806867,3.8657094107175998,43.73,0.43729999999999997,-2.5545001089806867,0.00707902280697713,0.017926037853437438,0.02094402494166638,0.21547473783634713,0.2125570313425784,0.5148651771704774
2024-01-27,42120.63,0.00707902280697713,1.3089227588301038,1.6288054156913552,2.970082535585093,3.856938307717289,42.43,0.4243,-2.5457825355850927,-0.002128775638974226,0.022589450666070203,0.022960990445115917,0.21308996121379656,0.25723122090316397,0.5003572163388786
2024-01-28,42031.06,-0.002128775638974226,1.3084777934172027,1.5493918311659411,2.9618795530446262,3.857110441831898,45.25,0.4525,-2.509379553044626,0.029806119942710457,0.027431626470165563,0.053694820769289435,0.2059388190521394,0.3052972722976515,0.5211760830723848
2024-01-29,43302.7,0.029806119942710457,1.0668674355328445,1.6124873041683347,3.0159394979093244,3.8983591173089747,45.36,0.4536,-2.562339497909324,-0.008385579459892248,-0.0067569993045900854,0.04484146049663404,0.18567273140410498,0.36586457745950446,0.47814282780230377
2024-01-30,42941.1,-0.008385579459892248,1.067125990524323,1.5961119864308848,3.019495099330306,3.8720867460495394,46.91,0.46909999999999996,-2.5503950993303057,-0.008444749797383772,-0.00837711469624358,0.09313910355074413,0.18707278313329068,0.353189366057889,0.482679090812474
2024-01-31,42580.0,-0.008444749797383772,1.075538316908686,1.5961528076443394,2.9053619353195104,3.8572110928427743,45.79,0.4579,-2.4474619353195104,0.011742435619609937,0.0030179870882290683,0.11461723442599943,0.20482402096157523,0.38198668685061377,0.5152312639890174
2024-02-01,43082.94,0.011742435619609937,1.0970956431586754,1.4713305808260912,2.8953795984728683,3.8555619310848983,44.76,0.4476,-2.4477795984728683,0.0027134001651212595,0.0003715397790456761,0.11430425853422453,0.18521607481550575,0.3638021076213691,0.48035273363638953
2024-02-02,43200.0,0.0027134001651212595,0.6700177318790476,1.4643084674400006,2.7475226846666687,3.7392411657413387,42.41,0.4241,-2.3234226846666686,-0.004382505832045197,0.02626319429912381,0.14452653981569163,0.1716245004514316,0.3791016444046598,0.4156597252192913
2024-02-03,43011.09,-0.004382505832045197,0.6615459134840975,1.4666021219918233,2.6882849365797137,3.6240873675539094,41.52,0.4152,-2.2730849365797137,-0.010005694851545816,0.05159845980122409,0.1445386941535544,0.16533835092371174,0.46165658552859967,0.4276402341443649
2024-02-04,42582.88,-0.010005694851545816,0.6874085499999492,1.4780543462535418,2.69507156959156,3.626608738962825,42.69,0.4269,-2.2681715695915603,0.002950351987088814,0.1015162182469877,0.19584460710829907,0.1914532967091122,0.40310912007090915,0.4752031866384294
2024-02-05,42708.7,0.002950351987088814,0.3891528469099599,1.1356258465086795,2.694570566241159,3.6206735338061633,42.37,0.42369999999999997,-2.2708705662411592,0.009095988310426472,0.11159924733777046,0.19453071289468057,0.19161300640091183,0.43637328488686283,0.4624636319482067
2024-02-06,43098.95,0.009095988310426472,0.3949340392115401,1.1378623708430033,2.700114381767597,3.6035459743511162,42.87,0.42869999999999997,-2.271414381767597,0.028605054685199374,0.11393271875517899,0.19012897076868066,0.23427023045804815,0.4385512418253004,0.46909948631796355
2024-02-07,44349.6,0.028605054685199374,0.6546787759542664,1.2591215075693631,2.444113464704182,3.6393210882691736,43.82,0.4382,-2.005913464704182,0.02095275967005496,0.11826334551656789,0.15224399828284998,0.2516024515283621,0.42922867345527743,0.4472122657446602
2024-02-08,45288.65,0.02095275967005496,0.7338378363550571,1.3199003069565594,2.452484038811102,3.6611201620107745,44.91,0.44909999999999994,-2.003384038811102,0.03991206359421791,0.0929402343523304,0.14083127090747108,0.3210231169628706,0.4110475883831742,0.45831791535104327
2024-02-09,47132.77,0.03991206359421791,1.057007910200841,1.251474923144484,2.5584963456510477,3.5617485511655076,47.79,0.4779,-2.0805963456510477,0.013033381077871586,0.0943283888613113,0.0939336795825467,0.26005026250714486,0.3804983669776036,0.3832516983602851
2024-02-10,47751.09,0.013033381077871586,1.082708453340526,1.2688185806420647,2.5673276933992293,3.5687358571887233,49.91,0.4991,-2.0682276933992294,0.01142945972783506,0.08293146555691028,0.09020678653557575,0.2673694524246143,0.41174835946088534,0.3914683803654454
2024-02-11,48299.99,0.01142945972783506,1.0878404714437393,1.2868284290937817,2.0763998983841985,3.520611555343428,51.29,0.5129,-1.5634998983841983,0.03293568144658824,0.07619625201350162,0.07091181628128122,0.24949784908714448,0.39159468192155517,0.3711528844699259
2024-02-12,49917.27,0.03293568144658824,1.2554508340710457,1.314380742033225,2.1694528410190945,3.575751126089189,54.28,0.5428000000000001,-1.6266528410190944,-0.004370351494182536,0.03398065276628196,0.02709796063574003,0.23457510458896824,0.3810838322654594,0.29606317831164414
2024-02-13,49699.59,-0.004370351494182536,1.2461658318201574,1.307249852065001,2.1117412290009803,3.543469429269155,52.19,0.5219,-1.5898412290009802,0.041300218103198914,0.04789103655514064,0.020799656770157476,0.3171178913750453,0.36214627181463277,0.25170617234360393
2024-02-14,51795.17,0.041300218103198914,1.3699823958589565,1.5183728345332128,2.2264920742255674,3.627020789639829,55.13,0.5513,-1.6751920742255675,0.0016364577734705157,-0.0003947092787647558,-0.0043913103991867625,0.20726451296261011,0.29402769262026357,0.2372210331555911
2024-02-15,51880.0,0.0016364577734705157,1.3105676680339289,1.502033815385713,2.209080474403141,3.6036059200602764,55.08,0.5508,-1.658280474403141,0.004694246184426713,0.007275320978665342,-0.002917706493768725,0.2418425719921822,0.2300683245670821,0.20084575198298
2024-02-16,52124.11,0.004694246184426713,1.0696708156302788,1.5038156057304015,2.2050352465591385,3.5571824419536053,55.24,0.5524,-1.6526352465591385,-0.009279917800631372,-0.005284435732220454,0.04414125968936754,0.24842227105661968,0.2716498928150121,0.20202197433503014
2024-02-17,51642.64,-0.009279917800631372,1.055284852452188,1.511913924385271,2.1119647346795047,3.557453416451624,56.24,0.5624,-1.5495647346795047,0.009540032294676114,-0.006882692130542029,0.09935845324551215,0.2769846751724274,0.269408065363423,0.17106291892473524
2024-02-18,52137.67,0.009540032294676114,1.0484105579840257,1.5108148759538056,2.1143114202767777,3.507864963410752,57.24,0.5724,-1.5419114202767776,-0.00698552773070659,-0.02709137978498324,0.18019184605539937,0.2702163174757031,0.1722364774314119,0.19668089362887206
2024-02-19,51774.73,-0.00698552773070659,0.8491400033187242,1.5156502043696654,2.118451340257752,3.5093929804451336,56.83,0.5683,-1.550151340257752,0.009306488030900633,-0.003996601120421992,0.1661165829245983,0.28656468739505697,0.2702573167480612,0.20913324652011603
2024-02-20,52258.82,0.009306488030900633,0.8635277459327693,1.5161165682069946,2.125236522281815,3.5135844137958445,55.63,0.5563,-1.5689365222818148,-0.007865510526459354,-0.01019302747243424,0.17716266588903862,0.32154157292530966,0.2258608513393043,0.21726417151603647
2024-02-21,51849.39,-0.007865510526459354,0.38167777740824194,1.4221567039995073,1.9081498110088027,3.5148723116355383,54.01,0.5401,-1.3680498110088026,-0.01087817419895304,0.049425695421587916,0.17858603280586324,0.320682865640274,0.2073573544866648,0.22513830527159653
2024-02-22,51288.42,-0.01087817419895304,0.433465816317293,1.380391330895521,1.9128809588495042,3.5070511391455086,55.38,0.5538000000000001,-1.359080958849504,-0.010668655359765033,0.1062411453760542,0.20747714395322817,0.3539858716297194,0.2212619817242784,0.2645272645814983
2024-02-23,50744.15,-0.010668655359765033,0.4705250990071647,1.1685844097055411,1.9216277457280027,3.503478387713658,52.23,0.5223,-1.3993277457280027,0.016109250933854777,0.20728322584038275,0.2963182346048879,0.34134661504447533,0.2810255568527495,0.26911153728981063
2024-02-24,51568.22,0.016109250933854777,0.5335556363743641,1.1825006287194475,1.9452202522594781,3.4849211989075193,54.18,0.5418,-1.4034202522594783,0.0031100616788884284,0.17011318404502032,0.21165582336179675,0.2984190030194503,0.303874037092721,0.220492129505053
2024-02-25,51728.85,0.0031100616788884284,0.5049679343590616,1.1636826512512908,1.7406980984247449,3.461343346441721,55.17,0.5517,-1.188998098424745,0.051753212367562834,0.18735569336147279,0.24476027848595092,0.23298603106085083,0.30230814582789906,0.22062383408195618
2024-02-26,54476.47,0.051753212367562834,1.10217769123726,1.3913426638672517,1.9973364652750805,3.5792098602492044,56.05,0.5605,-1.4368364652750805,0.045937275755513214,0.12916033738427532,0.20428101136725227,0.22750863312564462,0.24312599543571453,0.1575141518186795
2024-02-27,57037.34,0.045937275755513214,1.3976472753723295,1.6428932023571787,2.1812689073404607,3.678405161598445,58.36,0.5836,-1.5976689073404606,0.09037342510456357,0.10123599857717415,0.17762622192691532,0.17004961211791084,0.21587881077473342,0.10673484534714772
2024-02-28,62432.1,0.09037342510456357,2.2162855525057985,2.24891075323438,2.723004081248949,4.063328965460215,67.76,0.6776000000000001,-2.045404081248949,-0.021060790861507746,0.0890350087645051,0.0900244714203038,-0.007955368623987488,0.11227825034279927,0.010936246998632751
2024-02-29,61130.98,-0.021060790861507746,2.2429060985797786,2.2844081029802843,2.7479052840523535,4.082687118186082,65.54,0.6554000000000001,-2.0925052840523533,0.02035257099534111,0.041542639316776604,0.12044810447045882,0.10414073382346296,0.12948972475458514,0.043768363080202544
2024-03-01,62387.9,0.02035257099534111,2.2672177442313792,2.315528053933557,2.770586006925347,4.014632585551768,65.37,0.6537000000000001,-2.116886006925347,-0.006442143609634661,0.05740458512447801,0.144378907036271,0.04869818545026587,0.13324457713840362,-0.027889039683390557
2024-03-02,61987.28,-0.006442143609634661,2.249600816925132,2.3120089646489426,2.7642298773931415,4.003022587286488,65.82,0.6581999999999999,-2.1060298773931416,0.018012936948412033,0.07512067398297692,0.1420968328344108,0.028771321680801733,0.11655062601502063,-0.06021332160850003
2024-03-03,63113.97,0.018012936948412033,2.274995259680661,2.3303639300118633,2.7850869897359862,3.9122359902176918,71.72,0.7172,-2.067886989735986,0.07817243529189463,0.07639022334974133,0.14650872767649126,0.013784837771050067,0.03655808081463142,-0.06637793491277397
2024-03-04,68245.71,0.07817243529189463,2.5354444538368845,2.7646472182818034,3.159143640033207,4.148139876933233,74.81,0.7481,-2.411043640033207,-0.06855316030923639,0.0009894626557986315,0.045028380439587526,-0.015292677752138396,-0.03401635138423475,-0.0818544616877034
2024-03-05,63724.01,-0.06855316030923639,2.7154325595292246,3.0540124249431484,3.414524493523022,4.349987158841894,73.19,0.7319,-2.682624493523022,0.03621451680304252,0.07890546515368231,0.0867631796576535,0.09221821373092423,0.07209406656752033,0.002633369346601714
2024-03-06,66074.04,0.03621451680304252,2.207075747688634,3.127795550588509,3.4834601539669787,4.4039987716538755,74.85,0.7484999999999999,-2.734960153966979,0.011273945248864211,0.08697432191179294,-0.011774247425100106,0.05754786734194801,0.02609034706134393,-0.03170536565668146
2024-03-07,66823.17,0.011273945248864211,2.1807515345399966,3.1283070537344817,3.4857836723172384,4.409229579509517,69.68,0.6968000000000001,-2.7889836723172383,0.019282486315176334,0.06697615885143374,0.023227621758392224,0.0388449840684623,0.030548244492662923,-0.05629651841687875
2024-03-08,68124.19,0.019282486315176334,2.1771992464437577,3.143321946360711,3.462331451608992,4.238092697092538,71.87,0.7187,-2.7436314516089917,0.0027716745979517753,0.07011850432674999,-0.007576609809004447,0.03825258884781814,0.017983592289382816,-0.08917705552578609
2024-03-09,68313.27,0.0027716745979517753,2.1743625758434435,3.128666880116634,3.439520527084431,4.224331830817553,75.04,0.7504000000000001,-2.689120527084431,0.009362842188647231,0.044038917783788885,-0.09797984004429118,0.022253778922495485,0.04727032696786902,-0.11007074345885813
2024-03-10,68955.88,0.009362842188647231,2.1543953875028095,3.13321287455271,3.3586996447826185,4.222175606790018,80.12,0.8012,-2.5574996447826184,0.044283373561153284,0.007857714503971255,-0.016307370646995827,0.009041620284126415,0.0027533313826814303,-0.0891580809875963
2024-03-11,72078.1,0.044283373561153284,1.7682481261923246,3.091145421081784,3.454653727830025,4.304161226592761,83.02,0.8301999999999999,-2.624453727830025,-0.008724217811494954,-0.09874856933689312,-0.09568072158600528,-0.011134329897867333,-0.0202799790954399,-0.1701606288537947
2024-03-12,71452.01,-0.008724217811494954,1.199646508108424,2.968623541267597,3.4517723519917194,4.028171906458853,78.08,0.7807999999999999,-2.6709723519917192,0.022424831790492365,-0.0437485370930414,-0.11332551115360903,-0.025546206819390235,-0.02044179745162933,-0.1610088708013734
2024-03-13,73072.41,0.022424831790492365,1.0695822179542607,2.4525883219568865,3.420868890862366,4.050786293779979,77.5,0.775,-2.645868890862366,-0.02330791194500903,-0.07769511413575435,-0.13272388990544112,-0.10995064686185982,-0.0850206539538152,-0.17267405161248317
2024-03-14,71388.94,-0.02330791194500903,1.1383775278645705,2.4599960673435235,3.448718881808791,4.043898236109194,74.58,0.7458,-2.702918881808791,-0.02681836109117046,-0.14201875782808016,-0.060321058191725986,-0.07904473182382236,-0.1104400994710289,-0.1259597926989582
2024-03-15,69499.85,-0.02681836109117046,1.1927732910056201,2.4825198251880374,3.396114756537794,4.060894285273014,76.7,0.767,-2.629114756537794,-0.062322910279710986,-0.024165085150967026,0.005455034073270752,-0.014669113090133103,-0.05680665946467245,-0.12102821261640145
2024-03-16,65300.63,-0.062322910279710986,1.6845228126091998,2.750539895625828,3.598656825808774,4.22260198128231,75.73,0.7573000000000001,-2.8413568258087736,0.046275814432356635,0.003067847750887808,0.06932211476704819,0.037864594486444074,-0.02922257258410193,0.013776961418757111
2024-03-17,68393.48,0.046275814432356635,1.894003641667215,2.868565718323715,3.704580603077819,4.311159691227934,75.93,0.7593000000000001,-2.9452806030778187,-0.01152174525222046,-0.06957697406056765,0.015617362310070049,0.007320622734270607,-0.06962791847998198,-0.047278144604317104
2024-03-18,67609.99,-0.01152174525222046,1.7087809982965414,2.4589904302217183,3.70687722477211,4.266302122455001,74.08,0.7408,-2.9660772247721097,-0.08763155563733493,-0.055028775769686795,0.04582919865682242,0.025560202098387243,-0.09834514643868783,-0.008704988990782222
2024-03-19,61937.4,-0.08763155563733493,2.3864392538032893,2.671000572165782,4.063331143775422,4.580499183046328,76.61,0.7661,-3.297231143775422,0.09103531158594273,0.08169769963635419,0.12023361896678669,0.14525016701216023,0.02444441619746019,0.07730194855221695
2024-03-20,67840.51,0.09103531158594273,2.9217212121222653,3.1113439157909166,4.417890906824091,4.899550606498402,77.73,0.7773,-3.6405909068240914,-0.03508997737785613,0.02962011922423775,0.025348990931122237,0.019060702029677332,-0.06112407022794514,-0.0233616948398855
2024-03-21,65501.27,-0.03508997737785613,2.964387334890987,3.1754520413964906,4.464927102317667,4.944917016963109,75.26,0.7526,-3.7123271023176665,-0.026369007379098856,0.06625426701616033,0.08454639168813802,0.0754007424905653,-0.008596679823267823,0.08688106568245087
2024-03-22,63796.64,-0.026369007379098856,2.962915589859104,3.1939907508266994,4.490744515827703,4.879325978830429,72.46,0.7245999999999999,-3.766144515827703,0.003026453038660462,0.08519433637063759,0.08777930433421886,0.09288371370197968,0.017780950784931727,0.09491161830332175
2024-03-23,63990.01,0.003026453038660462,2.713761043645123,3.1940751569439745,4.486305533290207,4.877094514232765,73.68,0.7368000000000001,-3.749505533290207,0.04909491976870599,0.10085797442650915,0.02277324304358116,0.04770323595162587,0.04326528285722001,0.07779139887784593
2024-03-24,67209.99,0.04909491976870599,2.7317820109212327,3.3241363915822597,4.57877238253853,4.965663069948389,72.62,0.7262000000000001,-3.8525723825385296,0.038957731173826136,0.038535919330432405,-0.018723673632096337,-0.05011904127930299,-0.011914019562938801,0.011239384820221257
2024-03-25,69880.01,0.038957731173826136,2.822789620190538,3.299708129516119,4.628649736400754,5.020784820332694,76.25,0.7625,-3.8661497364007538,0.0015441704140665396,-0.004271128293115576,-0.02012414716340381,-0.06226169353794315,-0.0833819075876679,-0.019216368238914566
2024-03-26,69988.0,0.0015441704140665396,2.272899224610517,3.295627891211065,4.628362372857111,4.9448729128602515,75.39,0.7539,-3.874462372857111,-0.007428938024621631,0.018292124671977602,-0.03145752028060421,-0.09854468735115021,-0.0816843117459428,-0.010014976881638372
2024-03-27,69469.99,-0.007428938024621631,1.470137310023403,3.2707428134428493,4.523744921175457,4.945060269337301,75.78,0.7578,-3.7659449211754565,0.01869009109453202,0.0025849679635813875,-0.008296739575799284,-0.08524528079005197,-0.08561184361703511,-0.013949150954914948
2024-03-28,70780.6,0.01869009109453202,1.3562368718900863,3.259903483837565,4.452138202631332,4.957768512290544,76.53,0.7653,-3.686838202631332,-0.01322713532737063,-0.07808473138292801,-0.02026899655843527,-0.14417434509551025,-0.10914396542758577,-0.01917329411211745
2024-03-29,69850.54,-0.01322713532737063,1.284306947983897,3.229289880030877,4.1114850106537375,4.931435918607155,73.11,0.7311,-3.3803850106537374,-0.0038493164497219014,-0.05725959296252893,0.025016548045373364,-0.09578920276932655,-0.10134200334416653,-0.021008530185127647
2024-03-30,69582.18,-0.0038493164497219014,1.2851106725196648,3.0026668883893555,4.092409927122149,4.929381549619664,74.93,0.7493000000000001,-3.343109927122149,0.024107423379159526,-0.015853018870288275,-0.006288288901444947,-0.08647306115906732,-0.0857213616743826,-0.02812537374048624
2024-03-31,71280.01,0.024107423379159526,0.9919032924420956,2.9062871669451944,4.0998478475301265,4.9482218214898115,76.64,0.7664,-3.3334478475301266,-0.02313609473301786,-0.04974964495258174,-0.009145649197572561,-0.09314307151140581,-0.16113361682179428,-0.041942612434300676
2024-04-01,69649.8,-0.02313609473301786,0.7907507027665488,2.931454914164848,4.121769185762146,4.962856842159688,73.81,0.7381,-3.3836691857621455,-0.06197960825197718,-0.010881707539380484,0.005104409367760921,-0.06999835354928725,-0.17676394762352063,-0.030759665703513763
2024-04-02,65463.99,-0.06197960825197718,1.423570710030981,2.6819068685719127,4.274656522969786,5.101901403375489,74.37,0.7437,-3.530956522969786,0.007598003093028574,0.05781573482449281,0.024929992908044582,0.020492039813638754,-0.10293601572740527,0.03457291685471079
2024-04-03,65963.28,0.007598003093028574,1.423896365684783,2.046652039437378,4.007900995980172,5.103279233193215,72.45,0.7245,-3.2834009959801724,0.03755725764251874,0.08227614100790237,-0.03139536764720651,0.006809654069157667,-0.04783811030346863,0.026956910697028796
2024-04-04,68487.79,0.03755725764251874,1.5539720446116532,2.0625730455207467,3.8552288784730315,5.14992885604074,72.31,0.7231000000000001,-3.1321288784730315,-0.009789202703133824,0.009564729968843385,-0.04213754637453923,-0.06325776042426408,-0.06946069722091845,0.00469214873128951
2024-04-05,67820.62,-0.009789202703133824,1.5446511481080452,2.0088283913742395,3.7972454234808852,5.153015374557132,71.96,0.7195999999999999,-3.0776454234808854,0.015731842680183246,0.04060399575500923,-0.06708716707054596,-0.050226791465338656,-0.05779571271802533,0.039283024913008315
2024-04-06,68896.0,0.015731842680183246,1.5719010932150401,2.0303651118640174,3.803027057892173,5.158847023633619,72.3,0.723,-3.080027057892173,0.006717834111896003,0.015986116907141454,-0.07694854121425271,-0.07731510404123589,-0.08684476290954182,0.031601726878486495
2024-04-07,69360.39,0.006717834111896003,1.50838289898777,1.805295297594335,3.787317623878527,5.1314241556259725,77.43,0.7743000000000001,-3.0130176238785267,0.03205840927643814,-0.032885741916448066,-0.12390534853707497,-0.08887496886915056,-0.10716064781516876,0.020529768481529306
2024-04-08,71620.0,0.03205840927643814,1.5668337068401705,1.755065394455802,3.836156471568947,5.152319665024239,76.25,0.7625,-3.073656471568947,-0.03515415339654028,-0.11367150865510887,-0.12080575081470005,-0.12635855138954,-0.15734107042672713,-0.032127471249782345
2024-04-09,69146.0,-0.03515415339654028,1.2263372034255167,1.8789509048837942,3.8903948180332897,5.139653212430112,73.69,0.7369,-3.15349481803329,0.02125006308303191,-0.051702276343382654,-0.08018477225762238,-0.07943307277293775,-0.09191141237027783,0.00237562158306281
2024-04-10,70631.08,0.02125006308303191,1.283609327235858,1.9170638396196473,3.8189294131684446,5.149646030745509,72.32,0.7232,-3.0957294131684447,-0.00888603616768445,-0.10769116282555517,-0.08399742231383321,-0.15198796762422173,-0.14988064975835483,-0.014014279340885378
2024-04-11,70006.23,-0.00888603616768445,1.0777866340447433,1.8911512747424566,3.8190655911520026,5.1478145226392575,68.42,0.6842,-3.1348655911520025,-0.04215402471169341,-0.09293465812139401,-0.0751027629170481,-0.1818683569912815,-0.14056707334974403,-0.00668211150937859
2024-04-12,67116.52,-0.04215402471169341,1.3323804586580434,2.0398982464734163,3.8794721769586635,5.172296234774872,66.94,0.6694,-3.2100721769586635,-0.04872735746222276,-0.09101960662062693,-0.004437953094405906,-0.12786600863544986,-0.08765339765866789,0.002941590787284898
2024-04-13,63924.51,-0.04872735746222276,1.5973550719482805,2.241074803019644,3.964675854719001,5.254742292323795,72.95,0.7295,-3.2351758547190013,0.026815078915186055,-0.0071342421595911405,0.038205021716364085,-0.016442742656262107,-0.015519693227929322,0.06567953882899807
2024-04-14,65661.84,0.026815078915186055,1.6725799592352626,2.252275003189926,3.9646677515827164,5.220362613843383,71.99,0.7199,-3.2447677515827165,-0.03473882339914055,-0.028482495914239746,-0.0211202140497248,-0.027323150846379284,-0.06422155315172905,0.01678102214914021
2024-04-15,63419.99,-0.03473882339914055,1.6920032121010053,2.3060448249439185,3.8394471265951333,5.262288968486975,70.48,0.7048000000000001,-3.1346471265951332,0.005870468536476564,0.023693740511721937,0.016860375605207336,0.00929145435252061,0.04299953400285912,0.040541923724142795
2024-04-16,63793.39,0.005870468536476564,1.5570425020502399,1.9819899822391605,3.737954440428946,5.2627199092696255,70.88,0.7088,-3.029154440428946,-0.040238973210926274,0.017831895204345985,-0.00036656282698315624,-0.009896221695289115,0.022349773875664884,0.03745752910897695
2024-04-17,61277.37,-0.040238973210926274,1.6883598326080567,2.1208988258121124,3.8098357296592287,5.315617278032932,70.72,0.7071999999999999,-3.102635729659229,0.035158006998813135,0.08658165352622103,0.03503037966792459,0.01674470072190625,0.08964015744790543,0.08444750941219711
2024-04-18,63470.08,0.035158006998813135,1.809118326063542,2.105833124021096,3.4875605794203697,5.354786529741612,69.98,0.6998000000000001,-2.7877605794203695,0.005466825160537417,0.04533926387595538,-0.005552800574839922,-0.03653531961202709,0.052857532354756875,0.046698444568431544
2024-04-19,63818.01,0.005466825160537417,1.6233380780502005,2.1001105214396545,3.024743963723031,5.354141958397993,70.4,0.7040000000000001,-2.320743963723031,0.01743741302682119,0.007362281864514887,0.0007516994846846353,-0.01172664011265544,0.037762375388059495,0.021045430749462437
2024-04-20,64940.59,0.01743741302682119,1.3709740838180788,2.1050209415537218,2.968270927700263,5.361548874088664,71.98,0.7198,-2.2484709277002626,8.623229100669178e-06,-0.006833364906514637,-0.06799054531038856,-0.06588322744452164,0.09547774550571872,0.0005200325006646221
2024-04-21,64941.15,8.623229100669178e-06,1.271659262048665,2.101104709144594,2.9252074911985275,5.359442617754254,72.05,0.7204999999999999,-2.2047074911985276,0.028510785110948657,-0.01819845803132914,-0.10676559407423339,-0.06546431043269603,0.07713066751839015,-0.0010963621015565215
2024-04-22,66819.32,0.028510785110948657,1.2138105782087878,2.082357075415182,2.974927117709829,5.3830408407995245,69.37,0.6937000000000001,-2.281227117709829,-0.006084382651452649,-0.05155127385829649,-0.12342805554104394,-0.0832154445642619,0.034526116020625996,-0.040868563972346936
2024-04-23,66414.0,-0.006084382651452649,1.2141950166413806,1.9745001624785026,2.8255866615565663,5.380436461204979,64.16,0.6416,-2.1839866615565664,-0.03251015685090299,-0.05089206445079525,-0.054647764372626265,-0.05372471494429354,0.023153404383159923,-0.03293924525467476
2024-04-24,64289.59,-0.03251015685090299,1.1265180580567753,2.0296802357741757,2.7956662859255266,5.407416052473066,62.44,0.6244,-2.1712662859255265,0.0032417662557915235,-0.0066105823798303116,-0.00620293679665445,-0.04310133910200429,0.06416553934875331,-0.016935046093628076
2024-04-25,64498.34,0.0032417662557915235,0.9064808582247863,2.0235159164253926,2.7961966054302763,5.407444286416579,59.29,0.5929,-2.2032966054302765,-0.011356469895713836,-0.061157180403873926,-0.007568921252686715,0.02613915839765182,0.07166933486430446,-0.0674185005876986
2024-04-26,63770.01,-0.011356469895713836,0.9262142979354292,1.8689835315881569,2.801007900998511,5.320706097250329,55.12,0.5512,-2.249807900998511,-0.004842030716018614,-0.08856713604290428,-0.00952965886830596,0.022716336702647926,0.07166269266212014,-0.03128240821452903
2024-04-27,63461.98,-0.004842030716018614,0.8691647225706091,1.6232736224869988,2.7796944368972674,5.248641323032748,54.69,0.5468999999999999,-2.2327944368972674,-0.005425173243951366,-0.07187678168274751,-0.018285678946018357,0.05460977777998106,0.08997067131546838,-0.041782853861188574
2024-04-28,63118.62,-0.005425173243951366,0.8753228844518621,1.5437964343783424,2.7701235860461892,4.957609673501915,56.79,0.5679,-2.2022235860461894,0.01177132522006203,-0.0037556999218309973,-0.030982519037187135,0.058410332929596846,0.08033347315903876,-0.022627025530435715
2024-04-29,63866.0,0.01177132522006203,0.7211590468959372,1.4118804803138996,2.7782642577662084,4.946369506778597,55.33,0.5533,-2.2249642577662083,-0.051304831768252054,0.00040764558317576174,-0.012478339597340108,0.037010675903374854,0.05759598793389645,-0.055337212502010805
2024-04-30,60672.0,-0.051304831768252054,1.2113240604228985,1.7151021887328406,2.9098752240892276,5.02753679177644,59.81,0.5981000000000001,-2.3117752240892275,-0.03876642553474422,0.053588259151187284,0.0021073178658668388,0.16346829081610711,0.11919100438749367,0.005173173040857819
2024-05-01,58364.97,-0.03876642553474422,1.2767414651009696,1.7026778038831005,2.9699380594623532,5.080306417701727,61.22,0.6122,-2.357738059462353,0.011848323644138173,0.07903747717459834,0.04130128364153736,0.18389626159262348,0.14600428192000678,0.0727933923853466
2024-05-02,59060.61,0.011848323644138173,1.2951728372038327,1.5808795730727154,2.7330632206358336,5.073689284668549,56.77,0.5677,-2.1653632206358338,0.06269590851696512,0.053591102736729186,0.04021261097678199,0.15795417156166983,0.1375089325821159,0.0629817999819197
2024-05-03,62882.01,0.06269590851696512,1.750751961007369,1.9806578085755169,2.9804860057072737,4.994653864262843,55.88,0.5588000000000001,-2.4216860057072735,0.01593467072506892,-0.027226819115356064,0.0009230494283326669,0.07780116875578623,0.07479502100049763,-0.011943111854785242
2024-05-04,63892.04,0.01593467072506892,1.7746135974903372,1.9760315623387295,2.9088013798609023,4.829483944780552,56.89,0.5689,-2.339901379860902,0.0018757817997593531,-0.012885985180515938,-0.036898402305349826,0.07036847614540784,0.07415284595220792,-0.0593799169079767
2024-05-05,64012.0,0.0018757817997593531,1.7719466215461444,1.976356491540411,2.9030040203600636,4.779801789653334,58.65,0.5865,-2.3165040203600635,-0.013317207511333138,-0.05148094128532028,0.033708079650338396,0.07923825611699103,0.0970787376310337,-0.11514231419083658
2024-05-06,63165.19,-0.013317207511333138,1.775936642971238,1.9167736775028519,2.8985910713618326,4.781719879085196,55.57,0.5557,-2.3428910713618327,-0.013598050793730939,-0.03773619353306093,0.03224599557095389,0.08119235153042613,0.11844648978802837,-0.10923584514170107
2024-05-07,62312.08,-0.013598050793730939,1.5035605096251827,1.9308029898111712,2.907378381964398,4.774581011989934,53.76,0.5376,-2.369778381964398,-0.018122013335120257,-0.01337849175994721,0.07289545672599923,0.10825635026148653,0.12769041629669806,-0.06775238910595405
2024-05-08,61193.03,-0.018122013335120257,1.3535242321011813,1.860671012187072,2.863143737055056,4.786824472800095,55.43,0.5543,-2.308843737055056,0.030275504659909153,0.028149868543688776,0.08939285196678398,0.11131599219622591,0.1252135991769448,-0.09122393955081758
2024-05-09,63074.01,0.030275504659909153,1.4544240754526205,1.9475168983828703,2.842724225587668,4.8183246946343585,52.17,0.5217,-2.321024225587668,-0.03671917430504504,-0.024012417124834002,0.04948901550071502,0.07007432753123644,0.0942870339533405,-0.10627677298241306
2024-05-10,60799.99,-0.03671917430504504,1.0829332802237523,2.058610433857587,2.899722127147045,4.795061029583385,54.27,0.5427000000000001,-2.357022127147045,0.0004275402409262431,0.08518902093565875,0.16136097295024027,0.11708368652162657,0.13586637041746943,-0.046284916354523
2024-05-11,60825.99,0.0004275402409262431,1.039294326044711,2.056547134530674,2.8947597715706777,4.792170293783926,54.17,0.5417000000000001,-2.3530597715706776,0.01075965097938284,0.06998218910401477,0.14259497795108625,0.10470299827846949,0.13388496184036558,-0.05231208461802959
2024-05-12,61483.99,0.01075965097938284,1.058822225526805,2.064194597143964,2.788063693835277,4.777405523155722,54.52,0.5452,-2.242863693835277,0.023406346968515828,0.08627394848594652,0.11774156058488786,0.09729632160533397,0.09059498844595289,-0.06978027364693248
2024-05-13,62940.08,0.023406346968515828,1.1208658764927768,2.100069349553455,2.665825816925322,4.777581178711399,56.13,0.5613,-2.104525816925322,-0.021886781008613777,0.06124298342309496,0.07687811932745342,0.07387197157216473,0.08119923205692742,-0.08365405144373708
2024-05-14,61577.49,-0.021886781008613777,1.1677737988088353,1.9037830368213593,2.6493435000133347,4.76839714804701,56.23,0.5623,-2.0870435000133347,0.07248226375544757,0.07350143262554895,0.1072668784507576,0.11105124825755781,0.08100257530086938,-0.03930693668873704
2024-05-15,66206.5,0.07248226375544757,1.7780381408141825,2.2346023084824393,2.9148133421314357,4.820528089056951,58.61,0.5861,-2.3287133421314357,-0.014779291590717515,0.07617195201458145,0.04553017646665271,0.06337065798069536,-0.0024576102787162994,-0.0852232320527947
2024-05-16,65235.21,-0.014779291590717515,1.7048707858607848,2.240967154542382,2.9263089491770526,4.7471662562792325,57.49,0.5749,-2.3514089491770527,0.027051410361314365,0.07261278884707123,0.04894635595947213,0.08620049421707428,0.015107755233312077,-0.007865115277427342
2024-05-17,67024.0,0.027051410361314365,1.6375454120137036,1.963236986668524,2.8704328012878144,4.770139699599696,55.26,0.5526,-2.3178328012878144,-0.0016246180943355483,0.031467612098941486,0.03536089353548731,0.05479495957069887,-0.005192648035708454,-0.029986953983297232
2024-05-18,66915.2,-0.0016246180943355483,1.6378191697985904,1.939738211488466,2.7909096456826963,4.466794761962056,56.67,0.5667,-2.2242096456826963,-0.00962833180615985,0.015635135904358437,0.021923140229442143,0.03582074721016096,-0.006159087786325283,-0.04316916323299124
2024-05-19,66274.01,-0.00962833180615985,1.635247012742202,1.9481112129321139,2.795014389572438,4.118395498734416,57.32,0.5732,-2.221814389572438,0.07515278314448008,0.03376544582520867,0.02058531203052142,0.044798018452625495,-0.01671694463859711,-0.03510349876003486
2024-05-20,71446.62,0.07515278314448008,2.1296862107607075,2.4066374195940323,3.1245192756629043,4.309669709411572,61.94,0.6194,-2.5051192756629046,-0.018338454758227797,-0.030641775547928865,-0.04427728642861359,-0.025494602532770864,-0.09495771300505393,-0.0693455245690701
2024-05-21,70148.34,-0.018338454758227797,2.1174196753134464,2.4180905124889183,3.144100790959675,4.294439270763674,58.59,0.5859000000000001,-2.558200790959675,-0.014093766386815483,-0.023666432887599162,-0.03789197967261668,-0.008710016110720633,-0.07822702961994663,-0.043832746908757304
2024-05-22,69166.62,-0.014093766386815483,1.62430751673765,2.4082762588873368,3.108243170768064,4.302483813370088,56.8,0.568,-2.540243170768064,-0.017457094288918538,0.0038932814365458257,-0.02044523897955386,-0.027146572138935073,-0.07539467999297286,-0.014582151780952408
2024-05-23,67969.65,-0.017457094288918538,1.6339775664089824,2.3614544425013557,3.123923368958458,4.212224732500767,53.18,0.5318,-2.592123368958458,0.008501978114690344,0.006288004325083541,-0.0030061477552887255,0.0043211127294739225,-0.05609264963783476,-0.006459574321817558
2024-05-24,68549.99,0.008501978114690344,1.5585785030700166,2.2606905862234012,3.0658617845253517,4.149127434060516,52.29,0.5229,-2.542961784525352,0.01074556177134258,-0.013180133794687257,0.00378436980680021,-0.02626430314988833,-0.08110058544238144,-0.03887853387072442
2024-05-25,69290.57,0.01074556177134258,1.5717344132453381,2.269978127370264,3.072103216009585,4.154098413138071,52.21,0.5221,-2.550003216009585,-0.011363112097898122,-0.013635510880684744,0.017840481514042685,-0.047987786745368924,-0.1390878354520031,-0.05815360326552336
2024-05-26,68507.67,-0.011363112097898122,1.5759570866747379,2.271051195310802,3.0721121807735625,4.1573451279288065,53.73,0.5373,-2.5348121807735624,0.013465947937329524,-0.014225546785017567,0.03725413825760209,-0.03383860072616006,-0.10294510087664926,-0.040326631350273576
2024-05-27,69436.43,0.013465947937329524,0.698805002811255,2.2414039770327747,3.081477214094213,4.1499642147251645,53.91,0.5390999999999999,-2.542377214094213,-0.0150623714003808,-0.024338520416099792,0.019434066035211618,-0.040553541571195846,-0.1317535251766569,-0.02225795704984503
2024-05-28,68398.39,-0.0150623714003808,0.6696183329647527,2.220777970272354,3.0931486132274046,4.152246744291579,54.76,0.5476,-2.5455486132274046,-0.010966160005080427,-0.00929415208037228,0.013897606980718789,-0.02808222801576732,-0.10296049868947452,-0.007364799495448601
2024-05-29,67652.42,-0.010966160005080427,0.647905003112857,1.7487583600912684,3.092068261013188,4.156878446231781,53.24,0.5324,-2.5596682610131882,0.010290184685345129,0.016964503601487445,0.024212706422104067,-0.03730225666911854,-0.11293320043590725,0.00879254948706017
2024-05-30,68352.17,0.010290184685345129,0.5892335491149311,1.7369740536146183,2.939181418553119,4.1359595296540625,53.27,0.5327000000000001,-2.4064814185531187,-0.011953148002230988,0.03147599239472728,0.01878268389584274,-0.050680426576440375,-0.11401783134663576,-0.02319944836262889
2024-05-31,67540.01,-0.011953148002230988,0.6107069898791762,1.6739563846526166,2.853489572539575,4.118608359341187,51.99,0.5199,-2.3335895725395748,0.003352974306247208,0.05147968504261965,0.02918196356189611,-0.04033504994732995,-0.07321088953466029,-0.020220985388221466
2024-06-01,67766.85,0.003352974306247208,0.5787236181389598,1.674894053954314,2.8452181845647018,3.945237773033455,50.68,0.5068,-2.3384181845647016,-1.800306465331948e-05,0.043772586451311414,-0.006701333159381127,-0.05494944101341889,-0.0745271326001963,-0.04742538390948251
2024-06-02,67765.63,-1.800306465331948e-05,0.5364627004290149,1.664762135559287,2.5808008546258923,3.9425664079955123,51.11,0.5111,-2.0697008546258924,0.015292495676779325,0.023191759061091194,0.007327260484762666,-0.05308650188254608,-0.08673813285528283,-0.036236181161484055
2024-06-03,68809.9,0.015292495676779325,0.5540443967453316,0.8917923668202912,2.579382405567103,3.887716432769991,52.77,0.5277000000000001,-2.051682405567103,0.02480167347858517,0.007248202820616814,-0.03004867295668837,-0.08488495524918162,-0.13353276286018453,-0.11233760996395432
2024-06-04,70537.84,0.02480167347858517,0.6698325943766096,0.9471348459072731,2.622298460967233,3.9120175818390455,53.95,0.5395,-2.082798460967233,0.008050544645661345,-0.012693308498884608,-0.06582826825941161,-0.15692831696604562,-0.2122210518218704,-0.15023871957140042
2024-06-05,71108.0,0.008050544645661345,0.6545518580593804,0.920988071555576,2.6144546861259914,3.903486070781436,55.62,0.5562,-2.0582546861259914,-0.004354124285061161,-0.022297721480723637,-0.07109273898376221,-0.14019923913425136,-0.22768233492972942,-0.20098482103525886
2024-06-06,70799.06,-0.004354124285061161,0.6298482884404726,0.862499299625206,2.6028449956758806,3.9022623088958155,51.87,0.5186999999999999,-2.0841449956758806,-0.020598830454873523,-0.050473919610692516,-0.05998760760640732,-0.15118759121186834,-0.19544280540265213,-0.27051340453174105
2024-06-07,69355.6,-0.020598830454873523,0.7067052438014443,0.9340210538867649,2.6095607284222093,3.8739384680659357,50.02,0.5002,-2.1093607284222093,-0.00065106056369522,-0.01586449857632859,-0.04197983499648613,-0.11685810567019331,-0.2164375387277624,-0.2135022440893734
2024-06-08,69310.46,-0.00065106056369522,0.7039059087474571,0.9112653590263551,2.544680855213681,3.815295752315152,50.34,0.5034000000000001,-2.0412808552136807,0.004860162159083764,-0.037296875777305206,-0.06151496309122269,-0.13714590685801137,-0.2005638069357537,-0.22882634499368532
2024-06-09,69648.14,0.004860162159083764,0.7100036192773286,0.8898861547065988,2.4478344922009057,3.7947703640503265,51.79,0.5179,-1.9299344922009056,-0.0015538683361776106,-0.05313495976052702,-0.06946311047228308,-0.13280051524247852,-0.18215128677199252,-0.12139915623860772
2024-06-10,69540.0,-0.0015538683361776106,0.6477865231712412,0.8524039964519073,2.4480008736932044,3.7910872335923123,50.88,0.5088,-1.9392008736932045,-0.032530322415029955,-0.0487950175030386,-0.06951701350922605,-0.10239285309655638,-0.1861970464583951,-0.13368769720971782
2024-06-11,67314.24,-0.032530322415029955,0.7624686661228791,1.014905991364965,2.5172809100179485,3.7563283057825494,52.49,0.5249,-1.9923809100179484,0.014010590579490376,-0.009513687995714847,-0.04824810785403775,-0.06782579944081517,-0.1603752620928853,-0.0997526612512036
2024-06-12,68263.99,0.014010590579490376,0.7933162233697407,1.0284885828975525,2.4916628228919473,3.6489739529308,50.56,0.5056,-1.9860628228919472,-0.02208343776467173,-0.0261153364201576,-0.06041376236730859,-0.09406539334004539,-0.16485328350066453,-0.150728210498901
2024-06-13,66773.01,-0.02208343776467173,0.8946694174194195,1.0941399512480094,2.49229608850878,3.637383781491729,49.23,0.49229999999999996,-1.99999608850878,-0.010977921824138023,-0.024218087313917464,-0.05483628229249318,-0.10348408990349611,-0.1203095119896063,-0.1179034508372887
2024-06-14,66043.99,-0.010977921824138023,0.8303899347604827,1.0904034782446257,2.082770992904649,3.5824672822445214,48.56,0.48560000000000003,-1.5971709929046491,0.0027860739213107213,-0.016328150711756098,-0.0911000487066341,-0.14639278356245877,-0.08276562177407838,-0.08623821076969276
2024-06-15,66228.25,0.0027860739213107213,0.8320011619494128,1.0898208393377127,2.064229200426793,3.5811068481585893,48.03,0.4803,-1.583929200426793,0.006751007092293841,-0.020721996006187408,-0.06910650015048919,-0.1565895959459672,-0.02297287051073941,-0.1209503865094283
2024-06-16,66676.87,0.006751007092293841,0.8368031306615978,1.0974263614803306,2.0026428049670733,3.499994667280994,47.9,0.479,-1.5236428049670732,-0.002591057844952401,-0.038734419858322974,-0.09119998360546108,-0.13545519779624485,-0.024794305947588722,-0.14735933624792405
2024-06-17,66504.33,-0.002591057844952401,0.8377401992722426,1.0589787632804455,2.0030140504049507,3.4352935735515184,48.81,0.48810000000000003,-1.5149140504049508,-0.020186188658431685,-0.034298425947151094,-0.07487827067370716,-0.1744577037312762,-0.037010075446665965,-0.12185730006571777
2024-06-18,65175.32,-0.020186188658431685,0.6813873084842536,1.022568888135473,2.03149182903154,3.4552951378050034,50.06,0.5006,-1.5308918290315399,-0.0030879852219766885,-0.030618194978575687,-0.07563094376678874,-0.13904884384453103,-0.018386554121437814,-0.0912391880250764
2024-06-19,64974.37,-0.0030879852219766885,0.6293813635224319,1.0126556823575246,1.4383814401704864,3.4397037476236174,48.6,0.486,-0.9523814401704864,-0.001607771373120505,-0.07477189799487789,-0.06333740477019548,-0.11268817629970931,0.02561218843598378,-0.10620878232010339
2024-06-20,64869.99,-0.001607771373120505,0.46804043434015485,1.009700556919191,1.3953979932510232,3.4398408892392442,48.28,0.4828,-0.9125979932510232,-0.011261416759841722,-0.048384504144301725,-0.03287583958733045,-0.11668003294916905,0.03439428271118929,-0.08744294851103551
2024-06-21,64143.56,-0.011261416759841722,0.47049237850037007,0.9544163252891552,1.3859737292537415,3.403248269933863,47.11,0.4711,-0.9148737292537414,0.001844936066219504,-0.05246556374713817,-0.01957769158677741,-0.11212715423884752,0.06081252821202044,-0.08335238144978722
2024-06-22,64262.01,0.001844936066219504,0.46879873651977494,0.9549859626443261,1.3457086459294794,3.4014451303606412,46.43,0.4643,-0.8814086459294794,-0.016505957689856198,-0.040579844726556166,-0.03365163097273667,-0.10443952113335593,0.049633075316017315,-0.04954016512985961
2024-06-23,63210.01,-0.016505957689856198,0.5500727255324669,1.0014087491428103,1.3725856102368006,3.3590921004405496,48.23,0.48229999999999995,-0.8902856102368006,-0.04724168823827901,-0.04501274878821308,-0.04864780761100306,-0.06547322969711321,0.042222051571656906,-0.04587364976758144
2024-06-24,60293.3,-0.04724168823827901,1.0558068908061837,1.3477896097501707,1.6298602427858038,3.4776806323798963,50.96,0.5096,-1.1202602427858037,0.024779622477455705,0.011434493224682417,-0.05529273485582475,0.008334426932555523,0.0809342321864797,0.06024380268732352
2024-06-25,61806.01,0.024779622477455705,1.0909253044949472,1.2862374136024846,1.6832814180549183,3.503042903480668,48.14,0.4814,-1.2018814180549182,-0.015342476362678105,0.0155086645569713,-0.08748309579547801,0.04613362963974974,0.06261846952637568,0.03733275130176401
2024-06-26,60864.99,-0.015342476362678105,1.1280759875927608,1.2917725552637889,1.6891323717388957,3.5140674424714877,47.05,0.4705,-1.2186323717388958,0.013730655086801458,0.03288787216036076,-0.04425521419078374,0.06640567765787246,0.10949556812681178,0.05365655609785839
2024-06-27,61706.47,0.013730655086801458,1.157767554089256,1.248794441643275,1.684984438215471,3.5223203858449517,47.94,0.4794,-1.205584438215471,-0.020938861751513153,0.0069282137538194625,-0.09957943305756908,0.0378681952270412,0.09559569919402604,0.01810754059293377
2024-06-28,60427.84,-0.020938861751513153,1.2058879318019224,1.294422180856174,1.719100924666254,3.5378233590660653,45.4,0.45399999999999996,-1.2651009246662541,0.009205553774616642,-0.003635058822789916,-0.0634179000777423,0.05724438964535081,0.12172574992296747,-0.016903206156808223
2024-06-29,60986.68,0.009205553774616642,1.2181355554521731,1.3052304343752146,1.7168546286111557,3.403876793738497,43.47,0.4347,-1.2821546286111558,0.028853793809744524,-0.06672722808050727,-0.04935077152951392,0.08894959320617922,0.09081838298400685,-0.03252668522616809
2024-06-30,62772.01,0.028853793809744524,1.2993416892452454,1.4109815125597518,1.7886634829817862,3.3677469910824094,45.44,0.45439999999999997,-1.3342634829817863,0.0020367312407112426,-0.1029917603524493,-0.08380419336183872,0.06727012229851978,0.05298990414643886,-0.05590535266068574
2024-07-01,62899.99,0.0020367312407112426,0.9355235439043205,1.4106496701424913,1.7879395084904997,3.3603562614399847,44.71,0.4471,-1.3408395084904996,-0.012229003319739846,-0.07714308635114459,-0.09254946265207013,0.08039021979879786,0.027101748690713773,-0.06190924051011124
2024-07-02,62135.47,-0.012229003319739846,0.8400408769247344,1.3768757005960524,1.803139700167977,3.148308407630929,42.33,0.4233,-1.379839700167977,-0.0315021343281225,-0.10650764681138844,-0.07078789016061912,0.08328470628875394,0.05050195169379885,-0.05222050215784708
2024-07-03,60208.58,-0.0315021343281225,0.990944538508337,1.501508079293243,1.8783434334782523,3.1908286773564023,45.36,0.4536,-1.4247434334782523,-0.05388661548310068,-0.05978284125495243,-0.016825422086110178,0.09086985918265995,0.021195152896230262,-0.04948178314916784
2024-07-04,57050.01,-0.05388661548310068,1.4046467095590114,1.8202906603003752,2.0889062284396505,3.352607708874554,47.53,0.4753,-1.6136062284396504,-0.007410738462197537,0.017376456550993305,0.06362716178838027,0.13622696704230436,0.06198233225047001,0.03584617991473654
2024-07-05,56628.79,-0.007410738462197537,1.35390129439287,1.8130676818652434,2.088041802564803,3.3459366214954267,48.98,0.48979999999999996,-1.598241802564803,0.027885405242016163,0.019187566990610683,0.1336167254352277,0.1501015653218537,0.026697513894470507,0.015054020597083585
2024-07-06,58230.13,0.027885405242016163,1.4442784637533848,1.8893899841797115,2.1533279430207544,3.378109427136571,48.21,0.48210000000000003,-1.6712279430207544,-0.04159356377998373,-0.015406376300925569,0.11066089184865618,0.15375078231759562,-0.07507059912908877,-0.004461757869907716
2024-07-07,55857.81,-0.04159356377998373,1.5535512941544334,2.0252926823004134,2.261284231870242,3.4530006621239506,50.99,0.5099,-1.751384231870242,0.015222671228313616,0.035719756650769416,0.13744762828461018,0.19517513225159505,0.002935294638388957,0.0057514670833556415
2024-07-08,56714.62,0.015222671228313616,1.5800597618631533,1.8362443062562082,2.2798756564143385,3.416611429999283,51.03,0.5103,-1.7695756564143386,0.023272682322844962,0.04295741916884211,0.12066228972309334,0.18514365000070973,-0.02826253805793167,-0.04973395522524654
2024-07-09,58050.0,0.023272682322844962,1.6247135490512414,1.8290332942227043,2.3209700031249083,3.373247019803635,50.05,0.5005,-1.8204700031249084,-0.0055996280225802065,0.04625070523738702,0.13830036473569307,0.1401691545135208,0.0607521305333847,-0.0693462007885487
2024-07-10,57725.85,-0.0055996280225802065,1.5129172698266122,1.8085601299760845,2.323244571677333,3.374933127845778,48.69,0.4869,-1.836344571677333,-0.006708538049520128,0.11442915844461711,0.15107431566035845,0.13679409750827753,0.05250934924867717,-0.05073924029561185
2024-07-11,57339.89,-0.006708538049520128,1.1160063739719837,1.7940185632877528,2.24224017249287,3.37110429549156,48.54,0.4854,-1.75684017249287,0.009532569171711086,0.12606726814958177,0.1729396824508679,0.11965121134278396,0.06062260084168166,-0.0052087034668517685
2024-07-12,57889.1,0.009532569171711086,1.1218699924070512,1.7583062858393261,2.233642813625276,3.346273127203114,46.32,0.4632,-1.7704428136252761,0.022460333746386348,0.10172787163384088,0.15407259644937316,0.12128984185441788,0.014125073001763393,-0.0043819122755106256
2024-07-13,59204.02,0.022460333746386348,1.0765222290465586,1.801344051116612,2.235014087955546,3.3476600433968686,49.18,0.4918,-1.743214087955546,0.02656596839138983,0.07770487055425113,0.1076952812687702,0.03802057498234048,0.0024060611523175636,-0.032025864808138835
2024-07-14,60797.91,0.02656596839138983,0.8860249130750355,1.7884523393589606,2.282301268488254,3.089795153246913,49.3,0.493,-1.7893012684882543,0.06257882518464983,0.09204965949830612,0.07259980525392404,-0.0016448295379103426,-0.0034725889956142243,-0.04483362191910349
2024-07-15,64724.14,0.06257882518464983,1.4593966958918612,2.1509131937479777,2.5759359058807383,3.300982881370374,54.52,0.5452,-2.0307359058807384,0.004929571655444641,0.03664515721574142,0.01648483988662606,-0.10691921154075722,-0.09797751599868887,-0.06752393192680405
2024-07-16,65043.99,0.004929571655444641,1.3932042158152225,2.140259821478689,2.574428142886473,3.261634324563728,56.49,0.5649000000000001,-2.009528142886473,-0.014806827344029673,0.046872414301286226,0.04308989046893934,-0.18573149097774502,-0.12256503030033539,-0.08083542141381773
2024-07-17,64087.99,-0.014806827344029673,1.4176023727396208,2.0732860759038085,2.5894503636000636,3.273731582104456,58.28,0.5828,-2.0066503636000634,-0.0015626673332034774,0.0523447248155321,0.05772750396698484,-0.13451233364622125,-0.08484722461905185,-0.08048474983850876
2024-07-18,63987.92,-0.0015626673332034774,1.4121123025966558,1.799869823595841,2.5607447124073635,3.2686958459826423,57.1,0.5710000000000001,-1.9897447124073633,0.040910757335444886,0.029990410714519113,0.06448136027761654,-0.1489248277810249,-0.07285263390363865,-0.09456861168604787
2024-07-19,66660.0,0.040910757335444886,1.6036803062852623,1.957136378648813,2.6767199784209175,3.0387120643958028,60.8,0.608,-2.0687199784209174,0.00717432290208512,-0.019449854244382052,0.001868789777827559,-0.07754823420230834,-0.13182097075608717,-0.10004098942233167
2024-07-20,67139.96,0.00717432290208512,1.5512727356948777,1.8882127025686597,2.6800509744578944,3.021557344360966,62.65,0.6265,-2.0535509744578944,0.015156828740989328,-0.020160317329115433,-0.014280218152080902,-0.09856496641168122,-0.12183723122222496,-0.08352365198226959
2024-07-21,68165.34,0.015156828740989328,1.4942219900479699,1.7371642127710722,2.6870495636402163,3.023434890259851,66.0,0.66,-2.027049563640216,-0.009334516829783621,-0.003782523832346691,-0.05328847110808393,-0.11231708160918613,-0.14416490966180767,-0.07962739464534507
2024-07-22,67532.01,-0.009334516829783621,0.9138506761070572,1.7219064359602725,2.6927303233083717,3.0102704785108196,67.63,0.6762999999999999,-2.016430323308372,-0.023916981434216472,0.005382779151452639,-0.03278275459495516,-0.1399475234476097,-0.09917324044587696,-0.06628079275403165
2024-07-23,65936.01,-0.023916981434216472,1.017369815534683,1.7251258877329458,2.712958090548443,3.040416560029461,63.91,0.6391,-2.073858090548443,-0.008529507623456261,0.03449094956309731,-0.06967470628642972,-0.1052892201164525,-0.08809570133923834,-0.040026236358714634
2024-07-24,65376.0,-0.008529507623456261,0.9907434705974895,1.7294996709246757,2.56361027057668,3.037851548449996,61.39,0.6139,-1.9497102705766798,0.006463859817351855,0.021318644022209714,-0.07424463479183442,-0.07607239424953827,-0.02069042949915605,-0.02787576633110176
2024-07-25,65799.95,0.006463859817351855,0.9979637077269696,1.7291595406685265,2.5225437605867294,3.03260009833872,61.81,0.6181,-1.9044437605867293,0.03153462223775808,0.005880099177034412,-0.1234040514273832,-0.11446235588531489,-0.0252857182246116,-0.038102195220200155
2024-07-26,67907.99,0.03153462223775808,0.8648713857102652,1.822029922528054,2.576873478251249,3.081143471533086,60.1,0.601,-1.9758734782512488,-0.00016921384598440523,-0.04950594727573727,-0.22882138144668435,-0.16565492076927477,-0.05583901202895348,-0.05517433107856759
2024-07-27,67896.5,-0.00016921384598440523,0.8539473538582634,1.7707832119352724,2.5634885604489095,3.0676776487402857,55.04,0.5504,-2.0130885604489093,0.005191188977428364,-0.03816553374640776,-0.19223983761320595,-0.1425747285860366,-0.07748815860109212,-0.07243980957574565
2024-07-28,68249.88,0.005191188977428364,0.8094510565035777,1.6993852913385101,2.534024598591796,3.062121593839259,52.65,0.5265,-2.007524598591796,-0.02170181316434392,-0.10416565584952713,-0.21340618805864134,-0.1373339941812551,-0.13862895607977563,-0.046115212861822866
2024-07-29,66784.69,-0.02170181316434392,0.8918020894730394,1.2768844994790267,2.5616895458654065,3.083803357086775,51.73,0.5173,-2.0443895458654064,-0.008974685027823451,-0.09556327881404415,-0.07941702398013603,-0.13368976053391474,-0.12334506821017502,-0.015310815569477252
2024-07-30,66188.0,-0.008974685027823451,0.7848068877075638,1.2848981253602594,2.5075435443187817,3.0801122839934476,50.62,0.5062,-2.0013435443187815,-0.02385142421501373,-0.12928415060441767,-0.0842847482596003,-0.10755701307014398,-0.10889525680712452,-0.004998268588577563
2024-07-31,64628.0,-0.02385142421501373,0.8927553964665252,1.3336359407468221,2.5483142498771696,3.112978188511492,48.73,0.48729999999999996,-2.0610142498771697,0.011171199683345215,-0.1793154341709472,-0.059028610501102176,-0.09087643855372375,-0.08901098920082515,0.014958582309959048
2024-08-01,65354.02,0.011171199683345215,0.9095671430515084,1.3502755087977578,2.5465409356398427,3.120285806654786,49.81,0.49810000000000004,-2.0484409356398428,-0.06080893312569105,-0.15407430386679816,-0.1071647688526544,-0.06639048585092167,-0.10272245385164584,-0.03149785792814072
2024-08-02,61498.33,-0.06080893312569105,1.346853621895978,1.6006302485692028,2.7335545583231924,3.316699349868838,51.4,0.514,-2.2195545583231926,-0.013099436128860992,-0.10924053220911423,-0.03561451383002281,-0.018420995052808652,-0.07067693604539811,-0.01132516972910898
2024-08-03,60697.99,-0.013099436128860992,1.3699038234368108,1.6142684314042455,2.5446173988134753,3.292203963541479,51.45,0.5145000000000001,-2.0301173988134753,-0.04269555681819708,0.016146254833908125,-0.0018277594577038709,0.05355420529267842,-0.026136152335733392,-0.0008028199170235167
2024-08-04,58161.0,-0.04269555681819708,1.5912770539908578,1.7853217288300116,2.668406755700384,3.388261085442726,56.13,0.5613,-2.107106755700384,-0.07388270778154322,0.04499940234481745,0.008941695542068322,0.0981183332027716,-0.011643493297386991,0.04359666325402147
2024-08-05,54018.81,-0.07388270778154322,2.086304863833424,2.2689158097301627,2.9713601318906595,3.669577940796907,63.08,0.6308,-2.3405601318906593,0.03641232998749407,0.12028682366984504,0.06316646067740966,0.172982369417731,0.07060884125918108,0.1391882014456019
2024-08-06,56022.01,0.03641232998749407,2.1925344143777714,2.3287612606757504,2.9464317676329723,3.7141441192583993,61.54,0.6154,-2.3310317676329726,-0.015975161468007117,0.046909535014143654,0.04966510902716948,0.11475167901211386,0.0028161724449665463,0.10232478239259067
2024-08-07,55134.16,-0.015975161468007117,2.166266894874467,2.3430161027507195,2.9478855006422937,3.7266421794435507,60.88,0.6088,-2.3390855006422937,0.11228735091416127,0.07362601837909151,0.07607219387738616,0.07477723197886578,-0.021471417167315,0.130502573681594
2024-08-08,61685.99,0.11228735091416127,3.041257269199299,3.174359488964106,3.618621615736625,4.2989910622472784,56.81,0.5681,-3.050521615736625,-0.013842409307287744,-0.017974014291611985,-0.054272736553778726,-0.043928044230038946,-0.13009833132193338,0.008683938736106143
2024-08-09,60837.99,-0.013842409307287744,2.8230327926384002,3.1278633005817373,3.626694914974467,4.307015364046181,55.02,0.5502,-3.076494914974467,0.001404713543484379,-0.03605770680274908,-0.023272264810543678,-0.024610508547524293,-0.10324858954428912,0.021505159541207637
2024-08-10,60923.51,0.001404713543484379,2.81204589504621,3.12797675843556,3.6245288791020003,4.262024235804539,56.28,0.5628,-3.0617288791020005,-0.036964958668207114,-0.05712036299243533,-0.03184782805262156,-0.02998237869972287,-0.06583130430853354,-0.00473003697870395
2024-08-11,58712.59,-0.036964958668207114,2.7822614432993826,3.2051741608574393,3.6881948257751267,4.311837345231642,57.11,0.5710999999999999,-3.1170948257751268,0.010741321896940523,0.0027555740130256693,0.040774283001732824,0.004442315001008731,-0.01850698527727407,0.027115468856971154
2024-08-12,59346.64,0.010741321896940523,2.4063836106512713,3.184862644835104,3.6688912501420585,4.296050625717616,57.48,0.5748,-3.0940912501420588,0.020687318243458014,0.0024461754982947007,0.017193518777214166,-0.035062422215375366,-0.03443192596045643,0.05241084588747997
2024-08-13,60587.15,0.020687318243458014,2.3372957169283595,3.204708789672243,3.655047370841969,4.309091593740134,56.92,0.5692,-3.085847370841969,-0.031926101818424826,-0.03629872226216673,0.055381964750382165,-0.024308392878029526,-0.04136103292348926,0.04231988964595136
2024-08-14,58683.39,-0.031926101818424826,2.396213030796628,3.2302552761025916,3.5074245676673566,4.351720681418117,55.31,0.5531,-2.9543245676673564,-0.019657942646201854,0.012785441992205352,0.08917663766070334,-0.020585188839455336,0.030453584071884792,0.06891269794441937
2024-08-15,57541.06,-0.019657942646201854,1.1317250588294228,3.245003449341778,3.5262169558456677,4.365992015862991,55.64,0.5564,-2.9698169558456677,0.022910978337253942,0.025272534939813903,0.10981590874032135,0.0074423805817714975,0.04172960888651755,0.13842772882472765
2024-08-16,58874.6,0.022910978337253942,1.1842534947406431,3.0613674212869633,3.5420016740411175,4.387599462628576,53.12,0.5312,-3.0108016740411174,0.010431923382209742,0.03801870898870708,0.06508656998494457,-0.04684893658220275,0.004362474780542968,0.13038881650268627
2024-08-17,59491.99,0.010431923382209742,1.2006070334396215,3.057623156079069,3.547478779223952,4.375159330946306,53.71,0.5371,-3.010378779223952,-0.018057579517003593,0.014747343278919285,-0.0012949618985204784,-0.09754361104470123,-0.02171597778240933,0.12806226352445985
2024-08-18,58427.35,-0.018057579517003593,1.0304057802193631,2.9669369408162076,3.4774597941625003,4.38834324807146,55.32,0.5532,-2.9242597941625004,0.017158062435947308,0.09168068701254901,0.010344692323739689,-0.07582559476815472,0.03177998133375536,0.14318400899511854
2024-08-19,59438.5,0.017158062435947308,1.061640008302328,2.6301637950590107,3.49018558418988,4.400462320913515,53.68,0.5367999999999999,-2.95338558418988,-0.007170849698593443,0.07639119566849797,-0.0013382437369805988,-0.07997632473374536,0.038313579239955306,0.14083993303059159
2024-08-20,59013.8,-0.007170849698593443,0.9948069806351232,2.540195306879379,3.480849444643684,4.397334216742608,54.06,0.5406,-2.940249444643684,0.03565715238614722,0.08454337380050747,0.0018654493528986816,-0.03398347625591191,0.06453751501646256,0.14727982060433287
2024-08-21,61156.03,0.03565715238614722,1.0400375307862075,2.6121858575536754,3.5423977903531796,4.44964927821997,54.68,0.5468,-2.9955977903531794,-0.012839442327577983,0.027067860996237297,-0.03633196800072406,-0.05928126827900691,0.03289244769184515,0.12114155309863386
2024-08-22,60375.84,-0.012839442327577983,1.000399976793054,1.510497177206897,3.521358373085585,4.4452341212552815,53.99,0.5399,-2.9814583730855846,0.05887576421662603,-0.016042305177439795,-0.05225594099258954,-0.051625444737670584,0.048069464980523766,0.10972210937272185
2024-08-23,64037.24,0.05887576421662603,1.4402870176204239,1.864640188597082,3.693051573902598,4.495634276374213,55.43,0.5543,-3.138751573902598,0.0018685710918962383,-0.08133599468880916,-0.0796903576284118,-0.09674299767387148,-0.007185336831945637,0.05156591107378596
2024-08-24,64157.01,0.0018685710918962383,1.4268777023552663,1.8647887886362178,3.6911589107735185,4.4707808186778495,55.14,0.5514,-3.1397589107735184,0.0009813284334161388,-0.07772943940547852,-0.10976182650015869,-0.05872305358881846,-0.012816476995588603,0.03840146720945269
2024-08-25,64220.0,0.0009813284334161388,1.3846709607373613,1.7259923932100056,3.6417080849109293,4.461201037682602,54.2,0.542,-3.0997080849109295,-0.021818360418123024,-0.08267792444760895,-0.10237352815854991,-0.06808629985380374,0.0006646809503857765,0.0601046559286715
2024-08-26,62834.0,-0.021818360418123024,1.4084079332188362,1.763715513789546,3.6654852660021806,4.472947108432146,51.58,0.5158,-3.1496852660021806,-0.05594960850125526,-0.06339982899696153,-0.11193550656714725,-0.06072409520440142,0.005048349025346516,0.059683586883630874
2024-08-27,59415.0,-0.05594960850125526,1.7627890210004666,2.024121058948835,3.816873979575599,4.581463482581694,52.69,0.5268999999999999,-3.289973979575599,-0.006417925294743356,-0.03621363581514966,-0.0962486491461807,-0.02042101588388882,0.09251374321795265,0.12152941975544891
2024-08-28,59034.9,-0.006417925294743356,1.6304559265345926,1.9339246608427247,3.7962689139051236,4.579728266620029,52.91,0.5291,-3.2671689139051234,0.005475126375226921,0.001645637060397543,-0.08617028709189442,0.021435289010015617,0.10803425264069781,0.14169797746871282
2024-08-29,59359.01,0.005475126375226921,1.6152886490204859,1.899988824499231,3.7938371552243977,4.5476339987971715,52.98,0.5297999999999999,-3.264037155224398,-0.003967156608714223,-0.03203238709468013,-0.07863808099676477,0.039651822976935924,0.10389698821854704,0.16435131830869373
2024-08-30,59123.99,-0.003967156608714223,1.16175819870558,1.8504347611806176,3.767134168282832,4.54809909280471,51.96,0.5196000000000001,-3.247534168282832,-0.00254026496747557,-0.019695603710940986,-0.03584892560881063,0.06267206566356395,0.10396957151078405,0.2072054577467857
2024-08-31,58973.99,-0.00254026496747557,1.1622233085535483,1.8403105706439336,3.7613966469662596,4.542353516922528,50.48,0.5047999999999999,-3.2565966469662597,-0.028763415319443375,-0.04853567757018571,-0.022949300278282726,0.06922441569256939,0.07122459592350511,0.20434624904591722
2024-09-01,57301.86,-0.028763415319443375,1.2854526261772232,1.8893655346849236,3.6194490673356956,4.5357173715264425,54.36,0.5436,-3.0758490673356955,0.03144134758080365,-0.060035013331031,0.0006304962549189603,0.10032540597311322,0.0593517663162893,0.2043250526694496
2024-09-02,59132.13,0.03144134758080365,1.3562659535164825,1.9552673073065296,3.6604102347251,4.457990667646638,52.92,0.5292,-3.1312102347251,-0.028202897779850595,-0.08781592415229195,-0.017052640045459727,0.07250502079646617,0.025333332418709942,0.16149490934313893
2024-09-03,57487.73,-0.028202897779850595,0.9935787191017966,2.0235176805779957,3.6088173941688173,4.488202045176093,55.29,0.5529,-3.0559173941688176,0.008369626775024829,-0.04660569390208464,0.05103877291134019,0.09694534950456998,0.055240156551408535,0.187951290584035
2024-09-04,57970.9,0.008369626775024829,0.9988658042517216,1.9120981730222997,3.325165045036235,4.4593389207504845,55.73,0.5573,-2.7678650450362348,-0.03138033882672037,-0.016153321897869652,0.03428722830474616,0.10303820910893582,0.06857936018642086,0.17091354096975647
2024-09-05,56180.0,-0.03138033882672037,1.1602655533814397,1.9888121012347961,3.30638917196597,4.428732269827402,56.79,0.5679,-2.7384891719659703,-0.040262751080288636,0.025586377291903085,0.051211411362745825,0.11698385559249368,0.09950860994762388,0.1887387119887048
2024-09-06,53962.97,-0.040262751080288636,1.3900248896357192,1.811588061913201,3.3809402206814774,4.485619879204966,59.46,0.5946,-2.7863402206814776,0.0036604367595428834,0.06066550958594998,0.07582763326229199,0.1887623923641334,0.1519739908489088,0.2511854014428975
2024-09-07,54160.86,0.0036604367595428834,1.3909365296383038,1.8125858458090764,2.614108526406983,4.464077260275636,58.84,0.5884,-2.025708526406983,0.01300733247035669,0.07076328410683212,0.1076055761019102,0.1942045397325922,0.13878227005803973,0.33312720453156985
2024-09-08,54869.95,0.01300733247035669,1.3017227439220858,1.8294454231241677,2.6125427278361433,4.469708660647937,59.32,0.5932,-2.0193427278361433,0.03882199877924005,0.09764446681342485,0.11828990397370068,0.1825350692153117,0.12475374908549672,0.32389588165327887
2024-09-09,57042.0,0.03882199877924005,1.3725039813597129,1.9295658878401218,2.715652435324204,4.529015096566437,58.82,0.5882000000000001,-2.127452435324204,0.010359360363052208,0.05044055020261573,0.09852099127237456,0.13981849711959468,0.061101267329829456,0.29363073719355925
2024-09-10,57635.99,0.010359360363052208,1.277738388243201,1.6185839674982263,2.629676716704048,4.529677770796704,57.18,0.5718,-2.057876716704048,-0.005183618786241656,0.025625034070842937,0.09217371597085208,0.09417389620178793,0.045622454134245365,0.2854605939868394
2024-09-11,57338.0,-0.005183618786241656,1.2715559034268227,1.6169685557991045,2.623527188854611,4.510394430205449,54.84,0.5484,-2.075127188854611,0.013758211280425158,0.015162123676341831,0.09969490971819438,0.05872127006137032,0.08684277184793629,0.3376775164673969
2024-09-12,58132.32,0.013758211280425158,1.15174641553422,1.6348504396609076,2.6068712844745683,4.489448649546721,53.96,0.5396,-2.067271284474568,0.039888515176949337,0.036842291995077894,0.0895576608419259,0.04238597246416971,0.08368092256944056,0.42195156736613065
2024-09-13,60498.0,0.039888515176949337,1.1469836332471806,1.8021488974953472,2.64659995877712,4.393918346951341,52.51,0.5251,-2.12149995877712,-0.008381917831569096,0.02064543716027585,0.04590657659322984,0.00420138364006824,0.0384591138725346,0.3741810181775457
2024-09-14,59993.03,-0.008381917831569096,1.1559950403952728,1.8085986185167555,2.6247069002975736,4.395826694964576,52.48,0.5247999999999999,-2.0999069002975737,-0.014456155768720775,0.04808044106975883,0.06875098080418951,0.03429213188167465,0.09669811993821004,0.40974150467029896
2024-09-15,59132.0,-0.014456155768720775,1.162259776946612,1.7450873591749017,2.602646913062177,4.3954006430565755,53.21,0.5321,-2.070546913062177,-0.01564652918074257,0.06654868190000926,0.0657724442297478,0.04829719858487822,0.12602634172214322,0.38987131400111064
2024-09-16,58213.99,-0.01564652918074257,0.9434489830228212,1.6654918680122872,2.6121651717118484,4.4054525957441255,53.29,0.5329,-2.079265171711848,0.035438379599161005,0.08453278604185235,0.11293475910184157,0.0761463575866171,0.14977824130686906,0.4470861581566767
2024-09-17,60313.99,0.035438379599161005,1.144255766910512,1.7152074652642741,2.6763379499932127,4.388110235920535,53.12,0.5312,-2.1451379499932126,0.023691660342147144,0.05271536884684789,0.08659896363068217,0.031176693956129604,0.11140402766136309,0.40674574830826865
2024-09-18,61759.99,0.023691660342147144,1.226534278450859,1.766703357033821,2.694476153104009,4.409262653974363,51.59,0.5159,-2.178576153104009,0.01905308607791393,0.025261139432954063,0.064245165241611,0.006463845111796002,0.10252635379063632,0.37495253387470223
2024-09-19,62947.99,0.01905308607791393,1.2521175707162073,1.701269589627752,2.715499102558123,4.414776124818814,51.95,0.5195000000000001,-2.1959991025581234,0.004012085061529829,0.020670539734430816,0.04129750584722014,-0.03741972394254514,0.08274230558787023,0.36264403596314393
2024-09-20,63201.05,0.004012085061529829,0.9964560064954079,1.5193735642749873,2.629779049508905,4.411838613813413,50.15,0.5015,-2.128279049508905,0.0023375749611005414,-0.000776237670261406,0.0020001802309358337,-0.04655126183660673,0.08824910540678874,0.3788401211459672
2024-09-21,63348.96,0.0023375749611005414,0.9845178449832619,1.518420205512609,2.618694633971789,4.38833982021591,51.04,0.5104,-2.1082946339717887,0.0036209624041565595,0.02840197305998902,-0.04097363965682399,-0.01285213787025796,0.061652644392198044,0.3976801657219469
2024-09-22,63578.76,0.0036209624041565595,0.9475142089806922,1.4995435856714183,2.3658248957111025,4.3858587944290806,51.13,0.5113,-1.8545248957111027,-0.0037625690717466927,0.03388359478383414,-0.047171688377756114,-0.005876738272485306,0.0587512479057317,0.43591872041724294
2024-09-23,63339.99,-0.0037625690717466927,0.9019941184370809,1.3052545243215523,2.3666474804078517,4.384709158097442,50.45,0.5045000000000001,-1.8621474804078515,0.01446248637939056,0.03898402580865709,-0.04170519295316162,-0.007447462720695189,0.05121794420504123,0.44551146233688366
2024-09-24,64262.7,0.01446248637939056,0.6569188141855306,1.3194178976120066,2.3826484175168328,4.35190202752786,51.52,0.5152,-1.8674484175168327,-0.017434692343162504,0.020626966112789295,-0.034458848922514884,0.027947139134020485,0.059439974978285647,0.41863965208591836
2024-09-25,63152.01,-0.017434692343162504,0.5810492568685472,1.357204691681568,2.369431803660936,4.36462934365325,49.75,0.4975,-1.871931803660936,0.03151578569135097,0.0027764179011971336,-0.01747524564486965,0.06025389749239545,0.05463523785828452,0.4384022808479737
2024-09-26,65173.99,0.03151578569135097,0.7534256694027753,1.4613174364973807,2.198672436437317,4.404848176578902,52.38,0.5238,-1.674872436437317,0.009102584128001627,-0.06937561271681313,-0.03678840151522452,0.0368434822050277,0.029015676537496277,0.35564665880974833
2024-09-27,65769.95,0.009102584128001627,0.7694268752956676,1.2589449111490267,2.202128297191478,4.388738623337442,51.91,0.5191,-1.6830282971914783,0.0013378619530761801,-0.0810552831615903,-0.05542226967455258,0.024805064030681053,0.03366372482801501,0.3352467625856158
2024-09-28,65858.0,0.0013378619530761801,0.7685548561834797,1.2489803657598848,2.1997910658290767,4.385462472039018,52.6,0.526,-1.6737910658290767,-0.003894573316477157,-0.08068921876181868,-0.05778132012981514,0.03828118854902515,0.060454330090146835,0.37542032731045244
2024-09-29,65602.01,-0.003894573316477157,0.769042995128862,1.2203320468532644,2.1997437244514617,4.362358570212629,54.02,0.5402,-1.6595437244514617,-0.03528524055475455,-0.05508581503530416,-0.07871722978976518,0.041444799740650094,0.10323588623600152,0.37702642038701206
2024-09-30,63327.59,-0.03528524055475455,1.0201482459560034,1.3617253149670814,2.3002086256039442,4.408975443015282,54.21,0.5421,-1.7581086256039442,-0.04063624492665931,-0.020251663546066875,-0.04855144206754246,0.0862489251758528,0.13312165312241214,0.4311209422455717
2024-10-01,60805.78,-0.04063624492665931,1.2518322045633656,1.4137277661604088,2.3646794488326583,4.323438498090237,56.64,0.5664,-1.7982794488326583,-0.002577086316775542,0.03258721120158866,0.02812150178656613,0.10262628404902219,0.14497328635316037,0.4609042317561244
2024-10-02,60649.28,-0.002577086316775542,1.2077083540358204,1.3402155450954156,2.287642717720548,4.31646988758408,56.35,0.5635,-1.724142717720548,0.001703926352847916,0.025633013487037865,0.04129495010527076,0.10592293628348794,0.13616157692442898,0.4715104667796368
2024-10-03,60752.71,0.001703926352847916,1.0474181895081214,1.2902461404815326,2.2235212334065335,4.2388217301350535,57.45,0.5745,-1.6490212334065335,0.02170883041003728,0.022907898632003668,0.03425773023246629,0.09292313715820286,0.13271113403262658,0.4558749131822051
2024-10-04,62086.0,0.02170883041003728,1.1130394448982845,1.3530981199923147,2.256212079634244,4.018359805320862,55.53,0.5553,-1.7009120796342443,-0.00045108906551724495,-0.023631414754460955,0.06240598805653537,0.09389882390080044,0.10233418078333555,0.43426071457704896
2024-10-05,62058.0,-0.00045108906551724495,1.1127793008316669,1.3523883833139883,2.175118928081244,3.957695252011089,55.41,0.5540999999999999,-1.6210189280812441,0.012202629820996201,-0.02829977852147568,0.07772914313726505,0.07211048350315419,0.08923010204108077,0.46287322130944747
2024-10-06,62819.91,0.012202629820996201,1.1345005884038464,1.3705906440091604,2.0478756906964515,3.952790358767738,57.17,0.5717,-1.4761756906964516,-0.009531284031326389,-0.004465709415022563,0.07363188372025221,0.06580407805272089,0.09921141059398872,0.43387824444722967
2024-10-07,62224.0,-0.009531284031326389,0.9304878041653638,1.380764280182389,2.0547658858178997,3.3250001854668683,56.6,0.5660000000000001,-1.4887658858178996,-0.0010211885021863328,0.015661936618233157,0.08022733370523356,0.08908599450256754,0.1943449344735301,0.47183444456605306
2024-10-08,62160.49,-0.0010211885021863328,0.5132855721135042,1.3529766985879186,2.039776672145107,3.3145238537378012,55.63,0.5563,-1.483476672145107,-0.024830482976427176,0.011349831600462892,0.09606250867884027,0.11823565021996184,0.1991421325677823,0.47376908412606045
2024-10-09,60636.02,-0.024830482976427176,0.6971942197406331,1.3945032264027435,1.9584743565161482,3.3481920426722276,56.11,0.5611,-1.3973743565161483,-0.005119452832531935,0.08603740281099634,0.12016202953041526,0.18195311602576666,0.23252946986372974,0.5113158721706931
2024-10-10,60326.39,-0.005119452832531935,0.7032682723008947,1.2616144920448387,1.9509017272647189,3.274326981811659,54.97,0.5497,-1.401201727264719,0.03603669892744918,0.10602892165874067,0.13480036724339534,0.18167309518995461,0.23983813985259408,0.4777874774506427
2024-10-11,62540.0,0.03603669892744918,0.892511311546175,1.4266861067303327,2.066449847924152,3.339627207435753,57.51,0.5751,-1.4913498479241523,0.010596362001929363,0.07809759313527477,0.07450478226245616,0.11685178456659433,0.25083474461946054,0.4346999227950355
2024-10-12,63206.22,0.010596362001929363,0.9151422974317454,1.4407509142485617,2.059637824994974,3.322331389847815,56.84,0.5684,-1.491237824994974,-0.0053332935199566596,0.06456539708700061,0.06462798617821697,0.0948666268191581,0.33827064479669006,0.4699546613470312
2024-10-13,62870.02,-0.0053332935199566596,0.8907959744265744,1.442431645917152,1.916178712349961,3.2674504127013484,57.14,0.5714,-1.344778712349961,0.04985708823410627,0.0847126770783776,0.05866540692573645,0.0984534038001601,0.335721904305011,0.4641436645562447
2024-10-14,66083.99,0.04985708823410627,1.2913752674173489,1.5916838992079143,2.1338670046185584,3.38267271633977,57.85,0.5785,-1.5553670046185584,0.014872066015212413,0.03412462671941891,0.03149283584426504,0.039928192726800274,0.31304338473208887,0.4283857056928249
2024-10-15,67074.14,0.014872066015212413,1.3221193390472095,1.418260069670763,2.134909981662461,3.366245918508344,58.15,0.5815,-1.553409981662461,0.008105370403983361,0.028771445584654748,-0.0056186596341109615,0.011500958903815573,0.26384497227896736,0.4134717356058863
2024-10-16,67620.01,0.008105370403983361,1.2437592851677015,1.4258390300032548,2.119543106663655,3.3639069346980763,57.44,0.5744,-1.545143106663655,-0.0029358340463448997,-0.0035928108728186764,-0.007827805667531289,0.025579526873736547,0.29730791684980745,0.43493847355254556
2024-10-17,67421.78,-0.0029358340463448997,1.2411756232659523,1.4265704296019566,2.0092817664842646,3.3466398132604587,56.4,0.564,-1.4452817664842645,0.014813986471420449,6.258909121650658e-05,0.008858660797334115,0.11411760076829651,0.29534172064690545,0.4530242261526341
2024-10-18,68428.0,0.014813986471420449,1.0708000605291244,1.393983217570086,1.977989233388281,3.342550395588096,55.18,0.5518,-1.426189233388281,-0.0007309621248523259,-0.02604727015264098,0.022173141541121436,0.10307962388894194,0.27242618008406577,0.43891789936302356
2024-10-19,68378.0,-0.0007309621248523259,1.0515819212889073,1.3940265283452544,1.9442566950985258,3.33977087124692,54.7,0.547,-1.397256695098526,0.00951888488044817,-0.002631790875153724,0.061791086495351394,0.11236744033331446,0.2799017303752739,0.38215707234487384
2024-10-20,69031.99,0.00951888488044817,1.0623157801636256,1.386373789726004,1.951238350783172,3.274609740229054,56.66,0.5666,-1.384638350783172,-0.02425888605349007,-0.03439010521876568,0.04687272794655914,0.10503777260919858,0.2905910157391785,0.34489110164032627
2024-10-21,67377.5,-0.02425888605349007,0.6603209736527447,1.4504047261171404,2.0050278787475753,3.2981355915952943,55.69,0.5569,-1.4481278787475753,0.0007195659176902162,-0.004234994794712652,0.042347002304138265,0.17632996235700454,0.33602752132974884,0.37266906492355995
2024-10-22,67426.0,0.0007195659176902162,0.5962236822712744,1.450338659066822,2.0038812671620096,3.1004302233801795,55.77,0.5577000000000001,-1.4461812671620096,-0.01129587277243706,0.008796071706117589,0.030238640640941075,0.27364265861847303,0.3771674725115112,0.36668596288015937
2024-10-23,66668.65,-0.01129587277243706,0.6148789102681582,1.3874484616494516,2.0141861050069054,3.107726815877438,56.29,0.5629,-1.4512861050069055,0.02268451715263484,0.04822041169376248,0.0397879968744236,0.2770564973792745,0.3942935181318423,0.3561008812697476
2024-10-24,68198.28,0.02268451715263484,0.7501696249257515,1.450265973520329,2.04167219573967,3.1377442273633323,57.3,0.573,-1.46867219573967,-0.022239429463163648,0.06442287737050514,0.008435356882535066,0.2815505488878238,0.3591996771076326,0.3302090837939943
2024-10-25,66698.33,-0.022239429463163648,0.8143585489582447,1.345285328802241,2.0586410602030276,3.1388230416756153,58.08,0.5808,-1.4778410602030276,0.005896224370562871,0.08126283316532491,0.017119618537926578,0.2694636319130784,0.38376704298968933,0.39153596625594334
2024-10-26,67092.76,0.005896224370562871,0.8219940500237192,1.3347279705827948,1.9718412906202205,2.9533571673849446,55.36,0.5536,-1.4182412906202204,0.013750632418520554,0.04658199709885094,0.033407332541267945,0.3051357225173389,0.326630982272252,0.3933737165557466
2024-10-27,68021.7,0.013750632418520554,0.8435733708470428,1.3565142272703572,1.9816481567478166,2.9624818065995706,57.18,0.5718,-1.4098481567478167,0.02812846721520796,0.02144256893482346,0.1052589399709624,0.2864830598495714,0.3015830377576007,0.34234822654427177
2024-10-28,69962.21,0.02812846721520796,0.886345180555713,1.1052744307818072,2.05306307908114,3.009011256208184,57.78,0.5778,-1.4752630790811403,0.03888698282937757,-0.008432414819338962,0.08090648234782044,0.2502530385429443,0.3149659972203056,0.29851566413508573
2024-10-29,72736.42,0.03888698282937757,1.1564475147766615,1.301097050082827,2.182082459248313,3.0984441760701054,59.83,0.5982999999999999,-1.583782459248313,-0.005399473668343945,-0.05598752048797006,0.050576353837963085,0.21811064387992232,0.27379053415101035,0.2701875886996118
2024-10-30,72344.74,-0.005399473668343945,1.1408064555469508,1.295961204400099,2.0779034123109223,3.0997810103612418,59.11,0.5911,-1.4868034123109224,-0.02878461169591104,-0.06414321462739828,0.05816504466263938,0.24371828779261936,0.2979992891231596,0.2590630419697793
2024-10-31,70292.01,-0.02878461169591104,1.189973596560364,1.4066952856507517,2.0043399529484205,3.0998528259768725,58.23,0.5822999999999999,-1.4220399529484204,-0.011388795745506882,-0.013174664557582996,0.13398296005286617,0.29368051902561054,0.31593094540296396,0.27770283142269564
2024-11-01,69496.01,-0.011388795745506882,1.132631097571553,1.395002885103654,2.015514016208291,3.0488696189689595,59.77,0.5977,-1.417814016208291,-0.0017465165389545408,0.08381637103613904,0.24340401797753197,0.3469288318705701,0.3353488898552079,0.29750459949762326
