state,price_index,kind,is_active,instrument_name,maker_commission,taker_commission,instrument_type,expiration_timestamp,creation_timestamp,instrument_id,tick_size,contract_size,strike,option_type,min_trade_amount,block_trade_commission,block_trade_min_trade_amount,block_trade_tick_size,settlement_currency,settlement_period,base_currency,counter_currency,quote_currency,tick_size_steps,expiration
open,btc_usd,option,True,BTC-27MAR26-20000-C,0.0003,0.0003,reversed,1774598400000,1743062460000,448310,0.0001,1.0,20000.0,call,0.1,0.0003,25,0.0001,BTC,month,BTC,USD,BTC,"[{'tick_size': 0.0005, 'above_price': 0.005}]",2026-03-27 08:00:00
open,btc_usd,option,True,BTC-27MAR26-20000-P,0.0003,0.0003,reversed,1774598400000,1743062460000,448311,0.0001,1.0,20000.0,put,0.1,0.0003,25,0.0001,BTC,month,BTC,USD,BTC,"[{'tick_size': 0.0005, 'above_price': 0.005}]",2026-03-27 08:00:00
open,btc_usd,option,True,BTC-27MAR26-30000-C,0.0003,0.0003,reversed,1774598400000,1743062460000,448312,0.0001,1.0,30000.0,call,0.1,0.0003,25,0.0001,BTC,month,BTC,USD,BTC,"[{'tick_size': 0.0005, 'above_price': 0.005}]",2026-03-27 08:00:00
open,btc_usd,option,True,BTC-27MAR26-30000-P,0.0003,0.0003,reversed,1774598400000,1743062460000,448313,0.0001,1.0,30000.0,put,0.1,0.0003,25,0.0001,BTC,month,BTC,USD,BTC,"[{'tick_size': 0.0005, 'above_price': 0.005}]",2026-03-27 08:00:00
open,btc_usd,option,True,BTC-27MAR26-40000-C,0.0003,0.0003,reversed,1774598400000,1743062460000,448314,0.0001,1.0,40000.0,call,0.1,0.0003,25,0.0001,BTC,month,BTC,USD,BTC,"[{'tick_size': 0.0005, 'above_price': 0.005}]",2026-03-27 08:00:00
open,btc_usd,option,True,BTC-27MAR26-40000-P,0.0003,0.0003,reversed,1774598400000,1743062460000,448315,0.0001,1.0,40000.0,put,0.1,0.0003,25,0.0001,BTC,month,BTC,USD,BTC,"[{'tick_size': 0.0005, 'above_price': 0.005}]",2026-03-27 08:00:00
open,btc_usd,option,True,BTC-27MAR26-45000-C,0.0003,0.0003,reversed,1774598400000,1771927125000,593365,0.0001,1.0,45000.0,call,0.1,0.0003,25,0.0001,BTC,month,BTC,USD,BTC,"[{'tick_size': 0.0005, 'above_price': 0.005}]",2026-03-27 08:00:00
open,btc_usd,option,True,BTC-27MAR26-45000-P,0.0003,0.0003,reversed,1774598400000,1771927125000,593366,0.0001,1.0,45000.0,put,0.1,0.0003,25,0.0001,BTC,month,BTC,USD,BTC,"[{'tick_size': 0.0005, 'above_price': 0.005}]",2026-03-27 08:00:00
open,btc_usd,option,True,BTC-27MAR26-50000-C,0.0003,0.0003,reversed,1774598400000,1743062460000,448316,0.0001,1.0,50000.0,call,0.1,0.0003,25,0.0001,BTC,month,BTC,USD,BTC,"[{'tick_size': 0.0005, 'above_price': 0.005}]",2026-03-27 08:00:00
open,btc_usd,option,True,BTC-27MAR26-50000-P,0.0003,0.0003,reversed,1774598400000,1743062460000,448317,0.0001,1.0,50000.0,put,0.1,0.0003,25,0.0001,BTC,month,BTC,USD,BTC,"[{'tick_size': 0.0005, 'above_price': 0.005}]",2026-03-27 08:00:00
open,btc_usd,option,True,BTC-27MAR26-51000-C,0.0003,0.0003,reversed,1774598400000,1771927125000,593367,0.0001,1.0,51000.0,call,0.1,0.0003,25,0.0001,BTC,month,BTC,USD,BTC,"[{'tick_size': 0.0005, 'above_price': 0.005}]",2026-03-27 08:00:00
open,btc_usd,option,True,BTC-27MAR26-51000-P,0.0003,0.0003,reversed,1774598400000,1771927125000,593368,0.0001,1.0,51000.0,put,0.1,0.0003,25,0.0001,BTC,month,BTC,USD,BTC,"[{'tick_size': 0.0005, 'above_price': 0.005}]",2026-03-27 08:00:00
open,btc_usd,option,True,BTC-27MAR26-52000-C,0.0003,0.0003,reversed,1774598400000,1771927125000,593369,0.0001,1.0,52000.0,call,0.1,0.0003,25,0.0001,BTC,month,BTC,USD,BTC,"[{'tick_size': 0.0005, 'above_price': 0.005}]",2026-03-27 08:00:00
open,btc_usd,option,True,BTC-27MAR26-52000-P,0.0003,0.0003,reversed,1774598400000,1771927125000,593370,0.0001,1.0,52000.0,put,0.1,0.0003,25,0.0001,BTC,month,BTC,USD,BTC,"[{'tick_size': 0.0005, 'above_price': 0.005}]",2026-03-27 08:00:00
open,btc_usd,option,True,BTC-27MAR26-53000-C,0.0003,0.0003,reversed,1774598400000,1771927125000,593371,0.0001,1.0,53000.0,call,0.1,0.0003,25,0.0001,BTC,month,BTC,USD,BTC,"[{'tick_size': 0.0005, 'above_price': 0.005}]",2026-03-27 08:00:00
open,btc_usd,option,True,BTC-27MAR26-53000-P,0.0003,0.0003,reversed,1774598400000,1771927125000,593372,0.0001,1.0,53000.0,put,0.1,0.0003,25,0.0001,BTC,month,BTC,USD,BTC,"[{'tick_size': 0.0005, 'above_price': 0.005}]",2026-03-27 08:00:00
open,btc_usd,option,True,BTC-27MAR26-54000-C,0.0003,0.0003,reversed,1774598400000,1771927125000,593373,0.0001,1.0,54000.0,call,0.1,0.0003,25,0.0001,BTC,month,BTC,USD,BTC,"[{'tick_size': 0.0005, 'above_price': 0.005}]",2026-03-27 08:00:00
open,btc_usd,option,True,BTC-27MAR26-54000-P,0.0003,0.0003,reversed,1774598400000,1771927125000,593374,0.0001,1.0,54000.0,put,0.1,0.0003,25,0.0001,BTC,month,BTC,USD,BTC,"[{'tick_size': 0.0005, 'above_price': 0.005}]",2026-03-27 08:00:00
open,btc_usd,option,True,BTC-27MAR26-55000-C,0.0003,0.0003,reversed,1774598400000,1764948163000,560431,0.0001,1.0,55000.0,call,0.1,0.0003,25,0.0001,BTC,month,BTC,USD,BTC,"[{'tick_size': 0.0005, 'above_price': 0.005}]",2026-03-27 08:00:00
open,btc_usd,option,True,BTC-27MAR26-55000-P,0.0003,0.0003,reversed,1774598400000,1764948163000,560432,0.0001,1.0,55000.0,put,0.1,0.0003,25,0.0001,BTC,month,BTC,USD,BTC,"[{'tick_size': 0.0005, 'above_price': 0.005}]",2026-03-27 08:00:00
open,btc_usd,option,True,BTC-27MAR26-56000-C,0.0003,0.0003,reversed,1774598400000,1771927125000,593375,0.0001,1.0,56000.0,call,0.1,0.0003,25,0.0001,BTC,month,BTC,USD,BTC,"[{'tick_size': 0.0005, 'above_price': 0.005}]",2026-03-27 08:00:00
open,btc_usd,option,True,BTC-27MAR26-56000-P,0.0003,0.0003,reversed,1774598400000,1771927125000,593376,0.0001,1.0,56000.0,put,0.1,0.0003,25,0.0001,BTC,month,BTC,USD,BTC,"[{'tick_size': 0.0005, 'above_price': 0.005}]",2026-03-27 08:00:00
open,btc_usd,option,True,BTC-27MAR26-57000-C,0.0003,0.0003,reversed,1774598400000,1771927125000,593377,0.0001,1.0,57000.0,call,0.1,0.0003,25,0.0001,BTC,month,BTC,USD,BTC,"[{'tick_size': 0.0005, 'above_price': 0.005}]",2026-03-27 08:00:00
open,btc_usd,option,True,BTC-27MAR26-57000-P,0.0003,0.0003,reversed,1774598400000,1771927125000,593378,0.0001,1.0,57000.0,put,0.1,0.0003,25,0.0001,BTC,month,BTC,USD,BTC,"[{'tick_size': 0.0005, 'above_price': 0.005}]",2026-03-27 08:00:00
open,btc_usd,option,True,BTC-27MAR26-58000-C,0.0003,0.0003,reversed,1774598400000,1770329228000,586293,0.0001,1.0,58000.0,call,0.1,0.0003,25,0.0001,BTC,month,BTC,USD,BTC,"[{'tick_size': 0.0005, 'above_price': 0.005}]",2026-03-27 08:00:00
open,btc_usd,option,True,BTC-27MAR26-58000-P,0.0003,0.0003,reversed,1774598400000,1770329228000,586294,0.0001,1.0,58000.0,put,0.1,0.0003,25,0.0001,BTC,month,BTC,USD,BTC,"[{'tick_size': 0.0005, 'above_price': 0.005}]",2026-03-27 08:00:00
open,btc_usd,option,True,BTC-27MAR26-59000-C,0.0003,0.0003,reversed,1774598400000,1771927125000,593379,0.0001,1.0,59000.0,call,0.1,0.0003,25,0.0001,BTC,month,BTC,USD,BTC,"[{'tick_size': 0.0005, 'above_price': 0.005}]",2026-03-27 08:00:00
open,btc_usd,option,True,BTC-27MAR26-59000-P,0.0003,0.0003,reversed,1774598400000,1771927125000,593380,0.0001,1.0,59000.0,put,0.1,0.0003,25,0.0001,BTC,month,BTC,USD,BTC,"[{'tick_size': 0.0005, 'above_price': 0.005}]",2026-03-27 08:00:00
open,btc_usd,option,True,BTC-27MAR26-60000-C,0.0003,0.0003,reversed,1774598400000,1743062460000,448318,0.0001,1.0,60000.0,call,0.1,0.0003,25,0.0001,BTC,month,BTC,USD,BTC,"[{'tick_size': 0.0005, 'above_price': 0.005}]",2026-03-27 08:00:00
open,btc_usd,option,True,BTC-27MAR26-60000-P,0.0003,0.0003,reversed,1774598400000,1743062460000,448319,0.0001,1.0,60000.0,put,0.1,0.0003,25,0.0001,BTC,month,BTC,USD,BTC,"[{'tick_size': 0.0005, 'above_price': 0.005}]",2026-03-27 08:00:00
open,btc_usd,option,True,BTC-27MAR26-62000-C,0.0003,0.0003,reversed,1774598400000,1770298046000,585711,0.0001,1.0,62000.0,call,0.1,0.0003,25,0.0001,BTC,month,BTC,USD,BTC,"[{'tick_size': 0.0005, 'above_price': 0.005}]",2026-03-27 08:00:00
open,btc_usd,option,True,BTC-27MAR26-62000-P,0.0003,0.0003,reversed,1774598400000,1770298046000,585712,0.0001,1.0,62000.0,put,0.1,0.0003,25,0.0001,BTC,month,BTC,USD,BTC,"[{'tick_size': 0.0005, 'above_price': 0.005}]",2026-03-27 08:00:00
open,btc_usd,option,True,BTC-27MAR26-64000-C,0.0003,0.0003,reversed,1774598400000,1770318840000,586126,0.0001,1.0,64000.0,call,0.1,0.0003,25,0.0001,BTC,month,BTC,USD,BTC,"[{'tick_size': 0.0005, 'above_price': 0.005}]",2026-03-27 08:00:00
open,btc_usd,option,True,BTC-27MAR26-64000-P,0.0003,0.0003,reversed,1774598400000,1770318840000,586127,0.0001,1.0,64000.0,put,0.1,0.0003,25,0.0001,BTC,month,BTC,USD,BTC,"[{'tick_size': 0.0005, 'above_price': 0.005}]",2026-03-27 08:00:00
open,btc_usd,option,True,BTC-27MAR26-65000-C,0.0003,0.0003,reversed,1774598400000,1743975960000,451787,0.0001,1.0,65000.0,call,0.1,0.0003,25,0.0001,BTC,month,BTC,USD,BTC,"[{'tick_size': 0.0005, 'above_price': 0.005}]",2026-03-27 08:00:00
open,btc_usd,option,True,BTC-27MAR26-65000-P,0.0003,0.0003,reversed,1774598400000,1743975960000,451788,0.0001,1.0,65000.0,put,0.1,0.0003,25,0.0001,BTC,month,BTC,USD,BTC,"[{'tick_size': 0.0005, 'above_price': 0.005}]",2026-03-27 08:00:00
open,btc_usd,option,True,BTC-27MAR26-66000-C,0.0003,0.0003,reversed,1774598400000,1770298046000,585713,0.0001,1.0,66000.0,call,0.1,0.0003,25,0.0001,BTC,month,BTC,USD,BTC,"[{'tick_size': 0.0005, 'above_price': 0.005}]",2026-03-27 08:00:00
open,btc_usd,option,True,BTC-27MAR26-66000-P,0.0003,0.0003,reversed,1774598400000,1770298046000,585714,0.0001,1.0,66000.0,put,0.1,0.0003,25,0.0001,BTC,month,BTC,USD,BTC,"[{'tick_size': 0.0005, 'above_price': 0.005}]",2026-03-27 08:00:00
open,btc_usd,option,True,BTC-27MAR26-67000-C,0.0003,0.0003,reversed,1774598400000,1772094164000,594864,0.0001,1.0,67000.0,call,0.1,0.0003,25,0.0001,BTC,month,BTC,USD,BTC,"[{'tick_size': 0.0005, 'above_price': 0.005}]",2026-03-27 08:00:00
open,btc_usd,option,True,BTC-27MAR26-67000-P,0.0003,0.0003,reversed,1774598400000,1772094164000,594865,0.0001,1.0,67000.0,put,0.1,0.0003,25,0.0001,BTC,month,BTC,USD,BTC,"[{'tick_size': 0.0005, 'above_price': 0.005}]",2026-03-27 08:00:00
open,btc_usd,option,True,BTC-27MAR26-68000-C,0.0003,0.0003,reversed,1774598400000,1770256800000,584641,0.0001,1.0,68000.0,call,0.1,0.0003,25,0.0001,BTC,month,BTC,USD,BTC,"[{'tick_size': 0.0005, 'above_price': 0.005}]",2026-03-27 08:00:00
open,btc_usd,option,True,BTC-27MAR26-68000-P,0.0003,0.0003,reversed,1774598400000,1770256800000,584642,0.0001,1.0,68000.0,put,0.1,0.0003,25,0.0001,BTC,month,BTC,USD,BTC,"[{'tick_size': 0.0005, 'above_price': 0.005}]",2026-03-27 08:00:00
open,btc_usd,option,True,BTC-27MAR26-69000-C,0.0003,0.0003,reversed,1774598400000,1772094164000,594866,0.0001,1.0,69000.0,call,0.1,0.0003,25,0.0001,BTC,month,BTC,USD,BTC,"[{'tick_size': 0.0005, 'above_price': 0.005}]",2026-03-27 08:00:00
open,btc_usd,option,True,BTC-27MAR26-69000-P,0.0003,0.0003,reversed,1774598400000,1772094164000,594867,0.0001,1.0,69000.0,put,0.1,0.0003,25,0.0001,BTC,month,BTC,USD,BTC,"[{'tick_size': 0.0005, 'above_price': 0.005}]",2026-03-27 08:00:00
open,btc_usd,option,True,BTC-27MAR26-70000-C,0.0003,0.0003,reversed,1774598400000,1743062460000,448320,0.0001,1.0,70000.0,call,0.1,0.0003,25,0.0001,BTC,month,BTC,USD,BTC,"[{'tick_size': 0.0005, 'above_price': 0.005}]",2026-03-27 08:00:00
open,btc_usd,option,True,BTC-27MAR26-70000-P,0.0003,0.0003,reversed,1774598400000,1743062460000,448321,0.0001,1.0,70000.0,put,0.1,0.0003,25,0.0001,BTC,month,BTC,USD,BTC,"[{'tick_size': 0.0005, 'above_price': 0.005}]",2026-03-27 08:00:00
open,btc_usd,option,True,BTC-27MAR26-71000-C,0.0003,0.0003,reversed,1774598400000,1772094164000,594868,0.0001,1.0,71000.0,call,0.1,0.0003,25,0.0001,BTC,month,BTC,USD,BTC,"[{'tick_size': 0.0005, 'above_price': 0.005}]",2026-03-27 08:00:00
open,btc_usd,option,True,BTC-27MAR26-71000-P,0.0003,0.0003,reversed,1774598400000,1772094164000,594869,0.0001,1.0,71000.0,put,0.1,0.0003,25,0.0001,BTC,month,BTC,USD,BTC,"[{'tick_size': 0.0005, 'above_price': 0.005}]",2026-03-27 08:00:00
open,btc_usd,option,True,BTC-27MAR26-72000-C,0.0003,0.0003,reversed,1774598400000,1770009420000,583376,0.0001,1.0,72000.0,call,0.1,0.0003,25,0.0001,BTC,month,BTC,USD,BTC,"[{'tick_size': 0.0005, 'above_price': 0.005}]",2026-03-27 08:00:00
open,btc_usd,option,True,BTC-27MAR26-72000-P,0.0003,0.0003,reversed,1774598400000,1770009420000,583377,0.0001,1.0,72000.0,put,0.1,0.0003,25,0.0001,BTC,month,BTC,USD,BTC,"[{'tick_size': 0.0005, 'above_price': 0.005}]",2026-03-27 08:00:00
open,btc_usd,option,True,BTC-27MAR26-73000-C,0.0003,0.0003,reversed,1774598400000,1772784029000,598703,0.0001,1.0,73000.0,call,0.1,0.0003,25,0.0001,BTC,month,BTC,USD,BTC,"[{'tick_size': 0.0005, 'above_price': 0.005}]",2026-03-27 08:00:00
open,btc_usd,option,True,BTC-27MAR26-73000-P,0.0003,0.0003,reversed,1774598400000,1772784029000,598704,0.0001,1.0,73000.0,put,0.1,0.0003,25,0.0001,BTC,month,BTC,USD,BTC,"[{'tick_size': 0.0005, 'above_price': 0.005}]",2026-03-27 08:00:00
open,btc_usd,option,True,BTC-27MAR26-74000-C,0.0003,0.0003,reversed,1774598400000,1769894040000,582786,0.0001,1.0,74000.0,call,0.1,0.0003,25,0.0001,BTC,month,BTC,USD,BTC,"[{'tick_size': 0.0005, 'above_price': 0.005}]",2026-03-27 08:00:00
open,btc_usd,option,True,BTC-27MAR26-74000-P,0.0003,0.0003,reversed,1774598400000,1769894040000,582787,0.0001,1.0,74000.0,put,0.1,0.0003,25,0.0001,BTC,month,BTC,USD,BTC,"[{'tick_size': 0.0005, 'above_price': 0.005}]",2026-03-27 08:00:00
open,btc_usd,option,True,BTC-27MAR26-75000-C,0.0003,0.0003,reversed,1774598400000,1743062460000,448322,0.0001,1.0,75000.0,call,0.1,0.0003,25,0.0001,BTC,month,BTC,USD,BTC,"[{'tick_size': 0.0005, 'above_price': 0.005}]",2026-03-27 08:00:00
open,btc_usd,option,True,BTC-27MAR26-75000-P,0.0003,0.0003,reversed,1774598400000,1743062460000,448323,0.0001,1.0,75000.0,put,0.1,0.0003,25,0.0001,BTC,month,BTC,USD,BTC,"[{'tick_size': 0.0005, 'above_price': 0.005}]",2026-03-27 08:00:00
open,btc_usd,option,True,BTC-27MAR26-76000-C,0.0003,0.0003,reversed,1774598400000,1769884680000,582650,0.0001,1.0,76000.0,call,0.1,0.0003,25,0.0001,BTC,month,BTC,USD,BTC,"[{'tick_size': 0.0005, 'above_price': 0.005}]",2026-03-27 08:00:00
open,btc_usd,option,True,BTC-27MAR26-76000-P,0.0003,0.0003,reversed,1774598400000,1769884680000,582651,0.0001,1.0,76000.0,put,0.1,0.0003,25,0.0001,BTC,month,BTC,USD,BTC,"[{'tick_size': 0.0005, 'above_price': 0.005}]",2026-03-27 08:00:00
open,btc_usd,option,True,BTC-27MAR26-77000-C,0.0003,0.0003,reversed,1774598400000,1772784029000,598705,0.0001,1.0,77000.0,call,0.1,0.0003,25,0.0001,BTC,month,BTC,USD,BTC,"[{'tick_size': 0.0005, 'above_price': 0.005}]",2026-03-27 08:00:00
open,btc_usd,option,True,BTC-27MAR26-77000-P,0.0003,0.0003,reversed,1774598400000,1772784029000,598706,0.0001,1.0,77000.0,put,0.1,0.0003,25,0.0001,BTC,month,BTC,USD,BTC,"[{'tick_size': 0.0005, 'above_price': 0.005}]",2026-03-27 08:00:00
open,btc_usd,option,True,BTC-27MAR26-78000-C,0.0003,0.0003,reversed,1774598400000,1769522625000,580006,0.0001,1.0,78000.0,call,0.1,0.0003,25,0.0001,BTC,month,BTC,USD,BTC,"[{'tick_size': 0.0005, 'above_price': 0.005}]",2026-03-27 08:00:00
open,btc_usd,option,True,BTC-27MAR26-78000-P,0.0003,0.0003,reversed,1774598400000,1769522625000,580007,0.0001,1.0,78000.0,put,0.1,0.0003,25,0.0001,BTC,month,BTC,USD,BTC,"[{'tick_size': 0.0005, 'above_price': 0.005}]",2026-03-27 08:00:00
open,btc_usd,option,True,BTC-27MAR26-79000-C,0.0003,0.0003,reversed,1774598400000,1773694920000,602695,0.0001,1.0,79000.0,call,0.1,0.0003,25,0.0001,BTC,month,BTC,USD,BTC,"[{'tick_size': 0.0005, 'above_price': 0.005}]",2026-03-27 08:00:00
open,btc_usd,option,True,BTC-27MAR26-79000-P,0.0003,0.0003,reversed,1774598400000,1773694920000,602696,0.0001,1.0,79000.0,put,0.1,0.0003,25,0.0001,BTC,month,BTC,USD,BTC,"[{'tick_size': 0.0005, 'above_price': 0.005}]",2026-03-27 08:00:00
open,btc_usd,option,True,BTC-27MAR26-80000-C,0.0003,0.0003,reversed,1774598400000,1743062460000,448324,0.0001,1.0,80000.0,call,0.1,0.0003,25,0.0001,BTC,month,BTC,USD,BTC,"[{'tick_size': 0.0005, 'above_price': 0.005}]",2026-03-27 08:00:00
open,btc_usd,option,True,BTC-27MAR26-80000-P,0.0003,0.0003,reversed,1774598400000,1743062460000,448325,0.0001,1.0,80000.0,put,0.1,0.0003,25,0.0001,BTC,month,BTC,USD,BTC,"[{'tick_size': 0.0005, 'above_price': 0.005}]",2026-03-27 08:00:00
open,btc_usd,option,True,BTC-27MAR26-82000-C,0.0003,0.0003,reversed,1774598400000,1766822410000,567961,0.0001,1.0,82000.0,call,0.1,0.0003,25,0.0001,BTC,month,BTC,USD,BTC,"[{'tick_size': 0.0005, 'above_price': 0.005}]",2026-03-27 08:00:00
open,btc_usd,option,True,BTC-27MAR26-82000-P,0.0003,0.0003,reversed,1774598400000,1766822410000,567962,0.0001,1.0,82000.0,put,0.1,0.0003,25,0.0001,BTC,month,BTC,USD,BTC,"[{'tick_size': 0.0005, 'above_price': 0.005}]",2026-03-27 08:00:00
open,btc_usd,option,True,BTC-27MAR26-84000-C,0.0003,0.0003,reversed,1774598400000,1766822410000,567963,0.0001,1.0,84000.0,call,0.1,0.0003,25,0.0001,BTC,month,BTC,USD,BTC,"[{'tick_size': 0.0005, 'above_price': 0.005}]",2026-03-27 08:00:00
open,btc_usd,option,True,BTC-27MAR26-84000-P,0.0003,0.0003,reversed,1774598400000,1766822410000,567964,0.0001,1.0,84000.0,put,0.1,0.0003,25,0.0001,BTC,month,BTC,USD,BTC,"[{'tick_size': 0.0005, 'above_price': 0.005}]",2026-03-27 08:00:00
open,btc_usd,option,True,BTC-27MAR26-85000-C,0.0003,0.0003,reversed,1774598400000,1743062460000,448326,0.0001,1.0,85000.0,call,0.1,0.0003,25,0.0001,BTC,month,BTC,USD,BTC,"[{'tick_size': 0.0005, 'above_price': 0.005}]",2026-03-27 08:00:00
open,btc_usd,option,True,BTC-27MAR26-85000-P,0.0003,0.0003,reversed,1774598400000,1743062460000,448327,0.0001,1.0,85000.0,put,0.1,0.0003,25,0.0001,BTC,month,BTC,USD,BTC,"[{'tick_size': 0.0005, 'above_price': 0.005}]",2026-03-27 08:00:00
open,btc_usd,option,True,BTC-27MAR26-86000-C,0.0003,0.0003,reversed,1774598400000,1766822410000,567965,0.0001,1.0,86000.0,call,0.1,0.0003,25,0.0001,BTC,month,BTC,USD,BTC,"[{'tick_size': 0.0005, 'above_price': 0.005}]",2026-03-27 08:00:00
open,btc_usd,option,True,BTC-27MAR26-86000-P,0.0003,0.0003,reversed,1774598400000,1766822410000,567966,0.0001,1.0,86000.0,put,0.1,0.0003,25,0.0001,BTC,month,BTC,USD,BTC,"[{'tick_size': 0.0005, 'above_price': 0.005}]",2026-03-27 08:00:00
open,btc_usd,option,True,BTC-27MAR26-88000-C,0.0003,0.0003,reversed,1774598400000,1766822410000,567967,0.0001,1.0,88000.0,call,0.1,0.0003,25,0.0001,BTC,month,BTC,USD,BTC,"[{'tick_size': 0.0005, 'above_price': 0.005}]",2026-03-27 08:00:00
open,btc_usd,option,True,BTC-27MAR26-88000-P,0.0003,0.0003,reversed,1774598400000,1766822410000,567968,0.0001,1.0,88000.0,put,0.1,0.0003,25,0.0001,BTC,month,BTC,USD,BTC,"[{'tick_size': 0.0005, 'above_price': 0.005}]",2026-03-27 08:00:00
open,btc_usd,option,True,BTC-27MAR26-90000-C,0.0003,0.0003,reversed,1774598400000,1743062460000,448328,0.0001,1.0,90000.0,call,0.1,0.0003,25,0.0001,BTC,month,BTC,USD,BTC,"[{'tick_size': 0.0005, 'above_price': 0.005}]",2026-03-27 08:00:00
open,btc_usd,option,True,BTC-27MAR26-90000-P,0.0003,0.0003,reversed,1774598400000,1743062460000,448329,0.0001,1.0,90000.0,put,0.1,0.0003,25,0.0001,BTC,month,BTC,USD,BTC,"[{'tick_size': 0.0005, 'above_price': 0.005}]",2026-03-27 08:00:00
open,btc_usd,option,True,BTC-27MAR26-92000-C,0.0003,0.0003,reversed,1774598400000,1766822410000,567969,0.0001,1.0,92000.0,call,0.1,0.0003,25,0.0001,BTC,month,BTC,USD,BTC,"[{'tick_size': 0.0005, 'above_price': 0.005}]",2026-03-27 08:00:00
open,btc_usd,option,True,BTC-27MAR26-92000-P,0.0003,0.0003,reversed,1774598400000,1766822410000,567970,0.0001,1.0,92000.0,put,0.1,0.0003,25,0.0001,BTC,month,BTC,USD,BTC,"[{'tick_size': 0.0005, 'above_price': 0.005}]",2026-03-27 08:00:00
open,btc_usd,option,True,BTC-27MAR26-94000-C,0.0003,0.0003,reversed,1774598400000,1766822410000,567971,0.0001,1.0,94000.0,call,0.1,0.0003,25,0.0001,BTC,month,BTC,USD,BTC,"[{'tick_size': 0.0005, 'above_price': 0.005}]",2026-03-27 08:00:00
open,btc_usd,option,True,BTC-27MAR26-94000-P,0.0003,0.0003,reversed,1774598400000,1766822410000,567972,0.0001,1.0,94000.0,put,0.1,0.0003,25,0.0001,BTC,month,BTC,USD,BTC,"[{'tick_size': 0.0005, 'above_price': 0.005}]",2026-03-27 08:00:00
open,btc_usd,option,True,BTC-27MAR26-95000-C,0.0003,0.0003,reversed,1774598400000,1743062460000,448330,0.0001,1.0,95000.0,call,0.1,0.0003,25,0.0001,BTC,month,BTC,USD,BTC,"[{'tick_size': 0.0005, 'above_price': 0.005}]",2026-03-27 08:00:00
open,btc_usd,option,True,BTC-27MAR26-95000-P,0.0003,0.0003,reversed,1774598400000,1743062460000,448331,0.0001,1.0,95000.0,put,0.1,0.0003,25,0.0001,BTC,month,BTC,USD,BTC,"[{'tick_size': 0.0005, 'above_price': 0.005}]",2026-03-27 08:00:00
open,btc_usd,option,True,BTC-27MAR26-96000-C,0.0003,0.0003,reversed,1774598400000,1766822410000,567973,0.0001,1.0,96000.0,call,0.1,0.0003,25,0.0001,BTC,month,BTC,USD,BTC,"[{'tick_size': 0.0005, 'above_price': 0.005}]",2026-03-27 08:00:00
open,btc_usd,option,True,BTC-27MAR26-96000-P,0.0003,0.0003,reversed,1774598400000,1766822410000,567974,0.0001,1.0,96000.0,put,0.1,0.0003,25,0.0001,BTC,month,BTC,USD,BTC,"[{'tick_size': 0.0005, 'above_price': 0.005}]",2026-03-27 08:00:00
open,btc_usd,option,True,BTC-27MAR26-98000-C,0.0003,0.0003,reversed,1774598400000,1766822410000,567975,0.0001,1.0,98000.0,call,0.1,0.0003,25,0.0001,BTC,month,BTC,USD,BTC,"[{'tick_size': 0.0005, 'above_price': 0.005}]",2026-03-27 08:00:00
open,btc_usd,option,True,BTC-27MAR26-98000-P,0.0003,0.0003,reversed,1774598400000,1766822410000,567976,0.0001,1.0,98000.0,put,0.1,0.0003,25,0.0001,BTC,month,BTC,USD,BTC,"[{'tick_size': 0.0005, 'above_price': 0.005}]",2026-03-27 08:00:00
open,btc_usd,option,True,BTC-27MAR26-100000-C,0.0003,0.0003,reversed,1774598400000,1743062460000,448332,0.0001,1.0,100000.0,call,0.1,0.0003,25,0.0001,BTC,month,BTC,USD,BTC,"[{'tick_size': 0.0005, 'above_price': 0.005}]",2026-03-27 08:00:00
open,btc_usd,option,True,BTC-27MAR26-100000-P,0.0003,0.0003,reversed,1774598400000,1743062460000,448333,0.0001,1.0,100000.0,put,0.1,0.0003,25,0.0001,BTC,month,BTC,USD,BTC,"[{'tick_size': 0.0005, 'above_price': 0.005}]",2026-03-27 08:00:00
open,btc_usd,option,True,BTC-27MAR26-102000-C,0.0003,0.0003,reversed,1774598400000,1766822410000,567977,0.0001,1.0,102000.0,call,0.1,0.0003,25,0.0001,BTC,month,BTC,USD,BTC,"[{'tick_size': 0.0005, 'above_price': 0.005}]",2026-03-27 08:00:00
open,btc_usd,option,True,BTC-27MAR26-102000-P,0.0003,0.0003,reversed,1774598400000,1766822410000,567978,0.0001,1.0,102000.0,put,0.1,0.0003,25,0.0001,BTC,month,BTC,USD,BTC,"[{'tick_size': 0.0005, 'above_price': 0.005}]",2026-03-27 08:00:00
open,btc_usd,option,True,BTC-27MAR26-104000-C,0.0003,0.0003,reversed,1774598400000,1766822410000,567979,0.0001,1.0,104000.0,call,0.1,0.0003,25,0.0001,BTC,month,BTC,USD,BTC,"[{'tick_size': 0.0005, 'above_price': 0.005}]",2026-03-27 08:00:00
open,btc_usd,option,True,BTC-27MAR26-104000-P,0.0003,0.0003,reversed,1774598400000,1766822410000,567980,0.0001,1.0,104000.0,put,0.1,0.0003,25,0.0001,BTC,month,BTC,USD,BTC,"[{'tick_size': 0.0005, 'above_price': 0.005}]",2026-03-27 08:00:00
open,btc_usd,option,True,BTC-27MAR26-105000-C,0.0003,0.0003,reversed,1774598400000,1743062460000,448334,0.0001,1.0,105000.0,call,0.1,0.0003,25,0.0001,BTC,month,BTC,USD,BTC,"[{'tick_size': 0.0005, 'above_price': 0.005}]",2026-03-27 08:00:00
open,btc_usd,option,True,BTC-27MAR26-105000-P,0.0003,0.0003,reversed,1774598400000,1743062460000,448335,0.0001,1.0,105000.0,put,0.1,0.0003,25,0.0001,BTC,month,BTC,USD,BTC,"[{'tick_size': 0.0005, 'above_price': 0.005}]",2026-03-27 08:00:00
open,btc_usd,option,True,BTC-27MAR26-106000-C,0.0003,0.0003,reversed,1774598400000,1766988120000,568474,0.0001,1.0,106000.0,call,0.1,0.0003,25,0.0001,BTC,month,BTC,USD,BTC,"[{'tick_size': 0.0005, 'above_price': 0.005}]",2026-03-27 08:00:00
open,btc_usd,option,True,BTC-27MAR26-106000-P,0.0003,0.0003,reversed,1774598400000,1766988120000,568475,0.0001,1.0,106000.0,put,0.1,0.0003,25,0.0001,BTC,month,BTC,USD,BTC,"[{'tick_size': 0.0005, 'above_price': 0.005}]",2026-03-27 08:00:00
open,btc_usd,option,True,BTC-27MAR26-108000-C,0.0003,0.0003,reversed,1774598400000,1767490380000,570528,0.0001,1.0,108000.0,call,0.1,0.0003,25,0.0001,BTC,month,BTC,USD,BTC,"[{'tick_size': 0.0005, 'above_price': 0.005}]",2026-03-27 08:00:00
open,btc_usd,option,True,BTC-27MAR26-108000-P,0.0003,0.0003,reversed,1774598400000,1767490380000,570529,0.0001,1.0,108000.0,put,0.1,0.0003,25,0.0001,BTC,month,BTC,USD,BTC,"[{'tick_size': 0.0005, 'above_price': 0.005}]",2026-03-27 08:00:00
open,btc_usd,option,True,BTC-27MAR26-110000-C,0.0003,0.0003,reversed,1774598400000,1743062460000,448336,0.0001,1.0,110000.0,call,0.1,0.0003,25,0.0001,BTC,month,BTC,USD,BTC,"[{'tick_size': 0.0005, 'above_price': 0.005}]",2026-03-27 08:00:00
open,btc_usd,option,True,BTC-27MAR26-110000-P,0.0003,0.0003,reversed,1774598400000,1743062460000,448337,0.0001,1.0,110000.0,put,0.1,0.0003,25,0.0001,BTC,month,BTC,USD,BTC,"[{'tick_size': 0.0005, 'above_price': 0.005}]",2026-03-27 08:00:00
open,btc_usd,option,True,BTC-27MAR26-112000-C,0.0003,0.0003,reversed,1774598400000,1767651120000,571174,0.0001,1.0,112000.0,call,0.1,0.0003,25,0.0001,BTC,month,BTC,USD,BTC,"[{'tick_size': 0.0005, 'above_price': 0.005}]",2026-03-27 08:00:00
open,btc_usd,option,True,BTC-27MAR26-112000-P,0.0003,0.0003,reversed,1774598400000,1767651120000,571175,0.0001,1.0,112000.0,put,0.1,0.0003,25,0.0001,BTC,month,BTC,USD,BTC,"[{'tick_size': 0.0005, 'above_price': 0.005}]",2026-03-27 08:00:00
open,btc_usd,option,True,BTC-27MAR26-114000-C,0.0003,0.0003,reversed,1774598400000,1768416960000,574777,0.0001,1.0,114000.0,call,0.1,0.0003,25,0.0001,BTC,month,BTC,USD,BTC,"[{'tick_size': 0.0005, 'above_price': 0.005}]",2026-03-27 08:00:00
open,btc_usd,option,True,BTC-27MAR26-114000-P,0.0003,0.0003,reversed,1774598400000,1768416960000,574778,0.0001,1.0,114000.0,put,0.1,0.0003,25,0.0001,BTC,month,BTC,USD,BTC,"[{'tick_size': 0.0005, 'above_price': 0.005}]",2026-03-27 08:00:00
open,btc_usd,option,True,BTC-27MAR26-115000-C,0.0003,0.0003,reversed,1774598400000,1745398080000,456985,0.0001,1.0,115000.0,call,0.1,0.0003,25,0.0001,BTC,month,BTC,USD,BTC,"[{'tick_size': 0.0005, 'above_price': 0.005}]",2026-03-27 08:00:00
open,btc_usd,option,True,BTC-27MAR26-115000-P,0.0003,0.0003,reversed,1774598400000,1745398080000,456986,0.0001,1.0,115000.0,put,0.1,0.0003,25,0.0001,BTC,month,BTC,USD,BTC,"[{'tick_size': 0.0005, 'above_price': 0.005}]",2026-03-27 08:00:00
open,btc_usd,option,True,BTC-27MAR26-120000-C,0.0003,0.0003,reversed,1774598400000,1743062460000,448338,0.0001,1.0,120000.0,call,0.1,0.0003,25,0.0001,BTC,month,BTC,USD,BTC,"[{'tick_size': 0.0005, 'above_price': 0.005}]",2026-03-27 08:00:00
open,btc_usd,option,True,BTC-27MAR26-120000-P,0.0003,0.0003,reversed,1774598400000,1743062460000,448339,0.0001,1.0,120000.0,put,0.1,0.0003,25,0.0001,BTC,month,BTC,USD,BTC,"[{'tick_size': 0.0005, 'above_price': 0.005}]",2026-03-27 08:00:00
open,btc_usd,option,True,BTC-27MAR26-125000-C,0.0003,0.0003,reversed,1774598400000,1746751260000,462182,0.0001,1.0,125000.0,call,0.1,0.0003,25,0.0001,BTC,month,BTC,USD,BTC,"[{'tick_size': 0.0005, 'above_price': 0.005}]",2026-03-27 08:00:00
open,btc_usd,option,True,BTC-27MAR26-125000-P,0.0003,0.0003,reversed,1774598400000,1746751260000,462183,0.0001,1.0,125000.0,put,0.1,0.0003,25,0.0001,BTC,month,BTC,USD,BTC,"[{'tick_size': 0.0005, 'above_price': 0.005}]",2026-03-27 08:00:00
open,btc_usd,option,True,BTC-27MAR26-130000-C,0.0003,0.0003,reversed,1774598400000,1743062460000,448340,0.0001,1.0,130000.0,call,0.1,0.0003,25,0.0001,BTC,month,BTC,USD,BTC,"[{'tick_size': 0.0005, 'above_price': 0.005}]",2026-03-27 08:00:00
open,btc_usd,option,True,BTC-27MAR26-130000-P,0.0003,0.0003,reversed,1774598400000,1743062460000,448341,0.0001,1.0,130000.0,put,0.1,0.0003,25,0.0001,BTC,month,BTC,USD,BTC,"[{'tick_size': 0.0005, 'above_price': 0.005}]",2026-03-27 08:00:00
open,btc_usd,option,True,BTC-27MAR26-135000-C,0.0003,0.0003,reversed,1774598400000,1747884540000,466603,0.0001,1.0,135000.0,call,0.1,0.0003,25,0.0001,BTC,month,BTC,USD,BTC,"[{'tick_size': 0.0005, 'above_price': 0.005}]",2026-03-27 08:00:00
open,btc_usd,option,True,BTC-27MAR26-135000-P,0.0003,0.0003,reversed,1774598400000,1747884540000,466604,0.0001,1.0,135000.0,put,0.1,0.0003,25,0.0001,BTC,month,BTC,USD,BTC,"[{'tick_size': 0.0005, 'above_price': 0.005}]",2026-03-27 08:00:00
open,btc_usd,option,True,BTC-27MAR26-140000-C,0.0003,0.0003,reversed,1774598400000,1743062460000,448342,0.0001,1.0,140000.0,call,0.1,0.0003,25,0.0001,BTC,month,BTC,USD,BTC,"[{'tick_size': 0.0005, 'above_price': 0.005}]",2026-03-27 08:00:00
open,btc_usd,option,True,BTC-27MAR26-140000-P,0.0003,0.0003,reversed,1774598400000,1743062460000,448343,0.0001,1.0,140000.0,put,0.1,0.0003,25,0.0001,BTC,month,BTC,USD,BTC,"[{'tick_size': 0.0005, 'above_price': 0.005}]",2026-03-27 08:00:00
open,btc_usd,option,True,BTC-27MAR26-145000-C,0.0003,0.0003,reversed,1774598400000,1752479040000,485887,0.0001,1.0,145000.0,call,0.1,0.0003,25,0.0001,BTC,month,BTC,USD,BTC,"[{'tick_size': 0.0005, 'above_price': 0.005}]",2026-03-27 08:00:00
open,btc_usd,option,True,BTC-27MAR26-145000-P,0.0003,0.0003,reversed,1774598400000,1752479040000,485888,0.0001,1.0,145000.0,put,0.1,0.0003,25,0.0001,BTC,month,BTC,USD,BTC,"[{'tick_size': 0.0005, 'above_price': 0.005}]",2026-03-27 08:00:00
open,btc_usd,option,True,BTC-27MAR26-150000-C,0.0003,0.0003,reversed,1774598400000,1743062460000,448344,0.0001,1.0,150000.0,call,0.1,0.0003,25,0.0001,BTC,month,BTC,USD,BTC,"[{'tick_size': 0.0005, 'above_price': 0.005}]",2026-03-27 08:00:00
open,btc_usd,option,True,BTC-27MAR26-150000-P,0.0003,0.0003,reversed,1774598400000,1743062460000,448345,0.0001,1.0,150000.0,put,0.1,0.0003,25,0.0001,BTC,month,BTC,USD,BTC,"[{'tick_size': 0.0005, 'above_price': 0.005}]",2026-03-27 08:00:00
open,btc_usd,option,True,BTC-27MAR26-155000-C,0.0003,0.0003,reversed,1774598400000,1754610420000,496926,0.0001,1.0,155000.0,call,0.1,0.0003,25,0.0001,BTC,month,BTC,USD,BTC,"[{'tick_size': 0.0005, 'above_price': 0.005}]",2026-03-27 08:00:00
open,btc_usd,option,True,BTC-27MAR26-155000-P,0.0003,0.0003,reversed,1774598400000,1754610420000,496927,0.0001,1.0,155000.0,put,0.1,0.0003,25,0.0001,BTC,month,BTC,USD,BTC,"[{'tick_size': 0.0005, 'above_price': 0.005}]",2026-03-27 08:00:00
open,btc_usd,option,True,BTC-27MAR26-160000-C,0.0003,0.0003,reversed,1774598400000,1743062460000,448346,0.0001,1.0,160000.0,call,0.1,0.0003,25,0.0001,BTC,month,BTC,USD,BTC,"[{'tick_size': 0.0005, 'above_price': 0.005}]",2026-03-27 08:00:00
open,btc_usd,option,True,BTC-27MAR26-160000-P,0.0003,0.0003,reversed,1774598400000,1743062460000,448347,0.0001,1.0,160000.0,put,0.1,0.0003,25,0.0001,BTC,month,BTC,USD,BTC,"[{'tick_size': 0.0005, 'above_price': 0.005}]",2026-03-27 08:00:00
open,btc_usd,option,True,BTC-27MAR26-170000-C,0.0003,0.0003,reversed,1774598400000,1743062460000,448348,0.0001,1.0,170000.0,call,0.1,0.0003,25,0.0001,BTC,month,BTC,USD,BTC,"[{'tick_size': 0.0005, 'above_price': 0.005}]",2026-03-27 08:00:00
open,btc_usd,option,True,BTC-27MAR26-170000-P,0.0003,0.0003,reversed,1774598400000,1743062460000,448349,0.0001,1.0,170000.0,put,0.1,0.0003,25,0.0001,BTC,month,BTC,USD,BTC,"[{'tick_size': 0.0005, 'above_price': 0.005}]",2026-03-27 08:00:00
open,btc_usd,option,True,BTC-27MAR26-180000-C,0.0003,0.0003,reversed,1774598400000,1743062460000,448350,0.0001,1.0,180000.0,call,0.1,0.0003,25,0.0001,BTC,month,BTC,USD,BTC,"[{'tick_size': 0.0005, 'above_price': 0.005}]",2026-03-27 08:00:00
open,btc_usd,option,True,BTC-27MAR26-180000-P,0.0003,0.0003,reversed,1774598400000,1743062460000,448351,0.0001,1.0,180000.0,put,0.1,0.0003,25,0.0001,BTC,month,BTC,USD,BTC,"[{'tick_size': 0.0005, 'above_price': 0.005}]",2026-03-27 08:00:00
open,btc_usd,option,True,BTC-27MAR26-190000-C,0.0003,0.0003,reversed,1774598400000,1743062460000,448352,0.0001,1.0,190000.0,call,0.1,0.0003,25,0.0001,BTC,month,BTC,USD,BTC,"[{'tick_size': 0.0005, 'above_price': 0.005}]",2026-03-27 08:00:00
open,btc_usd,option,True,BTC-27MAR26-190000-P,0.0003,0.0003,reversed,1774598400000,1743062460000,448353,0.0001,1.0,190000.0,put,0.1,0.0003,25,0.0001,BTC,month,BTC,USD,BTC,"[{'tick_size': 0.0005, 'above_price': 0.005}]",2026-03-27 08:00:00
open,btc_usd,option,True,BTC-27MAR26-200000-C,0.0003,0.0003,reversed,1774598400000,1743062460000,448354,0.0001,1.0,200000.0,call,0.1,0.0003,25,0.0001,BTC,month,BTC,USD,BTC,"[{'tick_size': 0.0005, 'above_price': 0.005}]",2026-03-27 08:00:00
open,btc_usd,option,True,BTC-27MAR26-200000-P,0.0003,0.0003,reversed,1774598400000,1743062460000,448355,0.0001,1.0,200000.0,put,0.1,0.0003,25,0.0001,BTC,month,BTC,USD,BTC,"[{'tick_size': 0.0005, 'above_price': 0.005}]",2026-03-27 08:00:00
open,btc_usd,option,True,BTC-27MAR26-210000-C,0.0003,0.0003,reversed,1774598400000,1746680700000,461292,0.0001,1.0,210000.0,call,0.1,0.0003,25,0.0001,BTC,month,BTC,USD,BTC,"[{'tick_size': 0.0005, 'above_price': 0.005}]",2026-03-27 08:00:00
open,btc_usd,option,True,BTC-27MAR26-210000-P,0.0003,0.0003,reversed,1774598400000,1746680700000,461293,0.0001,1.0,210000.0,put,0.1,0.0003,25,0.0001,BTC,month,BTC,USD,BTC,"[{'tick_size': 0.0005, 'above_price': 0.005}]",2026-03-27 08:00:00
open,btc_usd,option,True,BTC-27MAR26-220000-C,0.0003,0.0003,reversed,1774598400000,1743062460000,448356,0.0001,1.0,220000.0,call,0.1,0.0003,25,0.0001,BTC,month,BTC,USD,BTC,"[{'tick_size': 0.0005, 'above_price': 0.005}]",2026-03-27 08:00:00
open,btc_usd,option,True,BTC-27MAR26-220000-P,0.0003,0.0003,reversed,1774598400000,1743062460000,448357,0.0001,1.0,220000.0,put,0.1,0.0003,25,0.0001,BTC,month,BTC,USD,BTC,"[{'tick_size': 0.0005, 'above_price': 0.005}]",2026-03-27 08:00:00
open,btc_usd,option,True,BTC-27MAR26-230000-C,0.0003,0.0003,reversed,1774598400000,1747872000000,466569,0.0001,1.0,230000.0,call,0.1,0.0003,25,0.0001,BTC,month,BTC,USD,BTC,"[{'tick_size': 0.0005, 'above_price': 0.005}]",2026-03-27 08:00:00
open,btc_usd,option,True,BTC-27MAR26-230000-P,0.0003,0.0003,reversed,1774598400000,1747872000000,466570,0.0001,1.0,230000.0,put,0.1,0.0003,25,0.0001,BTC,month,BTC,USD,BTC,"[{'tick_size': 0.0005, 'above_price': 0.005}]",2026-03-27 08:00:00
open,btc_usd,option,True,BTC-27MAR26-240000-C,0.0003,0.0003,reversed,1774598400000,1743062460000,448358,0.0001,1.0,240000.0,call,0.1,0.0003,25,0.0001,BTC,month,BTC,USD,BTC,"[{'tick_size': 0.0005, 'above_price': 0.005}]",2026-03-27 08:00:00
open,btc_usd,option,True,BTC-27MAR26-240000-P,0.0003,0.0003,reversed,1774598400000,1743062460000,448359,0.0001,1.0,240000.0,put,0.1,0.0003,25,0.0001,BTC,month,BTC,USD,BTC,"[{'tick_size': 0.0005, 'above_price': 0.005}]",2026-03-27 08:00:00
open,btc_usd,option,True,BTC-27MAR26-260000-C,0.0003,0.0003,reversed,1774598400000,1743062460000,448360,0.0001,1.0,260000.0,call,0.1,0.0003,25,0.0001,BTC,month,BTC,USD,BTC,"[{'tick_size': 0.0005, 'above_price': 0.005}]",2026-03-27 08:00:00
open,btc_usd,option,True,BTC-27MAR26-260000-P,0.0003,0.0003,reversed,1774598400000,1743062460000,448361,0.0001,1.0,260000.0,put,0.1,0.0003,25,0.0001,BTC,month,BTC,USD,BTC,"[{'tick_size': 0.0005, 'above_price': 0.005}]",2026-03-27 08:00:00
open,btc_usd,option,True,BTC-27MAR26-280000-C,0.0003,0.0003,reversed,1774598400000,1743062460000,448362,0.0001,1.0,280000.0,call,0.1,0.0003,25,0.0001,BTC,month,BTC,USD,BTC,"[{'tick_size': 0.0005, 'above_price': 0.005}]",2026-03-27 08:00:00
open,btc_usd,option,True,BTC-27MAR26-280000-P,0.0003,0.0003,reversed,1774598400000,1743062460000,448363,0.0001,1.0,280000.0,put,0.1,0.0003,25,0.0001,BTC,month,BTC,USD,BTC,"[{'tick_size': 0.0005, 'above_price': 0.005}]",2026-03-27 08:00:00
open,btc_usd,option,True,BTC-27MAR26-300000-C,0.0003,0.0003,reversed,1774598400000,1746105840000,459715,0.0001,1.0,300000.0,call,0.1,0.0003,25,0.0001,BTC,month,BTC,USD,BTC,"[{'tick_size': 0.0005, 'above_price': 0.005}]",2026-03-27 08:00:00
open,btc_usd,option,True,BTC-27MAR26-300000-P,0.0003,0.0003,reversed,1774598400000,1746105840000,459716,0.0001,1.0,300000.0,put,0.1,0.0003,25,0.0001,BTC,month,BTC,USD,BTC,"[{'tick_size': 0.0005, 'above_price': 0.005}]",2026-03-27 08:00:00
open,btc_usd,option,True,BTC-27MAR26-320000-C,0.0003,0.0003,reversed,1774598400000,1746776580000,462272,0.0001,1.0,320000.0,call,0.1,0.0003,25,0.0001,BTC,month,BTC,USD,BTC,"[{'tick_size': 0.0005, 'above_price': 0.005}]",2026-03-27 08:00:00
open,btc_usd,option,True,BTC-27MAR26-320000-P,0.0003,0.0003,reversed,1774598400000,1746776580000,462273,0.0001,1.0,320000.0,put,0.1,0.0003,25,0.0001,BTC,month,BTC,USD,BTC,"[{'tick_size': 0.0005, 'above_price': 0.005}]",2026-03-27 08:00:00
open,btc_usd,option,True,BTC-27MAR26-340000-C,0.0003,0.0003,reversed,1774598400000,1747939200000,467315,0.0001,1.0,340000.0,call,0.1,0.0003,25,0.0001,BTC,month,BTC,USD,BTC,"[{'tick_size': 0.0005, 'above_price': 0.005}]",2026-03-27 08:00:00
open,btc_usd,option,True,BTC-27MAR26-340000-P,0.0003,0.0003,reversed,1774598400000,1747939200000,467316,0.0001,1.0,340000.0,put,0.1,0.0003,25,0.0001,BTC,month,BTC,USD,BTC,"[{'tick_size': 0.0005, 'above_price': 0.005}]",2026-03-27 08:00:00
open,btc_usd,option,True,BTC-28MAR26-62000-C,0.0003,0.0003,reversed,1774684800000,1774360320000,606277,0.0001,1.0,62000.0,call,0.1,0.0003,25,0.0001,BTC,day,BTC,USD,BTC,"[{'tick_size': 0.0005, 'above_price': 0.005}]",2026-03-28 08:00:00
open,btc_usd,option,True,BTC-28MAR26-62000-P,0.0003,0.0003,reversed,1774684800000,1774360320000,606278,0.0001,1.0,62000.0,put,0.1,0.0003,25,0.0001,BTC,day,BTC,USD,BTC,"[{'tick_size': 0.0005, 'above_price': 0.005}]",2026-03-28 08:00:00
open,btc_usd,option,True,BTC-28MAR26-63000-C,0.0003,0.0003,reversed,1774684800000,1774339214000,605920,0.0001,1.0,63000.0,call,0.1,0.0003,25,0.0001,BTC,day,BTC,USD,BTC,"[{'tick_size': 0.0005, 'above_price': 0.005}]",2026-03-28 08:00:00
open,btc_usd,option,True,BTC-28MAR26-63000-P,0.0003,0.0003,reversed,1774684800000,1774339214000,605921,0.0001,1.0,63000.0,put,0.1,0.0003,25,0.0001,BTC,day,BTC,USD,BTC,"[{'tick_size': 0.0005, 'above_price': 0.005}]",2026-03-28 08:00:00
open,btc_usd,option,True,BTC-28MAR26-64000-C,0.0003,0.0003,reversed,1774684800000,1774339214000,605922,0.0001,1.0,64000.0,call,0.1,0.0003,25,0.0001,BTC,day,BTC,USD,BTC,"[{'tick_size': 0.0005, 'above_price': 0.005}]",2026-03-28 08:00:00
open,btc_usd,option,True,BTC-28MAR26-64000-P,0.0003,0.0003,reversed,1774684800000,1774339214000,605923,0.0001,1.0,64000.0,put,0.1,0.0003,25,0.0001,BTC,day,BTC,USD,BTC,"[{'tick_size': 0.0005, 'above_price': 0.005}]",2026-03-28 08:00:00
open,btc_usd,option,True,BTC-28MAR26-65000-C,0.0003,0.0003,reversed,1774684800000,1774339214000,605924,0.0001,1.0,65000.0,call,0.1,0.0003,25,0.0001,BTC,day,BTC,USD,BTC,"[{'tick_size': 0.0005, 'above_price': 0.005}]",2026-03-28 08:00:00
open,btc_usd,option,True,BTC-28MAR26-65000-P,0.0003,0.0003,reversed,1774684800000,1774339214000,605925,0.0001,1.0,65000.0,put,0.1,0.0003,25,0.0001,BTC,day,BTC,USD,BTC,"[{'tick_size': 0.0005, 'above_price': 0.005}]",2026-03-28 08:00:00
open,btc_usd,option,True,BTC-28MAR26-66000-C,0.0003,0.0003,reversed,1774684800000,1774339214000,605926,0.0001,1.0,66000.0,call,0.1,0.0003,25,0.0001,BTC,day,BTC,USD,BTC,"[{'tick_size': 0.0005, 'above_price': 0.005}]",2026-03-28 08:00:00
open,btc_usd,option,True,BTC-28MAR26-66000-P,0.0003,0.0003,reversed,1774684800000,1774339214000,605927,0.0001,1.0,66000.0,put,0.1,0.0003,25,0.0001,BTC,day,BTC,USD,BTC,"[{'tick_size': 0.0005, 'above_price': 0.005}]",2026-03-28 08:00:00
open,btc_usd,option,True,BTC-28MAR26-67000-C,0.0003,0.0003,reversed,1774684800000,1774339214000,605928,0.0001,1.0,67000.0,call,0.1,0.0003,25,0.0001,BTC,day,BTC,USD,BTC,"[{'tick_size': 0.0005, 'above_price': 0.005}]",2026-03-28 08:00:00
open,btc_usd,option,True,BTC-28MAR26-67000-P,0.0003,0.0003,reversed,1774684800000,1774339214000,605929,0.0001,1.0,67000.0,put,0.1,0.0003,25,0.0001,BTC,day,BTC,USD,BTC,"[{'tick_size': 0.0005, 'above_price': 0.005}]",2026-03-28 08:00:00
open,btc_usd,option,True,BTC-28MAR26-67500-C,0.0003,0.0003,reversed,1774684800000,1774374720000,606302,0.0001,1.0,67500.0,call,0.1,0.0003,25,0.0001,BTC,day,BTC,USD,BTC,"[{'tick_size': 0.0005, 'above_price': 0.005}]",2026-03-28 08:00:00
open,btc_usd,option,True,BTC-28MAR26-67500-P,0.0003,0.0003,reversed,1774684800000,1774374720000,606303,0.0001,1.0,67500.0,put,0.1,0.0003,25,0.0001,BTC,day,BTC,USD,BTC,"[{'tick_size': 0.0005, 'above_price': 0.005}]",2026-03-28 08:00:00
open,btc_usd,option,True,BTC-28MAR26-68000-C,0.0003,0.0003,reversed,1774684800000,1774339214000,605930,0.0001,1.0,68000.0,call,0.1,0.0003,25,0.0001,BTC,day,BTC,USD,BTC,"[{'tick_size': 0.0005, 'above_price': 0.005}]",2026-03-28 08:00:00
open,btc_usd,option,True,BTC-28MAR26-68000-P,0.0003,0.0003,reversed,1774684800000,1774339214000,605931,0.0001,1.0,68000.0,put,0.1,0.0003,25,0.0001,BTC,day,BTC,USD,BTC,"[{'tick_size': 0.0005, 'above_price': 0.005}]",2026-03-28 08:00:00
open,btc_usd,option,True,BTC-28MAR26-68500-C,0.0003,0.0003,reversed,1774684800000,1774339214000,605932,0.0001,1.0,68500.0,call,0.1,0.0003,25,0.0001,BTC,day,BTC,USD,BTC,"[{'tick_size': 0.0005, 'above_price': 0.005}]",2026-03-28 08:00:00
open,btc_usd,option,True,BTC-28MAR26-68500-P,0.0003,0.0003,reversed,1774684800000,1774339214000,605933,0.0001,1.0,68500.0,put,0.1,0.0003,25,0.0001,BTC,day,BTC,USD,BTC,"[{'tick_size': 0.0005, 'above_price': 0.005}]",2026-03-28 08:00:00
open,btc_usd,option,True,BTC-28MAR26-69000-C,0.0003,0.0003,reversed,1774684800000,1774339214000,605934,0.0001,1.0,69000.0,call,0.1,0.0003,25,0.0001,BTC,day,BTC,USD,BTC,"[{'tick_size': 0.0005, 'above_price': 0.005}]",2026-03-28 08:00:00
open,btc_usd,option,True,BTC-28MAR26-69000-P,0.0003,0.0003,reversed,1774684800000,1774339214000,605935,0.0001,1.0,69000.0,put,0.1,0.0003,25,0.0001,BTC,day,BTC,USD,BTC,"[{'tick_size': 0.0005, 'above_price': 0.005}]",2026-03-28 08:00:00
open,btc_usd,option,True,BTC-28MAR26-69500-C,0.0003,0.0003,reversed,1774684800000,1774339214000,605936,0.0001,1.0,69500.0,call,0.1,0.0003,25,0.0001,BTC,day,BTC,USD,BTC,"[{'tick_size': 0.0005, 'above_price': 0.005}]",2026-03-28 08:00:00
open,btc_usd,option,True,BTC-28MAR26-69500-P,0.0003,0.0003,reversed,1774684800000,1774339214000,605937,0.0001,1.0,69500.0,put,0.1,0.0003,25,0.0001,BTC,day,BTC,USD,BTC,"[{'tick_size': 0.0005, 'above_price': 0.005}]",2026-03-28 08:00:00
open,btc_usd,option,True,BTC-28MAR26-70000-C,0.0003,0.0003,reversed,1774684800000,1774339214000,605938,0.0001,1.0,70000.0,call,0.1,0.0003,25,0.0001,BTC,day,BTC,USD,BTC,"[{'tick_size': 0.0005, 'above_price': 0.005}]",2026-03-28 08:00:00
open,btc_usd,option,True,BTC-28MAR26-70000-P,0.0003,0.0003,reversed,1774684800000,1774339214000,605939,0.0001,1.0,70000.0,put,0.1,0.0003,25,0.0001,BTC,day,BTC,USD,BTC,"[{'tick_size': 0.0005, 'above_price': 0.005}]",2026-03-28 08:00:00
open,btc_usd,option,True,BTC-28MAR26-70500-C,0.0003,0.0003,reversed,1774684800000,1774339214000,605940,0.0001,1.0,70500.0,call,0.1,0.0003,25,0.0001,BTC,day,BTC,USD,BTC,"[{'tick_size': 0.0005, 'above_price': 0.005}]",2026-03-28 08:00:00
open,btc_usd,option,True,BTC-28MAR26-70500-P,0.0003,0.0003,reversed,1774684800000,1774339214000,605941,0.0001,1.0,70500.0,put,0.1,0.0003,25,0.0001,BTC,day,BTC,USD,BTC,"[{'tick_size': 0.0005, 'above_price': 0.005}]",2026-03-28 08:00:00
open,btc_usd,option,True,BTC-28MAR26-71000-C,0.0003,0.0003,reversed,1774684800000,1774339214000,605942,0.0001,1.0,71000.0,call,0.1,0.0003,25,0.0001,BTC,day,BTC,USD,BTC,"[{'tick_size': 0.0005, 'above_price': 0.005}]",2026-03-28 08:00:00
open,btc_usd,option,True,BTC-28MAR26-71000-P,0.0003,0.0003,reversed,1774684800000,1774339214000,605943,0.0001,1.0,71000.0,put,0.1,0.0003,25,0.0001,BTC,day,BTC,USD,BTC,"[{'tick_size': 0.0005, 'above_price': 0.005}]",2026-03-28 08:00:00
open,btc_usd,option,True,BTC-28MAR26-71500-C,0.0003,0.0003,reversed,1774684800000,1774339214000,605944,0.0001,1.0,71500.0,call,0.1,0.0003,25,0.0001,BTC,day,BTC,USD,BTC,"[{'tick_size': 0.0005, 'above_price': 0.005}]",2026-03-28 08:00:00
open,btc_usd,option,True,BTC-28MAR26-71500-P,0.0003,0.0003,reversed,1774684800000,1774339214000,605945,0.0001,1.0,71500.0,put,0.1,0.0003,25,0.0001,BTC,day,BTC,USD,BTC,"[{'tick_size': 0.0005, 'above_price': 0.005}]",2026-03-28 08:00:00
open,btc_usd,option,True,BTC-28MAR26-72000-C,0.0003,0.0003,reversed,1774684800000,1774339214000,605946,0.0001,1.0,72000.0,call,0.1,0.0003,25,0.0001,BTC,day,BTC,USD,BTC,"[{'tick_size': 0.0005, 'above_price': 0.005}]",2026-03-28 08:00:00
open,btc_usd,option,True,BTC-28MAR26-72000-P,0.0003,0.0003,reversed,1774684800000,1774339214000,605947,0.0001,1.0,72000.0,put,0.1,0.0003,25,0.0001,BTC,day,BTC,USD,BTC,"[{'tick_size': 0.0005, 'above_price': 0.005}]",2026-03-28 08:00:00
open,btc_usd,option,True,BTC-28MAR26-72500-C,0.0003,0.0003,reversed,1774684800000,1774339214000,605948,0.0001,1.0,72500.0,call,0.1,0.0003,25,0.0001,BTC,day,BTC,USD,BTC,"[{'tick_size': 0.0005, 'above_price': 0.005}]",2026-03-28 08:00:00
open,btc_usd,option,True,BTC-28MAR26-72500-P,0.0003,0.0003,reversed,1774684800000,1774339214000,605949,0.0001,1.0,72500.0,put,0.1,0.0003,25,0.0001,BTC,day,BTC,USD,BTC,"[{'tick_size': 0.0005, 'above_price': 0.005}]",2026-03-28 08:00:00
open,btc_usd,option,True,BTC-28MAR26-73000-C,0.0003,0.0003,reversed,1774684800000,1774339214000,605950,0.0001,1.0,73000.0,call,0.1,0.0003,25,0.0001,BTC,day,BTC,USD,BTC,"[{'tick_size': 0.0005, 'above_price': 0.005}]",2026-03-28 08:00:00
open,btc_usd,option,True,BTC-28MAR26-73000-P,0.0003,0.0003,reversed,1774684800000,1774339214000,605951,0.0001,1.0,73000.0,put,0.1,0.0003,25,0.0001,BTC,day,BTC,USD,BTC,"[{'tick_size': 0.0005, 'above_price': 0.005}]",2026-03-28 08:00:00
open,btc_usd,option,True,BTC-28MAR26-73500-C,0.0003,0.0003,reversed,1774684800000,1774339214000,605952,0.0001,1.0,73500.0,call,0.1,0.0003,25,0.0001,BTC,day,BTC,USD,BTC,"[{'tick_size': 0.0005, 'above_price': 0.005}]",2026-03-28 08:00:00
open,btc_usd,option,True,BTC-28MAR26-73500-P,0.0003,0.0003,reversed,1774684800000,1774339214000,605953,0.0001,1.0,73500.0,put,0.1,0.0003,25,0.0001,BTC,day,BTC,USD,BTC,"[{'tick_size': 0.0005, 'above_price': 0.005}]",2026-03-28 08:00:00
open,btc_usd,option,True,BTC-28MAR26-74000-C,0.0003,0.0003,reversed,1774684800000,1774339214000,605954,0.0001,1.0,74000.0,call,0.1,0.0003,25,0.0001,BTC,day,BTC,USD,BTC,"[{'tick_size': 0.0005, 'above_price': 0.005}]",2026-03-28 08:00:00
open,btc_usd,option,True,BTC-28MAR26-74000-P,0.0003,0.0003,reversed,1774684800000,1774339214000,605955,0.0001,1.0,74000.0,put,0.1,0.0003,25,0.0001,BTC,day,BTC,USD,BTC,"[{'tick_size': 0.0005, 'above_price': 0.005}]",2026-03-28 08:00:00
open,btc_usd,option,True,BTC-28MAR26-75000-C,0.0003,0.0003,reversed,1774684800000,1774339214000,605956,0.0001,1.0,75000.0,call,0.1,0.0003,25,0.0001,BTC,day,BTC,USD,BTC,"[{'tick_size': 0.0005, 'above_price': 0.005}]",2026-03-28 08:00:00
open,btc_usd,option,True,BTC-28MAR26-75000-P,0.0003,0.0003,reversed,1774684800000,1774339214000,605957,0.0001,1.0,75000.0,put,0.1,0.0003,25,0.0001,BTC,day,BTC,USD,BTC,"[{'tick_size': 0.0005, 'above_price': 0.005}]",2026-03-28 08:00:00
open,btc_usd,option,True,BTC-28MAR26-76000-C,0.0003,0.0003,reversed,1774684800000,1774339214000,605958,0.0001,1.0,76000.0,call,0.1,0.0003,25,0.0001,BTC,day,BTC,USD,BTC,"[{'tick_size': 0.0005, 'above_price': 0.005}]",2026-03-28 08:00:00
open,btc_usd,option,True,BTC-28MAR26-76000-P,0.0003,0.0003,reversed,1774684800000,1774339214000,605959,0.0001,1.0,76000.0,put,0.1,0.0003,25,0.0001,BTC,day,BTC,USD,BTC,"[{'tick_size': 0.0005, 'above_price': 0.005}]",2026-03-28 08:00:00
open,btc_usd,option,True,BTC-28MAR26-77000-C,0.0003,0.0003,reversed,1774684800000,1774339214000,605960,0.0001,1.0,77000.0,call,0.1,0.0003,25,0.0001,BTC,day,BTC,USD,BTC,"[{'tick_size': 0.0005, 'above_price': 0.005}]",2026-03-28 08:00:00
open,btc_usd,option,True,BTC-28MAR26-77000-P,0.0003,0.0003,reversed,1774684800000,1774339214000,605961,0.0001,1.0,77000.0,put,0.1,0.0003,25,0.0001,BTC,day,BTC,USD,BTC,"[{'tick_size': 0.0005, 'above_price': 0.005}]",2026-03-28 08:00:00
open,btc_usd,option,True,BTC-28MAR26-78000-C,0.0003,0.0003,reversed,1774684800000,1774339214000,605962,0.0001,1.0,78000.0,call,0.1,0.0003,25,0.0001,BTC,day,BTC,USD,BTC,"[{'tick_size': 0.0005, 'above_price': 0.005}]",2026-03-28 08:00:00
open,btc_usd,option,True,BTC-28MAR26-78000-P,0.0003,0.0003,reversed,1774684800000,1774339214000,605963,0.0001,1.0,78000.0,put,0.1,0.0003,25,0.0001,BTC,day,BTC,USD,BTC,"[{'tick_size': 0.0005, 'above_price': 0.005}]",2026-03-28 08:00:00
open,btc_usd,option,True,BTC-28MAR26-79000-C,0.0003,0.0003,reversed,1774684800000,1774339214000,605964,0.0001,1.0,79000.0,call,0.1,0.0003,25,0.0001,BTC,day,BTC,USD,BTC,"[{'tick_size': 0.0005, 'above_price': 0.005}]",2026-03-28 08:00:00
open,btc_usd,option,True,BTC-28MAR26-79000-P,0.0003,0.0003,reversed,1774684800000,1774339214000,605965,0.0001,1.0,79000.0,put,0.1,0.0003,25,0.0001,BTC,day,BTC,USD,BTC,"[{'tick_size': 0.0005, 'above_price': 0.005}]",2026-03-28 08:00:00
open,btc_usd,option,True,BTC-29MAR26-62000-C,0.0003,0.0003,reversed,1774771200000,1774547520000,607630,0.0001,1.0,62000.0,call,0.1,0.0003,25,0.0001,BTC,day,BTC,USD,BTC,"[{'tick_size': 0.0005, 'above_price': 0.005}]",2026-03-29 08:00:00
open,btc_usd,option,True,BTC-29MAR26-62000-P,0.0003,0.0003,reversed,1774771200000,1774547520000,607631,0.0001,1.0,62000.0,put,0.1,0.0003,25,0.0001,BTC,day,BTC,USD,BTC,"[{'tick_size': 0.0005, 'above_price': 0.005}]",2026-03-29 08:00:00
open,btc_usd,option,True,BTC-29MAR26-63000-C,0.0003,0.0003,reversed,1774771200000,1774425613000,606348,0.0001,1.0,63000.0,call,0.1,0.0003,25,0.0001,BTC,day,BTC,USD,BTC,"[{'tick_size': 0.0005, 'above_price': 0.005}]",2026-03-29 08:00:00
open,btc_usd,option,True,BTC-29MAR26-63000-P,0.0003,0.0003,reversed,1774771200000,1774425613000,606349,0.0001,1.0,63000.0,put,0.1,0.0003,25,0.0001,BTC,day,BTC,USD,BTC,"[{'tick_size': 0.0005, 'above_price': 0.005}]",2026-03-29 08:00:00
open,btc_usd,option,True,BTC-29MAR26-64000-C,0.0003,0.0003,reversed,1774771200000,1774425613000,606350,0.0001,1.0,64000.0,call,0.1,0.0003,25,0.0001,BTC,day,BTC,USD,BTC,"[{'tick_size': 0.0005, 'above_price': 0.005}]",2026-03-29 08:00:00
open,btc_usd,option,True,BTC-29MAR26-64000-P,0.0003,0.0003,reversed,1774771200000,1774425613000,606351,0.0001,1.0,64000.0,put,0.1,0.0003,25,0.0001,BTC,day,BTC,USD,BTC,"[{'tick_size': 0.0005, 'above_price': 0.005}]",2026-03-29 08:00:00
open,btc_usd,option,True,BTC-29MAR26-65000-C,0.0003,0.0003,reversed,1774771200000,1774425613000,606352,0.0001,1.0,65000.0,call,0.1,0.0003,25,0.0001,BTC,day,BTC,USD,BTC,"[{'tick_size': 0.0005, 'above_price': 0.005}]",2026-03-29 08:00:00
open,btc_usd,option,True,BTC-29MAR26-65000-P,0.0003,0.0003,reversed,1774771200000,1774425613000,606353,0.0001,1.0,65000.0,put,0.1,0.0003,25,0.0001,BTC,day,BTC,USD,BTC,"[{'tick_size': 0.0005, 'above_price': 0.005}]",2026-03-29 08:00:00
open,btc_usd,option,True,BTC-29MAR26-66000-C,0.0003,0.0003,reversed,1774771200000,1774425613000,606354,0.0001,1.0,66000.0,call,0.1,0.0003,25,0.0001,BTC,day,BTC,USD,BTC,"[{'tick_size': 0.0005, 'above_price': 0.005}]",2026-03-29 08:00:00
open,btc_usd,option,True,BTC-29MAR26-66000-P,0.0003,0.0003,reversed,1774771200000,1774425613000,606355,0.0001,1.0,66000.0,put,0.1,0.0003,25,0.0001,BTC,day,BTC,USD,BTC,"[{'tick_size': 0.0005, 'above_price': 0.005}]",2026-03-29 08:00:00
open,btc_usd,option,True,BTC-29MAR26-67000-C,0.0003,0.0003,reversed,1774771200000,1774425613000,606356,0.0001,1.0,67000.0,call,0.1,0.0003,25,0.0001,BTC,day,BTC,USD,BTC,"[{'tick_size': 0.0005, 'above_price': 0.005}]",2026-03-29 08:00:00
open,btc_usd,option,True,BTC-29MAR26-67000-P,0.0003,0.0003,reversed,1774771200000,1774425613000,606357,0.0001,1.0,67000.0,put,0.1,0.0003,25,0.0001,BTC,day,BTC,USD,BTC,"[{'tick_size': 0.0005, 'above_price': 0.005}]",2026-03-29 08:00:00
open,btc_usd,option,True,BTC-29MAR26-67500-C,0.0003,0.0003,reversed,1774771200000,1774519020000,607562,0.0001,1.0,67500.0,call,0.1,0.0003,25,0.0001,BTC,day,BTC,USD,BTC,"[{'tick_size': 0.0005, 'above_price': 0.005}]",2026-03-29 08:00:00
open,btc_usd,option,True,BTC-29MAR26-67500-P,0.0003,0.0003,reversed,1774771200000,1774519020000,607563,0.0001,1.0,67500.0,put,0.1,0.0003,25,0.0001,BTC,day,BTC,USD,BTC,"[{'tick_size': 0.0005, 'above_price': 0.005}]",2026-03-29 08:00:00
open,btc_usd,option,True,BTC-29MAR26-68000-C,0.0003,0.0003,reversed,1774771200000,1774425613000,606358,0.0001,1.0,68000.0,call,0.1,0.0003,25,0.0001,BTC,day,BTC,USD,BTC,"[{'tick_size': 0.0005, 'above_price': 0.005}]",2026-03-29 08:00:00
open,btc_usd,option,True,BTC-29MAR26-68000-P,0.0003,0.0003,reversed,1774771200000,1774425613000,606359,0.0001,1.0,68000.0,put,0.1,0.0003,25,0.0001,BTC,day,BTC,USD,BTC,"[{'tick_size': 0.0005, 'above_price': 0.005}]",2026-03-29 08:00:00
open,btc_usd,option,True,BTC-29MAR26-68500-C,0.0003,0.0003,reversed,1774771200000,1774425613000,606360,0.0001,1.0,68500.0,call,0.1,0.0003,25,0.0001,BTC,day,BTC,USD,BTC,"[{'tick_size': 0.0005, 'above_price': 0.005}]",2026-03-29 08:00:00
open,btc_usd,option,True,BTC-29MAR26-68500-P,0.0003,0.0003,reversed,1774771200000,1774425613000,606361,0.0001,1.0,68500.0,put,0.1,0.0003,25,0.0001,BTC,day,BTC,USD,BTC,"[{'tick_size': 0.0005, 'above_price': 0.005}]",2026-03-29 08:00:00
open,btc_usd,option,True,BTC-29MAR26-69000-C,0.0003,0.0003,reversed,1774771200000,1774425613000,606362,0.0001,1.0,69000.0,call,0.1,0.0003,25,0.0001,BTC,day,BTC,USD,BTC,"[{'tick_size': 0.0005, 'above_price': 0.005}]",2026-03-29 08:00:00
open,btc_usd,option,True,BTC-29MAR26-69000-P,0.0003,0.0003,reversed,1774771200000,1774425613000,606363,0.0001,1.0,69000.0,put,0.1,0.0003,25,0.0001,BTC,day,BTC,USD,BTC,"[{'tick_size': 0.0005, 'above_price': 0.005}]",2026-03-29 08:00:00
open,btc_usd,option,True,BTC-29MAR26-69500-C,0.0003,0.0003,reversed,1774771200000,1774425613000,606364,0.0001,1.0,69500.0,call,0.1,0.0003,25,0.0001,BTC,day,BTC,USD,BTC,"[{'tick_size': 0.0005, 'above_price': 0.005}]",2026-03-29 08:00:00
open,btc_usd,option,True,BTC-29MAR26-69500-P,0.0003,0.0003,reversed,1774771200000,1774425613000,606365,0.0001,1.0,69500.0,put,0.1,0.0003,25,0.0001,BTC,day,BTC,USD,BTC,"[{'tick_size': 0.0005, 'above_price': 0.005}]",2026-03-29 08:00:00
open,btc_usd,option,True,BTC-29MAR26-70000-C,0.0003,0.0003,reversed,1774771200000,1774425613000,606366,0.0001,1.0,70000.0,call,0.1,0.0003,25,0.0001,BTC,day,BTC,USD,BTC,"[{'tick_size': 0.0005, 'above_price': 0.005}]",2026-03-29 08:00:00
open,btc_usd,option,True,BTC-29MAR26-70000-P,0.0003,0.0003,reversed,1774771200000,1774425613000,606367,0.0001,1.0,70000.0,put,0.1,0.0003,25,0.0001,BTC,day,BTC,USD,BTC,"[{'tick_size': 0.0005, 'above_price': 0.005}]",2026-03-29 08:00:00
open,btc_usd,option,True,BTC-29MAR26-70500-C,0.0003,0.0003,reversed,1774771200000,1774425613000,606368,0.0001,1.0,70500.0,call,0.1,0.0003,25,0.0001,BTC,day,BTC,USD,BTC,"[{'tick_size': 0.0005, 'above_price': 0.005}]",2026-03-29 08:00:00
open,btc_usd,option,True,BTC-29MAR26-70500-P,0.0003,0.0003,reversed,1774771200000,1774425613000,606369,0.0001,1.0,70500.0,put,0.1,0.0003,25,0.0001,BTC,day,BTC,USD,BTC,"[{'tick_size': 0.0005, 'above_price': 0.005}]",2026-03-29 08:00:00
open,btc_usd,option,True,BTC-29MAR26-71000-C,0.0003,0.0003,reversed,1774771200000,1774425613000,606370,0.0001,1.0,71000.0,call,0.1,0.0003,25,0.0001,BTC,day,BTC,USD,BTC,"[{'tick_size': 0.0005, 'above_price': 0.005}]",2026-03-29 08:00:00
open,btc_usd,option,True,BTC-29MAR26-71000-P,0.0003,0.0003,reversed,1774771200000,1774425613000,606371,0.0001,1.0,71000.0,put,0.1,0.0003,25,0.0001,BTC,day,BTC,USD,BTC,"[{'tick_size': 0.0005, 'above_price': 0.005}]",2026-03-29 08:00:00
open,btc_usd,option,True,BTC-29MAR26-71500-C,0.0003,0.0003,reversed,1774771200000,1774425613000,606372,0.0001,1.0,71500.0,call,0.1,0.0003,25,0.0001,BTC,day,BTC,USD,BTC,"[{'tick_size': 0.0005, 'above_price': 0.005}]",2026-03-29 08:00:00
open,btc_usd,option,True,BTC-29MAR26-71500-P,0.0003,0.0003,reversed,1774771200000,1774425613000,606373,0.0001,1.0,71500.0,put,0.1,0.0003,25,0.0001,BTC,day,BTC,USD,BTC,"[{'tick_size': 0.0005, 'above_price': 0.005}]",2026-03-29 08:00:00
open,btc_usd,option,True,BTC-29MAR26-72000-C,0.0003,0.0003,reversed,1774771200000,1774425613000,606374,0.0001,1.0,72000.0,call,0.1,0.0003,25,0.0001,BTC,day,BTC,USD,BTC,"[{'tick_size': 0.0005, 'above_price': 0.005}]",2026-03-29 08:00:00
open,btc_usd,option,True,BTC-29MAR26-72000-P,0.0003,0.0003,reversed,1774771200000,1774425613000,606375,0.0001,1.0,72000.0,put,0.1,0.0003,25,0.0001,BTC,day,BTC,USD,BTC,"[{'tick_size': 0.0005, 'above_price': 0.005}]",2026-03-29 08:00:00
open,btc_usd,option,True,BTC-29MAR26-72500-C,0.0003,0.0003,reversed,1774771200000,1774425613000,606376,0.0001,1.0,72500.0,call,0.1,0.0003,25,0.0001,BTC,day,BTC,USD,BTC,"[{'tick_size': 0.0005, 'above_price': 0.005}]",2026-03-29 08:00:00
open,btc_usd,option,True,BTC-29MAR26-72500-P,0.0003,0.0003,reversed,1774771200000,1774425613000,606377,0.0001,1.0,72500.0,put,0.1,0.0003,25,0.0001,BTC,day,BTC,USD,BTC,"[{'tick_size': 0.0005, 'above_price': 0.005}]",2026-03-29 08:00:00
open,btc_usd,option,True,BTC-29MAR26-73000-C,0.0003,0.0003,reversed,1774771200000,1774425613000,606378,0.0001,1.0,73000.0,call,0.1,0.0003,25,0.0001,BTC,day,BTC,USD,BTC,"[{'tick_size': 0.0005, 'above_price': 0.005}]",2026-03-29 08:00:00
open,btc_usd,option,True,BTC-29MAR26-73000-P,0.0003,0.0003,reversed,1774771200000,1774425613000,606379,0.0001,1.0,73000.0,put,0.1,0.0003,25,0.0001,BTC,day,BTC,USD,BTC,"[{'tick_size': 0.0005, 'above_price': 0.005}]",2026-03-29 08:00:00
open,btc_usd,option,True,BTC-29MAR26-73500-C,0.0003,0.0003,reversed,1774771200000,1774425613000,606380,0.0001,1.0,73500.0,call,0.1,0.0003,25,0.0001,BTC,day,BTC,USD,BTC,"[{'tick_size': 0.0005, 'above_price': 0.005}]",2026-03-29 08:00:00
open,btc_usd,option,True,BTC-29MAR26-73500-P,0.0003,0.0003,reversed,1774771200000,1774425613000,606381,0.0001,1.0,73500.0,put,0.1,0.0003,25,0.0001,BTC,day,BTC,USD,BTC,"[{'tick_size': 0.0005, 'above_price': 0.005}]",2026-03-29 08:00:00
open,btc_usd,option,True,BTC-29MAR26-74000-C,0.0003,0.0003,reversed,1774771200000,1774425613000,606382,0.0001,1.0,74000.0,call,0.1,0.0003,25,0.0001,BTC,day,BTC,USD,BTC,"[{'tick_size': 0.0005, 'above_price': 0.005}]",2026-03-29 08:00:00
open,btc_usd,option,True,BTC-29MAR26-74000-P,0.0003,0.0003,reversed,1774771200000,1774425613000,606383,0.0001,1.0,74000.0,put,0.1,0.0003,25,0.0001,BTC,day,BTC,USD,BTC,"[{'tick_size': 0.0005, 'above_price': 0.005}]",2026-03-29 08:00:00
open,btc_usd,option,True,BTC-29MAR26-75000-C,0.0003,0.0003,reversed,1774771200000,1774425613000,606384,0.0001,1.0,75000.0,call,0.1,0.0003,25,0.0001,BTC,day,BTC,USD,BTC,"[{'tick_size': 0.0005, 'above_price': 0.005}]",2026-03-29 08:00:00
open,btc_usd,option,True,BTC-29MAR26-75000-P,0.0003,0.0003,reversed,1774771200000,1774425613000,606385,0.0001,1.0,75000.0,put,0.1,0.0003,25,0.0001,BTC,day,BTC,USD,BTC,"[{'tick_size': 0.0005, 'above_price': 0.005}]",2026-03-29 08:00:00
open,btc_usd,option,True,BTC-29MAR26-76000-C,0.0003,0.0003,reversed,1774771200000,1774425613000,606386,0.0001,1.0,76000.0,call,0.1,0.0003,25,0.0001,BTC,day,BTC,USD,BTC,"[{'tick_size': 0.0005, 'above_price': 0.005}]",2026-03-29 08:00:00
open,btc_usd,option,True,BTC-29MAR26-76000-P,0.0003,0.0003,reversed,1774771200000,1774425613000,606387,0.0001,1.0,76000.0,put,0.1,0.0003,25,0.0001,BTC,day,BTC,USD,BTC,"[{'tick_size': 0.0005, 'above_price': 0.005}]",2026-03-29 08:00:00
open,btc_usd,option,True,BTC-29MAR26-77000-C,0.0003,0.0003,reversed,1774771200000,1774425613000,606388,0.0001,1.0,77000.0,call,0.1,0.0003,25,0.0001,BTC,day,BTC,USD,BTC,"[{'tick_size': 0.0005, 'above_price': 0.005}]",2026-03-29 08:00:00
open,btc_usd,option,True,BTC-29MAR26-77000-P,0.0003,0.0003,reversed,1774771200000,1774425613000,606389,0.0001,1.0,77000.0,put,0.1,0.0003,25,0.0001,BTC,day,BTC,USD,BTC,"[{'tick_size': 0.0005, 'above_price': 0.005}]",2026-03-29 08:00:00
open,btc_usd,option,True,BTC-29MAR26-78000-C,0.0003,0.0003,reversed,1774771200000,1774425613000,606390,0.0001,1.0,78000.0,call,0.1,0.0003,25,0.0001,BTC,day,BTC,USD,BTC,"[{'tick_size': 0.0005, 'above_price': 0.005}]",2026-03-29 08:00:00
open,btc_usd,option,True,BTC-29MAR26-78000-P,0.0003,0.0003,reversed,1774771200000,1774425613000,606391,0.0001,1.0,78000.0,put,0.1,0.0003,25,0.0001,BTC,day,BTC,USD,BTC,"[{'tick_size': 0.0005, 'above_price': 0.005}]",2026-03-29 08:00:00
open,btc_usd,option,True,BTC-29MAR26-79000-C,0.0003,0.0003,reversed,1774771200000,1774425613000,606392,0.0001,1.0,79000.0,call,0.1,0.0003,25,0.0001,BTC,day,BTC,USD,BTC,"[{'tick_size': 0.0005, 'above_price': 0.005}]",2026-03-29 08:00:00
open,btc_usd,option,True,BTC-29MAR26-79000-P,0.0003,0.0003,reversed,1774771200000,1774425613000,606393,0.0001,1.0,79000.0,put,0.1,0.0003,25,0.0001,BTC,day,BTC,USD,BTC,"[{'tick_size': 0.0005, 'above_price': 0.005}]",2026-03-29 08:00:00
open,btc_usd,option,True,BTC-29MAR26-80000-C,0.0003,0.0003,reversed,1774771200000,1774427640000,606521,0.0001,1.0,80000.0,call,0.1,0.0003,25,0.0001,BTC,day,BTC,USD,BTC,"[{'tick_size': 0.0005, 'above_price': 0.005}]",2026-03-29 08:00:00
open,btc_usd,option,True,BTC-29MAR26-80000-P,0.0003,0.0003,reversed,1774771200000,1774427640000,606522,0.0001,1.0,80000.0,put,0.1,0.0003,25,0.0001,BTC,day,BTC,USD,BTC,"[{'tick_size': 0.0005, 'above_price': 0.005}]",2026-03-29 08:00:00
open,btc_usd,option,True,BTC-30MAR26-61000-C,0.0003,0.0003,reversed,1774857600000,1774538100000,607612,0.0001,1.0,61000.0,call,0.1,0.0003,25,0.0001,BTC,day,BTC,USD,BTC,"[{'tick_size': 0.0005, 'above_price': 0.005}]",2026-03-30 08:00:00
open,btc_usd,option,True,BTC-30MAR26-61000-P,0.0003,0.0003,reversed,1774857600000,1774538100000,607613,0.0001,1.0,61000.0,put,0.1,0.0003,25,0.0001,BTC,day,BTC,USD,BTC,"[{'tick_size': 0.0005, 'above_price': 0.005}]",2026-03-30 08:00:00
open,btc_usd,option,True,BTC-30MAR26-62000-C,0.0003,0.0003,reversed,1774857600000,1774512013000,606610,0.0001,1.0,62000.0,call,0.1,0.0003,25,0.0001,BTC,day,BTC,USD,BTC,"[{'tick_size': 0.0005, 'above_price': 0.005}]",2026-03-30 08:00:00
open,btc_usd,option,True,BTC-30MAR26-62000-P,0.0003,0.0003,reversed,1774857600000,1774512013000,606611,0.0001,1.0,62000.0,put,0.1,0.0003,25,0.0001,BTC,day,BTC,USD,BTC,"[{'tick_size': 0.0005, 'above_price': 0.005}]",2026-03-30 08:00:00
open,btc_usd,option,True,BTC-30MAR26-63000-C,0.0003,0.0003,reversed,1774857600000,1774512013000,606612,0.0001,1.0,63000.0,call,0.1,0.0003,25,0.0001,BTC,day,BTC,USD,BTC,"[{'tick_size': 0.0005, 'above_price': 0.005}]",2026-03-30 08:00:00
open,btc_usd,option,True,BTC-30MAR26-63000-P,0.0003,0.0003,reversed,1774857600000,1774512013000,606613,0.0001,1.0,63000.0,put,0.1,0.0003,25,0.0001,BTC,day,BTC,USD,BTC,"[{'tick_size': 0.0005, 'above_price': 0.005}]",2026-03-30 08:00:00
open,btc_usd,option,True,BTC-30MAR26-64000-C,0.0003,0.0003,reversed,1774857600000,1774512013000,606614,0.0001,1.0,64000.0,call,0.1,0.0003,25,0.0001,BTC,day,BTC,USD,BTC,"[{'tick_size': 0.0005, 'above_price': 0.005}]",2026-03-30 08:00:00
open,btc_usd,option,True,BTC-30MAR26-64000-P,0.0003,0.0003,reversed,1774857600000,1774512013000,606615,0.0001,1.0,64000.0,put,0.1,0.0003,25,0.0001,BTC,day,BTC,USD,BTC,"[{'tick_size': 0.0005, 'above_price': 0.005}]",2026-03-30 08:00:00
open,btc_usd,option,True,BTC-30MAR26-65000-C,0.0003,0.0003,reversed,1774857600000,1774512013000,606616,0.0001,1.0,65000.0,call,0.1,0.0003,25,0.0001,BTC,day,BTC,USD,BTC,"[{'tick_size': 0.0005, 'above_price': 0.005}]",2026-03-30 08:00:00
open,btc_usd,option,True,BTC-30MAR26-65000-P,0.0003,0.0003,reversed,1774857600000,1774512013000,606617,0.0001,1.0,65000.0,put,0.1,0.0003,25,0.0001,BTC,day,BTC,USD,BTC,"[{'tick_size': 0.0005, 'above_price': 0.005}]",2026-03-30 08:00:00
open,btc_usd,option,True,BTC-30MAR26-66000-C,0.0003,0.0003,reversed,1774857600000,1774512013000,606618,0.0001,1.0,66000.0,call,0.1,0.0003,25,0.0001,BTC,day,BTC,USD,BTC,"[{'tick_size': 0.0005, 'above_price': 0.005}]",2026-03-30 08:00:00
open,btc_usd,option,True,BTC-30MAR26-66000-P,0.0003,0.0003,reversed,1774857600000,1774512013000,606619,0.0001,1.0,66000.0,put,0.1,0.0003,25,0.0001,BTC,day,BTC,USD,BTC,"[{'tick_size': 0.0005, 'above_price': 0.005}]",2026-03-30 08:00:00
open,btc_usd,option,True,BTC-30MAR26-66500-C,0.0003,0.0003,reversed,1774857600000,1774552260000,607652,0.0001,1.0,66500.0,call,0.1,0.0003,25,0.0001,BTC,day,BTC,USD,BTC,"[{'tick_size': 0.0005, 'above_price': 0.005}]",2026-03-30 08:00:00
open,btc_usd,option,True,BTC-30MAR26-66500-P,0.0003,0.0003,reversed,1774857600000,1774552260000,607653,0.0001,1.0,66500.0,put,0.1,0.0003,25,0.0001,BTC,day,BTC,USD,BTC,"[{'tick_size': 0.0005, 'above_price': 0.005}]",2026-03-30 08:00:00
open,btc_usd,option,True,BTC-30MAR26-67000-C,0.0003,0.0003,reversed,1774857600000,1774512013000,606620,0.0001,1.0,67000.0,call,0.1,0.0003,25,0.0001,BTC,day,BTC,USD,BTC,"[{'tick_size': 0.0005, 'above_price': 0.005}]",2026-03-30 08:00:00
open,btc_usd,option,True,BTC-30MAR26-67000-P,0.0003,0.0003,reversed,1774857600000,1774512013000,606621,0.0001,1.0,67000.0,put,0.1,0.0003,25,0.0001,BTC,day,BTC,USD,BTC,"[{'tick_size': 0.0005, 'above_price': 0.005}]",2026-03-30 08:00:00
open,btc_usd,option,True,BTC-30MAR26-67500-C,0.0003,0.0003,reversed,1774857600000,1774512013000,606622,0.0001,1.0,67500.0,call,0.1,0.0003,25,0.0001,BTC,day,BTC,USD,BTC,"[{'tick_size': 0.0005, 'above_price': 0.005}]",2026-03-30 08:00:00
open,btc_usd,option,True,BTC-30MAR26-67500-P,0.0003,0.0003,reversed,1774857600000,1774512013000,606623,0.0001,1.0,67500.0,put,0.1,0.0003,25,0.0001,BTC,day,BTC,USD,BTC,"[{'tick_size': 0.0005, 'above_price': 0.005}]",2026-03-30 08:00:00
open,btc_usd,option,True,BTC-30MAR26-68000-C,0.0003,0.0003,reversed,1774857600000,1774512013000,606624,0.0001,1.0,68000.0,call,0.1,0.0003,25,0.0001,BTC,day,BTC,USD,BTC,"[{'tick_size': 0.0005, 'above_price': 0.005}]",2026-03-30 08:00:00
open,btc_usd,option,True,BTC-30MAR26-68000-P,0.0003,0.0003,reversed,1774857600000,1774512013000,606625,0.0001,1.0,68000.0,put,0.1,0.0003,25,0.0001,BTC,day,BTC,USD,BTC,"[{'tick_size': 0.0005, 'above_price': 0.005}]",2026-03-30 08:00:00
open,btc_usd,option,True,BTC-30MAR26-68500-C,0.0003,0.0003,reversed,1774857600000,1774512013000,606626,0.0001,1.0,68500.0,call,0.1,0.0003,25,0.0001,BTC,day,BTC,USD,BTC,"[{'tick_size': 0.0005, 'above_price': 0.005}]",2026-03-30 08:00:00
open,btc_usd,option,True,BTC-30MAR26-68500-P,0.0003,0.0003,reversed,1774857600000,1774512013000,606627,0.0001,1.0,68500.0,put,0.1,0.0003,25,0.0001,BTC,day,BTC,USD,BTC,"[{'tick_size': 0.0005, 'above_price': 0.005}]",2026-03-30 08:00:00
open,btc_usd,option,True,BTC-30MAR26-69000-C,0.0003,0.0003,reversed,1774857600000,1774512013000,606628,0.0001,1.0,69000.0,call,0.1,0.0003,25,0.0001,BTC,day,BTC,USD,BTC,"[{'tick_size': 0.0005, 'above_price': 0.005}]",2026-03-30 08:00:00
open,btc_usd,option,True,BTC-30MAR26-69000-P,0.0003,0.0003,reversed,1774857600000,1774512013000,606629,0.0001,1.0,69000.0,put,0.1,0.0003,25,0.0001,BTC,day,BTC,USD,BTC,"[{'tick_size': 0.0005, 'above_price': 0.005}]",2026-03-30 08:00:00
open,btc_usd,option,True,BTC-30MAR26-69500-C,0.0003,0.0003,reversed,1774857600000,1774512013000,606630,0.0001,1.0,69500.0,call,0.1,0.0003,25,0.0001,BTC,day,BTC,USD,BTC,"[{'tick_size': 0.0005, 'above_price': 0.005}]",2026-03-30 08:00:00
open,btc_usd,option,True,BTC-30MAR26-69500-P,0.0003,0.0003,reversed,1774857600000,1774512013000,606631,0.0001,1.0,69500.0,put,0.1,0.0003,25,0.0001,BTC,day,BTC,USD,BTC,"[{'tick_size': 0.0005, 'above_price': 0.005}]",2026-03-30 08:00:00
open,btc_usd,option,True,BTC-30MAR26-70000-C,0.0003,0.0003,reversed,1774857600000,1774512013000,606632,0.0001,1.0,70000.0,call,0.1,0.0003,25,0.0001,BTC,day,BTC,USD,BTC,"[{'tick_size': 0.0005, 'above_price': 0.005}]",2026-03-30 08:00:00
open,btc_usd,option,True,BTC-30MAR26-70000-P,0.0003,0.0003,reversed,1774857600000,1774512013000,606633,0.0001,1.0,70000.0,put,0.1,0.0003,25,0.0001,BTC,day,BTC,USD,BTC,"[{'tick_size': 0.0005, 'above_price': 0.005}]",2026-03-30 08:00:00
open,btc_usd,option,True,BTC-30MAR26-70500-C,0.0003,0.0003,reversed,1774857600000,1774512013000,606634,0.0001,1.0,70500.0,call,0.1,0.0003,25,0.0001,BTC,day,BTC,USD,BTC,"[{'tick_size': 0.0005, 'above_price': 0.005}]",2026-03-30 08:00:00
open,btc_usd,option,True,BTC-30MAR26-70500-P,0.0003,0.0003,reversed,1774857600000,1774512013000,606635,0.0001,1.0,70500.0,put,0.1,0.0003,25,0.0001,BTC,day,BTC,USD,BTC,"[{'tick_size': 0.0005, 'above_price': 0.005}]",2026-03-30 08:00:00
open,btc_usd,option,True,BTC-30MAR26-71000-C,0.0003,0.0003,reversed,1774857600000,1774512013000,606636,0.0001,1.0,71000.0,call,0.1,0.0003,25,0.0001,BTC,day,BTC,USD,BTC,"[{'tick_size': 0.0005, 'above_price': 0.005}]",2026-03-30 08:00:00
open,btc_usd,option,True,BTC-30MAR26-71000-P,0.0003,0.0003,reversed,1774857600000,1774512013000,606637,0.0001,1.0,71000.0,put,0.1,0.0003,25,0.0001,BTC,day,BTC,USD,BTC,"[{'tick_size': 0.0005, 'above_price': 0.005}]",2026-03-30 08:00:00
open,btc_usd,option,True,BTC-30MAR26-71500-C,0.0003,0.0003,reversed,1774857600000,1774512013000,606638,0.0001,1.0,71500.0,call,0.1,0.0003,25,0.0001,BTC,day,BTC,USD,BTC,"[{'tick_size': 0.0005, 'above_price': 0.005}]",2026-03-30 08:00:00
open,btc_usd,option,True,BTC-30MAR26-71500-P,0.0003,0.0003,reversed,1774857600000,1774512013000,606639,0.0001,1.0,71500.0,put,0.1,0.0003,25,0.0001,BTC,day,BTC,USD,BTC,"[{'tick_size': 0.0005, 'above_price': 0.005}]",2026-03-30 08:00:00
open,btc_usd,option,True,BTC-30MAR26-72000-C,0.0003,0.0003,reversed,1774857600000,1774512013000,606640,0.0001,1.0,72000.0,call,0.1,0.0003,25,0.0001,BTC,day,BTC,USD,BTC,"[{'tick_size': 0.0005, 'above_price': 0.005}]",2026-03-30 08:00:00
open,btc_usd,option,True,BTC-30MAR26-72000-P,0.0003,0.0003,reversed,1774857600000,1774512013000,606641,0.0001,1.0,72000.0,put,0.1,0.0003,25,0.0001,BTC,day,BTC,USD,BTC,"[{'tick_size': 0.0005, 'above_price': 0.005}]",2026-03-30 08:00:00
open,btc_usd,option,True,BTC-30MAR26-72500-C,0.0003,0.0003,reversed,1774857600000,1774512013000,606642,0.0001,1.0,72500.0,call,0.1,0.0003,25,0.0001,BTC,day,BTC,USD,BTC,"[{'tick_size': 0.0005, 'above_price': 0.005}]",2026-03-30 08:00:00
open,btc_usd,option,True,BTC-30MAR26-72500-P,0.0003,0.0003,reversed,1774857600000,1774512013000,606643,0.0001,1.0,72500.0,put,0.1,0.0003,25,0.0001,BTC,day,BTC,USD,BTC,"[{'tick_size': 0.0005, 'above_price': 0.005}]",2026-03-30 08:00:00
open,btc_usd,option,True,BTC-30MAR26-73000-C,0.0003,0.0003,reversed,1774857600000,1774512013000,606644,0.0001,1.0,73000.0,call,0.1,0.0003,25,0.0001,BTC,day,BTC,USD,BTC,"[{'tick_size': 0.0005, 'above_price': 0.005}]",2026-03-30 08:00:00
open,btc_usd,option,True,BTC-30MAR26-73000-P,0.0003,0.0003,reversed,1774857600000,1774512013000,606645,0.0001,1.0,73000.0,put,0.1,0.0003,25,0.0001,BTC,day,BTC,USD,BTC,"[{'tick_size': 0.0005, 'above_price': 0.005}]",2026-03-30 08:00:00
open,btc_usd,option,True,BTC-30MAR26-74000-C,0.0003,0.0003,reversed,1774857600000,1774512013000,606646,0.0001,1.0,74000.0,call,0.1,0.0003,25,0.0001,BTC,day,BTC,USD,BTC,"[{'tick_size': 0.0005, 'above_price': 0.005}]",2026-03-30 08:00:00
open,btc_usd,option,True,BTC-30MAR26-74000-P,0.0003,0.0003,reversed,1774857600000,1774512013000,606647,0.0001,1.0,74000.0,put,0.1,0.0003,25,0.0001,BTC,day,BTC,USD,BTC,"[{'tick_size': 0.0005, 'above_price': 0.005}]",2026-03-30 08:00:00
open,btc_usd,option,True,BTC-30MAR26-75000-C,0.0003,0.0003,reversed,1774857600000,1774512013000,606648,0.0001,1.0,75000.0,call,0.1,0.0003,25,0.0001,BTC,day,BTC,USD,BTC,"[{'tick_size': 0.0005, 'above_price': 0.005}]",2026-03-30 08:00:00
open,btc_usd,option,True,BTC-30MAR26-75000-P,0.0003,0.0003,reversed,1774857600000,1774512013000,606649,0.0001,1.0,75000.0,put,0.1,0.0003,25,0.0001,BTC,day,BTC,USD,BTC,"[{'tick_size': 0.0005, 'above_price': 0.005}]",2026-03-30 08:00:00
open,btc_usd,option,True,BTC-30MAR26-76000-C,0.0003,0.0003,reversed,1774857600000,1774512013000,606650,0.0001,1.0,76000.0,call,0.1,0.0003,25,0.0001,BTC,day,BTC,USD,BTC,"[{'tick_size': 0.0005, 'above_price': 0.005}]",2026-03-30 08:00:00
open,btc_usd,option,True,BTC-30MAR26-76000-P,0.0003,0.0003,reversed,1774857600000,1774512013000,606651,0.0001,1.0,76000.0,put,0.1,0.0003,25,0.0001,BTC,day,BTC,USD,BTC,"[{'tick_size': 0.0005, 'above_price': 0.005}]",2026-03-30 08:00:00
open,btc_usd,option,True,BTC-30MAR26-77000-C,0.0003,0.0003,reversed,1774857600000,1774512013000,606652,0.0001,1.0,77000.0,call,0.1,0.0003,25,0.0001,BTC,day,BTC,USD,BTC,"[{'tick_size': 0.0005, 'above_price': 0.005}]",2026-03-30 08:00:00
open,btc_usd,option,True,BTC-30MAR26-77000-P,0.0003,0.0003,reversed,1774857600000,1774512013000,606653,0.0001,1.0,77000.0,put,0.1,0.0003,25,0.0001,BTC,day,BTC,USD,BTC,"[{'tick_size': 0.0005, 'above_price': 0.005}]",2026-03-30 08:00:00
open,btc_usd,option,True,BTC-30MAR26-78000-C,0.0003,0.0003,reversed,1774857600000,1774512013000,606654,0.0001,1.0,78000.0,call,0.1,0.0003,25,0.0001,BTC,day,BTC,USD,BTC,"[{'tick_size': 0.0005, 'above_price': 0.005}]",2026-03-30 08:00:00
open,btc_usd,option,True,BTC-30MAR26-78000-P,0.0003,0.0003,reversed,1774857600000,1774512013000,606655,0.0001,1.0,78000.0,put,0.1,0.0003,25,0.0001,BTC,day,BTC,USD,BTC,"[{'tick_size': 0.0005, 'above_price': 0.005}]",2026-03-30 08:00:00
open,btc_usd,option,True,BTC-3APR26-60000-C,0.0003,0.0003,reversed,1775203200000,1773302423000,600784,0.0001,1.0,60000.0,call,0.1,0.0003,25,0.0001,BTC,week,BTC,USD,BTC,"[{'tick_size': 0.0005, 'above_price': 0.005}]",2026-04-03 08:00:00
open,btc_usd,option,True,BTC-3APR26-60000-P,0.0003,0.0003,reversed,1775203200000,1773302423000,600785,0.0001,1.0,60000.0,put,0.1,0.0003,25,0.0001,BTC,week,BTC,USD,BTC,"[{'tick_size': 0.0005, 'above_price': 0.005}]",2026-04-03 08:00:00
open,btc_usd,option,True,BTC-3APR26-62000-C,0.0003,0.0003,reversed,1775203200000,1774492448000,606588,0.0001,1.0,62000.0,call,0.1,0.0003,25,0.0001,BTC,week,BTC,USD,BTC,"[{'tick_size': 0.0005, 'above_price': 0.005}]",2026-04-03 08:00:00
open,btc_usd,option,True,BTC-3APR26-62000-P,0.0003,0.0003,reversed,1775203200000,1774492448000,606589,0.0001,1.0,62000.0,put,0.1,0.0003,25,0.0001,BTC,week,BTC,USD,BTC,"[{'tick_size': 0.0005, 'above_price': 0.005}]",2026-04-03 08:00:00
open,btc_usd,option,True,BTC-3APR26-64000-C,0.0003,0.0003,reversed,1775203200000,1773302423000,600786,0.0001,1.0,64000.0,call,0.1,0.0003,25,0.0001,BTC,week,BTC,USD,BTC,"[{'tick_size': 0.0005, 'above_price': 0.005}]",2026-04-03 08:00:00
open,btc_usd,option,True,BTC-3APR26-64000-P,0.0003,0.0003,reversed,1775203200000,1773302423000,600787,0.0001,1.0,64000.0,put,0.1,0.0003,25,0.0001,BTC,week,BTC,USD,BTC,"[{'tick_size': 0.0005, 'above_price': 0.005}]",2026-04-03 08:00:00
open,btc_usd,option,True,BTC-3APR26-65000-C,0.0003,0.0003,reversed,1775203200000,1773398460000,601393,0.0001,1.0,65000.0,call,0.1,0.0003,25,0.0001,BTC,week,BTC,USD,BTC,"[{'tick_size': 0.0005, 'above_price': 0.005}]",2026-04-03 08:00:00
open,btc_usd,option,True,BTC-3APR26-65000-P,0.0003,0.0003,reversed,1775203200000,1773398460000,601394,0.0001,1.0,65000.0,put,0.1,0.0003,25,0.0001,BTC,week,BTC,USD,BTC,"[{'tick_size': 0.0005, 'above_price': 0.005}]",2026-04-03 08:00:00
open,btc_usd,option,True,BTC-3APR26-66000-C,0.0003,0.0003,reversed,1775203200000,1773302423000,600788,0.0001,1.0,66000.0,call,0.1,0.0003,25,0.0001,BTC,week,BTC,USD,BTC,"[{'tick_size': 0.0005, 'above_price': 0.005}]",2026-04-03 08:00:00
open,btc_usd,option,True,BTC-3APR26-66000-P,0.0003,0.0003,reversed,1775203200000,1773302423000,600789,0.0001,1.0,66000.0,put,0.1,0.0003,25,0.0001,BTC,week,BTC,USD,BTC,"[{'tick_size': 0.0005, 'above_price': 0.005}]",2026-04-03 08:00:00
open,btc_usd,option,True,BTC-3APR26-67000-C,0.0003,0.0003,reversed,1775203200000,1773302423000,600790,0.0001,1.0,67000.0,call,0.1,0.0003,25,0.0001,BTC,week,BTC,USD,BTC,"[{'tick_size': 0.0005, 'above_price': 0.005}]",2026-04-03 08:00:00
open,btc_usd,option,True,BTC-3APR26-67000-P,0.0003,0.0003,reversed,1775203200000,1773302423000,600791,0.0001,1.0,67000.0,put,0.1,0.0003,25,0.0001,BTC,week,BTC,USD,BTC,"[{'tick_size': 0.0005, 'above_price': 0.005}]",2026-04-03 08:00:00
open,btc_usd,option,True,BTC-3APR26-68000-C,0.0003,0.0003,reversed,1775203200000,1773302423000,600792,0.0001,1.0,68000.0,call,0.1,0.0003,25,0.0001,BTC,week,BTC,USD,BTC,"[{'tick_size': 0.0005, 'above_price': 0.005}]",2026-04-03 08:00:00
open,btc_usd,option,True,BTC-3APR26-68000-P,0.0003,0.0003,reversed,1775203200000,1773302423000,600793,0.0001,1.0,68000.0,put,0.1,0.0003,25,0.0001,BTC,week,BTC,USD,BTC,"[{'tick_size': 0.0005, 'above_price': 0.005}]",2026-04-03 08:00:00
open,btc_usd,option,True,BTC-3APR26-69000-C,0.0003,0.0003,reversed,1775203200000,1773302423000,600794,0.0001,1.0,69000.0,call,0.1,0.0003,25,0.0001,BTC,week,BTC,USD,BTC,"[{'tick_size': 0.0005, 'above_price': 0.005}]",2026-04-03 08:00:00
open,btc_usd,option,True,BTC-3APR26-69000-P,0.0003,0.0003,reversed,1775203200000,1773302423000,600795,0.0001,1.0,69000.0,put,0.1,0.0003,25,0.0001,BTC,week,BTC,USD,BTC,"[{'tick_size': 0.0005, 'above_price': 0.005}]",2026-04-03 08:00:00
open,btc_usd,option,True,BTC-3APR26-70000-C,0.0003,0.0003,reversed,1775203200000,1773302423000,600796,0.0001,1.0,70000.0,call,0.1,0.0003,25,0.0001,BTC,week,BTC,USD,BTC,"[{'tick_size': 0.0005, 'above_price': 0.005}]",2026-04-03 08:00:00
open,btc_usd,option,True,BTC-3APR26-70000-P,0.0003,0.0003,reversed,1775203200000,1773302423000,600797,0.0001,1.0,70000.0,put,0.1,0.0003,25,0.0001,BTC,week,BTC,USD,BTC,"[{'tick_size': 0.0005, 'above_price': 0.005}]",2026-04-03 08:00:00
open,btc_usd,option,True,BTC-3APR26-71000-C,0.0003,0.0003,reversed,1775203200000,1773302423000,600798,0.0001,1.0,71000.0,call,0.1,0.0003,25,0.0001,BTC,week,BTC,USD,BTC,"[{'tick_size': 0.0005, 'above_price': 0.005}]",2026-04-03 08:00:00
open,btc_usd,option,True,BTC-3APR26-71000-P,0.0003,0.0003,reversed,1775203200000,1773302423000,600799,0.0001,1.0,71000.0,put,0.1,0.0003,25,0.0001,BTC,week,BTC,USD,BTC,"[{'tick_size': 0.0005, 'above_price': 0.005}]",2026-04-03 08:00:00
open,btc_usd,option,True,BTC-3APR26-72000-C,0.0003,0.0003,reversed,1775203200000,1773302423000,600800,0.0001,1.0,72000.0,call,0.1,0.0003,25,0.0001,BTC,week,BTC,USD,BTC,"[{'tick_size': 0.0005, 'above_price': 0.005}]",2026-04-03 08:00:00
open,btc_usd,option,True,BTC-3APR26-72000-P,0.0003,0.0003,reversed,1775203200000,1773302423000,600801,0.0001,1.0,72000.0,put,0.1,0.0003,25,0.0001,BTC,week,BTC,USD,BTC,"[{'tick_size': 0.0005, 'above_price': 0.005}]",2026-04-03 08:00:00
open,btc_usd,option,True,BTC-3APR26-73000-C,0.0003,0.0003,reversed,1775203200000,1773302423000,600802,0.0001,1.0,73000.0,call,0.1,0.0003,25,0.0001,BTC,week,BTC,USD,BTC,"[{'tick_size': 0.0005, 'above_price': 0.005}]",2026-04-03 08:00:00
open,btc_usd,option,True,BTC-3APR26-73000-P,0.0003,0.0003,reversed,1775203200000,1773302423000,600803,0.0001,1.0,73000.0,put,0.1,0.0003,25,0.0001,BTC,week,BTC,USD,BTC,"[{'tick_size': 0.0005, 'above_price': 0.005}]",2026-04-03 08:00:00
open,btc_usd,option,True,BTC-3APR26-74000-C,0.0003,0.0003,reversed,1775203200000,1773302423000,600804,0.0001,1.0,74000.0,call,0.1,0.0003,25,0.0001,BTC,week,BTC,USD,BTC,"[{'tick_size': 0.0005, 'above_price': 0.005}]",2026-04-03 08:00:00
open,btc_usd,option,True,BTC-3APR26-74000-P,0.0003,0.0003,reversed,1775203200000,1773302423000,600805,0.0001,1.0,74000.0,put,0.1,0.0003,25,0.0001,BTC,week,BTC,USD,BTC,"[{'tick_size': 0.0005, 'above_price': 0.005}]",2026-04-03 08:00:00
open,btc_usd,option,True,BTC-3APR26-75000-C,0.0003,0.0003,reversed,1775203200000,1773375420000,601026,0.0001,1.0,75000.0,call,0.1,0.0003,25,0.0001,BTC,week,BTC,USD,BTC,"[{'tick_size': 0.0005, 'above_price': 0.005}]",2026-04-03 08:00:00
open,btc_usd,option,True,BTC-3APR26-75000-P,0.0003,0.0003,reversed,1775203200000,1773375420000,601027,0.0001,1.0,75000.0,put,0.1,0.0003,25,0.0001,BTC,week,BTC,USD,BTC,"[{'tick_size': 0.0005, 'above_price': 0.005}]",2026-04-03 08:00:00
open,btc_usd,option,True,BTC-3APR26-76000-C,0.0003,0.0003,reversed,1775203200000,1773302423000,600806,0.0001,1.0,76000.0,call,0.1,0.0003,25,0.0001,BTC,week,BTC,USD,BTC,"[{'tick_size': 0.0005, 'above_price': 0.005}]",2026-04-03 08:00:00
open,btc_usd,option,True,BTC-3APR26-76000-P,0.0003,0.0003,reversed,1775203200000,1773302423000,600807,0.0001,1.0,76000.0,put,0.1,0.0003,25,0.0001,BTC,week,BTC,USD,BTC,"[{'tick_size': 0.0005, 'above_price': 0.005}]",2026-04-03 08:00:00
open,btc_usd,option,True,BTC-3APR26-77000-C,0.0003,0.0003,reversed,1775203200000,1773646500000,602415,0.0001,1.0,77000.0,call,0.1,0.0003,25,0.0001,BTC,week,BTC,USD,BTC,"[{'tick_size': 0.0005, 'above_price': 0.005}]",2026-04-03 08:00:00
open,btc_usd,option,True,BTC-3APR26-77000-P,0.0003,0.0003,reversed,1775203200000,1773646500000,602416,0.0001,1.0,77000.0,put,0.1,0.0003,25,0.0001,BTC,week,BTC,USD,BTC,"[{'tick_size': 0.0005, 'above_price': 0.005}]",2026-04-03 08:00:00
open,btc_usd,option,True,BTC-3APR26-78000-C,0.0003,0.0003,reversed,1775203200000,1773314340000,600947,0.0001,1.0,78000.0,call,0.1,0.0003,25,0.0001,BTC,week,BTC,USD,BTC,"[{'tick_size': 0.0005, 'above_price': 0.005}]",2026-04-03 08:00:00
open,btc_usd,option,True,BTC-3APR26-78000-P,0.0003,0.0003,reversed,1775203200000,1773314340000,600948,0.0001,1.0,78000.0,put,0.1,0.0003,25,0.0001,BTC,week,BTC,USD,BTC,"[{'tick_size': 0.0005, 'above_price': 0.005}]",2026-04-03 08:00:00
open,btc_usd,option,True,BTC-3APR26-80000-C,0.0003,0.0003,reversed,1775203200000,1773302423000,600808,0.0001,1.0,80000.0,call,0.1,0.0003,25,0.0001,BTC,week,BTC,USD,BTC,"[{'tick_size': 0.0005, 'above_price': 0.005}]",2026-04-03 08:00:00
open,btc_usd,option,True,BTC-3APR26-80000-P,0.0003,0.0003,reversed,1775203200000,1773302423000,600809,0.0001,1.0,80000.0,put,0.1,0.0003,25,0.0001,BTC,week,BTC,USD,BTC,"[{'tick_size': 0.0005, 'above_price': 0.005}]",2026-04-03 08:00:00
open,btc_usd,option,True,BTC-3APR26-82000-C,0.0003,0.0003,reversed,1775203200000,1773706080000,602767,0.0001,1.0,82000.0,call,0.1,0.0003,25,0.0001,BTC,week,BTC,USD,BTC,"[{'tick_size': 0.0005, 'above_price': 0.005}]",2026-04-03 08:00:00
open,btc_usd,option,True,BTC-3APR26-82000-P,0.0003,0.0003,reversed,1775203200000,1773706080000,602768,0.0001,1.0,82000.0,put,0.1,0.0003,25,0.0001,BTC,week,BTC,USD,BTC,"[{'tick_size': 0.0005, 'above_price': 0.005}]",2026-04-03 08:00:00
open,btc_usd,option,True,BTC-3APR26-85000-C,0.0003,0.0003,reversed,1775203200000,1773308700000,600933,0.0001,1.0,85000.0,call,0.1,0.0003,25,0.0001,BTC,week,BTC,USD,BTC,"[{'tick_size': 0.0005, 'above_price': 0.005}]",2026-04-03 08:00:00
open,btc_usd,option,True,BTC-3APR26-85000-P,0.0003,0.0003,reversed,1775203200000,1773308700000,600934,0.0001,1.0,85000.0,put,0.1,0.0003,25,0.0001,BTC,week,BTC,USD,BTC,"[{'tick_size': 0.0005, 'above_price': 0.005}]",2026-04-03 08:00:00
open,btc_usd,option,True,BTC-3APR26-90000-C,0.0003,0.0003,reversed,1775203200000,1773709860000,602785,0.0001,1.0,90000.0,call,0.1,0.0003,25,0.0001,BTC,week,BTC,USD,BTC,"[{'tick_size': 0.0005, 'above_price': 0.005}]",2026-04-03 08:00:00
open,btc_usd,option,True,BTC-3APR26-90000-P,0.0003,0.0003,reversed,1775203200000,1773709860000,602786,0.0001,1.0,90000.0,put,0.1,0.0003,25,0.0001,BTC,week,BTC,USD,BTC,"[{'tick_size': 0.0005, 'above_price': 0.005}]",2026-04-03 08:00:00
open,btc_usd,option,True,BTC-10APR26-60000-C,0.0003,0.0003,reversed,1775808000000,1773907228000,603783,0.0001,1.0,60000.0,call,0.1,0.0003,25,0.0001,BTC,week,BTC,USD,BTC,"[{'tick_size': 0.0005, 'above_price': 0.005}]",2026-04-10 08:00:00
open,btc_usd,option,True,BTC-10APR26-60000-P,0.0003,0.0003,reversed,1775808000000,1773907228000,603784,0.0001,1.0,60000.0,put,0.1,0.0003,25,0.0001,BTC,week,BTC,USD,BTC,"[{'tick_size': 0.0005, 'above_price': 0.005}]",2026-04-10 08:00:00
open,btc_usd,option,True,BTC-10APR26-62000-C,0.0003,0.0003,reversed,1775808000000,1773924720000,604312,0.0001,1.0,62000.0,call,0.1,0.0003,25,0.0001,BTC,week,BTC,USD,BTC,"[{'tick_size': 0.0005, 'above_price': 0.005}]",2026-04-10 08:00:00
open,btc_usd,option,True,BTC-10APR26-62000-P,0.0003,0.0003,reversed,1775808000000,1773924720000,604313,0.0001,1.0,62000.0,put,0.1,0.0003,25,0.0001,BTC,week,BTC,USD,BTC,"[{'tick_size': 0.0005, 'above_price': 0.005}]",2026-04-10 08:00:00
open,btc_usd,option,True,BTC-10APR26-63000-C,0.0003,0.0003,reversed,1775808000000,1774406842000,606330,0.0001,1.0,63000.0,call,0.1,0.0003,25,0.0001,BTC,week,BTC,USD,BTC,"[{'tick_size': 0.0005, 'above_price': 0.005}]",2026-04-10 08:00:00
open,btc_usd,option,True,BTC-10APR26-63000-P,0.0003,0.0003,reversed,1775808000000,1774406842000,606331,0.0001,1.0,63000.0,put,0.1,0.0003,25,0.0001,BTC,week,BTC,USD,BTC,"[{'tick_size': 0.0005, 'above_price': 0.005}]",2026-04-10 08:00:00
open,btc_usd,option,True,BTC-10APR26-64000-C,0.0003,0.0003,reversed,1775808000000,1773907228000,603785,0.0001,1.0,64000.0,call,0.1,0.0003,25,0.0001,BTC,week,BTC,USD,BTC,"[{'tick_size': 0.0005, 'above_price': 0.005}]",2026-04-10 08:00:00
open,btc_usd,option,True,BTC-10APR26-64000-P,0.0003,0.0003,reversed,1775808000000,1773907228000,603786,0.0001,1.0,64000.0,put,0.1,0.0003,25,0.0001,BTC,week,BTC,USD,BTC,"[{'tick_size': 0.0005, 'above_price': 0.005}]",2026-04-10 08:00:00
open,btc_usd,option,True,BTC-10APR26-65000-C,0.0003,0.0003,reversed,1775808000000,1774221360000,605612,0.0001,1.0,65000.0,call,0.1,0.0003,25,0.0001,BTC,week,BTC,USD,BTC,"[{'tick_size': 0.0005, 'above_price': 0.005}]",2026-04-10 08:00:00
open,btc_usd,option,True,BTC-10APR26-65000-P,0.0003,0.0003,reversed,1775808000000,1774221360000,605613,0.0001,1.0,65000.0,put,0.1,0.0003,25,0.0001,BTC,week,BTC,USD,BTC,"[{'tick_size': 0.0005, 'above_price': 0.005}]",2026-04-10 08:00:00
open,btc_usd,option,True,BTC-10APR26-66000-C,0.0003,0.0003,reversed,1775808000000,1773907228000,603787,0.0001,1.0,66000.0,call,0.1,0.0003,25,0.0001,BTC,week,BTC,USD,BTC,"[{'tick_size': 0.0005, 'above_price': 0.005}]",2026-04-10 08:00:00
open,btc_usd,option,True,BTC-10APR26-66000-P,0.0003,0.0003,reversed,1775808000000,1773907228000,603788,0.0001,1.0,66000.0,put,0.1,0.0003,25,0.0001,BTC,week,BTC,USD,BTC,"[{'tick_size': 0.0005, 'above_price': 0.005}]",2026-04-10 08:00:00
open,btc_usd,option,True,BTC-10APR26-67000-C,0.0003,0.0003,reversed,1775808000000,1773907228000,603789,0.0001,1.0,67000.0,call,0.1,0.0003,25,0.0001,BTC,week,BTC,USD,BTC,"[{'tick_size': 0.0005, 'above_price': 0.005}]",2026-04-10 08:00:00
open,btc_usd,option,True,BTC-10APR26-67000-P,0.0003,0.0003,reversed,1775808000000,1773907228000,603790,0.0001,1.0,67000.0,put,0.1,0.0003,25,0.0001,BTC,week,BTC,USD,BTC,"[{'tick_size': 0.0005, 'above_price': 0.005}]",2026-04-10 08:00:00
open,btc_usd,option,True,BTC-10APR26-68000-C,0.0003,0.0003,reversed,1775808000000,1773907228000,603791,0.0001,1.0,68000.0,call,0.1,0.0003,25,0.0001,BTC,week,BTC,USD,BTC,"[{'tick_size': 0.0005, 'above_price': 0.005}]",2026-04-10 08:00:00
open,btc_usd,option,True,BTC-10APR26-68000-P,0.0003,0.0003,reversed,1775808000000,1773907228000,603792,0.0001,1.0,68000.0,put,0.1,0.0003,25,0.0001,BTC,week,BTC,USD,BTC,"[{'tick_size': 0.0005, 'above_price': 0.005}]",2026-04-10 08:00:00
open,btc_usd,option,True,BTC-10APR26-69000-C,0.0003,0.0003,reversed,1775808000000,1773907228000,603793,0.0001,1.0,69000.0,call,0.1,0.0003,25,0.0001,BTC,week,BTC,USD,BTC,"[{'tick_size': 0.0005, 'above_price': 0.005}]",2026-04-10 08:00:00
open,btc_usd,option,True,BTC-10APR26-69000-P,0.0003,0.0003,reversed,1775808000000,1773907228000,603794,0.0001,1.0,69000.0,put,0.1,0.0003,25,0.0001,BTC,week,BTC,USD,BTC,"[{'tick_size': 0.0005, 'above_price': 0.005}]",2026-04-10 08:00:00
open,btc_usd,option,True,BTC-10APR26-70000-C,0.0003,0.0003,reversed,1775808000000,1773907228000,603795,0.0001,1.0,70000.0,call,0.1,0.0003,25,0.0001,BTC,week,BTC,USD,BTC,"[{'tick_size': 0.0005, 'above_price': 0.005}]",2026-04-10 08:00:00
open,btc_usd,option,True,BTC-10APR26-70000-P,0.0003,0.0003,reversed,1775808000000,1773907228000,603796,0.0001,1.0,70000.0,put,0.1,0.0003,25,0.0001,BTC,week,BTC,USD,BTC,"[{'tick_size': 0.0005, 'above_price': 0.005}]",2026-04-10 08:00:00
open,btc_usd,option,True,BTC-10APR26-71000-C,0.0003,0.0003,reversed,1775808000000,1773907228000,603797,0.0001,1.0,71000.0,call,0.1,0.0003,25,0.0001,BTC,week,BTC,USD,BTC,"[{'tick_size': 0.0005, 'above_price': 0.005}]",2026-04-10 08:00:00
open,btc_usd,option,True,BTC-10APR26-71000-P,0.0003,0.0003,reversed,1775808000000,1773907228000,603798,0.0001,1.0,71000.0,put,0.1,0.0003,25,0.0001,BTC,week,BTC,USD,BTC,"[{'tick_size': 0.0005, 'above_price': 0.005}]",2026-04-10 08:00:00
open,btc_usd,option,True,BTC-10APR26-72000-C,0.0003,0.0003,reversed,1775808000000,1773907228000,603799,0.0001,1.0,72000.0,call,0.1,0.0003,25,0.0001,BTC,week,BTC,USD,BTC,"[{'tick_size': 0.0005, 'above_price': 0.005}]",2026-04-10 08:00:00
open,btc_usd,option,True,BTC-10APR26-72000-P,0.0003,0.0003,reversed,1775808000000,1773907228000,603800,0.0001,1.0,72000.0,put,0.1,0.0003,25,0.0001,BTC,week,BTC,USD,BTC,"[{'tick_size': 0.0005, 'above_price': 0.005}]",2026-04-10 08:00:00
open,btc_usd,option,True,BTC-10APR26-73000-C,0.0003,0.0003,reversed,1775808000000,1773907228000,603801,0.0001,1.0,73000.0,call,0.1,0.0003,25,0.0001,BTC,week,BTC,USD,BTC,"[{'tick_size': 0.0005, 'above_price': 0.005}]",2026-04-10 08:00:00
open,btc_usd,option,True,BTC-10APR26-73000-P,0.0003,0.0003,reversed,1775808000000,1773907228000,603802,0.0001,1.0,73000.0,put,0.1,0.0003,25,0.0001,BTC,week,BTC,USD,BTC,"[{'tick_size': 0.0005, 'above_price': 0.005}]",2026-04-10 08:00:00
open,btc_usd,option,True,BTC-10APR26-74000-C,0.0003,0.0003,reversed,1775808000000,1773907228000,603803,0.0001,1.0,74000.0,call,0.1,0.0003,25,0.0001,BTC,week,BTC,USD,BTC,"[{'tick_size': 0.0005, 'above_price': 0.005}]",2026-04-10 08:00:00
open,btc_usd,option,True,BTC-10APR26-74000-P,0.0003,0.0003,reversed,1775808000000,1773907228000,603804,0.0001,1.0,74000.0,put,0.1,0.0003,25,0.0001,BTC,week,BTC,USD,BTC,"[{'tick_size': 0.0005, 'above_price': 0.005}]",2026-04-10 08:00:00
open,btc_usd,option,True,BTC-10APR26-75000-C,0.0003,0.0003,reversed,1775808000000,1774221600000,605614,0.0001,1.0,75000.0,call,0.1,0.0003,25,0.0001,BTC,week,BTC,USD,BTC,"[{'tick_size': 0.0005, 'above_price': 0.005}]",2026-04-10 08:00:00
open,btc_usd,option,True,BTC-10APR26-75000-P,0.0003,0.0003,reversed,1775808000000,1774221600000,605615,0.0001,1.0,75000.0,put,0.1,0.0003,25,0.0001,BTC,week,BTC,USD,BTC,"[{'tick_size': 0.0005, 'above_price': 0.005}]",2026-04-10 08:00:00
open,btc_usd,option,True,BTC-10APR26-76000-C,0.0003,0.0003,reversed,1775808000000,1773907228000,603805,0.0001,1.0,76000.0,call,0.1,0.0003,25,0.0001,BTC,week,BTC,USD,BTC,"[{'tick_size': 0.0005, 'above_price': 0.005}]",2026-04-10 08:00:00
open,btc_usd,option,True,BTC-10APR26-76000-P,0.0003,0.0003,reversed,1775808000000,1773907228000,603806,0.0001,1.0,76000.0,put,0.1,0.0003,25,0.0001,BTC,week,BTC,USD,BTC,"[{'tick_size': 0.0005, 'above_price': 0.005}]",2026-04-10 08:00:00
open,btc_usd,option,True,BTC-10APR26-78000-C,0.0003,0.0003,reversed,1775808000000,1773913920000,604297,0.0001,1.0,78000.0,call,0.1,0.0003,25,0.0001,BTC,week,BTC,USD,BTC,"[{'tick_size': 0.0005, 'above_price': 0.005}]",2026-04-10 08:00:00
open,btc_usd,option,True,BTC-10APR26-78000-P,0.0003,0.0003,reversed,1775808000000,1773913920000,604298,0.0001,1.0,78000.0,put,0.1,0.0003,25,0.0001,BTC,week,BTC,USD,BTC,"[{'tick_size': 0.0005, 'above_price': 0.005}]",2026-04-10 08:00:00
open,btc_usd,option,True,BTC-10APR26-80000-C,0.0003,0.0003,reversed,1775808000000,1773907228000,603807,0.0001,1.0,80000.0,call,0.1,0.0003,25,0.0001,BTC,week,BTC,USD,BTC,"[{'tick_size': 0.0005, 'above_price': 0.005}]",2026-04-10 08:00:00
open,btc_usd,option,True,BTC-10APR26-80000-P,0.0003,0.0003,reversed,1775808000000,1773907228000,603808,0.0001,1.0,80000.0,put,0.1,0.0003,25,0.0001,BTC,week,BTC,USD,BTC,"[{'tick_size': 0.0005, 'above_price': 0.005}]",2026-04-10 08:00:00
open,btc_usd,option,True,BTC-10APR26-83000-C,0.0003,0.0003,reversed,1775808000000,1774410205000,606336,0.0001,1.0,83000.0,call,0.1,0.0003,25,0.0001,BTC,week,BTC,USD,BTC,"[{'tick_size': 0.0005, 'above_price': 0.005}]",2026-04-10 08:00:00
open,btc_usd,option,True,BTC-10APR26-83000-P,0.0003,0.0003,reversed,1775808000000,1774410205000,606337,0.0001,1.0,83000.0,put,0.1,0.0003,25,0.0001,BTC,week,BTC,USD,BTC,"[{'tick_size': 0.0005, 'above_price': 0.005}]",2026-04-10 08:00:00
open,btc_usd,option,True,BTC-10APR26-85000-C,0.0003,0.0003,reversed,1775808000000,1773907228000,603809,0.0001,1.0,85000.0,call,0.1,0.0003,25,0.0001,BTC,week,BTC,USD,BTC,"[{'tick_size': 0.0005, 'above_price': 0.005}]",2026-04-10 08:00:00
open,btc_usd,option,True,BTC-10APR26-85000-P,0.0003,0.0003,reversed,1775808000000,1773907228000,603810,0.0001,1.0,85000.0,put,0.1,0.0003,25,0.0001,BTC,week,BTC,USD,BTC,"[{'tick_size': 0.0005, 'above_price': 0.005}]",2026-04-10 08:00:00
open,btc_usd,option,True,BTC-17APR26-60000-C,0.0003,0.0003,reversed,1776412800000,1774512022000,606880,0.0001,1.0,60000.0,call,0.1,0.0003,25,0.0001,BTC,week,BTC,USD,BTC,"[{'tick_size': 0.0005, 'above_price': 0.005}]",2026-04-17 08:00:00
open,btc_usd,option,True,BTC-17APR26-60000-P,0.0003,0.0003,reversed,1776412800000,1774512022000,606881,0.0001,1.0,60000.0,put,0.1,0.0003,25,0.0001,BTC,week,BTC,USD,BTC,"[{'tick_size': 0.0005, 'above_price': 0.005}]",2026-04-17 08:00:00
open,btc_usd,option,True,BTC-17APR26-62000-C,0.0003,0.0003,reversed,1776412800000,1774524300000,607569,0.0001,1.0,62000.0,call,0.1,0.0003,25,0.0001,BTC,week,BTC,USD,BTC,"[{'tick_size': 0.0005, 'above_price': 0.005}]",2026-04-17 08:00:00
open,btc_usd,option,True,BTC-17APR26-62000-P,0.0003,0.0003,reversed,1776412800000,1774524300000,607570,0.0001,1.0,62000.0,put,0.1,0.0003,25,0.0001,BTC,week,BTC,USD,BTC,"[{'tick_size': 0.0005, 'above_price': 0.005}]",2026-04-17 08:00:00
open,btc_usd,option,True,BTC-17APR26-64000-C,0.0003,0.0003,reversed,1776412800000,1774512022000,606882,0.0001,1.0,64000.0,call,0.1,0.0003,25,0.0001,BTC,week,BTC,USD,BTC,"[{'tick_size': 0.0005, 'above_price': 0.005}]",2026-04-17 08:00:00
open,btc_usd,option,True,BTC-17APR26-64000-P,0.0003,0.0003,reversed,1776412800000,1774512022000,606883,0.0001,1.0,64000.0,put,0.1,0.0003,25,0.0001,BTC,week,BTC,USD,BTC,"[{'tick_size': 0.0005, 'above_price': 0.005}]",2026-04-17 08:00:00
open,btc_usd,option,True,BTC-17APR26-66000-C,0.0003,0.0003,reversed,1776412800000,1774512022000,606884,0.0001,1.0,66000.0,call,0.1,0.0003,25,0.0001,BTC,week,BTC,USD,BTC,"[{'tick_size': 0.0005, 'above_price': 0.005}]",2026-04-17 08:00:00
open,btc_usd,option,True,BTC-17APR26-66000-P,0.0003,0.0003,reversed,1776412800000,1774512022000,606885,0.0001,1.0,66000.0,put,0.1,0.0003,25,0.0001,BTC,week,BTC,USD,BTC,"[{'tick_size': 0.0005, 'above_price': 0.005}]",2026-04-17 08:00:00
open,btc_usd,option,True,BTC-17APR26-67000-C,0.0003,0.0003,reversed,1776412800000,1774512022000,606886,0.0001,1.0,67000.0,call,0.1,0.0003,25,0.0001,BTC,week,BTC,USD,BTC,"[{'tick_size': 0.0005, 'above_price': 0.005}]",2026-04-17 08:00:00
open,btc_usd,option,True,BTC-17APR26-67000-P,0.0003,0.0003,reversed,1776412800000,1774512022000,606887,0.0001,1.0,67000.0,put,0.1,0.0003,25,0.0001,BTC,week,BTC,USD,BTC,"[{'tick_size': 0.0005, 'above_price': 0.005}]",2026-04-17 08:00:00
open,btc_usd,option,True,BTC-17APR26-68000-C,0.0003,0.0003,reversed,1776412800000,1774512022000,606888,0.0001,1.0,68000.0,call,0.1,0.0003,25,0.0001,BTC,week,BTC,USD,BTC,"[{'tick_size': 0.0005, 'above_price': 0.005}]",2026-04-17 08:00:00
open,btc_usd,option,True,BTC-17APR26-68000-P,0.0003,0.0003,reversed,1776412800000,1774512022000,606889,0.0001,1.0,68000.0,put,0.1,0.0003,25,0.0001,BTC,week,BTC,USD,BTC,"[{'tick_size': 0.0005, 'above_price': 0.005}]",2026-04-17 08:00:00
open,btc_usd,option,True,BTC-17APR26-69000-C,0.0003,0.0003,reversed,1776412800000,1774512022000,606890,0.0001,1.0,69000.0,call,0.1,0.0003,25,0.0001,BTC,week,BTC,USD,BTC,"[{'tick_size': 0.0005, 'above_price': 0.005}]",2026-04-17 08:00:00
open,btc_usd,option,True,BTC-17APR26-69000-P,0.0003,0.0003,reversed,1776412800000,1774512022000,606891,0.0001,1.0,69000.0,put,0.1,0.0003,25,0.0001,BTC,week,BTC,USD,BTC,"[{'tick_size': 0.0005, 'above_price': 0.005}]",2026-04-17 08:00:00
open,btc_usd,option,True,BTC-17APR26-70000-C,0.0003,0.0003,reversed,1776412800000,1774512022000,606892,0.0001,1.0,70000.0,call,0.1,0.0003,25,0.0001,BTC,week,BTC,USD,BTC,"[{'tick_size': 0.0005, 'above_price': 0.005}]",2026-04-17 08:00:00
open,btc_usd,option,True,BTC-17APR26-70000-P,0.0003,0.0003,reversed,1776412800000,1774512022000,606893,0.0001,1.0,70000.0,put,0.1,0.0003,25,0.0001,BTC,week,BTC,USD,BTC,"[{'tick_size': 0.0005, 'above_price': 0.005}]",2026-04-17 08:00:00
open,btc_usd,option,True,BTC-17APR26-71000-C,0.0003,0.0003,reversed,1776412800000,1774512022000,606894,0.0001,1.0,71000.0,call,0.1,0.0003,25,0.0001,BTC,week,BTC,USD,BTC,"[{'tick_size': 0.0005, 'above_price': 0.005}]",2026-04-17 08:00:00
open,btc_usd,option,True,BTC-17APR26-71000-P,0.0003,0.0003,reversed,1776412800000,1774512022000,606895,0.0001,1.0,71000.0,put,0.1,0.0003,25,0.0001,BTC,week,BTC,USD,BTC,"[{'tick_size': 0.0005, 'above_price': 0.005}]",2026-04-17 08:00:00
open,btc_usd,option,True,BTC-17APR26-72000-C,0.0003,0.0003,reversed,1776412800000,1774512022000,606896,0.0001,1.0,72000.0,call,0.1,0.0003,25,0.0001,BTC,week,BTC,USD,BTC,"[{'tick_size': 0.0005, 'above_price': 0.005}]",2026-04-17 08:00:00
open,btc_usd,option,True,BTC-17APR26-72000-P,0.0003,0.0003,reversed,1776412800000,1774512022000,606897,0.0001,1.0,72000.0,put,0.1,0.0003,25,0.0001,BTC,week,BTC,USD,BTC,"[{'tick_size': 0.0005, 'above_price': 0.005}]",2026-04-17 08:00:00
open,btc_usd,option,True,BTC-17APR26-73000-C,0.0003,0.0003,reversed,1776412800000,1774512022000,606898,0.0001,1.0,73000.0,call,0.1,0.0003,25,0.0001,BTC,week,BTC,USD,BTC,"[{'tick_size': 0.0005, 'above_price': 0.005}]",2026-04-17 08:00:00
open,btc_usd,option,True,BTC-17APR26-73000-P,0.0003,0.0003,reversed,1776412800000,1774512022000,606899,0.0001,1.0,73000.0,put,0.1,0.0003,25,0.0001,BTC,week,BTC,USD,BTC,"[{'tick_size': 0.0005, 'above_price': 0.005}]",2026-04-17 08:00:00
open,btc_usd,option,True,BTC-17APR26-74000-C,0.0003,0.0003,reversed,1776412800000,1774512022000,606900,0.0001,1.0,74000.0,call,0.1,0.0003,25,0.0001,BTC,week,BTC,USD,BTC,"[{'tick_size': 0.0005, 'above_price': 0.005}]",2026-04-17 08:00:00
open,btc_usd,option,True,BTC-17APR26-74000-P,0.0003,0.0003,reversed,1776412800000,1774512022000,606901,0.0001,1.0,74000.0,put,0.1,0.0003,25,0.0001,BTC,week,BTC,USD,BTC,"[{'tick_size': 0.0005, 'above_price': 0.005}]",2026-04-17 08:00:00
open,btc_usd,option,True,BTC-17APR26-76000-C,0.0003,0.0003,reversed,1776412800000,1774512022000,606902,0.0001,1.0,76000.0,call,0.1,0.0003,25,0.0001,BTC,week,BTC,USD,BTC,"[{'tick_size': 0.0005, 'above_price': 0.005}]",2026-04-17 08:00:00
open,btc_usd,option,True,BTC-17APR26-76000-P,0.0003,0.0003,reversed,1776412800000,1774512022000,606903,0.0001,1.0,76000.0,put,0.1,0.0003,25,0.0001,BTC,week,BTC,USD,BTC,"[{'tick_size': 0.0005, 'above_price': 0.005}]",2026-04-17 08:00:00
open,btc_usd,option,True,BTC-17APR26-80000-C,0.0003,0.0003,reversed,1776412800000,1774512022000,606904,0.0001,1.0,80000.0,call,0.1,0.0003,25,0.0001,BTC,week,BTC,USD,BTC,"[{'tick_size': 0.0005, 'above_price': 0.005}]",2026-04-17 08:00:00
open,btc_usd,option,True,BTC-17APR26-80000-P,0.0003,0.0003,reversed,1776412800000,1774512022000,606905,0.0001,1.0,80000.0,put,0.1,0.0003,25,0.0001,BTC,week,BTC,USD,BTC,"[{'tick_size': 0.0005, 'above_price': 0.005}]",2026-04-17 08:00:00
open,btc_usd,option,True,BTC-24APR26-40000-C,0.0003,0.0003,reversed,1777017600000,1771001518000,589128,0.0001,1.0,40000.0,call,0.1,0.0003,25,0.0001,BTC,month,BTC,USD,BTC,"[{'tick_size': 0.0005, 'above_price': 0.005}]",2026-04-24 08:00:00
open,btc_usd,option,True,BTC-24APR26-40000-P,0.0003,0.0003,reversed,1777017600000,1771001518000,589129,0.0001,1.0,40000.0,put,0.1,0.0003,25,0.0001,BTC,month,BTC,USD,BTC,"[{'tick_size': 0.0005, 'above_price': 0.005}]",2026-04-24 08:00:00
open,btc_usd,option,True,BTC-24APR26-45000-C,0.0003,0.0003,reversed,1777017600000,1770305028000,585950,0.0001,1.0,45000.0,call,0.1,0.0003,25,0.0001,BTC,month,BTC,USD,BTC,"[{'tick_size': 0.0005, 'above_price': 0.005}]",2026-04-24 08:00:00
open,btc_usd,option,True,BTC-24APR26-45000-P,0.0003,0.0003,reversed,1777017600000,1770305028000,585951,0.0001,1.0,45000.0,put,0.1,0.0003,25,0.0001,BTC,month,BTC,USD,BTC,"[{'tick_size': 0.0005, 'above_price': 0.005}]",2026-04-24 08:00:00
open,btc_usd,option,True,BTC-24APR26-50000-C,0.0003,0.0003,reversed,1777017600000,1770213166000,584481,0.0001,1.0,50000.0,call,0.1,0.0003,25,0.0001,BTC,month,BTC,USD,BTC,"[{'tick_size': 0.0005, 'above_price': 0.005}]",2026-04-24 08:00:00
open,btc_usd,option,True,BTC-24APR26-50000-P,0.0003,0.0003,reversed,1777017600000,1770213166000,584482,0.0001,1.0,50000.0,put,0.1,0.0003,25,0.0001,BTC,month,BTC,USD,BTC,"[{'tick_size': 0.0005, 'above_price': 0.005}]",2026-04-24 08:00:00
open,btc_usd,option,True,BTC-24APR26-52000-C,0.0003,0.0003,reversed,1777017600000,1771453920000,590842,0.0001,1.0,52000.0,call,0.1,0.0003,25,0.0001,BTC,month,BTC,USD,BTC,"[{'tick_size': 0.0005, 'above_price': 0.005}]",2026-04-24 08:00:00
open,btc_usd,option,True,BTC-24APR26-52000-P,0.0003,0.0003,reversed,1777017600000,1771453920000,590843,0.0001,1.0,52000.0,put,0.1,0.0003,25,0.0001,BTC,month,BTC,USD,BTC,"[{'tick_size': 0.0005, 'above_price': 0.005}]",2026-04-24 08:00:00
open,btc_usd,option,True,BTC-24APR26-54000-C,0.0003,0.0003,reversed,1777017600000,1771334101000,590355,0.0001,1.0,54000.0,call,0.1,0.0003,25,0.0001,BTC,month,BTC,USD,BTC,"[{'tick_size': 0.0005, 'above_price': 0.005}]",2026-04-24 08:00:00
open,btc_usd,option,True,BTC-24APR26-54000-P,0.0003,0.0003,reversed,1777017600000,1771334101000,590356,0.0001,1.0,54000.0,put,0.1,0.0003,25,0.0001,BTC,month,BTC,USD,BTC,"[{'tick_size': 0.0005, 'above_price': 0.005}]",2026-04-24 08:00:00
open,btc_usd,option,True,BTC-24APR26-55000-C,0.0003,0.0003,reversed,1777017600000,1769883298000,582612,0.0001,1.0,55000.0,call,0.1,0.0003,25,0.0001,BTC,month,BTC,USD,BTC,"[{'tick_size': 0.0005, 'above_price': 0.005}]",2026-04-24 08:00:00
open,btc_usd,option,True,BTC-24APR26-55000-P,0.0003,0.0003,reversed,1777017600000,1769883298000,582613,0.0001,1.0,55000.0,put,0.1,0.0003,25,0.0001,BTC,month,BTC,USD,BTC,"[{'tick_size': 0.0005, 'above_price': 0.005}]",2026-04-24 08:00:00
open,btc_usd,option,True,BTC-24APR26-56000-C,0.0003,0.0003,reversed,1777017600000,1771334101000,590357,0.0001,1.0,56000.0,call,0.1,0.0003,25,0.0001,BTC,month,BTC,USD,BTC,"[{'tick_size': 0.0005, 'above_price': 0.005}]",2026-04-24 08:00:00
open,btc_usd,option,True,BTC-24APR26-56000-P,0.0003,0.0003,reversed,1777017600000,1771334101000,590358,0.0001,1.0,56000.0,put,0.1,0.0003,25,0.0001,BTC,month,BTC,USD,BTC,"[{'tick_size': 0.0005, 'above_price': 0.005}]",2026-04-24 08:00:00
open,btc_usd,option,True,BTC-24APR26-57000-C,0.0003,0.0003,reversed,1777017600000,1771910220000,593045,0.0001,1.0,57000.0,call,0.1,0.0003,25,0.0001,BTC,month,BTC,USD,BTC,"[{'tick_size': 0.0005, 'above_price': 0.005}]",2026-04-24 08:00:00
open,btc_usd,option,True,BTC-24APR26-57000-P,0.0003,0.0003,reversed,1777017600000,1771910220000,593046,0.0001,1.0,57000.0,put,0.1,0.0003,25,0.0001,BTC,month,BTC,USD,BTC,"[{'tick_size': 0.0005, 'above_price': 0.005}]",2026-04-24 08:00:00
open,btc_usd,option,True,BTC-24APR26-58000-C,0.0003,0.0003,reversed,1777017600000,1771334101000,590359,0.0001,1.0,58000.0,call,0.1,0.0003,25,0.0001,BTC,month,BTC,USD,BTC,"[{'tick_size': 0.0005, 'above_price': 0.005}]",2026-04-24 08:00:00
open,btc_usd,option,True,BTC-24APR26-58000-P,0.0003,0.0003,reversed,1777017600000,1771334101000,590360,0.0001,1.0,58000.0,put,0.1,0.0003,25,0.0001,BTC,month,BTC,USD,BTC,"[{'tick_size': 0.0005, 'above_price': 0.005}]",2026-04-24 08:00:00
open,btc_usd,option,True,BTC-24APR26-59000-C,0.0003,0.0003,reversed,1777017600000,1771440600000,590805,0.0001,1.0,59000.0,call,0.1,0.0003,25,0.0001,BTC,month,BTC,USD,BTC,"[{'tick_size': 0.0005, 'above_price': 0.005}]",2026-04-24 08:00:00
open,btc_usd,option,True,BTC-24APR26-59000-P,0.0003,0.0003,reversed,1777017600000,1771440600000,590806,0.0001,1.0,59000.0,put,0.1,0.0003,25,0.0001,BTC,month,BTC,USD,BTC,"[{'tick_size': 0.0005, 'above_price': 0.005}]",2026-04-24 08:00:00
open,btc_usd,option,True,BTC-24APR26-60000-C,0.0003,0.0003,reversed,1777017600000,1769879341000,582369,0.0001,1.0,60000.0,call,0.1,0.0003,25,0.0001,BTC,month,BTC,USD,BTC,"[{'tick_size': 0.0005, 'above_price': 0.005}]",2026-04-24 08:00:00
open,btc_usd,option,True,BTC-24APR26-60000-P,0.0003,0.0003,reversed,1777017600000,1769879341000,582370,0.0001,1.0,60000.0,put,0.1,0.0003,25,0.0001,BTC,month,BTC,USD,BTC,"[{'tick_size': 0.0005, 'above_price': 0.005}]",2026-04-24 08:00:00
open,btc_usd,option,True,BTC-24APR26-61000-C,0.0003,0.0003,reversed,1777017600000,1771334101000,590361,0.0001,1.0,61000.0,call,0.1,0.0003,25,0.0001,BTC,month,BTC,USD,BTC,"[{'tick_size': 0.0005, 'above_price': 0.005}]",2026-04-24 08:00:00
open,btc_usd,option,True,BTC-24APR26-61000-P,0.0003,0.0003,reversed,1777017600000,1771334101000,590362,0.0001,1.0,61000.0,put,0.1,0.0003,25,0.0001,BTC,month,BTC,USD,BTC,"[{'tick_size': 0.0005, 'above_price': 0.005}]",2026-04-24 08:00:00
open,btc_usd,option,True,BTC-24APR26-62000-C,0.0003,0.0003,reversed,1777017600000,1770297988000,585697,0.0001,1.0,62000.0,call,0.1,0.0003,25,0.0001,BTC,month,BTC,USD,BTC,"[{'tick_size': 0.0005, 'above_price': 0.005}]",2026-04-24 08:00:00
open,btc_usd,option,True,BTC-24APR26-62000-P,0.0003,0.0003,reversed,1777017600000,1770297988000,585698,0.0001,1.0,62000.0,put,0.1,0.0003,25,0.0001,BTC,month,BTC,USD,BTC,"[{'tick_size': 0.0005, 'above_price': 0.005}]",2026-04-24 08:00:00
open,btc_usd,option,True,BTC-24APR26-63000-C,0.0003,0.0003,reversed,1777017600000,1771334101000,590363,0.0001,1.0,63000.0,call,0.1,0.0003,25,0.0001,BTC,month,BTC,USD,BTC,"[{'tick_size': 0.0005, 'above_price': 0.005}]",2026-04-24 08:00:00
open,btc_usd,option,True,BTC-24APR26-63000-P,0.0003,0.0003,reversed,1777017600000,1771334101000,590364,0.0001,1.0,63000.0,put,0.1,0.0003,25,0.0001,BTC,month,BTC,USD,BTC,"[{'tick_size': 0.0005, 'above_price': 0.005}]",2026-04-24 08:00:00
open,btc_usd,option,True,BTC-24APR26-64000-C,0.0003,0.0003,reversed,1777017600000,1770297988000,585699,0.0001,1.0,64000.0,call,0.1,0.0003,25,0.0001,BTC,month,BTC,USD,BTC,"[{'tick_size': 0.0005, 'above_price': 0.005}]",2026-04-24 08:00:00
open,btc_usd,option,True,BTC-24APR26-64000-P,0.0003,0.0003,reversed,1777017600000,1770297988000,585700,0.0001,1.0,64000.0,put,0.1,0.0003,25,0.0001,BTC,month,BTC,USD,BTC,"[{'tick_size': 0.0005, 'above_price': 0.005}]",2026-04-24 08:00:00
open,btc_usd,option,True,BTC-24APR26-65000-C,0.0003,0.0003,reversed,1777017600000,1770003180000,583347,0.0001,1.0,65000.0,call,0.1,0.0003,25,0.0001,BTC,month,BTC,USD,BTC,"[{'tick_size': 0.0005, 'above_price': 0.005}]",2026-04-24 08:00:00
open,btc_usd,option,True,BTC-24APR26-65000-P,0.0003,0.0003,reversed,1777017600000,1770003180000,583348,0.0001,1.0,65000.0,put,0.1,0.0003,25,0.0001,BTC,month,BTC,USD,BTC,"[{'tick_size': 0.0005, 'above_price': 0.005}]",2026-04-24 08:00:00
open,btc_usd,option,True,BTC-24APR26-66000-C,0.0003,0.0003,reversed,1777017600000,1770297988000,585701,0.0001,1.0,66000.0,call,0.1,0.0003,25,0.0001,BTC,month,BTC,USD,BTC,"[{'tick_size': 0.0005, 'above_price': 0.005}]",2026-04-24 08:00:00
open,btc_usd,option,True,BTC-24APR26-66000-P,0.0003,0.0003,reversed,1777017600000,1770297988000,585702,0.0001,1.0,66000.0,put,0.1,0.0003,25,0.0001,BTC,month,BTC,USD,BTC,"[{'tick_size': 0.0005, 'above_price': 0.005}]",2026-04-24 08:00:00
open,btc_usd,option,True,BTC-24APR26-67000-C,0.0003,0.0003,reversed,1777017600000,1771334101000,590365,0.0001,1.0,67000.0,call,0.1,0.0003,25,0.0001,BTC,month,BTC,USD,BTC,"[{'tick_size': 0.0005, 'above_price': 0.005}]",2026-04-24 08:00:00
open,btc_usd,option,True,BTC-24APR26-67000-P,0.0003,0.0003,reversed,1777017600000,1771334101000,590366,0.0001,1.0,67000.0,put,0.1,0.0003,25,0.0001,BTC,month,BTC,USD,BTC,"[{'tick_size': 0.0005, 'above_price': 0.005}]",2026-04-24 08:00:00
open,btc_usd,option,True,BTC-24APR26-68000-C,0.0003,0.0003,reversed,1777017600000,1770255900000,584639,0.0001,1.0,68000.0,call,0.1,0.0003,25,0.0001,BTC,month,BTC,USD,BTC,"[{'tick_size': 0.0005, 'above_price': 0.005}]",2026-04-24 08:00:00
open,btc_usd,option,True,BTC-24APR26-68000-P,0.0003,0.0003,reversed,1777017600000,1770255900000,584640,0.0001,1.0,68000.0,put,0.1,0.0003,25,0.0001,BTC,month,BTC,USD,BTC,"[{'tick_size': 0.0005, 'above_price': 0.005}]",2026-04-24 08:00:00
open,btc_usd,option,True,BTC-24APR26-69000-C,0.0003,0.0003,reversed,1777017600000,1771334101000,590367,0.0001,1.0,69000.0,call,0.1,0.0003,25,0.0001,BTC,month,BTC,USD,BTC,"[{'tick_size': 0.0005, 'above_price': 0.005}]",2026-04-24 08:00:00
open,btc_usd,option,True,BTC-24APR26-69000-P,0.0003,0.0003,reversed,1777017600000,1771334101000,590368,0.0001,1.0,69000.0,put,0.1,0.0003,25,0.0001,BTC,month,BTC,USD,BTC,"[{'tick_size': 0.0005, 'above_price': 0.005}]",2026-04-24 08:00:00
open,btc_usd,option,True,BTC-24APR26-70000-C,0.0003,0.0003,reversed,1777017600000,1769673616000,580445,0.0001,1.0,70000.0,call,0.1,0.0003,25,0.0001,BTC,month,BTC,USD,BTC,"[{'tick_size': 0.0005, 'above_price': 0.005}]",2026-04-24 08:00:00
open,btc_usd,option,True,BTC-24APR26-70000-P,0.0003,0.0003,reversed,1777017600000,1769673616000,580446,0.0001,1.0,70000.0,put,0.1,0.0003,25,0.0001,BTC,month,BTC,USD,BTC,"[{'tick_size': 0.0005, 'above_price': 0.005}]",2026-04-24 08:00:00
open,btc_usd,option,True,BTC-24APR26-71000-C,0.0003,0.0003,reversed,1777017600000,1771334101000,590369,0.0001,1.0,71000.0,call,0.1,0.0003,25,0.0001,BTC,month,BTC,USD,BTC,"[{'tick_size': 0.0005, 'above_price': 0.005}]",2026-04-24 08:00:00
open,btc_usd,option,True,BTC-24APR26-71000-P,0.0003,0.0003,reversed,1777017600000,1771334101000,590370,0.0001,1.0,71000.0,put,0.1,0.0003,25,0.0001,BTC,month,BTC,USD,BTC,"[{'tick_size': 0.0005, 'above_price': 0.005}]",2026-04-24 08:00:00
open,btc_usd,option,True,BTC-24APR26-72000-C,0.0003,0.0003,reversed,1777017600000,1769990280000,583260,0.0001,1.0,72000.0,call,0.1,0.0003,25,0.0001,BTC,month,BTC,USD,BTC,"[{'tick_size': 0.0005, 'above_price': 0.005}]",2026-04-24 08:00:00
open,btc_usd,option,True,BTC-24APR26-72000-P,0.0003,0.0003,reversed,1777017600000,1769990280000,583261,0.0001,1.0,72000.0,put,0.1,0.0003,25,0.0001,BTC,month,BTC,USD,BTC,"[{'tick_size': 0.0005, 'above_price': 0.005}]",2026-04-24 08:00:00
open,btc_usd,option,True,BTC-24APR26-73000-C,0.0003,0.0003,reversed,1777017600000,1771334101000,590371,0.0001,1.0,73000.0,call,0.1,0.0003,25,0.0001,BTC,month,BTC,USD,BTC,"[{'tick_size': 0.0005, 'above_price': 0.005}]",2026-04-24 08:00:00
open,btc_usd,option,True,BTC-24APR26-73000-P,0.0003,0.0003,reversed,1777017600000,1771334101000,590372,0.0001,1.0,73000.0,put,0.1,0.0003,25,0.0001,BTC,month,BTC,USD,BTC,"[{'tick_size': 0.0005, 'above_price': 0.005}]",2026-04-24 08:00:00
open,btc_usd,option,True,BTC-24APR26-74000-C,0.0003,0.0003,reversed,1777017600000,1769879522000,582419,0.0001,1.0,74000.0,call,0.1,0.0003,25,0.0001,BTC,month,BTC,USD,BTC,"[{'tick_size': 0.0005, 'above_price': 0.005}]",2026-04-24 08:00:00
open,btc_usd,option,True,BTC-24APR26-74000-P,0.0003,0.0003,reversed,1777017600000,1769879522000,582420,0.0001,1.0,74000.0,put,0.1,0.0003,25,0.0001,BTC,month,BTC,USD,BTC,"[{'tick_size': 0.0005, 'above_price': 0.005}]",2026-04-24 08:00:00
open,btc_usd,option,True,BTC-24APR26-75000-C,0.0003,0.0003,reversed,1777017600000,1769698921000,581065,0.0001,1.0,75000.0,call,0.1,0.0003,25,0.0001,BTC,month,BTC,USD,BTC,"[{'tick_size': 0.0005, 'above_price': 0.005}]",2026-04-24 08:00:00
open,btc_usd,option,True,BTC-24APR26-75000-P,0.0003,0.0003,reversed,1777017600000,1769698921000,581066,0.0001,1.0,75000.0,put,0.1,0.0003,25,0.0001,BTC,month,BTC,USD,BTC,"[{'tick_size': 0.0005, 'above_price': 0.005}]",2026-04-24 08:00:00
open,btc_usd,option,True,BTC-24APR26-76000-C,0.0003,0.0003,reversed,1777017600000,1769737384000,581378,0.0001,1.0,76000.0,call,0.1,0.0003,25,0.0001,BTC,month,BTC,USD,BTC,"[{'tick_size': 0.0005, 'above_price': 0.005}]",2026-04-24 08:00:00
open,btc_usd,option,True,BTC-24APR26-76000-P,0.0003,0.0003,reversed,1777017600000,1769737384000,581379,0.0001,1.0,76000.0,put,0.1,0.0003,25,0.0001,BTC,month,BTC,USD,BTC,"[{'tick_size': 0.0005, 'above_price': 0.005}]",2026-04-24 08:00:00
open,btc_usd,option,True,BTC-24APR26-77000-C,0.0003,0.0003,reversed,1777017600000,1771334101000,590373,0.0001,1.0,77000.0,call,0.1,0.0003,25,0.0001,BTC,month,BTC,USD,BTC,"[{'tick_size': 0.0005, 'above_price': 0.005}]",2026-04-24 08:00:00
open,btc_usd,option,True,BTC-24APR26-77000-P,0.0003,0.0003,reversed,1777017600000,1771334101000,590374,0.0001,1.0,77000.0,put,0.1,0.0003,25,0.0001,BTC,month,BTC,USD,BTC,"[{'tick_size': 0.0005, 'above_price': 0.005}]",2026-04-24 08:00:00
open,btc_usd,option,True,BTC-24APR26-78000-C,0.0003,0.0003,reversed,1777017600000,1769711460000,581192,0.0001,1.0,78000.0,call,0.1,0.0003,25,0.0001,BTC,month,BTC,USD,BTC,"[{'tick_size': 0.0005, 'above_price': 0.005}]",2026-04-24 08:00:00
open,btc_usd,option,True,BTC-24APR26-78000-P,0.0003,0.0003,reversed,1777017600000,1769711460000,581193,0.0001,1.0,78000.0,put,0.1,0.0003,25,0.0001,BTC,month,BTC,USD,BTC,"[{'tick_size': 0.0005, 'above_price': 0.005}]",2026-04-24 08:00:00
open,btc_usd,option,True,BTC-24APR26-79000-C,0.0003,0.0003,reversed,1777017600000,1772628360000,597352,0.0001,1.0,79000.0,call,0.1,0.0003,25,0.0001,BTC,month,BTC,USD,BTC,"[{'tick_size': 0.0005, 'above_price': 0.005}]",2026-04-24 08:00:00
open,btc_usd,option,True,BTC-24APR26-79000-P,0.0003,0.0003,reversed,1777017600000,1772628360000,597353,0.0001,1.0,79000.0,put,0.1,0.0003,25,0.0001,BTC,month,BTC,USD,BTC,"[{'tick_size': 0.0005, 'above_price': 0.005}]",2026-04-24 08:00:00
open,btc_usd,option,True,BTC-24APR26-80000-C,0.0003,0.0003,reversed,1777017600000,1769673616000,580447,0.0001,1.0,80000.0,call,0.1,0.0003,25,0.0001,BTC,month,BTC,USD,BTC,"[{'tick_size': 0.0005, 'above_price': 0.005}]",2026-04-24 08:00:00
open,btc_usd,option,True,BTC-24APR26-80000-P,0.0003,0.0003,reversed,1777017600000,1769673616000,580448,0.0001,1.0,80000.0,put,0.1,0.0003,25,0.0001,BTC,month,BTC,USD,BTC,"[{'tick_size': 0.0005, 'above_price': 0.005}]",2026-04-24 08:00:00
open,btc_usd,option,True,BTC-24APR26-81000-C,0.0003,0.0003,reversed,1777017600000,1772648100000,597524,0.0001,1.0,81000.0,call,0.1,0.0003,25,0.0001,BTC,month,BTC,USD,BTC,"[{'tick_size': 0.0005, 'above_price': 0.005}]",2026-04-24 08:00:00
open,btc_usd,option,True,BTC-24APR26-81000-P,0.0003,0.0003,reversed,1777017600000,1772648100000,597525,0.0001,1.0,81000.0,put,0.1,0.0003,25,0.0001,BTC,month,BTC,USD,BTC,"[{'tick_size': 0.0005, 'above_price': 0.005}]",2026-04-24 08:00:00
open,btc_usd,option,True,BTC-24APR26-82000-C,0.0003,0.0003,reversed,1777017600000,1769674200000,580978,0.0001,1.0,82000.0,call,0.1,0.0003,25,0.0001,BTC,month,BTC,USD,BTC,"[{'tick_size': 0.0005, 'above_price': 0.005}]",2026-04-24 08:00:00
open,btc_usd,option,True,BTC-24APR26-82000-P,0.0003,0.0003,reversed,1777017600000,1769674200000,580979,0.0001,1.0,82000.0,put,0.1,0.0003,25,0.0001,BTC,month,BTC,USD,BTC,"[{'tick_size': 0.0005, 'above_price': 0.005}]",2026-04-24 08:00:00
open,btc_usd,option,True,BTC-24APR26-83000-C,0.0003,0.0003,reversed,1777017600000,1772654400000,597580,0.0001,1.0,83000.0,call,0.1,0.0003,25,0.0001,BTC,month,BTC,USD,BTC,"[{'tick_size': 0.0005, 'above_price': 0.005}]",2026-04-24 08:00:00
open,btc_usd,option,True,BTC-24APR26-83000-P,0.0003,0.0003,reversed,1777017600000,1772654400000,597581,0.0001,1.0,83000.0,put,0.1,0.0003,25,0.0001,BTC,month,BTC,USD,BTC,"[{'tick_size': 0.0005, 'above_price': 0.005}]",2026-04-24 08:00:00
open,btc_usd,option,True,BTC-24APR26-84000-C,0.0003,0.0003,reversed,1777017600000,1769673616000,580449,0.0001,1.0,84000.0,call,0.1,0.0003,25,0.0001,BTC,month,BTC,USD,BTC,"[{'tick_size': 0.0005, 'above_price': 0.005}]",2026-04-24 08:00:00
open,btc_usd,option,True,BTC-24APR26-84000-P,0.0003,0.0003,reversed,1777017600000,1769673616000,580450,0.0001,1.0,84000.0,put,0.1,0.0003,25,0.0001,BTC,month,BTC,USD,BTC,"[{'tick_size': 0.0005, 'above_price': 0.005}]",2026-04-24 08:00:00
open,btc_usd,option,True,BTC-24APR26-85000-C,0.0003,0.0003,reversed,1777017600000,1770001860000,583304,0.0001,1.0,85000.0,call,0.1,0.0003,25,0.0001,BTC,month,BTC,USD,BTC,"[{'tick_size': 0.0005, 'above_price': 0.005}]",2026-04-24 08:00:00
open,btc_usd,option,True,BTC-24APR26-85000-P,0.0003,0.0003,reversed,1777017600000,1770001860000,583305,0.0001,1.0,85000.0,put,0.1,0.0003,25,0.0001,BTC,month,BTC,USD,BTC,"[{'tick_size': 0.0005, 'above_price': 0.005}]",2026-04-24 08:00:00
open,btc_usd,option,True,BTC-24APR26-86000-C,0.0003,0.0003,reversed,1777017600000,1769673616000,580451,0.0001,1.0,86000.0,call,0.1,0.0003,25,0.0001,BTC,month,BTC,USD,BTC,"[{'tick_size': 0.0005, 'above_price': 0.005}]",2026-04-24 08:00:00
open,btc_usd,option,True,BTC-24APR26-86000-P,0.0003,0.0003,reversed,1777017600000,1769673616000,580452,0.0001,1.0,86000.0,put,0.1,0.0003,25,0.0001,BTC,month,BTC,USD,BTC,"[{'tick_size': 0.0005, 'above_price': 0.005}]",2026-04-24 08:00:00
open,btc_usd,option,True,BTC-24APR26-88000-C,0.0003,0.0003,reversed,1777017600000,1769673616000,580453,0.0001,1.0,88000.0,call,0.1,0.0003,25,0.0001,BTC,month,BTC,USD,BTC,"[{'tick_size': 0.0005, 'above_price': 0.005}]",2026-04-24 08:00:00
open,btc_usd,option,True,BTC-24APR26-88000-P,0.0003,0.0003,reversed,1777017600000,1769673616000,580454,0.0001,1.0,88000.0,put,0.1,0.0003,25,0.0001,BTC,month,BTC,USD,BTC,"[{'tick_size': 0.0005, 'above_price': 0.005}]",2026-04-24 08:00:00
open,btc_usd,option,True,BTC-24APR26-90000-C,0.0003,0.0003,reversed,1777017600000,1769673616000,580455,0.0001,1.0,90000.0,call,0.1,0.0003,25,0.0001,BTC,month,BTC,USD,BTC,"[{'tick_size': 0.0005, 'above_price': 0.005}]",2026-04-24 08:00:00
open,btc_usd,option,True,BTC-24APR26-90000-P,0.0003,0.0003,reversed,1777017600000,1769673616000,580456,0.0001,1.0,90000.0,put,0.1,0.0003,25,0.0001,BTC,month,BTC,USD,BTC,"[{'tick_size': 0.0005, 'above_price': 0.005}]",2026-04-24 08:00:00
open,btc_usd,option,True,BTC-24APR26-92000-C,0.0003,0.0003,reversed,1777017600000,1769673616000,580457,0.0001,1.0,92000.0,call,0.1,0.0003,25,0.0001,BTC,month,BTC,USD,BTC,"[{'tick_size': 0.0005, 'above_price': 0.005}]",2026-04-24 08:00:00
open,btc_usd,option,True,BTC-24APR26-92000-P,0.0003,0.0003,reversed,1777017600000,1769673616000,580458,0.0001,1.0,92000.0,put,0.1,0.0003,25,0.0001,BTC,month,BTC,USD,BTC,"[{'tick_size': 0.0005, 'above_price': 0.005}]",2026-04-24 08:00:00
open,btc_usd,option,True,BTC-24APR26-94000-C,0.0003,0.0003,reversed,1777017600000,1769673616000,580459,0.0001,1.0,94000.0,call,0.1,0.0003,25,0.0001,BTC,month,BTC,USD,BTC,"[{'tick_size': 0.0005, 'above_price': 0.005}]",2026-04-24 08:00:00
open,btc_usd,option,True,BTC-24APR26-94000-P,0.0003,0.0003,reversed,1777017600000,1769673616000,580460,0.0001,1.0,94000.0,put,0.1,0.0003,25,0.0001,BTC,month,BTC,USD,BTC,"[{'tick_size': 0.0005, 'above_price': 0.005}]",2026-04-24 08:00:00
open,btc_usd,option,True,BTC-24APR26-95000-C,0.0003,0.0003,reversed,1777017600000,1769715600000,581284,0.0001,1.0,95000.0,call,0.1,0.0003,25,0.0001,BTC,month,BTC,USD,BTC,"[{'tick_size': 0.0005, 'above_price': 0.005}]",2026-04-24 08:00:00
open,btc_usd,option,True,BTC-24APR26-95000-P,0.0003,0.0003,reversed,1777017600000,1769715600000,581285,0.0001,1.0,95000.0,put,0.1,0.0003,25,0.0001,BTC,month,BTC,USD,BTC,"[{'tick_size': 0.0005, 'above_price': 0.005}]",2026-04-24 08:00:00
open,btc_usd,option,True,BTC-24APR26-96000-C,0.0003,0.0003,reversed,1777017600000,1769673616000,580461,0.0001,1.0,96000.0,call,0.1,0.0003,25,0.0001,BTC,month,BTC,USD,BTC,"[{'tick_size': 0.0005, 'above_price': 0.005}]",2026-04-24 08:00:00
open,btc_usd,option,True,BTC-24APR26-96000-P,0.0003,0.0003,reversed,1777017600000,1769673616000,580462,0.0001,1.0,96000.0,put,0.1,0.0003,25,0.0001,BTC,month,BTC,USD,BTC,"[{'tick_size': 0.0005, 'above_price': 0.005}]",2026-04-24 08:00:00
open,btc_usd,option,True,BTC-24APR26-98000-C,0.0003,0.0003,reversed,1777017600000,1769673616000,580463,0.0001,1.0,98000.0,call,0.1,0.0003,25,0.0001,BTC,month,BTC,USD,BTC,"[{'tick_size': 0.0005, 'above_price': 0.005}]",2026-04-24 08:00:00
open,btc_usd,option,True,BTC-24APR26-98000-P,0.0003,0.0003,reversed,1777017600000,1769673616000,580464,0.0001,1.0,98000.0,put,0.1,0.0003,25,0.0001,BTC,month,BTC,USD,BTC,"[{'tick_size': 0.0005, 'above_price': 0.005}]",2026-04-24 08:00:00
open,btc_usd,option,True,BTC-24APR26-100000-C,0.0003,0.0003,reversed,1777017600000,1769673616000,580465,0.0001,1.0,100000.0,call,0.1,0.0003,25,0.0001,BTC,month,BTC,USD,BTC,"[{'tick_size': 0.0005, 'above_price': 0.005}]",2026-04-24 08:00:00
open,btc_usd,option,True,BTC-24APR26-100000-P,0.0003,0.0003,reversed,1777017600000,1769673616000,580466,0.0001,1.0,100000.0,put,0.1,0.0003,25,0.0001,BTC,month,BTC,USD,BTC,"[{'tick_size': 0.0005, 'above_price': 0.005}]",2026-04-24 08:00:00
open,btc_usd,option,True,BTC-24APR26-105000-C,0.0003,0.0003,reversed,1777017600000,1769673616000,580467,0.0001,1.0,105000.0,call,0.1,0.0003,25,0.0001,BTC,month,BTC,USD,BTC,"[{'tick_size': 0.0005, 'above_price': 0.005}]",2026-04-24 08:00:00
open,btc_usd,option,True,BTC-24APR26-105000-P,0.0003,0.0003,reversed,1777017600000,1769673616000,580468,0.0001,1.0,105000.0,put,0.1,0.0003,25,0.0001,BTC,month,BTC,USD,BTC,"[{'tick_size': 0.0005, 'above_price': 0.005}]",2026-04-24 08:00:00
open,btc_usd,option,True,BTC-24APR26-110000-C,0.0003,0.0003,reversed,1777017600000,1769673616000,580469,0.0001,1.0,110000.0,call,0.1,0.0003,25,0.0001,BTC,month,BTC,USD,BTC,"[{'tick_size': 0.0005, 'above_price': 0.005}]",2026-04-24 08:00:00
open,btc_usd,option,True,BTC-24APR26-110000-P,0.0003,0.0003,reversed,1777017600000,1769673616000,580470,0.0001,1.0,110000.0,put,0.1,0.0003,25,0.0001,BTC,month,BTC,USD,BTC,"[{'tick_size': 0.0005, 'above_price': 0.005}]",2026-04-24 08:00:00
open,btc_usd,option,True,BTC-24APR26-120000-C,0.0003,0.0003,reversed,1777017600000,1769673616000,580471,0.0001,1.0,120000.0,call,0.1,0.0003,25,0.0001,BTC,month,BTC,USD,BTC,"[{'tick_size': 0.0005, 'above_price': 0.005}]",2026-04-24 08:00:00
open,btc_usd,option,True,BTC-24APR26-120000-P,0.0003,0.0003,reversed,1777017600000,1769673616000,580472,0.0001,1.0,120000.0,put,0.1,0.0003,25,0.0001,BTC,month,BTC,USD,BTC,"[{'tick_size': 0.0005, 'above_price': 0.005}]",2026-04-24 08:00:00
open,btc_usd,option,True,BTC-29MAY26-40000-C,0.0003,0.0003,reversed,1780041600000,1772217873000,595507,0.0001,1.0,40000.0,call,0.1,0.0003,25,0.0001,BTC,month,BTC,USD,BTC,"[{'tick_size': 0.0005, 'above_price': 0.005}]",2026-05-29 08:00:00
open,btc_usd,option,True,BTC-29MAY26-40000-P,0.0003,0.0003,reversed,1780041600000,1772217873000,595508,0.0001,1.0,40000.0,put,0.1,0.0003,25,0.0001,BTC,month,BTC,USD,BTC,"[{'tick_size': 0.0005, 'above_price': 0.005}]",2026-05-29 08:00:00
open,btc_usd,option,True,BTC-29MAY26-45000-C,0.0003,0.0003,reversed,1780041600000,1772093865000,594838,0.0001,1.0,45000.0,call,0.1,0.0003,25,0.0001,BTC,month,BTC,USD,BTC,"[{'tick_size': 0.0005, 'above_price': 0.005}]",2026-05-29 08:00:00
open,btc_usd,option,True,BTC-29MAY26-45000-P,0.0003,0.0003,reversed,1780041600000,1772093865000,594839,0.0001,1.0,45000.0,put,0.1,0.0003,25,0.0001,BTC,month,BTC,USD,BTC,"[{'tick_size': 0.0005, 'above_price': 0.005}]",2026-05-29 08:00:00
open,btc_usd,option,True,BTC-29MAY26-48000-C,0.0003,0.0003,reversed,1780041600000,1772259540000,595588,0.0001,1.0,48000.0,call,0.1,0.0003,25,0.0001,BTC,month,BTC,USD,BTC,"[{'tick_size': 0.0005, 'above_price': 0.005}]",2026-05-29 08:00:00
open,btc_usd,option,True,BTC-29MAY26-48000-P,0.0003,0.0003,reversed,1780041600000,1772259540000,595589,0.0001,1.0,48000.0,put,0.1,0.0003,25,0.0001,BTC,month,BTC,USD,BTC,"[{'tick_size': 0.0005, 'above_price': 0.005}]",2026-05-29 08:00:00
open,btc_usd,option,True,BTC-29MAY26-50000-C,0.0003,0.0003,reversed,1780041600000,1772093865000,594840,0.0001,1.0,50000.0,call,0.1,0.0003,25,0.0001,BTC,month,BTC,USD,BTC,"[{'tick_size': 0.0005, 'above_price': 0.005}]",2026-05-29 08:00:00
open,btc_usd,option,True,BTC-29MAY26-50000-P,0.0003,0.0003,reversed,1780041600000,1772093865000,594841,0.0001,1.0,50000.0,put,0.1,0.0003,25,0.0001,BTC,month,BTC,USD,BTC,"[{'tick_size': 0.0005, 'above_price': 0.005}]",2026-05-29 08:00:00
open,btc_usd,option,True,BTC-29MAY26-52000-C,0.0003,0.0003,reversed,1780041600000,1772092826000,594184,0.0001,1.0,52000.0,call,0.1,0.0003,25,0.0001,BTC,month,BTC,USD,BTC,"[{'tick_size': 0.0005, 'above_price': 0.005}]",2026-05-29 08:00:00
open,btc_usd,option,True,BTC-29MAY26-52000-P,0.0003,0.0003,reversed,1780041600000,1772092826000,594185,0.0001,1.0,52000.0,put,0.1,0.0003,25,0.0001,BTC,month,BTC,USD,BTC,"[{'tick_size': 0.0005, 'above_price': 0.005}]",2026-05-29 08:00:00
open,btc_usd,option,True,BTC-29MAY26-54000-C,0.0003,0.0003,reversed,1780041600000,1772092826000,594186,0.0001,1.0,54000.0,call,0.1,0.0003,25,0.0001,BTC,month,BTC,USD,BTC,"[{'tick_size': 0.0005, 'above_price': 0.005}]",2026-05-29 08:00:00
open,btc_usd,option,True,BTC-29MAY26-54000-P,0.0003,0.0003,reversed,1780041600000,1772092826000,594187,0.0001,1.0,54000.0,put,0.1,0.0003,25,0.0001,BTC,month,BTC,USD,BTC,"[{'tick_size': 0.0005, 'above_price': 0.005}]",2026-05-29 08:00:00
open,btc_usd,option,True,BTC-29MAY26-56000-C,0.0003,0.0003,reversed,1780041600000,1772092826000,594188,0.0001,1.0,56000.0,call,0.1,0.0003,25,0.0001,BTC,month,BTC,USD,BTC,"[{'tick_size': 0.0005, 'above_price': 0.005}]",2026-05-29 08:00:00
open,btc_usd,option,True,BTC-29MAY26-56000-P,0.0003,0.0003,reversed,1780041600000,1772092826000,594189,0.0001,1.0,56000.0,put,0.1,0.0003,25,0.0001,BTC,month,BTC,USD,BTC,"[{'tick_size': 0.0005, 'above_price': 0.005}]",2026-05-29 08:00:00
open,btc_usd,option,True,BTC-29MAY26-57000-C,0.0003,0.0003,reversed,1780041600000,1772206800000,595452,0.0001,1.0,57000.0,call,0.1,0.0003,25,0.0001,BTC,month,BTC,USD,BTC,"[{'tick_size': 0.0005, 'above_price': 0.005}]",2026-05-29 08:00:00
open,btc_usd,option,True,BTC-29MAY26-57000-P,0.0003,0.0003,reversed,1780041600000,1772206800000,595453,0.0001,1.0,57000.0,put,0.1,0.0003,25,0.0001,BTC,month,BTC,USD,BTC,"[{'tick_size': 0.0005, 'above_price': 0.005}]",2026-05-29 08:00:00
open,btc_usd,option,True,BTC-29MAY26-58000-C,0.0003,0.0003,reversed,1780041600000,1772092826000,594190,0.0001,1.0,58000.0,call,0.1,0.0003,25,0.0001,BTC,month,BTC,USD,BTC,"[{'tick_size': 0.0005, 'above_price': 0.005}]",2026-05-29 08:00:00
open,btc_usd,option,True,BTC-29MAY26-58000-P,0.0003,0.0003,reversed,1780041600000,1772092826000,594191,0.0001,1.0,58000.0,put,0.1,0.0003,25,0.0001,BTC,month,BTC,USD,BTC,"[{'tick_size': 0.0005, 'above_price': 0.005}]",2026-05-29 08:00:00
open,btc_usd,option,True,BTC-29MAY26-59000-C,0.0003,0.0003,reversed,1780041600000,1772092826000,594192,0.0001,1.0,59000.0,call,0.1,0.0003,25,0.0001,BTC,month,BTC,USD,BTC,"[{'tick_size': 0.0005, 'above_price': 0.005}]",2026-05-29 08:00:00
open,btc_usd,option,True,BTC-29MAY26-59000-P,0.0003,0.0003,reversed,1780041600000,1772092826000,594193,0.0001,1.0,59000.0,put,0.1,0.0003,25,0.0001,BTC,month,BTC,USD,BTC,"[{'tick_size': 0.0005, 'above_price': 0.005}]",2026-05-29 08:00:00
open,btc_usd,option,True,BTC-29MAY26-60000-C,0.0003,0.0003,reversed,1780041600000,1772092826000,594194,0.0001,1.0,60000.0,call,0.1,0.0003,25,0.0001,BTC,month,BTC,USD,BTC,"[{'tick_size': 0.0005, 'above_price': 0.005}]",2026-05-29 08:00:00
open,btc_usd,option,True,BTC-29MAY26-60000-P,0.0003,0.0003,reversed,1780041600000,1772092826000,594195,0.0001,1.0,60000.0,put,0.1,0.0003,25,0.0001,BTC,month,BTC,USD,BTC,"[{'tick_size': 0.0005, 'above_price': 0.005}]",2026-05-29 08:00:00
open,btc_usd,option,True,BTC-29MAY26-61000-C,0.0003,0.0003,reversed,1780041600000,1772092826000,594196,0.0001,1.0,61000.0,call,0.1,0.0003,25,0.0001,BTC,month,BTC,USD,BTC,"[{'tick_size': 0.0005, 'above_price': 0.005}]",2026-05-29 08:00:00
open,btc_usd,option,True,BTC-29MAY26-61000-P,0.0003,0.0003,reversed,1780041600000,1772092826000,594197,0.0001,1.0,61000.0,put,0.1,0.0003,25,0.0001,BTC,month,BTC,USD,BTC,"[{'tick_size': 0.0005, 'above_price': 0.005}]",2026-05-29 08:00:00
open,btc_usd,option,True,BTC-29MAY26-62000-C,0.0003,0.0003,reversed,1780041600000,1772092826000,594198,0.0001,1.0,62000.0,call,0.1,0.0003,25,0.0001,BTC,month,BTC,USD,BTC,"[{'tick_size': 0.0005, 'above_price': 0.005}]",2026-05-29 08:00:00
open,btc_usd,option,True,BTC-29MAY26-62000-P,0.0003,0.0003,reversed,1780041600000,1772092826000,594199,0.0001,1.0,62000.0,put,0.1,0.0003,25,0.0001,BTC,month,BTC,USD,BTC,"[{'tick_size': 0.0005, 'above_price': 0.005}]",2026-05-29 08:00:00
open,btc_usd,option,True,BTC-29MAY26-63000-C,0.0003,0.0003,reversed,1780041600000,1772092826000,594200,0.0001,1.0,63000.0,call,0.1,0.0003,25,0.0001,BTC,month,BTC,USD,BTC,"[{'tick_size': 0.0005, 'above_price': 0.005}]",2026-05-29 08:00:00
open,btc_usd,option,True,BTC-29MAY26-63000-P,0.0003,0.0003,reversed,1780041600000,1772092826000,594201,0.0001,1.0,63000.0,put,0.1,0.0003,25,0.0001,BTC,month,BTC,USD,BTC,"[{'tick_size': 0.0005, 'above_price': 0.005}]",2026-05-29 08:00:00
open,btc_usd,option,True,BTC-29MAY26-64000-C,0.0003,0.0003,reversed,1780041600000,1772092826000,594202,0.0001,1.0,64000.0,call,0.1,0.0003,25,0.0001,BTC,month,BTC,USD,BTC,"[{'tick_size': 0.0005, 'above_price': 0.005}]",2026-05-29 08:00:00
open,btc_usd,option,True,BTC-29MAY26-64000-P,0.0003,0.0003,reversed,1780041600000,1772092826000,594203,0.0001,1.0,64000.0,put,0.1,0.0003,25,0.0001,BTC,month,BTC,USD,BTC,"[{'tick_size': 0.0005, 'above_price': 0.005}]",2026-05-29 08:00:00
open,btc_usd,option,True,BTC-29MAY26-65000-C,0.0003,0.0003,reversed,1780041600000,1772092826000,594204,0.0001,1.0,65000.0,call,0.1,0.0003,25,0.0001,BTC,month,BTC,USD,BTC,"[{'tick_size': 0.0005, 'above_price': 0.005}]",2026-05-29 08:00:00
open,btc_usd,option,True,BTC-29MAY26-65000-P,0.0003,0.0003,reversed,1780041600000,1772092826000,594205,0.0001,1.0,65000.0,put,0.1,0.0003,25,0.0001,BTC,month,BTC,USD,BTC,"[{'tick_size': 0.0005, 'above_price': 0.005}]",2026-05-29 08:00:00
open,btc_usd,option,True,BTC-29MAY26-66000-C,0.0003,0.0003,reversed,1780041600000,1772092826000,594206,0.0001,1.0,66000.0,call,0.1,0.0003,25,0.0001,BTC,month,BTC,USD,BTC,"[{'tick_size': 0.0005, 'above_price': 0.005}]",2026-05-29 08:00:00
open,btc_usd,option,True,BTC-29MAY26-66000-P,0.0003,0.0003,reversed,1780041600000,1772092826000,594207,0.0001,1.0,66000.0,put,0.1,0.0003,25,0.0001,BTC,month,BTC,USD,BTC,"[{'tick_size': 0.0005, 'above_price': 0.005}]",2026-05-29 08:00:00
open,btc_usd,option,True,BTC-29MAY26-67000-C,0.0003,0.0003,reversed,1780041600000,1772092826000,594208,0.0001,1.0,67000.0,call,0.1,0.0003,25,0.0001,BTC,month,BTC,USD,BTC,"[{'tick_size': 0.0005, 'above_price': 0.005}]",2026-05-29 08:00:00
open,btc_usd,option,True,BTC-29MAY26-67000-P,0.0003,0.0003,reversed,1780041600000,1772092826000,594209,0.0001,1.0,67000.0,put,0.1,0.0003,25,0.0001,BTC,month,BTC,USD,BTC,"[{'tick_size': 0.0005, 'above_price': 0.005}]",2026-05-29 08:00:00
open,btc_usd,option,True,BTC-29MAY26-68000-C,0.0003,0.0003,reversed,1780041600000,1772092826000,594210,0.0001,1.0,68000.0,call,0.1,0.0003,25,0.0001,BTC,month,BTC,USD,BTC,"[{'tick_size': 0.0005, 'above_price': 0.005}]",2026-05-29 08:00:00
open,btc_usd,option,True,BTC-29MAY26-68000-P,0.0003,0.0003,reversed,1780041600000,1772092826000,594211,0.0001,1.0,68000.0,put,0.1,0.0003,25,0.0001,BTC,month,BTC,USD,BTC,"[{'tick_size': 0.0005, 'above_price': 0.005}]",2026-05-29 08:00:00
open,btc_usd,option,True,BTC-29MAY26-69000-C,0.0003,0.0003,reversed,1780041600000,1772092826000,594212,0.0001,1.0,69000.0,call,0.1,0.0003,25,0.0001,BTC,month,BTC,USD,BTC,"[{'tick_size': 0.0005, 'above_price': 0.005}]",2026-05-29 08:00:00
open,btc_usd,option,True,BTC-29MAY26-69000-P,0.0003,0.0003,reversed,1780041600000,1772092826000,594213,0.0001,1.0,69000.0,put,0.1,0.0003,25,0.0001,BTC,month,BTC,USD,BTC,"[{'tick_size': 0.0005, 'above_price': 0.005}]",2026-05-29 08:00:00
open,btc_usd,option,True,BTC-29MAY26-70000-C,0.0003,0.0003,reversed,1780041600000,1772092826000,594214,0.0001,1.0,70000.0,call,0.1,0.0003,25,0.0001,BTC,month,BTC,USD,BTC,"[{'tick_size': 0.0005, 'above_price': 0.005}]",2026-05-29 08:00:00
open,btc_usd,option,True,BTC-29MAY26-70000-P,0.0003,0.0003,reversed,1780041600000,1772092826000,594215,0.0001,1.0,70000.0,put,0.1,0.0003,25,0.0001,BTC,month,BTC,USD,BTC,"[{'tick_size': 0.0005, 'above_price': 0.005}]",2026-05-29 08:00:00
open,btc_usd,option,True,BTC-29MAY26-71000-C,0.0003,0.0003,reversed,1780041600000,1772092826000,594216,0.0001,1.0,71000.0,call,0.1,0.0003,25,0.0001,BTC,month,BTC,USD,BTC,"[{'tick_size': 0.0005, 'above_price': 0.005}]",2026-05-29 08:00:00
open,btc_usd,option,True,BTC-29MAY26-71000-P,0.0003,0.0003,reversed,1780041600000,1772092826000,594217,0.0001,1.0,71000.0,put,0.1,0.0003,25,0.0001,BTC,month,BTC,USD,BTC,"[{'tick_size': 0.0005, 'above_price': 0.005}]",2026-05-29 08:00:00
open,btc_usd,option,True,BTC-29MAY26-72000-C,0.0003,0.0003,reversed,1780041600000,1772092826000,594218,0.0001,1.0,72000.0,call,0.1,0.0003,25,0.0001,BTC,month,BTC,USD,BTC,"[{'tick_size': 0.0005, 'above_price': 0.005}]",2026-05-29 08:00:00
open,btc_usd,option,True,BTC-29MAY26-72000-P,0.0003,0.0003,reversed,1780041600000,1772092826000,594219,0.0001,1.0,72000.0,put,0.1,0.0003,25,0.0001,BTC,month,BTC,USD,BTC,"[{'tick_size': 0.0005, 'above_price': 0.005}]",2026-05-29 08:00:00
open,btc_usd,option,True,BTC-29MAY26-73000-C,0.0003,0.0003,reversed,1780041600000,1772092826000,594220,0.0001,1.0,73000.0,call,0.1,0.0003,25,0.0001,BTC,month,BTC,USD,BTC,"[{'tick_size': 0.0005, 'above_price': 0.005}]",2026-05-29 08:00:00
open,btc_usd,option,True,BTC-29MAY26-73000-P,0.0003,0.0003,reversed,1780041600000,1772092826000,594221,0.0001,1.0,73000.0,put,0.1,0.0003,25,0.0001,BTC,month,BTC,USD,BTC,"[{'tick_size': 0.0005, 'above_price': 0.005}]",2026-05-29 08:00:00
open,btc_usd,option,True,BTC-29MAY26-74000-C,0.0003,0.0003,reversed,1780041600000,1772092826000,594222,0.0001,1.0,74000.0,call,0.1,0.0003,25,0.0001,BTC,month,BTC,USD,BTC,"[{'tick_size': 0.0005, 'above_price': 0.005}]",2026-05-29 08:00:00
open,btc_usd,option,True,BTC-29MAY26-74000-P,0.0003,0.0003,reversed,1780041600000,1772092826000,594223,0.0001,1.0,74000.0,put,0.1,0.0003,25,0.0001,BTC,month,BTC,USD,BTC,"[{'tick_size': 0.0005, 'above_price': 0.005}]",2026-05-29 08:00:00
open,btc_usd,option,True,BTC-29MAY26-75000-C,0.0003,0.0003,reversed,1780041600000,1772092826000,594224,0.0001,1.0,75000.0,call,0.1,0.0003,25,0.0001,BTC,month,BTC,USD,BTC,"[{'tick_size': 0.0005, 'above_price': 0.005}]",2026-05-29 08:00:00
open,btc_usd,option,True,BTC-29MAY26-75000-P,0.0003,0.0003,reversed,1780041600000,1772092826000,594225,0.0001,1.0,75000.0,put,0.1,0.0003,25,0.0001,BTC,month,BTC,USD,BTC,"[{'tick_size': 0.0005, 'above_price': 0.005}]",2026-05-29 08:00:00
open,btc_usd,option,True,BTC-29MAY26-76000-C,0.0003,0.0003,reversed,1780041600000,1772092826000,594226,0.0001,1.0,76000.0,call,0.1,0.0003,25,0.0001,BTC,month,BTC,USD,BTC,"[{'tick_size': 0.0005, 'above_price': 0.005}]",2026-05-29 08:00:00
open,btc_usd,option,True,BTC-29MAY26-76000-P,0.0003,0.0003,reversed,1780041600000,1772092826000,594227,0.0001,1.0,76000.0,put,0.1,0.0003,25,0.0001,BTC,month,BTC,USD,BTC,"[{'tick_size': 0.0005, 'above_price': 0.005}]",2026-05-29 08:00:00
open,btc_usd,option,True,BTC-29MAY26-77000-C,0.0003,0.0003,reversed,1780041600000,1772092826000,594228,0.0001,1.0,77000.0,call,0.1,0.0003,25,0.0001,BTC,month,BTC,USD,BTC,"[{'tick_size': 0.0005, 'above_price': 0.005}]",2026-05-29 08:00:00
open,btc_usd,option,True,BTC-29MAY26-77000-P,0.0003,0.0003,reversed,1780041600000,1772092826000,594229,0.0001,1.0,77000.0,put,0.1,0.0003,25,0.0001,BTC,month,BTC,USD,BTC,"[{'tick_size': 0.0005, 'above_price': 0.005}]",2026-05-29 08:00:00
open,btc_usd,option,True,BTC-29MAY26-78000-C,0.0003,0.0003,reversed,1780041600000,1772092826000,594230,0.0001,1.0,78000.0,call,0.1,0.0003,25,0.0001,BTC,month,BTC,USD,BTC,"[{'tick_size': 0.0005, 'above_price': 0.005}]",2026-05-29 08:00:00
open,btc_usd,option,True,BTC-29MAY26-78000-P,0.0003,0.0003,reversed,1780041600000,1772092826000,594231,0.0001,1.0,78000.0,put,0.1,0.0003,25,0.0001,BTC,month,BTC,USD,BTC,"[{'tick_size': 0.0005, 'above_price': 0.005}]",2026-05-29 08:00:00
open,btc_usd,option,True,BTC-29MAY26-79000-C,0.0003,0.0003,reversed,1780041600000,1772092826000,594232,0.0001,1.0,79000.0,call,0.1,0.0003,25,0.0001,BTC,month,BTC,USD,BTC,"[{'tick_size': 0.0005, 'above_price': 0.005}]",2026-05-29 08:00:00
open,btc_usd,option,True,BTC-29MAY26-79000-P,0.0003,0.0003,reversed,1780041600000,1772092826000,594233,0.0001,1.0,79000.0,put,0.1,0.0003,25,0.0001,BTC,month,BTC,USD,BTC,"[{'tick_size': 0.0005, 'above_price': 0.005}]",2026-05-29 08:00:00
open,btc_usd,option,True,BTC-29MAY26-80000-C,0.0003,0.0003,reversed,1780041600000,1772092826000,594234,0.0001,1.0,80000.0,call,0.1,0.0003,25,0.0001,BTC,month,BTC,USD,BTC,"[{'tick_size': 0.0005, 'above_price': 0.005}]",2026-05-29 08:00:00
open,btc_usd,option,True,BTC-29MAY26-80000-P,0.0003,0.0003,reversed,1780041600000,1772092826000,594235,0.0001,1.0,80000.0,put,0.1,0.0003,25,0.0001,BTC,month,BTC,USD,BTC,"[{'tick_size': 0.0005, 'above_price': 0.005}]",2026-05-29 08:00:00
open,btc_usd,option,True,BTC-29MAY26-81000-C,0.0003,0.0003,reversed,1780041600000,1772624940000,597333,0.0001,1.0,81000.0,call,0.1,0.0003,25,0.0001,BTC,month,BTC,USD,BTC,"[{'tick_size': 0.0005, 'above_price': 0.005}]",2026-05-29 08:00:00
open,btc_usd,option,True,BTC-29MAY26-81000-P,0.0003,0.0003,reversed,1780041600000,1772624940000,597334,0.0001,1.0,81000.0,put,0.1,0.0003,25,0.0001,BTC,month,BTC,USD,BTC,"[{'tick_size': 0.0005, 'above_price': 0.005}]",2026-05-29 08:00:00
open,btc_usd,option,True,BTC-29MAY26-82000-C,0.0003,0.0003,reversed,1780041600000,1772092826000,594236,0.0001,1.0,82000.0,call,0.1,0.0003,25,0.0001,BTC,month,BTC,USD,BTC,"[{'tick_size': 0.0005, 'above_price': 0.005}]",2026-05-29 08:00:00
open,btc_usd,option,True,BTC-29MAY26-82000-P,0.0003,0.0003,reversed,1780041600000,1772092826000,594237,0.0001,1.0,82000.0,put,0.1,0.0003,25,0.0001,BTC,month,BTC,USD,BTC,"[{'tick_size': 0.0005, 'above_price': 0.005}]",2026-05-29 08:00:00
open,btc_usd,option,True,BTC-29MAY26-83000-C,0.0003,0.0003,reversed,1780041600000,1772629141000,597369,0.0001,1.0,83000.0,call,0.1,0.0003,25,0.0001,BTC,month,BTC,USD,BTC,"[{'tick_size': 0.0005, 'above_price': 0.005}]",2026-05-29 08:00:00
open,btc_usd,option,True,BTC-29MAY26-83000-P,0.0003,0.0003,reversed,1780041600000,1772629141000,597370,0.0001,1.0,83000.0,put,0.1,0.0003,25,0.0001,BTC,month,BTC,USD,BTC,"[{'tick_size': 0.0005, 'above_price': 0.005}]",2026-05-29 08:00:00
open,btc_usd,option,True,BTC-29MAY26-84000-C,0.0003,0.0003,reversed,1780041600000,1772092826000,594238,0.0001,1.0,84000.0,call,0.1,0.0003,25,0.0001,BTC,month,BTC,USD,BTC,"[{'tick_size': 0.0005, 'above_price': 0.005}]",2026-05-29 08:00:00
open,btc_usd,option,True,BTC-29MAY26-84000-P,0.0003,0.0003,reversed,1780041600000,1772092826000,594239,0.0001,1.0,84000.0,put,0.1,0.0003,25,0.0001,BTC,month,BTC,USD,BTC,"[{'tick_size': 0.0005, 'above_price': 0.005}]",2026-05-29 08:00:00
open,btc_usd,option,True,BTC-29MAY26-85000-C,0.0003,0.0003,reversed,1780041600000,1772652540000,597565,0.0001,1.0,85000.0,call,0.1,0.0003,25,0.0001,BTC,month,BTC,USD,BTC,"[{'tick_size': 0.0005, 'above_price': 0.005}]",2026-05-29 08:00:00
open,btc_usd,option,True,BTC-29MAY26-85000-P,0.0003,0.0003,reversed,1780041600000,1772652540000,597566,0.0001,1.0,85000.0,put,0.1,0.0003,25,0.0001,BTC,month,BTC,USD,BTC,"[{'tick_size': 0.0005, 'above_price': 0.005}]",2026-05-29 08:00:00
open,btc_usd,option,True,BTC-29MAY26-86000-C,0.0003,0.0003,reversed,1780041600000,1772092826000,594240,0.0001,1.0,86000.0,call,0.1,0.0003,25,0.0001,BTC,month,BTC,USD,BTC,"[{'tick_size': 0.0005, 'above_price': 0.005}]",2026-05-29 08:00:00
open,btc_usd,option,True,BTC-29MAY26-86000-P,0.0003,0.0003,reversed,1780041600000,1772092826000,594241,0.0001,1.0,86000.0,put,0.1,0.0003,25,0.0001,BTC,month,BTC,USD,BTC,"[{'tick_size': 0.0005, 'above_price': 0.005}]",2026-05-29 08:00:00
open,btc_usd,option,True,BTC-29MAY26-88000-C,0.0003,0.0003,reversed,1780041600000,1772092826000,594242,0.0001,1.0,88000.0,call,0.1,0.0003,25,0.0001,BTC,month,BTC,USD,BTC,"[{'tick_size': 0.0005, 'above_price': 0.005}]",2026-05-29 08:00:00
open,btc_usd,option,True,BTC-29MAY26-88000-P,0.0003,0.0003,reversed,1780041600000,1772092826000,594243,0.0001,1.0,88000.0,put,0.1,0.0003,25,0.0001,BTC,month,BTC,USD,BTC,"[{'tick_size': 0.0005, 'above_price': 0.005}]",2026-05-29 08:00:00
open,btc_usd,option,True,BTC-29MAY26-90000-C,0.0003,0.0003,reversed,1780041600000,1772092826000,594244,0.0001,1.0,90000.0,call,0.1,0.0003,25,0.0001,BTC,month,BTC,USD,BTC,"[{'tick_size': 0.0005, 'above_price': 0.005}]",2026-05-29 08:00:00
open,btc_usd,option,True,BTC-29MAY26-90000-P,0.0003,0.0003,reversed,1780041600000,1772092826000,594245,0.0001,1.0,90000.0,put,0.1,0.0003,25,0.0001,BTC,month,BTC,USD,BTC,"[{'tick_size': 0.0005, 'above_price': 0.005}]",2026-05-29 08:00:00
open,btc_usd,option,True,BTC-29MAY26-92000-C,0.0003,0.0003,reversed,1780041600000,1772108460000,594948,0.0001,1.0,92000.0,call,0.1,0.0003,25,0.0001,BTC,month,BTC,USD,BTC,"[{'tick_size': 0.0005, 'above_price': 0.005}]",2026-05-29 08:00:00
open,btc_usd,option,True,BTC-29MAY26-92000-P,0.0003,0.0003,reversed,1780041600000,1772108460000,594949,0.0001,1.0,92000.0,put,0.1,0.0003,25,0.0001,BTC,month,BTC,USD,BTC,"[{'tick_size': 0.0005, 'above_price': 0.005}]",2026-05-29 08:00:00
open,btc_usd,option,True,BTC-29MAY26-94000-C,0.0003,0.0003,reversed,1780041600000,1772628481000,597356,0.0001,1.0,94000.0,call,0.1,0.0003,25,0.0001,BTC,month,BTC,USD,BTC,"[{'tick_size': 0.0005, 'above_price': 0.005}]",2026-05-29 08:00:00
open,btc_usd,option,True,BTC-29MAY26-94000-P,0.0003,0.0003,reversed,1780041600000,1772628481000,597357,0.0001,1.0,94000.0,put,0.1,0.0003,25,0.0001,BTC,month,BTC,USD,BTC,"[{'tick_size': 0.0005, 'above_price': 0.005}]",2026-05-29 08:00:00
open,btc_usd,option,True,BTC-29MAY26-95000-C,0.0003,0.0003,reversed,1780041600000,1772092826000,594246,0.0001,1.0,95000.0,call,0.1,0.0003,25,0.0001,BTC,month,BTC,USD,BTC,"[{'tick_size': 0.0005, 'above_price': 0.005}]",2026-05-29 08:00:00
open,btc_usd,option,True,BTC-29MAY26-95000-P,0.0003,0.0003,reversed,1780041600000,1772092826000,594247,0.0001,1.0,95000.0,put,0.1,0.0003,25,0.0001,BTC,month,BTC,USD,BTC,"[{'tick_size': 0.0005, 'above_price': 0.005}]",2026-05-29 08:00:00
open,btc_usd,option,True,BTC-29MAY26-96000-C,0.0003,0.0003,reversed,1780041600000,1772617082000,597320,0.0001,1.0,96000.0,call,0.1,0.0003,25,0.0001,BTC,month,BTC,USD,BTC,"[{'tick_size': 0.0005, 'above_price': 0.005}]",2026-05-29 08:00:00
open,btc_usd,option,True,BTC-29MAY26-96000-P,0.0003,0.0003,reversed,1780041600000,1772617082000,597321,0.0001,1.0,96000.0,put,0.1,0.0003,25,0.0001,BTC,month,BTC,USD,BTC,"[{'tick_size': 0.0005, 'above_price': 0.005}]",2026-05-29 08:00:00
open,btc_usd,option,True,BTC-29MAY26-98000-C,0.0003,0.0003,reversed,1780041600000,1772639883000,597427,0.0001,1.0,98000.0,call,0.1,0.0003,25,0.0001,BTC,month,BTC,USD,BTC,"[{'tick_size': 0.0005, 'above_price': 0.005}]",2026-05-29 08:00:00
open,btc_usd,option,True,BTC-29MAY26-98000-P,0.0003,0.0003,reversed,1780041600000,1772639883000,597428,0.0001,1.0,98000.0,put,0.1,0.0003,25,0.0001,BTC,month,BTC,USD,BTC,"[{'tick_size': 0.0005, 'above_price': 0.005}]",2026-05-29 08:00:00
open,btc_usd,option,True,BTC-29MAY26-100000-C,0.0003,0.0003,reversed,1780041600000,1772092826000,594248,0.0001,1.0,100000.0,call,0.1,0.0003,25,0.0001,BTC,month,BTC,USD,BTC,"[{'tick_size': 0.0005, 'above_price': 0.005}]",2026-05-29 08:00:00
open,btc_usd,option,True,BTC-29MAY26-100000-P,0.0003,0.0003,reversed,1780041600000,1772092826000,594249,0.0001,1.0,100000.0,put,0.1,0.0003,25,0.0001,BTC,month,BTC,USD,BTC,"[{'tick_size': 0.0005, 'above_price': 0.005}]",2026-05-29 08:00:00
open,btc_usd,option,True,BTC-29MAY26-105000-C,0.0003,0.0003,reversed,1780041600000,1772093865000,594842,0.0001,1.0,105000.0,call,0.1,0.0003,25,0.0001,BTC,month,BTC,USD,BTC,"[{'tick_size': 0.0005, 'above_price': 0.005}]",2026-05-29 08:00:00
open,btc_usd,option,True,BTC-29MAY26-105000-P,0.0003,0.0003,reversed,1780041600000,1772093865000,594843,0.0001,1.0,105000.0,put,0.1,0.0003,25,0.0001,BTC,month,BTC,USD,BTC,"[{'tick_size': 0.0005, 'above_price': 0.005}]",2026-05-29 08:00:00
open,btc_usd,option,True,BTC-26JUN26-20000-C,0.0003,0.0003,reversed,1782460800000,1750924810000,479172,0.0001,1.0,20000.0,call,0.1,0.0003,25,0.0001,BTC,month,BTC,USD,BTC,"[{'tick_size': 0.0005, 'above_price': 0.005}]",2026-06-26 08:00:00
open,btc_usd,option,True,BTC-26JUN26-20000-P,0.0003,0.0003,reversed,1782460800000,1750924810000,479173,0.0001,1.0,20000.0,put,0.1,0.0003,25,0.0001,BTC,month,BTC,USD,BTC,"[{'tick_size': 0.0005, 'above_price': 0.005}]",2026-06-26 08:00:00
open,btc_usd,option,True,BTC-26JUN26-30000-C,0.0003,0.0003,reversed,1782460800000,1750924810000,479174,0.0001,1.0,30000.0,call,0.1,0.0003,25,0.0001,BTC,month,BTC,USD,BTC,"[{'tick_size': 0.0005, 'above_price': 0.005}]",2026-06-26 08:00:00
open,btc_usd,option,True,BTC-26JUN26-30000-P,0.0003,0.0003,reversed,1782460800000,1750924810000,479175,0.0001,1.0,30000.0,put,0.1,0.0003,25,0.0001,BTC,month,BTC,USD,BTC,"[{'tick_size': 0.0005, 'above_price': 0.005}]",2026-06-26 08:00:00
open,btc_usd,option,True,BTC-26JUN26-40000-C,0.0003,0.0003,reversed,1782460800000,1750924810000,479176,0.0001,1.0,40000.0,call,0.1,0.0003,25,0.0001,BTC,month,BTC,USD,BTC,"[{'tick_size': 0.0005, 'above_price': 0.005}]",2026-06-26 08:00:00
open,btc_usd,option,True,BTC-26JUN26-40000-P,0.0003,0.0003,reversed,1782460800000,1750924810000,479177,0.0001,1.0,40000.0,put,0.1,0.0003,25,0.0001,BTC,month,BTC,USD,BTC,"[{'tick_size': 0.0005, 'above_price': 0.005}]",2026-06-26 08:00:00
open,btc_usd,option,True,BTC-26JUN26-45000-C,0.0003,0.0003,reversed,1782460800000,1770309499000,586015,0.0001,1.0,45000.0,call,0.1,0.0003,25,0.0001,BTC,month,BTC,USD,BTC,"[{'tick_size': 0.0005, 'above_price': 0.005}]",2026-06-26 08:00:00
open,btc_usd,option,True,BTC-26JUN26-45000-P,0.0003,0.0003,reversed,1782460800000,1770309499000,586016,0.0001,1.0,45000.0,put,0.1,0.0003,25,0.0001,BTC,month,BTC,USD,BTC,"[{'tick_size': 0.0005, 'above_price': 0.005}]",2026-06-26 08:00:00
open,btc_usd,option,True,BTC-26JUN26-50000-C,0.0003,0.0003,reversed,1782460800000,1750924810000,479178,0.0001,1.0,50000.0,call,0.1,0.0003,25,0.0001,BTC,month,BTC,USD,BTC,"[{'tick_size': 0.0005, 'above_price': 0.005}]",2026-06-26 08:00:00
open,btc_usd,option,True,BTC-26JUN26-50000-P,0.0003,0.0003,reversed,1782460800000,1750924810000,479179,0.0001,1.0,50000.0,put,0.1,0.0003,25,0.0001,BTC,month,BTC,USD,BTC,"[{'tick_size': 0.0005, 'above_price': 0.005}]",2026-06-26 08:00:00
open,btc_usd,option,True,BTC-26JUN26-55000-C,0.0003,0.0003,reversed,1782460800000,1770309499000,586017,0.0001,1.0,55000.0,call,0.1,0.0003,25,0.0001,BTC,month,BTC,USD,BTC,"[{'tick_size': 0.0005, 'above_price': 0.005}]",2026-06-26 08:00:00
open,btc_usd,option,True,BTC-26JUN26-55000-P,0.0003,0.0003,reversed,1782460800000,1770309499000,586018,0.0001,1.0,55000.0,put,0.1,0.0003,25,0.0001,BTC,month,BTC,USD,BTC,"[{'tick_size': 0.0005, 'above_price': 0.005}]",2026-06-26 08:00:00
open,btc_usd,option,True,BTC-26JUN26-58000-C,0.0003,0.0003,reversed,1782460800000,1771910221000,593049,0.0001,1.0,58000.0,call,0.1,0.0003,25,0.0001,BTC,month,BTC,USD,BTC,"[{'tick_size': 0.0005, 'above_price': 0.005}]",2026-06-26 08:00:00
open,btc_usd,option,True,BTC-26JUN26-58000-P,0.0003,0.0003,reversed,1782460800000,1771910221000,593050,0.0001,1.0,58000.0,put,0.1,0.0003,25,0.0001,BTC,month,BTC,USD,BTC,"[{'tick_size': 0.0005, 'above_price': 0.005}]",2026-06-26 08:00:00
open,btc_usd,option,True,BTC-26JUN26-60000-C,0.0003,0.0003,reversed,1782460800000,1750924810000,479180,0.0001,1.0,60000.0,call,0.1,0.0003,25,0.0001,BTC,month,BTC,USD,BTC,"[{'tick_size': 0.0005, 'above_price': 0.005}]",2026-06-26 08:00:00
open,btc_usd,option,True,BTC-26JUN26-60000-P,0.0003,0.0003,reversed,1782460800000,1750924810000,479181,0.0001,1.0,60000.0,put,0.1,0.0003,25,0.0001,BTC,month,BTC,USD,BTC,"[{'tick_size': 0.0005, 'above_price': 0.005}]",2026-06-26 08:00:00
open,btc_usd,option,True,BTC-26JUN26-62000-C,0.0003,0.0003,reversed,1782460800000,1771334177000,590401,0.0001,1.0,62000.0,call,0.1,0.0003,25,0.0001,BTC,month,BTC,USD,BTC,"[{'tick_size': 0.0005, 'above_price': 0.005}]",2026-06-26 08:00:00
open,btc_usd,option,True,BTC-26JUN26-62000-P,0.0003,0.0003,reversed,1782460800000,1771334177000,590402,0.0001,1.0,62000.0,put,0.1,0.0003,25,0.0001,BTC,month,BTC,USD,BTC,"[{'tick_size': 0.0005, 'above_price': 0.005}]",2026-06-26 08:00:00
open,btc_usd,option,True,BTC-26JUN26-64000-C,0.0003,0.0003,reversed,1782460800000,1771334177000,590403,0.0001,1.0,64000.0,call,0.1,0.0003,25,0.0001,BTC,month,BTC,USD,BTC,"[{'tick_size': 0.0005, 'above_price': 0.005}]",2026-06-26 08:00:00
open,btc_usd,option,True,BTC-26JUN26-64000-P,0.0003,0.0003,reversed,1782460800000,1771334177000,590404,0.0001,1.0,64000.0,put,0.1,0.0003,25,0.0001,BTC,month,BTC,USD,BTC,"[{'tick_size': 0.0005, 'above_price': 0.005}]",2026-06-26 08:00:00
open,btc_usd,option,True,BTC-26JUN26-65000-C,0.0003,0.0003,reversed,1782460800000,1769522651000,580008,0.0001,1.0,65000.0,call,0.1,0.0003,25,0.0001,BTC,month,BTC,USD,BTC,"[{'tick_size': 0.0005, 'above_price': 0.005}]",2026-06-26 08:00:00
open,btc_usd,option,True,BTC-26JUN26-65000-P,0.0003,0.0003,reversed,1782460800000,1769522651000,580009,0.0001,1.0,65000.0,put,0.1,0.0003,25,0.0001,BTC,month,BTC,USD,BTC,"[{'tick_size': 0.0005, 'above_price': 0.005}]",2026-06-26 08:00:00
open,btc_usd,option,True,BTC-26JUN26-66000-C,0.0003,0.0003,reversed,1782460800000,1771334177000,590405,0.0001,1.0,66000.0,call,0.1,0.0003,25,0.0001,BTC,month,BTC,USD,BTC,"[{'tick_size': 0.0005, 'above_price': 0.005}]",2026-06-26 08:00:00
open,btc_usd,option,True,BTC-26JUN26-66000-P,0.0003,0.0003,reversed,1782460800000,1771334177000,590406,0.0001,1.0,66000.0,put,0.1,0.0003,25,0.0001,BTC,month,BTC,USD,BTC,"[{'tick_size': 0.0005, 'above_price': 0.005}]",2026-06-26 08:00:00
open,btc_usd,option,True,BTC-26JUN26-68000-C,0.0003,0.0003,reversed,1782460800000,1771334177000,590407,0.0001,1.0,68000.0,call,0.1,0.0003,25,0.0001,BTC,month,BTC,USD,BTC,"[{'tick_size': 0.0005, 'above_price': 0.005}]",2026-06-26 08:00:00
open,btc_usd,option,True,BTC-26JUN26-68000-P,0.0003,0.0003,reversed,1782460800000,1771334177000,590408,0.0001,1.0,68000.0,put,0.1,0.0003,25,0.0001,BTC,month,BTC,USD,BTC,"[{'tick_size': 0.0005, 'above_price': 0.005}]",2026-06-26 08:00:00
open,btc_usd,option,True,BTC-26JUN26-70000-C,0.0003,0.0003,reversed,1782460800000,1750924810000,479182,0.0001,1.0,70000.0,call,0.1,0.0003,25,0.0001,BTC,month,BTC,USD,BTC,"[{'tick_size': 0.0005, 'above_price': 0.005}]",2026-06-26 08:00:00
open,btc_usd,option,True,BTC-26JUN26-70000-P,0.0003,0.0003,reversed,1782460800000,1750924810000,479183,0.0001,1.0,70000.0,put,0.1,0.0003,25,0.0001,BTC,month,BTC,USD,BTC,"[{'tick_size': 0.0005, 'above_price': 0.005}]",2026-06-26 08:00:00
open,btc_usd,option,True,BTC-26JUN26-72000-C,0.0003,0.0003,reversed,1782460800000,1771334177000,590409,0.0001,1.0,72000.0,call,0.1,0.0003,25,0.0001,BTC,month,BTC,USD,BTC,"[{'tick_size': 0.0005, 'above_price': 0.005}]",2026-06-26 08:00:00
open,btc_usd,option,True,BTC-26JUN26-72000-P,0.0003,0.0003,reversed,1782460800000,1771334177000,590410,0.0001,1.0,72000.0,put,0.1,0.0003,25,0.0001,BTC,month,BTC,USD,BTC,"[{'tick_size': 0.0005, 'above_price': 0.005}]",2026-06-26 08:00:00
open,btc_usd,option,True,BTC-26JUN26-74000-C,0.0003,0.0003,reversed,1782460800000,1771334177000,590411,0.0001,1.0,74000.0,call,0.1,0.0003,25,0.0001,BTC,month,BTC,USD,BTC,"[{'tick_size': 0.0005, 'above_price': 0.005}]",2026-06-26 08:00:00
open,btc_usd,option,True,BTC-26JUN26-74000-P,0.0003,0.0003,reversed,1782460800000,1771334177000,590412,0.0001,1.0,74000.0,put,0.1,0.0003,25,0.0001,BTC,month,BTC,USD,BTC,"[{'tick_size': 0.0005, 'above_price': 0.005}]",2026-06-26 08:00:00
open,btc_usd,option,True,BTC-26JUN26-75000-C,0.0003,0.0003,reversed,1782460800000,1763439182000,551968,0.0001,1.0,75000.0,call,0.1,0.0003,25,0.0001,BTC,month,BTC,USD,BTC,"[{'tick_size': 0.0005, 'above_price': 0.005}]",2026-06-26 08:00:00
open,btc_usd,option,True,BTC-26JUN26-75000-P,0.0003,0.0003,reversed,1782460800000,1763439182000,551969,0.0001,1.0,75000.0,put,0.1,0.0003,25,0.0001,BTC,month,BTC,USD,BTC,"[{'tick_size': 0.0005, 'above_price': 0.005}]",2026-06-26 08:00:00
open,btc_usd,option,True,BTC-26JUN26-76000-C,0.0003,0.0003,reversed,1782460800000,1771334177000,590413,0.0001,1.0,76000.0,call,0.1,0.0003,25,0.0001,BTC,month,BTC,USD,BTC,"[{'tick_size': 0.0005, 'above_price': 0.005}]",2026-06-26 08:00:00
open,btc_usd,option,True,BTC-26JUN26-76000-P,0.0003,0.0003,reversed,1782460800000,1771334177000,590414,0.0001,1.0,76000.0,put,0.1,0.0003,25,0.0001,BTC,month,BTC,USD,BTC,"[{'tick_size': 0.0005, 'above_price': 0.005}]",2026-06-26 08:00:00
open,btc_usd,option,True,BTC-26JUN26-78000-C,0.0003,0.0003,reversed,1782460800000,1771334177000,590415,0.0001,1.0,78000.0,call,0.1,0.0003,25,0.0001,BTC,month,BTC,USD,BTC,"[{'tick_size': 0.0005, 'above_price': 0.005}]",2026-06-26 08:00:00
open,btc_usd,option,True,BTC-26JUN26-78000-P,0.0003,0.0003,reversed,1782460800000,1771334177000,590416,0.0001,1.0,78000.0,put,0.1,0.0003,25,0.0001,BTC,month,BTC,USD,BTC,"[{'tick_size': 0.0005, 'above_price': 0.005}]",2026-06-26 08:00:00
open,btc_usd,option,True,BTC-26JUN26-80000-C,0.0003,0.0003,reversed,1782460800000,1750924810000,479184,0.0001,1.0,80000.0,call,0.1,0.0003,25,0.0001,BTC,month,BTC,USD,BTC,"[{'tick_size': 0.0005, 'above_price': 0.005}]",2026-06-26 08:00:00
open,btc_usd,option,True,BTC-26JUN26-80000-P,0.0003,0.0003,reversed,1782460800000,1750924810000,479185,0.0001,1.0,80000.0,put,0.1,0.0003,25,0.0001,BTC,month,BTC,USD,BTC,"[{'tick_size': 0.0005, 'above_price': 0.005}]",2026-06-26 08:00:00
open,btc_usd,option,True,BTC-26JUN26-82000-C,0.0003,0.0003,reversed,1782460800000,1771334177000,590417,0.0001,1.0,82000.0,call,0.1,0.0003,25,0.0001,BTC,month,BTC,USD,BTC,"[{'tick_size': 0.0005, 'above_price': 0.005}]",2026-06-26 08:00:00
open,btc_usd,option,True,BTC-26JUN26-82000-P,0.0003,0.0003,reversed,1782460800000,1771334177000,590418,0.0001,1.0,82000.0,put,0.1,0.0003,25,0.0001,BTC,month,BTC,USD,BTC,"[{'tick_size': 0.0005, 'above_price': 0.005}]",2026-06-26 08:00:00
open,btc_usd,option,True,BTC-26JUN26-84000-C,0.0003,0.0003,reversed,1782460800000,1771334177000,590419,0.0001,1.0,84000.0,call,0.1,0.0003,25,0.0001,BTC,month,BTC,USD,BTC,"[{'tick_size': 0.0005, 'above_price': 0.005}]",2026-06-26 08:00:00
open,btc_usd,option,True,BTC-26JUN26-84000-P,0.0003,0.0003,reversed,1782460800000,1771334177000,590420,0.0001,1.0,84000.0,put,0.1,0.0003,25,0.0001,BTC,month,BTC,USD,BTC,"[{'tick_size': 0.0005, 'above_price': 0.005}]",2026-06-26 08:00:00
open,btc_usd,option,True,BTC-26JUN26-85000-C,0.0003,0.0003,reversed,1782460800000,1751395320000,481362,0.0001,1.0,85000.0,call,0.1,0.0003,25,0.0001,BTC,month,BTC,USD,BTC,"[{'tick_size': 0.0005, 'above_price': 0.005}]",2026-06-26 08:00:00
open,btc_usd,option,True,BTC-26JUN26-85000-P,0.0003,0.0003,reversed,1782460800000,1751395320000,481363,0.0001,1.0,85000.0,put,0.1,0.0003,25,0.0001,BTC,month,BTC,USD,BTC,"[{'tick_size': 0.0005, 'above_price': 0.005}]",2026-06-26 08:00:00
open,btc_usd,option,True,BTC-26JUN26-86000-C,0.0003,0.0003,reversed,1782460800000,1772628482000,597358,0.0001,1.0,86000.0,call,0.1,0.0003,25,0.0001,BTC,month,BTC,USD,BTC,"[{'tick_size': 0.0005, 'above_price': 0.005}]",2026-06-26 08:00:00
open,btc_usd,option,True,BTC-26JUN26-86000-P,0.0003,0.0003,reversed,1782460800000,1772628482000,597359,0.0001,1.0,86000.0,put,0.1,0.0003,25,0.0001,BTC,month,BTC,USD,BTC,"[{'tick_size': 0.0005, 'above_price': 0.005}]",2026-06-26 08:00:00
open,btc_usd,option,True,BTC-26JUN26-88000-C,0.0003,0.0003,reversed,1782460800000,1772648161000,597528,0.0001,1.0,88000.0,call,0.1,0.0003,25,0.0001,BTC,month,BTC,USD,BTC,"[{'tick_size': 0.0005, 'above_price': 0.005}]",2026-06-26 08:00:00
open,btc_usd,option,True,BTC-26JUN26-88000-P,0.0003,0.0003,reversed,1782460800000,1772648161000,597529,0.0001,1.0,88000.0,put,0.1,0.0003,25,0.0001,BTC,month,BTC,USD,BTC,"[{'tick_size': 0.0005, 'above_price': 0.005}]",2026-06-26 08:00:00
open,btc_usd,option,True,BTC-26JUN26-90000-C,0.0003,0.0003,reversed,1782460800000,1750924810000,479186,0.0001,1.0,90000.0,call,0.1,0.0003,25,0.0001,BTC,month,BTC,USD,BTC,"[{'tick_size': 0.0005, 'above_price': 0.005}]",2026-06-26 08:00:00
open,btc_usd,option,True,BTC-26JUN26-90000-P,0.0003,0.0003,reversed,1782460800000,1750924810000,479187,0.0001,1.0,90000.0,put,0.1,0.0003,25,0.0001,BTC,month,BTC,USD,BTC,"[{'tick_size': 0.0005, 'above_price': 0.005}]",2026-06-26 08:00:00
open,btc_usd,option,True,BTC-26JUN26-95000-C,0.0003,0.0003,reversed,1782460800000,1750924810000,479188,0.0001,1.0,95000.0,call,0.1,0.0003,25,0.0001,BTC,month,BTC,USD,BTC,"[{'tick_size': 0.0005, 'above_price': 0.005}]",2026-06-26 08:00:00
open,btc_usd,option,True,BTC-26JUN26-95000-P,0.0003,0.0003,reversed,1782460800000,1750924810000,479189,0.0001,1.0,95000.0,put,0.1,0.0003,25,0.0001,BTC,month,BTC,USD,BTC,"[{'tick_size': 0.0005, 'above_price': 0.005}]",2026-06-26 08:00:00
open,btc_usd,option,True,BTC-26JUN26-100000-C,0.0003,0.0003,reversed,1782460800000,1750924810000,479190,0.0001,1.0,100000.0,call,0.1,0.0003,25,0.0001,BTC,month,BTC,USD,BTC,"[{'tick_size': 0.0005, 'above_price': 0.005}]",2026-06-26 08:00:00
open,btc_usd,option,True,BTC-26JUN26-100000-P,0.0003,0.0003,reversed,1782460800000,1750924810000,479191,0.0001,1.0,100000.0,put,0.1,0.0003,25,0.0001,BTC,month,BTC,USD,BTC,"[{'tick_size': 0.0005, 'above_price': 0.005}]",2026-06-26 08:00:00
open,btc_usd,option,True,BTC-26JUN26-105000-C,0.0003,0.0003,reversed,1782460800000,1750924810000,479192,0.0001,1.0,105000.0,call,0.1,0.0003,25,0.0001,BTC,month,BTC,USD,BTC,"[{'tick_size': 0.0005, 'above_price': 0.005}]",2026-06-26 08:00:00
open,btc_usd,option,True,BTC-26JUN26-105000-P,0.0003,0.0003,reversed,1782460800000,1750924810000,479193,0.0001,1.0,105000.0,put,0.1,0.0003,25,0.0001,BTC,month,BTC,USD,BTC,"[{'tick_size': 0.0005, 'above_price': 0.005}]",2026-06-26 08:00:00
open,btc_usd,option,True,BTC-26JUN26-110000-C,0.0003,0.0003,reversed,1782460800000,1750924810000,479194,0.0001,1.0,110000.0,call,0.1,0.0003,25,0.0001,BTC,month,BTC,USD,BTC,"[{'tick_size': 0.0005, 'above_price': 0.005}]",2026-06-26 08:00:00
open,btc_usd,option,True,BTC-26JUN26-110000-P,0.0003,0.0003,reversed,1782460800000,1750924810000,479195,0.0001,1.0,110000.0,put,0.1,0.0003,25,0.0001,BTC,month,BTC,USD,BTC,"[{'tick_size': 0.0005, 'above_price': 0.005}]",2026-06-26 08:00:00
open,btc_usd,option,True,BTC-26JUN26-115000-C,0.0003,0.0003,reversed,1782460800000,1750924810000,479196,0.0001,1.0,115000.0,call,0.1,0.0003,25,0.0001,BTC,month,BTC,USD,BTC,"[{'tick_size': 0.0005, 'above_price': 0.005}]",2026-06-26 08:00:00
open,btc_usd,option,True,BTC-26JUN26-115000-P,0.0003,0.0003,reversed,1782460800000,1750924810000,479197,0.0001,1.0,115000.0,put,0.1,0.0003,25,0.0001,BTC,month,BTC,USD,BTC,"[{'tick_size': 0.0005, 'above_price': 0.005}]",2026-06-26 08:00:00
open,btc_usd,option,True,BTC-26JUN26-120000-C,0.0003,0.0003,reversed,1782460800000,1750924810000,479198,0.0001,1.0,120000.0,call,0.1,0.0003,25,0.0001,BTC,month,BTC,USD,BTC,"[{'tick_size': 0.0005, 'above_price': 0.005}]",2026-06-26 08:00:00
open,btc_usd,option,True,BTC-26JUN26-120000-P,0.0003,0.0003,reversed,1782460800000,1750924810000,479199,0.0001,1.0,120000.0,put,0.1,0.0003,25,0.0001,BTC,month,BTC,USD,BTC,"[{'tick_size': 0.0005, 'above_price': 0.005}]",2026-06-26 08:00:00
open,btc_usd,option,True,BTC-26JUN26-125000-C,0.0003,0.0003,reversed,1782460800000,1750924810000,479200,0.0001,1.0,125000.0,call,0.1,0.0003,25,0.0001,BTC,month,BTC,USD,BTC,"[{'tick_size': 0.0005, 'above_price': 0.005}]",2026-06-26 08:00:00
open,btc_usd,option,True,BTC-26JUN26-125000-P,0.0003,0.0003,reversed,1782460800000,1750924810000,479201,0.0001,1.0,125000.0,put,0.1,0.0003,25,0.0001,BTC,month,BTC,USD,BTC,"[{'tick_size': 0.0005, 'above_price': 0.005}]",2026-06-26 08:00:00
open,btc_usd,option,True,BTC-26JUN26-130000-C,0.0003,0.0003,reversed,1782460800000,1750924810000,479202,0.0001,1.0,130000.0,call,0.1,0.0003,25,0.0001,BTC,month,BTC,USD,BTC,"[{'tick_size': 0.0005, 'above_price': 0.005}]",2026-06-26 08:00:00
open,btc_usd,option,True,BTC-26JUN26-130000-P,0.0003,0.0003,reversed,1782460800000,1750924810000,479203,0.0001,1.0,130000.0,put,0.1,0.0003,25,0.0001,BTC,month,BTC,USD,BTC,"[{'tick_size': 0.0005, 'above_price': 0.005}]",2026-06-26 08:00:00
open,btc_usd,option,True,BTC-26JUN26-135000-C,0.0003,0.0003,reversed,1782460800000,1751486760000,481588,0.0001,1.0,135000.0,call,0.1,0.0003,25,0.0001,BTC,month,BTC,USD,BTC,"[{'tick_size': 0.0005, 'above_price': 0.005}]",2026-06-26 08:00:00
open,btc_usd,option,True,BTC-26JUN26-135000-P,0.0003,0.0003,reversed,1782460800000,1751486760000,481589,0.0001,1.0,135000.0,put,0.1,0.0003,25,0.0001,BTC,month,BTC,USD,BTC,"[{'tick_size': 0.0005, 'above_price': 0.005}]",2026-06-26 08:00:00
open,btc_usd,option,True,BTC-26JUN26-140000-C,0.0003,0.0003,reversed,1782460800000,1750924810000,479204,0.0001,1.0,140000.0,call,0.1,0.0003,25,0.0001,BTC,month,BTC,USD,BTC,"[{'tick_size': 0.0005, 'above_price': 0.005}]",2026-06-26 08:00:00
open,btc_usd,option,True,BTC-26JUN26-140000-P,0.0003,0.0003,reversed,1782460800000,1750924810000,479205,0.0001,1.0,140000.0,put,0.1,0.0003,25,0.0001,BTC,month,BTC,USD,BTC,"[{'tick_size': 0.0005, 'above_price': 0.005}]",2026-06-26 08:00:00
open,btc_usd,option,True,BTC-26JUN26-145000-C,0.0003,0.0003,reversed,1782460800000,1752225000000,484992,0.0001,1.0,145000.0,call,0.1,0.0003,25,0.0001,BTC,month,BTC,USD,BTC,"[{'tick_size': 0.0005, 'above_price': 0.005}]",2026-06-26 08:00:00
open,btc_usd,option,True,BTC-26JUN26-145000-P,0.0003,0.0003,reversed,1782460800000,1752225000000,484993,0.0001,1.0,145000.0,put,0.1,0.0003,25,0.0001,BTC,month,BTC,USD,BTC,"[{'tick_size': 0.0005, 'above_price': 0.005}]",2026-06-26 08:00:00
open,btc_usd,option,True,BTC-26JUN26-150000-C,0.0003,0.0003,reversed,1782460800000,1750924810000,479206,0.0001,1.0,150000.0,call,0.1,0.0003,25,0.0001,BTC,month,BTC,USD,BTC,"[{'tick_size': 0.0005, 'above_price': 0.005}]",2026-06-26 08:00:00
open,btc_usd,option,True,BTC-26JUN26-150000-P,0.0003,0.0003,reversed,1782460800000,1750924810000,479207,0.0001,1.0,150000.0,put,0.1,0.0003,25,0.0001,BTC,month,BTC,USD,BTC,"[{'tick_size': 0.0005, 'above_price': 0.005}]",2026-06-26 08:00:00
open,btc_usd,option,True,BTC-26JUN26-155000-C,0.0003,0.0003,reversed,1782460800000,1754404380000,494956,0.0001,1.0,155000.0,call,0.1,0.0003,25,0.0001,BTC,month,BTC,USD,BTC,"[{'tick_size': 0.0005, 'above_price': 0.005}]",2026-06-26 08:00:00
open,btc_usd,option,True,BTC-26JUN26-155000-P,0.0003,0.0003,reversed,1782460800000,1754404380000,494957,0.0001,1.0,155000.0,put,0.1,0.0003,25,0.0001,BTC,month,BTC,USD,BTC,"[{'tick_size': 0.0005, 'above_price': 0.005}]",2026-06-26 08:00:00
open,btc_usd,option,True,BTC-26JUN26-160000-C,0.0003,0.0003,reversed,1782460800000,1750924810000,479208,0.0001,1.0,160000.0,call,0.1,0.0003,25,0.0001,BTC,month,BTC,USD,BTC,"[{'tick_size': 0.0005, 'above_price': 0.005}]",2026-06-26 08:00:00
open,btc_usd,option,True,BTC-26JUN26-160000-P,0.0003,0.0003,reversed,1782460800000,1750924810000,479209,0.0001,1.0,160000.0,put,0.1,0.0003,25,0.0001,BTC,month,BTC,USD,BTC,"[{'tick_size': 0.0005, 'above_price': 0.005}]",2026-06-26 08:00:00
open,btc_usd,option,True,BTC-26JUN26-165000-C,0.0003,0.0003,reversed,1782460800000,1754892060000,498238,0.0001,1.0,165000.0,call,0.1,0.0003,25,0.0001,BTC,month,BTC,USD,BTC,"[{'tick_size': 0.0005, 'above_price': 0.005}]",2026-06-26 08:00:00
open,btc_usd,option,True,BTC-26JUN26-165000-P,0.0003,0.0003,reversed,1782460800000,1754892060000,498239,0.0001,1.0,165000.0,put,0.1,0.0003,25,0.0001,BTC,month,BTC,USD,BTC,"[{'tick_size': 0.0005, 'above_price': 0.005}]",2026-06-26 08:00:00
open,btc_usd,option,True,BTC-26JUN26-170000-C,0.0003,0.0003,reversed,1782460800000,1750924810000,479210,0.0001,1.0,170000.0,call,0.1,0.0003,25,0.0001,BTC,month,BTC,USD,BTC,"[{'tick_size': 0.0005, 'above_price': 0.005}]",2026-06-26 08:00:00
open,btc_usd,option,True,BTC-26JUN26-170000-P,0.0003,0.0003,reversed,1782460800000,1750924810000,479211,0.0001,1.0,170000.0,put,0.1,0.0003,25,0.0001,BTC,month,BTC,USD,BTC,"[{'tick_size': 0.0005, 'above_price': 0.005}]",2026-06-26 08:00:00
open,btc_usd,option,True,BTC-26JUN26-180000-C,0.0003,0.0003,reversed,1782460800000,1750924810000,479212,0.0001,1.0,180000.0,call,0.1,0.0003,25,0.0001,BTC,month,BTC,USD,BTC,"[{'tick_size': 0.0005, 'above_price': 0.005}]",2026-06-26 08:00:00
open,btc_usd,option,True,BTC-26JUN26-180000-P,0.0003,0.0003,reversed,1782460800000,1750924810000,479213,0.0001,1.0,180000.0,put,0.1,0.0003,25,0.0001,BTC,month,BTC,USD,BTC,"[{'tick_size': 0.0005, 'above_price': 0.005}]",2026-06-26 08:00:00
open,btc_usd,option,True,BTC-26JUN26-190000-C,0.0003,0.0003,reversed,1782460800000,1750924810000,479214,0.0001,1.0,190000.0,call,0.1,0.0003,25,0.0001,BTC,month,BTC,USD,BTC,"[{'tick_size': 0.0005, 'above_price': 0.005}]",2026-06-26 08:00:00
open,btc_usd,option,True,BTC-26JUN26-190000-P,0.0003,0.0003,reversed,1782460800000,1750924810000,479215,0.0001,1.0,190000.0,put,0.1,0.0003,25,0.0001,BTC,month,BTC,USD,BTC,"[{'tick_size': 0.0005, 'above_price': 0.005}]",2026-06-26 08:00:00
open,btc_usd,option,True,BTC-26JUN26-200000-C,0.0003,0.0003,reversed,1782460800000,1750924810000,479216,0.0001,1.0,200000.0,call,0.1,0.0003,25,0.0001,BTC,month,BTC,USD,BTC,"[{'tick_size': 0.0005, 'above_price': 0.005}]",2026-06-26 08:00:00
open,btc_usd,option,True,BTC-26JUN26-200000-P,0.0003,0.0003,reversed,1782460800000,1750924810000,479217,0.0001,1.0,200000.0,put,0.1,0.0003,25,0.0001,BTC,month,BTC,USD,BTC,"[{'tick_size': 0.0005, 'above_price': 0.005}]",2026-06-26 08:00:00
open,btc_usd,option,True,BTC-26JUN26-210000-C,0.0003,0.0003,reversed,1782460800000,1750924810000,479218,0.0001,1.0,210000.0,call,0.1,0.0003,25,0.0001,BTC,month,BTC,USD,BTC,"[{'tick_size': 0.0005, 'above_price': 0.005}]",2026-06-26 08:00:00
open,btc_usd,option,True,BTC-26JUN26-210000-P,0.0003,0.0003,reversed,1782460800000,1750924810000,479219,0.0001,1.0,210000.0,put,0.1,0.0003,25,0.0001,BTC,month,BTC,USD,BTC,"[{'tick_size': 0.0005, 'above_price': 0.005}]",2026-06-26 08:00:00
open,btc_usd,option,True,BTC-26JUN26-220000-C,0.0003,0.0003,reversed,1782460800000,1750924810000,479220,0.0001,1.0,220000.0,call,0.1,0.0003,25,0.0001,BTC,month,BTC,USD,BTC,"[{'tick_size': 0.0005, 'above_price': 0.005}]",2026-06-26 08:00:00
open,btc_usd,option,True,BTC-26JUN26-220000-P,0.0003,0.0003,reversed,1782460800000,1750924810000,479221,0.0001,1.0,220000.0,put,0.1,0.0003,25,0.0001,BTC,month,BTC,USD,BTC,"[{'tick_size': 0.0005, 'above_price': 0.005}]",2026-06-26 08:00:00
open,btc_usd,option,True,BTC-26JUN26-230000-C,0.0003,0.0003,reversed,1782460800000,1750924810000,479222,0.0001,1.0,230000.0,call,0.1,0.0003,25,0.0001,BTC,month,BTC,USD,BTC,"[{'tick_size': 0.0005, 'above_price': 0.005}]",2026-06-26 08:00:00
open,btc_usd,option,True,BTC-26JUN26-230000-P,0.0003,0.0003,reversed,1782460800000,1750924810000,479223,0.0001,1.0,230000.0,put,0.1,0.0003,25,0.0001,BTC,month,BTC,USD,BTC,"[{'tick_size': 0.0005, 'above_price': 0.005}]",2026-06-26 08:00:00
open,btc_usd,option,True,BTC-26JUN26-240000-C,0.0003,0.0003,reversed,1782460800000,1750924810000,479224,0.0001,1.0,240000.0,call,0.1,0.0003,25,0.0001,BTC,month,BTC,USD,BTC,"[{'tick_size': 0.0005, 'above_price': 0.005}]",2026-06-26 08:00:00
open,btc_usd,option,True,BTC-26JUN26-240000-P,0.0003,0.0003,reversed,1782460800000,1750924810000,479225,0.0001,1.0,240000.0,put,0.1,0.0003,25,0.0001,BTC,month,BTC,USD,BTC,"[{'tick_size': 0.0005, 'above_price': 0.005}]",2026-06-26 08:00:00
open,btc_usd,option,True,BTC-26JUN26-250000-C,0.0003,0.0003,reversed,1782460800000,1752196740000,484598,0.0001,1.0,250000.0,call,0.1,0.0003,25,0.0001,BTC,month,BTC,USD,BTC,"[{'tick_size': 0.0005, 'above_price': 0.005}]",2026-06-26 08:00:00
open,btc_usd,option,True,BTC-26JUN26-250000-P,0.0003,0.0003,reversed,1782460800000,1752196740000,484599,0.0001,1.0,250000.0,put,0.1,0.0003,25,0.0001,BTC,month,BTC,USD,BTC,"[{'tick_size': 0.0005, 'above_price': 0.005}]",2026-06-26 08:00:00
open,btc_usd,option,True,BTC-26JUN26-260000-C,0.0003,0.0003,reversed,1782460800000,1750924810000,479226,0.0001,1.0,260000.0,call,0.1,0.0003,25,0.0001,BTC,month,BTC,USD,BTC,"[{'tick_size': 0.0005, 'above_price': 0.005}]",2026-06-26 08:00:00
open,btc_usd,option,True,BTC-26JUN26-260000-P,0.0003,0.0003,reversed,1782460800000,1750924810000,479227,0.0001,1.0,260000.0,put,0.1,0.0003,25,0.0001,BTC,month,BTC,USD,BTC,"[{'tick_size': 0.0005, 'above_price': 0.005}]",2026-06-26 08:00:00
open,btc_usd,option,True,BTC-26JUN26-280000-C,0.0003,0.0003,reversed,1782460800000,1750924810000,479228,0.0001,1.0,280000.0,call,0.1,0.0003,25,0.0001,BTC,month,BTC,USD,BTC,"[{'tick_size': 0.0005, 'above_price': 0.005}]",2026-06-26 08:00:00
open,btc_usd,option,True,BTC-26JUN26-280000-P,0.0003,0.0003,reversed,1782460800000,1750924810000,479229,0.0001,1.0,280000.0,put,0.1,0.0003,25,0.0001,BTC,month,BTC,USD,BTC,"[{'tick_size': 0.0005, 'above_price': 0.005}]",2026-06-26 08:00:00
open,btc_usd,option,True,BTC-26JUN26-300000-C,0.0003,0.0003,reversed,1782460800000,1750924810000,479230,0.0001,1.0,300000.0,call,0.1,0.0003,25,0.0001,BTC,month,BTC,USD,BTC,"[{'tick_size': 0.0005, 'above_price': 0.005}]",2026-06-26 08:00:00
open,btc_usd,option,True,BTC-26JUN26-300000-P,0.0003,0.0003,reversed,1782460800000,1750924810000,479231,0.0001,1.0,300000.0,put,0.1,0.0003,25,0.0001,BTC,month,BTC,USD,BTC,"[{'tick_size': 0.0005, 'above_price': 0.005}]",2026-06-26 08:00:00
open,btc_usd,option,True,BTC-26JUN26-320000-C,0.0003,0.0003,reversed,1782460800000,1750924810000,479232,0.0001,1.0,320000.0,call,0.1,0.0003,25,0.0001,BTC,month,BTC,USD,BTC,"[{'tick_size': 0.0005, 'above_price': 0.005}]",2026-06-26 08:00:00
open,btc_usd,option,True,BTC-26JUN26-320000-P,0.0003,0.0003,reversed,1782460800000,1750924810000,479233,0.0001,1.0,320000.0,put,0.1,0.0003,25,0.0001,BTC,month,BTC,USD,BTC,"[{'tick_size': 0.0005, 'above_price': 0.005}]",2026-06-26 08:00:00
open,btc_usd,option,True,BTC-26JUN26-340000-C,0.0003,0.0003,reversed,1782460800000,1750924810000,479234,0.0001,1.0,340000.0,call,0.1,0.0003,25,0.0001,BTC,month,BTC,USD,BTC,"[{'tick_size': 0.0005, 'above_price': 0.005}]",2026-06-26 08:00:00
open,btc_usd,option,True,BTC-26JUN26-340000-P,0.0003,0.0003,reversed,1782460800000,1750924810000,479235,0.0001,1.0,340000.0,put,0.1,0.0003,25,0.0001,BTC,month,BTC,USD,BTC,"[{'tick_size': 0.0005, 'above_price': 0.005}]",2026-06-26 08:00:00
open,btc_usd,option,True,BTC-26JUN26-360000-C,0.0003,0.0003,reversed,1782460800000,1752168720000,484417,0.0001,1.0,360000.0,call,0.1,0.0003,25,0.0001,BTC,month,BTC,USD,BTC,"[{'tick_size': 0.0005, 'above_price': 0.005}]",2026-06-26 08:00:00
open,btc_usd,option,True,BTC-26JUN26-360000-P,0.0003,0.0003,reversed,1782460800000,1752168720000,484418,0.0001,1.0,360000.0,put,0.1,0.0003,25,0.0001,BTC,month,BTC,USD,BTC,"[{'tick_size': 0.0005, 'above_price': 0.005}]",2026-06-26 08:00:00
open,btc_usd,option,True,BTC-26JUN26-380000-C,0.0003,0.0003,reversed,1782460800000,1752464580000,485837,0.0001,1.0,380000.0,call,0.1,0.0003,25,0.0001,BTC,month,BTC,USD,BTC,"[{'tick_size': 0.0005, 'above_price': 0.005}]",2026-06-26 08:00:00
open,btc_usd,option,True,BTC-26JUN26-380000-P,0.0003,0.0003,reversed,1782460800000,1752464580000,485838,0.0001,1.0,380000.0,put,0.1,0.0003,25,0.0001,BTC,month,BTC,USD,BTC,"[{'tick_size': 0.0005, 'above_price': 0.005}]",2026-06-26 08:00:00
open,btc_usd,option,True,BTC-25SEP26-30000-C,0.0003,0.0003,reversed,1790323200000,1765820589000,563858,0.0001,1.0,30000.0,call,0.1,0.0003,25,0.0001,BTC,month,BTC,USD,BTC,"[{'tick_size': 0.0005, 'above_price': 0.005}]",2026-09-25 08:00:00
open,btc_usd,option,True,BTC-25SEP26-30000-P,0.0003,0.0003,reversed,1790323200000,1765820589000,563859,0.0001,1.0,30000.0,put,0.1,0.0003,25,0.0001,BTC,month,BTC,USD,BTC,"[{'tick_size': 0.0005, 'above_price': 0.005}]",2026-09-25 08:00:00
open,btc_usd,option,True,BTC-25SEP26-35000-C,0.0003,0.0003,reversed,1790323200000,1770309671000,586019,0.0001,1.0,35000.0,call,0.1,0.0003,25,0.0001,BTC,month,BTC,USD,BTC,"[{'tick_size': 0.0005, 'above_price': 0.005}]",2026-09-25 08:00:00
open,btc_usd,option,True,BTC-25SEP26-35000-P,0.0003,0.0003,reversed,1790323200000,1770309671000,586020,0.0001,1.0,35000.0,put,0.1,0.0003,25,0.0001,BTC,month,BTC,USD,BTC,"[{'tick_size': 0.0005, 'above_price': 0.005}]",2026-09-25 08:00:00
open,btc_usd,option,True,BTC-25SEP26-40000-C,0.0003,0.0003,reversed,1790323200000,1764777518000,559227,0.0001,1.0,40000.0,call,0.1,0.0003,25,0.0001,BTC,month,BTC,USD,BTC,"[{'tick_size': 0.0005, 'above_price': 0.005}]",2026-09-25 08:00:00
open,btc_usd,option,True,BTC-25SEP26-40000-P,0.0003,0.0003,reversed,1790323200000,1764777518000,559228,0.0001,1.0,40000.0,put,0.1,0.0003,25,0.0001,BTC,month,BTC,USD,BTC,"[{'tick_size': 0.0005, 'above_price': 0.005}]",2026-09-25 08:00:00
open,btc_usd,option,True,BTC-25SEP26-45000-C,0.0003,0.0003,reversed,1790323200000,1770309499000,586011,0.0001,1.0,45000.0,call,0.1,0.0003,25,0.0001,BTC,month,BTC,USD,BTC,"[{'tick_size': 0.0005, 'above_price': 0.005}]",2026-09-25 08:00:00
open,btc_usd,option,True,BTC-25SEP26-45000-P,0.0003,0.0003,reversed,1790323200000,1770309499000,586012,0.0001,1.0,45000.0,put,0.1,0.0003,25,0.0001,BTC,month,BTC,USD,BTC,"[{'tick_size': 0.0005, 'above_price': 0.005}]",2026-09-25 08:00:00
open,btc_usd,option,True,BTC-25SEP26-50000-C,0.0003,0.0003,reversed,1790323200000,1763712296000,554163,0.0001,1.0,50000.0,call,0.1,0.0003,25,0.0001,BTC,month,BTC,USD,BTC,"[{'tick_size': 0.0005, 'above_price': 0.005}]",2026-09-25 08:00:00
open,btc_usd,option,True,BTC-25SEP26-50000-P,0.0003,0.0003,reversed,1790323200000,1763712296000,554164,0.0001,1.0,50000.0,put,0.1,0.0003,25,0.0001,BTC,month,BTC,USD,BTC,"[{'tick_size': 0.0005, 'above_price': 0.005}]",2026-09-25 08:00:00
open,btc_usd,option,True,BTC-25SEP26-55000-C,0.0003,0.0003,reversed,1790323200000,1770309499000,586013,0.0001,1.0,55000.0,call,0.1,0.0003,25,0.0001,BTC,month,BTC,USD,BTC,"[{'tick_size': 0.0005, 'above_price': 0.005}]",2026-09-25 08:00:00
open,btc_usd,option,True,BTC-25SEP26-55000-P,0.0003,0.0003,reversed,1790323200000,1770309499000,586014,0.0001,1.0,55000.0,put,0.1,0.0003,25,0.0001,BTC,month,BTC,USD,BTC,"[{'tick_size': 0.0005, 'above_price': 0.005}]",2026-09-25 08:00:00
open,btc_usd,option,True,BTC-25SEP26-56000-C,0.0003,0.0003,reversed,1790323200000,1771910221000,593051,0.0001,1.0,56000.0,call,0.1,0.0003,25,0.0001,BTC,month,BTC,USD,BTC,"[{'tick_size': 0.0005, 'above_price': 0.005}]",2026-09-25 08:00:00
open,btc_usd,option,True,BTC-25SEP26-56000-P,0.0003,0.0003,reversed,1790323200000,1771910221000,593052,0.0001,1.0,56000.0,put,0.1,0.0003,25,0.0001,BTC,month,BTC,USD,BTC,"[{'tick_size': 0.0005, 'above_price': 0.005}]",2026-09-25 08:00:00
open,btc_usd,option,True,BTC-25SEP26-58000-C,0.0003,0.0003,reversed,1790323200000,1771823040000,592702,0.0001,1.0,58000.0,call,0.1,0.0003,25,0.0001,BTC,month,BTC,USD,BTC,"[{'tick_size': 0.0005, 'above_price': 0.005}]",2026-09-25 08:00:00
open,btc_usd,option,True,BTC-25SEP26-58000-P,0.0003,0.0003,reversed,1790323200000,1771823040000,592703,0.0001,1.0,58000.0,put,0.1,0.0003,25,0.0001,BTC,month,BTC,USD,BTC,"[{'tick_size': 0.0005, 'above_price': 0.005}]",2026-09-25 08:00:00
open,btc_usd,option,True,BTC-25SEP26-60000-C,0.0003,0.0003,reversed,1790323200000,1758787212000,521199,0.0001,1.0,60000.0,call,0.1,0.0003,25,0.0001,BTC,month,BTC,USD,BTC,"[{'tick_size': 0.0005, 'above_price': 0.005}]",2026-09-25 08:00:00
open,btc_usd,option,True,BTC-25SEP26-60000-P,0.0003,0.0003,reversed,1790323200000,1758787212000,521200,0.0001,1.0,60000.0,put,0.1,0.0003,25,0.0001,BTC,month,BTC,USD,BTC,"[{'tick_size': 0.0005, 'above_price': 0.005}]",2026-09-25 08:00:00
open,btc_usd,option,True,BTC-25SEP26-62000-C,0.0003,0.0003,reversed,1790323200000,1771334177000,590421,0.0001,1.0,62000.0,call,0.1,0.0003,25,0.0001,BTC,month,BTC,USD,BTC,"[{'tick_size': 0.0005, 'above_price': 0.005}]",2026-09-25 08:00:00
open,btc_usd,option,True,BTC-25SEP26-62000-P,0.0003,0.0003,reversed,1790323200000,1771334177000,590422,0.0001,1.0,62000.0,put,0.1,0.0003,25,0.0001,BTC,month,BTC,USD,BTC,"[{'tick_size': 0.0005, 'above_price': 0.005}]",2026-09-25 08:00:00
open,btc_usd,option,True,BTC-25SEP26-64000-C,0.0003,0.0003,reversed,1790323200000,1771334177000,590423,0.0001,1.0,64000.0,call,0.1,0.0003,25,0.0001,BTC,month,BTC,USD,BTC,"[{'tick_size': 0.0005, 'above_price': 0.005}]",2026-09-25 08:00:00
open,btc_usd,option,True,BTC-25SEP26-64000-P,0.0003,0.0003,reversed,1790323200000,1771334177000,590424,0.0001,1.0,64000.0,put,0.1,0.0003,25,0.0001,BTC,month,BTC,USD,BTC,"[{'tick_size': 0.0005, 'above_price': 0.005}]",2026-09-25 08:00:00
open,btc_usd,option,True,BTC-25SEP26-65000-C,0.0003,0.0003,reversed,1790323200000,1769522675000,580010,0.0001,1.0,65000.0,call,0.1,0.0003,25,0.0001,BTC,month,BTC,USD,BTC,"[{'tick_size': 0.0005, 'above_price': 0.005}]",2026-09-25 08:00:00
open,btc_usd,option,True,BTC-25SEP26-65000-P,0.0003,0.0003,reversed,1790323200000,1769522675000,580011,0.0001,1.0,65000.0,put,0.1,0.0003,25,0.0001,BTC,month,BTC,USD,BTC,"[{'tick_size': 0.0005, 'above_price': 0.005}]",2026-09-25 08:00:00
open,btc_usd,option,True,BTC-25SEP26-66000-C,0.0003,0.0003,reversed,1790323200000,1771334177000,590425,0.0001,1.0,66000.0,call,0.1,0.0003,25,0.0001,BTC,month,BTC,USD,BTC,"[{'tick_size': 0.0005, 'above_price': 0.005}]",2026-09-25 08:00:00
open,btc_usd,option,True,BTC-25SEP26-66000-P,0.0003,0.0003,reversed,1790323200000,1771334177000,590426,0.0001,1.0,66000.0,put,0.1,0.0003,25,0.0001,BTC,month,BTC,USD,BTC,"[{'tick_size': 0.0005, 'above_price': 0.005}]",2026-09-25 08:00:00
open,btc_usd,option,True,BTC-25SEP26-68000-C,0.0003,0.0003,reversed,1790323200000,1771334177000,590427,0.0001,1.0,68000.0,call,0.1,0.0003,25,0.0001,BTC,month,BTC,USD,BTC,"[{'tick_size': 0.0005, 'above_price': 0.005}]",2026-09-25 08:00:00
open,btc_usd,option,True,BTC-25SEP26-68000-P,0.0003,0.0003,reversed,1790323200000,1771334177000,590428,0.0001,1.0,68000.0,put,0.1,0.0003,25,0.0001,BTC,month,BTC,USD,BTC,"[{'tick_size': 0.0005, 'above_price': 0.005}]",2026-09-25 08:00:00
open,btc_usd,option,True,BTC-25SEP26-70000-C,0.0003,0.0003,reversed,1790323200000,1763436240000,551947,0.0001,1.0,70000.0,call,0.1,0.0003,25,0.0001,BTC,month,BTC,USD,BTC,"[{'tick_size': 0.0005, 'above_price': 0.005}]",2026-09-25 08:00:00
open,btc_usd,option,True,BTC-25SEP26-70000-P,0.0003,0.0003,reversed,1790323200000,1763436240000,551948,0.0001,1.0,70000.0,put,0.1,0.0003,25,0.0001,BTC,month,BTC,USD,BTC,"[{'tick_size': 0.0005, 'above_price': 0.005}]",2026-09-25 08:00:00
open,btc_usd,option,True,BTC-25SEP26-72000-C,0.0003,0.0003,reversed,1790323200000,1771334177000,590429,0.0001,1.0,72000.0,call,0.1,0.0003,25,0.0001,BTC,month,BTC,USD,BTC,"[{'tick_size': 0.0005, 'above_price': 0.005}]",2026-09-25 08:00:00
open,btc_usd,option,True,BTC-25SEP26-72000-P,0.0003,0.0003,reversed,1790323200000,1771334177000,590430,0.0001,1.0,72000.0,put,0.1,0.0003,25,0.0001,BTC,month,BTC,USD,BTC,"[{'tick_size': 0.0005, 'above_price': 0.005}]",2026-09-25 08:00:00
open,btc_usd,option,True,BTC-25SEP26-74000-C,0.0003,0.0003,reversed,1790323200000,1771334177000,590431,0.0001,1.0,74000.0,call,0.1,0.0003,25,0.0001,BTC,month,BTC,USD,BTC,"[{'tick_size': 0.0005, 'above_price': 0.005}]",2026-09-25 08:00:00
open,btc_usd,option,True,BTC-25SEP26-74000-P,0.0003,0.0003,reversed,1790323200000,1771334177000,590432,0.0001,1.0,74000.0,put,0.1,0.0003,25,0.0001,BTC,month,BTC,USD,BTC,"[{'tick_size': 0.0005, 'above_price': 0.005}]",2026-09-25 08:00:00
open,btc_usd,option,True,BTC-25SEP26-75000-C,0.0003,0.0003,reversed,1790323200000,1763656980000,553459,0.0001,1.0,75000.0,call,0.1,0.0003,25,0.0001,BTC,month,BTC,USD,BTC,"[{'tick_size': 0.0005, 'above_price': 0.005}]",2026-09-25 08:00:00
open,btc_usd,option,True,BTC-25SEP26-75000-P,0.0003,0.0003,reversed,1790323200000,1763656980000,553460,0.0001,1.0,75000.0,put,0.1,0.0003,25,0.0001,BTC,month,BTC,USD,BTC,"[{'tick_size': 0.0005, 'above_price': 0.005}]",2026-09-25 08:00:00
open,btc_usd,option,True,BTC-25SEP26-76000-C,0.0003,0.0003,reversed,1790323200000,1771334177000,590433,0.0001,1.0,76000.0,call,0.1,0.0003,25,0.0001,BTC,month,BTC,USD,BTC,"[{'tick_size': 0.0005, 'above_price': 0.005}]",2026-09-25 08:00:00
open,btc_usd,option,True,BTC-25SEP26-76000-P,0.0003,0.0003,reversed,1790323200000,1771334177000,590434,0.0001,1.0,76000.0,put,0.1,0.0003,25,0.0001,BTC,month,BTC,USD,BTC,"[{'tick_size': 0.0005, 'above_price': 0.005}]",2026-09-25 08:00:00
open,btc_usd,option,True,BTC-25SEP26-78000-C,0.0003,0.0003,reversed,1790323200000,1771334177000,590435,0.0001,1.0,78000.0,call,0.1,0.0003,25,0.0001,BTC,month,BTC,USD,BTC,"[{'tick_size': 0.0005, 'above_price': 0.005}]",2026-09-25 08:00:00
open,btc_usd,option,True,BTC-25SEP26-78000-P,0.0003,0.0003,reversed,1790323200000,1771334177000,590436,0.0001,1.0,78000.0,put,0.1,0.0003,25,0.0001,BTC,month,BTC,USD,BTC,"[{'tick_size': 0.0005, 'above_price': 0.005}]",2026-09-25 08:00:00
open,btc_usd,option,True,BTC-25SEP26-80000-C,0.0003,0.0003,reversed,1790323200000,1758787212000,521201,0.0001,1.0,80000.0,call,0.1,0.0003,25,0.0001,BTC,month,BTC,USD,BTC,"[{'tick_size': 0.0005, 'above_price': 0.005}]",2026-09-25 08:00:00
open,btc_usd,option,True,BTC-25SEP26-80000-P,0.0003,0.0003,reversed,1790323200000,1758787212000,521202,0.0001,1.0,80000.0,put,0.1,0.0003,25,0.0001,BTC,month,BTC,USD,BTC,"[{'tick_size': 0.0005, 'above_price': 0.005}]",2026-09-25 08:00:00
open,btc_usd,option,True,BTC-25SEP26-82000-C,0.0003,0.0003,reversed,1790323200000,1771334177000,590437,0.0001,1.0,82000.0,call,0.1,0.0003,25,0.0001,BTC,month,BTC,USD,BTC,"[{'tick_size': 0.0005, 'above_price': 0.005}]",2026-09-25 08:00:00
open,btc_usd,option,True,BTC-25SEP26-82000-P,0.0003,0.0003,reversed,1790323200000,1771334177000,590438,0.0001,1.0,82000.0,put,0.1,0.0003,25,0.0001,BTC,month,BTC,USD,BTC,"[{'tick_size': 0.0005, 'above_price': 0.005}]",2026-09-25 08:00:00
open,btc_usd,option,True,BTC-25SEP26-84000-C,0.0003,0.0003,reversed,1790323200000,1771334177000,590439,0.0001,1.0,84000.0,call,0.1,0.0003,25,0.0001,BTC,month,BTC,USD,BTC,"[{'tick_size': 0.0005, 'above_price': 0.005}]",2026-09-25 08:00:00
open,btc_usd,option,True,BTC-25SEP26-84000-P,0.0003,0.0003,reversed,1790323200000,1771334177000,590440,0.0001,1.0,84000.0,put,0.1,0.0003,25,0.0001,BTC,month,BTC,USD,BTC,"[{'tick_size': 0.0005, 'above_price': 0.005}]",2026-09-25 08:00:00
open,btc_usd,option,True,BTC-25SEP26-85000-C,0.0003,0.0003,reversed,1790323200000,1762281240000,545118,0.0001,1.0,85000.0,call,0.1,0.0003,25,0.0001,BTC,month,BTC,USD,BTC,"[{'tick_size': 0.0005, 'above_price': 0.005}]",2026-09-25 08:00:00
open,btc_usd,option,True,BTC-25SEP26-85000-P,0.0003,0.0003,reversed,1790323200000,1762281240000,545119,0.0001,1.0,85000.0,put,0.1,0.0003,25,0.0001,BTC,month,BTC,USD,BTC,"[{'tick_size': 0.0005, 'above_price': 0.005}]",2026-09-25 08:00:00
open,btc_usd,option,True,BTC-25SEP26-86000-C,0.0003,0.0003,reversed,1790323200000,1771334177000,590441,0.0001,1.0,86000.0,call,0.1,0.0003,25,0.0001,BTC,month,BTC,USD,BTC,"[{'tick_size': 0.0005, 'above_price': 0.005}]",2026-09-25 08:00:00
open,btc_usd,option,True,BTC-25SEP26-86000-P,0.0003,0.0003,reversed,1790323200000,1771334177000,590442,0.0001,1.0,86000.0,put,0.1,0.0003,25,0.0001,BTC,month,BTC,USD,BTC,"[{'tick_size': 0.0005, 'above_price': 0.005}]",2026-09-25 08:00:00
open,btc_usd,option,True,BTC-25SEP26-88000-C,0.0003,0.0003,reversed,1790323200000,1771334177000,590443,0.0001,1.0,88000.0,call,0.1,0.0003,25,0.0001,BTC,month,BTC,USD,BTC,"[{'tick_size': 0.0005, 'above_price': 0.005}]",2026-09-25 08:00:00
open,btc_usd,option,True,BTC-25SEP26-88000-P,0.0003,0.0003,reversed,1790323200000,1771334177000,590444,0.0001,1.0,88000.0,put,0.1,0.0003,25,0.0001,BTC,month,BTC,USD,BTC,"[{'tick_size': 0.0005, 'above_price': 0.005}]",2026-09-25 08:00:00
open,btc_usd,option,True,BTC-25SEP26-90000-C,0.0003,0.0003,reversed,1790323200000,1758787212000,521203,0.0001,1.0,90000.0,call,0.1,0.0003,25,0.0001,BTC,month,BTC,USD,BTC,"[{'tick_size': 0.0005, 'above_price': 0.005}]",2026-09-25 08:00:00
open,btc_usd,option,True,BTC-25SEP26-90000-P,0.0003,0.0003,reversed,1790323200000,1758787212000,521204,0.0001,1.0,90000.0,put,0.1,0.0003,25,0.0001,BTC,month,BTC,USD,BTC,"[{'tick_size': 0.0005, 'above_price': 0.005}]",2026-09-25 08:00:00
open,btc_usd,option,True,BTC-25SEP26-92000-C,0.0003,0.0003,reversed,1790323200000,1772628721000,597364,0.0001,1.0,92000.0,call,0.1,0.0003,25,0.0001,BTC,month,BTC,USD,BTC,"[{'tick_size': 0.0005, 'above_price': 0.005}]",2026-09-25 08:00:00
open,btc_usd,option,True,BTC-25SEP26-92000-P,0.0003,0.0003,reversed,1790323200000,1772628721000,597365,0.0001,1.0,92000.0,put,0.1,0.0003,25,0.0001,BTC,month,BTC,USD,BTC,"[{'tick_size': 0.0005, 'above_price': 0.005}]",2026-09-25 08:00:00
open,btc_usd,option,True,BTC-25SEP26-94000-C,0.0003,0.0003,reversed,1790323200000,1772649180000,597534,0.0001,1.0,94000.0,call,0.1,0.0003,25,0.0001,BTC,month,BTC,USD,BTC,"[{'tick_size': 0.0005, 'above_price': 0.005}]",2026-09-25 08:00:00
open,btc_usd,option,True,BTC-25SEP26-94000-P,0.0003,0.0003,reversed,1790323200000,1772649180000,597535,0.0001,1.0,94000.0,put,0.1,0.0003,25,0.0001,BTC,month,BTC,USD,BTC,"[{'tick_size': 0.0005, 'above_price': 0.005}]",2026-09-25 08:00:00
open,btc_usd,option,True,BTC-25SEP26-95000-C,0.0003,0.0003,reversed,1790323200000,1758787212000,521205,0.0001,1.0,95000.0,call,0.1,0.0003,25,0.0001,BTC,month,BTC,USD,BTC,"[{'tick_size': 0.0005, 'above_price': 0.005}]",2026-09-25 08:00:00
open,btc_usd,option,True,BTC-25SEP26-95000-P,0.0003,0.0003,reversed,1790323200000,1758787212000,521206,0.0001,1.0,95000.0,put,0.1,0.0003,25,0.0001,BTC,month,BTC,USD,BTC,"[{'tick_size': 0.0005, 'above_price': 0.005}]",2026-09-25 08:00:00
open,btc_usd,option,True,BTC-25SEP26-96000-C,0.0003,0.0003,reversed,1790323200000,1773699001000,602746,0.0001,1.0,96000.0,call,0.1,0.0003,25,0.0001,BTC,month,BTC,USD,BTC,"[{'tick_size': 0.0005, 'above_price': 0.005}]",2026-09-25 08:00:00
open,btc_usd,option,True,BTC-25SEP26-96000-P,0.0003,0.0003,reversed,1790323200000,1773699001000,602747,0.0001,1.0,96000.0,put,0.1,0.0003,25,0.0001,BTC,month,BTC,USD,BTC,"[{'tick_size': 0.0005, 'above_price': 0.005}]",2026-09-25 08:00:00
open,btc_usd,option,True,BTC-25SEP26-100000-C,0.0003,0.0003,reversed,1790323200000,1758787212000,521207,0.0001,1.0,100000.0,call,0.1,0.0003,25,0.0001,BTC,month,BTC,USD,BTC,"[{'tick_size': 0.0005, 'above_price': 0.005}]",2026-09-25 08:00:00
open,btc_usd,option,True,BTC-25SEP26-100000-P,0.0003,0.0003,reversed,1790323200000,1758787212000,521208,0.0001,1.0,100000.0,put,0.1,0.0003,25,0.0001,BTC,month,BTC,USD,BTC,"[{'tick_size': 0.0005, 'above_price': 0.005}]",2026-09-25 08:00:00
open,btc_usd,option,True,BTC-25SEP26-105000-C,0.0003,0.0003,reversed,1790323200000,1758787212000,521209,0.0001,1.0,105000.0,call,0.1,0.0003,25,0.0001,BTC,month,BTC,USD,BTC,"[{'tick_size': 0.0005, 'above_price': 0.005}]",2026-09-25 08:00:00
open,btc_usd,option,True,BTC-25SEP26-105000-P,0.0003,0.0003,reversed,1790323200000,1758787212000,521210,0.0001,1.0,105000.0,put,0.1,0.0003,25,0.0001,BTC,month,BTC,USD,BTC,"[{'tick_size': 0.0005, 'above_price': 0.005}]",2026-09-25 08:00:00
open,btc_usd,option,True,BTC-25SEP26-110000-C,0.0003,0.0003,reversed,1790323200000,1758787212000,521211,0.0001,1.0,110000.0,call,0.1,0.0003,25,0.0001,BTC,month,BTC,USD,BTC,"[{'tick_size': 0.0005, 'above_price': 0.005}]",2026-09-25 08:00:00
open,btc_usd,option,True,BTC-25SEP26-110000-P,0.0003,0.0003,reversed,1790323200000,1758787212000,521212,0.0001,1.0,110000.0,put,0.1,0.0003,25,0.0001,BTC,month,BTC,USD,BTC,"[{'tick_size': 0.0005, 'above_price': 0.005}]",2026-09-25 08:00:00
open,btc_usd,option,True,BTC-25SEP26-115000-C,0.0003,0.0003,reversed,1790323200000,1758787212000,521213,0.0001,1.0,115000.0,call,0.1,0.0003,25,0.0001,BTC,month,BTC,USD,BTC,"[{'tick_size': 0.0005, 'above_price': 0.005}]",2026-09-25 08:00:00
open,btc_usd,option,True,BTC-25SEP26-115000-P,0.0003,0.0003,reversed,1790323200000,1758787212000,521214,0.0001,1.0,115000.0,put,0.1,0.0003,25,0.0001,BTC,month,BTC,USD,BTC,"[{'tick_size': 0.0005, 'above_price': 0.005}]",2026-09-25 08:00:00
open,btc_usd,option,True,BTC-25SEP26-120000-C,0.0003,0.0003,reversed,1790323200000,1758787212000,521215,0.0001,1.0,120000.0,call,0.1,0.0003,25,0.0001,BTC,month,BTC,USD,BTC,"[{'tick_size': 0.0005, 'above_price': 0.005}]",2026-09-25 08:00:00
open,btc_usd,option,True,BTC-25SEP26-120000-P,0.0003,0.0003,reversed,1790323200000,1758787212000,521216,0.0001,1.0,120000.0,put,0.1,0.0003,25,0.0001,BTC,month,BTC,USD,BTC,"[{'tick_size': 0.0005, 'above_price': 0.005}]",2026-09-25 08:00:00
open,btc_usd,option,True,BTC-25SEP26-125000-C,0.0003,0.0003,reversed,1790323200000,1758787212000,521217,0.0001,1.0,125000.0,call,0.1,0.0003,25,0.0001,BTC,month,BTC,USD,BTC,"[{'tick_size': 0.0005, 'above_price': 0.005}]",2026-09-25 08:00:00
open,btc_usd,option,True,BTC-25SEP26-125000-P,0.0003,0.0003,reversed,1790323200000,1758787212000,521218,0.0001,1.0,125000.0,put,0.1,0.0003,25,0.0001,BTC,month,BTC,USD,BTC,"[{'tick_size': 0.0005, 'above_price': 0.005}]",2026-09-25 08:00:00
open,btc_usd,option,True,BTC-25SEP26-130000-C,0.0003,0.0003,reversed,1790323200000,1758787212000,521219,0.0001,1.0,130000.0,call,0.1,0.0003,25,0.0001,BTC,month,BTC,USD,BTC,"[{'tick_size': 0.0005, 'above_price': 0.005}]",2026-09-25 08:00:00
open,btc_usd,option,True,BTC-25SEP26-130000-P,0.0003,0.0003,reversed,1790323200000,1758787212000,521220,0.0001,1.0,130000.0,put,0.1,0.0003,25,0.0001,BTC,month,BTC,USD,BTC,"[{'tick_size': 0.0005, 'above_price': 0.005}]",2026-09-25 08:00:00
open,btc_usd,option,True,BTC-25SEP26-135000-C,0.0003,0.0003,reversed,1790323200000,1758787212000,521221,0.0001,1.0,135000.0,call,0.1,0.0003,25,0.0001,BTC,month,BTC,USD,BTC,"[{'tick_size': 0.0005, 'above_price': 0.005}]",2026-09-25 08:00:00
open,btc_usd,option,True,BTC-25SEP26-135000-P,0.0003,0.0003,reversed,1790323200000,1758787212000,521222,0.0001,1.0,135000.0,put,0.1,0.0003,25,0.0001,BTC,month,BTC,USD,BTC,"[{'tick_size': 0.0005, 'above_price': 0.005}]",2026-09-25 08:00:00
open,btc_usd,option,True,BTC-25SEP26-140000-C,0.0003,0.0003,reversed,1790323200000,1758787212000,521223,0.0001,1.0,140000.0,call,0.1,0.0003,25,0.0001,BTC,month,BTC,USD,BTC,"[{'tick_size': 0.0005, 'above_price': 0.005}]",2026-09-25 08:00:00
open,btc_usd,option,True,BTC-25SEP26-140000-P,0.0003,0.0003,reversed,1790323200000,1758787212000,521224,0.0001,1.0,140000.0,put,0.1,0.0003,25,0.0001,BTC,month,BTC,USD,BTC,"[{'tick_size': 0.0005, 'above_price': 0.005}]",2026-09-25 08:00:00
open,btc_usd,option,True,BTC-25SEP26-145000-C,0.0003,0.0003,reversed,1790323200000,1758787212000,521225,0.0001,1.0,145000.0,call,0.1,0.0003,25,0.0001,BTC,month,BTC,USD,BTC,"[{'tick_size': 0.0005, 'above_price': 0.005}]",2026-09-25 08:00:00
open,btc_usd,option,True,BTC-25SEP26-145000-P,0.0003,0.0003,reversed,1790323200000,1758787212000,521226,0.0001,1.0,145000.0,put,0.1,0.0003,25,0.0001,BTC,month,BTC,USD,BTC,"[{'tick_size': 0.0005, 'above_price': 0.005}]",2026-09-25 08:00:00
open,btc_usd,option,True,BTC-25SEP26-150000-C,0.0003,0.0003,reversed,1790323200000,1758787212000,521227,0.0001,1.0,150000.0,call,0.1,0.0003,25,0.0001,BTC,month,BTC,USD,BTC,"[{'tick_size': 0.0005, 'above_price': 0.005}]",2026-09-25 08:00:00
open,btc_usd,option,True,BTC-25SEP26-150000-P,0.0003,0.0003,reversed,1790323200000,1758787212000,521228,0.0001,1.0,150000.0,put,0.1,0.0003,25,0.0001,BTC,month,BTC,USD,BTC,"[{'tick_size': 0.0005, 'above_price': 0.005}]",2026-09-25 08:00:00
open,btc_usd,option,True,BTC-25SEP26-155000-C,0.0003,0.0003,reversed,1790323200000,1758787212000,521229,0.0001,1.0,155000.0,call,0.1,0.0003,25,0.0001,BTC,month,BTC,USD,BTC,"[{'tick_size': 0.0005, 'above_price': 0.005}]",2026-09-25 08:00:00
open,btc_usd,option,True,BTC-25SEP26-155000-P,0.0003,0.0003,reversed,1790323200000,1758787212000,521230,0.0001,1.0,155000.0,put,0.1,0.0003,25,0.0001,BTC,month,BTC,USD,BTC,"[{'tick_size': 0.0005, 'above_price': 0.005}]",2026-09-25 08:00:00
open,btc_usd,option,True,BTC-25SEP26-160000-C,0.0003,0.0003,reversed,1790323200000,1758787212000,521231,0.0001,1.0,160000.0,call,0.1,0.0003,25,0.0001,BTC,month,BTC,USD,BTC,"[{'tick_size': 0.0005, 'above_price': 0.005}]",2026-09-25 08:00:00
open,btc_usd,option,True,BTC-25SEP26-160000-P,0.0003,0.0003,reversed,1790323200000,1758787212000,521232,0.0001,1.0,160000.0,put,0.1,0.0003,25,0.0001,BTC,month,BTC,USD,BTC,"[{'tick_size': 0.0005, 'above_price': 0.005}]",2026-09-25 08:00:00
open,btc_usd,option,True,BTC-25SEP26-165000-C,0.0003,0.0003,reversed,1790323200000,1759370820000,525389,0.0001,1.0,165000.0,call,0.1,0.0003,25,0.0001,BTC,month,BTC,USD,BTC,"[{'tick_size': 0.0005, 'above_price': 0.005}]",2026-09-25 08:00:00
open,btc_usd,option,True,BTC-25SEP26-165000-P,0.0003,0.0003,reversed,1790323200000,1759370820000,525390,0.0001,1.0,165000.0,put,0.1,0.0003,25,0.0001,BTC,month,BTC,USD,BTC,"[{'tick_size': 0.0005, 'above_price': 0.005}]",2026-09-25 08:00:00
open,btc_usd,option,True,BTC-25SEP26-170000-C,0.0003,0.0003,reversed,1790323200000,1758787212000,521233,0.0001,1.0,170000.0,call,0.1,0.0003,25,0.0001,BTC,month,BTC,USD,BTC,"[{'tick_size': 0.0005, 'above_price': 0.005}]",2026-09-25 08:00:00
open,btc_usd,option,True,BTC-25SEP26-170000-P,0.0003,0.0003,reversed,1790323200000,1758787212000,521234,0.0001,1.0,170000.0,put,0.1,0.0003,25,0.0001,BTC,month,BTC,USD,BTC,"[{'tick_size': 0.0005, 'above_price': 0.005}]",2026-09-25 08:00:00
open,btc_usd,option,True,BTC-25SEP26-175000-C,0.0003,0.0003,reversed,1790323200000,1759774440000,528536,0.0001,1.0,175000.0,call,0.1,0.0003,25,0.0001,BTC,month,BTC,USD,BTC,"[{'tick_size': 0.0005, 'above_price': 0.005}]",2026-09-25 08:00:00
open,btc_usd,option,True,BTC-25SEP26-175000-P,0.0003,0.0003,reversed,1790323200000,1759774440000,528537,0.0001,1.0,175000.0,put,0.1,0.0003,25,0.0001,BTC,month,BTC,USD,BTC,"[{'tick_size': 0.0005, 'above_price': 0.005}]",2026-09-25 08:00:00
open,btc_usd,option,True,BTC-25SEP26-180000-C,0.0003,0.0003,reversed,1790323200000,1758787212000,521235,0.0001,1.0,180000.0,call,0.1,0.0003,25,0.0001,BTC,month,BTC,USD,BTC,"[{'tick_size': 0.0005, 'above_price': 0.005}]",2026-09-25 08:00:00
open,btc_usd,option,True,BTC-25SEP26-180000-P,0.0003,0.0003,reversed,1790323200000,1758787212000,521236,0.0001,1.0,180000.0,put,0.1,0.0003,25,0.0001,BTC,month,BTC,USD,BTC,"[{'tick_size': 0.0005, 'above_price': 0.005}]",2026-09-25 08:00:00
open,btc_usd,option,True,BTC-25SEP26-190000-C,0.0003,0.0003,reversed,1790323200000,1759167900000,524317,0.0001,1.0,190000.0,call,0.1,0.0003,25,0.0001,BTC,month,BTC,USD,BTC,"[{'tick_size': 0.0005, 'above_price': 0.005}]",2026-09-25 08:00:00
open,btc_usd,option,True,BTC-25SEP26-190000-P,0.0003,0.0003,reversed,1790323200000,1759167900000,524318,0.0001,1.0,190000.0,put,0.1,0.0003,25,0.0001,BTC,month,BTC,USD,BTC,"[{'tick_size': 0.0005, 'above_price': 0.005}]",2026-09-25 08:00:00
open,btc_usd,option,True,BTC-25SEP26-200000-C,0.0003,0.0003,reversed,1790323200000,1758787212000,521237,0.0001,1.0,200000.0,call,0.1,0.0003,25,0.0001,BTC,month,BTC,USD,BTC,"[{'tick_size': 0.0005, 'above_price': 0.005}]",2026-09-25 08:00:00
open,btc_usd,option,True,BTC-25SEP26-200000-P,0.0003,0.0003,reversed,1790323200000,1758787212000,521238,0.0001,1.0,200000.0,put,0.1,0.0003,25,0.0001,BTC,month,BTC,USD,BTC,"[{'tick_size': 0.0005, 'above_price': 0.005}]",2026-09-25 08:00:00
open,btc_usd,option,True,BTC-25SEP26-220000-C,0.0003,0.0003,reversed,1790323200000,1758787212000,521239,0.0001,1.0,220000.0,call,0.1,0.0003,25,0.0001,BTC,month,BTC,USD,BTC,"[{'tick_size': 0.0005, 'above_price': 0.005}]",2026-09-25 08:00:00
open,btc_usd,option,True,BTC-25SEP26-220000-P,0.0003,0.0003,reversed,1790323200000,1758787212000,521240,0.0001,1.0,220000.0,put,0.1,0.0003,25,0.0001,BTC,month,BTC,USD,BTC,"[{'tick_size': 0.0005, 'above_price': 0.005}]",2026-09-25 08:00:00
open,btc_usd,option,True,BTC-25SEP26-240000-C,0.0003,0.0003,reversed,1790323200000,1758787212000,521241,0.0001,1.0,240000.0,call,0.1,0.0003,25,0.0001,BTC,month,BTC,USD,BTC,"[{'tick_size': 0.0005, 'above_price': 0.005}]",2026-09-25 08:00:00
open,btc_usd,option,True,BTC-25SEP26-240000-P,0.0003,0.0003,reversed,1790323200000,1758787212000,521242,0.0001,1.0,240000.0,put,0.1,0.0003,25,0.0001,BTC,month,BTC,USD,BTC,"[{'tick_size': 0.0005, 'above_price': 0.005}]",2026-09-25 08:00:00
open,btc_usd,option,True,BTC-25SEP26-260000-C,0.0003,0.0003,reversed,1790323200000,1758787212000,521243,0.0001,1.0,260000.0,call,0.1,0.0003,25,0.0001,BTC,month,BTC,USD,BTC,"[{'tick_size': 0.0005, 'above_price': 0.005}]",2026-09-25 08:00:00
open,btc_usd,option,True,BTC-25SEP26-260000-P,0.0003,0.0003,reversed,1790323200000,1758787212000,521244,0.0001,1.0,260000.0,put,0.1,0.0003,25,0.0001,BTC,month,BTC,USD,BTC,"[{'tick_size': 0.0005, 'above_price': 0.005}]",2026-09-25 08:00:00
open,btc_usd,option,True,BTC-25SEP26-280000-C,0.0003,0.0003,reversed,1790323200000,1758787212000,521245,0.0001,1.0,280000.0,call,0.1,0.0003,25,0.0001,BTC,month,BTC,USD,BTC,"[{'tick_size': 0.0005, 'above_price': 0.005}]",2026-09-25 08:00:00
open,btc_usd,option,True,BTC-25SEP26-280000-P,0.0003,0.0003,reversed,1790323200000,1758787212000,521246,0.0001,1.0,280000.0,put,0.1,0.0003,25,0.0001,BTC,month,BTC,USD,BTC,"[{'tick_size': 0.0005, 'above_price': 0.005}]",2026-09-25 08:00:00
open,btc_usd,option,True,BTC-25SEP26-300000-C,0.0003,0.0003,reversed,1790323200000,1759308120000,525076,0.0001,1.0,300000.0,call,0.1,0.0003,25,0.0001,BTC,month,BTC,USD,BTC,"[{'tick_size': 0.0005, 'above_price': 0.005}]",2026-09-25 08:00:00
open,btc_usd,option,True,BTC-25SEP26-300000-P,0.0003,0.0003,reversed,1790323200000,1759308120000,525077,0.0001,1.0,300000.0,put,0.1,0.0003,25,0.0001,BTC,month,BTC,USD,BTC,"[{'tick_size': 0.0005, 'above_price': 0.005}]",2026-09-25 08:00:00
open,btc_usd,option,True,BTC-25SEP26-320000-C,0.0003,0.0003,reversed,1790323200000,1759508520000,527072,0.0001,1.0,320000.0,call,0.1,0.0003,25,0.0001,BTC,month,BTC,USD,BTC,"[{'tick_size': 0.0005, 'above_price': 0.005}]",2026-09-25 08:00:00
open,btc_usd,option,True,BTC-25SEP26-320000-P,0.0003,0.0003,reversed,1790323200000,1759508520000,527073,0.0001,1.0,320000.0,put,0.1,0.0003,25,0.0001,BTC,month,BTC,USD,BTC,"[{'tick_size': 0.0005, 'above_price': 0.005}]",2026-09-25 08:00:00
open,btc_usd,option,True,BTC-25DEC26-30000-C,0.0003,0.0003,reversed,1798185600000,1770657024000,587781,0.0001,1.0,30000.0,call,0.1,0.0003,25,0.0001,BTC,month,BTC,USD,BTC,"[{'tick_size': 0.0005, 'above_price': 0.005}]",2026-12-25 08:00:00
open,btc_usd,option,True,BTC-25DEC26-30000-P,0.0003,0.0003,reversed,1798185600000,1770657024000,587782,0.0001,1.0,30000.0,put,0.1,0.0003,25,0.0001,BTC,month,BTC,USD,BTC,"[{'tick_size': 0.0005, 'above_price': 0.005}]",2026-12-25 08:00:00
open,btc_usd,option,True,BTC-25DEC26-35000-C,0.0003,0.0003,reversed,1798185600000,1768232790000,573922,0.0001,1.0,35000.0,call,0.1,0.0003,25,0.0001,BTC,month,BTC,USD,BTC,"[{'tick_size': 0.0005, 'above_price': 0.005}]",2026-12-25 08:00:00
open,btc_usd,option,True,BTC-25DEC26-35000-P,0.0003,0.0003,reversed,1798185600000,1768232790000,573923,0.0001,1.0,35000.0,put,0.1,0.0003,25,0.0001,BTC,month,BTC,USD,BTC,"[{'tick_size': 0.0005, 'above_price': 0.005}]",2026-12-25 08:00:00
open,btc_usd,option,True,BTC-25DEC26-40000-C,0.0003,0.0003,reversed,1798185600000,1767084378000,568999,0.0001,1.0,40000.0,call,0.1,0.0003,25,0.0001,BTC,month,BTC,USD,BTC,"[{'tick_size': 0.0005, 'above_price': 0.005}]",2026-12-25 08:00:00
open,btc_usd,option,True,BTC-25DEC26-40000-P,0.0003,0.0003,reversed,1798185600000,1767084378000,569000,0.0001,1.0,40000.0,put,0.1,0.0003,25,0.0001,BTC,month,BTC,USD,BTC,"[{'tick_size': 0.0005, 'above_price': 0.005}]",2026-12-25 08:00:00
open,btc_usd,option,True,BTC-25DEC26-45000-C,0.0003,0.0003,reversed,1798185600000,1768232790000,573924,0.0001,1.0,45000.0,call,0.1,0.0003,25,0.0001,BTC,month,BTC,USD,BTC,"[{'tick_size': 0.0005, 'above_price': 0.005}]",2026-12-25 08:00:00
open,btc_usd,option,True,BTC-25DEC26-45000-P,0.0003,0.0003,reversed,1798185600000,1768232790000,573925,0.0001,1.0,45000.0,put,0.1,0.0003,25,0.0001,BTC,month,BTC,USD,BTC,"[{'tick_size': 0.0005, 'above_price': 0.005}]",2026-12-25 08:00:00
open,btc_usd,option,True,BTC-25DEC26-50000-C,0.0003,0.0003,reversed,1798185600000,1767084378000,569001,0.0001,1.0,50000.0,call,0.1,0.0003,25,0.0001,BTC,month,BTC,USD,BTC,"[{'tick_size': 0.0005, 'above_price': 0.005}]",2026-12-25 08:00:00
open,btc_usd,option,True,BTC-25DEC26-50000-P,0.0003,0.0003,reversed,1798185600000,1767084378000,569002,0.0001,1.0,50000.0,put,0.1,0.0003,25,0.0001,BTC,month,BTC,USD,BTC,"[{'tick_size': 0.0005, 'above_price': 0.005}]",2026-12-25 08:00:00
open,btc_usd,option,True,BTC-25DEC26-54000-C,0.0003,0.0003,reversed,1798185600000,1771920540000,593343,0.0001,1.0,54000.0,call,0.1,0.0003,25,0.0001,BTC,month,BTC,USD,BTC,"[{'tick_size': 0.0005, 'above_price': 0.005}]",2026-12-25 08:00:00
open,btc_usd,option,True,BTC-25DEC26-54000-P,0.0003,0.0003,reversed,1798185600000,1771920540000,593344,0.0001,1.0,54000.0,put,0.1,0.0003,25,0.0001,BTC,month,BTC,USD,BTC,"[{'tick_size': 0.0005, 'above_price': 0.005}]",2026-12-25 08:00:00
open,btc_usd,option,True,BTC-25DEC26-55000-C,0.0003,0.0003,reversed,1798185600000,1768232790000,573926,0.0001,1.0,55000.0,call,0.1,0.0003,25,0.0001,BTC,month,BTC,USD,BTC,"[{'tick_size': 0.0005, 'above_price': 0.005}]",2026-12-25 08:00:00
open,btc_usd,option,True,BTC-25DEC26-55000-P,0.0003,0.0003,reversed,1798185600000,1768232790000,573927,0.0001,1.0,55000.0,put,0.1,0.0003,25,0.0001,BTC,month,BTC,USD,BTC,"[{'tick_size': 0.0005, 'above_price': 0.005}]",2026-12-25 08:00:00
open,btc_usd,option,True,BTC-25DEC26-56000-C,0.0003,0.0003,reversed,1798185600000,1771823460000,592708,0.0001,1.0,56000.0,call,0.1,0.0003,25,0.0001,BTC,month,BTC,USD,BTC,"[{'tick_size': 0.0005, 'above_price': 0.005}]",2026-12-25 08:00:00
open,btc_usd,option,True,BTC-25DEC26-56000-P,0.0003,0.0003,reversed,1798185600000,1771823460000,592709,0.0001,1.0,56000.0,put,0.1,0.0003,25,0.0001,BTC,month,BTC,USD,BTC,"[{'tick_size': 0.0005, 'above_price': 0.005}]",2026-12-25 08:00:00
open,btc_usd,option,True,BTC-25DEC26-58000-C,0.0003,0.0003,reversed,1798185600000,1771334177000,590445,0.0001,1.0,58000.0,call,0.1,0.0003,25,0.0001,BTC,month,BTC,USD,BTC,"[{'tick_size': 0.0005, 'above_price': 0.005}]",2026-12-25 08:00:00
open,btc_usd,option,True,BTC-25DEC26-58000-P,0.0003,0.0003,reversed,1798185600000,1771334177000,590446,0.0001,1.0,58000.0,put,0.1,0.0003,25,0.0001,BTC,month,BTC,USD,BTC,"[{'tick_size': 0.0005, 'above_price': 0.005}]",2026-12-25 08:00:00
open,btc_usd,option,True,BTC-25DEC26-60000-C,0.0003,0.0003,reversed,1798185600000,1766649615000,567079,0.0001,1.0,60000.0,call,0.1,0.0003,25,0.0001,BTC,month,BTC,USD,BTC,"[{'tick_size': 0.0005, 'above_price': 0.005}]",2026-12-25 08:00:00
open,btc_usd,option,True,BTC-25DEC26-60000-P,0.0003,0.0003,reversed,1798185600000,1766649615000,567080,0.0001,1.0,60000.0,put,0.1,0.0003,25,0.0001,BTC,month,BTC,USD,BTC,"[{'tick_size': 0.0005, 'above_price': 0.005}]",2026-12-25 08:00:00
open,btc_usd,option,True,BTC-25DEC26-62000-C,0.0003,0.0003,reversed,1798185600000,1771334177000,590447,0.0001,1.0,62000.0,call,0.1,0.0003,25,0.0001,BTC,month,BTC,USD,BTC,"[{'tick_size': 0.0005, 'above_price': 0.005}]",2026-12-25 08:00:00
open,btc_usd,option,True,BTC-25DEC26-62000-P,0.0003,0.0003,reversed,1798185600000,1771334177000,590448,0.0001,1.0,62000.0,put,0.1,0.0003,25,0.0001,BTC,month,BTC,USD,BTC,"[{'tick_size': 0.0005, 'above_price': 0.005}]",2026-12-25 08:00:00
open,btc_usd,option,True,BTC-25DEC26-64000-C,0.0003,0.0003,reversed,1798185600000,1771334177000,590449,0.0001,1.0,64000.0,call,0.1,0.0003,25,0.0001,BTC,month,BTC,USD,BTC,"[{'tick_size': 0.0005, 'above_price': 0.005}]",2026-12-25 08:00:00
open,btc_usd,option,True,BTC-25DEC26-64000-P,0.0003,0.0003,reversed,1798185600000,1771334177000,590450,0.0001,1.0,64000.0,put,0.1,0.0003,25,0.0001,BTC,month,BTC,USD,BTC,"[{'tick_size': 0.0005, 'above_price': 0.005}]",2026-12-25 08:00:00
open,btc_usd,option,True,BTC-25DEC26-65000-C,0.0003,0.0003,reversed,1798185600000,1768232790000,573928,0.0001,1.0,65000.0,call,0.1,0.0003,25,0.0001,BTC,month,BTC,USD,BTC,"[{'tick_size': 0.0005, 'above_price': 0.005}]",2026-12-25 08:00:00
open,btc_usd,option,True,BTC-25DEC26-65000-P,0.0003,0.0003,reversed,1798185600000,1768232790000,573929,0.0001,1.0,65000.0,put,0.1,0.0003,25,0.0001,BTC,month,BTC,USD,BTC,"[{'tick_size': 0.0005, 'above_price': 0.005}]",2026-12-25 08:00:00
open,btc_usd,option,True,BTC-25DEC26-66000-C,0.0003,0.0003,reversed,1798185600000,1771334177000,590451,0.0001,1.0,66000.0,call,0.1,0.0003,25,0.0001,BTC,month,BTC,USD,BTC,"[{'tick_size': 0.0005, 'above_price': 0.005}]",2026-12-25 08:00:00
open,btc_usd,option,True,BTC-25DEC26-66000-P,0.0003,0.0003,reversed,1798185600000,1771334177000,590452,0.0001,1.0,66000.0,put,0.1,0.0003,25,0.0001,BTC,month,BTC,USD,BTC,"[{'tick_size': 0.0005, 'above_price': 0.005}]",2026-12-25 08:00:00
open,btc_usd,option,True,BTC-25DEC26-68000-C,0.0003,0.0003,reversed,1798185600000,1771334177000,590453,0.0001,1.0,68000.0,call,0.1,0.0003,25,0.0001,BTC,month,BTC,USD,BTC,"[{'tick_size': 0.0005, 'above_price': 0.005}]",2026-12-25 08:00:00
open,btc_usd,option,True,BTC-25DEC26-68000-P,0.0003,0.0003,reversed,1798185600000,1771334177000,590454,0.0001,1.0,68000.0,put,0.1,0.0003,25,0.0001,BTC,month,BTC,USD,BTC,"[{'tick_size': 0.0005, 'above_price': 0.005}]",2026-12-25 08:00:00
open,btc_usd,option,True,BTC-25DEC26-70000-C,0.0003,0.0003,reversed,1798185600000,1766649615000,567081,0.0001,1.0,70000.0,call,0.1,0.0003,25,0.0001,BTC,month,BTC,USD,BTC,"[{'tick_size': 0.0005, 'above_price': 0.005}]",2026-12-25 08:00:00
open,btc_usd,option,True,BTC-25DEC26-70000-P,0.0003,0.0003,reversed,1798185600000,1766649615000,567082,0.0001,1.0,70000.0,put,0.1,0.0003,25,0.0001,BTC,month,BTC,USD,BTC,"[{'tick_size': 0.0005, 'above_price': 0.005}]",2026-12-25 08:00:00
open,btc_usd,option,True,BTC-25DEC26-72000-C,0.0003,0.0003,reversed,1798185600000,1771334177000,590455,0.0001,1.0,72000.0,call,0.1,0.0003,25,0.0001,BTC,month,BTC,USD,BTC,"[{'tick_size': 0.0005, 'above_price': 0.005}]",2026-12-25 08:00:00
open,btc_usd,option,True,BTC-25DEC26-72000-P,0.0003,0.0003,reversed,1798185600000,1771334177000,590456,0.0001,1.0,72000.0,put,0.1,0.0003,25,0.0001,BTC,month,BTC,USD,BTC,"[{'tick_size': 0.0005, 'above_price': 0.005}]",2026-12-25 08:00:00
open,btc_usd,option,True,BTC-25DEC26-74000-C,0.0003,0.0003,reversed,1798185600000,1771334177000,590457,0.0001,1.0,74000.0,call,0.1,0.0003,25,0.0001,BTC,month,BTC,USD,BTC,"[{'tick_size': 0.0005, 'above_price': 0.005}]",2026-12-25 08:00:00
open,btc_usd,option,True,BTC-25DEC26-74000-P,0.0003,0.0003,reversed,1798185600000,1771334177000,590458,0.0001,1.0,74000.0,put,0.1,0.0003,25,0.0001,BTC,month,BTC,USD,BTC,"[{'tick_size': 0.0005, 'above_price': 0.005}]",2026-12-25 08:00:00
open,btc_usd,option,True,BTC-25DEC26-75000-C,0.0003,0.0003,reversed,1798185600000,1766649615000,567083,0.0001,1.0,75000.0,call,0.1,0.0003,25,0.0001,BTC,month,BTC,USD,BTC,"[{'tick_size': 0.0005, 'above_price': 0.005}]",2026-12-25 08:00:00
open,btc_usd,option,True,BTC-25DEC26-75000-P,0.0003,0.0003,reversed,1798185600000,1766649615000,567084,0.0001,1.0,75000.0,put,0.1,0.0003,25,0.0001,BTC,month,BTC,USD,BTC,"[{'tick_size': 0.0005, 'above_price': 0.005}]",2026-12-25 08:00:00
open,btc_usd,option,True,BTC-25DEC26-76000-C,0.0003,0.0003,reversed,1798185600000,1771334177000,590459,0.0001,1.0,76000.0,call,0.1,0.0003,25,0.0001,BTC,month,BTC,USD,BTC,"[{'tick_size': 0.0005, 'above_price': 0.005}]",2026-12-25 08:00:00
open,btc_usd,option,True,BTC-25DEC26-76000-P,0.0003,0.0003,reversed,1798185600000,1771334177000,590460,0.0001,1.0,76000.0,put,0.1,0.0003,25,0.0001,BTC,month,BTC,USD,BTC,"[{'tick_size': 0.0005, 'above_price': 0.005}]",2026-12-25 08:00:00
open,btc_usd,option,True,BTC-25DEC26-78000-C,0.0003,0.0003,reversed,1798185600000,1771334177000,590461,0.0001,1.0,78000.0,call,0.1,0.0003,25,0.0001,BTC,month,BTC,USD,BTC,"[{'tick_size': 0.0005, 'above_price': 0.005}]",2026-12-25 08:00:00
open,btc_usd,option,True,BTC-25DEC26-78000-P,0.0003,0.0003,reversed,1798185600000,1771334177000,590462,0.0001,1.0,78000.0,put,0.1,0.0003,25,0.0001,BTC,month,BTC,USD,BTC,"[{'tick_size': 0.0005, 'above_price': 0.005}]",2026-12-25 08:00:00
open,btc_usd,option,True,BTC-25DEC26-80000-C,0.0003,0.0003,reversed,1798185600000,1766649615000,567085,0.0001,1.0,80000.0,call,0.1,0.0003,25,0.0001,BTC,month,BTC,USD,BTC,"[{'tick_size': 0.0005, 'above_price': 0.005}]",2026-12-25 08:00:00
open,btc_usd,option,True,BTC-25DEC26-80000-P,0.0003,0.0003,reversed,1798185600000,1766649615000,567086,0.0001,1.0,80000.0,put,0.1,0.0003,25,0.0001,BTC,month,BTC,USD,BTC,"[{'tick_size': 0.0005, 'above_price': 0.005}]",2026-12-25 08:00:00
open,btc_usd,option,True,BTC-25DEC26-82000-C,0.0003,0.0003,reversed,1798185600000,1771334177000,590463,0.0001,1.0,82000.0,call,0.1,0.0003,25,0.0001,BTC,month,BTC,USD,BTC,"[{'tick_size': 0.0005, 'above_price': 0.005}]",2026-12-25 08:00:00
open,btc_usd,option,True,BTC-25DEC26-82000-P,0.0003,0.0003,reversed,1798185600000,1771334177000,590464,0.0001,1.0,82000.0,put,0.1,0.0003,25,0.0001,BTC,month,BTC,USD,BTC,"[{'tick_size': 0.0005, 'above_price': 0.005}]",2026-12-25 08:00:00
open,btc_usd,option,True,BTC-25DEC26-84000-C,0.0003,0.0003,reversed,1798185600000,1771334177000,590465,0.0001,1.0,84000.0,call,0.1,0.0003,25,0.0001,BTC,month,BTC,USD,BTC,"[{'tick_size': 0.0005, 'above_price': 0.005}]",2026-12-25 08:00:00
open,btc_usd,option,True,BTC-25DEC26-84000-P,0.0003,0.0003,reversed,1798185600000,1771334177000,590466,0.0001,1.0,84000.0,put,0.1,0.0003,25,0.0001,BTC,month,BTC,USD,BTC,"[{'tick_size': 0.0005, 'above_price': 0.005}]",2026-12-25 08:00:00
open,btc_usd,option,True,BTC-25DEC26-85000-C,0.0003,0.0003,reversed,1798185600000,1766649615000,567087,0.0001,1.0,85000.0,call,0.1,0.0003,25,0.0001,BTC,month,BTC,USD,BTC,"[{'tick_size': 0.0005, 'above_price': 0.005}]",2026-12-25 08:00:00
open,btc_usd,option,True,BTC-25DEC26-85000-P,0.0003,0.0003,reversed,1798185600000,1766649615000,567088,0.0001,1.0,85000.0,put,0.1,0.0003,25,0.0001,BTC,month,BTC,USD,BTC,"[{'tick_size': 0.0005, 'above_price': 0.005}]",2026-12-25 08:00:00
open,btc_usd,option,True,BTC-25DEC26-86000-C,0.0003,0.0003,reversed,1798185600000,1771334177000,590467,0.0001,1.0,86000.0,call,0.1,0.0003,25,0.0001,BTC,month,BTC,USD,BTC,"[{'tick_size': 0.0005, 'above_price': 0.005}]",2026-12-25 08:00:00
open,btc_usd,option,True,BTC-25DEC26-86000-P,0.0003,0.0003,reversed,1798185600000,1771334177000,590468,0.0001,1.0,86000.0,put,0.1,0.0003,25,0.0001,BTC,month,BTC,USD,BTC,"[{'tick_size': 0.0005, 'above_price': 0.005}]",2026-12-25 08:00:00
open,btc_usd,option,True,BTC-25DEC26-88000-C,0.0003,0.0003,reversed,1798185600000,1771334177000,590469,0.0001,1.0,88000.0,call,0.1,0.0003,25,0.0001,BTC,month,BTC,USD,BTC,"[{'tick_size': 0.0005, 'above_price': 0.005}]",2026-12-25 08:00:00
open,btc_usd,option,True,BTC-25DEC26-88000-P,0.0003,0.0003,reversed,1798185600000,1771334177000,590470,0.0001,1.0,88000.0,put,0.1,0.0003,25,0.0001,BTC,month,BTC,USD,BTC,"[{'tick_size': 0.0005, 'above_price': 0.005}]",2026-12-25 08:00:00
open,btc_usd,option,True,BTC-25DEC26-90000-C,0.0003,0.0003,reversed,1798185600000,1766649615000,567089,0.0001,1.0,90000.0,call,0.1,0.0003,25,0.0001,BTC,month,BTC,USD,BTC,"[{'tick_size': 0.0005, 'above_price': 0.005}]",2026-12-25 08:00:00
open,btc_usd,option,True,BTC-25DEC26-90000-P,0.0003,0.0003,reversed,1798185600000,1766649615000,567090,0.0001,1.0,90000.0,put,0.1,0.0003,25,0.0001,BTC,month,BTC,USD,BTC,"[{'tick_size': 0.0005, 'above_price': 0.005}]",2026-12-25 08:00:00
open,btc_usd,option,True,BTC-25DEC26-92000-C,0.0003,0.0003,reversed,1798185600000,1771334177000,590471,0.0001,1.0,92000.0,call,0.1,0.0003,25,0.0001,BTC,month,BTC,USD,BTC,"[{'tick_size': 0.0005, 'above_price': 0.005}]",2026-12-25 08:00:00
open,btc_usd,option,True,BTC-25DEC26-92000-P,0.0003,0.0003,reversed,1798185600000,1771334177000,590472,0.0001,1.0,92000.0,put,0.1,0.0003,25,0.0001,BTC,month,BTC,USD,BTC,"[{'tick_size': 0.0005, 'above_price': 0.005}]",2026-12-25 08:00:00
open,btc_usd,option,True,BTC-25DEC26-94000-C,0.0003,0.0003,reversed,1798185600000,1772056320000,593902,0.0001,1.0,94000.0,call,0.1,0.0003,25,0.0001,BTC,month,BTC,USD,BTC,"[{'tick_size': 0.0005, 'above_price': 0.005}]",2026-12-25 08:00:00
open,btc_usd,option,True,BTC-25DEC26-94000-P,0.0003,0.0003,reversed,1798185600000,1772056320000,593903,0.0001,1.0,94000.0,put,0.1,0.0003,25,0.0001,BTC,month,BTC,USD,BTC,"[{'tick_size': 0.0005, 'above_price': 0.005}]",2026-12-25 08:00:00
open,btc_usd,option,True,BTC-25DEC26-95000-C,0.0003,0.0003,reversed,1798185600000,1766649615000,567091,0.0001,1.0,95000.0,call,0.1,0.0003,25,0.0001,BTC,month,BTC,USD,BTC,"[{'tick_size': 0.0005, 'above_price': 0.005}]",2026-12-25 08:00:00
open,btc_usd,option,True,BTC-25DEC26-95000-P,0.0003,0.0003,reversed,1798185600000,1766649615000,567092,0.0001,1.0,95000.0,put,0.1,0.0003,25,0.0001,BTC,month,BTC,USD,BTC,"[{'tick_size': 0.0005, 'above_price': 0.005}]",2026-12-25 08:00:00
open,btc_usd,option,True,BTC-25DEC26-96000-C,0.0003,0.0003,reversed,1798185600000,1772628600000,597360,0.0001,1.0,96000.0,call,0.1,0.0003,25,0.0001,BTC,month,BTC,USD,BTC,"[{'tick_size': 0.0005, 'above_price': 0.005}]",2026-12-25 08:00:00
open,btc_usd,option,True,BTC-25DEC26-96000-P,0.0003,0.0003,reversed,1798185600000,1772628600000,597361,0.0001,1.0,96000.0,put,0.1,0.0003,25,0.0001,BTC,month,BTC,USD,BTC,"[{'tick_size': 0.0005, 'above_price': 0.005}]",2026-12-25 08:00:00
open,btc_usd,option,True,BTC-25DEC26-98000-C,0.0003,0.0003,reversed,1798185600000,1772648220000,597530,0.0001,1.0,98000.0,call,0.1,0.0003,25,0.0001,BTC,month,BTC,USD,BTC,"[{'tick_size': 0.0005, 'above_price': 0.005}]",2026-12-25 08:00:00
open,btc_usd,option,True,BTC-25DEC26-98000-P,0.0003,0.0003,reversed,1798185600000,1772648220000,597531,0.0001,1.0,98000.0,put,0.1,0.0003,25,0.0001,BTC,month,BTC,USD,BTC,"[{'tick_size': 0.0005, 'above_price': 0.005}]",2026-12-25 08:00:00
open,btc_usd,option,True,BTC-25DEC26-100000-C,0.0003,0.0003,reversed,1798185600000,1766649615000,567093,0.0001,1.0,100000.0,call,0.1,0.0003,25,0.0001,BTC,month,BTC,USD,BTC,"[{'tick_size': 0.0005, 'above_price': 0.005}]",2026-12-25 08:00:00
open,btc_usd,option,True,BTC-25DEC26-100000-P,0.0003,0.0003,reversed,1798185600000,1766649615000,567094,0.0001,1.0,100000.0,put,0.1,0.0003,25,0.0001,BTC,month,BTC,USD,BTC,"[{'tick_size': 0.0005, 'above_price': 0.005}]",2026-12-25 08:00:00
open,btc_usd,option,True,BTC-25DEC26-105000-C,0.0003,0.0003,reversed,1798185600000,1766649615000,567095,0.0001,1.0,105000.0,call,0.1,0.0003,25,0.0001,BTC,month,BTC,USD,BTC,"[{'tick_size': 0.0005, 'above_price': 0.005}]",2026-12-25 08:00:00
open,btc_usd,option,True,BTC-25DEC26-105000-P,0.0003,0.0003,reversed,1798185600000,1766649615000,567096,0.0001,1.0,105000.0,put,0.1,0.0003,25,0.0001,BTC,month,BTC,USD,BTC,"[{'tick_size': 0.0005, 'above_price': 0.005}]",2026-12-25 08:00:00
open,btc_usd,option,True,BTC-25DEC26-110000-C,0.0003,0.0003,reversed,1798185600000,1766649615000,567097,0.0001,1.0,110000.0,call,0.1,0.0003,25,0.0001,BTC,month,BTC,USD,BTC,"[{'tick_size': 0.0005, 'above_price': 0.005}]",2026-12-25 08:00:00
open,btc_usd,option,True,BTC-25DEC26-110000-P,0.0003,0.0003,reversed,1798185600000,1766649615000,567098,0.0001,1.0,110000.0,put,0.1,0.0003,25,0.0001,BTC,month,BTC,USD,BTC,"[{'tick_size': 0.0005, 'above_price': 0.005}]",2026-12-25 08:00:00
open,btc_usd,option,True,BTC-25DEC26-115000-C,0.0003,0.0003,reversed,1798185600000,1766649615000,567099,0.0001,1.0,115000.0,call,0.1,0.0003,25,0.0001,BTC,month,BTC,USD,BTC,"[{'tick_size': 0.0005, 'above_price': 0.005}]",2026-12-25 08:00:00
open,btc_usd,option,True,BTC-25DEC26-115000-P,0.0003,0.0003,reversed,1798185600000,1766649615000,567100,0.0001,1.0,115000.0,put,0.1,0.0003,25,0.0001,BTC,month,BTC,USD,BTC,"[{'tick_size': 0.0005, 'above_price': 0.005}]",2026-12-25 08:00:00
open,btc_usd,option,True,BTC-25DEC26-120000-C,0.0003,0.0003,reversed,1798185600000,1766649615000,567101,0.0001,1.0,120000.0,call,0.1,0.0003,25,0.0001,BTC,month,BTC,USD,BTC,"[{'tick_size': 0.0005, 'above_price': 0.005}]",2026-12-25 08:00:00
open,btc_usd,option,True,BTC-25DEC26-120000-P,0.0003,0.0003,reversed,1798185600000,1766649615000,567102,0.0001,1.0,120000.0,put,0.1,0.0003,25,0.0001,BTC,month,BTC,USD,BTC,"[{'tick_size': 0.0005, 'above_price': 0.005}]",2026-12-25 08:00:00
open,btc_usd,option,True,BTC-25DEC26-125000-C,0.0003,0.0003,reversed,1798185600000,1766731380000,567519,0.0001,1.0,125000.0,call,0.1,0.0003,25,0.0001,BTC,month,BTC,USD,BTC,"[{'tick_size': 0.0005, 'above_price': 0.005}]",2026-12-25 08:00:00
open,btc_usd,option,True,BTC-25DEC26-125000-P,0.0003,0.0003,reversed,1798185600000,1766731380000,567520,0.0001,1.0,125000.0,put,0.1,0.0003,25,0.0001,BTC,month,BTC,USD,BTC,"[{'tick_size': 0.0005, 'above_price': 0.005}]",2026-12-25 08:00:00
open,btc_usd,option,True,BTC-25DEC26-130000-C,0.0003,0.0003,reversed,1798185600000,1766649615000,567103,0.0001,1.0,130000.0,call,0.1,0.0003,25,0.0001,BTC,month,BTC,USD,BTC,"[{'tick_size': 0.0005, 'above_price': 0.005}]",2026-12-25 08:00:00
open,btc_usd,option,True,BTC-25DEC26-130000-P,0.0003,0.0003,reversed,1798185600000,1766649615000,567104,0.0001,1.0,130000.0,put,0.1,0.0003,25,0.0001,BTC,month,BTC,USD,BTC,"[{'tick_size': 0.0005, 'above_price': 0.005}]",2026-12-25 08:00:00
open,btc_usd,option,True,BTC-25DEC26-135000-C,0.0003,0.0003,reversed,1798185600000,1768421040000,574782,0.0001,1.0,135000.0,call,0.1,0.0003,25,0.0001,BTC,month,BTC,USD,BTC,"[{'tick_size': 0.0005, 'above_price': 0.005}]",2026-12-25 08:00:00
open,btc_usd,option,True,BTC-25DEC26-135000-P,0.0003,0.0003,reversed,1798185600000,1768421040000,574783,0.0001,1.0,135000.0,put,0.1,0.0003,25,0.0001,BTC,month,BTC,USD,BTC,"[{'tick_size': 0.0005, 'above_price': 0.005}]",2026-12-25 08:00:00
open,btc_usd,option,True,BTC-25DEC26-140000-C,0.0003,0.0003,reversed,1798185600000,1766649615000,567105,0.0001,1.0,140000.0,call,0.1,0.0003,25,0.0001,BTC,month,BTC,USD,BTC,"[{'tick_size': 0.0005, 'above_price': 0.005}]",2026-12-25 08:00:00
open,btc_usd,option,True,BTC-25DEC26-140000-P,0.0003,0.0003,reversed,1798185600000,1766649615000,567106,0.0001,1.0,140000.0,put,0.1,0.0003,25,0.0001,BTC,month,BTC,USD,BTC,"[{'tick_size': 0.0005, 'above_price': 0.005}]",2026-12-25 08:00:00
open,btc_usd,option,True,BTC-25DEC26-150000-C,0.0003,0.0003,reversed,1798185600000,1766992320000,568485,0.0001,1.0,150000.0,call,0.1,0.0003,25,0.0001,BTC,month,BTC,USD,BTC,"[{'tick_size': 0.0005, 'above_price': 0.005}]",2026-12-25 08:00:00
open,btc_usd,option,True,BTC-25DEC26-150000-P,0.0003,0.0003,reversed,1798185600000,1766992320000,568486,0.0001,1.0,150000.0,put,0.1,0.0003,25,0.0001,BTC,month,BTC,USD,BTC,"[{'tick_size': 0.0005, 'above_price': 0.005}]",2026-12-25 08:00:00
open,btc_usd,option,True,BTC-25DEC26-160000-C,0.0003,0.0003,reversed,1798185600000,1766649615000,567107,0.0001,1.0,160000.0,call,0.1,0.0003,25,0.0001,BTC,month,BTC,USD,BTC,"[{'tick_size': 0.0005, 'above_price': 0.005}]",2026-12-25 08:00:00
open,btc_usd,option,True,BTC-25DEC26-160000-P,0.0003,0.0003,reversed,1798185600000,1766649615000,567108,0.0001,1.0,160000.0,put,0.1,0.0003,25,0.0001,BTC,month,BTC,USD,BTC,"[{'tick_size': 0.0005, 'above_price': 0.005}]",2026-12-25 08:00:00
open,btc_usd,option,True,BTC-25DEC26-170000-C,0.0003,0.0003,reversed,1798185600000,1768232790000,573930,0.0001,1.0,170000.0,call,0.1,0.0003,25,0.0001,BTC,month,BTC,USD,BTC,"[{'tick_size': 0.0005, 'above_price': 0.005}]",2026-12-25 08:00:00
open,btc_usd,option,True,BTC-25DEC26-170000-P,0.0003,0.0003,reversed,1798185600000,1768232790000,573931,0.0001,1.0,170000.0,put,0.1,0.0003,25,0.0001,BTC,month,BTC,USD,BTC,"[{'tick_size': 0.0005, 'above_price': 0.005}]",2026-12-25 08:00:00
open,btc_usd,option,True,BTC-25DEC26-180000-C,0.0003,0.0003,reversed,1798185600000,1766649615000,567109,0.0001,1.0,180000.0,call,0.1,0.0003,25,0.0001,BTC,month,BTC,USD,BTC,"[{'tick_size': 0.0005, 'above_price': 0.005}]",2026-12-25 08:00:00
open,btc_usd,option,True,BTC-25DEC26-180000-P,0.0003,0.0003,reversed,1798185600000,1766649615000,567110,0.0001,1.0,180000.0,put,0.1,0.0003,25,0.0001,BTC,month,BTC,USD,BTC,"[{'tick_size': 0.0005, 'above_price': 0.005}]",2026-12-25 08:00:00
open,btc_usd,option,True,BTC-25DEC26-190000-C,0.0003,0.0003,reversed,1798185600000,1768239782000,573942,0.0001,1.0,190000.0,call,0.1,0.0003,25,0.0001,BTC,month,BTC,USD,BTC,"[{'tick_size': 0.0005, 'above_price': 0.005}]",2026-12-25 08:00:00
open,btc_usd,option,True,BTC-25DEC26-190000-P,0.0003,0.0003,reversed,1798185600000,1768239782000,573943,0.0001,1.0,190000.0,put,0.1,0.0003,25,0.0001,BTC,month,BTC,USD,BTC,"[{'tick_size': 0.0005, 'above_price': 0.005}]",2026-12-25 08:00:00
open,btc_usd,option,True,BTC-25DEC26-200000-C,0.0003,0.0003,reversed,1798185600000,1766649615000,567111,0.0001,1.0,200000.0,call,0.1,0.0003,25,0.0001,BTC,month,BTC,USD,BTC,"[{'tick_size': 0.0005, 'above_price': 0.005}]",2026-12-25 08:00:00
open,btc_usd,option,True,BTC-25DEC26-200000-P,0.0003,0.0003,reversed,1798185600000,1766649615000,567112,0.0001,1.0,200000.0,put,0.1,0.0003,25,0.0001,BTC,month,BTC,USD,BTC,"[{'tick_size': 0.0005, 'above_price': 0.005}]",2026-12-25 08:00:00
open,btc_usd,option,True,BTC-25DEC26-210000-C,0.0003,0.0003,reversed,1798185600000,1768232790000,573932,0.0001,1.0,210000.0,call,0.1,0.0003,25,0.0001,BTC,month,BTC,USD,BTC,"[{'tick_size': 0.0005, 'above_price': 0.005}]",2026-12-25 08:00:00
open,btc_usd,option,True,BTC-25DEC26-210000-P,0.0003,0.0003,reversed,1798185600000,1768232790000,573933,0.0001,1.0,210000.0,put,0.1,0.0003,25,0.0001,BTC,month,BTC,USD,BTC,"[{'tick_size': 0.0005, 'above_price': 0.005}]",2026-12-25 08:00:00
open,btc_usd,option,True,BTC-25DEC26-220000-C,0.0003,0.0003,reversed,1798185600000,1766649615000,567113,0.0001,1.0,220000.0,call,0.1,0.0003,25,0.0001,BTC,month,BTC,USD,BTC,"[{'tick_size': 0.0005, 'above_price': 0.005}]",2026-12-25 08:00:00
open,btc_usd,option,True,BTC-25DEC26-220000-P,0.0003,0.0003,reversed,1798185600000,1766649615000,567114,0.0001,1.0,220000.0,put,0.1,0.0003,25,0.0001,BTC,month,BTC,USD,BTC,"[{'tick_size': 0.0005, 'above_price': 0.005}]",2026-12-25 08:00:00
open,btc_usd,option,True,BTC-25DEC26-230000-C,0.0003,0.0003,reversed,1798185600000,1768232790000,573934,0.0001,1.0,230000.0,call,0.1,0.0003,25,0.0001,BTC,month,BTC,USD,BTC,"[{'tick_size': 0.0005, 'above_price': 0.005}]",2026-12-25 08:00:00
open,btc_usd,option,True,BTC-25DEC26-230000-P,0.0003,0.0003,reversed,1798185600000,1768232790000,573935,0.0001,1.0,230000.0,put,0.1,0.0003,25,0.0001,BTC,month,BTC,USD,BTC,"[{'tick_size': 0.0005, 'above_price': 0.005}]",2026-12-25 08:00:00
open,btc_usd,option,True,BTC-25DEC26-240000-C,0.0003,0.0003,reversed,1798185600000,1767575340000,570838,0.0001,1.0,240000.0,call,0.1,0.0003,25,0.0001,BTC,month,BTC,USD,BTC,"[{'tick_size': 0.0005, 'above_price': 0.005}]",2026-12-25 08:00:00
open,btc_usd,option,True,BTC-25DEC26-240000-P,0.0003,0.0003,reversed,1798185600000,1767575340000,570839,0.0001,1.0,240000.0,put,0.1,0.0003,25,0.0001,BTC,month,BTC,USD,BTC,"[{'tick_size': 0.0005, 'above_price': 0.005}]",2026-12-25 08:00:00
open,btc_usd,option,True,BTC-25DEC26-250000-C,0.0003,0.0003,reversed,1798185600000,1768232790000,573936,0.0001,1.0,250000.0,call,0.1,0.0003,25,0.0001,BTC,month,BTC,USD,BTC,"[{'tick_size': 0.0005, 'above_price': 0.005}]",2026-12-25 08:00:00
open,btc_usd,option,True,BTC-25DEC26-250000-P,0.0003,0.0003,reversed,1798185600000,1768232790000,573937,0.0001,1.0,250000.0,put,0.1,0.0003,25,0.0001,BTC,month,BTC,USD,BTC,"[{'tick_size': 0.0005, 'above_price': 0.005}]",2026-12-25 08:00:00
open,btc_usd,option,True,BTC-26MAR27-40000-C,0.0003,0.0003,reversed,1806048000000,1774512027000,606952,0.0001,1.0,40000.0,call,0.1,0.0003,25,0.0001,BTC,month,BTC,USD,BTC,"[{'tick_size': 0.0005, 'above_price': 0.005}]",2027-03-26 08:00:00
open,btc_usd,option,True,BTC-26MAR27-40000-P,0.0003,0.0003,reversed,1806048000000,1774512027000,606953,0.0001,1.0,40000.0,put,0.1,0.0003,25,0.0001,BTC,month,BTC,USD,BTC,"[{'tick_size': 0.0005, 'above_price': 0.005}]",2027-03-26 08:00:00
open,btc_usd,option,True,BTC-26MAR27-50000-C,0.0003,0.0003,reversed,1806048000000,1774512027000,606954,0.0001,1.0,50000.0,call,0.1,0.0003,25,0.0001,BTC,month,BTC,USD,BTC,"[{'tick_size': 0.0005, 'above_price': 0.005}]",2027-03-26 08:00:00
open,btc_usd,option,True,BTC-26MAR27-50000-P,0.0003,0.0003,reversed,1806048000000,1774512027000,606955,0.0001,1.0,50000.0,put,0.1,0.0003,25,0.0001,BTC,month,BTC,USD,BTC,"[{'tick_size': 0.0005, 'above_price': 0.005}]",2027-03-26 08:00:00
open,btc_usd,option,True,BTC-26MAR27-55000-C,0.0003,0.0003,reversed,1806048000000,1774512027000,606956,0.0001,1.0,55000.0,call,0.1,0.0003,25,0.0001,BTC,month,BTC,USD,BTC,"[{'tick_size': 0.0005, 'above_price': 0.005}]",2027-03-26 08:00:00
open,btc_usd,option,True,BTC-26MAR27-55000-P,0.0003,0.0003,reversed,1806048000000,1774512027000,606957,0.0001,1.0,55000.0,put,0.1,0.0003,25,0.0001,BTC,month,BTC,USD,BTC,"[{'tick_size': 0.0005, 'above_price': 0.005}]",2027-03-26 08:00:00
open,btc_usd,option,True,BTC-26MAR27-58000-C,0.0003,0.0003,reversed,1806048000000,1774552320000,607654,0.0001,1.0,58000.0,call,0.1,0.0003,25,0.0001,BTC,month,BTC,USD,BTC,"[{'tick_size': 0.0005, 'above_price': 0.005}]",2027-03-26 08:00:00
open,btc_usd,option,True,BTC-26MAR27-58000-P,0.0003,0.0003,reversed,1806048000000,1774552320000,607655,0.0001,1.0,58000.0,put,0.1,0.0003,25,0.0001,BTC,month,BTC,USD,BTC,"[{'tick_size': 0.0005, 'above_price': 0.005}]",2027-03-26 08:00:00
open,btc_usd,option,True,BTC-26MAR27-60000-C,0.0003,0.0003,reversed,1806048000000,1774512027000,606958,0.0001,1.0,60000.0,call,0.1,0.0003,25,0.0001,BTC,month,BTC,USD,BTC,"[{'tick_size': 0.0005, 'above_price': 0.005}]",2027-03-26 08:00:00
open,btc_usd,option,True,BTC-26MAR27-60000-P,0.0003,0.0003,reversed,1806048000000,1774512027000,606959,0.0001,1.0,60000.0,put,0.1,0.0003,25,0.0001,BTC,month,BTC,USD,BTC,"[{'tick_size': 0.0005, 'above_price': 0.005}]",2027-03-26 08:00:00
open,btc_usd,option,True,BTC-26MAR27-62000-C,0.0003,0.0003,reversed,1806048000000,1774512027000,606960,0.0001,1.0,62000.0,call,0.1,0.0003,25,0.0001,BTC,month,BTC,USD,BTC,"[{'tick_size': 0.0005, 'above_price': 0.005}]",2027-03-26 08:00:00
open,btc_usd,option,True,BTC-26MAR27-62000-P,0.0003,0.0003,reversed,1806048000000,1774512027000,606961,0.0001,1.0,62000.0,put,0.1,0.0003,25,0.0001,BTC,month,BTC,USD,BTC,"[{'tick_size': 0.0005, 'above_price': 0.005}]",2027-03-26 08:00:00
open,btc_usd,option,True,BTC-26MAR27-64000-C,0.0003,0.0003,reversed,1806048000000,1774512027000,606962,0.0001,1.0,64000.0,call,0.1,0.0003,25,0.0001,BTC,month,BTC,USD,BTC,"[{'tick_size': 0.0005, 'above_price': 0.005}]",2027-03-26 08:00:00
open,btc_usd,option,True,BTC-26MAR27-64000-P,0.0003,0.0003,reversed,1806048000000,1774512027000,606963,0.0001,1.0,64000.0,put,0.1,0.0003,25,0.0001,BTC,month,BTC,USD,BTC,"[{'tick_size': 0.0005, 'above_price': 0.005}]",2027-03-26 08:00:00
open,btc_usd,option,True,BTC-26MAR27-66000-C,0.0003,0.0003,reversed,1806048000000,1774512027000,606964,0.0001,1.0,66000.0,call,0.1,0.0003,25,0.0001,BTC,month,BTC,USD,BTC,"[{'tick_size': 0.0005, 'above_price': 0.005}]",2027-03-26 08:00:00
open,btc_usd,option,True,BTC-26MAR27-66000-P,0.0003,0.0003,reversed,1806048000000,1774512027000,606965,0.0001,1.0,66000.0,put,0.1,0.0003,25,0.0001,BTC,month,BTC,USD,BTC,"[{'tick_size': 0.0005, 'above_price': 0.005}]",2027-03-26 08:00:00
open,btc_usd,option,True,BTC-26MAR27-68000-C,0.0003,0.0003,reversed,1806048000000,1774512027000,606966,0.0001,1.0,68000.0,call,0.1,0.0003,25,0.0001,BTC,month,BTC,USD,BTC,"[{'tick_size': 0.0005, 'above_price': 0.005}]",2027-03-26 08:00:00
open,btc_usd,option,True,BTC-26MAR27-68000-P,0.0003,0.0003,reversed,1806048000000,1774512027000,606967,0.0001,1.0,68000.0,put,0.1,0.0003,25,0.0001,BTC,month,BTC,USD,BTC,"[{'tick_size': 0.0005, 'above_price': 0.005}]",2027-03-26 08:00:00
open,btc_usd,option,True,BTC-26MAR27-70000-C,0.0003,0.0003,reversed,1806048000000,1774512027000,606968,0.0001,1.0,70000.0,call,0.1,0.0003,25,0.0001,BTC,month,BTC,USD,BTC,"[{'tick_size': 0.0005, 'above_price': 0.005}]",2027-03-26 08:00:00
open,btc_usd,option,True,BTC-26MAR27-70000-P,0.0003,0.0003,reversed,1806048000000,1774512027000,606969,0.0001,1.0,70000.0,put,0.1,0.0003,25,0.0001,BTC,month,BTC,USD,BTC,"[{'tick_size': 0.0005, 'above_price': 0.005}]",2027-03-26 08:00:00
open,btc_usd,option,True,BTC-26MAR27-72000-C,0.0003,0.0003,reversed,1806048000000,1774512027000,606970,0.0001,1.0,72000.0,call,0.1,0.0003,25,0.0001,BTC,month,BTC,USD,BTC,"[{'tick_size': 0.0005, 'above_price': 0.005}]",2027-03-26 08:00:00
open,btc_usd,option,True,BTC-26MAR27-72000-P,0.0003,0.0003,reversed,1806048000000,1774512027000,606971,0.0001,1.0,72000.0,put,0.1,0.0003,25,0.0001,BTC,month,BTC,USD,BTC,"[{'tick_size': 0.0005, 'above_price': 0.005}]",2027-03-26 08:00:00
open,btc_usd,option,True,BTC-26MAR27-74000-C,0.0003,0.0003,reversed,1806048000000,1774512027000,606972,0.0001,1.0,74000.0,call,0.1,0.0003,25,0.0001,BTC,month,BTC,USD,BTC,"[{'tick_size': 0.0005, 'above_price': 0.005}]",2027-03-26 08:00:00
open,btc_usd,option,True,BTC-26MAR27-74000-P,0.0003,0.0003,reversed,1806048000000,1774512027000,606973,0.0001,1.0,74000.0,put,0.1,0.0003,25,0.0001,BTC,month,BTC,USD,BTC,"[{'tick_size': 0.0005, 'above_price': 0.005}]",2027-03-26 08:00:00
open,btc_usd,option,True,BTC-26MAR27-76000-C,0.0003,0.0003,reversed,1806048000000,1774512027000,606974,0.0001,1.0,76000.0,call,0.1,0.0003,25,0.0001,BTC,month,BTC,USD,BTC,"[{'tick_size': 0.0005, 'above_price': 0.005}]",2027-03-26 08:00:00
open,btc_usd,option,True,BTC-26MAR27-76000-P,0.0003,0.0003,reversed,1806048000000,1774512027000,606975,0.0001,1.0,76000.0,put,0.1,0.0003,25,0.0001,BTC,month,BTC,USD,BTC,"[{'tick_size': 0.0005, 'above_price': 0.005}]",2027-03-26 08:00:00
open,btc_usd,option,True,BTC-26MAR27-78000-C,0.0003,0.0003,reversed,1806048000000,1774512027000,606976,0.0001,1.0,78000.0,call,0.1,0.0003,25,0.0001,BTC,month,BTC,USD,BTC,"[{'tick_size': 0.0005, 'above_price': 0.005}]",2027-03-26 08:00:00
open,btc_usd,option,True,BTC-26MAR27-78000-P,0.0003,0.0003,reversed,1806048000000,1774512027000,606977,0.0001,1.0,78000.0,put,0.1,0.0003,25,0.0001,BTC,month,BTC,USD,BTC,"[{'tick_size': 0.0005, 'above_price': 0.005}]",2027-03-26 08:00:00
open,btc_usd,option,True,BTC-26MAR27-80000-C,0.0003,0.0003,reversed,1806048000000,1774512027000,606978,0.0001,1.0,80000.0,call,0.1,0.0003,25,0.0001,BTC,month,BTC,USD,BTC,"[{'tick_size': 0.0005, 'above_price': 0.005}]",2027-03-26 08:00:00
open,btc_usd,option,True,BTC-26MAR27-80000-P,0.0003,0.0003,reversed,1806048000000,1774512027000,606979,0.0001,1.0,80000.0,put,0.1,0.0003,25,0.0001,BTC,month,BTC,USD,BTC,"[{'tick_size': 0.0005, 'above_price': 0.005}]",2027-03-26 08:00:00
open,btc_usd,option,True,BTC-26MAR27-82000-C,0.0003,0.0003,reversed,1806048000000,1774512027000,606980,0.0001,1.0,82000.0,call,0.1,0.0003,25,0.0001,BTC,month,BTC,USD,BTC,"[{'tick_size': 0.0005, 'above_price': 0.005}]",2027-03-26 08:00:00
open,btc_usd,option,True,BTC-26MAR27-82000-P,0.0003,0.0003,reversed,1806048000000,1774512027000,606981,0.0001,1.0,82000.0,put,0.1,0.0003,25,0.0001,BTC,month,BTC,USD,BTC,"[{'tick_size': 0.0005, 'above_price': 0.005}]",2027-03-26 08:00:00
open,btc_usd,option,True,BTC-26MAR27-84000-C,0.0003,0.0003,reversed,1806048000000,1774512027000,606982,0.0001,1.0,84000.0,call,0.1,0.0003,25,0.0001,BTC,month,BTC,USD,BTC,"[{'tick_size': 0.0005, 'above_price': 0.005}]",2027-03-26 08:00:00
open,btc_usd,option,True,BTC-26MAR27-84000-P,0.0003,0.0003,reversed,1806048000000,1774512027000,606983,0.0001,1.0,84000.0,put,0.1,0.0003,25,0.0001,BTC,month,BTC,USD,BTC,"[{'tick_size': 0.0005, 'above_price': 0.005}]",2027-03-26 08:00:00
open,btc_usd,option,True,BTC-26MAR27-86000-C,0.0003,0.0003,reversed,1806048000000,1774512027000,606984,0.0001,1.0,86000.0,call,0.1,0.0003,25,0.0001,BTC,month,BTC,USD,BTC,"[{'tick_size': 0.0005, 'above_price': 0.005}]",2027-03-26 08:00:00
open,btc_usd,option,True,BTC-26MAR27-86000-P,0.0003,0.0003,reversed,1806048000000,1774512027000,606985,0.0001,1.0,86000.0,put,0.1,0.0003,25,0.0001,BTC,month,BTC,USD,BTC,"[{'tick_size': 0.0005, 'above_price': 0.005}]",2027-03-26 08:00:00
open,btc_usd,option,True,BTC-26MAR27-88000-C,0.0003,0.0003,reversed,1806048000000,1774512027000,606986,0.0001,1.0,88000.0,call,0.1,0.0003,25,0.0001,BTC,month,BTC,USD,BTC,"[{'tick_size': 0.0005, 'above_price': 0.005}]",2027-03-26 08:00:00
open,btc_usd,option,True,BTC-26MAR27-88000-P,0.0003,0.0003,reversed,1806048000000,1774512027000,606987,0.0001,1.0,88000.0,put,0.1,0.0003,25,0.0001,BTC,month,BTC,USD,BTC,"[{'tick_size': 0.0005, 'above_price': 0.005}]",2027-03-26 08:00:00
open,btc_usd,option,True,BTC-26MAR27-90000-C,0.0003,0.0003,reversed,1806048000000,1774512027000,606988,0.0001,1.0,90000.0,call,0.1,0.0003,25,0.0001,BTC,month,BTC,USD,BTC,"[{'tick_size': 0.0005, 'above_price': 0.005}]",2027-03-26 08:00:00
open,btc_usd,option,True,BTC-26MAR27-90000-P,0.0003,0.0003,reversed,1806048000000,1774512027000,606989,0.0001,1.0,90000.0,put,0.1,0.0003,25,0.0001,BTC,month,BTC,USD,BTC,"[{'tick_size': 0.0005, 'above_price': 0.005}]",2027-03-26 08:00:00
open,btc_usd,option,True,BTC-26MAR27-92000-C,0.0003,0.0003,reversed,1806048000000,1774512027000,606990,0.0001,1.0,92000.0,call,0.1,0.0003,25,0.0001,BTC,month,BTC,USD,BTC,"[{'tick_size': 0.0005, 'above_price': 0.005}]",2027-03-26 08:00:00
open,btc_usd,option,True,BTC-26MAR27-92000-P,0.0003,0.0003,reversed,1806048000000,1774512027000,606991,0.0001,1.0,92000.0,put,0.1,0.0003,25,0.0001,BTC,month,BTC,USD,BTC,"[{'tick_size': 0.0005, 'above_price': 0.005}]",2027-03-26 08:00:00
open,btc_usd,option,True,BTC-26MAR27-94000-C,0.0003,0.0003,reversed,1806048000000,1774512027000,606992,0.0001,1.0,94000.0,call,0.1,0.0003,25,0.0001,BTC,month,BTC,USD,BTC,"[{'tick_size': 0.0005, 'above_price': 0.005}]",2027-03-26 08:00:00
open,btc_usd,option,True,BTC-26MAR27-94000-P,0.0003,0.0003,reversed,1806048000000,1774512027000,606993,0.0001,1.0,94000.0,put,0.1,0.0003,25,0.0001,BTC,month,BTC,USD,BTC,"[{'tick_size': 0.0005, 'above_price': 0.005}]",2027-03-26 08:00:00
open,btc_usd,option,True,BTC-26MAR27-96000-C,0.0003,0.0003,reversed,1806048000000,1774512027000,606994,0.0001,1.0,96000.0,call,0.1,0.0003,25,0.0001,BTC,month,BTC,USD,BTC,"[{'tick_size': 0.0005, 'above_price': 0.005}]",2027-03-26 08:00:00
open,btc_usd,option,True,BTC-26MAR27-96000-P,0.0003,0.0003,reversed,1806048000000,1774512027000,606995,0.0001,1.0,96000.0,put,0.1,0.0003,25,0.0001,BTC,month,BTC,USD,BTC,"[{'tick_size': 0.0005, 'above_price': 0.005}]",2027-03-26 08:00:00
open,btc_usd,option,True,BTC-26MAR27-98000-C,0.0003,0.0003,reversed,1806048000000,1774512027000,606996,0.0001,1.0,98000.0,call,0.1,0.0003,25,0.0001,BTC,month,BTC,USD,BTC,"[{'tick_size': 0.0005, 'above_price': 0.005}]",2027-03-26 08:00:00
open,btc_usd,option,True,BTC-26MAR27-98000-P,0.0003,0.0003,reversed,1806048000000,1774512027000,606997,0.0001,1.0,98000.0,put,0.1,0.0003,25,0.0001,BTC,month,BTC,USD,BTC,"[{'tick_size': 0.0005, 'above_price': 0.005}]",2027-03-26 08:00:00
open,btc_usd,option,True,BTC-26MAR27-100000-C,0.0003,0.0003,reversed,1806048000000,1774512027000,606998,0.0001,1.0,100000.0,call,0.1,0.0003,25,0.0001,BTC,month,BTC,USD,BTC,"[{'tick_size': 0.0005, 'above_price': 0.005}]",2027-03-26 08:00:00
open,btc_usd,option,True,BTC-26MAR27-100000-P,0.0003,0.0003,reversed,1806048000000,1774512027000,606999,0.0001,1.0,100000.0,put,0.1,0.0003,25,0.0001,BTC,month,BTC,USD,BTC,"[{'tick_size': 0.0005, 'above_price': 0.005}]",2027-03-26 08:00:00
open,btc_usd,option,True,BTC-26MAR27-105000-C,0.0003,0.0003,reversed,1806048000000,1774512027000,607000,0.0001,1.0,105000.0,call,0.1,0.0003,25,0.0001,BTC,month,BTC,USD,BTC,"[{'tick_size': 0.0005, 'above_price': 0.005}]",2027-03-26 08:00:00
open,btc_usd,option,True,BTC-26MAR27-105000-P,0.0003,0.0003,reversed,1806048000000,1774512027000,607001,0.0001,1.0,105000.0,put,0.1,0.0003,25,0.0001,BTC,month,BTC,USD,BTC,"[{'tick_size': 0.0005, 'above_price': 0.005}]",2027-03-26 08:00:00
open,btc_usd,option,True,BTC-26MAR27-110000-C,0.0003,0.0003,reversed,1806048000000,1774512027000,607002,0.0001,1.0,110000.0,call,0.1,0.0003,25,0.0001,BTC,month,BTC,USD,BTC,"[{'tick_size': 0.0005, 'above_price': 0.005}]",2027-03-26 08:00:00
open,btc_usd,option,True,BTC-26MAR27-110000-P,0.0003,0.0003,reversed,1806048000000,1774512027000,607003,0.0001,1.0,110000.0,put,0.1,0.0003,25,0.0001,BTC,month,BTC,USD,BTC,"[{'tick_size': 0.0005, 'above_price': 0.005}]",2027-03-26 08:00:00
open,btc_usd,option,True,BTC-26MAR27-115000-C,0.0003,0.0003,reversed,1806048000000,1774512027000,607004,0.0001,1.0,115000.0,call,0.1,0.0003,25,0.0001,BTC,month,BTC,USD,BTC,"[{'tick_size': 0.0005, 'above_price': 0.005}]",2027-03-26 08:00:00
open,btc_usd,option,True,BTC-26MAR27-115000-P,0.0003,0.0003,reversed,1806048000000,1774512027000,607005,0.0001,1.0,115000.0,put,0.1,0.0003,25,0.0001,BTC,month,BTC,USD,BTC,"[{'tick_size': 0.0005, 'above_price': 0.005}]",2027-03-26 08:00:00
open,btc_usd,option,True,BTC-26MAR27-120000-C,0.0003,0.0003,reversed,1806048000000,1774512027000,607006,0.0001,1.0,120000.0,call,0.1,0.0003,25,0.0001,BTC,month,BTC,USD,BTC,"[{'tick_size': 0.0005, 'above_price': 0.005}]",2027-03-26 08:00:00
open,btc_usd,option,True,BTC-26MAR27-120000-P,0.0003,0.0003,reversed,1806048000000,1774512027000,607007,0.0001,1.0,120000.0,put,0.1,0.0003,25,0.0001,BTC,month,BTC,USD,BTC,"[{'tick_size': 0.0005, 'above_price': 0.005}]",2027-03-26 08:00:00
open,btc_usd,option,True,BTC-26MAR27-130000-C,0.0003,0.0003,reversed,1806048000000,1774512027000,607008,0.0001,1.0,130000.0,call,0.1,0.0003,25,0.0001,BTC,month,BTC,USD,BTC,"[{'tick_size': 0.0005, 'above_price': 0.005}]",2027-03-26 08:00:00
open,btc_usd,option,True,BTC-26MAR27-130000-P,0.0003,0.0003,reversed,1806048000000,1774512027000,607009,0.0001,1.0,130000.0,put,0.1,0.0003,25,0.0001,BTC,month,BTC,USD,BTC,"[{'tick_size': 0.0005, 'above_price': 0.005}]",2027-03-26 08:00:00
open,btc_usd,option,True,BTC-26MAR27-140000-C,0.0003,0.0003,reversed,1806048000000,1774512027000,607010,0.0001,1.0,140000.0,call,0.1,0.0003,25,0.0001,BTC,month,BTC,USD,BTC,"[{'tick_size': 0.0005, 'above_price': 0.005}]",2027-03-26 08:00:00
open,btc_usd,option,True,BTC-26MAR27-140000-P,0.0003,0.0003,reversed,1806048000000,1774512027000,607011,0.0001,1.0,140000.0,put,0.1,0.0003,25,0.0001,BTC,month,BTC,USD,BTC,"[{'tick_size': 0.0005, 'above_price': 0.005}]",2027-03-26 08:00:00
open,btc_usd,option,True,BTC-26MAR27-150000-C,0.0003,0.0003,reversed,1806048000000,1774512027000,607012,0.0001,1.0,150000.0,call,0.1,0.0003,25,0.0001,BTC,month,BTC,USD,BTC,"[{'tick_size': 0.0005, 'above_price': 0.005}]",2027-03-26 08:00:00
open,btc_usd,option,True,BTC-26MAR27-150000-P,0.0003,0.0003,reversed,1806048000000,1774512027000,607013,0.0001,1.0,150000.0,put,0.1,0.0003,25,0.0001,BTC,month,BTC,USD,BTC,"[{'tick_size': 0.0005, 'above_price': 0.005}]",2027-03-26 08:00:00
open,btc_usd,option,True,BTC-26MAR27-160000-C,0.0003,0.0003,reversed,1806048000000,1774512027000,607014,0.0001,1.0,160000.0,call,0.1,0.0003,25,0.0001,BTC,month,BTC,USD,BTC,"[{'tick_size': 0.0005, 'above_price': 0.005}]",2027-03-26 08:00:00
open,btc_usd,option,True,BTC-26MAR27-160000-P,0.0003,0.0003,reversed,1806048000000,1774512027000,607015,0.0001,1.0,160000.0,put,0.1,0.0003,25,0.0001,BTC,month,BTC,USD,BTC,"[{'tick_size': 0.0005, 'above_price': 0.005}]",2027-03-26 08:00:00
open,btc_usd,option,True,BTC-26MAR27-170000-C,0.0003,0.0003,reversed,1806048000000,1774512027000,607016,0.0001,1.0,170000.0,call,0.1,0.0003,25,0.0001,BTC,month,BTC,USD,BTC,"[{'tick_size': 0.0005, 'above_price': 0.005}]",2027-03-26 08:00:00
open,btc_usd,option,True,BTC-26MAR27-170000-P,0.0003,0.0003,reversed,1806048000000,1774512027000,607017,0.0001,1.0,170000.0,put,0.1,0.0003,25,0.0001,BTC,month,BTC,USD,BTC,"[{'tick_size': 0.0005, 'above_price': 0.005}]",2027-03-26 08:00:00
open,btc_usd,option,True,BTC-26MAR27-180000-C,0.0003,0.0003,reversed,1806048000000,1774512027000,607018,0.0001,1.0,180000.0,call,0.1,0.0003,25,0.0001,BTC,month,BTC,USD,BTC,"[{'tick_size': 0.0005, 'above_price': 0.005}]",2027-03-26 08:00:00
open,btc_usd,option,True,BTC-26MAR27-180000-P,0.0003,0.0003,reversed,1806048000000,1774512027000,607019,0.0001,1.0,180000.0,put,0.1,0.0003,25,0.0001,BTC,month,BTC,USD,BTC,"[{'tick_size': 0.0005, 'above_price': 0.005}]",2027-03-26 08:00:00
