h,date,origem,previsao,media_historica,realizado
1,2023-06-21,2023-06-21,0.0012441229706409672,-7.194564874462579e-05,-0.0036330732692558
1,2023-06-22,2023-06-21,0.00030909138669889214,-7.194564874462579e-05,0.0268891467669982
1,2023-06-23,2023-06-21,0.001361786004614268,-7.194564874462579e-05,-0.0052485458722322
1,2023-06-24,2023-06-21,-0.0004170508137622488,-7.194564874462579e-05,-0.0021216984200767
1,2023-06-25,2023-06-21,-0.0001971665083655297,-7.194564874462579e-05,-0.0063904465335593
1,2023-06-26,2023-06-21,-0.00022630545829969222,-7.194564874462579e-05,0.0140230652910879
1,2023-06-27,2023-06-21,-0.0005197206470845329,-7.194564874462579e-05,-0.0200384850471321
1,2023-06-28,2023-06-21,0.0005834729296403116,-7.194564874462579e-05,0.0122982663733346
1,2023-06-29,2023-06-21,-0.0015483403658003714,-7.194564874462579e-05,0.0008109090753829
1,2023-06-30,2023-06-21,-0.00024175201339773211,-7.194564874462579e-05,0.0037378577054345
1,2023-07-01,2023-06-21,-0.000337618671092065,-7.194564874462579e-05,0.0010177892427556
1,2023-07-02,2023-06-21,0.0005883933074970094,-7.194564874462579e-05,0.0176101339679257
1,2023-07-03,2023-06-21,0.0005979854929860757,-7.194564874462579e-05,-0.0125076228808391
1,2023-07-04,2023-06-21,-0.00034913328238900433,-7.194564874462579e-05,-0.0085060021432393
1,2023-07-05,2023-06-21,-4.722752696544126e-05,-7.194564874462579e-05,-0.0199765217354247
1,2023-07-06,2023-06-21,0.001530395286254315,-7.194564874462579e-05,0.0150280494376564
1,2023-07-07,2023-06-21,-0.0015301552342231863,-7.194564874462579e-05,-0.0019795878687217
1,2023-07-08,2023-06-21,-0.0015613292667390941,-7.194564874462579e-05,-0.004091844608965
1,2023-07-09,2023-06-21,-0.0010584322358552284,-7.194564874462579e-05,0.0083174434554094
1,2023-07-10,2023-06-21,-0.0010934564270323054,-7.194564874462579e-05,0.0069226942245994
1,2023-07-11,2023-06-21,-0.0012816163512181652,-7.194564874462579e-05,-0.0079060547774318
1,2023-07-12,2023-06-21,-0.0014597877238459642,-7.194564874462579e-05,0.0353597761685318
1,2023-07-13,2023-06-21,0.0004568441881486194,-7.194564874462579e-05,-0.0363137167878533
1,2023-07-14,2023-06-21,-0.0007581114551336425,-7.194564874462579e-05,-0.0007419501379155
1,2023-07-15,2023-06-21,-0.0009892182593310968,-7.194564874462579e-05,-0.001899336800319
1,2023-07-16,2023-06-21,-0.0012455770101846135,-7.194564874462579e-05,-0.0031089584245033
1,2023-07-17,2023-06-21,-0.0007750156657854529,-7.194564874462579e-05,-0.0092531023956466
1,2023-07-18,2023-06-21,-0.0008241971783731588,-7.194564874462579e-05,0.001677208947481
1,2023-07-19,2023-06-21,-0.0016077734699922604,-7.194564874462579e-05,-0.0036513836373478
1,2023-07-20,2023-06-21,-0.0010944407149085535,-7.194564874462579e-05,0.003413422818792
1,2023-07-21,2023-07-21,-0.00167740652707555,-6.963087267958896e-05,-0.003602468352991
1,2023-07-22,2023-07-21,-0.0011481762528492278,-6.963087267958896e-05,0.009725112438746
1,2023-07-23,2023-07-21,-0.0016399206995936094,-6.963087267958896e-05,-0.0301574770432542
1,2023-07-24,2023-07-21,-0.0014339154713369638,-6.963087267958896e-05,0.0017963086730758
1,2023-07-25,2023-07-21,-0.0019140344409280436,-6.963087267958896e-05,0.00420987303324
1,2023-07-26,2023-07-21,-0.001820795831406737,-6.963087267958896e-05,-0.0044010689575756
1,2023-07-27,2023-07-21,-0.002153213940166755,-6.963087267958896e-05,0.0031263281590594
1,2023-07-28,2023-07-21,-0.0020163076355997856,-6.963087267958896e-05,0.0013222287947045
1,2023-07-29,2023-07-21,-0.0019743371960676505,-6.963087267958896e-05,-0.0024464362976061
1,2023-07-30,2023-07-21,-0.001707791740197714,-6.963087267958896e-05,-0.0016679706937139
1,2023-07-31,2023-07-21,-0.0011254222863851253,-6.963087267958896e-05,0.016206073771263
1,2023-08-01,2023-07-21,-0.0014005621163905289,-6.963087267958896e-05,-0.0175042137966114
1,2023-08-02,2023-07-21,-0.0006837131623458112,-6.963087267958896e-05,0.0002614266218643
1,2023-08-03,2023-07-21,-0.001765754405495253,-6.963087267958896e-05,-0.0027283339795927
1,2023-08-04,2023-07-21,-0.0022492908603568194,-6.963087267958896e-05,-0.0014377967430778
1,2023-08-05,2023-07-21,-0.001969116318244249,-6.963087267958896e-05,0.0005603304608226
1,2023-08-06,2023-07-21,-0.0019063040585109285,-6.963087267958896e-05,0.0042161107409752
1,2023-08-07,2023-07-21,-0.0011525459011977506,-6.963087267958896e-05,0.0191489114054743
1,2023-08-08,2023-07-21,0.0010950116563283373,-6.963087267958896e-05,-0.0063294370721003
1,2023-08-09,2023-07-21,-0.00036000708295815437,-6.963087267958896e-05,-0.0042674613844437
1,2023-08-10,2023-07-21,-0.0019579641204491827,-6.963087267958896e-05,-0.0010089710837443
1,2023-08-11,2023-07-21,-0.0023023353266635755,-6.963087267958896e-05,0.0001406917616817
1,2023-08-12,2023-07-21,-0.0020208516125535263,-6.963087267958896e-05,-0.0042925338181871
1,2023-08-13,2023-07-21,-0.0012610746669537585,-6.963087267958896e-05,0.0043369742668537
1,2023-08-14,2023-07-21,-0.0006839942613039451,-6.963087267958896e-05,-0.0078465070590701
1,2023-08-15,2023-07-21,-0.0005551632692076903,-6.963087267958896e-05,-0.0160784246575342
1,2023-08-16,2023-07-21,0.0005076325072923972,-6.963087267958896e-05,-0.0733401530289576
1,2023-08-17,2023-07-21,0.0016314868593332592,-6.963087267958896e-05,-0.0213875683092436
1,2023-08-18,2023-07-21,0.0008032683513560301,-6.963087267958896e-05,0.0017659476471942
1,2023-08-19,2023-07-21,0.00025057781833198316,-6.963087267958896e-05,0.0034475082576597
1,2023-08-20,2023-08-20,-0.0005168328626136048,-0.00021821046050609293,-0.0024081719771562
1,2023-08-21,2023-08-20,-0.0005806120707993633,-0.00021821046050609293,-0.0027144416563451
1,2023-08-22,2023-08-20,-0.0006544599932110458,-0.00021821046050609293,0.0144580902671169
1,2023-08-23,2023-08-20,-0.0003006649774864745,-0.00021821046050609293,-0.009558985984038
1,2023-08-24,2023-08-20,-0.0009913159240897043,-0.00021821046050609293,-0.0045851707693453
1,2023-08-25,2023-08-20,-0.001847340968013499,-0.00021821046050609293,-0.001636223470367
1,2023-08-26,2023-08-20,-0.0017151236540424468,-0.00021821046050609293,0.0032439866135585
1,2023-08-27,2023-08-20,-0.0016955704168667453,-0.00021821046050609293,0.0006984200688304
1,2023-08-28,2023-08-20,-0.0015408012367101342,-0.00021821046050609293,0.0611156202143952
1,2023-08-29,2023-08-20,0.0003131765386871382,-0.00021821046050609293,-0.0150218246709341
1,2023-08-30,2023-08-20,-0.00028738545000296477,-0.00021821046050609293,-0.0497879303252493
1,2023-08-31,2023-08-20,-0.0010594705835916566,-0.00021821046050609293,-0.0052323021898339
1,2023-09-01,2023-08-20,-0.001429040207783109,-0.00021821046050609293,0.0024979606704889
1,2023-09-02,2023-08-20,-0.0016147914096450546,-0.00021821046050609293,0.0039312688953134
1,2023-09-03,2023-08-20,-0.0004973726779637077,-0.00021821046050609293,-0.0055904210855018
1,2023-09-04,2023-08-20,-8.14351840966058e-06,-0.00021821046050609293,-0.0013134040785224
1,2023-09-05,2023-08-20,2.0274835455049274e-05,-0.00021821046050609293,-0.0012465057129895
1,2023-09-06,2023-08-20,-1.6817929302150357e-05,-0.00021821046050609293,0.0192178168047685
1,2023-09-07,2023-08-20,0.00033573844340815696,-0.00021821046050609293,-0.0131213102266235
1,2023-09-08,2023-08-20,8.191823177411769e-05,-0.00021821046050609293,-0.0003431041469674
1,2023-09-09,2023-08-20,-0.0006994125606437196,-0.00021821046050609293,-0.0023164583205445
1,2023-09-10,2023-08-20,-0.0002300745545650402,-0.00021821046050609293,-0.0262789354068883
1,2023-09-11,2023-08-20,0.0007973862591139646,-0.00021821046050609293,0.0269281455116576
1,2023-09-12,2023-08-20,0.00033800473097719353,-0.00021821046050609293,0.0147793545690613
1,2023-09-13,2023-08-20,-0.0002446812342029945,-0.00021821046050609293,0.0114686141407978
1,2023-09-14,2023-08-20,-0.0012034861593759323,-0.00021821046050609293,0.0029133501717206
1,2023-09-15,2023-08-20,-0.002140039576349213,-0.00021821046050609293,-0.0015161654135339
1,2023-09-16,2023-08-20,-0.0008426102646845019,-0.00021821046050609293,-0.0012108584180451
1,2023-09-17,2023-08-20,-0.00036313452111441316,-0.00021821046050609293,0.0088587281655911
1,2023-09-18,2023-08-20,0.0003195772524175781,-0.00021821046050609293,0.0167304935149954
1,2023-09-19,2023-09-19,0.00032098514919615725,-0.00016188969876480353,-0.0031333768953327
1,2023-09-20,2023-09-19,0.0005844278281197476,-0.00016188969876480353,-0.0205316129032256
1,2023-09-21,2023-09-19,0.0003471863405004008,-0.00016188969876480353,0.0004539281724533
1,2023-09-22,2023-09-19,-0.001365002451893069,-0.00016188969876480353,-0.0001572602702619
1,2023-09-23,2023-09-19,-0.0008253478625323159,-0.00016188969876480353,-0.0123261774927414
1,2023-09-24,2023-09-19,-0.0008247539874952383,-0.00016188969876480353,0.002149846961984
1,2023-09-25,2023-09-19,-0.0003555688807567471,-0.00016188969876480353,-0.0031606386816709
1,2023-09-26,2023-09-19,-0.00048391374024303515,-0.00016188969876480353,0.0057707994952267
1,2023-09-27,2023-09-19,-0.0014973190166846016,-0.00016188969876480353,0.0245857599005647
1,2023-09-28,2023-09-19,-0.0005045028116020576,-0.00016188969876480353,-0.0042347932508283
1,2023-09-29,2023-09-19,-0.0015714823935125877,-0.00016188969876480353,0.0020663798511613
1,2023-09-30,2023-09-19,-0.0009213771753660867,-0.00016188969876480353,0.0382014912530559
1,2023-10-01,2023-09-19,3.302856252366213e-06,-0.00016188969876480353,-0.0177925785306601
1,2023-10-02,2023-09-19,-3.746154201969022e-05,-0.00016188969876480353,-0.0024750395624435
1,2023-10-03,2023-09-19,-0.00047074352847846225,-0.00016188969876480353,0.0128383320341014
1,2023-10-04,2023-09-19,-0.001051357821389242,-0.00016188969876480353,-0.0132541019930111
1,2023-10-05,2023-09-19,-0.0009175275109106262,-0.00016188969876480353,0.0189964462380871
1,2023-10-06,2023-09-19,-0.0009362074612970682,-0.00016188969876480353,0.0009158253401495
1,2023-10-07,2023-09-19,-0.0005155914786695207,-0.00016188969876480353,-0.001417193106332
1,2023-10-08,2023-09-19,-0.000541793820730669,-0.00016188969876480353,-0.0117107645686059
1,2023-10-09,2023-09-19,-0.0009799597105746066,-0.00016188969876480353,-0.0072489717333595
1,2023-10-10,2023-09-19,0.00012009078424561914,-0.00016188969876480353,-0.0187877964755174
1,2023-10-11,2023-09-19,-0.0005591905873514202,-0.00016188969876480353,-0.0043121026123401
1,2023-10-12,2023-09-19,-0.001224788383966392,-0.00016188969876480353,0.0038255386939205
1,2023-10-13,2023-09-19,-0.0012363888660069761,-0.00016188969876480353,-0.0003544039907676
1,2023-10-14,2023-09-19,-0.000928821939818873,-0.00016188969876480353,0.0112343440903783
1,2023-10-15,2023-09-19,0.0002563694269476727,-0.00016188969876480353,0.0495920513070744
1,2023-10-16,2023-09-19,0.0009640534016521895,-0.00016188969876480353,-0.0036795484193765
1,2023-10-17,2023-09-19,0.00015586111623218626,-0.00016188969876480353,-0.0026732723128084
1,2023-10-18,2023-09-19,-0.0003476599934066011,-0.00016188969876480353,0.0139021892655366
1,2023-10-19,2023-10-19,0.00019745422349024192,-9.35288728381203e-05,0.0332708660775638
1,2023-10-20,2023-10-19,0.0013341226645985041,-9.35288728381203e-05,0.008114856429463
1,2023-10-21,2023-10-19,0.0008531774775310137,-9.35288728381203e-05,0.0027636426856749
1,2023-10-22,2023-10-19,0.0009255615593785624,-9.35288728381203e-05,0.1026101226774995
1,2023-10-23,2023-10-19,0.0011528640296679057,-9.35288728381203e-05,0.025785916475935
1,2023-10-24,2023-10-19,0.0008253316403846578,-9.35288728381203e-05,0.0169007624091575
1,2023-10-25,2023-10-19,0.0007265829677410334,-9.35288728381203e-05,-0.0099834618746204
1,2023-10-26,2023-10-19,0.00043470839386137826,-9.35288728381203e-05,-0.0076025587043209
1,2023-10-27,2023-10-19,-0.0002097190473300765,-9.35288728381203e-05,0.0055759438357467
1,2023-10-28,2023-10-19,7.627836332697882e-05,-9.35288728381203e-05,0.0130539010005574
1,2023-10-29,2023-10-19,0.0005486242590691424,-9.35288728381203e-05,-0.0014817865665446
1,2023-10-30,2023-10-19,0.0008440130323771478,-9.35288728381203e-05,0.0047872746211499
1,2023-10-31,2023-10-19,0.000592468584790143,-9.35288728381203e-05,0.0225653923221778
1,2023-11-01,2023-10-19,0.0013049043092295419,-9.35288728381203e-05,-0.0135466015911837
1,2023-11-02,2023-10-19,0.0009135667078264042,-9.35288728381203e-05,-0.006433880083877
1,2023-11-03,2023-10-19,0.00048531624847365003,-9.35288728381203e-05,0.0099459108822881
1,2023-11-04,2023-10-19,0.0008922045402520597,-9.35288728381203e-05,-0.0014314614054447
1,2023-11-05,2023-10-19,0.00016890846702933922,-9.35288728381203e-05,0.0009770969168179
1,2023-11-06,2023-10-19,-5.692516016709717e-05,-9.35288728381203e-05,0.0100733063231877
1,2023-11-07,2023-10-19,-0.0003225956389714609,-9.35288728381203e-05,0.0063730397817798
1,2023-11-08,2023-10-19,0.00017105204812195376,-9.35288728381203e-05,0.0302141322093196
1,2023-11-09,2023-10-19,0.0012130948108286942,-9.35288728381203e-05,0.0163630017528089
1,2023-11-10,2023-10-19,-0.0002316666789352977,-9.35288728381203e-05,-0.0046011394140148
1,2023-11-11,2023-10-19,0.0007842581412420974,-9.35288728381203e-05,-0.0017740371667116
1,2023-11-12,2023-10-19,0.0006362426715173597,-9.35288728381203e-05,-0.0162205345167955
1,2023-11-13,2023-10-19,-0.00024192578141793056,-9.35288728381203e-05,-0.0250045731377044
1,2023-11-14,2023-10-19,0.0010176249423017132,-9.35288728381203e-05,0.0648926238474716
1,2023-11-15,2023-10-19,0.0013276434954771863,-9.35288728381203e-05,-0.0447641462087472
1,2023-11-16,2023-10-19,0.0005922450673927427,-9.35288728381203e-05,0.0124548197893399
1,2023-11-17,2023-10-19,0.00031967520112281323,-9.35288728381203e-05,-0.0012514366120863
1,2023-11-18,2023-11-18,-0.0006340660448351109,0.0001784976010074936,0.0216516581391978
1,2023-11-19,2023-11-18,0.001840051297631293,0.0001784976010074936,0.0023800945720888
1,2023-11-20,2023-11-18,0.002045311611485002,0.0001784976010074936,-0.0455857306967009
1,2023-11-21,2023-11-18,-0.0002558608173828591,0.0001784976010074936,0.0466315908750714
1,2023-11-22,2023-11-18,0.00044893644326295584,0.0001784976010074936,-0.0030490526978742
1,2023-11-23,2023-11-18,-0.0007373790544143721,0.0001784976010074936,0.0112427428549364
1,2023-11-24,2023-11-18,-0.0003473284449794145,0.0001784976010074936,0.0017792004310384
1,2023-11-25,2023-11-18,-0.0008884689119882367,0.0001784976010074936,-0.008820383545342
1,2023-11-26,2023-11-18,-9.794869823299321e-05,0.0001784976010074936,-0.0054671308551749
1,2023-11-27,2023-11-18,-0.000791958793699432,0.0001784976010074936,0.0154706828452289
1,2023-11-28,2023-11-18,-0.00042088812200889524,0.0001784976010074936,0.0009458241348827
1,2023-11-29,2023-11-18,0.00020943093813492305,0.0001784976010074936,-0.0034521527611939
1,2023-11-30,2023-11-18,-0.0008199956054231554,0.0001784976010074936,0.0254098456259628
1,2023-12-01,2023-11-18,0.0008449397322208382,0.0001784976010074936,0.0198495341048101
1,2023-12-02,2023-11-18,0.0008880254497963305,0.0001784976010074936,0.0132295404223283
1,2023-12-03,2023-11-18,0.0004899001888414689,0.0001784976010074936,0.0505060259289815
1,2023-12-04,2023-11-18,0.0014412791466829828,0.0001784976010074936,0.0495871744250566
1,2023-12-05,2023-11-18,0.002102349909631017,0.0001784976010074936,-0.0070480281494563
1,2023-12-06,2023-11-18,-0.0007594591771852856,0.0001784976010074936,-0.0111864695703121
1,2023-12-07,2023-11-18,-0.0010203706547404735,0.0001784976010074936,0.0207484365590293
1,2023-12-08,2023-11-18,0.0002880101951512907,0.0001784976010074936,-0.0103549863835969
1,2023-12-09,2023-11-18,0.0001666777275865103,0.0001784976010074936,0.0017365305076681
1,2023-12-10,2023-11-18,0.0019412849649225277,0.0001784976010074936,-0.0579159255264559
1,2023-12-11,2023-11-18,0.002530918225630594,0.0001784976010074936,0.005793219467971
1,2023-12-12,2023-11-18,-0.000254392580249678,0.0001784976010074936,0.033178132182793
1,2023-12-13,2023-11-18,0.0004506024780923883,0.0001784976010074936,0.003574375254117
1,2023-12-14,2023-11-18,-0.00019074917450496136,0.0001784976010074936,-0.0251488415531866
1,2023-12-15,2023-11-18,0.0018367434378162334,0.0001784976010074936,0.0080526367241053
1,2023-12-16,2023-11-18,0.0008020089516802001,0.0001784976010074936,-0.021367599199868
1,2023-12-17,2023-11-18,0.0023865745302779546,0.0001784976010074936,0.0310129511669585
1,2023-12-18,2023-12-18,0.0025800441510814643,0.00034158219053570765,-0.0089505319074121
1,2023-12-19,2023-12-18,0.0020944626068641775,0.00034158219053570765,0.0329487257424367
1,2023-12-20,2023-12-18,0.0023553945563952027,0.00034158219053570765,0.0044166413053858
1,2023-12-21,2023-12-18,0.0018040817311035327,0.00034158219053570765,0.002444952099549
1,2023-12-22,2023-12-18,0.0012129854860923764,0.00034158219053570765,-0.0060697254249807
1,2023-12-23,2023-12-18,0.0014111548063890035,0.00034158219053570765,-0.016261438793872
1,2023-12-24,2023-12-18,0.001872920911776315,0.00034158219053570765,0.0135987346335904
1,2023-12-25,2023-12-18,0.001567170948721444,0.00034158219053570765,-0.0244904721920005
1,2023-12-26,2023-12-18,0.002438466095688043,0.00034158219053570765,0.0216406293924593
1,2023-12-27,2023-12-18,0.002499266047579902,0.00034158219053570765,-0.0199197077518745
1,2023-12-28,2023-12-18,0.002305197293153897,0.00034158219053570765,-0.0116721361082762
1,2023-12-29,2023-12-18,0.001462291208235059,0.00034158219053570765,0.0017431736790995
1,2023-12-30,2023-12-18,0.001477037398657272,0.00034158219053570765,0.0034005469351414
1,2023-12-31,2023-12-18,0.0017630654505551052,0.00034158219053570765,0.0448393915557765
1,2024-01-01,2023-12-18,0.0024533342109487374,0.00034158219053570765,0.0173691221390892
1,2024-01-02,2023-12-18,0.0009352936356577855,0.00034158219053570765,-0.046759165424275
1,2024-01-03,2023-12-18,0.0020099971845436355,0.00034158219053570765,0.0304787720826797
1,2024-01-04,2023-12-18,0.001802423509530349,0.00034158219053570765,-0.0001356704589465
1,2024-01-05,2023-12-18,0.0016664115189790219,0.00034158219053570765,-0.0040047470716462
1,2024-01-06,2023-12-18,0.001931443331092578,0.00034158219053570765,-0.00089382537245
1,2024-01-07,2023-12-18,0.0017388046210220166,0.00034158219053570765,0.0687932487453624
1,2024-01-08,2023-12-18,0.0013722032289653348,0.00034158219053570765,-0.0179131282288954
1,2024-01-09,2023-12-18,0.0008124307164819781,0.00034158219053570765,0.0117976577748861
1,2024-01-10,2023-12-18,0.0009483603340405701,0.00034158219053570765,-0.0067481902405345
1,2024-01-11,2023-12-18,0.00010373259437845688,0.00034158219053570765,-0.0767478305605885
1,2024-01-12,2023-12-18,0.00048071121341035735,0.00034158219053570765,0.001525381853846
1,2024-01-13,2023-12-18,-0.00039540424662924786,0.00034158219053570765,-0.0260371606696137
1,2024-01-14,2023-12-18,0.0008158976487576053,0.00034158219053570765,0.0186605834562396
1,2024-01-15,2023-12-18,0.00013724499941966656,0.00034158219053570765,0.0147455605712389
1,2024-01-16,2023-12-18,-1.4942263780456598e-05,0.00034158219053570765,-0.0083882057445937
1,2024-01-17,2024-01-17,-0.00051239691278917,0.0003447490777236454,-0.0338647048234878
1,2024-01-18,2024-01-17,-0.0003220808316198006,0.0003447490777236454,0.0080220192365858
1,2024-01-19,2024-01-17,-0.0007941817207280584,0.0003447490777236454,0.0008884028264701
1,2024-01-20,2024-01-17,-0.000694761199664808,0.0003447490777236454,-0.002775083677011
1,2024-01-21,2024-01-17,-0.0005094106091242918,0.0003447490777236454,-0.0483957198030896
1,2024-01-22,2024-01-17,0.0004954135964930123,0.0003447490777236454,0.0083294539378013
1,2024-01-23,2024-01-17,6.316589744979032e-06,0.0003447490777236454,0.0046940166827076
1,2024-01-24,2024-01-17,-0.0009623900103840708,0.0003447490777236454,-0.0030881968462921
1,2024-01-25,2024-01-17,-0.0010035097342111796,0.0003447490777236454,0.0466058358268006
1,2024-01-26,2024-01-17,-0.000718513273955678,0.0003447490777236454,0.0071041383183763
1,2024-01-27,2024-01-17,-0.0007724742218479489,0.0003447490777236454,-0.002126511403082
1,2024-01-28,2024-01-17,0.00022701379255200973,0.0003447490777236454,0.0302547687353114
1,2024-01-29,2024-01-17,0.0008536810620493568,0.0003447490777236454,-0.0083505185588889
1,2024-01-30,2024-01-17,0.0008580721124223376,0.0003447490777236454,-0.008409193057467
1,2024-01-31,2024-01-17,-0.0003690420261865563,0.0003447490777236454,0.0118116486613433
1,2024-02-01,2024-01-17,-0.0007571254159989877,0.0003447490777236454,0.0027170847671955
1,2024-02-02,2024-01-17,-0.0005482829693586332,0.0003447490777236454,-0.0043729166666667
1,2024-02-03,2024-01-17,-0.0007593412501648317,0.0003447490777236454,-0.0099558044216038
1,2024-02-04,2024-01-17,-0.0005272575174862448,0.0003447490777236454,0.0029547085589325
1,2024-02-05,2024-01-17,-0.0010027678038854776,0.0003447490777236454,0.0091374825269792
1,2024-02-06,2024-01-17,-0.0005158147470755298,0.0003447490777236454,0.0290181083297853
1,2024-02-07,2024-01-17,0.00034080681568233697,0.0003447490777236454,0.0211738099103486
1,2024-02-08,2024-01-17,0.0008494453647008747,0.0003447490777236454,0.0407192530578852
1,2024-02-09,2024-01-17,0.002058932102090574,0.0003447490777236454,0.0131186857891016
1,2024-02-10,2024-01-17,0.0017843456011844715,0.0003447490777236454,0.0114950255585788
1,2024-02-11,2024-01-17,0.001853261012501256,0.0003447490777236454,0.033484064903533
1,2024-02-12,2024-01-17,0.0025928062490932747,0.0003447490777236454,-0.0043608154051694
1,2024-02-13,2024-01-17,0.0015605357803256663,0.0003447490777236454,0.042164935364658
1,2024-02-14,2024-01-17,0.0025307118059653055,0.0003447490777236454,0.0016377975011956
1,2024-02-15,2024-01-17,0.0018600606507924876,0.0003447490777236454,0.0047052814186585
1,2024-02-16,2024-02-16,0.000608034842176631,0.0005332763711325671,-0.0092369922479251
1,2024-02-17,2024-02-16,0.000482249938681946,0.0005332763711325671,0.0095856834584753
1,2024-02-18,2024-02-16,0.0016090870291571508,0.0005332763711325671,-0.0069611856456185
1,2024-02-19,2024-02-16,0.00047815383630701955,0.0005332763711325671,0.0093499280440476
1,2024-02-20,2024-02-16,0.0004353012706042645,0.0005332763711325671,-0.007834658340927
1,2024-02-21,2024-02-16,0.0003370710314147963,0.0005332763711325671,-0.0108192208240058
1,2024-02-22,2024-02-16,0.0004070437931979602,0.0005332763711325671,-0.0106119471022892
1,2024-02-23,2024-02-16,0.00025795616228710725,0.0005332763711325671,0.0162397044782502
1,2024-02-24,2024-02-16,0.0003899651102978099,0.0005332763711325671,0.0031149029382824
1,2024-02-25,2024-02-16,0.0004948753424980777,0.0005332763711325671,0.053115814482634
1,2024-02-26,2024-02-16,0.0007366057557816083,0.0005332763711325671,0.0470087360653139
1,2024-02-27,2024-02-16,0.0011518110427348024,0.0005332763711325671,0.0945829521502932
1,2024-02-28,2024-02-16,0.0030349407036470814,0.0005332763711325671,-0.020840561185672
1,2024-02-29,2024-02-16,0.0030952382766601984,0.0005332763711325671,0.0205610968448404
1,2024-03-01,2024-02-16,0.0018666546481148853,0.0005332763711325671,-0.0064214374902825
1,2024-03-02,2024-02-16,0.0012749904529570349,0.0005332763711325671,0.0181761483968969
1,2024-03-03,2024-02-16,0.002263646774660774,0.0005332763711325671,0.0813090984452413
1,2024-03-04,2024-02-16,0.0028482767619596315,0.0005332763711325671,-0.0662561793261438
1,2024-03-05,2024-02-16,0.002625880437876723,0.0005332763711325671,0.0368782504428077
1,2024-03-06,2024-02-16,0.0016773374528367883,0.0005332763711325671,0.0113377356674422
1,2024-03-07,2024-02-16,0.00017040056476877,0.0005332763711325671,0.0194695941542433
1,2024-03-08,2024-02-16,0.00018314363053003184,0.0005332763711325671,0.0027755192392011
1,2024-03-09,2024-02-16,9.953204897667456e-05,0.0005332763711325671,0.0094068107118865
1,2024-03-10,2024-02-16,0.00263817279090267,0.0005332763711325671,0.0452785172199963
1,2024-03-11,2024-02-16,0.0028806181395575033,0.0005332763711325671,-0.0086862722519046
1,2024-03-12,2024-02-16,0.000682658739858753,0.0005332763711325671,0.0226781583891062
1,2024-03-13,2024-02-16,0.0011420201258364778,0.0005332763711325671,-0.0230383806966267
1,2024-03-14,2024-02-16,0.0003307111854555904,0.0005332763711325671,-0.0264619421439791
1,2024-03-15,2024-02-16,0.0013375398058966652,0.0005332763711325671,-0.0604205620587671
1,2024-03-16,2024-02-16,0.0015712416766621017,0.0005332763711325671,0.0473632490222528
1,2024-03-17,2024-03-17,0.0025569838114389916,0.000792619402013675,-0.0114556241325926
1,2024-03-18,2024-03-17,0.0013516826406794003,0.000792619402013675,-0.0839016541786207
1,2024-03-19,2024-03-17,0.004090368676966527,0.000792619402013675,0.0953076816269329
1,2024-03-20,2024-03-17,0.004287644861008213,0.000792619402013675,-0.034481462477213
1,2024-03-21,2024-03-17,0.0020508306065719897,0.000792619402013675,-0.0260243809013168
1,2024-03-22,2024-03-17,0.0015650115489062207,0.000792619402013675,0.0030310373712472
1,2024-03-23,2024-03-17,0.0013685322491652433,0.000792619402013675,0.0503200421440783
1,2024-03-24,2024-03-17,0.001677644988271815,0.000792619402013675,0.0397265347011654
1,2024-03-25,2024-03-17,0.0044804124828765075,0.000792619402013675,0.0015453632591067
1,2024-03-26,2024-03-17,0.003456190598812507,0.000792619402013675,-0.007401411670572
1,2024-03-27,2024-03-17,0.003702394564572708,0.000792619402013675,0.0188658440860578
1,2024-03-28,2024-03-17,0.004135829466876958,0.000792619402013675,-0.0131400411977294
1,2024-03-29,2024-03-17,-0.0012585499743983015,0.000792619402013675,-0.003841917328055
1,2024-03-30,2024-03-17,0.0011261214224926354,0.000792619402013675,0.024400356528065
1,2024-03-31,2024-03-17,0.004265783243271187,0.000792619402013675,-0.0228705074536323
1,2024-04-01,2024-03-17,-0.0010087081014287073,0.000792619402013675,-0.0600979471584987
1,2024-04-02,2024-03-17,-0.00035670352165527105,0.000792619402013675,0.0076269411626148
1,2024-04-03,2024-03-17,-0.002451233934618779,0.000792619402013675,0.0382714443551017
1,2024-04-04,2024-03-17,-0.0006732703567196497,0.000792619402013675,-0.0097414444238892
1,2024-04-05,2024-03-17,-0.001097974395945368,0.000792619402013675,0.0158562395920296
1,2024-04-06,2024-03-17,-0.0010465464069341513,0.000792619402013675,0.0067404493729679
1,2024-04-07,2024-03-17,0.0037565292246429967,0.000792619402013675,0.0325778156668381
1,2024-04-08,2024-03-17,0.003956347543052083,0.000792619402013675,-0.0345434236246858
1,2024-04-09,2024-03-17,-0.0006774501035656415,0.000792619402013675,0.0214774535041795
1,2024-04-10,2024-03-17,-0.0018159344153466758,0.000792619402013675,-0.0088466720316325
1,2024-04-11,2024-03-17,-0.002364011743647389,0.000792619402013675,-0.0412778976956763
1,2024-04-12,2024-03-17,-0.001844718522215148,0.000792619402013675,-0.0475592298289602
1,2024-04-13,2024-03-17,0.0009335833808214622,0.000792619402013675,0.0271778383596525
1,2024-04-14,2024-03-17,0.0005080861561794455,0.000792619402013675,-0.0341423572656507
1,2024-04-15,2024-03-17,-0.0008720762042233848,0.000792619402013675,0.0058877335048459
1,2024-04-16,2024-04-16,-0.00020754396957579042,0.0007243992200171159,-0.0394401363526847
1,2024-04-17,2024-04-16,0.0009275734565013473,0.0007243992200171159,0.0357833568901537
1,2024-04-18,2024-04-16,0.00024316470054914978,0.0007243992200171159,0.0054817955168797
1,2024-04-19,2024-04-16,-0.00022065668029839686,0.0007243992200171159,0.0175903322588717
1,2024-04-20,2024-04-16,-2.2422442776816595e-05,0.0007243992200171159,8.623266280816111e-06
1,2024-04-21,2024-04-16,-3.668964923079997e-05,0.0007243992200171159,0.0289211078029878
1,2024-04-22,2024-04-16,-0.000179897035144789,0.0007243992200171159,-0.0060659102786441
1,2024-04-23,2024-04-16,-0.0006722227915199448,0.0007243992200171159,-0.0319873821784564
1,2024-04-24,2024-04-16,0.00036720375424929245,0.0007243992200171159,0.0032470264626045
1,2024-04-25,2024-04-16,-0.0006729046591682356,0.0007243992200171159,-0.0112922286061935
1,2024-04-26,2024-04-16,-0.0010528542918672628,0.0007243992200171159,-0.004830326982856
1,2024-04-27,2024-04-16,-0.0004541424266921628,0.0007243992200171159,-0.0054104835682718
1,2024-04-28,2024-04-16,-0.00030351958021437647,0.0007243992200171159,0.0118408799178435
1,2024-04-29,2024-04-16,-0.00041811374487034635,0.0007243992200171159,-0.0500109604484388
1,2024-04-30,2024-04-16,0.002374998640480367,0.0007243992200171159,-0.0380246242088607
1,2024-05-01,2024-04-16,0.0028841617016854212,0.0007243992200171159,0.0119187930705695
1,2024-05-02,2024-04-16,-0.0005994216747702311,0.0007243992200171159,0.0647030228776845
1,2024-05-03,2024-04-16,-0.00016203491508752184,0.0007243992200171159,0.0160623046241683
1,2024-05-04,2024-04-16,-0.00041466678097332334,0.0007243992200171159,0.0018775421789631
1,2024-05-05,2024-04-16,-0.00011645560146857218,0.0007243992200171159,-0.0132289258264075
1,2024-05-06,2024-04-16,-0.0004707615893407541,0.0007243992200171159,-0.0135060149427239
1,2024-05-07,2024-04-16,-0.0004508069449550098,0.0007243992200171159,-0.0179587970743394
1,2024-05-08,2024-04-16,-0.00023313235411833556,0.0007243992200171159,0.0307384680902385
1,2024-05-09,2024-04-16,-0.0004662572828526083,0.0007243992200171159,-0.0360532016277386
1,2024-05-10,2024-04-16,0.0008625874776411364,0.0007243992200171159,0.0004276316492815
1,2024-05-11,2024-04-16,-0.0002788357905259777,0.0007243992200171159,0.0108177441912578
1,2024-05-12,2024-04-16,-0.00025651773651684214,0.0007243992200171159,0.02368242529478
1,2024-05-13,2024-04-16,8.064469300666981e-05,0.0007243992200171159,-0.0216490033060016
1,2024-05-14,2024-04-16,-1.027926531471934e-05,0.0007243992200171159,0.0751737363767182
1,2024-05-15,2024-04-16,0.0013404340658739924,0.0007243992200171159,-0.0146706139125312
1,2024-05-16,2024-05-16,-4.865762418605873e-05,0.000735493236598547,0.0274206214711349
1,2024-05-17,2024-05-16,-0.00014256190491880453,0.000735493236598547,-0.0016232991167343
1,2024-05-18,2024-05-16,-0.00014110258265439033,0.000735493236598547,-0.0095821278274592
1,2024-05-19,2024-05-16,-0.0002031223264012597,0.000735493236598547,0.078048845995587
1,2024-05-20,2024-05-16,0.0025441286098783792,0.000735493236598547,-0.0181713284687224
1,2024-05-21,2024-05-16,0.000585308394467174,0.000735493236598547,-0.0139949142060952
1,2024-05-22,2024-05-16,3.4467360742218284e-05,0.000735493236598547,-0.0173056020375146
1,2024-05-23,2024-05-16,-0.0005605509201088911,0.000735493236598547,0.0085382225743402
1,2024-05-24,2024-05-16,-0.00031392408751384414,0.000735493236598547,0.0108035026700952
1,2024-05-25,2024-05-16,-0.0002662106055061383,0.000735493236598547,-0.0112987957813019
1,2024-05-26,2024-05-16,-9.751149665938295e-05,0.000735493236598547,0.0135570221553293
1,2024-05-27,2024-05-16,-3.025583781435544e-05,0.000735493236598547,-0.0149495012920449
1,2024-05-28,2024-05-16,-7.196746743325249e-06,0.000735493236598547,-0.0109062508635071
1,2024-05-29,2024-05-16,-0.00031233150284197997,0.000735493236598547,0.0103433107049237
1,2024-05-30,2024-05-16,-0.00010708452224762898,0.000735493236598547,-0.0118819929199029
1,2024-05-31,2024-05-16,-0.00020560118598419945,0.000735493236598547,0.0033586018124664
1,2024-06-01,2024-05-16,-0.00018239526759978566,0.000735493236598547,-1.8002902599123516e-05
1,2024-06-02,2024-05-16,0.00010047692121055248,0.000735493236598547,0.0154100242261452
1,2024-06-03,2024-05-16,-8.27844369884315e-06,0.000735493236598547,0.0251117935064577
1,2024-06-04,2024-05-16,0.00014430604912823,0.000735493236598547,0.0080830374165128
1,2024-06-05,2024-05-16,0.0012646072164602849,0.000735493236598547,-0.0043446588288238
1,2024-06-06,2024-05-16,-0.0003945181434193686,0.000735493236598547,-0.0203881237971237
1,2024-06-07,2024-05-16,-0.0001933151015664448,0.000735493236598547,-0.0006508486697541
1,2024-06-08,2024-05-16,-0.00013529042807669336,0.000735493236598547,0.0048719919042521
1,2024-06-09,2024-05-16,1.9133556212498532e-05,0.000735493236598547,-0.0015526617078359
1,2024-06-10,2024-05-16,-1.5186177587788985e-05,0.000735493236598547,-0.0320069025021569
1,2024-06-11,2024-05-16,0.0009480170474865317,0.000735493236598547,0.0141091988857038
1,2024-06-12,2024-05-16,-0.0002318763412074508,0.000735493236598547,-0.0218413837222232
1,2024-06-13,2024-05-16,-6.589391448153354e-05,0.000735493236598547,-0.0109178843367999
1,2024-06-14,2024-05-16,0.00022971645728991848,0.000735493236598547,0.0027899586321176
1,2024-06-15,2024-06-15,-0.00034485538493167457,0.0007345768361429428,0.0067738465080988
1,2024-06-16,2024-06-15,0.00018028233504265256,0.0007345768361429428,-0.0025877039519101
1,2024-06-17,2024-06-15,0.001052161282344125,0.0007345768361429428,-0.0199838115803888
1,2024-06-18,2024-06-15,0.00220447286618364,0.0007345768361429428,-0.0030832222994838
1,2024-06-19,2024-06-15,-0.00024516805312665063,0.0007345768361429428,-0.0016064796011104
1,2024-06-20,2024-06-15,0.00015742398810860418,0.0007345768361429428,-0.0111982443653837
1,2024-06-21,2024-06-15,-0.0006881451098292073,0.0007345768361429428,0.0018466390078755
1,2024-06-22,2024-06-15,-0.0004411095511274154,0.0007345768361429428,-0.016370480786393
1,2024-06-23,2024-06-15,0.0011827654381937284,0.0007345768361429428,-0.0461431662485103
1,2024-06-24,2024-06-15,0.003070671643612788,0.0007345768361429428,0.025089189014368
1,2024-06-25,2024-06-15,-0.00030345715689844745,0.0007345768361429428,-0.0152253801855192
1,2024-06-26,2024-06-15,-0.00051447509441504,0.0007345768361429428,0.0138253534585317
1,2024-06-27,2024-06-15,0.0004532122538026487,0.0007345768361429428,-0.02072116586802
1,2024-06-28,2024-06-15,-0.0009557146971487863,0.0007345768361429428,0.0092480552010465
1,2024-06-29,2024-06-15,-0.0014746945300230267,0.0007345768361429428,0.0292740972290999
1,2024-06-30,2024-06-15,0.0006702077239323944,0.0007345768361429428,0.0020388067866552
1,2024-07-01,2024-06-15,-0.0005742735123457514,0.0007345768361429428,-0.0121545329339479
1,2024-07-02,2024-06-15,-0.0013734740365236287,0.0007345768361429428,-0.031011111688702
1,2024-07-03,2024-06-15,0.0022848221682670363,0.0007345768361429428,-0.0524604632761642
1,2024-07-04,2024-06-15,0.002845719177471135,0.0007345768361429428,-0.0073833466462144
1,2024-07-05,2024-06-15,0.0037767335525281096,0.0007345768361429428,0.0282778424190239
1,2024-07-06,2024-06-15,0.0028587828424206426,0.0007345768361429428,-0.0407404208096392
1,2024-07-07,2024-06-15,0.004477421641042561,0.0007345768361429428,0.0153391262564717
1,2024-07-08,2024-06-15,0.0034417789492459504,0.0007345768361429428,0.0235456042903927
1,2024-07-09,2024-06-15,0.0019060688596824775,0.0007345768361429428,-0.0055839793281653
1,2024-07-10,2024-06-15,0.00029126777289309284,0.0007345768361429428,-0.0066860860429079
1,2024-07-11,2024-06-15,0.0014090059688251794,0.0007345768361429428,0.0095781488244919
1,2024-07-12,2024-06-15,-0.0012155610632101847,0.0007345768361429428,0.0227144661084728
1,2024-07-13,2024-06-15,0.0025112470687816526,0.0007345768361429428,0.0269219894189618
1,2024-07-14,2024-06-15,0.002615107395418589,0.0007345768361429428,0.0645783711972993
1,2024-07-15,2024-07-15,0.004557532248455832,0.0007041057886654541,0.0049417419837483
1,2024-07-16,2024-07-15,0.004176517369217348,0.0007041057886654541,-0.014697745325894
1,2024-07-17,2024-07-15,0.0041775518669671715,0.0007041057886654541,-0.0015614470043451
1,2024-07-18,2024-07-15,0.003683401922877522,0.0007041057886654541,0.0417591320361718
1,2024-07-19,2024-07-15,0.0052331127053259225,0.0007041057886654541,0.0072001200120013
1,2024-07-20,2024-07-15,0.004841174826327862,0.0007041057886654541,0.0152722760037389
1,2024-07-21,2024-07-15,0.004830032536874027,0.0007041057886654541,-0.0092910854695362
1,2024-07-22,2024-07-15,0.004830032536874027,0.0007041057886654541,-0.0236332370382578
1,2024-07-23,2024-07-15,0.002409093379304222,0.0007041057886654541,-0.0084932345769783
1,2024-07-24,2024-07-15,0.0012785360929090197,0.0007041057886654541,0.0064847956436613
1,2024-07-25,2024-07-15,0.0018350558004890435,0.0007041057886654541,0.0320371064111753
1,2024-07-26,2024-07-15,0.0014861404978674304,0.0007041057886654541,-0.000169199530129
1,2024-07-27,2024-07-15,0.0009480538742021366,0.0007041057886654541,0.0052046865449619
1,2024-07-28,2024-07-15,-0.0012545618275210887,0.0007041057886654541,-0.02146802309396
1,2024-07-29,2024-07-15,-0.0006940127711454703,0.0007041057886654541,-0.0089345327499461
1,2024-07-30,2024-07-15,-0.0011408511930165643,0.0007041057886654541,-0.0235692270502205
1,2024-07-31,2024-07-15,-0.0012401312015038622,0.0007041057886654541,0.0112338305378474
1,2024-08-01,2024-07-15,-0.00035448112551056247,0.0007041057886654541,-0.0589969828940897
1,2024-08-02,2024-07-15,0.0013136321391717066,0.0007041057886654541,-0.0130140119252019
1,2024-08-03,2024-07-15,0.0008514518452105085,0.0007041057886654541,-0.0417969359446663
1,2024-08-04,2024-07-15,0.0052999760609742,0.0007041057886654541,-0.0712193738071904
1,2024-08-05,2024-07-15,0.004551668608821765,0.0007041057886654541,0.0370833789193061
1,2024-08-06,2024-07-15,0.004448045884141823,0.0007041057886654541,-0.0158482353632081
1,2024-08-07,2024-07-15,0.0037847602543856717,0.0007041057886654541,0.1188343125205859
1,2024-08-08,2024-07-15,0.0017788498873177296,0.0007041057886654541,-0.0137470436966319
1,2024-08-09,2024-07-15,-0.0017298154679568623,0.0007041057886654541,0.0014057006156844
1,2024-08-10,2024-07-15,-0.000192782313113514,0.0007041057886654541,-0.0362900955640934
1,2024-08-11,2024-07-15,0.0010934870533624793,0.0007041057886654541,0.0107992169992841
1,2024-08-12,2024-07-15,0.002426748529130261,0.0007041057886654541,0.0209027840497795
1,2024-08-13,2024-07-15,0.0007369614865938282,0.0007041057886654541,-0.0314218444009992
1,2024-08-14,2024-08-14,-0.0017911998640706517,0.0006196423090811984,-0.0194659851791111
1,2024-08-15,2024-08-14,-0.0014265635863439914,0.0006196423090811984,0.0231754507129344
1,2024-08-16,2024-08-14,-0.0023459620489970343,0.0006196423090811984,0.0104865255984754
1,2024-08-17,2024-08-14,-0.001928365011478139,0.0006196423090811984,-0.0178955183714647
1,2024-08-18,2024-08-14,-0.0001281534778505406,0.0006196423090811984,0.0173061074993132
1,2024-08-19,2024-08-14,-0.0023615584835871262,0.0006196423090811984,-0.0071452005013584
1,2024-08-20,2024-08-14,-0.0015927474591283573,0.0006196423090811984,0.036300492427195
1,2024-08-21,2024-08-14,-0.0005099013747364643,0.0006196423090811984,-0.0127573683249223
1,2024-08-22,2024-08-14,-0.0017517229613480507,0.0006196423090811984,0.0606434626830865
1,2024-08-23,2024-08-14,0.0017471663170876967,0.0006196423090811984,0.0018703179587378
1,2024-08-24,2024-08-14,0.0010224985596571372,0.0006196423090811984,0.000981810093706
1,2024-08-25,2024-08-14,-0.0015621945514348022,0.0006196423090811984,-0.0215820616630333
1,2024-08-26,2024-08-14,-0.002368756235742182,0.0006196423090811984,-0.0544132157748989
1,2024-08-27,2024-08-14,-0.0018310160339232758,0.0006196423090811984,-0.0063973744004038
1,2024-08-28,2024-08-14,-0.0017494087906802633,0.0006196423090811984,0.0054901422717748
1,2024-08-29,2024-08-14,-0.0015519020929389356,0.0006196423090811984,-0.0039592978386937
1,2024-08-30,2024-08-14,-0.0018696318773448596,0.0006196423090811984,-0.002537041224721
1,2024-08-31,2024-08-14,-0.0022275696086224497,0.0006196423090811984,-0.0283536860911055
1,2024-09-01,2024-08-14,0.0006752261390527812,0.0006196423090811984,0.0319408479934157
1,2024-09-02,2024-08-14,-0.001082864944164429,0.0006196423090811984,-0.0278089086254798
1,2024-09-03,2024-08-14,0.003142228733326702,0.0006196423090811984,0.008404750022309
1,2024-09-04,2024-08-14,0.004178712631425393,0.0006196423090811984,-0.0308930860138448
1,2024-09-05,2024-08-14,0.004681470688175322,0.0006196423090811984,-0.0394629761480953
1,2024-09-06,2024-08-14,0.004872030413083153,0.0006196423090811984,0.0036671443399056
1,2024-09-07,2024-08-14,0.004203056017059552,0.0006196423090811984,0.0130922958018022
1,2024-09-08,2024-08-14,0.0039161463888960305,0.0006196423090811984,0.0395854197060505
1,2024-09-09,2024-08-14,0.0025254521255692443,0.0006196423090811984,0.0104132043055993
1,2024-09-10,2024-08-14,0.0010651087376264752,0.0006196423090811984,-0.0051702070182189
1,2024-09-11,2024-08-14,-0.0012589695235171285,0.0006196423090811984,0.0138532910111968
1,2024-09-12,2024-08-14,-0.0019337177060056172,0.0006196423090811984,0.0406947460552065
1,2024-09-13,2024-09-13,-0.00195448616509342,0.0006369746836033305,-0.0083468875004132
1,2024-09-14,2024-09-13,-0.0014070314600819664,0.0006369746836033305,-0.0143521672434281
1,2024-09-15,2024-09-13,-0.0010614373467099597,0.0006369746836033305,-0.0155247581681661
1,2024-09-16,2024-09-13,-0.0009583558862943152,0.0006369746836033305,0.0360738028779679
1,2024-09-17,2024-09-13,-0.0006550478930167347,0.0006369746836033305,0.0239745372508102
1,2024-09-18,2024-09-13,-0.002117163056424982,0.0006369746836033305,0.0192357544099344
1,2024-09-19,2024-09-13,-0.000985641480814668,0.0006369746836033305,0.0040201442492446
1,2024-09-20,2024-09-13,-0.0019428713154492781,0.0006369746836033305,0.0023403092195461
1,2024-09-21,2024-09-13,-0.0010528909243962895,0.0006369746836033305,0.0036275260083196
1,2024-09-22,2024-09-13,-0.0010048653282005873,0.0006369746836033305,-0.0037554994781276
1,2024-09-23,2024-09-13,-0.0011024655668960743,0.0006369746836033305,0.0145675741344448
1,2024-09-24,2024-09-13,4.026844954345592e-05,0.0006369746836033305,-0.0172835875243336
1,2024-09-25,2024-09-13,-0.0017988338247234472,0.0006369746836033305,0.0320176665794167
1,2024-09-26,2024-09-13,0.00102001006956979,0.0006369746836033305,0.0091441386356734
1,2024-09-27,2024-09-13,0.00010957883714197277,0.0006369746836033305,0.0013387572896133
1,2024-09-28,2024-09-13,0.0009819216613816226,0.0006369746836033305,-0.0038869993015275
1,2024-09-29,2024-09-13,0.0038177784911702845,0.0006369746836033305,-0.0346699742888975
1,2024-09-30,2024-09-13,0.0034112292904116158,0.0006369746836033305,-0.039821663827725
1,2024-10-01,2024-09-13,0.004918332636929377,0.0006369746836033305,-0.0025737684805622
1,2024-10-02,2024-09-13,0.004226514796514977,0.0006369746836033305,0.0017053788602272
1,2024-10-03,2024-09-13,0.0045393719908445734,0.0006369746836033305,0.0219461814954426
1,2024-10-04,2024-09-13,0.0008872244891580958,0.0006369746836033305,-0.000450987340141
1,2024-10-05,2024-09-13,0.0017678180639537533,0.0006369746836033305,0.0122773856714686
1,2024-10-06,2024-09-13,0.0034755526503241286,0.0006369746836033305,-0.0094860053126469
1,2024-10-07,2024-09-13,0.0022568363159966064,0.0006369746836033305,-0.0010206672666495
1,2024-10-08,2024-09-13,0.0016291213552969577,0.0006369746836033305,-0.0245247423242641
1,2024-10-09,2024-09-13,0.002078492321162883,0.0006369746836033305,-0.0051063707677383
1,2024-10-10,2024-09-13,0.0009951616992939982,0.0006369746836033305,0.0366938913467222
1,2024-10-11,2024-09-13,0.0039165359870359925,0.0006369746836033305,0.0106527022705469
1,2024-10-12,2024-09-13,0.0030223910923932304,0.0006369746836033305,-0.005319096759781
1,2024-10-13,2024-10-13,0.0008942698623638984,0.0006561892889672995,0.0511208681021575
1,2024-10-14,2024-10-13,0.0011992876261367942,0.0006561892889672995,0.0149832054632292
1,2024-10-15,2024-10-13,0.0013313526621137766,0.0006561892889672995,0.0081383078485985
1,2024-10-16,2024-10-13,0.00096549353187021,0.0006561892889672995,-0.0029315286998625
1,2024-10-17,2024-10-13,0.000831134632467086,0.0006561892889672995,0.0149242574135539
1,2024-10-18,2024-10-13,0.0005897182420698204,0.0006561892889672995,-0.0007306950371193
1,2024-10-19,2024-10-13,0.0002847559027457091,0.0006561892889672995,0.009564333557577
1,2024-10-20,2024-10-13,0.0008476988125180472,0.0006561892889672995,-0.0239670042830868
1,2024-10-21,2024-10-13,0.0007844747983498908,0.0006561892889672995,0.0007198248673518
1,2024-10-22,2024-10-13,0.0006051186599829291,0.0006561892889672995,-0.0112323139441758
1,2024-10-23,2024-10-13,0.0007934395667134467,0.0006561892889672995,0.0229437674229191
1,2024-10-24,2024-10-13,0.0009245579992672663,0.0006561892889672995,-0.0219939564458223
1,2024-10-25,2024-10-13,0.0009674788722631728,0.0006561892889672995,0.0059136413160567
1,2024-10-26,2024-10-13,6.417120222234413e-05,0.0006561892889672995,0.01384560718623
1,2024-10-27,2024-10-13,0.0008358022876724017,0.0006561892889672995,0.0285278080377293
1,2024-10-28,2024-10-13,0.0009320049657782096,0.0006561892889672995,0.039652978372181
1,2024-10-29,2024-10-13,0.0013086361415333464,0.0006561892889672995,-0.0053849227113458
1,2024-10-30,2024-10-13,0.0009700796124654076,0.0006561892889672995,-0.0283742812538964
1,2024-10-31,2024-10-13,0.0011854550927903114,0.0006561892889672995,-0.011324188908526
1,2024-11-01,2024-10-13,0.0010344112277597846,0.0006561892889672995,-0.0017449922664622
1,2024-11-02,2024-10-13,0.0011290795260353642,0.0006561892889672995,-0.0086306629761783
1,2024-11-03,2024-10-13,0.001303405252130258,0.0006561892889672995,-0.0134637102279445
1,2024-11-04,2024-10-13,0.00285472143945216,0.0006561892889672995,0.0224318316239009
1,2024-11-05,2024-10-13,0.0020892001555748324,0.0006561892889672995,0.0893729329739763
1,2024-11-06,2024-10-13,-0.0005946861174706101,0.0006561892889672995,0.0037831476979763
1,2024-11-07,2024-10-13,-0.00017375753823721616,0.0006561892889672995,0.0085935688430036
1,2024-11-08,2024-10-13,-0.00037738073565295676,0.0006561892889672995,0.0021916152418686
1,2024-11-09,2024-10-13,0.00020439105394559723,0.0006561892889672995,0.0481569159959132
1,2024-11-10,2024-10-13,0.0010814839191875647,0.0006561892889672995,0.102998369665501
1,2024-11-11,2024-10-13,0.0044033282193811805,0.0006561892889672995,-0.0078510522347997
1,2024-11-12,2024-11-12,0.002238349308492477,0.0009106527177367261,0.0275512748372663
1,2024-11-13,2024-11-12,0.0038269684265079063,0.0009106527177367261,-0.0337438810647169
1,2024-11-14,2024-11-12,0.0032094494778498084,0.0009106527177367261,0.0424443739801816
1,2024-11-15,2024-11-12,0.0005272942491424679,0.0009106527177367261,-0.0048900349074783
1,2024-11-16,2024-11-12,0.00044111790894670326,0.0009106527177367261,-0.0080688249473543
1,2024-11-17,2024-11-12,0.000502898519022449,0.0009106527177367261,0.0067673841220823
1,2024-11-18,2024-11-12,0.001095345631020287,0.0009106527177367261,0.0204137376956687
1,2024-11-19,2024-11-12,0.0011579092668702723,0.0009106527177367261,0.0214034567356644
1,2024-11-20,2024-11-12,0.001491437380114452,0.0009106527177367261,0.042747980199935
1,2024-11-21,2024-11-12,0.001968489346450922,0.0009106527177367261,0.005847201382628
1,2024-11-22,2024-11-12,0.00128746520365441,0.0009106527177367261,-0.0123326457145168
1,2024-11-23,2024-11-12,0.0013500767336384772,0.0009106527177367261,0.0023306481667286
1,2024-11-24,2024-11-12,0.0029655320074702387,0.0009106527177367261,-0.0499492135038963
1,2024-11-25,2024-11-12,0.001487660299426234,0.0009106527177367261,-0.0112337370999099
1,2024-11-26,2024-11-12,0.0011636477620526955,0.0009106527177367261,0.0423850727819099
1,2024-11-27,2024-11-12,0.0008408750627360521,0.0009106527177367261,-0.002285863665387
1,2024-11-28,2024-11-12,0.0003232076997515274,0.0009106527177367261,0.0189872901566832
1,2024-11-29,2024-11-12,0.0003580543956162586,0.0009106527177367261,-0.0107942745741842
1,2024-11-30,2024-11-12,0.0003421692465783472,0.0009106527177367261,0.0080614687641551
1,2024-12-01,2024-11-12,0.000570268971757665,0.0009106527177367261,-0.0138350312259544
1,2024-12-02,2024-11-12,0.0003066134327690506,0.0009106527177367261,9.46362826117486e-05
1,2024-12-03,2024-11-12,0.0004500803607281938,0.0009106527177367261,0.0285616990519219
1,2024-12-04,2024-11-12,0.0006475104993377962,0.0009106527177367261,-0.0166521414721487
1,2024-12-05,2024-11-12,0.003310552435301443,0.0009106527177367261,0.0288327591455126
1,2024-12-06,2024-11-12,0.0010983038392290796,0.0009106527177367261,0.000913868381297
1,2024-12-07,2024-11-12,0.00041938735869427953,0.0009106527177367261,0.012797501081567
1,2024-12-08,2024-11-12,0.0006828625842672419,0.0009106527177367261,-0.0379105483466009
1,2024-12-09,2024-11-12,0.0016844217296830468,0.0009106527177367261,-0.0070260567637785
1,2024-12-10,2024-11-12,0.0009591068368985244,0.0009106527177367261,0.0469185137639374
1,2024-12-11,2024-11-12,0.001838289784293715,0.0009106527177367261,-0.0110824227441286
1,2024-12-12,2024-12-12,0.001333560496572715,0.000993372513799626,0.014198990863292
1,2024-12-13,2024-12-12,0.0008263144393772668,0.000993372513799626,-4.19031937628489e-05
1,2024-12-14,2024-12-12,0.00043643692023493183,0.000993372513799626,0.0300137053835536
1,2024-12-15,2024-12-12,0.0014636184385538559,0.000993372513799626,0.0152652603064462
1,2024-12-16,2024-12-12,0.0002060781313868985,0.000993372513799626,0.0007079101319968
1,2024-12-17,2024-12-12,0.001103398187846276,0.000993372513799626,-0.0558703575319216
1,2024-12-18,2024-12-12,0.0018434702095942797,0.000993372513799626,-0.027365671293993
1,2024-12-19,2024-12-12,0.0011781623791305704,0.000993372513799626,0.0035252764517319
1,2024-12-20,2024-12-12,0.0005438717261825556,0.000993372513799626,-0.0052497079917026
1,2024-12-21,2024-12-12,0.000229877334383965,0.000993372513799626,-0.0216433028042699
1,2024-12-22,2024-12-12,0.0016024424399305257,0.000993372513799626,-0.0032021424938701
1,2024-12-23,2024-12-12,0.001173120208932144,0.000993372513799626,0.039861418673214
1,2024-12-24,2024-12-12,0.0012974938213458052,0.000993372513799626,0.007763959102234
1,2024-12-25,2024-12-12,0.0013024174193361467,0.000993372513799626,-0.0365887019559567
1,2024-12-26,2024-12-12,0.0018249265355183267,0.000993372513799626,-0.0155814288517991
1,2024-12-27,2024-12-12,0.001102811083158263,0.000993372513799626,0.0106148493786204
1,2024-12-28,2024-12-12,0.0010585829700760002,0.000993372513799626,-0.0163882476390346
1,2024-12-29,2024-12-12,0.0011158152380387316,0.000993372513799626,-0.010093537106537
1,2024-12-30,2024-12-12,0.0011983090826056134,0.000993372513799626,0.0084484608325821
1,2024-12-31,2024-12-12,0.0009986262552882368,0.000993372513799626,0.0108552406599982
1,2025-01-01,2024-12-12,0.0012510030574890182,0.000993372513799626,0.0252981786262846
1,2025-01-02,2024-12-12,0.0005167845049690926,0.000993372513799626,0.0122636755722211
1,2025-01-03,2024-12-12,0.00027040786188033844,0.000993372513799626,0.0004718144831972
1,2025-01-04,2024-12-12,0.0007555379946980889,0.000993372513799626,0.0014570278098766
1,2025-01-05,2024-12-12,0.0004804430624714274,0.000993372513799626,0.0393640493674438
1,2025-01-06,2024-12-12,0.00022707342203090263,0.000993372513799626,-0.0516550986153552
1,2025-01-07,2024-12-12,0.0005487996639424908,0.000993372513799626,-0.0195349143274362
1,2025-01-08,2024-12-12,0.000325213818348753,0.000993372513799626,-0.0263844298916238
1,2025-01-09,2024-12-12,0.0007899856429253316,0.000993372513799626,0.0234852676573045
1,2025-01-10,2024-12-12,0.00024241121537037073,0.000993372513799626,-0.0013314174940783
1,2025-01-11,2025-01-11,0.0003622132606727661,0.0009366124318972474,-0.0005806554525006
1,2025-01-12,2025-01-11,0.0008066393660594159,0.0009366124318972474,-9.476962625010188e-05
1,2025-01-13,2025-01-11,0.0013311241263959685,0.0009366124318972474,0.0214178499007255
1,2025-01-14,2025-01-11,0.0011795421426585267,0.0009366124318972474,0.0407669318603831
1,2025-01-15,2025-01-11,0.0015563078474169084,0.0009366124318972474,-0.0050752582033257
1,2025-01-16,2025-01-11,0.0016710503819337963,0.0009366124318972474,0.0409069951883889
1,2025-01-17,2025-01-11,0.0015585423146256543,0.0009366124318972474,0.0045999384304846
1,2025-01-18,2025-01-11,0.0018168285775277074,0.0009366124318972474,-0.0308413951038593
1,2025-01-19,2025-01-11,0.002797971739746289,0.0009366124318972474,0.0091623962798561
1,2025-01-20,2025-01-11,0.0007729000925146625,0.0009366124318972474,0.0379797537668928
1,2025-01-21,2025-01-11,0.0008317384371188197,0.0009366124318972474,-0.022960922265658
1,2025-01-22,2025-01-11,0.0006822095910030862,0.0009366124318972474,0.0019640011547956
1,2025-01-23,2025-01-11,0.0004291906482608181,0.0009366124318972474,0.0092402738745731
1,2025-01-24,2025-01-11,7.852955478894494e-06,0.0009366124318972474,-0.0011790732379457
1,2025-01-25,2025-01-11,0.0003298828525348669,0.0009366124318972474,-0.0203046678730673
1,2025-01-26,2025-01-11,0.0003739447007380148,0.0009366124318972474,-0.005234554667706
1,2025-01-27,2025-01-11,0.0005189309561551635,0.0009366124318972474,-0.0073206238502596
1,2025-01-28,2025-01-11,-8.883787599976434e-06,0.0009366124318972474,0.0236611999425275
1,2025-01-29,2025-01-11,0.00047081367185754285,0.0009366124318972474,0.0095408183529213
1,2025-01-30,2025-01-11,0.00026769309678895283,0.0009366124318972474,-0.0218994997657628
1,2025-01-31,2025-01-11,0.0001591757643828139,0.0009366124318972474,-0.0175135966609639
1,2025-02-01,2025-01-11,0.00033500577209644356,0.0009366124318972474,-0.0291652113341543
1,2025-02-02,2025-01-11,0.000853150854689601,0.0009366124318972474,0.0371331432082446
1,2025-02-03,2025-01-11,0.0003771879533286031,0.0009366124318972474,-0.035186441092794
1,2025-02-04,2025-01-11,0.0002693310826426448,0.0009366124318972474,-0.011770285996367
1,2025-02-05,2025-01-11,0.00035063637549828897,0.0009366124318972474,-0.0006011648811647
1,2025-02-06,2025-01-11,0.0003918751140104537,0.0009366124318972474,-0.0004924687494659
1,2025-02-07,2025-01-11,0.0004455515613170786,0.0009366124318972474,-0.0006430634939713
1,2025-02-08,2025-01-11,0.00043189949931359364,0.0009366124318972474,0.0001867390590715
1,2025-02-09,2025-01-11,0.0005057705400729923,0.0009366124318972474,0.0100356873508169
1,2025-02-10,2025-02-10,7.580363024558607e-05,0.0009421082585045535,-0.0169619838979083
1,2025-02-11,2025-02-10,0.0006175841621584792,0.0009421082585045535,0.021839938524633
1,2025-02-12,2025-02-10,-1.869293879326794e-05,0.0009421082585045535,-0.0128931248485874
1,2025-02-13,2025-02-10,0.0002924057992647748,0.0009421082585045535,0.0092366957898164
1,2025-02-14,2025-02-10,0.0002657651712599941,0.0009421082585045535,0.0007095349684433
1,2025-02-15,2025-02-10,0.00028634748317032916,0.0009421082585045535,-0.0148769607273409
1,2025-02-16,2025-02-10,0.00024792479617971586,0.0009421082585045535,-0.0035177550289164
1,2025-02-17,2025-02-10,0.00046623746626137883,0.0009421082585045535,-0.0011302986009604
1,2025-02-18,2025-02-10,0.00036982119298655886,0.0009421082585045535,0.0101663249774697
1,2025-02-19,2025-02-10,-5.2317457687052195e-06,0.0009421082585045535,0.0171828943579435
1,2025-02-20,2025-02-10,0.0002902287805638426,0.0009421082585045535,-0.021596256548497
1,2025-02-21,2025-02-10,0.00031166400418132723,0.0009421082585045535,0.0038367893861199
1,2025-02-22,2025-02-10,0.0003323645851927922,0.0009421082585045535,-0.0030347688750226
1,2025-02-23,2025-02-10,0.00031011144163115337,0.0009421082585045535,-0.0488803008581104
1,2025-02-24,2025-02-10,0.0005888930665799547,0.0009421082585045535,-0.0313750916410277
1,2025-02-25,2025-02-10,0.0007539857764575362,0.0009421082585045535,-0.0499581643745404
1,2025-02-26,2025-02-10,0.0013882648865750787,0.0009421082585045535,0.005442011990729
1,2025-02-27,2025-02-10,0.0007136483627253773,0.0009421082585045535,-0.0042338096093689
1,2025-02-28,2025-02-10,0.00043491995935567013,0.0009421082585045535,0.020327103967116
1,2025-03-01,2025-02-10,0.0021725710834924403,0.0009421082585045535,0.0953409029248171
1,2025-03-02,2025-02-10,0.0031488196251125552,0.0009421082585045535,-0.0853865492733637
1,2025-03-03,2025-02-10,0.004523638991216596,0.0009421082585045535,0.0123099337849732
1,2025-03-04,2025-02-10,0.0038497043198783107,0.0009421082585045535,0.0380838060731436
1,2025-03-05,2025-02-10,0.00127162026030776,0.0009421082585045535,-0.0074401245568588
1,2025-03-06,2025-02-10,0.002505380661381266,0.0009421082585045535,-0.0348056734935738
1,2025-03-07,2025-02-10,0.0007569270276529033,0.0009421082585045535,-0.006673828580645
1,2025-03-08,2025-02-10,0.0005462605680786269,0.0009421082585045535,-0.0636502442229373
1,2025-03-09,2025-02-10,0.0029718647550548588,0.0009421082585045535,-0.0264882230455256
1,2025-03-10,2025-02-10,0.001802230151887167,0.0009421082585045535,0.0551826775608792
1,2025-03-11,2025-02-10,0.0019444890047089736,0.0009421082585045535,0.0090088395462408
1,2025-03-12,2025-03-12,0.0004308040519804644,0.0008275917313121668,-0.0306445545250173
1,2025-03-13,2025-03-12,0.0007497158791676955,0.0008275917313121668,0.0353497186367437
1,2025-03-14,2025-03-12,-8.500882312282178e-05,0.0008275917313121668,0.0042298935977671
1,2025-03-15,2025-03-12,0.00043865725909000646,0.0008275917313121668,-0.0209146624006799
1,2025-03-16,2025-03-12,0.0011985621036790324,0.0008275917313121668,0.0173842951331359
1,2025-03-17,2025-03-12,-0.0004708433706288856,0.0008275917313121668,-0.0154148260630307
1,2025-03-18,2025-03-12,-6.924349017192917e-05,0.0008275917313121668,0.0499414677114908
1,2025-03-19,2025-03-12,0.0009477792629834107,0.0008275917313121668,-0.0301977271476363
1,2025-03-20,2025-03-12,-0.0007630872046591576,0.0008275917313121668,-0.0015981308755205
1,2025-03-21,2025-03-12,-0.00027441690609404553,0.0008275917313121668,-0.0029516419489445
1,2025-03-22,2025-03-12,-0.00018393203673969604,0.0008275917313121668,0.026740150564303
1,2025-03-23,2025-03-12,-0.0003507553786090328,0.0008275917313121668,0.0164453866929981
1,2025-03-24,2025-03-12,-0.00023494810802434735,0.0008275917313121668,-0.0012033395902268
1,2025-03-25,2025-03-12,-0.00019623441913342143,0.0008275917313121668,-0.0055347764640295
1,2025-03-26,2025-03-12,-0.0001413806052980075,0.0008275917313121668,0.0037146828119518
1,2025-03-27,2025-03-12,-0.00016138995733673268,0.0008275917313121668,-0.0321857767578666
1,2025-03-28,2025-03-12,0.0006277425052524146,0.0008275917313121668,-0.0210346821617168
1,2025-03-29,2025-03-12,0.0027749498411317893,0.0008275917313121668,-0.0031283069247198
1,2025-03-30,2025-03-12,0.0026543158328763447,0.0008275917313121668,0.0019422262340362
1,2025-03-31,2025-03-12,-0.00046390850079115374,0.0008275917313121668,0.0315969677047889
1,2025-04-01,2025-03-12,3.031376490961091e-06,0.0008275917313121668,-0.0310251468030025
1,2025-04-02,2025-03-12,0.0008785718005418617,0.0008275917313121668,0.0084443932222353
1,2025-04-03,2025-03-12,0.0007355023230637508,0.0008275917313121668,0.0081330954060232
1,2025-04-04,2025-03-12,0.0015955651648796906,0.0008275917313121668,-0.0041945469697353
1,2025-04-05,2025-03-12,0.002945201653701198,0.0008275917313121668,-0.0611457134652151
1,2025-04-06,2025-03-12,0.003779181706774698,0.0008275917313121668,0.0093489736070382
1,2025-04-07,2025-03-12,-0.0001487066129046703,0.0008275917313121668,-0.0358855953849287
1,2025-04-08,2025-03-12,0.0025772102061185696,0.0008275917313121668,0.0824502158081466
1,2025-04-09,2025-03-12,-0.000604352531073004,0.0008275917313121668,-0.0364087876301727
1,2025-04-10,2025-03-12,0.0011187400197300694,0.0008275917313121668,0.0479420857132448
1,2025-04-11,2025-04-11,0.0014318552951409237,0.000817493446834662,0.0222125953444483
1,2025-04-12,2025-04-11,0.002498851761990463,0.000817493446834662,-0.0177879355370562
1,2025-04-13,2025-04-11,0.0012884941847496588,0.000817493446834662,0.0099281279847183
1,2025-04-14,2025-04-11,8.693711812040679e-05,0.000817493446834662,-0.0112019423209732
1,2025-04-15,2025-04-11,-0.0005217011844081259,0.000817493446834662,0.0046194592103987
1,2025-04-16,2025-04-11,-0.00013000175888219925,0.000817493446834662,0.0109190271423262
1,2025-04-17,2025-04-11,-0.00010876524691969494,0.000817493446834662,-0.0055707079785718
1,2025-04-18,2025-04-11,-0.0001413478155036826,0.000817493446834662,0.0071301830169485
1,2025-04-19,2025-04-11,-4.3949908060948106e-05,0.000817493446834662,0.0012016172171542
1,2025-04-20,2025-04-11,-2.3302120216631996e-05,0.000817493446834662,0.0274361452391449
1,2025-04-21,2025-04-11,0.0003736474737642246,0.000817493446834662,0.0677218385664009
1,2025-04-22,2025-04-11,0.0024720688240459365,0.000817493446834662,0.0026549878166355
1,2025-04-23,2025-04-11,-0.0002651176676774837,0.000817493446834662,0.0030887678955136
1,2025-04-24,2025-04-11,-0.0003796926817496278,0.000817493446834662,0.0070036891707392
1,2025-04-25,2025-04-11,0.0001820240601850942,0.000817493446834662,-0.0001128502637609
1,2025-04-26,2025-04-11,7.009236390063049e-05,0.000817493446834662,-0.0092858350593904
1,2025-04-27,2025-04-11,0.00034983114246423067,0.000817493446834662,0.0134601538358152
1,2025-04-28,2025-04-11,2.8577094628793358e-05,0.000817493446834662,-0.0079396972019502
1,2025-04-29,2025-04-11,3.584232290916055e-05,0.000817493446834662,-0.0008998818334843
1,2025-04-30,2025-04-11,2.3725408106249204e-05,0.000817493446834662,0.0246135794078918
1,2025-05-01,2025-04-11,7.513640361459679e-05,0.000817493446834662,0.004116803508263
1,2025-05-02,2025-04-11,-3.0540345572875145e-06,0.000817493446834662,-0.0106383571648415
1,2025-05-03,2025-04-11,7.05056485715502e-05,0.000817493446834662,-0.0164704669755035
1,2025-05-04,2025-04-11,0.00045914653724217654,0.000817493446834662,0.0048374152847727
1,2025-05-05,2025-04-11,2.839336417052577e-06,0.000817493446834662,0.0221709955741191
1,2025-05-06,2025-04-11,0.0005654186626851591,0.000817493446834662,0.0020290389679165
1,2025-05-07,2025-04-11,-0.00011455955948148355,0.000817493446834662,0.0642179520872303
1,2025-05-08,2025-04-11,0.00015166234306009587,0.000817493446834662,-0.0028046243714991
1,2025-05-09,2025-04-11,0.0004697194706115578,0.000817493446834662,0.0178450469880206
1,2025-05-10,2025-04-11,0.0009002509687540824,0.000817493446834662,-0.0065979687152494
1,2025-05-11,2025-05-11,0.002109211055546431,0.0009550001090599068,-0.0127420811002899
1,2025-05-12,2025-05-11,-0.00031484395593651905,0.0009550001090599068,0.0127676150087381
1,2025-05-13,2025-05-11,0.00017699044989975108,0.0009550001090599068,-0.0057240990043391
1,2025-05-14,2025-05-11,0.00020549062596708964,0.0009550001090599068,0.0024721803627976
1,2025-05-15,2025-05-11,9.558850343901268e-06,0.0009550001090599068,-0.0028893531274085
1,2025-05-16,2025-05-11,0.00012717279587668576,0.0009550001090599068,-0.0032595910264353
1,2025-05-17,2025-05-11,0.00045440105383939003,0.0009550001090599068,0.0322672170578604
1,2025-05-18,2025-05-11,0.0029283823532112,0.0009550001090599068,-0.0082713458343516
1,2025-05-19,2025-05-11,0.001493603018753022,0.0009550001090599068,0.0120887069076078
1,2025-05-20,2025-05-11,0.004935445776136511,0.0009550001090599068,0.0261488091856629
1,2025-05-21,2025-05-11,0.005513942601567406,0.0009550001090599068,0.0187171225709681
1,2025-05-22,2025-05-11,0.005200222690223168,0.0009550001090599068,-0.0391947945234668
1,2025-05-23,2025-05-11,0.002234183795902137,0.0009550001090599068,0.0041335913818985
1,2025-05-24,2025-05-11,0.0029700646181404096,0.0009550001090599068,0.0115280065099068
1,2025-05-25,2025-05-11,0.004206695713753997,0.0009550001090599068,0.0039503068643507
1,2025-05-26,2025-05-11,0.0012264358966839952,0.0009550001090599068,-0.0045380449855114
1,2025-05-27,2025-05-11,0.0014848712272962712,0.0009550001090599068,-0.0106151039621833
1,2025-05-28,2025-05-11,0.00012420057708730325,0.0009550001090599068,-0.0203376674610494
1,2025-05-29,2025-05-11,0.00010623441540338134,0.0009550001090599068,-0.0151934254982136
1,2025-05-30,2025-05-11,-5.76627392016866e-05,0.0009550001090599068,0.0058315834095299
1,2025-05-31,2025-05-11,0.003356442617392025,0.0009550001090599068,0.0100490592577549
1,2025-06-01,2025-05-11,0.0013121467949647014,0.0009550001090599068,0.0020357254385126
1,2025-06-02,2025-05-11,-0.001152009888198728,0.0009550001090599068,-0.0045447679480784
1,2025-06-03,2025-05-11,3.902460393117703e-05,0.0009550001090599068,-0.0064533124862576
1,2025-06-04,2025-05-11,-2.0832137666862834e-05,0.0009550001090599068,-0.0304515340765711
1,2025-06-05,2025-05-11,0.0006006638184561594,0.0009550001090599068,0.0273844561864069
1,2025-06-06,2025-05-11,-0.0014198480998700307,0.0009550001090599068,0.0121174504096521
1,2025-06-07,2025-05-11,5.9049576915724166e-06,0.0009550001090599068,0.0017228450581063
1,2025-06-08,2025-05-11,0.0020248042762805053,0.0009550001090599068,0.0428340931015567
1,2025-06-09,2025-05-11,0.001309868942989788,0.0009550001090599068,0.0001031170740652
1,2025-06-10,2025-06-10,0.0024949789940847756,0.000977058930451174,-0.0147746906602702
1,2025-06-11,2025-06-10,-0.0012088963337793673,0.000977058930451174,-0.0273679112324602
1,2025-06-12,2025-06-10,-0.0012087803504449628,0.000977058930451174,0.003736666372359
1,2025-06-13,2025-06-10,0.00034466363717107685,0.000977058930451174,-0.006146610351101
1,2025-06-14,2025-06-10,0.0014371415395159589,0.000977058930451174,0.0017015663099546
1,2025-06-15,2025-06-10,0.0026453440962751727,0.000977058930451174,0.0113692055070169
1,2025-06-16,2025-06-10,0.002807101004558796,0.000977058930451174,-0.0210063193311492
1,2025-06-17,2025-06-10,0.0011440298957239709,0.000977058930451174,0.0032100071190022
1,2025-06-18,2025-06-10,-0.0008067496237694705,0.000977058930451174,-0.0021755839963816
1,2025-06-19,2025-06-10,0.0002800912949305914,0.000977058930451174,-0.013000366238452
1,2025-06-20,2025-06-10,-0.000710524827649821,0.000977058930451174,-0.0114037068872299
1,2025-06-21,2025-06-10,0.0009806784495455425,0.000977058930451174,-0.0113213854953597
1,2025-06-22,2025-06-10,0.0014367696295900852,0.000977058930451174,0.0432834042514416
1,2025-06-23,2025-06-10,-0.001425611491228366,0.000977058930451174,0.0071113837677945
1,2025-06-24,2025-06-10,-0.000514074158222014,0.000977058930451174,0.0118546798261738
1,2025-06-25,2025-06-10,-0.0005569066254805659,0.000977058930451174,-0.0036660878858676
1,2025-06-26,2025-06-10,-9.255540517965614e-05,0.000977058930451174,0.0009399977895605
1,2025-06-27,2025-06-10,0.000617663513985067,0.000977058930451174,0.0023279365747514
1,2025-06-28,2025-06-10,0.0005751988058234122,0.000977058930451174,0.0098804446992308
1,2025-06-29,2025-06-10,0.0022640936042595395,0.000977058930451174,-0.0111707668351253
1,2025-06-30,2025-06-10,-0.0003141917834449336,0.000977058930451174,-0.0136762283415696
1,2025-07-01,2025-06-10,0.0009372359883929324,0.000977058930451174,0.0299813192779714
1,2025-07-02,2025-06-10,0.003743088248590932,0.000977058930451174,0.0067540900471843
1,2025-07-03,2025-06-10,0.0026347852824071365,0.000977058930451174,-0.0146054953981747
1,2025-07-04,2025-06-10,0.003205282825409101,0.000977058930451174,0.0019806593999271
1,2025-07-05,2025-06-10,0.0003315938038993875,0.000977058930451174,0.0092951707478836
1,2025-07-06,2025-06-10,0.0002626915649252884,0.000977058930451174,-0.0086159973861724
1,2025-07-07,2025-06-10,0.000792875217909216,0.000977058930451174,0.006096638424931
1,2025-07-08,2025-06-10,0.0006234350167344054,0.000977058930451174,0.0212169185969757
1,2025-07-09,2025-06-10,0.0012965282511652695,0.000977058930451174,0.0429366059780826
1,2025-07-10,2025-07-10,-7.428719442877507e-05,0.0009935851011707271,0.0130821480906819
1,2025-07-11,2025-07-10,0.0006318923059454608,0.0009935851011707271,-0.0009160396795103
1,2025-07-12,2025-07-10,0.0007370082648231629,0.0009935851011707271,0.0141938340998126
1,2025-07-13,2025-07-10,0.0032491485394276934,0.0009935851011707271,0.0063360591918621
1,2025-07-14,2025-07-10,0.0034818230341260147,0.0009935851011707271,-0.0173820885274994
1,2025-07-15,2025-07-10,0.004510539484193371,0.0009935851011707271,0.007407898684498
1,2025-07-16,2025-07-10,0.0013805426569652244,0.0009935851011707271,0.0046120544281935
1,2025-07-17,2025-07-10,0.0019668563234920347,0.0009935851011707271,-0.0105113747923686
1,2025-07-18,2025-07-10,0.001158297789054044,0.0009935851011707271,-0.0007194412983727
1,2025-07-19,2025-07-10,0.002159988424060172,0.0009935851011707271,-0.0048784792939579
1,2025-07-20,2025-07-10,0.003028894167698808,0.0009935851011707271,0.0009827304146365
1,2025-07-21,2025-07-10,0.0029450024560199912,0.0009935851011707271,0.0219292222310443
1,2025-07-22,2025-07-10,0.004995196643540937,0.0009935851011707271,-0.0099907114719073
1,2025-07-23,2025-07-10,0.003134132150913263,0.0009935851011707271,-0.0034945605691132
1,2025-07-24,2025-07-10,0.004604669631289946,0.0009935851011707271,-0.0061405604262733
1,2025-07-25,2025-07-10,0.0035178828420900665,0.0009935851011707271,0.0025990034716014
1,2025-07-26,2025-07-10,0.001555234765510938,0.0009935851011707271,0.0126828368964413
1,2025-07-27,2025-07-10,0.002063787936522003,0.0009935851011707271,-0.0113321087580302
1,2025-07-28,2025-07-10,0.00022735490989479631,0.0009935851011707271,-0.000944924680457
1,2025-07-29,2025-07-10,-0.0013950381595409203,0.0009935851011707271,-0.000936492482117
1,2025-07-30,2025-07-10,2.55342838464136e-05,0.0009935851011707271,-0.0176189300264849
1,2025-07-31,2025-07-10,0.0007420110724081615,0.0009935851011707271,-0.0213032401760546
1,2025-08-01,2025-07-10,0.003430245868014758,0.0009935851011707271,-0.0066336604737614
1,2025-08-02,2025-07-10,0.0022791489615920355,0.0009935851011707271,0.0147712475793306
1,2025-08-03,2025-07-10,0.003075763630489932,0.0009935851011707271,0.0074094990928894
1,2025-08-04,2025-07-10,0.0004076027043590041,0.0009935851011707271,-0.0080420647406723
1,2025-08-05,2025-07-10,-3.492298090556124e-05,0.0009935851011707271,0.0075573634394188
1,2025-08-06,2025-07-10,-0.0004687985610948763,0.0009935851011707271,0.0215644060248569
1,2025-08-07,2025-07-10,0.0003969473455450357,0.0009935851011707271,-0.0067868933203747
1,2025-08-08,2025-07-10,-0.00038987438510193045,0.0009935851011707271,-0.0018212168289383
1,2025-08-09,2025-08-09,-3.90192882444576e-05,0.000978204580497848,0.0243148316299917
1,2025-08-10,2025-08-09,0.000862114748129569,0.000978204580497848,-0.0050967353683558
1,2025-08-11,2025-08-09,0.0019036841168799097,0.000978204580497848,0.0122009335557691
1,2025-08-12,2025-08-09,0.0018734611239766014,0.000978204580497848,0.0264067448637388
1,2025-08-13,2025-08-09,0.004280239943701182,0.000978204580497848,-0.0406413517932519
1,2025-08-14,2025-08-09,-0.0008492869999302978,0.000978204580497848,-0.0080564628675627
1,2025-08-15,2025-08-09,-0.0012230244266153772,0.000978204580497848,0.0003290380558376
1,2025-08-16,2025-08-09,-0.0005226503257970924,0.000978204580497848,0.0002074447357851
1,2025-08-17,2025-08-09,3.167876355408827e-05,0.000978204580497848,-0.0100333026674074
1,2025-08-18,2025-08-09,0.0004204056846265884,0.000978204580497848,-0.0288582563181289
1,2025-08-19,2025-08-09,0.0033761424844061965,0.000978204580497848,0.0123882659563931
1,2025-08-20,2025-08-09,-0.0013550123192986833,0.000978204580497848,-0.015500313114656
1,2025-08-21,2025-08-09,0.002424620864264029,0.000978204580497848,0.0394310222222222
1,2025-08-22,2025-08-09,-0.0018098419962103319,0.000978204580497848,-0.0128099142103299
1,2025-08-23,2025-08-09,-0.0005304157038675354,0.000978204580497848,-0.0168441861240726
1,2025-08-24,2025-08-09,-0.00011237108368262498,0.000978204580497848,-0.0297956034345199
1,2025-08-25,2025-08-09,0.003662270883517142,0.000978204580497848,0.0149960067923582
1,2025-08-26,2025-08-09,0.0024980446697025643,0.000978204580497848,-0.0044845701474958
1,2025-08-27,2025-08-09,0.003870759589110905,0.000978204580497848,0.011728082208833
1,2025-08-28,2025-08-09,0.0010635238369056967,0.000978204580497848,-0.0372178677746299
1,2025-08-29,2025-08-09,0.004539769564878013,0.000978204580497848,0.0040500141173345
1,2025-08-30,2025-08-09,0.0031106440504337367,0.000978204580497848,-0.0052380005831844
1,2025-08-31,2025-08-09,0.0038213152182327197,0.000978204580497848,0.0091556897761448
1,2025-09-01,2025-08-09,0.00323554259897094,0.000978204580497848,0.018332454208457
1,2025-09-02,2025-08-09,0.0013419715249719571,0.000978204580497848,0.0041864433489353
1,2025-09-03,2025-08-09,0.001219550966467599,0.000978204580497848,-0.0087268591730897
1,2025-09-04,2025-08-09,0.0012161796427587002,0.000978204580497848,-0.0006401105671796
1,2025-09-05,2025-08-09,0.0002607181756954935,0.000978204580497848,-0.0042654983070213
1,2025-09-06,2025-08-09,0.001011370527487288,0.000978204580497848,0.0086159133342778
1,2025-09-07,2025-08-09,0.0010655741368058558,0.000978204580497848,0.0083490391258238
1,2025-09-08,2025-09-08,-8.355070361171734e-05,0.0009388904804766352,-0.0046298035528057
1,2025-09-09,2025-09-08,5.728227711141817e-05,0.0009388904804766352,0.0216377239998533
1,2025-09-10,2025-09-08,-0.0003078734465128236,0.0009388904804766352,0.013361618111618
1,2025-09-11,2025-09-08,-0.0016862224755704578,0.0009388904804766352,0.004734302604139
1,2025-09-12,2025-09-08,-0.0009227909062412797,0.0009388904804766352,-0.0009577743299932
1,2025-09-13,2025-09-08,-0.0008584145117915008,0.0009388904804766352,-0.0056098136023228
1,2025-09-14,2025-09-08,-0.0004933529270650186,0.0009388904804766352,0.0007087829485388
1,2025-09-15,2025-09-08,0.0019341286674594495,0.0009388904804766352,0.0124772745419126
1,2025-09-16,2025-09-08,0.0023150245126079432,0.0009388904804766352,-0.0029229646363835
1,2025-09-17,2025-09-08,0.0005324896660134157,0.0009388904804766352,0.0053752937265596
1,2025-09-18,2025-09-08,-0.0009443954606339967,0.0009388904804766352,-0.0123097851410134
1,2025-09-19,2025-09-08,-0.00029953452600575887,0.0009388904804766352,0.0004605111474831
1,2025-09-20,2025-09-08,-0.00037174924239972496,0.0009388904804766352,-0.0039187235268547
1,2025-09-21,2025-09-08,-0.000402851180931324,0.0009388904804766352,-0.022400839209218
1,2025-09-22,2025-09-08,0.002072279610973729,0.0009388904804766352,-0.0057894741981406
1,2025-09-23,2025-09-08,0.0034881739843173774,0.0009388904804766352,0.0116804822908815
1,2025-09-24,2025-09-08,0.002065824575326682,0.0009388904804766352,-0.0380604022699391
1,2025-09-25,2025-09-08,0.0036434393301381382,0.0009388904804766352,0.0059541541962351
1,2025-09-26,2025-09-08,0.00031300426764801484,0.0009388904804766352,-6.940678449951498e-05
1,2025-09-27,2025-09-08,-0.00015794563127162982,0.0009388904804766352,0.0230590632534886
1,2025-09-28,2025-09-08,-0.00024026392324591302,0.0009388904804766352,0.0191506272737365
1,2025-09-29,2025-09-08,0.00020447422822561658,0.0009388904804766352,-0.0023009840790063
1,2025-09-30,2025-09-08,0.0011096229423792525,0.0009388904804766352,0.039860610704546
1,2025-10-01,2025-09-08,0.0023725287336244624,0.0009388904804766352,0.0163106384173563
1,2025-10-02,2025-09-08,0.003293278083868722,0.0009388904804766352,0.0141264347646443
1,2025-10-03,2025-09-08,0.003497334453254902,0.0009388904804766352,0.0013008050265068
1,2025-10-04,2025-09-08,0.0033763917408674705,0.0009388904804766352,0.0089165870039462
1,2025-10-05,2025-09-08,0.001972341120645911,0.0009388904804766352,0.0095254939756148
1,2025-10-06,2025-09-08,0.0037876925733946053,0.0009388904804766352,-0.0266775946517583
1,2025-10-07,2025-09-08,0.003744004557459069,0.0009388904804766352,0.0162614524743691
1,2025-10-08,2025-10-08,0.004365743298440078,0.0009825292625915494,-0.0133294405787228
1,2025-10-09,2025-10-08,0.005268203072124187,0.0009825292625915494,-0.0730537947632136
1,2025-10-10,2025-10-08,0.0050562756098679875,0.0009825292625915494,-0.0188881351724016
1,2025-10-11,2025-10-08,0.006241223218128135,0.0009825292625915494,0.0389933878262254
1,2025-10-12,2025-10-08,0.004614466467835133,0.0009825292625915494,0.0018023848543999
1,2025-10-13,2025-10-08,0.0016962909953366916,0.0009825292625915494,-0.0185632912491533
1,2025-10-14,2025-10-08,0.0037413114633451762,0.0009825292625915494,-0.0200380188508808
1,2025-10-15,2025-10-08,0.0028133031096823514,0.0009825292625915494,-0.0231936071232271
1,2025-10-16,2025-10-08,0.005776904833607741,0.0009825292625915494,-0.0162910645553536
1,2025-10-17,2025-10-08,0.005853583622715614,0.0009825292625915494,0.007078061719969
1,2025-10-18,2025-10-08,0.00529579548743584,0.0009825292625915494,0.0136005025329568
1,2025-10-19,2025-10-08,0.001674597892171832,0.0009825292625915494,0.0173901109673371
1,2025-10-20,2025-10-08,-0.0004209815802515244,0.0009825292625915494,-0.0202151248565009
1,2025-10-21,2025-10-08,0.005269381995808973,0.0009825292625915494,-0.0067428043465754
1,2025-10-22,2025-10-08,0.004448889412607632,0.0009825292625915494,0.0233410779321325
1,2025-10-23,2025-10-08,-0.0006455755112592664,0.0009825292625915494,0.0084186529973515
1,2025-10-24,2025-10-08,-0.0008736594118490383,0.0009825292625915494,0.005777943656356
1,2025-10-25,2025-10-08,0.0015797209202248251,0.0009825292625915494,0.0260924973131657
1,2025-10-26,2025-10-08,0.0014675491126244166,0.0009825292625915494,-0.0039433691168074
1,2025-10-27,2025-10-08,0.0011911471257202968,0.0009825292625915494,-0.0105970108051475
1,2025-10-28,2025-10-08,0.0003265464490579949,0.0009825292625915494,-0.0254844951370014
1,2025-10-29,2025-10-08,0.005386964393938446,0.0009825292625915494,-0.0154371031279489
1,2025-10-30,2025-10-08,0.004500032712095643,0.0009825292625915494,0.0118638832350099
1,2025-10-31,2025-10-08,-0.0002762908287384273,0.0009825292625915494,0.00447129730756
1,2025-11-01,2025-10-08,0.000499370781548665,0.0009825292625915494,0.0040198695526987
1,2025-11-02,2025-10-08,0.0012696147267808992,0.0009825292625915494,-0.0358025660779361
1,2025-11-03,2025-10-08,0.005245526604617359,0.0009825292625915494,-0.0477169726065234
1,2025-11-04,2025-10-08,0.0061024852413266994,0.0009825292625915494,0.023527146851904
1,2025-11-05,2025-10-08,0.004260538644185827,0.0009825292625915494,-0.024441604556416
1,2025-11-06,2025-10-08,0.006331045155170597,0.0009825292625915494,0.0196656919204738
1,2025-11-07,2025-11-07,-4.143420506429976e-05,0.0008636794903588697,-0.0099298348698285
1,2025-11-08,2025-11-07,0.0002511372110665099,0.0008636794903588697,0.0235553782346593
1,2025-11-09,2025-11-07,0.0002105007852492068,0.0008636794903588697,0.0123007409263451
1,2025-11-10,2025-11-07,0.0001569753524545296,0.0008636794903588697,-0.0278474533758861
1,2025-11-11,2025-11-07,0.0011125742636457128,0.0008636794903588697,-0.0136292816376331
1,2025-11-12,2025-11-07,0.0008523670478721875,0.0008636794903588697,-0.0193041381300183
1,2025-11-13,2025-11-07,0.0011993818879541195,0.0008636794903588697,-0.0511376938695795
1,2025-11-14,2025-11-07,0.003970964916250386,0.0008636794903588697,0.0105951751696724
1,2025-11-15,2025-11-07,0.002594262260527233,0.0008636794903588697,-0.0139628922643819
1,2025-11-16,2025-11-07,0.001381210590429366,0.0008636794903588697,-0.0217087708399108
1,2025-11-17,2025-11-07,0.003054414896154784,0.0008636794903588697,0.0080864161785148
1,2025-11-18,2025-11-07,0.002006384583369057,0.0008636794903588697,-0.0151232513737237
1,2025-11-19,2025-11-07,0.0013249301220849843,0.0008636794903588697,-0.053713419786323
1,2025-11-20,2025-11-07,0.004343492350218757,0.0008636794903588697,-0.0174036035085609
1,2025-11-21,2025-11-07,0.005668172435513341,0.0008636794903588697,-0.0045776178696367
1,2025-11-22,2025-11-07,0.005262706024217228,0.0008636794903588697,0.0246668210216363
1,2025-11-23,2025-11-07,0.002849494477932266,0.0008636794903588697,0.0169297477830241
1,2025-11-24,2025-11-07,0.0004206137840820498,0.0008636794903588697,-0.010532841389259
1,2025-11-25,2025-11-07,0.0006330733438272384,0.0008636794903588697,0.0356422276031715
1,2025-11-26,2025-11-07,0.00026296320855071284,0.0008636794903588697,0.0093931503043298
1,2025-11-27,2025-11-07,0.0005819417254969197,0.0008636794903588697,-0.0048530694227064
1,2025-11-28,2025-11-07,0.00046235723901422474,0.0008636794903588697,-0.0009710564447187
1,2025-11-29,2025-11-07,0.0004740931523372561,0.0008636794903588697,-0.0048725562881349
1,2025-11-30,2025-11-07,0.0003536243097558247,0.0008636794903588697,-0.0450862107127048
1,2025-12-01,2025-11-07,0.0024304121455414494,0.0008636794903588697,0.0578525997435739
1,2025-12-02,2025-11-07,-0.0008445328418574593,0.0008636794903588697,0.0235771251479546
1,2025-12-03,2025-11-07,3.975638036261466e-05,0.0008636794903588697,-0.0144695571387976
1,2025-12-04,2025-11-07,8.817852744517515e-05,0.0008636794903588697,-0.0298444602329805
1,2025-12-05,2025-11-07,0.00036235536229050865,0.0008636794903588697,-0.0010438817669845
1,2025-12-06,2025-11-07,0.0006246322977020581,0.0008636794903588697,0.0129825378075567
1,2025-12-07,2025-12-07,0.00039417145959475984,0.0007746682081136971,0.0026442743544992
1,2025-12-08,2025-12-07,0.00012388569154033583,0.0007746682081136971,0.0225572338255015
1,2025-12-09,2025-12-07,-0.00022119200246725884,0.0007746682081136971,-0.0071583792625714
1,2025-12-10,2025-12-07,-5.6959324210039716e-05,0.0007746682081136971,0.0054122479755285
1,2025-12-11,2025-12-07,-7.209750881745719e-06,0.0007746682081136971,-0.0242663277463217
1,2025-12-12,2025-12-07,0.000131524245705568,0.0007746682081136971,-0.0003147280078681
1,2025-12-13,2025-12-07,4.309204563431632e-05,0.0007746682081136971,-0.0229148910776937
1,2025-12-14,2025-12-07,0.0005389667158207925,0.0007746682081136971,-0.0197351386497576
1,2025-12-15,2025-12-07,0.0004677950279403957,0.0007746682081136971,0.0165602864121747
1,2025-12-16,2025-12-07,0.00012093507515990328,0.0007746682081136971,-0.0184399833286708
1,2025-12-17,2025-12-07,0.0005913073929054745,0.0007746682081136971,-0.0084274450791609
1,2025-12-18,2025-12-07,0.0005664743945485212,0.0007746682081136971,0.030643592264923
1,2025-12-19,2025-12-07,-0.00021093329050119966,0.0007746682081136971,0.0025410457862502
1,2025-12-20,2025-12-07,0.0001337148164531787,0.0007746682081136971,0.0033720797320988
1,2025-12-21,2025-12-07,7.994661775855848e-05,0.0007746682081136971,-0.0004293987087135
1,2025-12-22,2025-12-07,7.994661775855848e-05,0.0007746682081136971,-0.0128050088472466
1,2025-12-23,2025-12-07,-7.0914280292471984e-06,0.0007746682081136971,0.0020969069336806
1,2025-12-24,2025-12-07,5.5671469355597204e-05,0.0007746682081136971,-0.0050665311576608
1,2025-12-25,2025-12-07,5.5671469355597204e-05,0.0007746682081136971,0.0016542224518192
1,2025-12-26,2025-12-07,-1.0335718592215705e-05,0.0007746682081136971,0.0058080869355414
1,2025-12-27,2025-12-07,6.114884224584135e-05,0.0007746682081136971,0.0008614312207482
1,2025-12-28,2025-12-07,7.72857566933121e-05,0.0007746682081136971,-0.0081359630646969
1,2025-12-29,2025-12-07,0.00024727029364999485,0.0007746682081136971,0.0143099618247413
1,2025-12-30,2025-12-07,0.0004125030957734478,0.0007746682081136971,-0.0094622293440427
1,2025-12-31,2025-12-07,0.0004945927678166958,0.0007746682081136971,0.0135863569163183
1,2026-01-01,2025-12-07,5.733505595588889e-05,0.0007746682081136971,0.0130133103644525
1,2026-01-02,2025-12-07,0.00037904376261929635,0.0007746682081136971,0.0070323805299241
1,2026-01-03,2025-12-07,0.0004639952457381109,0.0007746682081136971,0.0099496833263799
1,2026-01-04,2025-12-07,0.00045684745812350796,0.0007746682081136971,0.0254559911845038
1,2026-01-05,2025-12-07,0.00014050513652601448,0.0007746682081136971,-0.0011905001624232
1,2026-01-06,2026-01-06,3.916612868606975e-06,0.0007839250559082557,-0.0254278572645358
1,2026-01-07,2026-01-06,0.0012490584107778487,0.0007839250559082557,-0.0028913963637382
1,2026-01-08,2026-01-06,-0.00063247943064826,0.0007839250559082557,-0.0050352365571061
1,2026-01-09,2026-01-06,-0.001972241322596507,0.0007839250559082557,-0.0015068189681346
1,2026-01-10,2026-01-06,-0.0008507411491780848,0.0007839250559082557,0.0056234648587309
1,2026-01-11,2026-01-06,-0.00045365708980579604,0.0007839250559082557,0.0031044793830377
1,2026-01-12,2026-01-06,-0.0004857243014688805,0.0007839250559082557,0.0451037392574937
1,2026-01-13,2026-01-06,0.000562489751575999,0.0007839250559082557,0.0161169220449828
1,2026-01-14,2026-01-06,-0.0003762955968847069,0.0007839250559082557,-0.0138932982973597
1,2026-01-15,2026-01-06,-0.00045093815666507616,0.0007839250559082557,-0.0005633608354392
1,2026-01-16,2026-01-06,-0.0012314402058002227,0.0007839250559082557,-0.0042194247382599
1,2026-01-17,2026-01-06,-0.0003767513492965651,0.0007839250559082557,-0.0154983138333142
1,2026-01-18,2026-01-06,0.001332536817706897,0.0007839250559082557,-0.0111252809503342
1,2026-01-19,2026-01-06,0.00036113002798710496,0.0007839250559082557,-0.0453772495169003
1,2026-01-20,2026-01-06,0.0016772565860441468,0.0007839250559082557,0.0116148046889399
1,2026-01-21,2026-01-06,-0.0015308192227825956,0.0007839250559082557,0.0011731073359675
1,2026-01-22,2026-01-06,-0.0008745849425547908,0.0007839250559082557,0.0004532173912654
1,2026-01-23,2026-01-06,-0.0007995024366576174,0.0007839250559082557,-0.0041843628578756
1,2026-01-24,2026-01-06,-0.0007995406600311316,0.0007839250559082557,-0.0286351388518104
1,2026-01-25,2026-01-06,0.002190850390605092,0.0007839250559082557,0.019345944795891
1,2026-01-26,2026-01-06,-0.001616911832534945,0.0007839250559082557,0.0102201453630386
1,2026-01-27,2026-01-06,-0.0005414685747468599,0.0007839250559082557,0.0005601120448179
1,2026-01-28,2026-01-06,-0.0005317483224529779,0.0007839250559082557,-0.0520697706685073
1,2026-01-29,2026-01-06,0.003781420213511213,0.0007839250559082557,-0.004603299036883
1,2026-01-30,2026-01-06,0.001497542001662947,0.0007839250559082557,-0.065504010242523
1,2026-01-31,2026-01-06,0.0046306128540404,0.0007839250559082557,-0.0225153093511912
1,2026-02-01,2026-01-06,0.0044927593638713825,0.0007839250559082557,0.0230017042100887
1,2026-02-02,2026-01-06,0.003184444648263355,0.0007839250559082557,-0.0376994209067189
1,2026-02-03,2026-01-06,0.004643648166543893,0.0007839250559082557,-0.0343720836988574
1,2026-02-04,2026-01-06,0.004592088719687976,0.0007839250559082557,-0.1401743136106021
1,2026-02-05,2026-02-05,0.003858613742514875,0.0005537958067069497,0.1219268330910288
1,2026-02-06,2026-02-05,0.0014113180120620989,0.0005537958067069497,-0.0182895330790788
1,2026-02-07,2026-02-05,0.00143549915359782,0.0005537958067069497,0.0150239473928039
1,2026-02-08,2026-02-05,0.0002956408093694171,0.0005537958067069497,-0.0027353755233514
1,2026-02-09,2026-02-05,-0.0006859745181772938,0.0005537958067069497,-0.018487980837777
1,2026-02-10,2026-02-05,0.0004586070693421701,0.0005537958067069497,-0.0255481848175708
1,2026-02-11,2026-02-05,0.0008179322480220483,0.0005537958067069497,-0.0120798980121796
1,2026-02-12,2026-02-05,0.000607381390976406,0.0005537958067069497,0.0389573783384489
1,2026-02-13,2026-02-05,-0.0006258379148738391,0.0005537958067069497,0.0140731193964731
1,2026-02-14,2026-02-05,-0.0009338740217115463,0.0005537958067069497,-0.0141840182919799
1,2026-02-15,2026-02-05,0.000246853937211016,0.0005537958067069497,0.0008695010415125
1,2026-02-16,2026-02-05,0.0007416595795357282,0.0005537958067069497,-0.0201605604563518
1,2026-02-17,2026-02-05,0.002085308222743438,0.0005537958067069497,-0.0154439353681112
1,2026-02-18,2026-02-05,0.0025651337425063947,0.0005537958067069497,0.0081661425497658
1,2026-02-19,2026-02-05,0.0015200179176850963,0.0005537958067069497,0.0151675138085596
1,2026-02-20,2026-02-05,0.0001246305804643799,0.0005537958067069497,-0.0006480445974648
1,2026-02-21,2026-02-05,0.0003281024654276725,0.0005537958067069497,-0.0048918786399833
1,2026-02-22,2026-02-05,0.00035327997033099434,0.0005537958067069497,-0.0441636582430805
1,2026-02-23,2026-02-05,0.0029552230412079293,0.0005537958067069497,-0.0092469347788496
1,2026-02-24,2026-02-05,0.0035719230056310246,0.0005537958067069497,0.0613487901227243
1,2026-02-25,2026-02-05,-0.0007368923304826134,0.0005537958067069497,-0.0073963008788016
1,2026-02-26,2026-02-05,-0.001300298030987825,0.0005537958067069497,-0.0239027294585268
1,2026-02-27,2026-02-05,-0.0007810882049509258,0.0005537958067069497,0.0167166372409561
1,2026-02-28,2026-02-05,0.001874628649272497,0.0005537958067069497,-0.0178696691784152
1,2026-03-01,2026-02-05,0.0018220185674000275,0.0005537958067069497,0.0464237439315304
1,2026-03-02,2026-02-05,-0.001074252696434164,0.0005537958067069497,-0.007148911391331
1,2026-03-03,2026-02-05,0.0026348911513765063,0.0005537958067069497,0.0633435277590799
5,2023-06-21,2023-06-21,0.000195001553754368,-0.0011165881935122038,0.0091385278801783
5,2023-06-22,2023-06-21,-0.0009536810632710214,-0.0011165881935122038,0.0270209858349963
5,2023-06-23,2023-06-21,0.0006221590451111636,-0.0011165881935122038,-0.0199126708701956
5,2023-06-24,2023-06-21,-0.0020003267378661967,-0.0011165881935122038,-0.0026245248944964
5,2023-06-25,2023-06-21,-0.002322842823625332,-0.0011165881935122038,0.0003066048729822
5,2023-06-26,2023-06-21,-0.0028766511638499363,-0.0011165881935122038,0.0105031751365056
5,2023-06-27,2023-06-21,-0.002792898354049668,-0.0011165881935122038,-0.0024569568271535
5,2023-06-28,2023-06-21,-0.002090209500012769,-0.0011165881935122038,0.0358671175476879
5,2023-06-29,2023-06-21,-0.004742207837468043,-0.0011165881935122038,0.0104836847655833
5,2023-06-30,2023-06-21,-0.002445880206855736,-0.0011165881935122038,0.0010767261748489
5,2023-07-01,2023-06-21,-0.0027041979996446,-0.0011165881935122038,-0.0225747811900255
5,2023-07-02,2023-06-21,-0.0010502317404927606,-0.0011165881935122038,-0.0088947229695368
5,2023-07-03,2023-06-21,-0.0003321602396560912,-0.0011165881935122038,-0.0279742073808744
5,2023-07-04,2023-06-21,-0.002381846080040199,-0.0011165881935122038,-0.01969024110957
5,2023-07-05,2023-06-21,-0.0022935109954349796,-0.0011165881935122038,-0.0030565671446569
5,2023-07-06,2023-06-21,0.0005531380818035451,-0.0011165881935122038,0.0243070596408883
5,2023-07-07,2023-06-21,-0.004586798068087985,-0.0011165881935122038,0.0011633003456945
5,2023-07-08,2023-06-21,-0.004828803331372766,-0.0011165881935122038,0.0386202506023682
5,2023-07-09,2023-06-21,-0.004248122685073409,-0.0011165881935122038,0.0050164601562761
5,2023-07-10,2023-06-21,-0.004016048986628985,-0.0011165881935122038,-0.0040132752107174
5,2023-07-11,2023-06-21,-0.004862664612941901,-0.0011165881935122038,-0.0127394920661874
5,2023-07-12,2023-06-21,-0.005175767887886642,-0.0011165881935122038,-0.007965766951942
5,2023-07-13,2023-06-21,-0.0017924747471945405,-0.0011165881935122038,-0.0507117802597615
5,2023-07-14,2023-06-21,-0.004292690051127297,-0.0011165881935122038,-0.0132884622299873
5,2023-07-15,2023-06-21,-0.004092925525491229,-0.0011165881935122038,-0.0161613653831423
5,2023-07-16,2023-06-21,-0.004268932683285463,-0.0011165881935122038,-0.0109245206815694
5,2023-07-17,2023-06-21,-0.003125883760857766,-0.0011165881935122038,-0.0114141615236578
5,2023-07-18,2023-06-21,-0.0038417090398221374,-0.0011165881935122038,0.0075226572241053
5,2023-07-19,2023-06-21,-0.004636494431085697,-0.0011165881935122038,-0.02449780519111
5,2023-07-20,2023-06-21,-0.003479186161955488,-0.0011165881935122038,-0.0191640939597315
5,2023-07-21,2023-07-21,-0.002125918527434742,-0.0005283287035034838,-0.0183855644424468
5,2023-07-22,2023-07-21,-0.0018401547251338426,-0.0005283287035034838,-0.0191723165738068
5,2023-07-23,2023-07-21,-0.001921573136357404,-0.0005283287035034838,-0.0255822495533303
5,2023-07-24,2023-07-21,-0.0033275883940527234,-0.0005283287035034838,0.0060459616472161
5,2023-07-25,2023-07-21,-0.003873619843110037,-0.0005283287035034838,0.0017852188124702
5,2023-07-26,2023-07-21,-0.0024887889248681894,-0.0005283287035034838,-0.0040784329223669
5,2023-07-27,2023-07-21,-0.004087730072422033,-0.0005283287035034838,0.0165353878036245
5,2023-07-28,2023-07-21,-0.002980199571754828,-0.0005283287035034838,-0.0043709281595845
5,2023-07-29,2023-07-21,-0.003052007580552215,-0.0005283287035034838,-0.0054256989939666
5,2023-07-30,2023-07-21,-0.002679329214344892,-0.0005283287035034838,-0.0057067547690334
5,2023-07-31,2023-07-21,-0.002341613590652459,-0.0005283287035034838,-0.0054775119944581
5,2023-08-01,2023-07-21,-0.002738419529317809,-0.0005283287035034838,-0.0207894098126338
5,2023-08-02,2023-07-21,-0.0014055941298340986,-0.0005283287035034838,0.0008582879263046
5,2023-08-03,2023-07-21,-0.002974999682316403,-0.0005283287035034838,0.0197570429723734
5,2023-08-04,2023-07-21,-0.004258043972717349,-0.0005283287035034838,0.0160747461959009
5,2023-08-05,2023-07-21,-0.0030853140894603597,-0.0005283287035034838,0.0131954555789342
5,2023-08-06,2023-07-21,-0.00376537606426002,-0.0005283287035034838,0.0116063368171939
5,2023-08-07,2023-07-21,-0.0021250758134222893,-0.0005283287035034838,0.0075009260191172
5,2023-08-08,2023-07-21,0.0033955379948016873,-0.0005283287035034838,-0.0156726038799586
5,2023-08-09,2023-07-21,0.000186423952916111,-0.0005283287035034838,-0.0051064853987172
5,2023-08-10,2023-07-21,-0.0033481085922653546,-0.0005283287035034838,-0.0086825152983712
5,2023-08-11,2023-07-21,-0.003848642873576173,-0.0005283287035034838,-0.0236362159625338
5,2023-08-12,2023-07-21,-0.004624144198214912,-0.0005283287035034838,-0.095370159261737
5,2023-08-13,2023-07-21,-0.0022514260240061746,-0.0005283287035034838,-0.1109015064237315
5,2023-08-14,2023-07-21,-0.0012795119101679836,-0.0005283287035034838,-0.1131775312570823
5,2023-08-15,2023-07-21,-0.0015027767954396665,-0.0005283287035034838,-0.1030825342465753
5,2023-08-16,2023-07-21,0.0013781438989730018,-0.0005283287035034838,-0.0906210853897129
5,2023-08-17,2023-07-21,0.0028533374765509407,-0.0005283287035034838,-0.0213124464522013
5,2023-08-18,2023-07-21,0.001050587517079039,-0.0005283287035034838,0.0145359637675597
5,2023-08-19,2023-07-21,0.0006324725765361791,-0.0005283287035034838,0.003066665491699
5,2023-08-20,2023-08-20,0.0026553942450145253,-0.0011472193514590922,-0.0049629648579477
5,2023-08-21,2023-08-20,0.0025101839903833973,-0.0011472193514590922,-0.0041929932804938
5,2023-08-22,2023-08-20,0.0018651836680550278,-0.0011472193514590922,0.0017566011667178
5,2023-08-23,2023-08-20,0.0026823081593248927,-0.0011472193514590922,-0.0118307915341289
5,2023-08-24,2023-08-20,0.0015886163599990281,-0.0011472193514590922,0.0586817061082771
5,2023-08-25,2023-08-20,-0.006364888780811733,-0.0011472193514590922,0.0475817162004159
5,2023-08-26,2023-08-20,-0.007356720687507337,-0.0011472193514590922,-0.0029438025442233
5,2023-08-27,2023-08-20,-0.0068069203450794105,-0.0011472193514590922,-0.011367811454932
5,2023-08-28,2023-08-20,-0.005815111746699163,-0.0011472193514590922,-0.0095899693721287
5,2023-08-29,2023-08-20,0.002973730395315733,-0.0011472193514590922,-0.0629639411264257
5,2023-08-30,2023-08-20,0.0026336033147628573,-0.0011472193514590922,-0.053991594868716
5,2023-08-31,2023-08-20,-0.0063780330543784895,-0.0011472193514590922,-0.0057315161687505
5,2023-09-01,2023-08-20,-0.006632056144618662,-0.0011472193514590922,-0.0017477199230382
5,2023-09-02,2023-08-20,-0.007052762552952042,-0.0011472193514590922,0.0149013259238386
5,2023-09-03,2023-08-20,0.0010150451204729704,-0.0011472193514590922,-0.0023375884296495
5,2023-09-04,2023-08-20,0.002833376572548084,-0.0011472193514590922,0.0029268931101269
5,2023-09-05,2023-08-20,0.003325282476478385,-0.0011472193514590922,0.0019195800264422
5,2023-09-06,2023-08-20,0.0029232168316000074,-0.0011472193514590922,-0.0231922034010159
5,2023-09-07,2023-08-20,0.0036879380845043688,-0.0011472193514590922,-0.0158027042468101
5,2023-09-08,2023-08-20,0.003161830116680403,-0.0011472193514590922,0.0120221531811428
5,2023-09-09,2023-08-20,0.002835177958966067,-0.0011472193514590922,0.0239799765342771
5,2023-09-10,2023-08-20,0.0029129428288770616,-0.0011472193514590922,0.0293476296562016
5,2023-09-11,2023-08-20,0.004204134340498345,-0.0011472193514590922,0.0555250428017541
5,2023-09-12,2023-08-20,0.0037119277603943255,-0.0011472193514590922,0.0266024512289038
5,2023-09-13,2023-08-20,0.0029858187062206947,-0.0011472193514590922,0.0206128441766455
5,2023-09-14,2023-08-20,0.0018559211525427772,-0.0011472193514590922,0.0259222938211864
5,2023-09-15,2023-08-20,-0.006566102551490563,-0.0011472193514590922,0.019736842105263
5,2023-09-16,2023-08-20,0.0031651969272278885,-0.0011472193514590922,0.0003166455004901
5,2023-09-17,2023-08-20,0.005256527498625024,-0.0011472193514590922,0.0019839781419364
5,2023-09-18,2023-08-20,0.006150430288309475,-0.0011472193514590922,-0.0069705718932939
5,2023-09-19,2023-09-19,0.006588134456098507,-0.001088693304957623,-0.0353499011034806
5,2023-09-20,2023-09-19,0.0071922498975650236,-0.001088693304957623,-0.0302374193548387
5,2023-09-21,2023-09-19,0.006785635716955411,-0.001088693304957623,-0.0130385786251774
5,2023-09-22,2023-09-19,-0.003753688416454189,-0.001088693304957623,-0.0077934126757797
5,2023-09-23,2023-09-19,-0.0031752906247042743,-0.001088693304957623,0.0167606363043892
5,2023-09-24,2023-09-19,0.0010910675332465442,-0.001088693304957623,0.0250903103353425
5,2023-09-25,2023-09-19,0.0016833371550425144,-0.001088693304957623,0.0250049325579617
5,2023-09-26,2023-09-19,0.0005116345750070787,-0.001088693304957623,0.0675357442908861
5,2023-09-27,2023-09-19,-0.0037283319196705,-0.001088693304957623,0.0425253261006808
5,2023-09-28,2023-09-19,-0.00042509044520292155,-0.001088693304957623,0.0149907166137641
5,2023-09-29,2023-09-19,-0.003973491125832275,-0.001088693304957623,0.0323934773753704
5,2023-09-30,2023-09-19,-0.0033218649044551483,-0.001088693304957623,0.0166093278976475
5,2023-10-01,2023-09-19,-0.002300693339802683,-0.001088693304957623,-0.0021962970888346
5,2023-10-02,2023-09-19,-0.0010847736805361127,-0.001088693304957623,0.0168091739041722
5,2023-10-03,2023-09-19,-0.002035225377535986,-0.001088693304957623,0.0178874707125893
5,2023-10-04,2023-09-19,-0.0028514989245183894,-0.001088693304957623,-0.0067840065201341
5,2023-10-05,2023-09-19,-0.003731575278705762,-0.001088693304957623,-0.0007395006054273
5,2023-10-06,2023-09-19,-0.0031822675184634114,-0.001088693304957623,-0.0377919372283717
5,2023-10-07,2023-09-19,-0.0019106647318141185,-0.001088693304957623,-0.0428176889450709
5,2023-10-08,2023-09-19,-0.0019496650003206224,-0.001088693304957623,-0.0377923168816188
5,2023-10-09,2023-09-19,-0.003416563221375557,-0.001088693304957623,-0.0267356575469769
5,2023-10-10,2023-09-19,0.002496750117677166,-0.001088693304957623,-0.008615150280466
5,2023-10-11,2023-09-19,-0.0021133884816683605,-0.001088693304957623,0.0604736206034337
5,2023-10-12,2023-09-19,-0.0032765303886138383,-0.001088693304957623,0.0611473327546008
5,2023-10-13,2023-09-19,-0.0033141613436360987,-0.001088693304957623,0.0542774179137814
5,2023-10-14,2023-09-19,-0.00181928346273092,-0.001088693304957623,0.0693131509640823
5,2023-10-15,2023-09-19,0.006530672719154655,-0.001088693304957623,0.09261530926212
5,2023-10-16,2023-09-19,0.007817945173819793,-0.001088693304957623,0.0494379452071136
5,2023-10-17,2023-09-19,0.0068045887502867575,-0.001088693304957623,0.0562246464367579
5,2023-10-18,2023-09-19,0.006479278981264987,-0.001088693304957623,0.1677256355932201
5,2023-10-19,2023-10-19,0.007029224459195447,-0.0007365889243215458,0.1814122939877851
5,2023-10-20,2023-10-19,0.008016564843652473,-0.0007365889243215458,0.1626951866322605
5,2023-10-21,2023-10-19,0.00758715566766241,-0.0007365889243215458,0.1418217440437583
5,2023-10-22,2023-10-19,0.007591627477301317,-0.0007365889243215458,0.1300180111934799
5,2023-10-23,2023-10-19,0.00778794526514819,-0.0007365889243215458,0.0305718266017014
5,2023-10-24,2023-10-19,0.007751765296619658,-0.0007365889243215458,0.0177804085932942
5,2023-10-25,2023-10-19,0.007306729850569692,-0.0007365889243215458,-0.0006180417757974
5,2023-10-26,2023-10-19,0.006988506717512918,-0.0007365889243215458,0.0142924238528958
5,2023-10-27,2023-10-19,0.005996686025178479,-0.0007365889243215458,0.0451259618045782
5,2023-10-28,2023-10-19,0.006241610751064418,-0.0007365889243215458,0.0252513130483258
5,2023-10-29,2023-10-19,0.006695237542299768,-0.0007365889243215458,0.0055288944035909
5,2023-10-30,2023-10-19,0.006802494620587908,-0.0007365889243215458,0.0170368266843568
5,2023-10-31,2023-10-19,0.006805401656539286,-0.0007365889243215458,0.0107422768684666
5,2023-11-01,2023-10-19,0.008043520756149435,-0.0007365889243215458,-0.0105964101392858
5,2023-11-02,2023-10-19,0.0073801575680157725,-0.0007365889243215458,0.0130941379599498
5,2023-11-03,2023-10-19,0.0072231400462702995,-0.0007365889243215458,0.0261527710807281
5,2023-11-04,2023-10-19,0.007591627477301317,-0.0007365889243215458,0.0467462417364403
5,2023-11-05,2023-10-19,0.007430897284749509,-0.0007365889243215458,0.0653992302041479
5,2023-11-06,2023-10-19,0.006468946437285632,-0.0007365889243215458,0.0594619827775366
5,2023-11-07,2023-10-19,0.006121654195845392,-0.0007365889243215458,0.0470353500313001
5,2023-11-08,2023-10-19,0.006318928657969539,-0.0007365889243215458,0.0235288866831795
5,2023-11-09,2023-10-19,0.0073622904163053275,-0.0007365889243215458,-0.0313314945141954
5,2023-11-10,2023-10-19,0.006048895951210528,-0.0007365889243215458,0.0149207956864083
5,2023-11-11,2023-10-19,0.006795342175576836,-0.0007365889243215458,-0.0260298949636411
5,2023-11-12,2023-10-19,0.007337468096081037,-0.0007365889243215458,-0.0121467845056661
5,2023-11-13,2023-10-19,0.006000705524912765,-0.0007365889243215458,0.0028842992046991
5,2023-11-14,2023-10-19,0.007182643840209418,-0.0007365889243215458,0.0508750902571755
5,2023-11-15,2023-10-19,0.008056654506202247,-0.0007365889243215458,-0.0108145659328757
5,2023-11-16,2023-10-19,0.006976686856196811,-0.0007365889243215458,-0.0116653499618815
5,2023-11-17,2023-10-19,0.006644382776178249,-0.0007365889243215458,0.0216972124263121
5,2023-11-18,2023-11-18,0.0043193871311568285,0.0007488436333353062,0.0198582917898386
5,2023-11-19,2023-11-18,0.011779786615150358,0.0007488436333353062,0.0094676478980382
5,2023-11-20,2023-11-18,0.011696812998173356,0.0007488436333353062,0.0088625050001629
5,2023-11-21,2023-11-18,0.005364200468004845,0.0007488436333353062,0.0477252728959072
5,2023-11-22,2023-11-18,0.004781119179043244,0.0007488436333353062,-0.0044278896096431
5,2023-11-23,2023-11-18,0.0004132553243196793,0.0007488436333353062,0.014066232140693
5,2023-11-24,2023-11-18,0.00036942330361531254,0.0007488436333353062,0.0037405634099343
5,2023-11-25,2023-11-18,0.0002464212047697953,0.0007488436333353062,-0.0015010321415687
5,2023-11-26,2023-11-18,0.00045042779678749215,0.0007488436333353062,0.0329819696571966
5,2023-11-27,2023-11-18,0.00016889281589783263,0.0007488436333353062,0.0592773885889046
5,2023-11-28,2023-11-18,0.00032581126656567265,0.0007488436333353062,0.0569395648257073
5,2023-11-29,2023-11-18,0.0005126379268865083,0.0007488436333353062,0.1092722054680745
5,2023-11-30,2023-11-18,0.0003268944301659901,0.0007488436333353062,0.1683110680851109
5,2023-12-01,2023-11-18,0.0006222545368532897,0.0007488436333353062,0.1313298616532741
5,2023-12-02,2023-11-18,0.001497030660909541,0.0007488436333353062,0.096901294918803
5,2023-12-03,2023-11-18,0.006528485285031251,0.0007488436333353062,0.105041096000076
5,2023-12-04,2023-11-18,0.008693876829486216,0.0007488436333353062,0.0410205972217923
5,2023-12-05,2023-11-18,0.012693083634622744,0.0007488436333353062,-0.0064394967295405
5,2023-12-06,2023-11-18,0.0025655138631737805,0.0007488436333353062,-0.0573385685386341
5,2023-12-07,2023-11-18,0.0003327427318186565,0.0007488436333353062,-0.041151393219905
5,2023-12-08,2023-11-18,0.0047376999454716824,0.0007488436333353062,-0.0294754543649575
5,2023-12-09,2023-11-18,0.005483759291927782,0.0007488436333353062,-0.0158152154020715
5,2023-12-10,2023-11-18,0.011656483638365247,0.0007488436333353062,-0.0422295202663833
5,2023-12-11,2023-11-18,0.012618606342466273,0.0007488436333353062,0.0248374679420362
5,2023-12-12,2023-11-18,0.0060246358104714785,0.0007488436333353062,-0.0028376287796387
5,2023-12-13,2023-11-18,0.005447360882615201,0.0007488436333353062,-0.0049273333219808
5,2023-12-14,2023-11-18,0.0053245303503842685,0.0007488436333353062,-0.0173461366278759
5,2023-12-15,2023-11-18,0.010225824710195024,0.0007488436333353062,0.0412164433730801
5,2023-12-16,2023-11-18,0.008216454410259656,0.0007488436333353062,0.0374608277632615
5,2023-12-17,2023-11-18,0.011743109234424695,0.0007488436333353062,0.0627048204637381
5,2023-12-18,2023-12-18,0.01344937743308461,0.0015272027762471153,0.0244822752228197
5,2023-12-19,2023-12-18,0.013288366308172586,0.0015272027762471153,0.0169247367122569
5,2023-12-20,2023-12-18,0.01344937743308461,0.0015272027762471153,-0.0021250806923824
5,2023-12-21,2023-12-18,0.013373525193892663,0.0015272027762471153,-0.0308439234139958
5,2023-12-22,2023-12-18,0.013295276884782365,0.0015272027762471153,-0.0122856901128612
5,2023-12-23,2023-12-18,0.012291809387279409,0.0015272027762471153,-0.0260490556988487
5,2023-12-24,2023-12-18,0.012324041556132377,0.0015272027762471153,-0.0215054138608795
5,2023-12-25,2023-12-18,0.012354412691512906,0.0015272027762471153,-0.0329503790263154
5,2023-12-26,2023-12-18,0.01238201634902605,0.0015272027762471153,-0.0053012390572991
5,2023-12-27,2023-12-18,0.01345272160458637,0.0015272027762471153,0.0172857443842056
5,2023-12-28,2023-12-18,0.013262148987956381,0.0015272027762471153,0.0559901192939722
5,2023-12-29,2023-12-18,0.013217968543984479,0.0015272027762471153,0.0185009847398018
5,2023-12-30,2023-12-18,0.013347307873676459,0.0015272027762471153,0.0477172909150105
5,2023-12-31,2023-12-18,0.013347307873676459,0.0015272027762471153,0.0440248909860516
5,2024-01-01,2023-12-18,0.013490817969089002,0.0015272027762471153,-0.0047811713790657
5,2024-01-02,2023-12-18,0.012192341693446206,0.0015272027762471153,-0.0226464956100431
5,2024-01-03,2023-12-18,0.013163091692793004,0.0015272027762471153,0.0958288705650547
5,2024-01-04,2023-12-18,0.013238720009493986,0.0015272027762471153,0.0443680904892516
5,2024-01-05,2023-12-18,0.013166526686323034,0.0015272027762471153,0.0568325687714901
5,2024-01-06,2023-12-18,0.013210154214010447,0.0015272027762471153,0.0539215507892956
5,2024-01-07,2023-12-18,0.013123725024839293,0.0015272027762471153,-0.0260941400468299
5,2024-01-08,2023-12-18,0.013247475674218532,0.0015272027762471153,-0.0873899704884066
5,2024-01-09,2023-12-18,0.01185100197656703,0.0015272027762471153,-0.0949392756451963
5,2024-01-10,2023-12-18,0.012119621080091581,0.0015272027762471153,-0.0888003362627719
5,2024-01-11,2023-12-18,0.005191788045727288,0.0015272027762471153,-0.0690821758529935
5,2024-01-12,2023-12-18,0.004938643705172162,0.0015272027762471153,-0.0001549690728012
5,2024-01-13,2023-12-18,0.004942144278159157,0.0015272027762471153,-0.035485678558084
5,2024-01-14,2023-12-18,0.005021032997239143,0.0015272027762471153,-0.0017569104064353
5,2024-01-15,2023-12-18,0.0051044726106577315,0.0015272027762471153,-0.0191728748491569
5,2024-01-16,2023-12-18,0.005311290914370337,0.0015272027762471153,-0.0361078818070862
5,2024-01-17,2024-01-17,0.002856170011896746,0.0015564969253258204,-0.0749970193636166
5,2024-01-18,2024-01-17,0.0014799579703543438,0.0015564969253258204,-0.0345992377956566
5,2024-01-19,2024-01-17,0.00014753215248093242,0.0015564969253258204,-0.0377865255143963
5,2024-01-20,2024-01-17,0.00033427829386857544,0.0015564969253258204,-0.0416094669901507
5,2024-01-21,2024-01-17,0.00035779376534208606,0.0015564969253258204,0.0058484384323067
5,2024-01-22,2024-01-17,0.0015140053693540204,0.0015564969253258204,0.0645119467691333
5,2024-01-23,2024-01-17,0.0016623393608789269,0.0015564969253258204,0.053473391883221
5,2024-01-24,2024-01-17,0.00030041289449400253,0.0015564969253258204,0.080275156118716
5,2024-01-25,2024-01-17,0.00011075897529800124,0.0015564969253258204,0.074572790682136
5,2024-01-26,2024-01-17,0.0006106322986403774,0.0015564969253258204,0.0180876736553197
5,2024-01-27,2024-01-17,0.002895702329804755,0.0015564969253258204,0.0228465243753477
5,2024-01-28,2024-01-17,0.003931567006947381,0.0015564969253258204,0.0278113376155633
5,2024-01-29,2024-01-17,0.004240061434693315,0.0015564969253258204,-0.0067342221154801
5,2024-01-30,2024-01-17,0.0059256679480109604,0.0015564969253258204,-0.0083421244448791
5,2024-01-31,2024-01-17,0.003234407326675877,0.0015564969253258204,0.0030225457961483
5,2024-02-01,2024-01-17,0.0023834224733457307,0.0015564969253258204,0.0003716088084981
5,2024-02-02,2024-01-17,0.003409385807372785,0.0015564969253258204,0.0266111111111111
5,2024-02-03,2024-01-17,0.0009030387948678996,0.0015564969253258204,0.0529528547172371
5,2024-02-04,2024-01-17,0.0006576200395996593,0.0015564969253258204,0.106847869378492
5,2024-02-05,2024-01-17,-0.00015172451546362803,0.0015564969253258204,0.1180647034444972
5,2024-02-06,2024-01-17,0.0032537080893920594,0.0015564969253258204,0.1206767218226894
5,2024-02-07,2024-01-17,0.0024397651701134606,0.0015564969253258204,0.1255404783808646
5,2024-02-08,2024-01-17,0.006636426013682311,0.0015564969253258204,0.0973961467166717
5,2024-02-09,2024-01-17,0.009868815941207443,0.0015564969253258204,0.0989205599416287
5,2024-02-10,2024-01-17,0.010108573857585795,0.0015564969253258204,0.0864673455621642
5,2024-02-11,2024-01-17,0.010472276778361376,0.0015564969253258204,0.0791743435143568
5,2024-02-12,2024-01-17,0.011167186217114216,0.0015564969253258204,0.0345645905715596
5,2024-02-13,2024-01-17,0.01033871909637136,0.0015564969253258204,0.0490563403038133
5,2024-02-14,2024-01-17,0.011167186217114216,0.0015564969253258204,-0.0003946313913053
5,2024-02-15,2024-01-17,0.010506202678110248,0.0015564969253258204,0.0073018504240554
5,2024-02-16,2024-02-16,0.010511135209523577,0.002454240046419856,-0.0052704976641327
5,2024-02-17,2024-02-16,0.010143644430220224,0.002454240046419856,-0.0068590606522052
5,2024-02-18,2024-02-16,0.010531853966292574,0.002454240046419856,-0.0267276999528363
5,2024-02-19,2024-02-16,0.009351407809955317,0.002454240046419856,-0.0039886253390408
5,2024-02-20,2024-02-16,0.00788457551082491,0.002454240046419856,-0.0101412546245782
5,2024-02-21,2024-02-16,0.008297180255475106,0.002454240046419856,0.0506675199071773
5,2024-02-22,2024-02-16,0.008963839910813115,0.002454240046419856,0.1120900195404732
5,2024-02-23,2024-02-16,0.007954153873212145,0.002454240046419856,0.2303309839656393
5,2024-02-24,2024-02-16,0.009155756544612141,0.002454240046419856,0.1854390165105564
5,2024-02-25,2024-02-16,0.009886972284012538,0.002454240046419856,0.2060561949473069
5,2024-02-26,2024-02-16,0.010246910114639084,0.002454240046419856,0.1378725530490503
5,2024-02-27,2024-02-16,0.010094552146381676,0.002454240046419856,0.1065377522864847
5,2024-02-28,2024-02-16,0.007497927175973746,0.002454240046419856,0.0931189243994676
5,2024-02-29,2024-02-16,0.006151796688027489,0.002454240046419856,0.0424176088785097
5,2024-03-01,2024-02-16,0.006813696368409615,0.002454240046419856,0.0590842134452351
5,2024-03-02,2024-02-16,0.0066319227213081375,0.002454240046419856,0.0780142313068099
5,2024-03-03,2024-02-16,0.007402663904483218,0.002454240046419856,0.0793836927070188
5,2024-03-04,2024-02-16,0.006896090191763964,0.002454240046419856,0.0009899523354655
5,2024-03-05,2024-02-16,0.005380440161817321,0.002454240046419856,0.0821020208866329
5,2024-03-06,2024-02-16,0.006548061634723458,0.002454240046419856,0.0908686679367571
5,2024-03-07,2024-02-16,0.004485194316273873,0.002454240046419856,0.0692699852461353
5,2024-03-08,2024-02-16,0.004233359195423795,0.002454240046419856,0.0726352856452312
5,2024-03-09,2024-02-16,0.004900269721804528,0.002454240046419856,0.0450230240771667
5,2024-03-10,2024-02-16,0.007168933101229586,0.002454240046419856,0.0078886673623772
5,2024-03-11,2024-02-16,0.007248058137640418,0.002454240046419856,-0.0940295318550296
5,2024-03-12,2024-02-16,0.005854039642649793,0.002454240046419856,-0.0428053738446265
5,2024-03-13,2024-02-16,0.006076342335437733,0.002454240046419856,-0.0747535218832935
5,2024-03-14,2024-02-16,0.0035074026758345933,0.002454240046419856,-0.1323950180518158
5,2024-03-15,2024-02-16,0.0043617172508982754,0.002454240046419856,-0.0238754472131955
5,2024-03-16,2024-02-16,0.0027053854345370373,0.002454240046419856,0.0030725584117641
5,2024-03-17,2024-03-17,0.008217417796653881,0.003948902813260208,-0.0672116698843222
5,2024-03-18,2024-03-17,0.0080597199351599,0.003948902813260208,-0.0535420874932832
5,2024-03-19,2024-03-17,0.005874971416540318,0.003948902813260208,0.085127725735985
5,2024-03-20,2024-03-17,0.005385960987154127,0.003948902813260208,0.0300631584284964
5,2024-03-21,2024-03-17,0.005053001740585633,0.003948902813260208,0.0684983665202216
5,2024-03-22,2024-03-17,0.004882451221064777,0.003948902813260208,0.0889286645817084
5,2024-03-23,2024-03-17,0.004924634780743352,0.003948902813260208,0.1061195333459081
5,2024-03-24,2024-03-17,0.004837865717358404,0.003948902813260208,0.0392880582187258
5,2024-03-25,2024-03-17,0.005385960987154127,0.003948902813260208,-0.0042620199968489
5,2024-03-26,2024-03-17,0.005349337078570254,0.003948902813260208,0.0184604503629193
5,2024-03-27,2024-03-17,0.005957830043801278,0.003948902813260208,0.0025883118739473
5,2024-03-28,2024-03-17,0.005994453952385151,0.003948902813260208,-0.0751139436512265
5,2024-03-29,2024-03-17,-7.903452393052379e-05,0.003948902813260208,-0.0556511087816929
5,2024-03-30,2024-03-17,0.00427478117985998,0.003948902813260208,-0.0157280211686382
5,2024-03-31,2024-03-17,0.005335848007372349,0.003948902813260208,-0.0485324005987092
5,2024-04-01,2024-03-17,-3.6994669776826e-05,0.003948902813260208,-0.0108227159302682
5,2024-04-02,2024-03-17,0.000941195665574808,0.003948902813260208,0.059519745130109
5,2024-04-03,2024-03-17,-0.0024751996131530435,0.003948902813260208,0.0857555900798141
5,2024-04-04,2024-03-17,-0.0004715669438871344,0.003948902813260208,0.0096106181846429
5,2024-04-05,2024-03-17,-0.0005821072578290799,0.003948902813260208,0.0414396093695399
5,2024-04-06,2024-03-17,-0.000416447801212601,0.003948902813260208,0.0161145784951231
5,2024-04-07,2024-03-17,0.005624862720323166,0.003948902813260208,-0.0323508849935819
5,2024-04-08,2024-03-17,0.005647624651650666,0.003948902813260208,-0.1074488969561574
5,2024-04-09,2024-03-17,-0.00010276863131494795,0.003948902813260208,-0.0503884534174067
5,2024-04-10,2024-03-17,-0.0010736449253913925,0.003948902813260208,-0.1020951399865328
5,2024-04-11,2024-03-17,-0.0012834113536986161,0.003948902813260208,-0.0887469586635359
5,2024-04-12,2024-03-17,-0.0028015620758146116,0.003948902813260208,-0.0870001901171276
5,2024-04-13,2024-03-17,-0.0022805093222871453,0.003948902813260208,-0.0071088538652858
5,2024-04-14,2024-03-17,-0.002247777879305285,0.003948902813260208,-0.0280806934438632
5,2024-04-15,2024-03-17,-0.0020412915138677116,0.003948902813260208,0.0239766672937034
5,2024-04-16,2024-04-16,-0.002780862349261509,0.0035739734083483103,0.0179918326961461
5,2024-04-17,2024-04-16,-0.0030135424351024147,0.0035739734083483103,0.0904404023867213
5,2024-04-18,2024-04-16,-0.0013244679657461232,0.0035739734083483103,0.0463827995805268
5,2024-04-19,2024-04-16,-0.0033217037969125655,0.0035739734083483103,0.0073894500941034
5,2024-04-20,2024-04-16,0.0005279834299799148,0.0035739734083483103,-0.0068100705583364
5,2024-04-21,2024-04-16,0.0007320736089037598,0.0035739734083483103,-0.0180338660464127
5,2024-04-22,2024-04-16,-0.0013252019378744164,0.0035739734083483103,-0.0502450488870585
5,2024-04-23,2024-04-16,-0.0014789192533602102,0.0035739734083483103,-0.0496187550817598
5,2024-04-24,2024-04-16,-0.003498451292228117,0.0035739734083483103,-0.0065887805475194
5,2024-04-25,2024-04-16,-0.003498451292228117,0.0035739734083483103,-0.0593246275795624
5,2024-04-26,2024-04-16,-0.003498451292228117,0.0035739734083483103,-0.0847583370302121
5,2024-04-27,2024-04-16,-0.003498451292228117,0.0035739734083483103,-0.0693544386733601
5,2024-04-28,2024-04-16,-0.0034541194605800874,0.0035739734083483103,-0.0037486561017968
5,2024-04-29,2024-04-16,-0.0034541194605800874,0.0035739734083483103,0.0004077286819277
5,2024-04-30,2024-04-16,-0.0029878140726447545,0.0035739734083483103,0.0550501054852321
5,2024-05-01,2024-04-16,-0.00264189653650317,0.0035739734083483103,0.0822448807906524
5,2024-05-02,2024-04-16,-0.003208729972430943,0.0035739734083483103,0.0550531056147236
5,2024-05-03,2024-04-16,-0.005903950032969542,0.0035739734083483103,-0.0268595103750659
5,2024-05-04,2024-04-16,-0.005799289644801737,0.0035739734083483103,-0.0128033163442582
5,2024-05-05,2024-04-16,-0.005680751040397768,0.0035739734083483103,-0.0501782478285321
5,2024-05-06,2024-04-16,-0.006133631443103163,0.0035739734083483103,-0.0370330557067904
5,2024-05-07,2024-04-16,-0.004445265854418322,0.0035739734083483103,-0.013289397497243
5,2024-05-08,2024-04-16,-0.004357336163250557,0.0035739734083483103,0.028549820134744
5,2024-05-09,2024-04-16,-0.003498451292228117,0.0035739734083483103,-0.0237264128283584
5,2024-05-10,2024-04-16,-0.005724031582584796,0.0035739734083483103,0.0889228764675784
5,2024-05-11,2024-04-16,-0.005546544874809248,0.0035739734083483103,0.0724890790926706
5,2024-05-12,2024-04-16,-0.0030780474393553004,0.0035739734083483103,0.0901049199962462
5,2024-05-13,2024-04-16,-0.002054394543643898,0.0035739734083483103,0.0631572123835875
5,2024-05-14,2024-04-16,-0.002880656425125655,0.0035739734083483103,0.0762700785627994
5,2024-05-15,2024-04-16,-0.003505521104824242,0.0035739734083483103,0.0791481198975929
5,2024-05-16,2024-05-16,-0.0027824143619995666,0.0034189216483086144,0.0753140826863283
5,2024-05-17,2024-05-16,-0.0037870387397211315,0.0034189216483086144,0.0319679517784674
5,2024-05-18,2024-05-16,-0.0038021082342908413,0.0034189216483086144,0.0157580041604896
5,2024-05-19,2024-05-16,-0.0021088548815592174,0.0034189216483086144,0.0343419690463879
5,2024-05-20,2024-05-16,0.0016406787034422392,0.0034189216483086144,-0.030177074856725
5,2024-05-21,2024-05-16,3.941709588663866e-05,0.0034189216483086144,-0.0233885791167688
5,2024-05-22,2024-05-16,-0.0019475359429952036,0.0034189216483086144,0.0039008701017917
5,2024-05-23,2024-05-16,-0.004052298741892177,0.0034189216483086144,0.0063078153263993
5,2024-05-24,2024-05-16,-0.00401129518458275,0.0034189216483086144,-0.0130936561770469
5,2024-05-25,2024-05-16,-0.00401129518458275,0.0034189216483086144,-0.0135429684010394
5,2024-05-26,2024-05-16,-0.0037311325478394945,0.0034189216483086144,-0.0141248417877881
5,2024-05-27,2024-05-16,-0.0034809474890299835,0.0034189216483086144,-0.024044726953848
5,2024-05-28,2024-05-16,-0.0006193791452342788,0.0034189216483086144,-0.0092510949453633
5,2024-05-29,2024-05-16,-0.0013491706905662585,0.0034189216483086144,0.0171092179703253
5,2024-05-30,2024-05-16,-0.0010714797130629858,0.0034189216483086144,0.0319766000113821
5,2024-05-31,2024-05-16,-0.001118694997033844,0.0034189216483086144,0.0528277979230384
5,2024-06-01,2024-05-16,-0.0013309922193133965,0.0034189216483086144,0.0447447387623889
5,2024-06-02,2024-05-16,-0.0014332484971137126,0.0034189216483086144,0.0234627789928316
5,2024-06-03,2024-05-16,-0.0011153724201437255,0.0034189216483086144,0.0072745346236517
5,2024-06-04,2024-05-16,0.0010756143777809742,0.0034189216483086144,-0.0126130882374623
5,2024-06-05,2024-05-16,0.004044768150614528,0.0034189216483086144,-0.0220509647297069
5,2024-06-06,2024-05-16,-0.0011103776213189894,0.0034189216483086144,-0.0492212749717297
5,2024-06-07,2024-05-16,-0.0012177541951207116,0.0034189216483086144,-0.0157393202567637
5,2024-06-08,2024-05-16,-0.0007523573915998894,0.0034189216483086144,-0.0366099142899933
5,2024-06-09,2024-05-16,-0.0003822936405780524,0.0034189216483086144,-0.0517479720205018
5,2024-06-10,2024-05-16,1.6081156379065097e-05,0.0034189216483086144,-0.0476236698303135
5,2024-06-11,2024-05-16,0.004599320008924344,0.0034189216483086144,-0.0094685760397801
5,2024-06-12,2024-05-16,0.004707994642596553,0.0034189216483086144,-0.0257772802322279
5,2024-06-13,2024-05-16,0.004562840470579324,0.0034189216483086144,-0.0239271825547476
5,2024-06-14,2024-05-16,0.00485093438207602,0.0034189216483086144,-0.0161955690442082
5,2024-06-15,2024-06-15,0.005254449067401922,0.0035830001602731544,-0.0205087708039998
5,2024-06-16,2024-06-15,0.005449572914179814,0.0035830001602731544,-0.0379938350435465
5,2024-06-17,2024-06-15,0.011356759018764876,0.0035830001602731544,-0.0337169023430504
5,2024-06-18,2024-06-15,0.014197259174873042,0.0035830001602731544,-0.0301542056103445
5,2024-06-19,2024-06-15,0.012230431755869528,0.0035830001602731544,-0.0720448693846511
5,2024-06-20,2024-06-15,0.012147402281778642,0.0035830001602731544,-0.0472326263654425
5,2024-06-21,2024-06-15,0.012011771004752004,0.0035830001602731544,-0.0511130033942612
5,2024-06-22,2024-06-15,0.011834665152962179,0.0035830001602731544,-0.0397675080502462
5,2024-06-23,2024-06-15,0.01245895773446524,0.0035830001602731544,-0.0440147058986386
5,2024-06-24,2024-06-15,0.016426447306619164,0.0035830001602731544,0.0115001169284147
5,2024-06-25,2024-06-15,0.012325520836186028,0.0035830001602731544,0.0156295480002672
5,2024-06-26,2024-06-15,0.01205935002665709,0.0035830001602731544,0.0334346559491753
5,2024-06-27,2024-06-15,0.012496649297282746,0.0035830001602731544,0.0069522693487409
5,2024-06-28,2024-06-15,0.0118662969710407,0.0035830001602731544,-0.0036284599945983
5,2024-06-29,2024-06-15,0.011612350540641407,0.0035830001602731544,-0.0645496688785157
5,2024-06-30,2024-06-15,0.012356034138892111,0.0035830001602731544,-0.0978655932795524
5,2024-07-01,2024-06-15,0.012287770406650701,0.0035830001602731544,-0.0742426191164736
5,2024-07-02,2024-06-15,0.011752718665513463,0.0035830001602731544,-0.1010318261051216
5,2024-07-03,2024-06-15,0.012634373494470599,0.0035830001602731544,-0.0580309318040718
5,2024-07-04,2024-06-15,0.015690425886691808,0.0035830001602731544,0.0175283054288684
5,2024-07-05,2024-06-15,0.017254288177744794,0.0035830001602731544,0.0193728313813521
5,2024-07-06,2024-06-15,0.01678363159285966,0.0035830001602731544,-0.0152883052124389
5,2024-07-07,2024-06-15,0.01747328362641556,0.0035830001602731544,0.0363653712882765
5,2024-07-08,2024-06-15,0.017359632778829386,0.0035830001602731544,0.0438934440537552
5,2024-07-09,2024-06-15,0.01679285439714638,0.0035830001602731544,0.0473369509043928
5,2024-07-10,2024-06-15,0.014984542855963488,0.0035830001602731544,0.121233208346001
5,2024-07-11,2024-06-15,0.015022985655355196,0.0035830001602731544,0.1343584719119621
5,2024-07-12,2024-06-15,0.011981625866371777,0.0035830001602731544,0.1070821622723448
5,2024-07-13,2024-06-15,0.015641588811834115,0.0035830001602731544,0.0808036346180547
5,2024-07-14,2024-06-15,0.015562985599381242,0.0035830001602731544,0.0964192683597182
5,2024-07-15,2024-07-15,0.017198612594563845,0.0030546633582860328,0.0373248682794395
5,2024-07-16,2024-07-15,0.01706141498385271,0.0030546633582860328,0.04798829223115
5,2024-07-17,2024-07-15,0.016766236070106542,0.0030546633582860328,0.0537389298681389
5,2024-07-18,2024-07-15,0.018348274688913348,0.0030546633582860328,0.0304446526781929
5,2024-07-19,2024-07-15,0.01892384885249643,0.0030546633582860328,-0.0192619261926192
5,2024-07-20,2024-07-15,0.0186655030410622,0.0030546633582860328,-0.0199584569308651
5,2024-07-21,2024-07-15,0.0186655030410622,0.0030546633582860328,-0.0037753791002874
5,2024-07-22,2024-07-15,0.01858496146210043,0.0030546633582860328,0.0053972923358864
5,2024-07-23,2024-07-15,0.017174447611249675,0.0030546633582860328,0.0350926602929113
5,2024-07-24,2024-07-15,0.015612168711948109,0.0030546633582860328,0.0215475097895252
5,2024-07-25,2024-07-15,0.015740561460480484,0.0030546633582860328,0.0058974208946966
5,2024-07-26,2024-07-15,0.015562728329552439,0.0030546633582860328,-0.0483005018997029
5,2024-07-27,2024-07-15,0.015547409434733964,0.0030546633582860328,-0.0374464073994977
5,2024-07-28,2024-07-15,0.012413477964331947,0.0030546633582860328,-0.0989239834560882
5,2024-07-29,2024-07-15,0.008205851030896067,0.0030546633582860328,-0.0911391518026063
5,2024-07-30,2024-07-15,0.007429457980054774,0.0030546633582860328,-0.1212757599564875
5,2024-07-31,2024-07-15,0.007208676526358943,0.0030546633582860328,-0.1641577953828062
5,2024-08-01,2024-07-15,0.008634714615446772,0.0030546633582860328,-0.142791675248133
5,2024-08-02,2024-07-15,0.00884228325758978,0.0030546633582860328,-0.1034852491116424
5,2024-08-03,2024-07-15,0.008845155282772773,0.0030546633582860328,0.0162773100064763
5,2024-08-04,2024-07-15,0.018885688258917777,0.0030546633582860328,0.0460272347449322
5,2024-08-05,2024-07-15,0.014833997663280309,0.0030546633582860328,0.1278202907468715
5,2024-08-06,2024-07-15,0.016855339522254806,0.0030546633582860328,0.0480271950256692
5,2024-08-07,2024-07-15,0.014642970993954429,0.0030546633582860328,0.0764041748346215
5,2024-08-08,2024-07-15,0.010492672025061163,0.0030546633582860328,-0.0178134451599139
5,2024-08-09,2024-07-15,0.0019647745222929652,0.0030546633582860328,-0.0354153712178854
5,2024-08-10,2024-07-15,0.005884601575923271,0.0030546633582860328,-0.0555196179602915
5,2024-08-11,2024-07-15,0.00906997817258742,0.0030546633582860328,0.0027593740967652
5,2024-08-12,2024-07-15,0.009478180496434278,0.0030546633582860328,0.002449169826632
5,2024-08-13,2024-07-15,0.008433941286823284,0.0030546633582860328,-0.0356478230119753
5,2024-08-14,2024-08-14,-0.0013659036276106212,0.0030341375203470082,0.012867525206025
5,2024-08-15,2024-08-14,-0.0012323417707812982,0.0030341375203470082,0.0255945928003413
5,2024-08-16,2024-08-14,-0.0019378067928642966,0.0030341375203470082,0.038750666671196
5,2024-08-17,2024-08-14,-0.0016912223712159803,0.0030341375203470082,0.0148566218746422
5,2024-08-18,2024-08-14,8.021651157495352e-05,0.0030341375203470082,0.0960147944413019
5,2024-08-19,2024-08-14,-0.00043465689211917075,0.0030341375203470082,0.0793847422125391
5,2024-08-20,2024-08-14,-0.00010602050283064028,0.0030341375203470082,0.0882200434474647
5,2024-08-21,2024-08-14,0.0009245701700264933,0.0030341375203470082,0.0274375233317138
5,2024-08-22,2024-08-14,2.4788434511777437e-05,0.0030341375203470082,-0.0159143127449654
5,2024-08-23,2024-08-14,0.0066177496335881394,0.0030341375203470082,-0.0781161086892563
5,2024-08-24,2024-08-14,0.006995552917109244,0.0030341375203470082,-0.0747852806731486
5,2024-08-25,2024-08-14,0.002306795251571142,0.0030341375203470082,-0.0793523824353784
5,2024-08-26,2024-08-14,-0.0017577803140203132,0.0030341375203470082,-0.0614318680968902
5,2024-08-27,2024-08-14,-0.0019125635307473896,0.0030341375203470082,-0.0355657662206513
5,2024-08-28,2024-08-14,-0.0017708097141308828,0.0030341375203470082,0.0016469918641346
5,2024-08-29,2024-08-14,-0.0014254187262019435,0.0030341375203470082,-0.0315247845272351
5,2024-08-30,2024-08-14,-0.0018610739748379848,0.0030341375203470082,-0.0195029124387579
5,2024-08-31,2024-08-14,-0.0021591479523957063,0.0030341375203470082,-0.0473766485869447
5,2024-09-01,2024-08-14,0.004120749955084432,0.0030341375203470082,-0.0582684401518553
5,2024-09-02,2024-08-14,-0.0013989660376199358,0.0030341375203470082,-0.0840705383012585
5,2024-09-03,2024-08-14,0.008991217829476114,0.0030341375203470082,-0.0455363257515996
5,2024-09-04,2024-08-14,0.01263961514271791,0.0030341375203470082,-0.0160235566465244
5,2024-09-05,2024-08-14,0.012789664314905415,0.0030341375203470082,0.0259165183339267
5,2024-09-06,2024-08-14,0.012402963639847586,0.0030341375203470082,0.0625434441432708
5,2024-09-07,2024-08-14,0.012149309618131108,0.0030341375203470082,0.0733271222059619
5,2024-09-08,2024-08-14,0.010646125087327325,0.0030341375203470082,0.1025707149359531
5,2024-09-09,2024-08-14,0.01050659627542685,0.0030341375203470082,0.051734336103222
5,2024-09-10,2024-08-14,0.008008334804853029,0.0030341375203470082,0.0259561777285339
5,2024-09-11,2024-08-14,0.00394120125800811,0.0030341375203470082,0.0152776518190378
5,2024-09-12,2024-08-14,0.0009284174971619428,0.0030341375203470082,0.037529381246095
5,2024-09-13,2024-09-13,-0.0036959364379601264,0.0028921774827314014,0.0208600284306919
5,2024-09-14,2024-09-13,-0.0036959364379601264,0.0028921774827314014,0.0492550551289041
5,2024-09-15,2024-09-13,-0.002932490389994099,0.0028921774827314014,0.0688129946560238
5,2024-09-16,2024-09-13,-0.0026972987421758636,0.0028921774827314014,0.0882085216972758
5,2024-09-17,2024-09-13,-0.002594960550301069,0.0028921774827314014,0.0541295643017483
5,2024-09-18,2024-09-13,-0.0034106880930327753,0.0028921774827314014,0.025582905696714
5,2024-09-19,2024-09-13,-0.0032811847528477988,0.0028921774827314014,0.020885654966902
5,2024-09-20,2024-09-13,-0.00378296634042837,0.0028921774827314014,-0.0007759364757389
5,2024-09-21,2024-09-13,-0.0032865347653231844,0.0028921774827314014,0.0288091548779962
5,2024-09-22,2024-09-13,-0.002945941128169479,0.0028921774827314014,0.0344641826924587
5,2024-09-23,2024-09-13,-0.002783287536255434,0.0028921774827314014,0.0397538742901601
5,2024-09-24,2024-09-13,-0.002112522857762883,0.0028921774827314014,0.0208411722507768
5,2024-09-25,2024-09-13,-0.002832885488598642,0.0028921774827314014,0.0027802757188566
5,2024-09-26,2024-09-13,-0.0019112675143519286,0.0028921774827314014,-0.0670238234608622
5,2024-09-27,2024-09-13,-0.0024154542050520244,0.0028921774827314014,-0.0778572889290625
5,2024-09-28,2024-09-13,0.00020349522069464213,0.0028921774827314014,-0.0775196635184791
5,2024-09-29,2024-09-13,0.008689812251580553,0.0028921774827314014,-0.0535960712179397
5,2024-09-30,2024-09-13,0.008270737583091508,0.0028921774827314014,-0.0200479759296066
5,2024-10-01,2024-09-13,0.01173249025453582,0.0028921774827314014,0.033123989199711
5,2024-10-02,2024-09-13,0.012261511943117996,0.0028921774827314014,0.0259643642925357
5,2024-10-03,2024-09-13,0.012417186774710423,0.0028921774827314014,0.0231722996389791
5,2024-10-04,2024-09-13,0.006805241481551809,0.0028921774827314014,-0.0233543794092065
5,2024-10-05,2024-09-13,0.006557654601623427,0.0028921774827314014,-0.0279030906571272
5,2024-10-06,2024-09-13,0.006930190312602432,0.0028921774827314014,-0.0044557529611233
5,2024-10-07,2024-09-13,0.00918106585675231,0.0028921774827314014,0.0157852275649268
5,2024-10-08,2024-09-13,0.008785256871156468,0.0028921774827314014,0.0114144853105244
5,2024-10-09,2024-09-13,0.008922221661558129,0.0028921774827314014,0.0898470908875617
5,2024-10-10,2024-09-13,0.008605640781277334,0.0028921774827314014,0.1118540327044266
5,2024-10-11,2024-09-13,0.009403978297480983,0.0028921774827314014,0.08122817396866
5,2024-10-12,2024-09-13,0.009229995825425656,0.0028921774827314014,0.066695334731297
5,2024-10-13,2024-10-13,0.009108589021501565,0.003093791704526647,0.0884042982648964
5,2024-10-14,2024-10-13,0.00903998903568399,0.003093791704526647,0.03471355164844
5,2024-10-15,2024-10-13,0.01387901528533711,0.003093791704526647,0.0291893418238387
5,2024-10-16,2024-10-13,0.008581121976945758,0.003093791704526647,-0.0035863644504045
5,2024-10-17,2024-10-13,0.008476667307958458,0.003093791704526647,6.259104995454123e-05
5,2024-10-18,2024-10-13,0.007640094053910152,0.003093791704526647,-0.0257109662711171
5,2024-10-19,2024-10-13,0.0033221447703475028,0.003093791704526647,-0.0026283307496562
5,2024-10-20,2024-10-13,0.008955697133313765,0.003093791704526647,-0.0338054864128936
5,2024-10-21,2024-10-13,0.008469883604657922,0.003093791704526647,-0.0042260398500983
5,2024-10-22,2024-10-13,0.00817579686536218,0.003093791704526647,0.0088348708213448
5,2024-10-23,2024-10-13,0.008657965925753103,0.003093791704526647,0.0494019302925738
5,2024-10-24,2024-10-13,0.012951945686396914,0.003093791704526647,0.0665433204473777
5,2024-10-25,2024-10-13,0.010375200519072586,0.003093791704526647,0.0846559426600337
5,2024-10-26,2024-10-13,0.0021372185746972227,0.003093791704526647,0.047683982593651
5,2024-10-27,2024-10-13,0.009049227874770912,0.003093791704526647,0.0216741128198794
5,2024-10-28,2024-10-13,0.00914721012330174,0.003093791704526647,-0.0083969617311975
5,2024-10-29,2024-10-13,0.01334736420748287,0.003093791704526647,-0.054449064168954
5,2024-10-30,2024-10-13,0.008668856063161163,0.003093791704526647,-0.0621293268867925
5,2024-10-31,2024-10-13,0.013748153946009544,0.003093791704526647,-0.0130882585374924
5,2024-11-01,2024-10-13,0.012951945686396914,0.003093791704526647,0.087429191978072
5,2024-11-02,2024-10-13,0.011053144530520097,0.003093791704526647,0.093451161042189
5,2024-11-03,2024-10-13,0.01820950794492944,0.003093791704526647,0.1124489811051792
5,2024-11-04,2024-10-13,0.01842371448117239,0.003093791704526647,0.1301024126599246
5,2024-11-05,2024-10-13,0.018189469645320193,0.003093791704526647,0.1585365625127484
5,2024-11-06,2024-10-13,0.0030666197011810074,0.003093791704526647,0.173027069950123
5,2024-11-07,2024-10-13,0.0029760391988748426,0.003093791704526647,0.1594312733981921
5,2024-11-08,2024-10-13,0.0028790391176217686,0.003093791704526647,0.1812241519973001
5,2024-11-09,2024-10-13,0.002917660219421944,0.003093791704526647,0.1388691018194916
5,2024-11-10,2024-10-13,0.0036542614751674737,0.003093791704526647,0.1326621708769231
5,2024-11-11,2024-10-13,0.01577675741576649,0.003093791704526647,0.0218722387275784
5,2024-11-12,2024-11-12,0.013220298300008022,0.0041705335401760356,0.0216479418719368
5,2024-11-13,2024-11-12,0.01612715616631988,0.0041705335401760356,0.0009834556382724
5,2024-11-14,2024-11-12,0.013508106604578563,0.0041705335401760356,0.0570875043615508
5,2024-11-15,2024-11-12,0.0050298197183236935,0.0041705335401760356,0.0357510270830927
5,2024-11-16,2024-11-12,0.0015935742112643248,0.0041705335401760356,0.0853346156376659
5,2024-11-17,2024-11-12,0.0025421540567046384,0.0041705335401760356,0.1005610199164239
5,2024-11-18,2024-11-12,0.008861233463457314,0.0041705335401760356,0.0796815708511045
5,2024-11-19,2024-11-12,0.008973061372613158,0.0041705335401760356,0.0605481764374458
5,2024-11-20,2024-11-12,0.014628524562316792,0.0041705335401760356,-0.0135390452255337
5,2024-11-21,2024-11-12,0.014727679699201789,0.0041705335401760356,-0.0646068558558264
5,2024-11-22,2024-11-12,0.013574762914598961,0.0041705335401760356,-0.0306282611333575
5,2024-11-23,2024-11-12,0.013088494643264406,0.0041705335401760356,-0.0207675863396414
5,2024-11-24,2024-11-12,0.014727679699201789,0.0041705335401760356,-0.004494788766174
5,2024-11-25,2024-11-12,0.009500445229337,0.0041705335401760356,0.0365334870945612
5,2024-11-26,2024-11-12,0.009599101790019595,0.0041705335401760356,0.0567608429105108
5,2024-11-27,2024-11-12,0.0092030526067842,0.0041705335401760356,-0.0002346053659223
5,2024-11-28,2024-11-12,0.001747237219059502,0.0041705335401760356,0.0021507887898433
5,2024-11-29,2024-11-12,0.0011015492486195382,0.0041705335401760356,0.0115670018469116
5,2024-11-30,2024-11-12,0.0011015492486195382,0.0041705335401760356,0.0055767162037088
5,2024-12-01,2024-11-12,0.0021163262782064344,0.0041705335401760356,0.0262968078054699
5,2024-12-02,2024-11-12,0.001303023171880271,0.0041705335401760356,0.0416459117230252
5,2024-12-03,2024-11-12,0.0020366058653701383,0.0041705335401760356,0.0548765468099061
5,2024-12-04,2024-11-12,0.0028156330121429647,0.0041705335401760356,-0.0132963346604817
5,2024-12-05,2024-11-12,0.015044194776302523,0.0041705335401760356,-0.0036373996434909
5,2024-12-06,2024-11-12,0.009290869841318267,0.0041705335401760356,0.0138775650977072
5,2024-12-07,2024-11-12,0.0029141714779120555,0.0041705335401760356,0.001725899684059
5,2024-12-08,2024-11-12,0.004540952146370001,0.0041705335401760356,0.0031120687958481
5,2024-12-09,2024-11-12,0.013283119513169584,0.0041705335401760356,0.0425953984555567
5,2024-12-10,2024-11-12,0.007979488300652302,0.0041705335401760356,0.081486132535484
5,2024-12-11,2024-11-12,0.009770542818072315,0.0041705335401760356,0.0487877379480841
5,2024-12-12,2024-12-12,0.014305684449070401,0.004842921208092096,0.0612918705787521
5,2024-12-13,2024-12-12,0.009262484283927366,0.004842921208092096,-0.0120310478016845
5,2024-12-14,2024-12-12,0.007362909507642484,0.004842921208092096,-0.0390272135673437
5,2024-12-15,2024-12-12,0.01239143815910608,0.004842921208092096,-0.0637401462456106
5,2024-12-16,2024-12-12,0.007431509250563444,0.004842921208092096,-0.0826586909546094
5,2024-12-17,2024-12-12,0.01148701083569867,0.004842921208092096,-0.1031478773856456
5,2024-12-18,2024-12-12,0.012305984691393552,0.004842921208092096,-0.0531170359349889
5,2024-12-19,2024-12-12,0.011201402337123075,0.004842921208092096,0.0123301566376836
5,2024-12-20,2024-12-12,0.007743860467061765,0.004842921208092096,0.0166060292760812
5,2024-12-21,2024-12-12,0.006967103737679958,0.004842921208092096,-0.0154215162008711
5,2024-12-22,2024-12-12,0.012670223998990286,0.004842921208092096,-0.0093210922121437
5,2024-12-23,2024-12-12,0.011855234670723282,0.004842921208092096,0.0044110825854615
5,2024-12-24,2024-12-12,0.010592319976957955,0.004842921208092096,-0.0499209536082109
5,2024-12-25,2024-12-12,0.012347622949931409,0.004842921208092096,-0.0667562778086203
5,2024-12-26,2024-12-12,0.011679063353576534,0.004842921208092096,-0.0231293766885615
5,2024-12-27,2024-12-12,0.00901659237492117,0.004842921208092096,0.0031045918499903
5,2024-12-28,2024-12-12,0.008954102098028348,0.004842921208092096,0.0176788037775446
5,2024-12-29,2024-12-12,0.011226828481276777,0.004842921208092096,0.0473230763978824
5,2024-12-30,2024-12-12,0.011850661656552531,0.004842921208092096,0.0585012401385678
5,2024-12-31,2024-12-12,0.01108925577628833,0.004842921208092096,0.0511627981533726
5,2025-01-01,2024-12-12,0.012294420603486081,0.004842921208092096,0.0808083872818139
5,2025-01-02,2024-12-12,0.00859100943178619,0.004842921208092096,-0.0003111828153671
5,2025-01-03,2024-12-12,0.006967103737679958,0.004842921208092096,-0.0317147543274616
5,2025-01-04,2024-12-12,0.008753218835200853,0.004842921208092096,-0.0577069959937079
5,2025-01-05,2024-12-12,0.007850165953129259,0.004842921208092096,-0.0369801393015161
5,2025-01-06,2024-12-12,0.0054726507476358524,0.004842921208092096,-0.0746864106045251
5,2025-01-07,2024-12-12,0.0027281126272775003,0.004842921208092096,-0.0248523510124996
5,2025-01-08,2024-12-12,0.002947497065844723,0.004842921208092096,-0.0055176376419212
5,2025-01-09,2024-12-12,0.003670885562403139,0.004842921208092096,0.0433091535408718
5,2025-01-10,2024-12-12,0.0071649997048619605,0.004842921208092096,0.0609255462934137
5,2025-01-11,2025-01-11,0.007450673116989408,0.004595128607884341,0.0569483146879825
5,2025-01-12,2025-01-11,0.00914906221480976,0.004595128607884341,0.1008240938236222
5,2025-01-13,2025-01-11,0.0188272790276147,0.004595128607884341,0.1059926313863168
5,2025-01-14,2025-01-11,0.01434802175165806,0.004595128607884341,0.0494062501100343
5,2025-01-15,2025-01-11,0.016659594565890817,0.004595128607884341,0.0175393679534832
5,2025-01-16,2025-01-11,0.017514079482451074,0.004595128607884341,0.0615730197735113
5,2025-01-17,2025-01-11,0.01694528449593627,0.004595128607884341,-0.0035629225457802
5,2025-01-18,2025-01-11,0.017708214539280998,0.004595128607884341,-0.0061774415546543
5,2025-01-19,2025-01-11,0.017708214539280998,0.004595128607884341,0.0349242590438496
5,2025-01-20,2025-01-11,0.01403478223540698,0.004595128607884341,0.0243187928497172
5,2025-01-21,2025-01-11,0.013209136381680751,0.004595128607884341,-0.0331985413752774
5,2025-01-22,2025-01-11,0.009329934386327498,0.004595128607884341,-0.0156579143518844
5,2025-01-23,2025-01-11,0.007692725287151637,0.004595128607884341,-0.0247792471856024
5,2025-01-24,2025-01-11,0.007050153706274016,0.004595128607884341,-0.0108444224066824
5,2025-01-25,2025-01-11,0.007048663917295938,0.004595128607884341,-0.0002282646208454
5,2025-01-26,2025-01-11,0.007221374426979143,0.004595128607884341,-0.0018557786006626
5,2025-01-27,2025-01-11,0.007795971774306918,0.004595128607884341,-0.014176527041815
5,2025-01-28,2025-01-11,0.007321175133597202,0.004595128607884341,-0.0358702456946982
5,2025-01-29,2025-01-11,0.007411080688249543,0.004595128607884341,-0.0231817689296122
5,2025-01-30,2025-01-11,0.007184015163951584,0.004595128607884341,-0.0664592686187
5,2025-01-31,2025-01-11,0.007184015163951584,0.004595128607884341,-0.0567915160428298
5,2025-02-01,2025-01-11,0.0073202785645208905,0.004595128607884341,-0.0405552108025335
5,2025-02-02,2025-01-11,0.008324768315078574,0.004595128607884341,-0.0122188617284705
5,2025-02-03,2025-01-11,0.008153547594373443,0.004595128607884341,-0.0481974867490416
5,2025-02-04,2025-01-11,0.009397784327644257,0.004595128607884341,-0.0133013335395461
5,2025-02-05,2025-01-11,0.009184466164847648,0.004595128607884341,0.0084708561827915
5,2025-02-06,2025-01-11,0.009439907077178785,0.004595128607884341,-0.0080384778106838
5,2025-02-07,2025-01-11,0.009482926395789626,0.004595128607884341,0.0141253258837719
5,2025-02-08,2025-01-11,0.009396294538666179,0.004595128607884341,0.0016942344393275
5,2025-02-09,2025-01-11,0.010008052169682815,0.004595128607884341,0.0107578313908736
5,2025-02-10,2025-02-10,0.0068976691558107605,0.004587151486560159,0.0014250111001836
5,2025-02-11,2025-02-10,0.008040644673605046,0.004587151486560159,0.0035490330785084
5,2025-02-12,2025-02-10,0.0065594612625527555,0.004587151486560159,-0.0213547584913414
5,2025-02-13,2025-02-10,0.007366732781821162,0.004587151486560159,-0.0096927650195934
5,2025-02-14,2025-02-10,0.006503189982075295,0.004587151486560159,-0.0087805721571831
5,2025-02-15,2025-02-10,0.006247100457185784,0.004587151486560159,0.0075365641327436
5,2025-02-16,2025-02-10,0.006365329225245174,0.004587151486560159,0.0006643908557513
5,2025-02-17,2025-02-10,0.007097810888765546,0.004587151486560159,0.0080498016287324
5,2025-02-18,2025-02-10,0.006936692480033751,0.004587151486560159,0.0061278283430403
5,2025-02-19,2025-02-10,0.005575409862426759,0.004587151486560159,-0.052682737752856
5,2025-02-20,2025-02-10,0.006520761183327266,0.004587151486560159,-0.097905498194395
5,2025-02-21,2025-02-10,0.006405956397037405,0.004587151486560159,-0.1240553583945766
5,2025-02-22,2025-02-10,0.006462749461251599,0.004587151486560159,-0.1226546464920459
5,2025-02-23,2025-02-10,0.006504525466894786,0.004587151486560159,-0.123709821521328
5,2025-02-24,2025-02-10,0.005969033303220821,0.004587151486560159,-0.0599473222469899
5,2025-02-25,2025-02-10,0.007495954037498144,0.004587151486560159,0.0630308388324816
5,2025-02-26,2025-02-10,0.011478822683958537,0.004587151486560159,0.0233889364391184
5,2025-02-27,2025-02-10,0.012241200472986678,0.004587151486560159,0.0303794491655979
5,2025-02-28,2025-02-10,0.007536225563144334,0.004587151486560159,0.0741680432730598
5,2025-03-01,2025-02-10,0.01180764069278904,0.004587151486560159,0.0449355849616561
5,2025-03-02,2025-02-10,0.014335928273024377,0.004587151486560159,-0.079221915773841
5,2025-03-03,2025-02-10,0.01083940787245994,0.004587151486560159,2.134060522185344e-05
5,2025-03-04,2025-02-10,0.011161252720535161,0.004587151486560159,-0.0750167445788925
5,2025-03-05,2025-02-10,0.008833048487083757,0.004587151486560159,-0.132553569018214
5,2025-03-06,2025-02-10,0.010083030756575783,0.004587151486560159,-0.0778244513709207
5,2025-03-07,2025-02-10,0.004422246236933469,0.004587151486560159,-0.0359627542071444
5,2025-03-08,2025-02-10,0.0015358489276788318,0.004587151486560159,-0.0592266863212539
5,2025-03-09,2025-02-10,0.006611939288172939,0.004587151486560159,0.0402409779131243
5,2025-03-10,2025-02-10,0.0066400901250630705,0.004587151486560159,0.0730646626934294
5,2025-03-11,2025-02-10,0.005713101733259306,0.004587151486560159,-0.004322284774732
5,2025-03-12,2025-03-12,0.009612892304454,0.003967249208470588,0.003942513466759
5,2025-03-13,2025-03-12,0.00998043899959208,0.003967249208470588,0.0197156459569272
5,2025-03-14,2025-03-12,-0.0007072770781313517,0.003967249208470588,0.0340870555063395
5,2025-03-15,2025-03-12,0.00026461827707454505,0.003967249208470588,-0.0013641466453494
5,2025-03-16,2025-03-12,0.00905742812681344,0.003967249208470588,0.0183381001381417
5,2025-03-17,2025-03-12,-0.00234986227272641,0.003967249208470588,-0.0020169020294362
5,2025-03-18,2025-03-12,-0.00451841906016977,0.003967249208470588,0.040711706203818
5,2025-03-19,2025-03-12,0.00443264095839049,0.003967249208470588,0.0075100804942638
5,2025-03-20,2025-03-12,-0.005508677022222031,0.003967249208470588,0.0376318265033026
5,2025-03-21,2025-03-12,-0.0059876331434591526,0.003967249208470588,0.0335404992746357
5,2025-03-22,2025-03-12,-0.0035906100673629413,0.003967249208470588,0.0404508126672296
5,2025-03-23,2025-03-12,-0.005121835694045773,0.003967249208470588,-0.0192619870473091
5,2025-03-24,2025-03-12,-0.004657041690569311,0.003967249208470588,-0.0554253940882871
5,2025-03-25,2025-03-12,-0.0064382863634953255,0.003967249208470588,-0.057245859988349
5,2025-03-26,2025-03-12,-0.005416200613376156,0.003967249208470588,-0.0501576530992069
5,2025-03-27,2025-03-12,-0.00357433034550258,0.003967249208470588,-0.0237718929094949
5,2025-03-28,2025-03-12,0.0018069796654567275,0.003967249208470588,-0.0226011727891872
5,2025-03-29,2025-03-12,0.005096139110211493,0.003967249208470588,0.0068307316741469
5,2025-03-30,2025-03-12,0.008815377450085293,0.003967249208470588,0.0182046386945791
5,2025-03-31,2025-03-12,0.0007959263020041456,0.003967249208470588,0.0119682602097808
5,2025-04-01,2025-03-12,0.0006129677531337054,0.003967249208470588,-0.0790097599366074
5,2025-04-02,2025-03-12,0.0033161112734365465,0.003967249208470588,-0.0406350067362455
5,2025-04-03,2025-03-12,0.0027136449135335143,0.003967249208470588,-0.0828075246334441
5,2025-04-04,2025-03-12,0.00944963855639296,0.003967249208470588,-0.0151943256080858
5,2025-04-05,2025-03-12,0.013218144662747282,0.003967249208470588,-0.0470527241558003
5,2025-04-06,2025-03-12,0.01338517594352947,0.003967249208470588,0.0636725742700496
5,2025-04-07,2025-03-12,0.0006037888413179788,0.003967249208470588,0.0772285217229611
5,2025-04-08,2025-03-12,0.013105341457741513,0.003967249208470588,0.0974494781480985
5,2025-04-09,2025-03-12,0.007047345042190076,0.003967249208470588,0.0239224685233543
5,2025-04-10,2025-03-12,0.007172469592839958,0.003967249208470588,0.0507075356154522
5,2025-04-11,2025-04-11,0.008370385098899197,0.0038086327992315713,0.0072705835646023
5,2025-04-12,2025-04-11,0.010954198800245236,0.0038086327992315713,-0.0038579029021926
5,2025-04-13,2025-04-11,0.006330919392278708,0.0038086327992315713,0.0085325931232091
5,2025-04-14,2025-04-11,0.005667026192873456,0.0038086327992315713,0.0057385144006056
5,2025-04-15,2025-04-11,-0.005960028720933439,0.0038086327992315713,0.0183545763419463
5,2025-04-16,2025-04-11,-0.004814852846697501,0.0038086327992315713,0.0414832111910001
5,2025-04-17,2025-04-11,-0.0035999726400727508,0.0038086327992315713,0.1000034020848776
5,2025-04-18,2025-04-11,-0.0070329858803118315,0.0038086327992315713,0.1091023832108766
5,2025-04-19,2025-04-11,-0.0021410276332186097,0.0038086327992315713,0.1046517737282963
5,2025-04-20,2025-04-11,-0.004188533720336177,0.0038086327992315713,0.1110533505581874
5,2025-04-21,2025-04-11,-0.001811578429628552,0.0038086327992315713,0.0812622984331021
5,2025-04-22,2025-04-11,0.010888805430482087,0.0038086327992315713,0.0032780415095878
5,2025-04-23,2025-04-11,-0.0026696466307244153,0.0038086327992315713,0.0140899219007828
5,2025-04-24,2025-04-11,-0.005159128522462007,0.0038086327992315713,0.0029405045537653
5,2025-04-25,2025-04-11,-0.004573775773552402,0.0038086327992315713,-0.0049311761322113
5,2025-04-26,2025-04-11,-0.0029398999039365794,0.0038086327992315713,0.0196761000972227
5,2025-04-27,2025-04-11,-0.0032052070615295612,0.0038086327992315713,0.0334705432467228
5,2025-04-28,2025-04-11,-0.005088023648543261,0.0038086327992315713,0.0088962162137129
5,2025-04-29,2025-04-11,-0.00592827578910612,0.0038086327992315713,0.0002206736870604
5,2025-04-30,2025-04-11,-0.005421432903936781,0.0038086327992315713,0.0059644055557914
5,2025-05-01,2025-04-11,-0.0034449180217589774,0.0038086327992315713,0.0035662796244706
5,2025-05-02,2025-04-11,-0.00630326635477881,0.0038086327992315713,0.00147965973606
5,2025-05-03,2025-04-11,-0.004458531499184253,0.0038086327992315713,0.0772528329349251
5,2025-05-04,2025-04-11,-0.00193202189170652,0.0038086327992315713,0.0922209321788141
5,2025-05-05,2025-04-11,-0.004596737522508315,0.0038086327992315713,0.1063597444963608
5,2025-05-06,2025-04-11,-0.00024020606675785976,0.0038086327992315713,0.0752212910297434
5,2025-05-07,2025-04-11,-0.0043689360082391935,0.0038086327992315713,0.0593712286342955
5,2025-05-08,2025-04-11,-0.001779625292646995,0.0038086327992315713,0.0081552096810431
5,2025-05-09,2025-04-11,-0.003263086392565697,0.0038086327992315713,0.0052036480988664
5,2025-05-10,2025-04-11,0.0031395954591935814,0.0038086327992315713,-0.0099782910962389
5,2025-05-11,2025-05-11,0.003040226566492095,0.004593954680180886,-0.0062822950882652
5,2025-05-12,2025-05-11,0.00210412551684357,0.004593954680180886,0.0032622404304174
5,2025-05-13,2025-05-11,0.002552829645566697,0.004593954680180886,0.0225788281148837
5,2025-05-14,2025-05-11,0.002154399848291033,0.004593954680180886,0.0199590716913948
5,2025-05-15,2025-05-11,0.0020221455334187956,0.004593954680180886,0.0297433466864283
5,2025-05-16,2025-05-11,0.002066404405792154,0.004593954680180886,0.059731848499815
5,2025-05-17,2025-05-11,0.0028027309061061044,0.004593954680180886,0.0830974340774184
5,2025-05-18,2025-05-11,0.004308407076469215,0.004593954680180886,0.0081165375627054
5,2025-05-19,2025-05-11,0.0037723762465581676,0.004593954680180886,0.020726460955158
5,2025-05-20,2025-05-11,0.014208105968277016,0.004593954680180886,0.0201609752139424
5,2025-05-21,2025-05-11,0.014253633381946787,0.004593954680180886,-0.0019079933154567
5,2025-05-22,2025-05-11,0.014052630256680704,0.004593954680180886,-0.0246923328911519
5,2025-05-23,2025-05-11,0.013025734550224193,0.004593954680180886,0.0043187415380228
5,2025-05-24,2025-05-11,0.012654823027394388,0.004593954680180886,-0.0201570295107056
5,2025-05-25,2025-05-11,0.011229172775686563,0.004593954680180886,-0.0460414411592802
5,2025-05-26,2025-05-11,0.010305661873760828,0.004593954680180886,-0.0442538428592953
5,2025-05-27,2025-05-11,0.00691519537097977,0.004593954680180886,-0.0302487181490198
5,2025-05-28,2025-05-11,0.005171357215220208,0.004593954680180886,-0.0178489351354189
5,2025-05-29,2025-05-11,0.004687062034226084,0.004593954680180886,-0.0020159153705733
5,2025-05-30,2025-05-11,0.00420824140197596,0.004593954680180886,0.006841147437123
5,2025-05-31,2025-05-11,0.00730977243753875,0.004593954680180886,-0.0294783878060133
5,2025-06-01,2025-05-11,0.007442298089794661,0.004593954680180886,-0.0128213975133024
5,2025-06-02,2025-05-11,0.005930215499452747,0.004593954680180886,-0.0028891536670969
5,2025-06-03,2025-05-11,0.006100755196971162,0.004593954680180886,0.003388883463917
5,2025-06-04,2025-05-11,0.006057747223772763,0.004593954680180886,0.0531645361666053
5,2025-06-05,2025-05-11,0.006095938525411976,0.004593954680180886,0.0863542900961771
5,2025-06-06,2025-05-11,0.005306885740129418,0.004593954680180886,0.0417752916814173
5,2025-06-07,2025-05-11,0.006373822289026402,0.004593954680180886,0.0011328997088169
5,2025-06-08,2025-05-11,0.006737084919906688,0.004593954680180886,0.0031455350218472
5,2025-06-09,2025-05-11,0.006577778297631457,0.004593954680180886,-0.0439710430568653
5,2025-06-10,2025-06-10,0.007682705278408647,0.00466554275618153,-0.042443036864679
5,2025-06-11,2025-06-10,0.005858495031350581,0.00466554275618153,-0.0170333467347635
5,2025-06-12,2025-06-10,0.005046244815362828,0.00466554275618153,-0.0106041606397472
5,2025-06-13,2025-06-10,0.00782337708356713,0.00466554275618153,-0.0111232952808231
5,2025-06-14,2025-06-10,0.008794311623215229,0.00466554275618153,-0.0071721536970577
5,2025-06-15,2025-06-10,0.010036096301915265,0.00466554275618153,-0.0217438470231406
5,2025-06-16,2025-06-10,0.009079052310427558,0.00466554275618153,-0.0437711556949593
5,2025-06-17,2025-06-10,0.008849937475706988,0.00466554275618153,-0.0343114285569449
5,2025-06-18,2025-06-10,0.007151396882280141,0.00466554275618153,0.0042631683420921
5,2025-06-19,2025-06-10,0.007636607007797508,0.00466554275618153,0.0136100629675979
5,2025-06-20,2025-06-10,0.006731486790194742,0.00466554275618153,0.0391352242187867
5,2025-06-21,2025-06-10,0.007607604407204084,0.00466554275618153,0.04726840508535
5,2025-06-22,2025-06-10,0.00793656162007329,0.00466554275618153,0.0602564065739557
5,2025-06-23,2025-06-10,0.0059914574178916045,0.00466554275618153,0.0186346412784561
5,2025-06-24,2025-06-10,0.0056171841022167055,0.00466554275618153,0.0214353855000328
5,2025-06-25,2025-06-10,0.006060533420014085,0.00466554275618153,-0.0018080766845121
5,2025-06-26,2025-06-10,0.006068540582661352,0.00466554275618153,-0.011836884529598
5,2025-06-27,2025-06-10,0.006142760362391142,0.00466554275618153,0.0168337278774797
5,2025-06-28,2025-06-10,0.007511149554430376,0.00466554275618153,0.0213239370907554
5,2025-06-29,2025-06-10,0.010588907013953595,0.00466554275618153,-0.0034394662159585
5,2025-06-30,2025-06-10,0.007194801237508154,0.00466554275618153,0.0098147862972659
5,2025-07-01,2025-06-10,0.007221267908214714,0.00466554275618153,0.0333332891753439
5,2025-07-02,2025-06-10,0.0103508739125775,0.00466554275618153,-0.0053896385471329
5,2025-07-03,2025-06-10,0.008571618835898968,0.00466554275618153,-0.0060391598176315
5,2025-07-04,2025-06-10,0.008236712863437213,0.00466554275618153,0.030094669370271
5,2025-07-05,2025-06-10,0.007352073057235291,0.00466554275618153,0.0721997757447172
5,2025-07-06,2025-06-10,0.008783761492097962,0.00466554275618153,0.0762227775140509
5,2025-07-07,2025-06-10,0.00795034448545542,0.00466554275618153,0.0845816675586308
5,2025-07-08,2025-06-10,0.007765277832346044,0.00466554275618153,0.0933105208836555
5,2025-07-09,2025-06-10,0.01037330424303603,0.00466554275618153,0.0773791356401041
5,2025-07-10,2025-07-10,0.0074262082588620725,0.00468743476263425,0.0150684423756572
5,2025-07-11,2025-07-10,0.007081121307541962,0.00468743476263425,0.0093830677816608
5,2025-07-12,2025-07-10,0.007326385092584687,0.00468743476263425,0.0149681485266564
5,2025-07-13,2025-07-10,0.008561801725078725,0.00468743476263425,-0.0097559222428309
5,2025-07-14,2025-07-10,0.009636111351956737,0.00468743476263425,-0.0166986005978913
5,2025-07-15,2025-07-10,0.012623892293686696,0.00468743476263425,-0.0041862941221277
5,2025-07-16,2025-07-10,0.00792458007744731,0.00468743476263425,-0.0105375155430187
5,2025-07-17,2025-07-10,0.010099134628456914,0.00468743476263425,0.0065185090213291
5,2025-07-18,2025-07-10,0.007496509894106028,0.00468743476263425,0.007048133370374
5,2025-07-19,2025-07-10,0.007875170333057733,0.00468743476263425,0.00425144263408
5,2025-07-20,2025-07-10,0.00926599434494841,0.00468743476263425,0.0029777823107162
5,2025-07-21,2025-07-10,0.00999113133292781,0.00468743476263425,0.0045972767505568
5,2025-07-22,2025-07-10,0.013173510829560423,0.00468743476263425,-0.0044922896546871
5,2025-07-23,2025-07-10,0.012607255819011742,0.00468743476263425,-0.005841136939703
5,2025-07-24,2025-07-10,0.01307378282302605,0.00468743476263425,-0.003297504947356
5,2025-07-25,2025-07-10,0.012649204298747045,0.00468743476263425,0.0019214498643915
5,2025-07-26,2025-07-10,0.007954183206813509,0.00468743476263425,-0.0182828204106869
5,2025-07-27,2025-07-10,0.00991811234084455,0.00468743476263425,-0.0512296765371009
5,2025-07-28,2025-07-10,0.007369052974338666,0.00468743476263425,-0.0467208335394392
5,2025-07-29,2025-07-10,0.006615769671618935,0.00468743476263425,-0.0317247637912633
5,2025-07-30,2025-07-10,0.007114485103393133,0.00468743476263425,-0.0236359717346272
5,2025-07-31,2025-07-10,0.007191385628582509,0.00468743476263425,-0.0141177643358804
5,2025-08-01,2025-07-10,0.008583962796141178,0.00468743476263425,0.0149547304174049
5,2025-08-02,2025-07-10,0.007496311439044628,0.00468743476263425,0.0437656130118835
5,2025-08-03,2025-07-10,0.010125340108524863,0.00468743476263425,0.0215915060835942
5,2025-08-04,2025-07-10,0.006883080934927745,0.00468743476263425,0.0122308429279449
5,2025-08-05,2025-07-10,0.006732650728121856,0.00468743476263425,0.045249025779869
5,2025-08-06,2025-07-10,0.006602202154107737,0.00468743476263425,0.0321215504311724
5,2025-08-07,2025-07-10,0.007106413096804425,0.00468743476263425,0.0226613131076927
5,2025-08-08,2025-07-10,0.006771879910728348,0.00468743476263425,0.0568391238754848
5,2025-08-09,2025-08-09,0.007476455917128439,0.004757483906018948,0.0157376317218669
5,2025-08-10,2025-08-09,0.007649936959808911,0.004757483906018948,-0.0163625985914966
5,2025-08-11,2025-08-09,0.008231749524011171,0.004757483906018948,-0.0109982643277218
5,2025-08-12,2025-08-09,0.008289240447509533,0.004757483906018948,-0.022716867686505
5,2025-08-13,2025-08-09,0.015708000947062945,0.004757483906018948,-0.0574129021495471
5,2025-08-14,2025-08-09,0.007912271598384292,0.004757483906018948,-0.0458357992711278
5,2025-08-15,2025-08-09,0.006788132542155826,0.004757483906018948,-0.0261697319929214
5,2025-08-16,2025-08-09,0.007009384704479942,0.004757483906018948,-0.0415797627990845
5,2025-08-17,2025-08-09,0.007958778313055479,0.004757483906018948,-0.0039948891448499
5,2025-08-18,2025-08-09,0.007811157361467927,0.004757483906018948,-0.0067884369430352
5,2025-08-19,2025-08-09,0.012588615266647486,0.004757483906018948,0.0054986607064544
5,2025-08-20,2025-08-09,0.007333677949415222,0.004757483906018948,-0.0363981348237755
5,2025-08-21,2025-08-09,0.008416966278667642,0.004757483906018948,-0.0065491555555555
5,2025-08-22,2025-08-09,0.006697675122131329,0.004757483906018948,-0.0485221017070964
5,2025-08-23,2025-08-09,0.0072335330643595154,0.004757483906018948,-0.0248717818778124
5,2025-08-24,2025-08-09,0.007322560171136749,0.004757483906018948,-0.0450791097541279
5,2025-08-25,2025-08-09,0.012700787447884788,0.004757483906018948,-0.0117666579058881
5,2025-08-26,2025-08-09,0.010378071697766706,0.004757483906018948,-0.0314671499264247
5,2025-08-27,2025-08-09,0.014367590727033357,0.004757483906018948,-0.01819659738306
5,2025-08-28,2025-08-09,0.010243070437328469,0.004757483906018948,-0.0117875681039453
5,2025-08-29,2025-08-09,0.014408886001122322,0.004757483906018948,0.0307103695050814
5,2025-08-30,2025-08-09,0.011595385482294076,0.004757483906018948,0.0175942342477457
5,2025-08-31,2025-08-09,0.014248569106288581,0.004757483906018948,0.0222976571496407
5,2025-09-01,2025-08-09,0.011938708900921713,0.004757483906018948,0.0087016884873334
5,2025-09-02,2025-08-09,0.011830856222275664,0.004757483906018948,-0.0009229592841639
5,2025-09-03,2025-08-09,0.0117559421998669,0.004757483906018948,0.0032184567825583
5,2025-09-04,2025-08-09,0.011624442415877052,0.004757483906018948,0.0073648838846835
5,2025-09-05,2025-08-09,0.010295475751963198,0.004757483906018948,0.0298211666203838
5,2025-09-06,2025-08-09,0.011056270330440517,0.004757483906018948,0.0480517065519947
5,2025-09-07,2025-08-09,0.011112184441866749,0.004757483906018948,0.0440183290332485
5,2025-09-08,2025-09-08,0.005966455004882884,0.0045383520724052735,0.0343822968105271
5,2025-09-09,2025-09-08,0.00599201633200032,0.0045383520724052735,0.0333638766794692
5,2025-09-10,2025-09-08,0.005488704507960915,0.0045383520724052735,0.0121947174447174
5,2025-09-11,2025-09-08,0.0048627505144830845,0.0045383520724052735,0.0113113922095164
5,2025-09-12,2025-09-08,0.004801469403347455,0.0045383520724052735,0.0036039997442027
5,2025-09-13,2025-09-08,0.00521353460607617,0.0045383520724052735,0.0099659855230784
5,2025-09-14,2025-09-08,0.005518220508950664,0.0045383520724052735,0.0031610678452764
5,2025-09-15,2025-09-08,0.00647415463446779,0.0045383520724052735,0.0029121876422575
5,2025-09-16,2025-09-08,0.006876687463451596,0.0045383520724052735,-0.0133289139658406
5,2025-09-17,2025-09-08,0.006102584638746658,0.0045383520724052735,-0.0326035085827022
5,2025-09-18,2025-09-08,0.005553851389942342,0.0045383520724052735,-0.0433465190637029
5,2025-09-19,2025-09-08,0.005988738471983591,0.0045383520724052735,-0.0201101110259946
5,2025-09-20,2025-09-08,0.005589448097899541,0.0045383520724052735,-0.0578389900284072
5,2025-09-21,2025-09-08,0.005712190965289602,0.0045383520724052735,-0.0485005548358015
5,2025-09-22,2025-09-08,0.006116904814649648,0.0045383520724052735,-0.0267653218138607
5,2025-09-23,2025-09-08,0.011330641668082828,0.0045383520724052735,0.0014745693703861
5,2025-09-24,2025-09-08,0.006356585619587263,0.0045383520724052735,0.0088693549383533
5,2025-09-25,2025-09-08,0.014279944403283545,0.0045383520724052735,0.0463733533685968
5,2025-09-26,2025-09-08,0.006563910197144463,0.0045383520724052735,0.0816421699935407
5,2025-09-27,2025-09-08,0.0057237586532369825,0.0045383520724052735,0.0993607474197537
5,2025-09-28,2025-09-08,0.006029816265026841,0.0045383520724052735,0.0897619065662362
5,2025-09-29,2025-09-08,0.006850551622831888,0.0045383520724052735,0.0706753694014168
5,2025-09-30,2025-09-08,0.007116351526017622,0.0045383520724052735,0.0827134458867786
5,2025-10-01,2025-09-08,0.010833671025811313,0.0045383520724052735,0.0511282137634987
5,2025-10-02,2025-09-08,0.011028193484478052,0.0045383520724052735,0.0066672557348064
5,2025-10-03,2025-09-08,0.011510824363270696,0.0045383520724052735,0.0087865698016886
5,2025-10-04,2025-09-08,0.011068157040437688,0.0045383520724052735,-0.0059530521035043
5,2025-10-05,2025-09-08,0.010995331591845167,0.0045383520724052735,-0.0867153359861829
5,2025-10-06,2025-09-08,0.011721106421257217,0.0045383520724052735,-0.1124202160557953
5,2025-10-07,2025-09-08,0.011221113092022499,0.0045383520724052735,-0.0525343692706721
5,2025-10-08,2025-10-08,0.011850074616802285,0.004790019816864317,-0.066014630269411
5,2025-10-09,2025-10-08,0.011850074616802285,0.004790019816864317,-0.0709690093241626
5,2025-10-10,2025-10-08,0.015183721965650104,0.004790019816864317,-0.0178339961604795
5,2025-10-11,2025-10-08,0.014943100021314775,0.004790019816864317,-0.0221440940526587
5,2025-10-12,2025-10-08,0.015006073469636129,0.004790019816864317,-0.0741754437241865
5,2025-10-13,2025-10-08,0.01403662276712363,0.004790019816864317,-0.0692998801729677
5,2025-10-14,2025-10-08,0.014479336151701026,0.004790019816864317,-0.0387988336355884
5,2025-10-15,2025-10-08,0.011653123255398542,0.004790019816864317,-0.0020872440758344
5,2025-10-16,2025-10-08,0.012487100502140719,0.004790019816864317,0.0009555958041405
5,2025-10-17,2025-10-08,0.014908114209437218,0.004790019816864317,0.0106712587830992
5,2025-10-18,2025-10-08,0.014590669528416375,0.004790019816864317,0.0269923005091849
5,2025-10-19,2025-10-08,0.013520188223970542,0.004790019816864317,0.0217419878246856
5,2025-10-20,2025-10-08,0.010878781349204562,0.004790019816864317,0.010080149574662
5,2025-10-21,2025-10-08,0.011799898080064234,0.004790019816864317,0.0578196188339046
5,2025-10-22,2025-10-08,0.012487100502140719,0.004790019816864317,0.0608010193419124
5,2025-10-23,2025-10-08,0.011089941624701536,0.004790019816864317,0.0256206089163175
5,2025-10-24,2025-10-08,0.010957400553465248,0.004790019816864317,-0.0088608709039755
5,2025-10-25,2025-10-08,0.011080195734432578,0.004790019816864317,-0.0297671386603421
5,2025-10-26,2025-10-08,0.011820116125211793,0.004790019816864317,-0.0432211586303699
5,2025-10-27,2025-10-08,0.007765127972874354,0.004790019816864317,-0.03513831018341
5,2025-10-28,2025-10-08,0.0069680883256151875,0.004790019816864317,-0.0208839891070249
5,2025-10-29,2025-10-08,0.012659959708319023,0.004790019816864317,-0.0312507697373845
5,2025-10-30,2025-10-08,0.011430577562595067,0.004790019816864317,-0.0630121724976293
5,2025-10-31,2025-10-08,0.006591975839601016,0.004790019816864317,-0.0522119688150527
5,2025-11-01,2025-10-08,0.006654501863671152,0.004790019816864317,-0.0794932882583805
5,2025-11-02,2025-10-08,0.007774026127866977,0.004790019816864317,-0.0651488664625546
5,2025-11-03,2025-10-08,0.011773788244584317,0.004790019816864317,-0.0400635973603303
5,2025-11-04,2025-10-08,0.014562254664214232,0.004790019816864317,0.0317815601254891
5,2025-11-05,2025-10-08,0.01367032728314858,0.004790019816864317,0.0204646168904201
5,2025-11-06,2025-10-08,0.014112354897595164,0.004790019816864317,0.0169019924212137
5,2025-11-07,2025-11-07,0.0040573134757151885,0.004199716074866981,-0.0163027385186708
5,2025-11-08,2025-11-07,0.004356228875348616,0.004199716074866981,-0.0256167010741749
5,2025-11-09,2025-11-07,0.0044583332190488096,0.004199716074866981,-0.0967214830444059
5,2025-11-10,2025-11-07,0.004426273522674998,0.004199716074866981,-0.0982433636920953
5,2025-11-11,2025-11-07,0.009700580183162444,0.004199716074866981,-0.0853642171342839
5,2025-11-12,2025-11-07,0.005932692608264049,0.004199716074866981,-0.0928561162692759
5,2025-11-13,2025-11-07,0.008120921321476127,0.004199716074866981,-0.0675198476267208
5,2025-11-14,2025-11-07,0.013604324129044146,0.004199716074866981,-0.0321271962280904
5,2025-11-15,2025-11-07,0.0112224198492687,0.004199716074866981,-0.0937171796715018
5,2025-11-16,2025-11-07,0.013234204185512093,0.004199716074866981,-0.0968795936068874
5,2025-11-17,2025-11-07,0.013467917057266871,0.004199716074866981,-0.0810647796012671
5,2025-11-18,2025-11-07,0.011608986466885284,0.004199716074866981,-0.0659506805178051
5,2025-11-19,2025-11-07,0.008578715010035471,0.004199716074866981,-0.035551869609249
5,2025-11-20,2025-11-07,0.013604324129044146,0.004199716074866981,0.008457449528338
5,2025-11-21,2025-11-07,0.013604324129044146,0.004199716074866981,0.0628993991854522
5,2025-11-22,2025-11-07,0.013604324129044146,0.004199716074866981,0.0778172083133603
5,2025-11-23,2025-11-07,0.011465233040929118,0.004199716074866981,0.0467660946677415
5,2025-11-24,2025-11-07,0.007646049475427328,0.004199716074866981,0.0283400873907035
5,2025-11-25,2025-11-07,0.00775928879429057,0.004199716074866981,0.0342227465824638
5,2025-11-26,2025-11-07,0.007228968750717828,0.004199716074866981,-0.0463950430142251
5,2025-11-27,2025-11-07,0.0073014951057312275,0.004199716074866981,-0.0006139009645371
5,2025-11-28,2025-11-07,0.004724675174905371,0.004199716074866981,0.0279374017363711
5,2025-11-29,2025-11-07,0.005800925685584237,0.004199716074866981,0.0140483009046892
5,2025-11-30,2025-11-07,0.004652041167990006,0.004199716074866981,-0.011398406374502
5,2025-12-01,2025-11-07,0.013514013454611758,0.004199716074866981,0.0341976642563492
5,2025-12-02,2025-11-07,0.0042571812626157005,0.004199716074866981,-0.0096690457753839
5,2025-12-03,2025-11-07,0.003510942048423241,0.004199716074866981,-0.0299219896831797
5,2025-12-04,2025-11-07,0.004350156439132734,0.004199716074866981,0.0065242469270097
5,2025-12-05,2025-11-07,0.004675435399009467,0.004199716074866981,0.0300607723896686
5,2025-12-06,2025-11-07,0.004454951109362658,0.004199716074866981,0.0367179276618983
5,2025-12-07,2025-12-07,0.002703964053087049,0.0037734770717056613,-0.0014037232683863
5,2025-12-08,2025-12-07,0.002389535461680241,0.0037734770717056613,-0.0043507791859024
5,2025-12-09,2025-12-07,0.0016965051999671397,0.0037734770717056613,-0.0486263309408409
5,2025-12-10,2025-12-07,0.0005326705974379982,0.0037734770717056613,-0.0606777976331561
5,2025-12-11,2025-12-07,0.0005326705974379982,0.0037734770717056613,-0.0502625674253822
5,2025-12-12,2025-12-07,0.0005321557758038356,0.0037734770717056613,-0.044591452913433
5,2025-12-13,2025-12-07,0.0009613570521941661,0.0037734770717056613,-0.0523448523554018
5,2025-12-14,2025-12-07,0.0041266056610385704,0.0037734770717056613,-0.0003995591806348
5,2025-12-15,2025-12-07,0.00235736798575312,0.0037734770717056613,0.0223160197000926
5,2025-12-16,2025-12-07,0.002250356130174346,0.0037734770717056613,0.0090531417966657
5,2025-12-17,2025-12-07,0.005950748032847709,0.0037734770717056613,0.0275681960854428
5,2025-12-18,2025-12-07,0.006001844703314097,0.0037734770717056613,0.0230317198769218
5,2025-12-19,2025-12-07,0.0025036633408168875,0.0037734770717056613,-0.0053041324103152
5,2025-12-20,2025-12-07,0.0033854085024656176,0.0037734770717056613,-0.0128521778297866
5,2025-12-21,2025-12-07,0.0033854085024656176,0.0037734770717056613,-0.0145422578183387
5,2025-12-22,2025-12-07,0.0034925537913161283,0.0037734770717056613,-0.0083928387458518
5,2025-12-23,2025-12-07,0.003309548879284626,0.0037734770717056613,0.0053346821205679
5,2025-12-24,2025-12-07,0.0032665071551571155,0.0037734770717056613,-0.0049312502815974
5,2025-12-25,2025-12-07,0.003375381441679367,0.0037734770717056613,0.0144478773181211
5,2025-12-26,2025-12-07,0.0012105282363444804,0.0037734770717056613,0.0031894403497052
5,2025-12-27,2025-12-07,0.002497650847584664,0.0037734770717056613,0.0109474594094631
5,2025-12-28,2025-12-07,0.0030623969294890836,0.0037734770717056613,0.0232217972590043
5,2025-12-29,2025-12-07,0.0027787662115529503,0.0037734770717056613,0.0388696877121013
5,2025-12-30,2025-12-07,0.0033960043801905438,0.0037734770717056613,0.0344038327639932
5,2025-12-31,2025-12-07,0.003859303332335008,0.0037734770717056613,0.0708684101057615
5,2026-01-01,2025-12-07,0.0028739144565494037,0.0037734770717056613,0.055256450317338
5,2026-01-02,2025-12-07,0.003355341880086994,0.0037734770717056613,0.0152122675971466
5,2026-01-03,2025-12-07,0.004387117315423361,0.0037734770717056613,0.0052078821988921
5,2026-01-04,2025-12-07,0.003533861751392387,0.0037734770717056613,-0.0097066821894918
5,2026-01-05,2025-12-07,0.003429130173711642,0.0037734770717056613,-0.0357449431710369
5,2026-01-06,2026-01-06,0.003591061867049639,0.003750156745157776,-0.0291667115565276
5,2026-01-07,2026-01-06,0.0045554310190234,0.003750156745157776,-0.0007438365328374
5,2026-01-08,2026-01-06,0.003714569638826757,0.003750156745157776,0.0473546704011711
5,2026-01-09,2026-01-06,0.002707720166093301,0.003750156745157776,0.0696205967082548
5,2026-01-10,2026-01-06,0.004045645576443468,0.003750156745157776,0.0563517695766075
5,2026-01-11,2026-01-06,0.004755993318757169,0.003750156745157776,0.0498528517425684
5,2026-01-12,2026-01-06,0.0038987461210068315,0.003750156745157776,0.0421876266482066
5,2026-01-13,2026-01-06,0.004159963847761934,0.003750156745157776,-0.0182453308738759
5,2026-01-14,2026-01-06,0.004087826745671202,0.003750156745157776,-0.0445662782055161
5,2026-01-15,2026-01-06,0.0038010903692369405,0.003750156745157776,-0.0750709169414087
5,2026-01-16,2026-01-06,0.0027036723837915613,0.003750156745157776,-0.063800628230345
5,2026-01-17,2026-01-06,0.004216721641471504,0.003750156745157776,-0.0587307511253285
5,2026-01-18,2026-01-06,0.004918291718590424,0.003750156745157776,-0.0434796997303603
5,2026-01-19,2026-01-06,0.0043050574207508735,0.003750156745157776,-0.0367658775140071
5,2026-01-20,2026-01-06,0.006206918183382349,0.003750156745157776,-0.0198727411762338
5,2026-01-21,2026-01-06,0.0033345460098278645,0.003750156745157776,-0.0123822407154993
5,2026-01-22,2026-01-06,0.0037296393030762727,0.003750156745157776,-0.0034576947413942
5,2026-01-23,2026-01-06,0.0036949259028178035,0.003750156745157776,-0.0033512179540549
5,2026-01-24,2026-01-06,0.0038576653376151044,0.003750156745157776,-0.0512766888868116
5,2026-01-25,2026-01-06,0.0065014832766278575,0.003750156745157776,-0.0278050073866082
5,2026-01-26,2026-01-06,0.003162631059427132,0.003750156745157776,-0.1087301357328391
5,2026-01-27,2026-01-06,0.003671512078399241,0.003750156745157776,-0.1376110924369746
5,2026-01-28,2026-01-06,0.003680218481121686,0.003750156745157776,-0.1182685462786726
5,2026-01-29,2026-01-06,0.00890922021006579,0.003750156745157776,-0.1049017509240384
5,2026-01-30,2026-01-06,0.0035696085641670925,0.003750156745157776,-0.1316709646478439
5,2026-01-31,2026-01-06,0.009917597446689146,0.003750156745157776,-0.2010542399146366
5,2026-02-01,2026-01-06,0.009824744710691245,0.003750156745157776,-0.0829946545463381
5,2026-02-02,2026-01-06,0.008054820103305759,0.003750156745157776,-0.12000757950896
5,2026-02-03,2026-01-06,0.009866601498868772,0.003750156745157776,-0.0717937828072536
5,2026-02-04,2026-01-06,0.009917597446689146,0.003750156745157776,-0.0413831155882465
5,2026-02-05,2026-02-05,0.008119577137591396,0.0030836117512619437,0.0942845843243014
5,2026-02-06,2026-02-05,0.005019414343097606,0.0030836117512619437,-0.0495569157722002
5,2026-02-07,2026-02-05,0.005964890620573893,0.0030836117512619437,-0.0435450569769856
5,2026-02-08,2026-02-05,0.00471722205961041,0.0030836117512619437,-0.0209926350461919
5,2026-02-09,2026-02-05,0.002050555221521739,0.0030836117512619437,-0.0044918589067267
5,2026-02-10,2026-02-05,0.003242977109458619,0.0030836117512619437,-0.0001265229050761
5,2026-02-11,2026-02-05,0.0033670363956515483,0.0030836117512619437,0.0269803519605402
5,2026-02-12,2026-02-05,0.002958847397071282,0.0030836117512619437,0.0185801973890398
5,2026-02-13,2026-02-05,0.0019844388067638595,0.0030836117512619437,-0.0347541375978956
5,2026-02-14,2026-02-05,0.001977567486636322,0.0030836117512619437,-0.0403766956280134
5,2026-02-15,2026-02-05,0.0034057175651541456,0.0030836117512619437,-0.0118050202389625
5,2026-02-16,2026-02-05,0.003802446987868858,0.0030836117512619437,-0.0133033484230415
5,2026-02-17,2026-02-05,0.002817814603834758,0.0030836117512619437,0.002072188235517
5,2026-02-18,2026-02-05,0.005423031356412906,0.0030836117512619437,-0.0271584839229022
5,2026-02-19,2026-02-05,0.0055215712143065355,0.0030836117512619437,-0.0439614331918535
5,2026-02-20,2026-02-05,0.002765192959812495,0.0030836117512619437,-0.0004700087518364
5,2026-02-21,2026-02-05,0.002962585897033486,0.0030836117512619437,-0.0072194672437728
5,2026-02-22,2026-02-05,0.003895285505627537,0.0030836117512619437,-0.0261858510955982
5,2026-02-23,2026-02-05,0.005653032214649522,0.0030836117512619437,0.0358395088345988
5,2026-02-24,2026-02-05,0.007846998130854856,0.0030836117512619437,0.026824377538221
5,2026-02-25,2026-02-05,0.002032020007117336,0.0030836117512619437,0.0123848253310436
5,2026-02-26,2026-02-05,-0.00010706250234854397,0.0030836117512619437,0.0126371449257451
5,2026-02-27,2026-02-05,0.0006549818258813251,0.0030836117512619437,0.1031494365596359
5,2026-02-28,2026-02-05,0.0034606168716566454,0.0030836117512619437,0.0584928970159135
5,2026-03-01,2026-02-05,0.002718786861642901,0.0030836117512619437,0.0355377842562849
5,2026-03-02,2026-02-05,0.0001555111749112558,0.0030836117512619437,-0.0227683950878437
5,2026-03-03,2026-02-05,0.005713998124060254,0.0030836117512619437,-0.034633732330475
10,2023-06-21,2023-06-21,-0.005792809357239338,-0.0031641059135622423,0.0197376865754992
10,2023-06-22,2023-06-21,-0.005996032750840304,-0.0031641059135622423,0.0244976396122191
10,2023-06-23,2023-06-21,-0.005998616389562117,-0.0031641059135622423,0.0152402365707025
10,2023-06-24,2023-06-21,-0.0061299553853576315,-0.0031641059135622423,0.0078316451794335
10,2023-06-25,2023-06-21,-0.006652428475007601,-0.0031641059135622423,0.0013836611773234
10,2023-06-26,2023-06-21,-0.007571608198171948,-0.0031641059135622423,-0.012308712934027
10,2023-06-27,2023-06-21,-0.008092689775439503,-0.0031641059135622423,-0.0113298258463646
10,2023-06-28,2023-06-21,-0.006706067779848574,-0.0031641059135622423,0.0068895559823802
10,2023-06-29,2023-06-21,-0.008410072994716059,-0.0031641059135622423,-0.0094129826247376
10,2023-06-30,2023-06-21,-0.006982808338230513,-0.0031641059135622423,-0.0019831320556576
10,2023-07-01,2023-06-21,-0.007782622211326698,-0.0031641059135622423,0.0011835518980967
10,2023-07-02,2023-06-21,-0.006565654214713804,-0.0031641059135622423,-0.0077417698581475
10,2023-07-03,2023-06-21,-0.007024408107032845,-0.0031641059135622423,0.0095656723220418
10,2023-07-04,2023-06-21,-0.007006136425292774,-0.0031641059135622423,-0.0147725562632875
10,2023-07-05,2023-06-21,-0.006815942919315455,-0.0031641059135622423,-0.0070575755102227
10,2023-07-06,2023-06-21,-0.005494555617196586,-0.0031641059135622423,0.0112579079812533
10,2023-07-07,2023-06-21,-0.007803789585069133,-0.0031641059135622423,-0.0068117331856963
10,2023-07-08,2023-06-21,-0.008178526739325344,-0.0031641059135622423,-0.0140500313195175
10,2023-07-09,2023-06-21,-0.008112183867476615,-0.0031641059135622423,-0.0083386631150261
10,2023-07-10,2023-06-21,-0.0086833190263335,-0.0031641059135622423,-0.0201097805867963
10,2023-07-11,2023-06-21,-0.009536680694191169,-0.0031641059135622423,-0.023524839903207
10,2023-07-12,2023-06-21,-0.008867663961630105,-0.0031641059135622423,-0.0192890059249506
10,2023-07-13,2023-06-21,-0.007539450771306663,-0.0031641059135622423,-0.0435706103757745
10,2023-07-14,2023-06-21,-0.009078772106322621,-0.0031641059135622423,-0.0374607292620977
10,2023-07-15,2023-06-21,-0.008331256587047165,-0.0031641059135622423,-0.0350157414181538
10,2023-07-16,2023-06-21,-0.0082547706114813,-0.0031641059135622423,-0.0291092316450224
10,2023-07-17,2023-06-21,-0.0074881102740514535,-0.0031641059135622423,-0.0303676421793085
10,2023-07-18,2023-06-21,-0.0076967318972579355,-0.0031641059135622423,-0.0182520388236362
10,2023-07-19,2023-06-21,-0.007954419175133207,-0.0031641059135622423,-0.0185999563345202
10,2023-07-20,2023-06-21,-0.0059419571665006304,-0.0031641059135622423,-0.0174130872483221
10,2023-07-21,2023-07-21,-0.0021273970271185054,-0.0013668134819141235,-0.0223890130734955
10,2023-07-22,2023-07-21,-0.0011699582661886367,-0.0013668134819141235,-0.002953950459824
10,2023-07-23,2023-07-21,-0.002570241504457577,-0.0013668134819141235,-0.0298413595379566
10,2023-07-24,2023-07-21,-0.0004059891775545329,-0.0013668134819141235,0.0005874590852226
10,2023-07-25,2023-07-21,-0.0002348420558839427,-0.0013668134819141235,-0.003931723762535
10,2023-07-26,2023-07-21,-0.0006217594184301845,-0.0013668134819141235,-0.0095336052515743
10,2023-07-27,2023-07-21,-0.00039757119418356245,-0.0013668134819141235,-0.0045977829624697
10,2023-07-28,2023-07-21,-0.0008310981482019547,-0.0013668134819141235,-0.0035163917481459
10,2023-07-29,2023-07-21,-0.0016026687736768511,-0.0013668134819141235,0.0142241482102278
10,2023-07-30,2023-07-21,-0.001537155550035655,-0.0013668134819141235,0.0102762567923531
10,2023-07-31,2023-07-21,-0.0012400177313294134,-0.0013668134819141235,0.0076456653182701
10,2023-08-01,2023-07-21,-0.0020800922646504487,-0.0013668134819141235,-0.009424361887956
10,2023-08-02,2023-07-21,-0.0006918169338148782,-0.0013668134819141235,0.0083656518996602
10,2023-08-03,2023-07-21,-0.0006174076328228747,-0.0013668134819141235,0.0037747947840693
10,2023-08-04,2023-07-21,-0.0016325952461422179,-0.0013668134819141235,0.0108861753404463
10,2023-08-05,2023-07-21,-0.0011173526631605086,-0.0013668134819141235,0.0043983705356298
10,2023-08-06,2023-07-21,-0.0015485313088877263,-0.0013668134819141235,-0.012304209028885
10,2023-08-07,2023-07-21,-0.0019389103022652942,-0.0013668134819141235,-0.0885845977516736
10,2023-08-08,2023-07-21,0.001640155630573314,-0.0013668134819141235,-0.1248359949238203
10,2023-08-09,2023-07-21,0.001504801044699814,-0.0013668134819141235,-0.1177060772449725
10,2023-08-10,2023-07-21,-0.0014702341383667165,-0.0013668134819141235,-0.1108700338643557
10,2023-08-11,2023-07-21,-0.0024351559139267277,-0.0013668134819141235,-0.1121153618072162
10,2023-08-12,2023-07-21,-0.004048603381407016,-0.0013668134819141235,-0.1146500343015347
10,2023-08-13,2023-07-21,-0.0007595276719275633,-0.0013668134819141235,-0.0979776029353148
10,2023-08-14,2023-07-21,-0.000872873135000986,-0.0013668134819141235,-0.1104579433949249
10,2023-08-15,2023-07-21,-0.0004121971774825771,-0.0013668134819141235,-0.107533904109589
10,2023-08-16,2023-07-21,0.003141055346270661,-0.0013668134819141235,-0.0944341050680965
10,2023-08-17,2023-07-21,0.004148568914817284,-0.0013668134819141235,-0.0195932827537869
10,2023-08-18,2023-07-21,0.002794736271526455,-0.0013668134819141235,0.0025332002763491
10,2023-08-19,2023-07-21,0.002860323159716487,-0.0013668134819141235,0.0619283287630925
10,2023-08-20,2023-08-20,0.0015839592409351423,-0.002186342313207159,0.0423826049570847
10,2023-08-21,2023-08-20,0.001621610358174434,-0.002186342313207159,-0.0071244524804301
10,2023-08-22,2023-08-20,0.00018691097305266347,-0.002186342313207159,-0.0096311789990789
10,2023-08-23,2023-08-20,-0.0007898364021900436,-0.002186342313207159,-0.0213073039777973
10,2023-08-24,2023-08-20,-0.0007002367317627418,-0.002186342313207159,-0.0079770665067484
10,2023-08-25,2023-08-20,-0.0015619490932017662,-0.002186342313207159,-0.0089788914125511
10,2023-08-26,2023-08-20,-0.0025779016615722437,-0.002186342313207159,-0.008658446261094
10,2023-08-27,2023-08-20,-0.0014750980671030625,-0.002186342313207159,-0.0130956636274092
10,2023-08-28,2023-08-20,-0.001136664150137993,-0.002186342313207159,0.0051684532924962
10,2023-08-29,2023-08-20,-0.0011088236574658215,-0.002186342313207159,-0.0651543457758131
10,2023-08-30,2023-08-20,-0.00023147539413518857,-0.002186342313207159,-0.0512227293856152
10,2023-08-31,2023-08-20,-0.0009662353201021493,-0.002186342313207159,-0.003822938246267
10,2023-09-01,2023-08-20,-0.000759030797647225,-0.002186342313207159,-0.0248993898481111
10,2023-09-02,2023-08-20,-0.0021274742030514024,-0.002186342313207159,-0.0011368595694313
10,2023-09-03,2023-08-20,-0.0005463457767980202,-0.002186342313207159,0.0096564619053174
10,2023-09-04,2023-08-20,0.0008144872633401874,-0.002186342313207159,0.0269770564725033
10,2023-09-05,2023-08-20,0.001328881798268039,-0.002186342313207159,0.0313235448063555
10,2023-09-06,2023-08-20,0.001284421220486012,-0.002186342313207159,0.0310450913142299
10,2023-09-07,2023-08-20,0.00014510249217845566,-0.002186342313207159,0.0103793563130831
10,2023-09-08,2023-08-20,0.001521115981301991,-0.002186342313207159,0.0328828081279788
10,2023-09-09,2023-08-20,0.0009580232087482375,-0.002186342313207159,0.0505238863530104
10,2023-09-10,2023-08-20,0.0009353680777218148,-0.002186342313207159,0.0496637012941529
10,2023-09-11,2023-08-20,0.0019979558245808975,-0.002186342313207159,0.055859270057212
10,2023-09-12,2023-08-20,0.0006753775114085325,-0.002186342313207159,0.0286392080526003
10,2023-09-13,2023-08-20,-0.0009244979304366376,-0.002186342313207159,0.013498588971093
10,2023-09-14,2023-08-20,-0.0014939294748964529,-0.002186342313207159,-0.0103439578052485
10,2023-09-15,2023-08-20,-0.004214066354983504,-0.002186342313207159,-0.0110973684210525
10,2023-09-16,2023-08-20,-0.002458995542591064,-0.002186342313207159,-0.0127260617319416
10,2023-09-17,2023-08-20,-0.0023778397759929427,-0.002186342313207159,-0.005824896494243
10,2023-09-18,2023-08-20,-0.002263440906365643,-0.002186342313207159,0.0096732331907583
10,2023-09-19,2023-09-19,-0.0016070210393059037,-0.0027718370700842753,-0.0111465307571482
10,2023-09-20,2023-09-19,-0.0016264979195898018,-0.0027718370700842753,-0.0059885714285713
10,2023-09-21,2023-09-19,-0.001105994443923182,-0.0027718370700842753,0.0536165955537621
10,2023-09-22,2023-09-19,-0.0057265896744553004,-0.0027718370700842753,0.0344004960094266
10,2023-09-23,2023-09-19,-0.004379536984666455,-0.0027718370700842753,0.0320026068672589
10,2023-09-24,2023-09-19,-0.0033125991113592593,-0.0027718370700842753,0.058296550110902
10,2023-09-25,2023-09-19,-0.0033874336863912646,-0.0027718370700842753,0.0420295755795232
10,2023-09-26,2023-09-19,-0.004157556066844824,-0.0027718370700842753,0.0651911186434732
10,2023-09-27,2023-09-19,-0.005493977395544939,-0.0027718370700842753,0.060049315606611
10,2023-09-28,2023-09-19,-0.0038764456904669415,-0.0027718370700842753,0.0331463333307426
10,2023-09-29,2023-09-19,-0.006058036601953385,-0.0027718370700842753,0.0253897132935121
10,2023-09-30,2023-09-19,-0.006617299300765091,-0.0027718370700842753,0.0158575446841842
10,2023-10-01,2023-09-19,-0.004582866250082966,-0.0027718370700842753,-0.0399052319954902
10,2023-10-02,2023-09-19,-0.0034986217179528226,-0.0027718370700842753,-0.0267282450205512
10,2023-10-03,2023-09-19,-0.005090094179203806,-0.0027718370700842753,-0.0205808551304105
10,2023-10-04,2023-09-19,-0.004658739852108187,-0.0027718370700842753,-0.0333382891919922
10,2023-10-05,2023-09-19,-0.004897910832561513,-0.0027718370700842753,-0.0093482799770451
10,2023-10-06,2023-09-19,-0.0054908105967032585,-0.0027718370700842753,0.0203962681012448
10,2023-10-07,2023-09-19,-0.00544006679786288,-0.0027718370700842753,0.0157114563358224
10,2023-10-08,2023-09-19,-0.005242637432003347,-0.0027718370700842753,0.0144338316548489
10,2023-10-09,2023-09-19,-0.005527493953325105,-0.0027718370700842753,0.0407243607494276
10,2023-10-10,2023-09-19,-0.0031320564845289355,-0.0027718370700842753,0.083202264174089
10,2023-10-11,2023-09-19,-0.0024460651196334905,-0.0027718370700842753,0.1129012573524157
10,2023-10-12,2023-09-19,-0.005099457280570141,-0.0027718370700842753,0.1208099663560369
10,2023-10-13,2023-09-19,-0.005515785448029494,-0.0027718370700842753,0.2311067679249496
10,2023-10-14,2023-09-19,-0.004202749569543106,-0.0027718370700842753,0.2632997026717831
10,2023-10-15,2023-09-19,-0.0025136040158381854,-0.0027718370700842753,0.2703785609197857
10,2023-10-16,2023-09-19,-0.0013001167177489636,-0.0027718370700842753,0.1982710648620846
10,2023-10-17,2023-09-19,-0.001926683775875243,-0.0027718370700842753,0.1935528743400016
10,2023-10-18,2023-09-19,-0.0022030472040080835,-0.0027718370700842753,0.2034251412429377
10,2023-10-19,2023-10-19,-0.0003025330124759108,-0.002144385300933843,0.2024182872920288
10,2023-10-20,2023-10-19,-7.174945733897411e-05,-0.002144385300933843,0.161976592434403
10,2023-10-21,2023-10-19,0.000326247083912113,-0.002144385300933843,0.1581411443740847
10,2023-10-22,2023-10-19,0.0005185632828473071,-0.002144385300933843,0.1810111608050824
10,2023-10-23,2023-10-19,0.0005059620614141401,-0.002144385300933843,0.0565951184140061
10,2023-10-24,2023-10-19,0.00032541007234714915,-0.002144385300933843,0.02340760899845
10,2023-10-25,2023-10-19,-0.00030177079219882507,-0.002144385300933843,0.0164082554379414
10,2023-10-26,2023-10-19,2.5046431098834995e-05,-0.002144385300933843,0.0251882338955118
10,2023-10-27,2023-10-19,-0.0005200683027735793,-0.002144385300933843,0.0340513784660814
10,2023-10-28,2023-10-19,-0.0005110736361693177,-0.002144385300933843,0.0386760951850004
10,2023-10-29,2023-10-19,-0.0010437218679788785,-0.002144385300933843,0.0318262613939859
10,2023-10-30,2023-10-19,-0.0002150188418975887,-0.002144385300933843,0.064579476039406
10,2023-10-31,2023-10-19,-0.0013228883734337264,-0.002144385300933843,0.0768440437104518
10,2023-11-01,2023-10-19,0.0003108072870029532,-0.002144385300933843,0.048235489081045
10,2023-11-02,2023-10-19,0.0005120133716470975,-0.002144385300933843,0.0607453753535542
10,2023-11-03,2023-10-19,0.00042572968129294986,-0.002144385300933843,0.0502970033511172
10,2023-11-04,2023-10-19,6.692013177249415e-05,-0.002144385300933843,0.0139501176057204
10,2023-11-05,2023-10-19,0.0007601754026061299,-0.002144385300933843,0.0812958344424805
10,2023-11-06,2023-10-19,-0.00043514598971540523,-0.002144385300933843,0.0318842986478664
10,2023-11-07,2023-10-19,-0.001081002485582207,-0.002144385300933843,0.0343172372646549
10,2023-11-08,2023-10-19,-0.0015198241749052532,-0.002144385300933843,0.0264810502370262
10,2023-11-09,2023-10-19,-0.0004410676087844692,-0.002144385300933843,0.0179496031316781
10,2023-11-10,2023-10-19,-0.0011274454205964354,-0.002144385300933843,0.0039448678248108
10,2023-11-11,2023-10-19,-0.0002790345019159012,-0.002144385300933843,-0.0373915970913008
10,2023-11-12,2023-10-19,0.0004179187924631845,-0.002144385300933843,0.0092868765569298
10,2023-11-13,2023-10-19,-0.001131252693112194,-0.002144385300933843,0.0227998682497538
10,2023-11-14,2023-10-19,0.0002830325094583553,-0.002144385300933843,0.0608244055965496
10,2023-11-15,2023-10-19,-4.440621680228694e-05,-0.002144385300933843,-0.0020479050773676
10,2023-11-16,2023-10-19,0.0009319700736968942,-0.002144385300933843,0.0355031909236684
10,2023-11-17,2023-10-19,0.0005458848252973138,-0.002144385300933843,0.0171732499552081
10,2023-11-18,2023-11-18,0.0053354662562182225,0.0012530439692833586,0.0342038552727652
10,2023-11-19,2023-11-18,0.007832886895968156,0.0012530439692833586,0.0132436256452781
10,2023-11-20,2023-11-18,0.00844187126524425,0.0012530439692833586,0.0073481699537341
10,2023-11-21,2023-11-18,0.005859805905260126,0.0012530439692833586,0.0822813160556379
10,2023-11-22,2023-11-18,0.005553210975481191,0.0012530439692833586,0.0545870252462419
10,2023-11-23,2023-11-18,0.004480092720742166,0.0012530439692833586,0.0718067221032288
10,2023-11-24,2023-11-18,0.004667018487396468,0.0012530439692833586,0.1134215084915057
10,2023-11-25,2023-11-18,0.004283685579148243,0.0012530439692833586,0.1665573956205648
10,2023-11-26,2023-11-18,0.004578449831211605,0.0012530439692833586,0.1686433488226029
10,2023-11-27,2023-11-18,0.005099962745268059,0.0012530439692833586,0.1619227392213778
10,2023-11-28,2023-11-18,0.005248678606604895,0.0012530439692833586,0.1679616551208429
10,2023-11-29,2023-11-18,0.005664771453410683,0.0012530439692833586,0.1547752138179097
10,2023-11-30,2023-11-18,0.00546503160407544,0.0012530439692833586,0.1607877327830906
10,2023-12-01,2023-11-18,0.005606945199627818,0.0012530439692833586,0.0664610268410643
10,2023-12-02,2023-11-18,0.008075747179968656,0.0012530439692833586,0.0517622784081763
10,2023-12-03,2023-11-18,0.009696095980801315,0.0012530439692833586,0.0724695076035228
10,2023-12-04,2023-11-18,0.009130085838157031,0.0012530439692833586,0.0245566322387364
10,2023-12-05,2023-11-18,0.010400430376010439,0.0012530439692833586,-0.0483970801382785
10,2023-12-06,2023-11-18,0.007353592691076413,0.0012530439692833586,-0.0339252454545185
10,2023-12-07,2023-11-18,0.004144954641781195,0.0012530439692833586,-0.0438722496218207
10,2023-12-08,2023-11-18,0.005664857463273599,0.0012530439692833586,-0.0342575522984655
10,2023-12-09,2023-11-18,0.005812229140055338,0.0012530439692833586,-0.0328870191427839
10,2023-12-10,2023-11-18,0.009852592559881032,0.0012530439692833586,-0.0027536275240348
10,2023-12-11,2023-11-18,0.010799038842514591,0.0012530439692833586,0.0632287278139498
10,2023-12-12,2023-11-18,0.007714507783524556,0.0012530439692833586,0.0596892586809292
10,2023-12-13,2023-11-18,0.0061803320429631116,0.0012530439692833586,0.0194343095703355
10,2023-12-14,2023-11-18,0.00632172084219701,0.0012530439692833586,-0.0007149787110207
10,2023-12-15,2023-11-18,0.00803302472771888,0.0012530439692833586,0.0390037744126769
10,2023-12-16,2023-11-18,0.007863338623207134,0.0012530439692833586,0.0054614654467106
10,2023-12-17,2023-11-18,0.00981225359929204,0.0012530439692833586,0.0496487583580766
10,2023-12-18,2023-12-18,0.01519584277746583,0.00281844903878818,-0.0022045206269427
10,2023-12-19,2023-12-18,0.015176244829268992,0.00281844903878818,-0.0049446506161062
10,2023-12-20,2023-12-18,0.013613795280657905,0.00281844903878818,-0.0350054375044225
10,2023-12-21,2023-12-18,0.01497789670591878,0.00281844903878818,-0.0359816514598124
10,2023-12-22,2023-12-18,0.015578931439022718,0.00281844903878818,0.0047876869724696
10,2023-12-23,2023-12-18,0.01609629817066559,0.00281844903878818,0.0284825738590495
10,2023-12-24,2023-12-18,0.014808473087419213,0.00281844903878818,-0.0034023004547409
10,2023-12-25,2023-12-18,0.01544676580279086,0.00281844903878818,0.0131946090669363
10,2023-12-26,2023-12-18,0.012880520677692091,0.00281844903878818,0.0384902654571639
10,2023-12-27,2023-12-18,0.012853884307966749,0.00281844903878818,0.0124219268988241
10,2023-12-28,2023-12-18,0.011911710844727166,0.00281844903878818,0.0320756436931322
10,2023-12-29,2023-12-18,0.01194788332467091,0.00281844903878818,0.1161027837768129
10,2023-12-30,2023-12-18,0.01264892505699149,0.00281844903878818,0.0942025064854814
10,2023-12-31,2023-12-18,0.01266756451692611,0.00281844903878818,0.103359507402164
10,2024-01-01,2023-12-18,0.011746719481367927,0.00281844903878818,0.0488825712348812
10,2024-01-02,2023-12-18,0.009892530672263951,0.00281844903878818,-0.0481496948288547
10,2024-01-03,2023-12-18,0.00992521066675995,0.00281844903878818,6.441790603051167e-05
10,2024-01-04,2023-12-18,0.009915498484222183,0.00281844903878818,-0.0547834595287546
10,2024-01-05,2023-12-18,0.010539891546539762,0.00281844903878818,-0.0370145187088671
10,2024-01-06,2023-12-18,0.010785374435552202,0.00281844903878818,-0.0188856431175902
10,2024-01-07,2023-12-18,0.011132065683030408,0.00281844903878818,-0.0262450653349425
10,2024-01-08,2023-12-18,0.008949667825545739,0.00281844903878818,-0.1197745566445386
10,2024-01-09,2023-12-18,0.006894147725429166,0.00281844903878818,-0.096529386250271
10,2024-01-10,2023-12-18,0.00961144545078035,0.00281844903878818,-0.1062706533781997
10,2024-01-11,2023-12-18,0.011421983330711828,0.00281844903878818,-0.1026956466194035
10,2024-01-12,2023-12-18,0.008667090203905263,0.00281844903878818,-0.0751403662178642
10,2024-01-13,2023-12-18,0.008821773231522738,0.00281844903878818,-0.0688571389229693
10,2024-01-14,2023-12-18,0.009054571736996024,0.00281844903878818,-0.0394770483809323
10,2024-01-15,2023-12-18,0.00924950031554703,0.00281844903878818,-0.0599845687361654
10,2024-01-16,2023-12-18,0.00944741305693209,0.00281844903878818,-0.0304706180984491
10,2024-01-17,2024-01-17,0.010346063602996851,0.0031628982795084857,-0.0153232763155126
10,2024-01-18,2024-01-17,0.008940691384505279,0.0031628982795084857,0.0170240154860563
10,2024-01-19,2024-01-17,0.008364960198141267,0.0031628982795084857,0.0394553113694677
10,2024-01-20,2024-01-17,0.00974100841169497,0.0031628982795084857,0.0298603896197335
10,2024-01-21,2024-01-17,0.00996010983540549,0.0031628982795084857,0.0240418967333833
10,2024-01-22,2024-01-17,0.008290280241244091,0.0031628982795084857,0.0888323449088432
10,2024-01-23,2024-01-17,0.009370280352139663,0.0031628982795084857,0.0827718960538981
10,2024-01-24,2024-01-17,0.008422975222155411,0.0031628982795084857,0.0730003432715777
10,2024-01-25,2024-01-17,0.008230297862099773,0.0031628982795084857,0.0656085707371847
10,2024-01-26,2024-01-17,0.008110363792571292,0.0031628982795084857,0.0211648902734369
10,2024-01-27,2024-01-17,0.009002332335127658,0.0031628982795084857,0.0232266231535474
10,2024-01-28,2024-01-17,0.009107086883370037,0.0031628982795084857,0.0551625393221109
10,2024-01-29,2024-01-17,0.009525955692185036,0.0031628982795084857,0.0458620363164423
10,2024-01-30,2024-01-17,0.010894851015127183,0.0031628982795084857,0.0976144067105873
10,2024-01-31,2024-01-17,0.011175639230195083,0.0031628982795084857,0.1214441052137151
10,2024-02-01,2024-01-17,0.011133127383894863,0.0031628982795084857,0.1210931751639974
10,2024-02-02,2024-01-17,0.01062324969018468,0.0031628982795084857,0.1554923611111109
10,2024-02-03,2024-01-17,0.010167255661910993,0.0031628982795084857,0.1555064054410153
10,2024-02-04,2024-01-17,0.010051294089370489,0.0031628982795084857,0.2163378803876112
10,2024-02-05,2024-01-17,0.009296615952617429,0.0031628982795084857,0.2147407905180911
10,2024-02-06,2024-01-17,0.010112555452100384,0.0031628982795084857,0.2094055655648223
10,2024-02-07,2024-01-17,0.011980031249026614,0.0031628982795084857,0.1644443241878168
10,2024-02-08,2024-01-17,0.014973935789296762,0.0031628982795084857,0.1512303855380983
10,2024-02-09,2024-01-17,0.01442345597796407,0.0031628982795084857,0.098486891392125
10,2024-02-10,2024-01-17,0.014213918425899615,0.0031628982795084857,0.0944005676100798
10,2024-02-11,2024-01-17,0.016473709134333384,0.0031628982795084857,0.0734865576576724
10,2024-02-12,2024-01-17,0.01688814116687041,0.0031628982795084857,0.0274684492962056
10,2024-02-13,2024-01-17,0.01726784157995274,0.0031628982795084857,0.0210174772065525
10,2024-02-14,2024-01-17,0.017158862195554212,0.0031628982795084857,-0.0043816826935793
10,2024-02-15,2024-01-17,0.017297828930651474,0.0031628982795084857,-0.0029134541249036
10,2024-02-16,2024-02-16,0.01775155066375578,0.004190579984809537,0.0451299791977264
10,2024-02-17,2024-02-16,0.015513929924640034,0.004190579984809537,0.104462126645733
10,2024-02-18,2024-02-16,0.013739925810916298,0.004190579984809537,0.1974470665835277
10,2024-02-19,2024-02-16,0.015597871954026928,0.004190579984809537,0.1807107444114146
10,2024-02-20,2024-02-16,0.018021284769034165,0.004190579984809537,0.1938252719827964
10,2024-02-21,2024-02-16,0.018430836479450655,0.004190579984809537,0.1955257332824937
10,2024-02-22,2024-02-16,0.018941664205879873,0.004190579984809537,0.230569590562548
10,2024-02-23,2024-02-16,0.01857145707879626,0.004190579984809537,0.3448980818478584
10,2024-02-24,2024-02-16,0.018486963332618577,0.004190579984809537,0.2357225050622262
10,2024-02-25,2024-02-16,0.019329191709348128,0.004190579984809537,0.277315076596522
10,2024-02-26,2024-02-16,0.01519197156386383,0.004190579984809537,0.2266428056002893
10,2024-02-27,2024-02-16,0.012575014746947161,0.004190579984809537,0.1943788051827102
10,2024-02-28,2024-02-16,0.008373436780701812,0.004190579984809537,0.0942010600316185
10,2024-02-29,2024-02-16,0.007741197243600511,0.004190579984809537,0.128002201175247
10,2024-03-01,2024-02-16,0.008101708401522864,0.004190579984809537,0.1553217851538519
10,2024-03-02,2024-02-16,0.008402827304141488,0.004190579984809537,0.1526882612045568
10,2024-03-03,2024-02-16,0.007951415485557101,0.004190579984809537,0.1577850355475976
10,2024-03-04,2024-02-16,0.007681145142311823,0.004190579984809537,0.0460575470604671
10,2024-03-05,2024-02-16,0.005749304653156557,0.004190579984809537,0.0906383637815637
10,2024-03-06,2024-02-16,0.006348128847017001,0.004190579984809537,-0.0117052022246557
10,2024-03-07,2024-02-16,0.005689610706233134,0.004190579984809537,0.023499483786836
10,2024-03-08,2024-02-16,0.0048659783471731,0.004190579984809537,-0.0075479796530424
10,2024-03-09,2024-02-16,0.0060602434179721195,0.004190579984809537,-0.0933328180600928
10,2024-03-10,2024-02-16,0.007504481113293016,0.004190579984809537,-0.0161751253120112
10,2024-03-11,2024-02-16,0.006427904127128271,0.004190579984809537,-0.0912458846723208
10,2024-03-12,2024-02-16,0.007119329739143669,0.004190579984809537,-0.1071400230728287
10,2024-03-13,2024-02-16,0.00705157615013943,0.004190579984809537,-0.1242931497674704
10,2024-03-14,2024-02-16,0.005495478966025687,0.004190579984809537,-0.0585377791013566
10,2024-03-15,2024-02-16,0.00557025594119577,0.004190579984809537,0.0054699398631794
10,2024-03-16,2024-02-16,0.003403511086663145,0.004190579984809537,0.0717813901642296
10,2024-03-17,2024-03-17,0.005362231188247723,0.007772140402903545,0.0157399506502669
10,2024-03-18,2024-03-17,0.005362231188247723,0.007772140402903545,0.0468955845134719
10,2024-03-19,2024-03-17,-0.004819816332145036,0.007772140402903545,0.127760286999454
10,2024-03-20,2024-03-17,-0.008354401038399229,0.007772140402903545,0.0256730086492569
10,2024-03-21,2024-03-17,-0.008354401038399229,0.007772140402903545,0.0882233275782287
10,2024-03-22,2024-03-17,-0.008354401038399229,0.007772140402903545,0.0917471515741268
10,2024-03-23,2024-03-17,-0.008354401038399229,0.007772140402903545,0.0230345330466426
10,2024-03-24,2024-03-17,-0.008354401038399229,0.007772140402903545,-0.0185494745647187
10,2024-03-25,2024-03-17,-0.008519563641169197,0.007772140402903545,-0.0199230080247555
10,2024-03-26,2024-03-17,-0.008354401038399229,0.007772140402903545,-0.0309678802080357
10,2024-03-27,2024-03-17,-0.008354401038399229,0.007772140402903545,-0.0082624166204717
10,2024-03-28,2024-03-17,-0.008354401038399229,0.007772140402903545,-0.0200649613029559
10,2024-03-29,2024-03-17,-0.008783973270476517,0.007772140402903545,0.025332087625951
10,2024-03-30,2024-03-17,-0.008619890191026975,0.007772140402903545,-0.0062685589902471
10,2024-03-31,2024-03-17,-0.008354401038399229,0.007772140402903545,-0.0091039549517458
10,2024-04-01,2024-03-17,-0.008783973270476517,0.007772140402903545,0.005117459059466
10,2024-04-02,2024-03-17,-0.008949135873246486,0.007772140402903545,0.0252433437069754
10,2024-04-03,2024-03-17,-0.008870453033274606,0.007772140402903545,-0.0309076504382437
10,2024-04-04,2024-03-17,-0.00921232379505597,0.007772140402903545,-0.0412620994194731
10,2024-04-05,2024-03-17,-0.00921232379505597,0.007772140402903545,-0.0648863133365633
10,2024-04-06,2024-03-17,-0.00921232379505597,0.007772140402903545,-0.0740625
10,2024-04-07,2024-03-17,-0.008354401038399229,0.007772140402903545,-0.1165365419658106
10,2024-04-08,2024-03-17,-0.008354401038399229,0.007772140402903545,-0.1137939123149958
10,2024-04-09,2024-03-17,-0.008783973270476517,0.007772140402903545,-0.0770542041477453
10,2024-04-10,2024-03-17,-0.008870453033274606,0.007772140402903545,-0.0805663738965906
10,2024-04-11,2024-03-17,-0.008870453033274606,0.007772140402903545,-0.072351846399956
10,2024-04-12,2024-03-17,-0.008870453033274606,0.007772140402903545,-0.0044281199323206
10,2024-04-13,2024-03-17,-0.008783973270476517,0.007772140402903545,0.03894421717116
10,2024-04-14,2024-03-17,-0.008783973270476517,0.007772140402903545,-0.0208987442325709
10,2024-04-15,2024-03-17,-0.008870453033274606,0.007772140402903545,0.017003313939343
10,2024-04-16,2024-04-16,-0.00817373948536643,0.007305772137947817,-0.0003664956510384
10,2024-04-17,2024-04-16,-0.00817373948536643,0.007305772137947817,0.0356511710603768
10,2024-04-18,2024-04-16,-0.00817373948536643,0.007305772137947817,-0.0055374122736255
10,2024-04-19,2024-04-16,-0.00817373948536643,0.007305772137947817,0.0007519820815471
10,2024-04-20,2024-04-16,-0.00817373948536643,0.007305772137947817,-0.0657306932382351
10,2024-04-21,2024-04-16,-0.00817373948536643,0.007305772137947817,-0.1012636825803053
10,2024-04-22,2024-04-16,-0.00817373948536643,0.007305772137947817,-0.116114770398741
10,2024-04-23,2024-04-16,-0.00817373948536643,0.007305772137947817,-0.0531814075345559
10,2024-04-24,2024-04-16,-0.00817373948536643,0.007305772137947817,-0.0061837383003997
10,2024-04-25,2024-04-16,-0.00817373948536643,0.007305772137947817,-0.0075403491004574
10,2024-04-26,2024-04-16,-0.0052601930223699364,0.007305772137947817,-0.0094843955646235
10,2024-04-27,2024-04-16,-0.0052601930223699364,0.007305772137947817,-0.0181195102957708
10,2024-04-28,2024-04-16,-0.008024055538471159,0.007305772137947817,-0.0305074794094041
10,2024-04-29,2024-04-16,-0.0052601930223699364,0.007305772137947817,-0.0124008079416277
10,2024-04-30,2024-04-16,-0.00817373948536643,0.007305772137947817,0.0021095398206749
10,2024-05-01,2024-04-16,-0.008267437281320834,0.007305772137947817,0.0421660458319432
10,2024-05-02,2024-04-16,-0.008117753334425564,0.007305772137947817,0.0410320855135089
10,2024-05-03,2024-04-16,-0.00853067884244966,0.007305772137947817,0.0009234755695626
10,2024-05-04,2024-04-16,-0.009599788238137289,0.007305772137947817,-0.0362259524034606
10,2024-05-05,2024-04-16,-0.009672225904858101,0.007305772137947817,0.03428263450603
10,2024-05-06,2024-04-16,-0.007404715574907958,0.007305772137947817,0.0327715312817074
10,2024-05-07,2024-04-16,-0.0063406102473609945,0.007305772137947817,0.0756180824007157
10,2024-05-08,2024-04-16,-0.006645585250413508,0.007305772137947817,0.093510159572095
10,2024-05-09,2024-04-16,-0.006269370789876098,0.007305772137947817,0.0507340503640088
10,2024-05-10,2024-04-16,-0.006835925722036066,0.007305772137947817,0.1751090748534662
10,2024-05-11,2024-04-16,-0.006648027242081045,0.007305772137947817,0.1532626102756404
10,2024-05-12,2024-04-16,-0.006269370789876098,0.007305772137947817,0.1249533415121562
10,2024-05-13,2024-04-16,-0.00821993769579513,0.007305772137947817,0.0799104481595827
10,2024-05-14,2024-04-16,-0.008148698238310232,0.007305772137947817,0.1132313122863566
10,2024-05-15,2024-04-16,-0.00975250754715839,0.007305772137947817,0.0465825863019493
10,2024-05-16,2024-05-16,-0.010297976294886048,0.006475300421781315,0.0501640141880435
10,2024-05-17,2024-05-16,-0.00790644257227923,0.006475300421781315,0.0359935247075673
10,2024-05-18,2024-05-16,-0.010297976294886048,0.006475300421781315,0.0221652180670461
10,2024-05-19,2024-05-16,-0.010297976294886048,0.006475300421781315,0.0207986509342048
10,2024-05-20,2024-05-16,-0.009960500544346695,0.006475300421781315,-0.043311356086544
10,2024-05-21,2024-05-16,-0.009960500544346695,0.006475300421781315,-0.0371830609248914
10,2024-05-22,2024-05-16,-0.010297976294886048,0.006475300421781315,-0.0202376522085362
10,2024-05-23,2024-05-16,-0.007834339909689767,0.006475300421781315,-0.0030016338174463
10,2024-05-24,2024-05-16,-0.007834339909689767,0.006475300421781315,0.0037915395757168
10,2024-05-25,2024-05-16,-0.007834339909689767,0.006475300421781315,0.018000573526816
10,2024-05-26,2024-05-16,-0.007834339909689767,0.006475300421781315,0.0379567718475901
10,2024-05-27,2024-05-16,-0.007834339909689767,0.006475300421781315,0.0196241367823779
10,2024-05-28,2024-05-16,-0.007834339909689767,0.006475300421781315,0.0139946276513234
10,2024-05-29,2024-05-16,-0.007834339909689767,0.006475300421781315,0.0245082141924857
10,2024-05-30,2024-05-16,-0.007834339909689767,0.006475300421781315,0.0189601880964422
10,2024-05-31,2024-05-16,-0.007834339909689767,0.006475300421781315,0.0296119292845826
10,2024-06-01,2024-05-16,-0.007834339909689767,0.006475300421781315,-0.0066789292995026
10,2024-06-02,2024-05-16,-0.007834339909689767,0.006475300421781315,0.0073541705433861
10,2024-06-03,2024-05-16,-0.007834339909689767,0.006475300421781315,-0.029601699755413
10,2024-06-04,2024-05-16,-0.007741886915083608,0.006475300421781315,-0.0637083585207598
10,2024-06-05,2024-05-16,-0.008056591259609629,0.006475300421781315,-0.0686244866962929
10,2024-06-06,2024-05-16,-0.007644537397906703,0.006475300421781315,-0.0582237956266651
10,2024-06-07,2024-05-16,-0.007741886915083608,0.006475300421781315,-0.0411108836200682
10,2024-06-08,2024-05-16,-0.007585818783271582,0.006475300421781315,-0.0596611247422107
10,2024-06-09,2024-05-16,-0.006859395017501596,0.006475300421781315,-0.0671054532109542
10,2024-06-10,2024-05-16,-0.006859395017501596,0.006475300421781315,-0.0671557377049181
10,2024-06-11,2024-05-16,-0.006942111753734422,0.006475300421781315,-0.0471026635671739
10,2024-06-12,2024-05-16,-0.0061077112103325665,0.006475300421781315,-0.0586250525350188
10,2024-06-13,2024-05-16,-0.0061077112103325665,0.006475300421781315,-0.0533598829826601
10,2024-06-14,2024-05-16,0.005464057819614275,0.006475300421781315,-0.0870736307724594
10,2024-06-15,2024-06-15,0.008841812847878985,0.007132518873676691,-0.0667727140608426
10,2024-06-16,2024-06-15,0.00918621610398702,0.007132518873676691,-0.087164859418266
10,2024-06-17,2024-06-15,0.023514521960067588,0.007132518873676691,-0.0721435732079399
10,2024-06-18,2024-06-15,0.03814826091790377,0.007132518873676691,-0.0728416830174367
10,2024-06-19,2024-06-15,0.03814826091790377,0.007132518873676691,-0.0613732768782522
10,2024-06-20,2024-06-15,0.03814826091790377,0.007132518873676691,-0.0323413029661326
10,2024-06-21,2024-06-15,0.03814826091790377,0.007132518873676691,-0.019387293128102
10,2024-06-22,2024-06-15,0.03814826091790377,0.007132518873676691,-0.0330917131287987
10,2024-06-23,2024-06-15,0.03814826091790377,0.007132518873676691,-0.0474834602937098
10,2024-06-24,2024-06-15,0.03821877987602264,0.007132518873676691,-0.0537918806898942
10,2024-06-25,2024-06-15,0.03814826091790377,0.007132518873676691,-0.0837656402670226
10,2024-06-26,2024-06-15,0.03814826091790377,0.007132518873676691,-0.0432902395942231
10,2024-06-27,2024-06-15,0.03814826091790377,0.007132518873676691,-0.0947819572242587
10,2024-06-28,2024-06-15,0.03814826091790377,0.007132518873676691,-0.0614488288841698
10,2024-06-29,2024-06-15,0.03814826091790377,0.007132518873676691,-0.0481528097610822
10,2024-06-30,2024-06-15,0.03814826091790377,0.007132518873676691,-0.0803886955348411
10,2024-07-01,2024-06-15,0.03814826091790377,0.007132518873676691,-0.0883958805080891
10,2024-07-02,2024-06-15,0.03814826091790377,0.007132518873676691,-0.0683405146850905
10,2024-07-03,2024-06-15,0.03814826091790377,0.007132518873676691,-0.0166846652088457
10,2024-07-04,2024-06-15,0.03814826091790377,0.007132518873676691,0.0656949928667847
10,2024-07-05,2024-06-15,0.038375366225569085,0.007132518873676691,0.1429546702304605
10,2024-07-06,2024-06-15,0.03821877987602264,0.007132518873676691,0.1170160533730562
10,2024-07-07,2024-06-15,0.038375366225569085,0.007132518873676691,0.1473416161500065
10,2024-07-08,2024-06-15,0.038375366225569085,0.007132518873676691,0.1282438284872578
10,2024-07-09,2024-06-15,0.038375366225569085,0.007132518873676691,0.1483204134366924
10,2024-07-10,2024-06-15,0.038375366225569085,0.007132518873676691,0.1630830901580489
10,2024-07-11,2024-06-15,0.038375366225569085,0.007132518873676691,0.1887943977569541
10,2024-07-12,2024-06-15,0.03814826091790377,0.007132518873676691,0.1665755729489662
10,2024-07-13,2024-06-15,0.038375366225569085,0.007132518873676691,0.1137083258873299
10,2024-07-14,2024-06-15,0.038375366225569085,0.007132518873676691,0.0753001213364077
10,2024-07-15,2024-07-15,0.025309056361431756,0.005699711081939782,0.016621464572569
10,2024-07-16,2024-07-15,0.020629488978869834,0.005699711081939782,0.0440317391353144
10,2024-07-17,2024-07-15,0.01951991862607688,0.005699711081939782,0.0594262669183416
10,2024-07-18,2024-07-15,0.02033753046512205,0.005699711081939782,0.0666056968252759
10,2024-07-19,2024-07-15,0.018150521241342255,0.005699711081939782,0.0018705370537053
10,2024-07-20,2024-07-15,0.017249196404797423,0.005699711081939782,-0.0141787394570983
10,2024-07-21,2024-07-15,0.017538961751380942,0.005699711081939782,-0.0518935282945848
10,2024-07-22,2024-07-15,0.017359820908135617,0.005699711081939782,-0.0322512242712751
10,2024-07-23,2024-07-15,0.01594873202217649,0.005699711081939782,-0.0673028289094228
10,2024-07-24,2024-07-15,0.0180892827050749,0.005699711081939782,-0.0715554637787567
10,2024-07-25,2024-07-15,0.01780888257785098,0.005699711081939782,-0.1160935532625784
10,2024-07-26,2024-07-15,0.01683542831104767,0.005699711081939782,-0.2045293933747708
10,2024-07-27,2024-07-15,0.0244621704585512,0.005699711081939782,-0.1748910474030325
10,2024-07-28,2024-07-15,0.025225355303120194,0.005699711081939782,-0.1921720594966613
10,2024-07-29,2024-07-15,0.023097115733316412,0.005699711081939782,-0.0763453420237483
10,2024-07-30,2024-07-15,0.022243426181256604,0.005699711081939782,-0.0808305130839427
10,2024-07-31,2024-07-15,0.024664471549366195,0.005699711081939782,-0.0573202017701305
10,2024-08-01,2024-07-15,0.02535056435566481,0.005699711081939782,-0.1016223638576478
10,2024-08-02,2024-07-15,0.022977939126295376,0.005699711081939782,-0.0349877793429512
10,2024-08-03,2024-07-15,0.02237161448734598,0.005699711081939782,-0.0018260901225888
10,2024-08-04,2024-07-15,0.023361969057609018,0.005699711081939782,0.0089817919224222
10,2024-08-05,2024-07-15,0.014947261755680473,0.005699711081939782,0.0652041390767401
10,2024-08-06,2024-07-15,0.013938205421689805,0.005699711081939782,0.0509190941203288
10,2024-08-07,2024-07-15,0.014091531898557481,0.005699711081939782,0.0790404714608872
10,2024-08-08,2024-07-15,0.007117250671076423,0.005699711081939782,-0.0528262576315951
10,2024-08-09,2024-07-15,0.008589099842003754,0.005699711081939782,-0.0230035541936871
10,2024-08-10,2024-07-15,0.0064398306539771326,0.005699711081939782,-0.0313460271740745
10,2024-08-11,2024-07-15,0.006920191824647145,0.005699711081939782,0.0416169683538063
10,2024-08-12,2024-07-15,0.006348633481416079,0.005699711081939782,0.0173421780912954
10,2024-08-13,2024-07-15,0.006869915477633106,0.005699711081939782,0.0569442530305517
10,2024-08-14,2024-08-14,0.018454605067476617,0.005697318961152253,0.0932737525899578
10,2024-08-15,2024-08-14,0.01793172509127654,0.005697318961152253,0.1160725923366723
10,2024-08-16,2024-08-14,0.019043641921788167,0.005697318961152253,0.0672514123238205
10,2024-08-17,2024-08-14,0.019043641921788167,0.005697318961152253,-0.0012941237971699
10,2024-08-18,2024-08-14,0.024403372881166882,0.005697318961152253,0.010398383633692
10,2024-08-19,2024-08-14,0.024913024705610604,0.005697318961152253,-0.0013373486881398
10,2024-08-20,2024-08-14,0.024992788281155916,0.005697318961152253,0.0018671903859774
10,2024-08-21,2024-08-14,0.024276590735240685,0.005697318961152253,-0.0356798830793954
10,2024-08-22,2024-08-14,0.024711758510099623,0.005697318961152253,-0.0509140742389671
10,2024-08-23,2024-08-14,0.01914331220015392,0.005697318961152253,-0.0765977734205909
10,2024-08-24,2024-08-14,0.01914331220015392,0.005697318961152253,-0.1039524753413539
10,2024-08-25,2024-08-14,0.0192672627482411,0.005697318961152253,-0.0973076923076923
10,2024-08-26,2024-08-14,0.019043641921788167,0.005697318961152253,-0.1058980806569691
10,2024-08-27,2024-08-14,0.014665612124175798,0.005697318961152253,-0.0917618446520238
10,2024-08-28,2024-08-14,0.014744997154043621,0.005697318961152253,-0.0825620099297195
10,2024-08-29,2024-08-14,0.014930537262436278,0.005697318961152253,-0.0756255874213536
10,2024-08-30,2024-08-14,0.014851152232568455,0.005697318961152253,-0.0352139630630476
10,2024-08-31,2024-08-14,0.014851152232568455,0.005697318961152253,-0.0226879680347217
10,2024-09-01,2024-08-14,0.013910435273250367,0.005697318961152253,0.0006306950594623
10,2024-09-02,2024-08-14,0.013558718311596808,0.005697318961152253,-0.0169080667312339
10,2024-09-03,2024-08-14,0.013937428140913265,0.005697318961152253,0.0523636956964554
10,2024-09-04,2024-08-14,0.013692529969484267,0.005697318961152253,0.0348818113915774
10,2024-09-05,2024-08-14,0.012730214726281748,0.005697318961152253,0.0525453898184407
10,2024-09-06,2024-08-14,0.011390665031069723,0.005697318961152253,0.0787766129254932
10,2024-09-07,2024-08-14,0.01167689993677882,0.005697318961152253,0.1136084249770037
10,2024-09-08,2024-08-14,0.01131291265758253,0.005697318961152253,0.1255703713963654
10,2024-09-09,2024-08-14,0.0115437201474384,0.005697318961152253,0.1035375688089477
10,2024-09-10,2024-08-14,0.01186986978212765,0.005697318961152253,0.0965552947038821
10,2024-09-11,2024-08-14,0.012795213823798857,0.005697318961152253,0.1048337925982769
10,2024-09-12,2024-08-14,0.013221445808404517,0.005697318961152253,0.0936903946032088
10,2024-09-13,2024-09-13,0.002055523755179042,0.005353488495268794,0.046976594267579
10,2024-09-14,2024-09-13,0.002055523755179042,0.005353488495268794,0.0711694341826041
10,2024-09-15,2024-09-13,0.0017949593954903744,0.005353488495268794,0.0679836636677264
10,2024-09-16,2024-09-13,0.0021824074945601007,0.005353488495268794,0.1195588895384083
10,2024-09-17,2024-09-13,0.001688558321845995,0.005353488495268794,0.0904592781873658
10,2024-09-18,2024-09-13,0.0015616745824649366,0.005353488495268794,0.0663537996039183
10,2024-09-19,2024-09-13,0.0014876759317695866,0.005353488495268794,0.0421621087504144
10,2024-09-20,2024-09-13,0.0014876759317695866,0.005353488495268794,0.0020021819257749
10,2024-09-21,2024-09-13,0.0015616745824649366,0.005353488495268794,-0.0401455682934652
10,2024-09-22,2024-09-13,0.0032732640427711357,0.005353488495268794,-0.0460763940661944
10,2024-09-23,2024-09-13,0.00459496691108478,0.005353488495268794,-0.0408474961868481
10,2024-09-24,2024-09-13,0.004648556568908957,0.005353488495268794,-0.0338719039193808
10,2024-09-25,2024-09-13,0.00450804588486122,0.005353488495268794,-0.0173234391114391
10,2024-09-26,2024-09-13,0.0031411639952291523,0.005353488495268794,-0.0361199306655921
10,2024-09-27,2024-09-13,0.0030850725217264254,0.005353488495268794,-0.0539144396491102
10,2024-09-28,2024-09-13,0.004771929575311896,0.005353488495268794,-0.0561436727504631
10,2024-09-29,2024-09-13,0.006003280895741133,0.005353488495268794,-0.0756987476450797
10,2024-09-30,2024-09-13,0.004378482894031454,0.005353488495268794,-0.047391666096878
10,2024-10-01,2024-09-13,0.0034313322106317413,0.005353488495268794,0.0285206439256269
10,2024-10-02,2024-09-13,0.005826042182141693,0.005353488495268794,0.0421594452563987
10,2024-10-03,2024-09-13,0.005674446826717967,0.005353488495268794,0.0348512848233435
10,2024-10-04,2024-09-13,0.00589520966567123,0.005353488495268794,0.0643943884289535
10,2024-10-05,2024-09-13,0.005988943653419592,0.005353488495268794,0.0808298688323825
10,2024-10-06,2024-09-13,0.005724030522975483,0.005353488495268794,0.0764104883308491
10,2024-10-07,2024-09-13,0.006891961447340017,0.005353488495268794,0.0835333633324761
10,2024-10-08,2024-09-13,0.0073153546653415705,0.005353488495268794,0.1008278731393526
10,2024-10-09,2024-09-13,0.007301111272984331,0.005353488495268794,0.1276795541659892
10,2024-10-10,2024-09-13,0.007409088653089929,0.005353488495268794,0.1443083201232495
10,2024-10-11,2024-09-13,0.006544243490113215,0.005353488495268794,0.077350495682763
10,2024-10-12,2024-09-13,0.006639747372034212,0.005353488495268794,0.0667621003122793
10,2024-10-13,2024-10-13,0.015495495361643477,0.005994805219165494,0.0604203720628686
10,2024-10-14,2024-10-13,0.013365859198731083,0.005994805219165494,0.0319939822035562
10,2024-10-15,2024-10-13,0.01358414799890579,0.005994805219165494,-0.005602904487482
10,2024-10-16,2024-10-13,0.013365859198731083,0.005994805219165494,-0.0077972481814184
10,2024-10-17,2024-10-13,0.015415145725811168,0.005994805219165494,0.0088980148551403
10,2024-10-18,2024-10-13,0.015104330676807195,0.005994805219165494,0.0224207926579762
10,2024-10-19,2024-10-13,0.01421785433002658,0.005994805219165494,0.0637400918424053
10,2024-10-20,2024-10-13,0.015491873394080948,0.005994805219165494,0.0479886209277755
10,2024-10-21,2024-10-13,0.015501170045051882,0.005994805219165494,0.0432564283329004
10,2024-10-22,2024-10-13,0.014882238093886266,0.005994805219165494,0.0307004716281551
10,2024-10-23,2024-10-13,0.015417699499965692,0.005994805219165494,0.0405901424432624
10,2024-10-24,2024-10-13,0.01571016219425565,0.005994805219165494,0.0084710347533691
10,2024-10-25,2024-10-13,0.01570031841329144,0.005994805219165494,0.0172669990388063
10,2024-10-26,2024-10-13,0.013704348769722617,0.005994805219165494,0.0339716237638756
10,2024-10-27,2024-10-13,0.015491873394080948,0.005994805219165494,0.110998254968635
10,2024-10-28,2024-10-13,0.015355761654714847,0.005994805219165494,0.0842694934879844
10,2024-10-29,2024-10-13,0.013738417871754236,0.005994805219165494,0.0518771751482958
10,2024-10-30,2024-10-13,0.013282438154754708,0.005994805219165494,0.0598899104482233
10,2024-10-31,2024-10-13,0.015685380509622013,0.005994805219165494,0.1433733364574436
10,2024-11-01,2024-10-13,0.015465828712336156,0.005994805219165494,0.2755838788442677
10,2024-11-02,2024-10-13,0.018230654770458918,0.005994805219165494,0.2677814720458771
10,2024-11-03,2024-10-13,0.03141657152420034,0.005994805219165494,0.3140516043462258
10,2024-11-04,2024-10-13,0.03149021860895967,0.005994805219165494,0.2870387196700488
10,2024-11-05,2024-10-13,0.03136214083494598,0.005994805219165494,0.3122305379359775
10,2024-11-06,2024-10-13,0.029023435534310738,0.005994805219165494,0.198683798057984
10,2024-11-07,2024-10-13,0.02917493903092681,0.005994805219165494,0.184530574209222
10,2024-11-08,2024-10-13,0.029336007394823175,0.005994805219165494,0.1823858335496455
10,2024-11-09,2024-10-13,0.029336007394823175,0.005994805219165494,0.2038842966368472
10,2024-11-10,2024-10-13,0.029247650898177786,0.005994805219165494,0.1731560068239384
10,2024-11-11,2024-10-13,0.020042219146806768,0.005994805219165494,0.1090733134501977
10,2024-11-12,2024-11-12,0.027065749230010056,0.007570265869564911,0.1243859009020942
10,2024-11-13,2024-11-12,0.028050847466376434,0.007570265869564911,0.0807433897794969
10,2024-11-14,2024-11-12,0.027886197544091752,0.007570265869564911,0.1210922250854531
10,2024-11-15,2024-11-12,0.02530160188605527,0.007570265869564911,0.0217279470850215
10,2024-11-16,2024-11-12,0.025296559607225547,0.007570265869564911,0.0152145585698244
10,2024-11-17,2024-11-12,0.025474076529045774,0.007570265869564911,0.0668527496052293
10,2024-11-18,2024-11-12,0.0278092781285693,0.007570265869564911,0.0572591906091344
10,2024-11-19,2024-11-12,0.0278092781285693,0.007570265869564911,0.0557812364080083
10,2024-11-20,2024-11-12,0.027886197544091752,0.007570265869564911,0.0224998133350078
10,2024-11-21,2024-11-12,0.028317306961952338,0.007570265869564911,-0.0115131525414902
10,2024-11-22,2024-11-12,0.028317306961952338,0.007570265869564911,-0.0308556809448692
10,2024-11-23,2024-11-12,0.028317306961952338,0.007570265869564911,-0.0186614642416894
10,2024-11-24,2024-11-12,0.028317306961952338,0.007570265869564911,0.0070202218507777
10,2024-11-25,2024-11-12,0.0282322950987721,0.007570265869564911,0.0423139401877283
10,2024-11-26,2024-11-12,0.0282322950987721,0.007570265869564911,0.0845502796928749
10,2024-11-27,2024-11-12,0.027801185680911517,0.007570265869564911,0.0414015360027439
10,2024-11-28,2024-11-12,0.025216181585557426,0.007570265869564911,0.0571453634614536
10,2024-11-29,2024-11-12,0.024758477048245308,0.007570265869564911,-0.001883131541145
10,2024-11-30,2024-11-12,0.024758477048245308,0.007570265869564911,0.0019190318146866
10,2024-12-01,2024-11-12,0.025647291003418,0.007570265869564911,0.0405393085653595
10,2024-12-02,2024-11-12,0.02518958646610589,0.007570265869564911,0.0434436880729693
10,2024-12-03,2024-11-12,0.025571994652692654,0.007570265869564911,0.0581593951947052
10,2024-12-04,2024-11-12,0.025811778356380443,0.007570265869564911,0.0287327011222131
10,2024-12-05,2024-11-12,0.029087353386929818,0.007570265869564911,0.0775523352625591
10,2024-12-06,2024-11-12,0.028930450488712525,0.007570265869564911,0.0633423580551357
10,2024-12-07,2024-11-12,0.026581824781357916,0.007570265869564911,0.0631235538828787
10,2024-12-08,2024-11-12,0.0272105053748871,0.007570265869564911,-0.0089564204542813
10,2024-12-09,2024-11-12,0.029087353386929818,0.007570265869564911,0.0019058051757017
10,2024-12-10,2024-11-12,0.028018780379375077,0.007570265869564911,0.0125520482850725
10,2024-12-11,2024-11-12,0.0282322950987721,0.007570265869564911,-0.0379036835599505
10,2024-12-12,2024-12-12,0.03309462197636752,0.009508829248619313,-0.0481781331580873
10,2024-12-13,2024-12-12,0.03250065060282851,0.009508829248619313,-0.0645090301382559
10,2024-12-14,2024-12-12,0.03208341323042961,0.009508829248619313,-0.0271782685860776
10,2024-12-15,2024-12-12,0.03319442399681017,0.009508829248619313,-0.0481925877041456
10,2024-12-16,2024-12-12,0.032471145520406704,0.009508829248619313,-0.0968054848137813
10,2024-12-17,2024-12-12,0.03298818491324824,0.009508829248619313,-0.1115075187211909
10,2024-12-18,2024-12-12,0.03309462197636752,0.009508829248619313,-0.0489402569817315
10,2024-12-19,2024-12-12,0.03233093494240014,0.009508829248619313,-0.0382063301480189
10,2024-12-20,2024-12-12,0.03183261052798841,0.009508829248619313,-0.0512588052361913
10,2024-12-21,2024-12-12,0.03191369757000125,0.009508829248619313,-0.0381942028321139
10,2024-12-22,2024-12-12,0.032827951924809626,0.009508829248619313,-0.0062454385490681
10,2024-12-23,2024-12-12,0.03292490631593916,0.009508829248619313,0.022167869026481
10,2024-12-24,2024-12-12,0.032081744200294304,0.009508829248619313,-0.0049602903117847
10,2024-12-25,2024-12-12,0.032827951924809626,0.009508829248619313,-0.0121603627088915
10,2024-12-26,2024-12-12,0.032081744200294304,0.009508829248619313,0.026850057833881
10,2024-12-27,2024-12-12,0.03198185101002774,0.009508829248619313,0.0841638561923703
10,2024-12-28,2024-12-12,0.03198185101002774,0.009508829248619313,0.0173621196222455
10,2024-12-29,2024-12-12,0.032081744200294304,0.009508829248619313,0.0141074823284423
10,2024-12-30,2024-12-12,0.03309462197636752,0.009508829248619313,-0.0025816866854433
10,2024-12-31,2024-12-12,0.032934341249164806,0.009508829248619313,0.0122906514490894
10,2025-01-01,2024-12-12,0.03309462197636752,0.009508829248619313,8.668828446967147e-05
10,2025-01-02,2024-12-12,0.032149687866818204,0.009508829248619313,-0.0251558002033102
10,2025-01-03,2024-12-12,0.03183261052798841,0.009508829248619313,-0.0370574014471013
10,2025-01-04,2024-12-12,0.032149687866818204,0.009508829248619313,-0.0168970836027102
10,2025-01-05,2024-12-12,0.03210212820885941,0.009508829248619313,0.0216923718029462
10,2025-01-06,2024-12-12,0.03098944841234357,0.009508829248619313,-0.0219913611305651
10,2025-01-07,2024-12-12,0.02943700150336704,0.009508829248619313,0.0734660270409008
10,2025-01-08,2024-12-12,0.02951808854537989,0.009508829248619313,0.0998901648116921
10,2025-01-09,2024-12-12,0.030532757342092032,0.009508829248619313,0.0948551465228002
10,2025-01-10,2024-12-12,0.031052911090398712,0.009508829248619313,0.079533509821104
10,2025-01-11,2025-01-11,0.02662042486369415,0.009176498540224983,0.122027814167845
10,2025-01-12,2025-01-11,0.03193656781801571,0.009176498540224983,0.0969019428408
10,2025-01-13,2025-01-11,0.036414108891025934,0.009176498540224983,0.0991604265460495
10,2025-01-14,2025-01-11,0.03640225642028293,0.009176498540224983,0.086055985831112
10,2025-01-15,2025-01-11,0.03647477894651374,0.009176498540224983,0.0422846970591761
10,2025-01-16,2025-01-11,0.036414108891025934,0.009176498540224983,0.0263303439536821
10,2025-01-17,2025-01-11,0.03447591547941599,0.009176498540224983,-0.0191650489616004
10,2025-01-18,2025-01-11,0.036603192564465245,0.009176498540224983,-0.0308036163889994
10,2025-01-19,2025-01-11,0.03420692603859738,0.009176498540224983,0.0237011032198553
10,2025-01-20,2025-01-11,0.034486414517548455,0.009176498540224983,0.0240849771088424
10,2025-01-21,2025-01-11,0.032088974234821384,0.009176498540224983,-0.0349927108332827
10,2025-01-22,2025-01-11,0.028493115744912065,0.009176498540224983,-0.0296124665474716
10,2025-01-23,2025-01-11,0.024840846824269017,0.009176498540224983,-0.0597606551956234
10,2025-01-24,2025-01-11,0.026805003714487168,0.009176498540224983,-0.0337747984418878
10,2025-01-25,2025-01-11,0.027150631427916447,0.009176498540224983,-0.0666723629397925
10,2025-01-26,2025-01-11,0.027150631427916447,0.009176498540224983,-0.0585419021633211
10,2025-01-27,2025-01-11,0.028259758980847347,0.009176498540224983,-0.05415680580172
10,2025-01-28,2025-01-11,0.027434202513782924,0.009176498540224983,-0.047650813850859
10,2025-01-29,2025-01-11,0.027905652887264973,0.009176498540224983,-0.0702619526778494
10,2025-01-30,2025-01-11,0.02813527094962647,0.009176498540224983,-0.0788766052595544
10,2025-01-31,2025-01-11,0.027677304307059093,0.009176498540224983,-0.0488017326248398
10,2025-02-01,2025-01-11,0.02768381317653309,0.009176498540224983,-0.0482676864510737
10,2025-02-02,2025-01-11,0.029546026002963105,0.009176498540224983,0.001733868751458
10,2025-02-03,2025-01-11,0.029494140867706672,0.009176498540224983,-0.0465849101516533
10,2025-02-04,2025-01-11,0.028149711369242755,0.009176498540224983,-0.0026865956521646
10,2025-02-05,2025-01-11,0.02932434325147997,0.009176498540224983,0.0099079383470637
10,2025-02-06,2025-01-11,0.02975698531670728,0.009176498540224983,-0.0045179735558263
10,2025-02-07,2025-01-11,0.028453098128436854,0.009176498540224983,-0.0075310755304289
10,2025-02-08,2025-01-11,0.028789608803554696,0.009176498540224983,-0.0080149523965744
10,2025-02-09,2025-01-11,0.033430278850668446,0.009176498540224983,0.0018827993189081
10,2025-02-10,2025-02-10,0.021748890798196203,0.00908991624779713,0.0089723149204736
10,2025-02-11,2025-02-10,0.02415978727101484,0.00908991624779713,0.0042157818793837
10,2025-02-12,2025-02-10,0.02098217733357064,0.00908991624779713,-0.0134768584322938
10,2025-02-13,2025-02-10,0.023115803499068506,0.00908991624779713,-0.0036243322767626
10,2025-02-14,2025-02-10,0.02163485314589053,0.00908991624779713,-0.0610007253297624
10,2025-02-15,2025-02-10,0.021849855773493812,0.00908991624779713,-0.0911068051277416
10,2025-02-16,2025-02-10,0.021938317614007514,0.00908991624779713,-0.1234733887845497
10,2025-02-17,2025-02-10,0.02298352481312179,0.00908991624779713,-0.1155921904364167
10,2025-02-18,2025-02-10,0.022846745193738666,0.00908991624779713,-0.1183400657289185
10,2025-02-19,2025-02-10,0.02031438088165199,0.00908991624779713,-0.1094718709429219
10,2025-02-20,2025-02-10,0.02117523517849347,0.00908991624779713,-0.0410457250394181
10,2025-02-21,2025-02-10,0.02181474477277388,0.00908991624779713,-0.103567944847881
10,2025-02-22,2025-02-10,0.021456726852121934,0.00908991624779713,-0.0960013779244773
10,2025-02-23,2025-02-10,0.021552302591548552,0.00908991624779713,-0.0587170936441646
10,2025-02-24,2025-02-10,0.020273219626728182,0.00908991624779713,-0.0177055052773872
10,2025-02-25,2025-02-10,0.022414648431339463,0.00908991624779713,-0.0211845007465008
10,2025-02-26,2025-02-10,0.02680531792219873,0.00908991624779713,0.0234107761783992
10,2025-02-27,2025-02-10,0.027139091454621216,0.00908991624779713,-0.0469162627917975
10,2025-02-28,2025-02-10,0.024844276950020908,0.00908991624779713,-0.0682167645880957
10,2025-03-01,2025-02-10,0.027213904750866238,0.00908991624779713,-0.0363859536559368
10,2025-03-02,2025-02-10,0.023153502007354495,0.00908991624779713,-0.1123356316961918
10,2025-03-03,2025-02-10,0.01900509480176912,0.00908991624779713,-0.0592066096493634
10,2025-03-04,2025-02-10,0.016028305276541265,0.00908991624779713,-0.0377945138274818
10,2025-03-05,2025-02-10,0.01860274550827173,0.00908991624779713,-0.0691738881339106
10,2025-03-06,2025-02-10,0.015961726716024176,0.00908991624779713,-0.0818103567043904
10,2025-03-07,2025-02-10,0.015536367164490961,0.00908991624779713,-0.0321620243831489
10,2025-03-08,2025-02-10,0.014258225779751997,0.00908991624779713,-0.0406787327430384
10,2025-03-09,2025-02-10,0.01573046261030208,0.00908991624779713,0.0756997298672177
10,2025-03-10,2025-02-10,0.017068570618498476,0.00908991624779713,0.0716008451335732
10,2025-03-11,2025-02-10,0.011837381785595291,0.00908991624779713,0.0139365528723851
10,2025-03-12,2025-03-12,0.014692582799362747,0.007970526035706941,0.0019176597739105
10,2025-03-13,2025-03-12,0.014697157933879716,0.007970526035706941,0.0612300097465623
10,2025-03-14,2025-03-12,0.00857173849737419,0.007970526035706941,0.0418531325312683
10,2025-03-15,2025-03-12,0.009085482903277034,0.007970526035706941,0.0362163445280703
10,2025-03-16,2025-03-12,0.013350299415640272,0.007970526035706941,0.052493668447159
10,2025-03-17,2025-03-12,0.007958472014101808,0.007970526035706941,0.0383523253116324
10,2025-03-18,2025-03-12,0.008925717315930374,0.007970526035706941,0.0206655307989371
10,2025-03-19,2025-03-12,0.010127183201960696,0.007970526035706941,-0.0483315627650527
10,2025-03-20,2025-03-12,0.007262600170210984,0.007970526035706941,-0.0217682997561603
10,2025-03-21,2025-03-12,0.007522648835332048,0.007970526035706941,-0.0182994665519624
10,2025-03-22,2025-03-12,0.007676054696588036,0.007970526035706941,0.015717327370907
10,2025-03-23,2025-03-12,0.007577739869710822,0.007970526035706941,-0.0414278163389771
10,2025-03-24,2025-03-12,0.007804060957347988,0.007970526035706941,-0.0489732584090911
10,2025-03-25,2025-03-12,0.008513839346354888,0.007970526035706941,-0.0400833614916182
10,2025-03-26,2025-03-12,0.009072008965598228,0.007970526035706941,-0.0387896927332293
10,2025-03-27,2025-03-12,0.009183426423109084,0.007970526035706941,-0.1009034412940845
10,2025-03-28,2025-03-12,0.010202165046629377,0.007970526035706941,-0.0623177807168972
10,2025-03-29,2025-03-12,0.011479157004776632,0.007970526035706941,-0.0765424289406684
10,2025-03-30,2025-03-12,0.01350968953411672,0.007970526035706941,0.0027337058785903
10,2025-03-31,2025-03-12,0.009983883877531801,0.007970526035706941,-0.035647603192295
10,2025-04-01,2025-03-12,0.00922603305669564,0.007970526035706941,-0.0203679404741802
10,2025-04-02,2025-03-12,0.010153666979570687,0.007970526035706941,0.0334553334862728
10,2025-04-03,2025-03-12,0.009503901053123587,0.007970526035706941,0.0065724034523895
10,2025-04-04,2025-03-12,0.01411688508875605,0.007970526035706941,0.0083646571391755
10,2025-04-05,2025-03-12,0.016197329894545986,0.007970526035706941,0.0012688837737178
10,2025-04-06,2025-03-12,0.014303091467493825,0.007970526035706941,0.0714060946066557
10,2025-04-07,2025-03-12,0.008755776629052175,0.007970526035706941,0.0730726786826814
10,2025-04-08,2025-03-12,0.014982705347102438,0.007970526035706941,0.1068135680184145
10,2025-04-09,2025-03-12,0.010580851719016595,0.007970526035706941,0.0297982623540795
10,2025-04-10,2025-03-12,0.01093590274402367,0.007970526035706941,0.0699928272909644
10,2025-04-11,2025-04-11,0.009459174351906527,0.007497624836459339,0.0490554019090945
10,2025-04-12,2025-04-11,0.010786435017566766,0.007497624836459339,0.0957596957675526
10,2025-04-13,2025-04-11,0.008315369452936417,0.007497624836459339,0.1185659025787966
10,2025-04-14,2025-04-11,0.007657733393380721,0.007497624836459339,0.1109908338394909
10,2025-04-15,2025-04-11,0.0029706811757850326,0.007497624836459339,0.131446264100983
10,2025-04-16,2025-04-11,0.003182823154409407,0.007497624836459339,0.1261165307118685
10,2025-04-17,2025-04-11,0.005301647348238611,0.007497624836459339,0.1036092588975996
10,2025-04-18,2025-04-11,0.005301647348238611,0.007497624836459339,0.1247295491702897
10,2025-04-19,2025-04-11,0.005931063697151962,0.007497624836459339,0.1079000072992693
10,2025-04-20,2025-04-11,0.0059572964050717365,0.007497624836459339,0.1055745507943015
10,2025-04-21,2025-04-11,0.00618593597305389,0.007497624836459339,0.102537323648425
10,2025-04-22,2025-04-11,0.011114595629579635,0.007497624836459339,0.0368583025864219
10,2025-04-23,2025-04-11,0.004004713288542558,0.007497624836459339,0.0231114851061595
10,2025-04-24,2025-04-11,0.0025498482540185323,0.007497624836459339,0.0031618271328073
10,2025-04-25,2025-04-11,0.0038205280018555345,0.007497624836459339,0.0010038178892604
10,2025-04-26,2025-04-11,0.0033107942545221453,0.007497624836459339,0.0233125501965592
10,2025-04-27,2025-04-11,0.005411191510331983,0.007497624836459339,0.034999727997969
10,2025-04-28,2025-04-11,0.005720303580646818,0.007497624836459339,0.0868363070535489
10,2025-04-29,2025-04-11,0.005720303580646818,0.007497624836459339,0.0924619565990025
10,2025-04-30,2025-04-11,0.005519184124548743,0.007497624836459339,0.1129585227031388
10,2025-05-01,2025-04-11,0.005759246653773287,0.007497624836459339,0.0790558308117397
10,2025-05-02,2025-04-11,0.006720836235671531,0.007497624836459339,0.0609387375868459
10,2025-05-03,2025-04-11,0.008605658121108032,0.007497624836459339,0.086038055667007
10,2025-05-04,2025-04-11,0.008803864378098797,0.007497624836459339,0.0979044655560885
10,2025-05-05,2025-04-11,0.009147592113769658,0.007497624836459339,0.0953201649086155
10,2025-05-06,2025-04-11,0.009295395352308524,0.007497624836459339,0.068466433594309
10,2025-05-07,2025-04-11,0.008992016280941246,0.007497624836459339,0.0628271522871672
10,2025-05-08,2025-04-11,0.006072450946553567,0.007497624836459339,0.0309181728735559
10,2025-05-09,2025-04-11,0.007151750374695605,0.007497624836459339,0.0252665797757234
10,2025-05-10,2025-04-11,0.01066709959479347,0.007497624836459339,0.0194682678187756
10,2025-05-11,2025-05-11,0.017335304710998953,0.008753313006870803,0.0530743003131062
10,2025-05-12,2025-05-11,0.015420275506589603,0.008753313006870803,0.0866307583169474
10,2025-05-13,2025-05-11,0.018949043710083623,0.008753313006870803,0.0308786275841055
10,2025-05-14,2025-05-11,0.016518080895421887,0.008753313006870803,0.0410992135666656
10,2025-05-15,2025-05-11,0.016841922775501332,0.008753313006870803,0.0505039767756954
10,2025-05-16,2025-05-11,0.016806497661758388,0.008753313006870803,0.0577098872167007
10,2025-05-17,2025-05-11,0.017155567303631266,0.008753313006870803,0.0563532316816264
10,2025-05-18,2025-05-11,0.02248008568939787,0.008753313006870803,0.0124703323286452
10,2025-05-19,2025-05-11,0.020191499896572308,0.008753313006870803,0.0001516475593268
10,2025-05-20,2025-05-11,0.028184535559618577,0.008753313006870803,-0.0268087062993642
10,2025-05-21,2025-05-11,0.027819863630978155,0.008753313006870803,-0.0460774001383933
10,2025-05-22,2025-05-11,0.026658683514556993,0.008753313006870803,-0.0541941396221055
10,2025-05-23,2025-05-11,0.02331427355550956,0.008753313006870803,-0.0136072785349748
10,2025-05-24,2025-05-11,0.02336310304391101,0.008753313006870803,-0.0221323100156632
10,2025-05-25,2025-05-11,0.023163267560174342,0.008753313006870803,-0.0395152700093455
10,2025-05-26,2025-05-11,0.02069571608174508,0.008753313006870803,-0.072427698723596
10,2025-05-27,2025-05-11,0.019484899354895772,0.008753313006870803,-0.0426822848226658
10,2025-05-28,2025-05-11,0.020054852583008778,0.008753313006870803,-0.0206865204861156
10,2025-05-29,2025-05-11,0.019835760200997636,0.008753313006870803,0.0013661363910795
10,2025-05-30,2025-05-11,0.018825647513553978,0.008753313006870803,0.0603693900340702
10,2025-05-31,2025-05-11,0.020201100467780342,0.008753313006870803,0.0543303170379956
10,2025-06-01,2025-05-11,0.02290743522973658,0.008753313006870803,0.0284182765472331
10,2025-06-02,2025-05-11,0.019712093606536946,0.008753313006870803,-0.0017595270796282
10,2025-06-03,2025-05-11,0.020207021294512413,0.008753313006870803,0.006545078337385
10,2025-06-04,2025-05-11,0.019668368862540375,0.008753313006870803,0.0068557930008597
10,2025-06-05,2025-05-11,0.018308511134746068,0.008753313006870803,0.0402461149135227
10,2025-06-06,2025-05-11,0.016291765863738306,0.008753313006870803,0.0240303719184982
10,2025-06-07,2025-05-11,0.017010033368134427,0.008753313006870803,-0.0094832743814313
10,2025-06-08,2025-05-11,0.01764566274068346,0.008753313006870803,-0.00801274897384
10,2025-06-09,2025-05-11,0.018270484956887954,0.008753313006870803,-0.0508278296748991
10,2025-06-10,2025-06-10,0.022921257029881154,0.009054216240214605,-0.0632640089870367
10,2025-06-11,2025-06-10,0.022921257029881154,0.009054216240214605,-0.0600589331577893
10,2025-06-12,2025-06-10,0.022921257029881154,0.009054216240214605,-0.044551745296495
10,2025-06-13,2025-06-10,0.022921257029881154,0.009054216240214605,-0.0069075474190317
10,2025-06-14,2025-06-10,0.022921257029881154,0.009054216240214605,0.0063402958071099
10,2025-06-15,2025-06-10,0.02332561017679477,0.009054216240214605,0.0165404268670164
10,2025-06-16,2025-06-10,0.022921257029881154,0.009054216240214605,0.0014282566719474
10,2025-06-17,2025-06-10,0.022921257029881154,0.009054216240214605,0.0238774946277502
10,2025-06-18,2025-06-10,0.022921257029881154,0.009054216240214605,0.0229772522333129
10,2025-06-19,2025-06-10,0.022921257029881154,0.009054216240214605,0.0353371854140209
10,2025-06-20,2025-06-10,0.022921257029881154,0.009054216240214605,0.0372563880478216
10,2025-06-21,2025-06-10,0.023051119887695364,0.009054216240214605,0.0348720099028585
10,2025-06-22,2025-06-10,0.023325180926314457,0.009054216240214605,0.078104474402576
10,2025-06-23,2025-06-10,0.022921257029881154,0.009054216240214605,0.0403559422875421
10,2025-06-24,2025-06-10,0.022921257029881154,0.009054216240214605,0.017922192999821
10,2025-06-25,2025-06-10,0.022921257029881154,0.009054216240214605,0.0079889637264862
10,2025-06-26,2025-06-10,0.022921257029881154,0.009054216240214605,0.0211018423507856
10,2025-06-27,2025-06-10,0.022921257029881154,0.009054216240214605,0.0113533616216863
10,2025-06-28,2025-06-10,0.022921257029881154,0.009054216240214605,0.0151559986090916
10,2025-06-29,2025-06-10,0.02327467225562737,0.009054216240214605,0.026551693555733
10,2025-06-30,2025-06-10,0.022921257029881154,0.009054216240214605,0.0827231874116281
10,2025-07-01,2025-06-10,0.022921257029881154,0.009054216240214605,0.1120968225740184
10,2025-07-02,2025-06-10,0.023448067527046708,0.009054216240214605,0.078736164395643
10,2025-07-03,2025-06-10,0.023325180926314457,0.009054216240214605,0.0867078439177411
10,2025-07-04,2025-06-10,0.023325180926314457,0.009054216240214605,0.1098025045136215
10,2025-07-05,2025-06-10,0.023325180926314457,0.009054216240214605,0.0883561562807191
10,2025-07-06,2025-06-10,0.023325180926314457,0.009054216240214605,0.0863210487836325
10,2025-07-07,2025-06-10,0.023325180926314457,0.009054216240214605,0.1008158470479372
10,2025-07-08,2025-06-10,0.023126962858970174,0.009054216240214605,0.0826442684546455
10,2025-07-09,2025-06-10,0.023397129605879308,0.009054216240214605,0.0593884117615486
10,2025-07-10,2025-07-10,0.020505959447839516,0.009099634867063035,0.0108190673217825
10,2025-07-11,2025-07-10,0.020325103956601507,0.009099634867063035,-0.0012533219839483
10,2025-07-12,2025-07-10,0.022657851899451915,0.009099634867063035,0.0215842275591893
10,2025-07-13,2025-07-10,0.02476833654366921,0.009099634867063035,-0.0027765499135754
10,2025-07-14,2025-07-10,0.025234779550246292,0.009099634867063035,-0.0125181511063224
10,2025-07-15,2025-07-10,0.028729675621083837,0.009099634867063035,-0.001220977683996
10,2025-07-16,2025-07-10,0.02609180336192362,0.009099634867063035,-0.0059886826676762
10,2025-07-17,2025-07-10,0.02689896399856962,0.009099634867063035,0.0019969363360015
10,2025-07-18,2025-07-10,0.024241307128287766,0.009099634867063035,0.0011658273184853
10,2025-07-19,2025-07-10,0.024946474909344665,0.009099634867063035,0.0009399185336047
10,2025-07-20,2025-07-10,0.02634816382179769,0.009099634867063035,0.0049049538345247
10,2025-07-21,2025-07-10,0.026796054108836273,0.009099634867063035,-0.0137695948453386
10,2025-07-22,2025-07-10,0.02887335618183989,0.009099634867063035,-0.0554918276458675
10,2025-07-23,2025-07-10,0.027456063703331448,0.009099634867063035,-0.0522890676925011
10,2025-07-24,2025-07-10,0.028135263035345654,0.009099634867063035,-0.0349176561730639
10,2025-07-25,2025-07-10,0.027870705954120254,0.009099634867063035,-0.02175993720492
10,2025-07-26,2025-07-10,0.02373756148164394,0.009099634867063035,-0.032142472196614
10,2025-07-27,2025-07-10,0.02560401142132933,0.009099634867063035,-0.0370410721216792
10,2025-07-28,2025-07-10,0.02263607545305391,0.009099634867063035,-0.0049999864478355
10,2025-07-29,2025-07-10,0.01882734173082581,0.009099634867063035,-0.0108182431380686
10,2025-07-30,2025-07-10,0.021586169130666338,0.009099634867063035,-0.0116942166644178
10,2025-07-31,2025-07-10,0.022604355097271028,0.009099634867063035,0.0304924463616
10,2025-08-01,2025-07-10,0.021899005356858865,0.009099634867063035,0.0475566499758646
10,2025-08-02,2025-07-10,0.021242401661201917,0.009099634867063035,0.0674187123793885
10,2025-08-03,2025-07-10,0.02304117680168217,0.009099634867063035,0.0796578722480227
10,2025-08-04,2025-07-10,0.020799179520352887,0.009099634867063035,0.0281609591514599
10,2025-08-05,2025-07-10,0.018948142111793225,0.009099634867063035,0.0281460355428799
10,2025-08-06,2025-07-10,0.018899970894759636,0.009099634867063035,0.0207700048011922
10,2025-08-07,2025-07-10,0.020220704046833588,0.009099634867063035,-0.0005703486302822
10,2025-08-08,2025-07-10,0.018866649336235133,0.009099634867063035,-0.0038370773313914
10,2025-08-09,2025-08-09,0.016856129655756173,0.00927566640240623,-0.0308195144778672
10,2025-08-10,2025-08-09,0.015527099486368868,0.00927566640240623,-0.042104125764571
10,2025-08-11,2025-08-09,0.016356203333608516,0.00927566640240623,-0.0521207219048581
10,2025-08-12,2025-08-09,0.017473481146972617,0.00927566640240623,-0.026621005463229
10,2025-08-13,2025-08-09,0.019505665579067764,0.00927566640240623,-0.0638115952266235
10,2025-08-14,2025-08-09,0.014980287438841496,0.00927566640240623,-0.0405891740730743
10,2025-08-15,2025-08-09,0.01524197081567894,0.00927566640240623,-0.0616153373833165
10,2025-08-16,2025-08-09,0.01554573711056358,0.00927566640240623,-0.0478566060201058
10,2025-08-17,2025-08-09,0.015802043397180807,0.00927566640240623,-0.0523231504345512
10,2025-08-18,2025-08-09,0.015818430218695965,0.00927566640240623,-0.0314913782979091
10,2025-08-19,2025-08-09,0.018828734284627946,0.00927566640240623,-0.0398283237771605
10,2025-08-20,2025-08-09,0.01587967427173187,0.00927566640240623,-0.0477365083287798
10,2025-08-21,2025-08-09,0.016732568963681544,0.00927566640240623,-0.0378102222222221
10,2025-08-22,2025-08-09,0.014259056860590784,0.00927566640240623,-0.0658357619412125
10,2025-08-23,2025-08-09,0.01591764686484698,0.00927566640240623,-0.0363661721590066
10,2025-08-24,2025-08-09,0.015919042152730586,0.00927566640240623,-0.0157531363665559
10,2025-08-25,2025-08-09,0.01816541668041992,0.00927566640240623,0.0056205510063482
10,2025-08-26,2025-08-09,0.016491520892563328,0.00927566640240623,-0.0098711364973199
10,2025-08-27,2025-08-09,0.018897880868358682,0.00927566640240623,-0.0096532500176834
10,2025-08-28,2025-08-09,0.016761588756106324,0.00927566640240623,-0.01269964794269
10,2025-08-29,2025-08-09,0.01896060374230566,0.00927566640240623,0.0340276662846681
10,2025-08-30,2025-08-09,0.01750119499258239,0.00927566640240623,0.025088697624704
10,2025-08-31,2025-08-09,0.01874439111899895,0.00927566640240623,0.0527837659191279
10,2025-09-01,2025-08-09,0.017438672115532287,0.00927566640240623,0.0571715260210283
10,2025-09-02,2025-08-09,0.01755558262666414,0.00927566640240623,0.0430547426236298
10,2025-09-03,2025-08-09,0.01909003467936943,0.00927566640240623,0.0377114115294552
10,2025-09-04,2025-08-09,0.01921937197822889,0.00927566640240623,0.0409744816418402
10,2025-09-05,2025-08-09,0.018126081620573886,0.00927566640240623,0.0423795447659085
10,2025-09-06,2025-08-09,0.01897308579085827,0.00927566640240623,0.0599066304606574
10,2025-09-07,2025-08-09,0.018906735461169083,0.00927566640240623,0.0477809708240273
10,2025-09-08,2025-09-08,0.01599891986535694,0.008856966220908634,0.0446909358058695
10,2025-09-09,2025-09-08,0.01577611221975807,0.008856966220908634,0.0366304100025112
10,2025-09-10,2025-09-08,0.01579895351286048,0.008856966220908634,0.0151424183924184
10,2025-09-11,2025-09-08,0.015610117677495696,0.008856966220908634,-0.0021682903299188
10,2025-09-12,2025-09-08,0.015368193143498639,0.008856966220908634,-0.0291170118750916
10,2025-09-13,2025-09-08,0.015043473217466952,0.008856966220908634,-0.0338125243220892
10,2025-09-14,2025-09-08,0.015283756682144179,0.008856966220908634,-0.0170126126060473
10,2025-09-15,2025-09-08,0.015611614844769276,0.008856966220908634,-0.0550952403781509
10,2025-09-16,2025-09-08,0.01600303952059714,0.008856966220908634,-0.0611830090789403
10,2025-09-17,2025-09-08,0.015520787914800445,0.008856966220908634,-0.0584961869970859
10,2025-09-18,2025-09-08,0.015041231732734379,0.008856966220908634,-0.041935867142641
10,2025-09-19,2025-09-08,0.015576347053012411,0.008856966220908634,-0.0114191198001805
10,2025-09-20,2025-09-08,0.015249724123844694,0.008856966220908634,-0.0141478245828804
10,2025-09-21,2025-09-08,0.015246924029188374,0.008856966220908634,0.0291819246150537
10,2025-09-22,2025-09-08,0.01577053041594117,0.008856966220908634,0.0699360032255376
10,2025-09-23,2025-09-08,0.018371580346663887,0.008856966220908634,0.0913688360946725
10,2025-09-24,2025-09-08,0.0155845104690125,0.008856966220908634,0.0801715692763906
10,2025-09-25,2025-09-08,0.017645848878622833,0.008856966220908634,0.1329224991098172
10,2025-09-26,2025-09-08,0.013799086331203263,0.008856966220908634,0.1369446020765852
10,2025-09-27,2025-09-08,0.01352115815681488,0.008856966220908634,0.1066904666676091
10,2025-09-28,2025-09-08,0.013232752151533701,0.008856966220908634,0.0993371756255017
10,2025-09-29,2025-09-08,0.01355676035819659,0.008856966220908634,0.0643015831414315
10,2025-09-30,2025-09-08,0.015594824353454731,0.008856966220908634,-0.0111744143500512
10,2025-10-01,2025-09-08,0.014877565872873052,0.008856966220908634,-0.067039847130136
10,2025-10-02,2025-09-08,0.015302354473801844,0.008856966220908634,-0.04621737361066
10,2025-10-03,2025-09-08,0.01695646895753428,0.008856966220908634,-0.0578081026245173
10,2025-10-04,2025-09-08,0.01665355024137694,0.008856966220908634,-0.0764995792174261
10,2025-10-05,2025-09-08,0.016690092682174536,0.008856966220908634,-0.1030028511776302
10,2025-10-06,2025-09-08,0.020254610936398472,0.008856966220908634,-0.1320748662706943
10,2025-10-07,2025-09-08,0.017424897469126153,0.008856966220908634,-0.1228130528434362
10,2025-10-08,2025-10-08,0.01777792502089947,0.009264232849650646,-0.1307397044750459
10,2025-10-09,2025-10-08,0.01787708362417566,0.009264232849650646,-0.1070143281737002
10,2025-10-10,2025-10-08,0.01866438478088179,0.009264232849650646,-0.0198840163334796
10,2025-10-11,2025-10-08,0.019032422930519044,0.009264232849650646,-0.0212096590518814
10,2025-10-12,2025-10-08,0.01894693720982819,0.009264232849650646,-0.0642957302964192
10,2025-10-13,2025-10-08,0.01749244413407611,0.009264232849650646,-0.044178142854662
10,2025-10-14,2025-10-08,0.01854473408380305,0.009264232849650646,-0.0179004095794197
10,2025-10-15,2025-10-08,0.01627388745874524,0.009264232849650646,0.0079718657663443
10,2025-10-16,2025-10-08,0.016321282336005077,0.009264232849650646,0.0588304668231998
10,2025-10-17,2025-10-08,0.017837717683983297,0.009264232849650646,0.0721211015366853
10,2025-10-18,2025-10-08,0.01786599930008548,0.009264232849650646,0.0533044686006001
10,2025-10-19,2025-10-08,0.017151691163440945,0.009264232849650646,0.0126884639733997
10,2025-10-20,2025-10-08,0.015607244765247545,0.009264232849650646,-0.019987046295786
10,2025-10-21,2025-10-08,0.01597464291895393,0.009264232849650646,0.012099429285967
10,2025-10-22,2025-10-08,0.01688024620706629,0.009264232849650646,0.0235262640813986
10,2025-10-23,2025-10-08,0.014638932691473927,0.009264232849650646,0.0042015592917687
10,2025-10-24,2025-10-08,0.015112570022679005,0.009264232849650646,-0.0398347316050672
10,2025-10-25,2025-10-08,0.016153756637717245,0.009264232849650646,-0.0909036190819452
10,2025-10-26,2025-10-08,0.01639387417007974,0.009264232849650646,-0.0931764656588634
10,2025-10-27,2025-10-08,0.015103057809732761,0.009264232849650646,-0.1118383386214684
10,2025-10-28,2025-10-08,0.01595211822533175,0.009264232849650646,-0.0846722873520406
10,2025-10-29,2025-10-08,0.01743363028269384,0.009264232849650646,-0.0700623488417558
10,2025-10-30,2025-10-08,0.016354533297100227,0.009264232849650646,-0.0332332375210112
10,2025-10-31,2025-10-08,0.015237939550384353,0.009264232849650646,-0.0328158498635272
10,2025-11-01,2025-10-08,0.015237939550384353,0.009264232849650646,-0.0639348907928474
10,2025-11-02,2025-10-08,0.015806214134711956,0.009264232849650646,-0.0803895000464987
10,2025-11-03,2025-10-08,0.016034266498200767,0.009264232849650646,-0.0646540012369697
10,2025-11-04,2025-10-08,0.01793038625572979,0.009264232849650646,-0.068013882547719
10,2025-11-05,2025-10-08,0.01685621925010665,0.009264232849650646,-0.0797892596016601
10,2025-11-06,2025-10-08,0.017171488599838143,0.009264232849650646,-0.0699050500641168
10,2025-11-07,2025-11-07,0.010696228311138922,0.008396871425654855,-0.1076450458045494
10,2025-11-08,2025-11-07,0.011974109405316022,0.008396871425654855,-0.0914069129476682
10,2025-11-09,2025-11-07,0.011840888150581753,0.008396871425654855,-0.1257412892072569
10,2025-11-10,2025-11-07,0.012077847173966852,0.008396871425654855,-0.1827534523969323
10,2025-11-11,2025-11-07,0.013942364017177628,0.008396871425654855,-0.1739737600766319
10,2025-11-12,2025-11-07,0.01226775129483098,0.008396871425654855,-0.1663935352705445
10,2025-11-13,2025-11-07,0.0131361366780207,0.008396871425654855,-0.1290175482450852
10,2025-11-14,2025-11-07,0.017053040378094034,0.008396871425654855,-0.0665368839461276
10,2025-11-15,2025-11-07,0.015627548582887625,0.008396871425654855,-0.0860523384601736
10,2025-11-16,2025-11-07,0.01674521888747626,0.008396871425654855,-0.0400738626526392
10,2025-11-17,2025-11-07,0.016903661198790578,0.008396871425654855,-0.0095558061290152
10,2025-11-18,2025-11-07,0.015814500058702205,0.008396871425654855,-0.0222688416185613
10,2025-11-19,2025-11-07,0.014010668982573107,0.008396871425654855,-0.0082193253101744
10,2025-11-20,2025-11-07,0.01634164440870793,0.008396871425654855,0.042969633262744
10,2025-11-21,2025-11-07,0.016305768143586058,0.008396871425654855,0.0135861358404489
10,2025-11-22,2025-11-07,0.015653610973815128,0.008396871425654855,0.0771555352895818
10,2025-11-23,2025-11-07,0.013999504366936841,0.008396871425654855,0.0760100195784867
10,2025-11-24,2025-11-07,0.011892778610251006,0.008396871425654855,0.0427865183707227
10,2025-11-25,2025-11-07,0.012603669181169843,0.008396871425654855,0.022434255435163
10,2025-11-26,2025-11-07,0.011366546828862085,0.008396871425654855,-0.0137839808620352
10,2025-11-27,2025-11-07,0.012564974695170731,0.008396871425654855,-0.0102770109033935
10,2025-11-28,2025-11-07,0.011685860599618557,0.008396871425654855,-0.002820530593339
10,2025-11-29,2025-11-07,0.011731230913795746,0.008396871425654855,0.0206642024157059
10,2025-11-30,2025-11-07,0.011643488417845634,0.008396871425654855,0.0183197211155377
10,2025-12-01,2025-11-07,0.016204549860643926,0.008396871425654855,0.072171259280618
10,2025-12-02,2025-11-07,0.010102204113681613,0.008396871425654855,-0.0110591963792323
10,2025-12-03,2025-11-07,0.010302016831501542,0.008396871425654855,-0.0341425848991677
10,2025-12-04,2025-11-07,0.01105231434249438,0.008396871425654855,-0.0424193342040438
10,2025-12-05,2025-11-07,0.011276580792654324,0.008396871425654855,-0.0324410467072442
10,2025-12-06,2025-11-07,0.011115471692924317,0.008396871425654855,-0.0153901770783103
10,2025-12-07,2025-12-07,0.008375255621046837,0.007341239485571881,-0.0459325821217936
10,2025-12-08,2025-12-07,0.008701665019370156,0.007341239485571881,-0.0564678906471872
10,2025-12-09,2025-12-07,0.007192205744545205,0.007341239485571881,-0.0490064610245277
10,2025-12-10,2025-12-07,0.010232413584760309,0.007341239485571881,-0.0397158648604032
10,2025-12-11,2025-12-07,0.01020359627343715,0.007341239485571881,-0.0416644597786828
10,2025-12-12,2025-12-07,0.008367985163580685,0.007341239485571881,-0.0182525627456424
10,2025-12-13,2025-12-07,0.008430694805287478,0.007341239485571881,-0.0305187244549285
10,2025-12-14,2025-12-07,0.009863332311582785,0.007341239485571881,-0.0057015722761502
10,2025-12-15,2025-12-07,0.008683336739155527,0.007341239485571881,0.0091770324166675
10,2025-12-16,2025-12-07,0.008468435293641736,0.007341239485571881,-0.005620769143746
10,2025-12-17,2025-12-07,0.010987681268904606,0.007341239485571881,0.0189439819153318
10,2025-12-18,2025-12-07,0.011107507015040194,0.007341239485571881,0.028489268901723
10,2025-12-19,2025-12-07,0.007821645180677092,0.007341239485571881,-0.0102092266874705
10,2025-12-20,2025-12-07,0.008871847040469494,0.007341239485571881,0.0014100127997791
10,2025-12-21,2025-12-07,0.00905696312120072,0.007341239485571881,-0.011399199132495
10,2025-12-22,2025-12-07,0.009348370452745293,0.007341239485571881,0.0024627404021111
10,2025-12-23,2025-12-07,0.00940744339596557,0.007341239485571881,0.0286803602862173
10,2025-12-24,2025-12-07,0.01131476381585485,0.007341239485571881,0.0337467612720281
10,2025-12-25,2025-12-07,0.011395691082819777,0.007341239485571881,0.0493487724371617
10,2025-12-26,2025-12-07,0.01115761605903863,0.007341239485571881,0.0742838810221775
10,2025-12-27,2025-12-07,0.011165935892821837,0.007341239485571881,0.0668088274737614
10,2025-12-28,2025-12-07,0.011109151030553533,0.007341239485571881,0.0387873210501414
10,2025-12-29,2025-12-07,0.011227003232010778,0.007341239485571881,0.0442799986657058
10,2025-12-30,2025-12-07,0.011189249754525846,0.007341239485571881,0.0243632035037608
10,2025-12-31,2025-12-07,0.011338193757779452,0.007341239485571881,0.0325902796428723
10,2026-01-01,2025-12-07,0.010893319013758873,0.007341239485571881,0.024478089812767
10,2026-01-02,2025-12-07,0.01129564998964156,0.007341239485571881,0.014457115623923
10,2026-01-03,2025-12-07,0.011837243492928966,0.007341239485571881,0.0528091701450799
10,2026-01-04,2025-12-07,0.010570305754763457,0.007341239485571881,0.0592381295126731
10,2026-01-05,2025-12-07,0.00859033213286781,0.007341239485571881,0.0185925356044676
10,2026-01-06,2026-01-06,0.008718548900853974,0.007195922207465041,0.0192320964389949
10,2026-01-07,2026-01-06,0.008997672617328168,0.007195922207465041,0.0414124094174346
10,2026-01-08,2026-01-06,0.008753813630463701,0.007195922207465041,0.0282453378974025
10,2026-01-09,2026-01-06,0.007823428894029337,0.007195922207465041,0.0219515876210045
10,2026-01-10,2026-01-06,0.011178923833172955,0.007195922207465041,-0.022949526378188
10,2026-01-11,2026-01-06,0.01135648228783479,0.007195922207465041,-0.0171284197480268
10,2026-01-12,2026-01-06,0.01081903638080822,0.007195922207465041,-0.0190208354783659
10,2026-01-13,2026-01-06,0.008132351582600571,0.007195922207465041,-0.0609317290963591
10,2026-01-14,2026-01-06,0.011333528849170245,0.007195922207465041,-0.0796936373937642
10,2026-01-15,2026-01-06,0.008651147163266813,0.007195922207465041,-0.0934517932154034
10,2026-01-16,2026-01-06,0.008815684730559228,0.007195922207465041,-0.075392874209296
10,2026-01-17,2026-01-06,0.009659819899621076,0.007195922207465041,-0.0619853728573985
10,2026-01-18,2026-01-06,0.010970133931926822,0.007195922207465041,-0.0466852077340419
10,2026-01-19,2026-01-06,0.010985538193325315,0.007195922207465041,-0.0861573339378825
10,2026-01-20,2026-01-06,0.010201756276605002,0.007195922207465041,-0.0471251868476446
10,2026-01-21,2026-01-06,0.008250428344936583,0.007195922207465041,-0.1197660537346655
10,2026-01-22,2026-01-06,0.008814451051077223,0.007195922207465041,-0.1405929700276921
10,2026-01-23,2026-01-06,0.008722589063996797,0.007195922207465041,-0.1212234205570385
10,2026-01-24,2026-01-06,0.00884356087667899,0.007195922207465041,-0.1507994253650363
10,2026-01-25,2026-01-06,0.010586831418922825,0.007195922207465041,-0.155814859889817
10,2026-01-26,2026-01-06,0.007912468760045368,0.007195922207465041,-0.2879237208518945
10,2026-01-27,2026-01-06,0.008723027852761538,0.007195922207465041,-0.2091847619047619
10,2026-01-28,2026-01-06,0.008723027852761538,0.007195922207465041,-0.2240830038166857
10,2026-01-29,2026-01-06,0.012740826592544413,0.007195922207465041,-0.169164240209351
10,2026-01-30,2026-01-06,0.008928605821612277,0.007195922207465041,-0.1676051254864528
10,2026-01-31,2026-01-06,0.013956175486893868,0.007195922207465041,-0.1257259710273252
10,2026-02-01,2026-01-06,0.013956175486893868,0.007195922207465041,-0.1284386112136426
10,2026-02-02,2026-01-06,0.0128837098166851,0.007195922207465041,-0.1583268995985578
10,2026-02-03,2026-01-06,0.013642711710501004,0.007195922207465041,-0.0912792771723873
10,2026-02-04,2026-01-06,0.013677323972083466,0.007195922207465041,-0.0456890873786302
10,2026-02-05,2026-02-05,0.010406890076232071,0.006401621771482146,0.0941461322597125
10,2026-02-06,2026-02-05,0.009378671502080296,0.006401621771482146,-0.0239136268412726
10,2026-02-07,2026-02-05,0.01055116654987566,0.006401621771482146,-0.025773935341895
10,2026-02-08,2026-02-05,0.009874136539429531,0.006401621771482146,-0.0550171917171499
10,2026-02-09,2026-02-05,0.0066355025149830455,0.006401621771482146,-0.0446871881148593
10,2026-02-10,2026-02-05,0.007477732598972644,0.006401621771482146,-0.0119300495385835
10,2026-02-11,2026-02-05,0.007903957537582957,0.006401621771482146,0.0133180745147913
10,2026-02-12,2026-02-05,0.007823111573818545,0.006401621771482146,0.0206908872910001
10,2026-02-13,2026-02-05,0.006344726688647083,0.006401621771482146,-0.060968751833591
10,2026-02-14,2026-02-05,0.0061236931524257,0.006401621771482146,-0.0825631114125082
10,2026-02-15,2026-02-05,0.00769512020963628,0.006401621771482146,-0.012269480527971
10,2026-02-16,2026-02-05,0.007786552133513889,0.006401621771482146,-0.0204267725786417
10,2026-02-17,2026-02-05,0.007469412745525016,0.006401621771482146,-0.0241679248726585
10,2026-02-18,2026-02-05,0.009750728183627653,0.006401621771482146,0.0077076781872074
10,2026-02-19,2026-02-05,0.011442040560830572,0.006401621771482146,-0.018316293734692
10,2026-02-20,2026-02-05,0.007559360119588746,0.006401621771482146,0.0119089956029116
10,2026-02-21,2026-02-05,0.007652098008083588,0.006401621771482146,0.0053264442281262
10,2026-02-22,2026-02-05,0.009584525955125165,0.006401621771482146,0.0742625296776922
10,2026-02-23,2026-02-05,0.01031982421988707,0.006401621771482146,0.0964287625498756
10,2026-02-24,2026-02-05,0.01241563156383935,0.006401621771482146,0.0633154407362686
10,2026-02-25,2026-02-05,0.005298077290594433,0.006401621771482146,-0.0106655523530313
10,2026-02-26,2026-02-05,0.004431679464791952,0.006401621771482146,-0.0224342588995094
10,2026-02-27,2026-02-05,0.00445729085027803,0.006401621771482146,0.0388641017972706
10,2026-02-28,2026-02-05,0.006056881535079898,0.006401621771482146,0.0444262381732651
10,2026-03-01,2026-02-05,0.005922044803291116,0.006401621771482146,0.067127196093071
10,2026-03-02,2026-02-05,0.004357056097469437,0.006401621771482146,0.0248623929719078
10,2026-03-03,2026-02-05,0.008787518265143766,0.006401621771482146,0.0379291170359097
20,2023-06-21,2023-06-21,-0.008891670993030064,-0.006785662797718652,0.0209445990500065
20,2023-06-22,2023-06-21,-0.007587778061684465,-0.006785662797718652,0.016566214666126
20,2023-06-23,2023-06-21,-0.010210259597686107,-0.006785662797718652,0.0249516920018899
20,2023-06-24,2023-06-21,-0.008063189116414288,-0.006785662797718652,-0.0070566045029012
20,2023-06-25,2023-06-21,-0.008781803782633756,-0.006785662797718652,-0.005683679626139
20,2023-06-26,2023-06-21,-0.008372314266666465,-0.006785662797718652,-0.0011893753103525
20,2023-06-27,2023-06-21,-0.009877049266904244,-0.006785662797718652,-0.0180643832813552
20,2023-06-28,2023-06-21,-0.005766581546443761,-0.006785662797718652,-0.0072572738144673
20,2023-06-29,2023-06-21,-0.008749832864445554,-0.006785662797718652,-0.0176731540487485
20,2023-06-30,2023-06-21,-0.008637321120588504,-0.006785662797718652,-0.0220530322919401
20,2023-07-01,2023-06-21,-0.00946219712197222,-0.006785662797718652,-0.0223691308740302
20,2023-07-02,2023-06-21,-0.008860670589132752,-0.006785662797718652,-0.0268814447384347
20,2023-07-03,2023-06-21,-0.009991440510474101,-0.006785662797718652,-0.0344217202354587
20,2023-07-04,2023-06-21,-0.007887595218202557,-0.006785662797718652,-0.0516798947946971
20,2023-07-05,2023-06-21,-0.008970259622971743,-0.006785662797718652,-0.0418261906892716
20,2023-07-06,2023-06-21,-0.007463202035743209,-0.006785662797718652,-0.0181790327150337
20,2023-07-07,2023-06-21,-0.008045199733481107,-0.006785662797718652,-0.0369725190890007
20,2023-07-08,2023-06-21,-0.006981316891507548,-0.006785662797718652,-0.0320456284260366
20,2023-07-09,2023-06-21,-0.007550998170269298,-0.006785662797718652,-0.0267835206797186
20,2023-07-10,2023-06-21,-0.010638629509412377,-0.006785662797718652,-0.037172694471216
20,2023-07-11,2023-06-21,-0.010147010816028115,-0.006785662797718652,-0.0453871550285577
20,2023-07-12,2023-06-21,-0.008491403310479297,-0.006785662797718652,-0.0221859776168531
20,2023-07-13,2023-06-21,-0.011478264286390608,-0.006785662797718652,-0.0721117636642194
20,2023-07-14,2023-06-21,-0.00977314516493289,-0.006785662797718652,-0.0368952768226191
20,2023-07-15,2023-06-21,-0.01050800897019816,-0.006785662797718652,-0.0388097929580923
20,2023-07-16,2023-06-21,-0.00858301510366769,-0.006785662797718652,-0.0383653209729164
20,2023-07-17,2023-06-21,-0.009428246579999775,-0.006785662797718652,-0.0348258013139558
20,2023-07-18,2023-06-21,-0.006286697542082446,-0.006785662797718652,-0.021704249253076
20,2023-07-19,2023-06-21,-0.007059286556600326,-0.006785662797718652,-0.0046403766598984
20,2023-07-20,2023-06-21,-0.00823945233485773,-0.006785662797718652,-0.0073157718120804
20,2023-07-21,2023-07-21,0.002332051481103621,-0.002970654720531257,-0.0149145266559916
20,2023-07-22,2023-07-21,0.0030167908129047887,-0.002970654720531257,-0.0123504732496476
20,2023-07-23,2023-07-21,-6.621467432383818e-05,-0.002970654720531257,-0.0217253500644035
20,2023-07-24,2023-07-21,0.004068596922235019,-0.002970654720531257,0.0043644714067827
20,2023-07-25,2023-07-21,0.004633160395557037,-0.002970654720531257,0.0069116501436421
20,2023-07-26,2023-07-21,0.0035900534553393163,-0.002970654720531257,-0.0051771670443813
20,2023-07-27,2023-07-21,0.005203744753727903,-0.002970654720531257,-0.016845419908715
20,2023-07-28,2023-07-21,0.005208544160240305,-0.002970654720531257,-0.0917894913512727
20,2023-07-29,2023-07-21,0.003947645388643254,-0.002970654720531257,-0.1123875324073601
20,2023-07-30,2023-07-21,0.001237733533047225,-0.002970654720531257,-0.1086393983284093
20,2023-07-31,2023-07-21,0.00248139356181208,-0.002970654720531257,-0.1040720437188378
20,2023-08-01,2023-07-21,0.0007274294613558831,-0.002970654720531257,-0.120483107952302
20,2023-08-02,2023-07-21,0.0022892891110315797,-0.002970654720531257,-0.1072435046791253
20,2023-08-03,2023-07-21,0.0035131819554699985,-0.002970654720531257,-0.0945726534957613
20,2023-08-04,2023-07-21,0.004141816632814218,-0.002970654720531257,-0.100774232594021
20,2023-08-05,2023-07-21,0.004154394634089692,-0.002970654720531257,-0.1036085075293761
20,2023-08-06,2023-07-21,0.003633582745531585,-0.002970654720531257,-0.1055763771287681
20,2023-08-07,2023-07-21,0.0008946014091909216,-0.002970654720531257,-0.1064422174340815
20,2023-08-08,2023-07-21,0.0003365081931731184,-0.002970654720531257,-0.1226190292243105
20,2023-08-09,2023-07-21,0.00428477415026173,-0.002970654720531257,-0.0630670891309206
20,2023-08-10,2023-07-21,0.002137280048789688,-0.002970654720531257,-0.0731863897541226
20,2023-08-11,2023-07-21,0.0036162156764768232,-0.002970654720531257,-0.1184410537201247
20,2023-08-12,2023-07-21,-5.3407987934248256e-05,-0.002970654720531257,-0.1231769982980051
20,2023-08-13,2023-07-21,0.002936039684491021,-0.002970654720531257,-0.1171972683443535
20,2023-08-14,2023-07-21,0.0006349503587645799,-0.002970654720531257,-0.1175538795410134
20,2023-08-15,2023-07-21,0.003449068366874834,-0.002970654720531257,-0.1155472602739725
20,2023-08-16,2023-07-21,0.004782080104756484,-0.002970654720531257,-0.1022748987052439
20,2023-08-17,2023-07-21,0.004429738975807957,-0.002970654720531257,-0.0324323593408958
20,2023-08-18,2023-07-21,0.005751970320497101,-0.002970654720531257,0.0077147462961542
20,2023-08-19,2023-07-21,0.006877019022791559,-0.002970654720531257,-0.0072609167582693
20,2023-08-20,2023-08-20,0.003816188570949724,-0.0041944014331864315,-0.0110110771329046
20,2023-08-21,2023-08-20,0.0048436021935083645,-0.0041944014331864315,-0.0109201543848259
20,2023-08-22,2023-08-20,0.004687708411739338,-0.0041944014331864315,-0.034290758366595
20,2023-08-23,2023-08-20,-0.0004549493881212596,-0.0041944014331864315,-0.0224199401348027
20,2023-08-24,2023-08-20,0.001569522714760648,-0.0041944014331864315,0.0016023651597303
20,2023-08-25,2023-08-20,0.0019968035749800546,-0.0041944014331864315,0.0177559409992551
20,2023-08-26,2023-08-20,0.0016637755004424277,-0.0041944014331864315,0.0223938853158487
20,2023-08-27,2023-08-20,0.0004889165041036097,-0.0041944014331864315,0.0175428716136873
20,2023-08-28,2023-08-20,0.0019601083467685647,-0.0041944014331864315,0.0156014548238896
20,2023-08-29,2023-08-20,0.0019680602258414785,-0.0041944014331864315,-0.0344139954986841
20,2023-08-30,2023-08-20,0.0029996599561093306,-0.0041944014331864315,-0.0032868143907746
20,2023-08-31,2023-08-20,0.001005267389761046,-0.0041944014331864315,0.0456509017847575
20,2023-09-01,2023-08-20,0.0010066041187619726,-0.0041944014331864315,0.0295690184673156
20,2023-09-02,2023-08-20,0.001289589936397948,-0.0041944014331864315,0.0274697897254336
20,2023-09-03,2023-08-20,0.00346097225688358,-0.0041944014331864315,0.0232853994865853
20,2023-09-04,2023-08-20,0.004460449032611541,-0.0041944014331864315,0.0163540491333933
20,2023-09-05,2023-08-20,0.0041437340258796505,-0.0041944014331864315,0.0198785674683334
20,2023-09-06,2023-08-20,0.00415537872700145,-0.0041944014331864315,0.0179239478337496
20,2023-09-07,2023-08-20,0.002785867554743449,-0.0041944014331864315,0.0044940011426395
20,2023-09-08,2023-08-20,0.0035489531693249283,-0.0041944014331864315,0.0428741243897261
20,2023-09-09,2023-08-20,0.004063656143047944,-0.0041944014331864315,0.0388141895426576
20,2023-09-10,2023-08-20,0.0032997105774572343,-0.0041944014331864315,0.0433777152429744
20,2023-09-11,2023-08-20,0.005517272208221352,-0.0041944014331864315,0.1124708495015602
20,2023-09-12,2023-08-20,0.006627283671577886,-0.0041944014331864315,0.0640249070243537
20,2023-09-13,2023-08-20,0.0025840639180715838,-0.0041944014331864315,0.0459331858744564
20,2023-09-14,2023-08-20,0.0013290481212810776,-0.0041944014331864315,0.0473495752511148
20,2023-09-15,2023-08-20,-0.0014522152195039302,-0.0041944014331864315,0.0304657894736841
20,2023-09-16,2023-08-20,-0.0005102892521749973,-0.0041944014331864315,0.0516354307113002
20,2023-09-17,2023-08-20,-8.058148939165869e-05,-0.0041944014331864315,0.0538746380644092
20,2023-09-18,2023-08-20,-0.0002513039309079646,-0.0041944014331864315,0.043140198733228
20,2023-09-19,2023-09-19,-0.0006759624760033419,-0.006100630708313288,0.0139601753162226
20,2023-09-20,2023-09-19,-0.0006845837215490859,-0.006100630708313288,0.0097740092165898
20,2023-09-21,2023-09-19,0.0019334185718081953,-0.006100630708313288,0.0115717808738906
20,2023-09-22,2023-09-19,-0.0022407532985826957,-0.006100630708313288,0.0067527861027067
20,2023-09-23,2023-09-19,-0.002130541930634172,-0.006100630708313288,0.0107631107211179
20,2023-09-24,2023-09-19,0.0004864427108861017,-0.006100630708313288,0.023014753672417
20,2023-09-25,2023-09-19,0.0006243463274766762,-0.006100630708313288,0.0322883913626443
20,2023-09-26,2023-09-19,0.0007703695953448318,-0.006100630708313288,0.0869170422783904
20,2023-09-27,2023-09-19,-0.0016981299617886822,-0.006100630708313288,0.0767042341425829
20,2023-09-28,2023-09-19,-0.004488573338714088,-0.006100630708313288,0.0480585935808632
20,2023-09-29,2023-09-19,-0.0024735549782755333,-0.006100630708313288,0.0671480538864293
20,2023-09-30,2023-09-19,-0.005868921218159897,-0.006100630708313288,0.1003791924802393
20,2023-10-01,2023-09-19,-0.005183460916049158,-0.006100630708313288,0.0684906744896949
20,2023-10-02,2023-09-19,-0.004007226707528009,-0.006100630708313288,0.090852682953797
20,2023-10-03,2023-09-19,-0.004897015739510427,-0.006100630708313288,0.2057695378842183
20,2023-10-04,2023-09-19,-0.0038278743491408636,-0.006100630708313288,0.2211834518479534
20,2023-10-05,2023-09-19,-0.0037239636293364396,-0.006100630708313288,0.2585027064554719
20,2023-10-06,2023-09-19,-0.0024847349581683977,-0.006100630708313288,0.2227113227589758
20,2023-10-07,2023-09-19,-0.005834013979558812,-0.006100630708313288,0.2123053282096902
20,2023-10-08,2023-09-19,-0.0057855903185286255,-0.006100630708313288,0.2207951771408511
20,2023-10-09,2023-09-19,-0.003766686629618951,-0.006100630708313288,0.2513860033954183
20,2023-10-10,2023-09-19,-0.0037179187159334915,-0.006100630708313288,0.2586556758422382
20,2023-10-11,2023-09-19,0.0008630439576503624,-0.006100630708313288,0.2888967357654846
20,2023-10-12,2023-09-19,-0.00026115109238498556,-0.006100630708313288,0.3236890794080485
20,2023-10-13,2023-09-19,-0.0023306828746062947,-0.006100630708313288,0.3007814012359466
20,2023-10-14,2023-09-19,-0.0014129521913034365,-0.006100630708313288,0.2928705281597825
20,2023-10-15,2023-09-19,-0.0019108323082159418,-0.006100630708313288,0.291223256850242
20,2023-10-16,2023-09-19,-0.000953147628739566,-0.006100630708313288,0.2284533967140547
20,2023-10-17,2023-09-19,-0.0002896976571291783,-0.006100630708313288,0.2341949949834323
20,2023-10-18,2023-09-19,-0.00019295120104378515,-0.006100630708313288,0.2499689265536724
20,2023-10-19,2023-10-19,0.0006382332915261313,-0.00460786876308303,0.2406867660082936
20,2023-10-20,2023-10-19,0.00043975567661638646,-0.00460786876308303,0.2370164319438712
20,2023-10-21,2023-10-19,0.0008944068232224114,-0.00460786876308303,0.2471373930952396
20,2023-10-22,2023-10-19,0.0013551291657915418,-0.00460786876308303,0.2379778117566882
20,2023-10-23,2023-10-19,0.0016370407867695046,-0.00460786876308303,0.120778385478798
20,2023-10-24,2023-10-19,0.002297286660471692,-0.00460786876308303,0.0748819449378042
20,2023-10-25,2023-10-19,0.00013018937014535798,-0.00460786876308303,0.0305872701367257
20,2023-10-26,2023-10-19,0.0021731681464699257,-0.00460786876308303,0.1085317668306604
20,2023-10-27,2023-10-19,0.0033664715489937296,-0.00460786876308303,0.0670213814343319
20,2023-10-28,2023-10-19,0.002940690640781081,-0.00460786876308303,0.0743205891845895
20,2023-10-29,2023-10-19,0.00023803455432449666,-0.00460786876308303,0.059150104457843
20,2023-10-30,2023-10-19,0.0022086584235308927,-0.00460786876308303,0.0836882551364432
20,2023-10-31,2023-10-19,-0.00013607359233414547,-0.00460786876308303,0.0810920511308246
20,2023-11-01,2023-10-19,0.0010623141919165,-0.00460786876308303,0.0090402900165238
20,2023-11-02,2023-10-19,0.0017180109607913433,-0.00460786876308303,0.070596386712797
20,2023-11-03,2023-10-19,0.002563705431674022,-0.00460786876308303,0.074243636650634
20,2023-11-04,2023-10-19,-0.0006567763200222245,-0.00460786876308303,0.0756230308136398
20,2023-11-05,2023-10-19,0.002188082007553339,-0.00460786876308303,0.0790814432129893
20,2023-11-06,2023-10-19,0.0019860746543125586,-0.00460786876308303,0.0685194839138974
20,2023-11-07,2023-10-19,0.0007910832423003417,-0.00460786876308303,0.0520798257131813
20,2023-11-08,2023-10-19,-0.0006968648238127335,-0.00460786876308303,0.0615906595195696
20,2023-11-09,2023-10-19,0.0009912403035993566,-0.00460786876308303,0.0314309466013136
20,2023-11-10,2023-10-19,0.0006899048674455903,-0.00460786876308303,0.0113220253377668
20,2023-11-11,2023-10-19,0.0007310721089752886,-0.00460786876308303,0.0418130891462429
20,2023-11-12,2023-10-19,0.0016870231612603022,-0.00460786876308303,0.0643808447682436
20,2023-11-13,2023-10-19,0.0005961910513257488,-0.00460786876308303,0.096243774156383
20,2023-11-14,2023-10-19,0.0034442003503578093,-0.00460786876308303,0.1811447099239151
20,2023-11-15,2023-10-19,0.00045417775080514744,-0.00460786876308303,0.1641683968070326
20,2023-11-16,2023-10-19,0.006424514107803978,-0.00460786876308303,0.2101339167575271
20,2023-11-17,2023-10-19,0.004693257458991735,-0.00460786876308303,0.1818767288506666
20,2023-11-18,2023-11-18,0.01679813963450463,0.001867605129619736,0.2079104465367356
20,2023-11-19,2023-11-18,0.01858125231281688,0.001867605129619736,0.17006862445416
20,2023-11-20,2023-11-18,0.01935386532686979,0.001867605129619736,0.1693173983237905
20,2023-11-21,2023-11-18,0.016046767589933928,0.001867605129619736,0.1542108436515941
20,2023-11-22,2023-11-18,0.014780994245701116,0.001867605129619736,0.1091748524526885
20,2023-11-23,2023-11-18,0.01599540696864503,0.001867605129619736,0.1494800275001957
20,2023-11-24,2023-11-18,0.015779537296506326,0.001867605129619736,0.1407633910022308
20,2023-11-25,2023-11-18,0.01594864033526279,0.001867605129619736,0.1100994238588146
20,2023-11-26,2023-11-18,0.015239605039843132,0.001867605129619736,0.1289968363650055
20,2023-11-27,2023-11-18,0.01785605027841867,0.001867605129619736,0.1109465747649876
20,2023-11-28,2023-11-18,0.01748607894117512,0.001867605129619736,0.1279501476379383
20,2023-11-29,2023-11-18,0.017438211071401446,0.001867605129619736,0.1167980992554678
20,2023-11-30,2023-11-18,0.01813550574281305,0.001867605129619736,0.157591355732537
20,2023-12-01,2023-11-18,0.017149913986384775,0.001867605129619736,0.1338920008313835
20,2023-12-02,2023-11-18,0.019295979685631254,0.001867605129619736,0.1145411891149255
20,2023-12-03,2023-11-18,0.01887144148246266,0.001867605129619736,0.0933122120190352
20,2023-12-04,2023-11-18,0.01820407830743135,0.001867605129619736,0.0238240960584505
20,2023-12-05,2023-11-18,0.020825193274326952,0.001867605129619736,-0.0112809745215473
20,2023-12-06,2023-11-18,0.01829947272215243,0.001867605129619736,-0.0286490615636287
20,2023-12-07,2023-11-18,0.01642378095047986,0.001867605129619736,0.0035983060161568
20,2023-12-08,2023-11-18,0.015813255151317346,0.001867605129619736,-0.0363865514447376
20,2023-12-09,2023-11-18,0.016045630189737994,0.001867605129619736,-0.0376690549394239
20,2023-12-10,2023-11-18,0.021228603166165122,0.001867605129619736,-0.0376626730922543
20,2023-12-11,2023-11-18,0.02118106412557992,0.001867605129619736,0.0249720023076884
20,2023-12-12,2023-11-18,0.018633631036194552,0.001867605129619736,0.064762719139582
20,2023-12-13,2023-11-18,0.016068672740590893,0.001867605129619736,0.0484704225871217
20,2023-12-14,2023-11-18,0.016782673380177016,0.001867605129619736,-0.0041148465933681
20,2023-12-15,2023-11-18,0.01882296262884892,0.001867605129619736,0.0527130230351235
20,2023-12-16,2023-11-18,0.01879340035882515,0.001867605129619736,0.0441619441587037
20,2023-12-17,2023-11-18,0.02001119940227491,0.001867605129619736,0.0626874185038421
20,2023-12-18,2023-12-18,0.028803292866974084,0.0051949313483872555,0.0298004116480454
20,2023-12-19,2023-12-18,0.029869336981364923,0.0051949313483872555,0.1105840454593731
20,2023-12-20,2023-12-18,0.028462007135009768,0.0051949313483872555,0.0558994690275214
20,2023-12-21,2023-12-18,0.028433297520493745,0.0051949313483872555,0.063658810171949
20,2023-12-22,2023-12-18,0.02890894889020401,0.0051949313483872555,0.0539042926568331
20,2023-12-23,2023-12-18,0.030178631401355262,0.0051949313483872555,-0.0210385482090588
20,2023-12-24,2023-12-18,0.028823806740180924,0.0051949313483872555,-0.0033381017177814
20,2023-12-25,2023-12-18,0.02929882892143591,0.0051949313483872555,-0.0423116967936344
20,2023-12-26,2023-12-18,0.022760947520905368,0.0051949313483872555,5.104809742317862e-05
20,2023-12-27,2023-12-18,0.01907172065552224,0.0051949313483872555,-0.00669831229701
20,2023-12-28,2023-12-18,0.018606985355395782,0.0051949313483872555,0.0049887509938031
20,2023-12-29,2023-12-18,0.019477094983095345,0.0051949313483872555,-0.0175779323197902
20,2023-12-30,2023-12-18,0.019461780944771297,0.0051949313483872555,-0.0114201898990704
20,2023-12-31,2023-12-18,0.019047674396169802,0.0051949313483872555,-0.0138952283605124
20,2024-01-01,2023-12-18,0.0173606092009518,0.0051949313483872555,-0.0588331026459074
20,2024-01-02,2023-12-18,0.015877980713007445,0.0051949313483872555,-0.1196720753440003
20,2024-01-03,2023-12-18,0.016281874053244414,0.0051949313483872555,-0.0687971566496434
20,2024-01-04,2023-12-18,0.01582356141499186,0.0051949313483872555,-0.0920978186273955
20,2024-01-05,2023-12-18,0.016707243242188446,0.0051949313483872555,-0.0947787875033044
20,2024-01-06,2023-12-18,0.017071708371320417,0.0051949313483872555,-0.0487808039970596
20,2024-01-07,2023-12-18,0.017436504561917806,0.0051949313483872555,-0.0411661812624092
20,2024-01-08,2023-12-18,0.015134455326631678,0.0051949313483872555,-0.1047895850656344
20,2024-01-09,2023-12-18,0.01417890328710906,0.0051949313483872555,-0.0608826718716114
20,2024-01-10,2023-12-18,0.015420103160923434,0.0051949313483872555,-0.0795835468734827
20,2024-01-11,2023-12-18,0.025806527767632346,0.0051949313483872555,-0.081122748017012
20,2024-01-12,2023-12-18,0.02432079684895491,0.0051949313483872555,0.0070170837625369
20,2024-01-13,2023-12-18,0.024791097335505673,0.0051949313483872555,0.0082153211854278
20,2024-01-14,2023-12-18,0.023704287111430876,0.0051949313483872555,0.0306414568074886
20,2024-01-15,2023-12-18,0.024605737854949284,0.0051949313483872555,0.0016885001799529
20,2024-01-16,2023-12-18,0.024929474544928852,0.0051949313483872555,-0.0099506351136297
20,2024-01-17,2024-01-17,0.05639813704846538,0.006088006710826954,0.0075474388735765
20,2024-01-18,2024-01-17,0.05639813704846538,0.006088006710826954,0.0731256427318371
20,2024-01-19,2024-01-17,0.05639813704846538,0.006088006710826954,0.087126848608813
20,2024-01-20,2024-01-17,0.05639813704846538,0.006088006710826954,0.130389600547198
20,2024-01-21,2024-01-17,0.05639813704846538,0.006088006710826954,0.1484057485835248
20,2024-01-22,2024-01-17,0.05639813704846538,0.006088006710826954,0.2206825107751158
20,2024-01-23,2024-01-17,0.05639813704846538,0.006088006710826954,0.2511346547160731
20,2024-01-24,2024-01-17,0.05639813704846538,0.006088006710826954,0.2398587696907164
20,2024-01-25,2024-01-17,0.05639813704846538,0.006088006710826954,0.296140070253339
20,2024-01-26,2024-01-17,0.05639813704846538,0.006088006710826954,0.2404506460600748
20,2024-01-27,2024-01-17,0.05639813704846538,0.006088006710826954,0.2374959728759993
20,2024-01-28,2024-01-17,0.05639813704846538,0.006088006710826954,0.2286780300092361
20,2024-01-29,2024-01-17,0.05639813704846538,0.006088006710826954,0.2040281552882383
20,2024-01-30,2024-01-17,0.05639813704846538,0.006088006710826954,0.2057150375747245
20,2024-01-31,2024-01-17,0.05639813704846538,0.006088006710826954,0.227309065288868
20,2024-02-01,2024-01-17,0.05639813704846538,0.006088006710826954,0.2034784534203095
20,2024-02-02,2024-01-17,0.05639813704846538,0.006088006710826954,0.1872319444444443
20,2024-02-03,2024-01-17,0.05639813704846538,0.006088006710826954,0.1797922349793972
20,2024-02-04,2024-01-17,0.05639813704846538,0.006088006710826954,0.2110082737475718
20,2024-02-05,2024-01-17,0.05628436180895623,0.006088006710826954,0.2112016989512675
20,2024-02-06,2024-01-17,0.05628436180895623,0.006088006710826954,0.2639860135803773
20,2024-02-07,2024-01-17,0.05628436180895623,0.006088006710826954,0.2860846546530295
20,2024-02-08,2024-01-17,0.05628436180895623,0.006088006710826954,0.3785374481244197
20,2024-02-09,2024-01-17,0.05639813704846538,0.006088006710826954,0.2969952752617766
20,2024-02-10,2024-01-17,0.05639813704846538,0.006088006710826954,0.3065230552852303
20,2024-02-11,2024-01-17,0.05628436180895623,0.006088006710826954,0.2833808040125889
20,2024-02-12,2024-01-17,0.05639813704846538,0.006088006710826954,0.2643714289663679
20,2024-02-13,2024-01-17,0.05639813704846538,0.006088006710826954,0.373164446628232
20,2024-02-14,2024-01-17,0.05639813704846538,0.006088006710826954,0.2303079611477287
20,2024-02-15,2024-01-17,0.05639813704846538,0.006088006710826954,0.2735936777178103
20,2024-02-16,2024-02-16,0.05996393136247564,0.006973087503674872,0.282001169900071
20,2024-02-17,2024-02-16,0.05765347882875409,0.006973087503674872,0.3191461551926857
20,2024-02-18,2024-02-16,0.04847870605115971,0.006973087503674872,0.3102478495874481
20,2024-02-19,2024-02-16,0.049400747329875434,0.006973087503674872,0.3318443186473401
20,2024-02-20,2024-02-16,0.05930061456384855,0.006973087503674872,0.3792523443889473
20,2024-02-21,2024-02-16,0.05996393136247564,0.006973087503674872,0.3780684787227004
20,2024-02-22,2024-02-16,0.05996393136247564,0.006973087503674872,0.4247350571532522
20,2024-02-23,2024-02-16,0.05996393136247564,0.006973087503674872,0.4068407885440981
20,2024-02-24,2024-02-16,0.05996393136247564,0.006973087503674872,0.3477263710091216
20,2024-02-25,2024-02-16,0.05996393136247564,0.006973087503674872,0.262363845320358
20,2024-02-26,2024-02-16,0.05765347882875409,0.006973087503674872,0.2554682783227326
20,2024-02-27,2024-02-16,0.024229465985998056,0.006973087503674872,0.1853636582631659
20,2024-02-28,2024-02-16,0.006167555772658105,0.006973087503674872,-0.0079238084254733
20,2024-02-29,2024-02-16,0.006167555772658105,0.006973087503674872,0.1097566242190128
20,2024-03-01,2024-02-16,0.006167555772658105,0.006973087503674872,0.0499034267862839
20,2024-03-02,2024-02-16,0.006167555772658105,0.006973087503674872,0.0291892143033216
20,2024-03-03,2024-02-16,0.006167555772658105,0.006973087503674872,0.0138802867257439
20,2024-03-04,2024-02-16,0.006167555772658105,0.006973087503674872,-0.0151763385566653
20,2024-03-05,2024-02-16,0.006167555772658105,0.006973087503674872,0.0966040900439253
20,2024-03-06,2024-02-16,0.006167555772658105,0.006973087503674872,0.0592359722517346
20,2024-03-07,2024-02-16,0.006167555772658105,0.006973087503674872,0.0396093151522145
20,2024-03-08,2024-02-16,0.006167555772658105,0.006973087503674872,0.0389936379427044
20,2024-03-09,2024-02-16,0.006167555772658105,0.006973087503674872,0.0225032413175358
20,2024-03-10,2024-02-16,0.006167555772658105,0.006973087503674872,0.0090826192052075
20,2024-03-11,2024-02-16,0.006167555772658105,0.006973087503674872,-0.0110725726677036
20,2024-03-12,2024-02-16,0.006167555772658105,0.006973087503674872,-0.0252226634352202
20,2024-03-13,2024-02-16,0.006167555772658105,0.006973087503674872,-0.1041216513866177
20,2024-03-14,2024-02-16,0.006167555772658105,0.006973087503674872,-0.0760014086215596
20,2024-03-15,2024-02-16,0.006167555772658105,0.006973087503674872,-0.0145620458173651
20,2024-03-16,2024-02-16,0.004410696250139224,0.006973087503674872,0.0385905924644218
20,2024-03-17,2024-03-17,-0.018915511908879107,0.014957596821713454,0.0073474839999367
20,2024-03-18,2024-03-17,-0.018915511908879107,0.014957596821713454,0.0258896651219737
20,2024-03-19,2024-03-17,-0.01910370437494675,0.014957596821713454,0.1563288094107922
20,2024-03-20,2024-03-17,-0.01910370437494675,0.014957596821713454,0.0192435168898348
20,2024-03-21,2024-03-17,-0.01910370437494675,0.014957596821713454,0.0783161914265173
20,2024-03-22,2024-03-17,-0.01910370437494675,0.014957596821713454,0.0973341229255959
20,2024-03-23,2024-03-17,-0.01910370437494675,0.014957596821713454,0.0488593453884442
20,2024-03-24,2024-03-17,-0.01910370437494675,0.014957596821713454,-0.0488838043273032
20,2024-03-25,2024-03-17,-0.01910370437494675,0.014957596821713454,-0.0603630423063763
20,2024-03-26,2024-03-17,-0.01910370437494675,0.014957596821713454,-0.0938448019660513
20,2024-03-27,2024-03-17,-0.01910370437494675,0.014957596821713454,-0.0817129813895181
20,2024-03-28,2024-03-17,-0.01910370437494675,0.014957596821713454,-0.1342632020638423
20,2024-03-29,2024-03-17,-0.01910370437494675,0.014957596821713454,-0.0913444620471078
20,2024-03-30,2024-03-17,-0.01910370437494675,0.014957596821713454,-0.0828397443138457
20,2024-03-31,2024-03-17,-0.01910370437494675,0.014957596821713454,-0.0889368562097564
20,2024-04-01,2024-03-17,-0.01910370437494675,0.014957596821713454,-0.0676046449523186
20,2024-04-02,2024-03-17,-0.01910370437494675,0.014957596821713454,0.0207034432212276
20,2024-04-03,2024-03-17,-0.01910370437494675,0.014957596821713454,0.0068328924819991
20,2024-04-04,2024-03-17,-0.01910370437494675,0.014957596821713454,-0.0612985175897776
20,2024-04-05,2024-03-17,-0.01910370437494675,0.014957596821713454,-0.0489862817532484
20,2024-04-06,2024-03-17,-0.01910370437494675,0.014957596821713454,-0.0744018520668834
20,2024-04-07,2024-03-17,-0.01910370437494675,0.014957596821713454,-0.0850400350978418
20,2024-04-08,2024-03-17,-0.01910370437494675,0.014957596821713454,-0.1187012007819044
20,2024-04-09,2024-03-17,-0.01910370437494675,0.014957596821713454,-0.0763601654470251
20,2024-04-10,2024-03-17,-0.01910370437494675,0.014957596821713454,-0.1410013835269119
20,2024-04-11,2024-03-17,-0.01910370437494675,0.014957596821713454,-0.1662889145723173
20,2024-04-12,2024-03-17,-0.01910370437494675,0.014957596821713454,-0.1200287202018222
20,2024-04-13,2024-03-17,-0.01910370437494675,0.014957596821713454,-0.0163082986478895
20,2024-04-14,2024-03-17,-0.01910370437494675,0.014957596821713454,-0.0269532501678295
20,2024-04-15,2024-03-17,-0.01910370437494675,0.014957596821713454,0.0093347539159183
20,2024-04-16,2024-04-16,-0.017834810331383733,0.015086960177121966,-0.0098474152259347
20,2024-04-17,2024-04-16,-0.017834810331383733,0.015086960177121966,0.0168856790035212
20,2024-04-18,2024-04-16,-0.017834810331383733,0.015086960177121966,-0.0358759591921107
20,2024-04-19,2024-04-16,-0.017834810331383733,0.015086960177121966,-0.0116581510454494
20,2024-04-20,2024-04-16,-0.018020819252142637,0.015086960177121966,-0.0637598149323867
20,2024-04-21,2024-04-16,-0.017834810331383733,0.015086960177121966,-0.0633675258291546
20,2024-04-22,2024-04-16,-0.017834810331383733,0.015086960177121966,-0.0798471160736147
20,2024-04-23,2024-04-16,-0.017834810331383733,0.015086960177121966,-0.0523070436956063
20,2024-04-24,2024-04-16,-0.017834810331383733,0.015086960177121966,-0.0421856788945146
20,2024-04-25,2024-04-16,-0.015592673185194035,0.015086960177121966,0.0264837823733139
20,2024-04-26,2024-04-16,0.053345141902696916,0.015086960177121966,0.0229763175511497
20,2024-04-27,2024-04-16,0.053345141902696916,0.015086960177121966,0.0561284094823388
20,2024-04-28,2024-04-16,0.034772088432864126,0.015086960177121966,0.0601499208949751
20,2024-04-29,2024-04-16,0.053345141902696916,0.015086960177121966,0.037704099207716
20,2024-04-30,2024-04-16,-0.017139331270894575,0.015086960177121966,0.1775880142405062
20,2024-05-01,2024-04-16,-0.018020819252142637,0.015086960177121966,0.2018911343567895
20,2024-05-02,2024-04-16,0.03458607951210523,0.015086960177121966,0.1711125232197905
20,2024-05-03,2024-04-16,0.04458968620342933,0.015086960177121966,0.0809077190757736
20,2024-05-04,2024-04-16,0.03440623462726826,0.015086960177121966,0.0729034477534291
20,2024-05-05,2024-04-16,-0.0036042756929425507,0.015086960177121966,0.0824621945885146
20,2024-05-06,2024-04-16,0.048101773921938595,0.015086960177121966,0.0845794970299305
20,2024-05-07,2024-04-16,0.05315913298193801,0.015086960177121966,0.1143333684255121
20,2024-05-08,2024-04-16,0.052290214014862224,0.015086960177121966,0.1177480507175408
20,2024-05-09,2024-04-16,0.05315913298193801,0.015086960177121966,0.072587901102213
20,2024-05-10,2024-04-16,0.05315913298193801,0.015086960177121966,0.1242135072719583
20,2024-05-11,2024-04-16,0.05315913298193801,0.015086960177121966,0.1103807763753619
20,2024-05-12,2024-04-16,0.05315913298193801,0.015086960177121966,0.1021869270358024
20,2024-05-13,2024-04-16,0.04458968620342933,0.015086960177121966,0.0766689524385733
20,2024-05-14,2024-04-16,0.04458968620342933,0.015086960177121966,0.1174521728638176
20,2024-05-15,2024-04-16,-0.0036042756929425507,0.015086960177121966,0.0654216730985628
20,2024-05-16,2024-05-16,0.02001665954535557,0.013170052748853222,0.0900248500771285
20,2024-05-17,2024-05-16,0.051657183277160255,0.013170052748853222,0.0563240033420864
20,2024-05-18,2024-05-16,0.03340161107396399,0.013170052748853222,0.0364700396920283
20,2024-05-19,2024-05-16,0.021048975359608726,0.013170052748853222,0.0458166029187008
20,2024-05-20,2024-05-16,-0.019577088389010698,0.013170052748853222,-0.0251723594482146
20,2024-05-21,2024-05-16,-0.004327862671586808,0.013170052748853222,-0.008672193811001
20,2024-05-22,2024-05-16,0.03340161107396399,0.013170052748853222,-0.0267814156597502
20,2024-05-23,2024-05-16,0.051657183277160255,0.013170052748853222,0.0043304621989375
20,2024-05-24,2024-05-16,0.051657183277160255,0.013170052748853222,-0.0259223961958274
20,2024-05-25,2024-05-16,0.051657183277160255,0.013170052748853222,-0.0468545719857694
20,2024-05-26,2024-05-16,0.051657183277160255,0.013170052748853222,-0.0332724788333919
20,2024-05-27,2024-05-16,0.051657183277160255,0.013170052748853222,-0.0397422505736542
20,2024-05-28,2024-05-16,0.051657183277160255,0.013170052748853222,-0.0276915874774245
20,2024-05-29,2024-05-16,0.051657183277160255,0.013170052748853222,-0.0366150981738716
20,2024-05-30,2024-05-16,0.051657183277160255,0.013170052748853222,-0.0494175971296887
20,2024-05-31,2024-05-16,0.051657183277160255,0.013170052748853222,-0.0395324193763074
20,2024-06-01,2024-05-16,0.051657183277160255,0.013170052748853222,-0.0534669975068932
20,2024-06-02,2024-05-16,0.051657183277160255,0.013170052748853222,-0.0517020206260903
20,2024-06-03,2024-05-16,0.05184726402357275,0.013170052748853222,-0.0813820395030365
20,2024-06-04,2024-05-16,0.05184726402357275,0.013170052748853222,-0.1452346712062631
20,2024-06-05,2024-05-16,0.04669346555010673,0.013170052748853222,-0.1308149575293918
20,2024-06-06,2024-05-16,0.05184726402357275,0.013170052748853222,-0.1403135860843349
20,2024-06-07,2024-05-16,0.05202032243956347,0.013170052748853222,-0.1102885707859206
20,2024-06-08,2024-05-16,0.05218474142168322,0.013170052748853222,-0.1281569910227116
20,2024-06-09,2024-05-16,0.05218474142168322,0.013170052748853222,-0.1243602485292499
20,2024-06-10,2024-05-16,0.05218474142168322,0.013170052748853222,-0.0973251366120218
20,2024-06-11,2024-05-16,0.05236202313482129,0.013170052748853222,-0.0655767635495848
20,2024-06-12,2024-05-16,0.05236202313482129,0.013170052748853222,-0.0897767622431681
20,2024-06-13,2024-05-16,0.05236202313482129,0.013170052748853222,-0.0983096313914857
20,2024-06-14,2024-05-16,0.05236202313482129,0.013170052748853222,-0.1361816571046056
20,2024-06-15,2024-06-15,0.06889920258398556,0.01458386624355095,-0.1449450951821919
20,2024-06-16,2024-06-15,0.06889920258398556,0.01458386624355095,-0.1266817113640757
20,2024-06-17,2024-06-15,0.07694593072588393,0.01458386624355095,-0.1600876213623985
20,2024-06-18,2024-06-15,0.077685713768081,0.01458386624355095,-0.1298144757862331
20,2024-06-19,2024-06-15,0.077685713768081,0.01458386624355095,-0.1065707909134017
20,2024-06-20,2024-06-15,0.077685713768081,0.01458386624355095,-0.1101301233436292
20,2024-06-21,2024-06-15,0.077685713768081,0.01458386624355095,-0.1060694167894641
20,2024-06-22,2024-06-15,0.077685713768081,0.01458386624355095,-0.0991707231068559
20,2024-06-23,2024-06-15,0.077685713768081,0.01458386624355095,-0.0633758798645974
20,2024-06-24,2024-06-15,0.077685713768081,0.01458386624355095,0.0083692549586769
20,2024-06-25,2024-06-15,0.077685713768081,0.01458386624355095,0.0472143404824223
20,2024-06-26,2024-06-15,0.077685713768081,0.01458386624355095,0.068660160791943
20,2024-06-27,2024-06-15,0.077685713768081,0.01458386624355095,0.0385943321664647
20,2024-06-28,2024-06-15,0.077685713768081,0.01458386624355095,0.0589145665309234
20,2024-06-29,2024-06-15,0.077685713768081,0.01458386624355095,0.0930255590237081
20,2024-06-30,2024-06-15,0.077685713768081,0.01458386624355095,0.0695843577416113
20,2024-07-01,2024-06-15,0.077685713768081,0.01458386624355095,0.0837098702241447
20,2024-07-02,2024-06-15,0.077685713768081,0.01458386624355095,0.0868511978745794
20,2024-07-03,2024-06-15,0.077685713768081,0.01458386624355095,0.0951264753295957
20,2024-07-04,2024-06-15,0.077685713768081,0.01458386624355095,0.1459419551372558
20,2024-07-05,2024-06-15,0.077685713768081,0.01458386624355095,0.1619522507897484
20,2024-07-06,2024-06-15,0.077685713768081,0.01458386624355095,0.1662002128451372
20,2024-07-07,2024-06-15,0.077685713768081,0.01458386624355095,0.2155238452778582
20,2024-07-08,2024-06-15,0.077685713768081,0.01458386624355095,0.2033912948724685
20,2024-07-09,2024-06-15,0.077685713768081,0.01458386624355095,0.1504683893195522
20,2024-07-10,2024-06-15,0.077685713768081,0.01458386624355095,0.146592038055741
20,2024-07-11,2024-06-15,0.077685713768081,0.01458386624355095,0.1271036620405097
20,2024-07-12,2024-06-15,0.077685713768081,0.01458386624355095,0.1289520825163976
20,2024-07-13,2024-06-15,0.077685713768081,0.01458386624355095,0.0387526049751352
20,2024-07-14,2024-06-15,0.077685713768081,0.01458386624355095,-0.0016434775471723
20,2024-07-15,2024-07-15,0.07149233558214475,0.011933291057340627,-0.101401733572667
20,2024-07-16,2024-07-15,0.07070432566148709,0.011933291057340627,-0.1695034391340384
20,2024-07-17,2024-07-15,0.06300733715301897,0.011933291057340627,-0.1258579025492919
20,2024-07-18,2024-07-15,0.07022265806667308,0.011933291057340627,-0.138366116604509
20,2024-07-19,2024-07-15,0.04929280918390399,0.011933291057340627,-0.0746176117611761
20,2024-07-20,2024-07-15,0.04929280918390399,0.011933291057340627,-0.0938631777558403
20,2024-07-21,2024-07-15,0.04929280918390399,0.011933291057340627,-0.1062391825523058
20,2024-07-22,2024-07-15,0.04929280918390399,0.011933291057340627,-0.130596142481173
20,2024-07-23,2024-07-15,0.04929280918390399,0.011933291057340627,-0.0999358317253348
20,2024-07-24,2024-07-15,0.04929280918390399,0.011933291057340627,-0.0732508871757219
20,2024-07-25,2024-07-15,0.04929280918390399,0.011933291057340627,-0.1081544894790953
20,2024-07-26,2024-07-15,0.049401404585449116,0.011933291057340627,-0.1526614173089205
20,2024-07-27,2024-07-15,0.07149233558214475,0.011933291057340627,-0.1328772469862217
20,2024-07-28,2024-07-15,0.07149233558214475,0.011933291057340627,-0.1283209582199999
20,2024-07-29,2024-07-15,0.07149233558214475,0.011933291057340627,-0.1251385609486246
20,2024-07-30,2024-07-15,0.07149233558214475,0.011933291057340627,-0.1019746781893998
20,2024-07-31,2024-07-15,0.07149233558214475,0.011933291057340627,-0.0868694683418951
20,2024-08-01,2024-07-15,0.07149233558214475,0.011933291057340627,-0.0642346102045443
20,2024-08-02,2024-07-15,0.07149233558214475,0.011933291057340627,-0.0182523655520402
20,2024-08-03,2024-07-15,0.07149233558214475,0.011933291057340627,0.0550141775699657
20,2024-08-04,2024-07-15,0.07094198985319439,0.011933291057340627,0.1030933099499664
20,2024-08-05,2024-07-15,0.04929280918390399,0.011933291057340627,0.1888451448671306
20,2024-08-06,2024-07-15,0.04929280918390399,0.011933291057340627,0.1215948874379908
20,2024-08-07,2024-07-15,0.04929280918390399,0.011933291057340627,0.0776440595086602
20,2024-08-08,2024-07-15,0.06127050454089425,0.011933291057340627,-0.0429771816906885
20,2024-08-09,2024-07-15,0.06253367380727537,0.011933291057340627,-0.0243101391088035
20,2024-08-10,2024-07-15,0.06198440169870525,0.011933291057340627,-0.029537365788675
20,2024-08-11,2024-07-15,0.062179759803336815,0.011933291057340627,0.0044521967094282
20,2024-08-12,2024-07-15,0.06062595407505454,0.011933291057340627,-0.0344548570904772
20,2024-08-13,2024-07-15,0.06932200464682832,0.011933291057340627,-0.024015323381278
20,2024-08-14,2024-08-14,0.06655897695810822,0.012351707974529053,-0.0203747602174992
20,2024-08-15,2024-08-14,0.0626512494553374,0.012351707974529053,0.0074701439285269
20,2024-08-16,2024-08-14,0.06655897695810822,0.012351707974529053,-0.0457684638197116
20,2024-08-17,2024-08-14,0.06655897695810822,0.012351707974529053,-0.0929372172623574
20,2024-08-18,2024-08-14,0.06875953749372657,0.012351707974529053,-0.0730221377488453
20,2024-08-19,2024-08-14,0.06875953749372657,0.012351707974529053,-0.0768617983293656
20,2024-08-20,2024-08-14,0.06875953749372657,0.012351707974529053,-0.0334125238503536
20,2024-08-21,2024-08-14,0.06875953749372657,0.012351707974529053,-0.0575583470673293
20,2024-08-22,2024-08-14,0.06875953749372657,0.012351707974529053,-0.0503154904345843
20,2024-08-23,2024-08-14,0.0671095829599366,0.012351707974529053,-0.0922107198873655
20,2024-08-24,2024-08-14,0.0671095829599366,0.012351707974529053,-0.0570321154305664
20,2024-08-25,2024-08-14,0.06689230041350996,0.012351707974529053,-0.0658201494861414
20,2024-08-26,2024-08-14,0.06689230041350996,0.012351707974529053,-0.0589171467676735
20,2024-08-27,2024-08-14,0.06407391101910762,0.012351707974529053,-0.0202139190440124
20,2024-08-28,2024-08-14,0.06407391101910762,0.012351707974529053,0.0216666751362328
20,2024-08-29,2024-08-14,0.06450546164268196,0.012351707974529053,0.0404484508754441
20,2024-08-30,2024-08-14,0.06450546164268196,0.012351707974529053,0.064677637622224
20,2024-08-31,2024-08-14,0.06450546164268196,0.012351707974529053,0.0716766832293356
20,2024-09-01,2024-08-14,0.06343753394324374,0.012351707974529053,0.1055306058127956
20,2024-09-02,2024-08-14,0.06363051133606422,0.012351707974529053,0.0751982044279482
20,2024-09-03,2024-08-14,0.06343753394324374,0.012351707974529053,0.1018001580511178
20,2024-09-04,2024-08-14,0.059743762043885124,0.012351707974529053,0.1085337643541846
20,2024-09-05,2024-08-14,0.053919871716885774,0.012351707974529053,0.1241012815948736
20,2024-09-06,2024-08-14,0.008508925511733685,0.012351707974529053,0.2077539468268703
20,2024-09-07,2024-08-14,0.019999362500486444,0.012351707974529053,0.2143446392837926
20,2024-09-08,2024-08-14,0.01116640359725228,0.012351707974529053,0.2002562422601077
20,2024-09-09,2024-08-14,0.019999362500486444,0.012351707974529053,0.1500650397952385
20,2024-09-10,2024-08-14,0.052663396454595605,0.012351707974529053,0.098750797895551
20,2024-09-11,2024-08-14,0.06334318925594627,0.012351707974529053,0.0604796121245945
20,2024-09-12,2024-08-14,0.06334318925594627,0.012351707974529053,0.0432970849950595
20,2024-09-13,2024-09-13,0.050099279331438186,0.011222564477706308,0.0042102218255148
20,2024-09-14,2024-09-13,0.05002598122200101,0.011222564477706308,0.0348868860265934
20,2024-09-15,2024-09-13,0.02169873023454858,0.011222564477706308,0.0494825136981669
20,2024-09-16,2024-09-13,0.049818274094751286,0.011222564477706308,0.0791205000722337
20,2024-09-17,2024-09-13,0.007936508959121118,0.011222564477706308,0.0316677772437208
20,2024-09-18,2024-09-13,0.007729642900277749,0.011222564477706308,0.006484780842743
20,2024-09-19,2024-09-13,0.00755790448887209,0.011222564477706308,-0.0367282577251474
20,2024-09-20,2024-09-13,0.00755790448887209,0.011222564477706308,-0.0454843709083947
20,2024-09-21,2024-09-13,0.00755790448887209,0.011222564477706308,-0.0127699018263283
20,2024-09-22,2024-09-13,0.05178021803083082,0.011222564477706308,-0.0058595040230416
20,2024-09-23,2024-09-13,0.05178021803083082,0.011222564477706308,-0.0074197990874327
20,2024-09-24,2024-09-13,0.05178021803083082,0.011222564477706308,0.0283413239717598
20,2024-09-25,2024-09-13,0.051854233945548604,0.011222564477706308,0.06210617840984
20,2024-09-26,2024-09-13,0.051623564578862025,0.011222564477706308,0.0375306161246227
20,2024-09-27,2024-09-13,0.05155026646942486,0.011222564477706308,0.02511526920729
20,2024-09-28,2024-09-13,0.05230158319930089,0.011222564477706308,0.0390233532752284
20,2024-09-29,2024-09-13,0.05218146512113678,0.011222564477706308,0.0423156241706619
20,2024-09-30,2024-09-13,0.05015713523216594,0.011222564477706308,0.0900776423040889
20,2024-10-01,2024-09-13,0.0036376677621281807,0.011222564477706308,0.1080772255532287
20,2024-10-02,2024-09-13,0.04413333364163929,0.011222564477706308,0.111736198681996
20,2024-10-03,2024-09-13,0.03725816591025628,0.011222564477706308,0.0973773844821077
20,2024-10-04,2024-09-13,0.05060462486745724,0.011222564477706308,0.0984486035499145
20,2024-10-05,2024-09-13,0.052118349435342555,0.011222564477706308,0.074774082310097
20,2024-10-06,2024-09-13,0.04107602120087341,0.011222564477706308,0.0680174486082516
20,2024-10-07,2024-09-13,0.043327046900430835,0.011222564477706308,0.0931746592954485
20,2024-10-08,2024-09-13,0.049168153988688255,0.011222564477706308,0.1255093066351311
20,2024-10-09,2024-09-13,0.04894479623584403,0.011222564477706308,0.1995579525173321
20,2024-10-10,2024-09-13,0.05233097237738478,0.011222564477706308,0.199222098322144
20,2024-10-11,2024-09-13,0.03725597267816322,0.011222564477706308,0.1239528301886792
20,2024-10-12,2024-09-13,0.043096918283413034,0.011222564477706308,0.0995121999069077
20,2024-10-13,2024-10-13,0.05531989566759304,0.012266199294342294,0.1034629860146378
20,2024-10-14,2024-10-13,0.0528028209267737,0.012266199294342294,0.0407360390920705
20,2024-10-15,2024-10-13,0.0515316267833696,0.012266199294342294,0.0115673492049244
20,2024-10-16,2024-10-13,0.0543390419512395,0.012266199294342294,0.0259094904008443
20,2024-10-17,2024-10-13,0.055782084709567706,0.012266199294342294,0.1208839339453808
20,2024-10-18,2024-10-13,0.05805771435680537,0.012266199294342294,0.1085796749868475
20,2024-10-19,2024-10-13,0.05805771435680537,0.012266199294342294,0.118923922899178
20,2024-10-20,2024-10-13,0.055782084709567706,0.012266199294342294,0.1107525655858971
20,2024-10-21,2024-10-13,0.05740820249325394,0.012266199294342294,0.1928315832436644
20,2024-10-22,2024-10-13,0.05740820249325394,0.012266199294342294,0.3147449055260582
20,2024-10-23,2024-10-13,0.056124036656566165,0.012266199294342294,0.3192409025831482
20,2024-10-24,2024-10-13,0.0543390419512395,0.012266199294342294,0.3251829811543634
20,2024-10-25,2024-10-13,0.05262737499181907,0.012266199294342294,0.3092620160054982
20,2024-10-26,2024-10-13,0.05805771435680537,0.012266199294342294,0.3568091400622066
20,2024-10-27,2024-10-13,0.05531989566759304,0.012266199294342294,0.331735607901596
20,2024-10-28,2024-10-13,0.0528028209267737,0.012266199294342294,0.2843503657188644
20,2024-10-29,2024-10-13,0.033240899800009736,0.012266199294342294,0.2437246705295641
20,2024-10-30,2024-10-13,0.048736853956490876,0.012266199294342294,0.2759848193524503
20,2024-10-31,2024-10-13,0.05117304552133608,0.012266199294342294,0.3413552977073781
20,2024-11-01,2024-10-13,0.03340543550851418,0.012266199294342294,0.4147160390934674
20,2024-11-02,2024-10-13,0.029709957196104836,0.012266199294342294,0.4254756125932868
20,2024-11-03,2024-10-13,0.03343784488385089,0.012266199294342294,0.4201525852263266
20,2024-11-04,2024-10-13,0.03343784488385089,0.012266199294342294,0.4428891020060277
20,2024-11-05,2024-10-13,0.03343784488385089,0.012266199294342294,0.3407426136275999
20,2024-11-06,2024-10-13,0.0613006258895045,0.012266199294342294,0.2169212429102369
20,2024-11-07,2024-10-13,0.06195013775305592,0.012266199294342294,0.2637197000865698
20,2024-11-08,2024-10-13,0.06195013775305592,0.012266199294342294,0.2500882893664051
20,2024-11-09,2024-10-13,0.06195013775305592,0.012266199294342294,0.271038451195436
20,2024-11-10,2024-10-13,0.06195013775305592,0.012266199294342294,0.19955179799032
20,2024-11-11,2024-10-13,0.03055045486147914,0.012266199294342294,0.0963043832127494
20,2024-11-12,2024-11-12,0.06186926668310348,0.01447207224134785,0.08969220828495
20,2024-11-13,2024-11-12,0.05544952309619492,0.01447207224134785,0.0605751356566846
20,2024-11-14,2024-11-12,0.04598439056191584,0.01447207224134785,0.1289625412207351
20,2024-11-15,2024-11-12,0.06331568877676187,0.01447207224134785,0.0649612823261076
20,2024-11-16,2024-11-12,0.0628770999344194,0.01447207224134785,0.1010512334451816
20,2024-11-17,2024-11-12,0.06268647500781602,0.01447207224134785,0.1110220921276365
20,2024-11-18,2024-11-12,0.05650532554386408,0.01447207224134785,0.1176766513294558
20,2024-11-19,2024-11-12,0.05650532554386408,0.01447207224134785,0.0537930614611792
20,2024-11-20,2024-11-12,0.0257393911995299,0.01447207224134785,0.0244620230073087
20,2024-11-21,2024-11-12,0.025834987934438065,0.01447207224134785,0.0285594207804298
20,2024-11-22,2024-11-12,0.025834987934438065,0.01447207224134785,0.0112475225498522
20,2024-11-23,2024-11-12,0.025834987934438065,0.01447207224134785,0.0384125914792716
20,2024-11-24,2024-11-12,0.025834987934438065,0.01447207224134785,0.035954632909241
20,2024-11-25,2024-11-12,0.026223121367932034,0.01447207224134785,0.1231478203260059
20,2024-11-26,2024-11-12,0.026223121367932034,0.01447207224134785,0.1532482518379787
20,2024-11-27,2024-11-12,0.030435935959160096,0.01447207224134785,0.1071385019743258
20,2024-11-28,2024-11-12,0.062237742458399976,0.01447207224134785,0.0476771251049987
20,2024-11-29,2024-11-12,0.06331568877676187,0.01447207224134785,1.9084752719056297e-05
20,2024-11-30,2024-11-12,0.06331568877676187,0.01447207224134785,0.0144951678797575
20,2024-12-01,2024-11-12,0.06288639738919025,0.01447207224134785,0.0010990358818083
20,2024-12-02,2024-11-12,0.0635156111581361,0.01447207224134785,-0.0068274808739758
20,2024-12-03,2024-11-12,0.06307702231579364,0.01447207224134785,-0.0101014411209885
20,2024-12-04,2024-11-12,0.06288639738919025,0.01447207224134785,0.0007735274678324
20,2024-12-05,2024-11-12,0.025834987934438065,0.01447207224134785,0.0256222998396111
20,2024-12-06,2024-11-12,0.05543131549678765,0.01447207224134785,-0.0395950144394211
20,2024-12-07,2024-11-12,0.06288639738919025,0.01447207224134785,-0.0554227157046554
20,2024-12-08,2024-11-12,0.056191747790348995,0.01447207224134785,-0.0574583479173439
20,2024-12-09,2024-11-12,0.03025720359488972,0.01447207224134785,-0.0363733387940578
20,2024-12-10,2024-11-12,0.05358236790366313,0.01447207224134785,-0.0393501599494786
20,2024-12-11,2024-11-12,0.026247376357270105,0.01447207224134785,-0.0746501854140915
20,2024-12-12,2024-12-12,0.06992675822406118,0.019180351417446655,-0.0541226781371079
20,2024-12-13,2024-12-12,0.07248917770794394,0.019180351417446655,-0.0437711888429049
20,2024-12-14,2024-12-12,0.07248917770794394,0.019180351417446655,-0.0320037467955038
20,2024-12-15,2024-12-12,0.06911112443319127,0.019180351417446655,-0.0597669110666747
20,2024-12-16,2024-12-12,0.07248917770794394,0.019180351417446655,-0.0725546598457872
20,2024-12-17,2024-12-12,0.07115787392659223,0.019180351417446655,-0.0367285652988389
20,2024-12-18,2024-12-12,0.06924591105684044,0.019180351417446655,-0.0324278439555462
20,2024-12-19,2024-12-12,0.07115787392659223,0.019180351417446655,-0.0246378429469743
20,2024-12-20,2024-12-12,0.07248917770794394,0.019180351417446655,-0.0537081577466447
20,2024-12-21,2024-12-12,0.07248917770794394,0.019180351417446655,-0.0263729830174097
20,2024-12-22,2024-12-12,0.06911112443319127,0.019180351417446655,-0.006159291670952
20,2024-12-23,2024-12-12,0.06992675822406118,0.019180351417446655,-0.0035455816609923
20,2024-12-24,2024-12-12,0.06894361470678115,0.019180351417446655,-0.0418338762895081
20,2024-12-25,2024-12-12,0.06911112443319127,0.019180351417446655,-0.0288519716462704
20,2024-12-26,2024-12-12,0.06894361470678115,0.019180351417446655,0.0491248710742904
20,2024-12-27,2024-12-12,0.06894361470678115,0.019180351417446655,0.0603216173061378
20,2024-12-28,2024-12-12,0.06907840133043032,0.019180351417446655,0.0921036726128017
20,2024-12-29,2024-12-12,0.06924591105684044,0.019180351417446655,0.1154068458750008
20,2024-12-30,2024-12-12,0.06911112443319127,0.019180351417446655,0.0920285735685331
20,2024-12-31,2024-12-12,0.06992675822406118,0.019180351417446655,0.0928016799179276
20,2025-01-01,2024-12-12,0.06911112443319127,0.019180351417446655,0.1221250808341825
20,2025-01-02,2024-12-12,0.07097018990565772,0.019180351417446655,0.069308496724074
20,2025-01-03,2024-12-12,0.07248917770794394,0.019180351417446655,0.0584283973647654
20,2025-01-04,2024-12-12,0.07097018990565772,0.019180351417446655,0.0677048070413
20,2025-01-05,2024-12-12,0.07115787392659223,0.019180351417446655,0.064894324232305
20,2025-01-06,2024-12-12,0.07232166798153382,0.019180351417446655,0.0037599427205394
20,2025-01-07,2024-12-12,0.07232166798153382,0.019180351417446655,0.0528929980740473
20,2025-01-08,2024-12-12,0.07232166798153382,0.019180351417446655,0.0660095701047995
20,2025-01-09,2024-12-12,0.07099036420018211,0.019180351417446655,0.1208044213613268
20,2025-01-10,2024-12-12,0.07249569988430164,0.019180351417446655,0.1055340496933738
20,2025-01-11,2025-01-11,0.051109054728502155,0.018590907345350977,0.0827650193197693
20,2025-01-12,2025-01-11,0.04346322148502099,0.018590907345350977,0.0644199707525701
20,2025-01-13,2025-01-11,0.03592735419734601,0.018590907345350977,0.0334738792905566
20,2025-01-14,2025-01-11,0.03556241160417403,0.018590907345350977,0.0493746638130605
20,2025-01-15,2025-01-11,0.035391319865289365,0.018590907345350977,-0.0272068865497449
20,2025-01-16,2025-01-11,0.03451134124674278,0.018590907345350977,-0.033752986629302
20,2025-01-17,2025-01-11,0.037214118779889845,0.018590907345350977,-0.0722839369285266
20,2025-01-18,2025-01-11,0.04304833212487983,0.018590907345350977,-0.0769866128493729
20,2025-01-19,2025-01-11,0.03648957184038973,0.018590907345350977,-0.0482261352508404
20,2025-01-20,2025-01-11,0.03467502771133547,0.018590907345350977,-0.0566913693828114
20,2025-01-21,2025-01-11,0.034174091239654966,0.018590907345350977,-0.0820867385402183
20,2025-01-22,2025-01-11,0.030594703899058807,0.018590907345350977,-0.076450827748189
20,2025-01-23,2025-01-11,0.03463056096254378,0.018590907345350977,-0.0581304035767757
20,2025-01-24,2025-01-11,0.05577191318245125,0.018590907345350977,-0.0787863126427356
20,2025-01-25,2025-01-11,0.06033119506934137,0.018590907345350977,-0.0691798369115634
20,2025-01-26,2025-01-11,0.06285266866152993,0.018590907345350977,-0.0492139933736113
20,2025-01-27,2025-01-11,0.05638862865847665,0.018590907345350977,-0.0584301003410662
20,2025-01-28,2025-01-11,0.06342152361758377,0.018590907345350977,-0.0548230275030907
20,2025-01-29,2025-01-11,0.06348080084737533,0.018590907345350977,-0.0777137588684205
20,2025-01-30,2025-01-11,0.06363356051097582,0.018590907345350977,-0.0771423147593068
20,2025-01-31,2025-01-11,0.058722501385344385,0.018590907345350977,-0.0402672822181409
20,2025-02-01,2025-01-11,0.06313038674827981,0.018590907345350977,-0.0442553906095901
20,2025-02-02,2025-01-11,0.057500749731685334,0.018590907345350977,-0.0117663567845394
20,2025-02-03,2025-01-11,0.05699458506241213,0.018590907345350977,-0.0500404032349431
20,2025-02-04,2025-01-11,0.05731298516686215,0.018590907345350977,-0.0635234366984772
20,2025-02-05,2025-01-11,0.05747709789610528,0.018590907345350977,-0.0821015473888815
20,2025-02-06,2025-01-11,0.06314818614000875,0.018590907345350977,-0.1274335128349992
20,2025-02-07,2025-01-11,0.06318858525732858,0.018590907345350977,-0.1222527324499413
20,2025-02-08,2025-01-11,0.0610572776345832,0.018590907345350977,-0.1254065281320682
20,2025-02-09,2025-01-11,0.06448372202812087,0.018590907345350977,-0.1077951851880648
20,2025-02-10,2025-02-10,0.05287336792661873,0.018907761042864298,-0.0324416852901372
20,2025-02-11,2025-02-10,0.054003588807088776,0.018907761042864298,-0.0997887828336718
20,2025-02-12,2025-02-10,0.051326994430497624,0.018907761042864298,-0.1081844393771779
20,2025-02-13,2025-02-10,0.05333590190666375,0.018907761042864298,-0.062128615663235
20,2025-02-14,2025-02-10,0.05142904391112875,0.018907761042864298,-0.0776261819428991
20,2025-02-15,2025-02-10,0.0525683407853263,0.018907761042864298,-0.1103612536930025
20,2025-02-16,2025-02-10,0.049509362888606925,0.018907761042864298,-0.1029532204749739
20,2025-02-17,2025-02-10,0.05054346479113182,0.018907761042864298,-0.1570852996450199
20,2025-02-18,2025-02-10,0.05153653150968312,0.018907761042864298,-0.1784840539118448
20,2025-02-19,2025-02-10,0.05003799285652184,0.018907761042864298,-0.141874586176101
20,2025-02-20,2025-02-10,0.04940262638110103,0.018907761042864298,-0.1487704592848787
20,2025-02-21,2025-02-10,0.050585285188213786,0.018907761042864298,-0.1566426476144491
20,2025-02-22,2025-02-10,0.051151098433418946,0.018907761042864298,-0.1301675663465353
20,2025-02-23,2025-02-10,0.05049557686465827,0.018907761042864298,-0.1238292921107855
20,2025-02-24,2025-02-10,0.04937001807301584,0.018907761042864298,-0.0980673682794032
20,2025-02-25,2025-02-10,0.05039208875653573,0.018907761042864298,-0.052665188700096
20,2025-02-26,2025-02-10,0.05496116294819126,0.018907761042864298,-0.0182202772721072
20,2025-02-27,2025-02-10,0.055558827344559594,0.018907761042864298,0.0252319186557017
20,2025-02-28,2025-02-10,0.05419931221155668,0.018907761042864298,-0.0015002974513081
20,2025-03-01,2025-02-10,0.05573976241897926,0.018907761042864298,-0.0229564955504899
20,2025-03-02,2025-02-10,0.04684810136896198,0.018907761042864298,-0.1106333934443619
20,2025-03-03,2025-02-10,0.03142336624510085,0.018907761042864298,-0.0016018211886925
20,2025-03-04,2025-02-10,0.021231591901090693,0.018907761042864298,0.0024767999076098
20,2025-03-05,2025-02-10,0.03401098596845975,0.018907761042864298,-0.0354627689708442
20,2025-03-06,2025-02-10,0.025581500612236758,0.018907761042864298,-0.0336112139976153
20,2025-03-07,2025-02-10,0.03304372418391677,0.018907761042864298,0.0049568125066601
20,2025-03-08,2025-02-10,0.03225410607796733,0.018907761042864298,-0.0208538495484643
20,2025-03-09,2025-02-10,0.03307726179301807,0.018907761042864298,0.0237094808567899
20,2025-03-10,2025-02-10,0.0314744141021605,0.018907761042864298,0.0482739167177508
20,2025-03-11,2025-02-10,0.02599144978548913,0.018907761042864298,-0.0046179451627151
20,2025-03-12,2025-03-12,0.033320860930950026,0.01664944364226196,0.01766512763127
20,2025-03-13,2025-03-12,0.033827028913649464,0.01664944364226196,0.0172655678093707
20,2025-03-14,2025-03-12,0.029563088411436466,0.01664944364226196,-0.0091698101525067
20,2025-03-15,2025-03-12,0.030012790750151022,0.01664944364226196,-0.0053186897931715
20,2025-03-16,2025-03-12,0.03270037360041538,0.01664944364226196,0.0116677624444245
20,2025-03-17,2025-03-12,0.029586085407822326,0.01664944364226196,-0.0664209975880261
20,2025-03-18,2025-03-12,0.029540052388999337,0.01664944364226196,-0.0429400799346865
20,2025-03-19,2025-03-12,0.03079074575473649,0.01664944364226196,-0.1211745764971857
20,2025-03-20,2025-03-12,0.02939091563632086,0.01664944364226196,-0.0190941020065803
20,2025-03-21,2025-03-12,0.029540052388999337,0.01664944364226196,-0.0532947376219825
20,2025-03-22,2025-03-12,0.029540052388999337,0.01664944364226196,-0.0049707426915769
20,2025-03-23,2025-03-12,0.029598640062589884,0.01664944364226196,-0.0093584642639329
20,2025-03-24,2025-03-12,0.029598640062589884,0.01664944364226196,-0.0427227269693443
20,2025-03-25,2025-03-12,0.029845018902034084,0.01664944364226196,-0.0320539879283057
20,2025-03-26,2025-03-12,0.03045871695738418,0.01664944364226196,-0.0375700285712082
20,2025-03-27,2025-03-12,0.030595865747767317,0.01664944364226196,-0.0367024673626114
20,2025-03-28,2025-03-12,0.031360664106685934,0.01664944364226196,0.0062011707992406
20,2025-03-29,2025-03-12,0.03247103551050588,0.01664944364226196,0.0220953691377974
20,2025-03-30,2025-03-12,0.03326220261174037,0.01664944364226196,0.0326134279176388
20,2025-03-31,2025-03-12,0.031914613334850364,0.01664944364226196,0.0318501475650943
20,2025-04-01,2025-03-12,0.030951552795596957,0.01664944364226196,0.0276883039288928
20,2025-04-02,2025-03-12,0.032473308258467844,0.01664944364226196,0.1324187018102729
20,2025-04-03,2025-03-12,0.031543659489040275,0.01664944364226196,0.1259175689786307
20,2025-04-04,2025-03-12,0.03396998687560551,0.01664944364226196,0.1202838912493249
20,2025-04-05,2025-03-12,0.035290720671727054,0.01664944364226196,0.1328819379063344
20,2025-04-06,2025-03-12,0.028762655405322225,0.01664944364226196,0.2065281142419992
20,2025-04-07,2025-03-12,0.030565145705230723,0.01664944364226196,0.1842529436642561
20,2025-04-08,2025-03-12,0.03488105976998561,0.01664944364226196,0.2448659253729113
20,2025-04-09,2025-03-12,0.015415436398919246,0.01664944364226196,0.1409135023788594
20,2025-04-10,2025-03-12,0.013246542316121025,0.01664944364226196,0.1829568393853327
20,2025-04-11,2025-04-11,0.014691052039293087,0.015613464771869045,0.1566227351797759
20,2025-04-12,2025-04-11,0.017129386131913067,0.015613464771869045,0.1361475381961587
20,2025-04-13,2025-04-11,0.013905044393296675,0.015613464771869045,0.1444176217765043
20,2025-04-14,2025-04-11,0.012585786055170701,0.015613464771869045,0.1145035948022248
20,2025-04-15,2025-04-11,0.009555462678773488,0.015613464771869045,0.1325820301016245
20,2025-04-16,2025-04-11,0.010861869696348758,0.015613464771869045,0.1523691788612642
20,2025-04-17,2025-04-11,0.011206289651635412,0.015613464771869045,0.1422352827750559
20,2025-04-18,2025-04-11,0.010929441972705503,0.015613464771869045,0.2223969096542408
20,2025-04-19,2025-04-11,0.019910037080399387,0.015613464771869045,0.2103386096902091
20,2025-04-20,2025-04-11,0.02035111562665147,0.015613464771869045,0.2304586187902122
20,2025-04-21,2025-04-11,0.023057210736156953,0.015613464771869045,0.1896993277704033
20,2025-04-22,2025-04-11,0.018283859544171034,0.015613464771869045,0.1000431386024784
20,2025-04-23,2025-04-11,0.012391617618590771,0.015613464771869045,0.1111380080152775
20,2025-04-24,2025-04-11,0.009993933772116834,0.015613464771869045,0.1013758496845143
20,2025-04-25,2025-04-11,0.0108713959390991,0.015613464771869045,0.0964196668846186
20,2025-04-26,2025-04-11,0.011861016176865372,0.015613464771869045,0.0933751109608149
20,2025-04-27,2025-04-11,0.012483049701935348,0.015613464771869045,0.1000258135260743
20,2025-04-28,2025-04-11,0.012774145926863297,0.015613464771869045,0.1204392998802879
20,2025-04-29,2025-04-11,0.012676953373804733,0.015613464771869045,0.1200647337773541
20,2025-04-30,2025-04-11,0.012665062218003835,0.015613464771869045,0.1346258972943126
20,2025-05-01,2025-04-11,0.012545461695171367,0.015613464771869045,0.1363259640308505
20,2025-05-02,2025-04-11,0.012748680067062316,0.015613464771869045,0.1528486649518192
20,2025-05-03,2025-04-11,0.012731603880115669,0.015613464771869045,0.1195734203301146
20,2025-05-04,2025-04-11,0.02176093163361874,0.015613464771869045,0.1430274756617744
20,2025-05-05,2025-04-11,0.024201981064713097,0.015613464771869045,0.150638189079111
20,2025-05-06,2025-04-11,0.024828574036940877,0.015613464771869045,0.1301275109718669
20,2025-05-07,2025-04-11,0.024144165432171776,0.015613464771869045,0.1227208970375293
20,2025-05-08,2025-04-11,0.012390016355107126,0.015613464771869045,0.043774065092929
20,2025-05-09,2025-04-11,0.015980961929775432,0.015613464771869045,0.0254220589502056
20,2025-05-10,2025-04-11,0.026261147594493005,0.015613464771869045,-0.0078623575546994
20,2025-05-11,2025-05-11,0.030028154109024246,0.017528826192199715,0.0045513744021206
20,2025-05-12,2025-05-11,0.02927479258214159,0.017528826192199715,0.0277417392830443
20,2025-05-13,2025-05-11,0.02983552594169656,0.017528826192199715,0.0168511749628159
20,2025-05-14,2025-05-11,0.02983552594169656,0.017528826192199715,0.018057283014945
20,2025-05-15,2025-05-11,0.02981938784618369,0.017528826192199715,0.0089930284875126
20,2025-05-16,2025-05-11,0.029887072646197225,0.017528826192199715,-0.0188976058315992
20,2025-05-17,2025-05-11,0.02920652284092772,0.017528826192199715,0.0112656621736477
20,2025-05-18,2025-05-11,0.030231669095726707,0.017528826192199715,-0.0084741559426555
20,2025-05-19,2025-05-11,0.03010758208664087,0.017528826192199715,0.0015179911216558
20,2025-05-20,2025-05-11,0.034977708403220176,0.017528826192199715,0.0319422584878108
20,2025-05-21,2025-05-11,0.03466273763382756,0.017528826192199715,0.0057495171417967
20,2025-05-22,2025-05-11,0.03265136186693616,0.017528826192199715,-0.0273159671218925
20,2025-05-23,2025-05-11,0.03330711349074269,0.017528826192199715,-0.0153428632395407
20,2025-05-24,2025-05-11,0.03325250218041105,0.017528826192199715,-0.0157320893811181
20,2025-05-25,2025-05-11,0.033284340677428595,0.017528826192199715,-0.0329303855200429
20,2025-05-26,2025-05-11,0.03262596720889635,0.017528826192199715,-0.0350965172958251
20,2025-05-27,2025-05-11,0.04513048450573239,0.017528826192199715,-0.0196775840827875
20,2025-05-28,2025-05-11,0.0448145120297606,0.017528826192199715,-0.0299736189177799
20,2025-05-29,2025-05-11,0.04440418707086904,0.017528826192199715,-0.0066575590907261
20,2025-05-30,2025-05-11,0.04476556132290783,0.017528826192199715,0.0064731152849417
20,2025-05-31,2025-05-11,0.045657968833686086,0.017528826192199715,-0.0123708456144013
20,2025-06-01,2025-05-11,0.045097674919209595,0.017528826192199715,-0.0333474279821659
20,2025-06-02,2025-05-11,0.044571007543857157,0.017528826192199715,-0.0462328823738293
20,2025-06-03,2025-05-11,0.04470290787390249,0.017528826192199715,-0.0004076795206235
20,2025-06-04,2025-05-11,0.04470290787390249,0.017528826192199715,0.0132395565635874
20,2025-06-05,2025-05-11,0.04460572519625639,0.017528826192199715,0.0574522297009478
20,2025-06-06,2025-05-11,0.04422328837163511,0.017528826192199715,0.0254929501294678
20,2025-06-07,2025-05-11,0.04437600886991523,0.017528826192199715,0.0141677834132227
20,2025-06-08,2025-05-11,0.04449556953847353,0.017528826192199715,0.0147803923052187
20,2025-06-09,2025-05-11,0.04456624146004443,0.017528826192199715,-0.0172867567022925
20,2025-06-10,2025-06-10,0.054948046958190604,0.018580864372543568,-0.028364609407497
20,2025-06-11,2025-06-10,0.054948046958190604,0.018580864372543568,-0.0272812989667644
20,2025-06-12,2025-06-10,0.054948046958190604,0.018580864372543568,0.0300730384559806
20,2025-06-13,2025-06-10,0.054948046958190604,0.018580864372543568,0.0331696342835194
20,2025-06-14,2025-06-10,0.054948046958190604,0.018580864372543568,0.0243761208120618
20,2025-06-15,2025-06-10,0.054948046958190604,0.018580864372543568,0.0246615314637639
20,2025-06-16,2025-06-10,0.054948046958190604,0.018580864372543568,0.0225602378698608
20,2025-06-17,2025-06-10,0.054948046958190604,0.018580864372543568,0.0355019460805652
20,2025-06-18,2025-06-10,0.054948046958190604,0.018580864372543568,0.0384814940452933
20,2025-06-19,2025-06-10,0.054948046958190604,0.018580864372543568,0.062827141087989
20,2025-06-20,2025-06-10,0.054948046958190604,0.018580864372543568,0.1230615426302099
20,2025-06-21,2025-06-10,0.054948046958190604,0.018580864372543568,0.150877873983757
20,2025-06-22,2025-06-10,0.054948046958190604,0.018580864372543568,0.1629902855348155
20,2025-06-23,2025-06-10,0.054948046958190604,0.018580864372543568,0.1305629629503049
20,2025-06-24,2025-06-10,0.054948046958190604,0.018580864372543568,0.1296925991911992
20,2025-06-25,2025-06-10,0.054948046958190604,0.018580864372543568,0.0970509941347437
20,2025-06-26,2025-06-10,0.054948046958190604,0.018580864372543568,0.1092444242974046
20,2025-06-27,2025-06-10,0.054948046958190604,0.018580864372543568,0.1133138074383552
20,2025-06-28,2025-06-10,0.054948046958190604,0.018580864372543568,0.0990528234814853
20,2025-06-29,2025-06-10,0.054948046958190604,0.018580864372543568,0.0875169682271361
20,2025-06-30,2025-06-10,0.054948046958190604,0.018580864372543568,0.0944372424670894
20,2025-07-01,2025-06-10,0.054948046958190604,0.018580864372543568,0.1107030071780073
20,2025-07-02,2025-06-10,0.054948046958190604,0.018580864372543568,0.1020198512442855
20,2025-07-03,2025-06-10,0.054948046958190604,0.018580864372543568,0.0836905453476295
20,2025-07-04,2025-06-10,0.054948046958190604,0.018580864372543568,0.0959098290639448
20,2025-07-05,2025-06-10,0.054948046958190604,0.018580864372543568,0.0870272977016606
20,2025-07-06,2025-06-10,0.054948046958190604,0.018580864372543568,0.07981541674725
20,2025-07-07,2025-06-10,0.054948046958190604,0.018580864372543568,0.1030141062121534
20,2025-07-08,2025-06-10,0.054948046958190604,0.018580864372543568,0.0839064447190116
20,2025-07-09,2025-06-10,0.054948046958190604,0.018580864372543568,0.0603841505640496
20,2025-07-10,2025-07-10,0.04406391543842457,0.018331439831578464,0.0157770881820533
20,2025-07-11,2025-07-10,0.04398422701248429,0.018331439831578464,-0.0150056590933572
20,2025-07-12,2025-07-10,0.04406391543842457,0.018331439831578464,-0.0351053483222619
20,2025-07-13,2025-07-10,0.04420199786261294,0.018331439831578464,-0.0549204343996941
20,2025-07-14,2025-07-10,0.044592040300824407,0.018331439831578464,-0.0469987027831334
20,2025-07-15,2025-07-10,0.0474739887777008,0.018331439831578464,-0.0229543464911837
20,2025-07-16,2025-07-10,0.04455300487327981,0.018331439831578464,-0.0379386637981502
20,2025-07-17,2025-07-10,0.04539613236762193,0.018331439831578464,-0.0351181044485219
20,2025-07-18,2025-07-10,0.04274676766305632,0.018331439831578464,-0.003839988250143
20,2025-07-19,2025-07-10,0.04264295911005009,0.018331439831578464,-0.0098884928716903
20,2025-07-20,2025-07-10,0.043278196384164476,0.018331439831578464,-0.006846622422763
20,2025-07-21,2025-07-10,0.04356712381973012,0.018331439831578464,0.0163029828840191
20,2025-07-22,2025-07-10,0.04579902281720385,0.018331439831578464,-0.0105741830938784
20,2025-07-23,2025-07-10,0.0456735682036025,0.018331439831578464,0.0116043830715402
20,2025-07-24,2025-07-10,0.04579375168316222,0.018331439831578464,0.0419587498803244
20,2025-07-25,2025-07-10,0.0456735682036025,0.018331439831578464,0.0057882412437737
20,2025-07-26,2025-07-10,0.0428586902391785,0.018331439831578464,-0.0049011198186159
20,2025-07-27,2025-07-10,0.043415594009752145,0.018331439831578464,-0.0170404105662955
20,2025-07-28,2025-07-10,0.04257534733040598,0.018331439831578464,-0.0055674833426957
20,2025-07-29,2025-07-10,0.0426563845457439,0.018331439831578464,-0.0146138100339496
20,2025-07-30,2025-07-10,0.04257534733040598,0.018331439831578464,-0.0421533210624888
20,2025-07-31,2025-07-10,0.04264295911005009,0.018331439831578464,-0.012895537199449
20,2025-08-01,2025-07-10,0.04300482773667046,0.018331439831578464,-0.0070427588571123
20,2025-08-02,2025-07-10,0.04277626076555404,0.018331439831578464,0.0390029530055839
20,2025-08-03,2025-07-10,0.04355477312719251,0.018331439831578464,0.0107631811208943
20,2025-08-04,2025-07-10,0.042394051273346174,0.018331439831578464,-0.0135712449946777
20,2025-08-05,2025-07-10,0.04257534733040598,0.018331439831578464,-0.035203529316414
20,2025-08-06,2025-07-10,0.04257534733040598,0.018331439831578464,-0.0280805831557199
20,2025-08-07,2025-07-10,0.04257534733040598,0.018331439831578464,-0.0528636566276511
20,2025-08-08,2025-07-10,0.04257534733040598,0.018331439831578464,-0.0352076207754995
20,2025-08-09,2025-08-09,0.037337407296813986,0.019091716064377224,-0.0694203486537483
20,2025-08-10,2025-08-09,0.036943153908168276,0.019091716064377224,-0.0878307301431143
20,2025-08-11,2025-08-09,0.03766182841915016,0.019091716064377224,-0.087960248049475
20,2025-08-12,2025-08-09,0.037926866954465205,0.019091716064377224,-0.0907041532261286
20,2025-08-13,2025-08-09,0.04222194927712839,0.019091716064377224,-0.0978571839278779
20,2025-08-14,2025-08-09,0.035891088531149334,0.019091716064377224,-0.0557029036454512
20,2025-08-15,2025-08-09,0.03669445438905852,0.019091716064377224,-0.0563410985235046
20,2025-08-16,2025-08-09,0.03670166845928749,0.019091716064377224,-0.0572553434271029
20,2025-08-17,2025-08-09,0.036725779601858397,0.019091716064377224,-0.0614713119993771
20,2025-08-18,2025-08-09,0.03702521704494223,0.019091716064377224,-0.0437910968229857
20,2025-08-19,2025-08-09,0.0406435620113126,0.019091716064377224,-0.0071559224026591
20,2025-08-20,2025-08-09,0.03703895397635062,0.019091716064377224,-0.0238454575271959
20,2025-08-21,2025-08-09,0.038012567474253946,0.019091716064377224,0.0129777777777777
20,2025-08-22,2025-08-09,0.035224626458558866,0.019091716064377224,-0.0124281668971204
20,2025-08-23,2025-08-09,0.03673413765996734,0.019091716064377224,0.0051228342821105
20,2025-08-24,2025-08-09,0.03672585909751871,0.019091716064377224,0.0213642021545004
20,2025-08-25,2025-08-09,0.04014693834052752,0.019091716064377224,0.0468253318122151
20,2025-08-26,2025-08-09,0.03887486803818189,0.019091716064377224,0.03209007399751
20,2025-08-27,2025-08-09,0.041668845085356995,0.019091716064377224,0.0496750867614201
20,2025-08-28,2025-08-09,0.03953352999102574,0.019091716064377224,0.034474521373512
20,2025-08-29,2025-08-09,0.041033236454019496,0.019091716064377224,0.0802393303400894
20,2025-08-30,2025-08-09,0.03912623440342931,0.019091716064377224,0.0626381169076368
20,2025-08-31,2025-08-09,0.041878207579363294,0.019091716064377224,0.0687254581794212
20,2025-09-01,2025-08-09,0.03990430346256328,0.019091716064377224,0.0548792712240915
20,2025-09-02,2025-08-09,0.039543143982501694,0.019091716064377224,0.0126841052962869
20,2025-09-03,2025-08-09,0.04021572329732645,0.019091716064377224,0.0026237691878059
20,2025-09-04,2025-08-09,0.040083121105216626,0.019091716064377224,0.0232647860528867
20,2025-09-05,2025-08-09,0.040098867703289263,0.019091716064377224,-0.0150506068182366
20,2025-09-06,2025-08-09,0.03959161130182123,0.019091716064377224,-0.004941646533646
20,2025-09-07,2025-08-09,0.039893782721368364,0.019091716064377224,-0.0135102207772832
20,2025-09-08,2025-09-08,0.034308123295942,0.018178718222357573,0.0008809155167932
20,2025-09-09,2025-09-08,0.03426663832705796,0.018178718222357573,0.0247930031621821
20,2025-09-10,2025-09-08,0.03412768161128032,0.018178718222357573,0.0007803615303614
20,2025-09-11,2025-09-08,0.03425051111278348,0.018178718222357573,0.0269503594001836
20,2025-09-12,2025-09-08,0.03391127251478418,0.018178718222357573,0.0387826639140316
20,2025-09-13,2025-09-08,0.03408643757921402,0.018178718222357573,0.054466900779851
20,2025-09-14,2025-09-08,0.034308123295942,0.018178718222357573,0.0617950288202251
20,2025-09-15,2025-09-08,0.034731114468817964,0.018178718222357573,0.0705038616915465
20,2025-09-16,2025-09-08,0.03484644020514719,0.018178718222357573,0.0673829101654812
20,2025-09-17,2025-09-08,0.0344396505104635,0.018178718222357573,0.0419532941815283
20,2025-09-18,2025-09-08,0.034285258281160386,0.018178718222357573,0.0532355178835044
20,2025-09-19,2025-09-08,0.03439427041057086,0.018178718222357573,0.0521481958600176
20,2025-09-20,2025-09-08,0.03447220093191413,0.018178718222357573,-0.0251641452788907
20,2025-09-21,2025-09-08,0.03386797280525772,0.018178718222357573,-0.0398142742802386
20,2025-09-22,2025-09-08,0.034700504798124136,0.018178718222357573,0.0204863712249665
20,2025-09-23,2025-09-08,0.03768986032027572,0.018178718222357573,0.0282788744165116
20,2025-09-24,2025-09-08,0.034601455398143334,0.018178718222357573,-0.00246110125588
20,2025-09-25,2025-09-08,0.039355451943085706,0.018178718222357573,0.0162282515382199
20,2025-09-26,2025-09-08,0.03403091949126442,0.018178718222357573,-0.0132172041998674
20,2025-09-27,2025-09-08,0.03364155198644801,0.018178718222357573,-0.029225568096567
20,2025-09-28,2025-09-08,0.03307121999120861,0.018178718222357573,-0.0443898418342079
20,2025-09-29,2025-09-08,0.03337581298364289,0.018178718222357573,-0.0495939357526544
20,2025-09-30,2025-09-08,0.034651726574318364,0.018178718222357573,-0.0308362384460774
20,2025-10-01,2025-09-08,0.0358162674839231,0.018178718222357573,-0.086827613881497
20,2025-10-02,2025-09-08,0.036337891033499714,0.018178718222357573,-0.1075415241183994
20,2025-10-03,2025-09-08,0.0369560410324546,0.018178718222357573,-0.0994323908632764
20,2025-10-04,2025-09-08,0.03692125728879577,0.018178718222357573,-0.0930306149962006
20,2025-10-05,2025-09-08,0.036795478992628694,0.018178718222357573,-0.0958521103144247
20,2025-10-06,2025-09-08,0.03951339645650414,0.018178718222357573,-0.081014425485811
20,2025-10-07,2025-09-08,0.037043763732389025,0.018178718222357573,-0.0595493639609026
20,2025-10-08,2025-10-08,0.036369145427580664,0.018386154146064867,-0.0844042463464875
20,2025-10-09,2025-10-08,0.03667908067869383,0.018386154146064867,-0.0956837116479701
20,2025-10-10,2025-10-08,0.03875210059475247,0.018386154146064867,-0.0394736398742623
20,2025-10-11,2025-10-08,0.039045564678904986,0.018386154146064867,-0.0093668545357921
20,2025-10-12,2025-10-08,0.03875275208834831,0.018386154146064867,-0.0422821045452805
20,2025-10-13,2025-10-08,0.037113597838800694,0.018386154146064867,-0.0401622006494972
20,2025-10-14,2025-10-08,0.03714288340873748,0.018386154146064867,-0.0570220831732699
20,2025-10-15,2025-10-08,0.0330614152695667,0.018386154146064867,-0.083656424764597
20,2025-10-16,2025-10-08,0.03332387410325757,0.018386154146064867,-0.0398276138073102
20,2025-10-17,2025-10-08,0.03545228155755059,0.018386154146064867,-0.0477831412601962
20,2025-10-18,2025-10-08,0.035689121031080503,0.018386154146064867,-0.0358812300339385
20,2025-10-19,2025-10-08,0.035124774218608414,0.018386154146064867,-0.0582628684575265
20,2025-10-20,2025-10-08,0.03244126722491566,0.018386154146064867,-0.052556049559906
20,2025-10-21,2025-10-08,0.0332534563800479,0.018386154146064867,-0.0211134736324428
20,2025-10-22,2025-10-08,0.033665974360712995,0.018386154146064867,-0.0419127758362567
20,2025-10-23,2025-10-08,0.03159873323010802,0.018386154146064867,-0.0765257020056109
20,2025-10-24,2025-10-08,0.032050885374776836,0.018386154146064867,-0.1019132580555685
20,2025-10-25,2025-10-08,0.03304484748528429,0.018386154146064867,-0.1527347935582622
20,2025-10-26,2025-10-08,0.03315324814765141,0.018386154146064867,-0.1655312440533032
20,2025-10-27,2025-10-08,0.031078831522335013,0.018386154146064867,-0.1739253240251639
20,2025-10-28,2025-10-08,0.03099616410945512,0.018386154146064867,-0.1832027809062038
20,2025-10-29,2025-10-08,0.03394753456568429,0.018386154146064867,-0.1550650787679366
20,2025-10-30,2025-10-08,0.03351831484834016,0.018386154146064867,-0.1547957365978451
20,2025-10-31,2025-10-08,0.03293787116228156,0.018386154146064867,-0.2095720924045605
20,2025-11-01,2025-10-08,0.0328408712126498,0.018386154146064867,-0.2267856575181589
20,2025-11-02,2025-10-08,0.03260195734959555,0.018386154146064867,-0.2334067422056748
20,2025-11-03,2025-10-08,0.032537570567975564,0.018386154146064867,-0.1853300487582264
20,2025-11-04,2025-10-08,0.03497552411143025,0.018386154146064867,-0.1300253346840436
20,2025-11-05,2025-10-08,0.03416271609565081,0.018386154146064867,-0.1589755456891051
20,2025-11-06,2025-10-08,0.034315323821139186,0.018386154146064867,-0.1071775473417608
20,2025-11-07,2025-11-07,0.026114254624429054,0.017247168454146738,-0.1161722167451074
20,2025-11-08,2025-11-07,0.027460725389408115,0.017247168454146738,-0.1116402284989562
20,2025-11-09,2025-11-07,0.029585864538248286,0.017247168454146738,-0.1329271059565161
20,2025-11-10,2025-11-07,0.03010391621948937,0.017247168454146738,-0.1476366679611849
20,2025-11-11,2025-11-07,0.03196850006176412,0.017247168454146738,-0.1627512553732576
20,2025-11-12,2025-11-07,0.029873586572774224,0.017247168454146738,-0.1020761822634874
20,2025-11-13,2025-11-07,0.03141031638433507,0.017247168454146738,-0.0628141550346759
20,2025-11-14,2025-11-07,0.034974419477064145,0.017247168454146738,-0.0265972471826966
20,2025-11-15,2025-11-07,0.03433390181244777,0.017247168454146738,-0.0655486031668192
20,2025-11-16,2025-11-07,0.035016965497708996,0.017247168454146738,-0.0533054661588027
20,2025-11-17,2025-11-07,0.03491251938960386,0.017247168454146738,-0.0197346119086302
20,2025-11-18,2025-11-07,0.03410917364301283,0.017247168454146738,-0.0250265622628369
20,2025-11-19,2025-11-07,0.03195433686126096,0.017247168454146738,0.0122750313036017
20,2025-11-20,2025-11-07,0.03283363319943449,0.017247168454146738,0.0620765460760921
20,2025-11-21,2025-11-07,0.03260715638495602,0.017247168454146738,0.08673792365343
20,2025-11-22,2025-11-07,0.03197857866349106,0.017247168454146738,0.0652430606938372
20,2025-11-23,2025-11-07,0.0308531020799516,0.017247168454146738,0.039272256132673
20,2025-11-24,2025-11-07,0.028587657810014606,0.017247168454146738,-0.0014477914555162
20,2025-11-25,2025-11-07,0.029491507284558856,0.017247168454146738,-0.0107345820004953
20,2025-11-26,2025-11-07,0.028052397455194052,0.017247168454146738,-0.0289620200340348
20,2025-11-27,2025-11-07,0.02910685049318049,0.017247168454146738,-0.0557375433779004
20,2025-11-28,2025-11-07,0.02695212411771642,0.017247168454146738,-0.0591291518274146
20,2025-11-29,2025-11-07,0.02748115335444121,0.017247168454146738,-0.0293549380391099
20,2025-11-30,2025-11-07,0.02720794237469578,0.017247168454146738,-0.0221237273129704
20,2025-12-01,2025-11-07,0.03300121984349039,0.017247168454146738,0.027499822972461
20,2025-12-02,2025-11-07,0.025704975793263776,0.017247168454146738,-0.0291099004490464
20,2025-12-03,2025-11-07,0.026531910035868952,0.017247168454146738,-0.0636193212133796
20,2025-12-04,2025-11-07,0.02666011463404283,0.017247168454146738,-0.0478790495803235
20,2025-12-05,2025-11-07,0.026958871094723145,0.017247168454146738,-0.0235617268278396
20,2025-12-06,2025-11-07,0.02716510806335077,0.017247168454146738,-0.0209244415896178
20,2025-12-07,2025-12-07,0.02116756862219878,0.014787629024247283,-0.0278587462115015
20,2025-12-08,2025-12-07,0.021682835040586098,0.014787629024247283,-0.029587350666425
20,2025-12-09,2025-12-07,0.020134068977920572,0.014787629024247283,-0.0587153696422482
20,2025-12-10,2025-12-07,0.021925483251337766,0.014787629024247283,-0.0383618519384314
20,2025-12-11,2025-12-07,0.022002556345378926,0.014787629024247283,-0.0525887174374128
20,2025-12-12,2025-12-07,0.021262266799327283,0.014787629024247283,-0.0158347736672471
20,2025-12-13,2025-12-07,0.021339339893368447,0.014787629024247283,-0.0027136521815543
20,2025-12-14,2025-12-07,0.023317366435999208,0.014787629024247283,0.0278527793973994
20,2025-12-15,2025-12-07,0.021594521779072028,0.014787629024247283,0.0589786801382079
20,2025-12-16,2025-12-07,0.022280282015604672,0.014787629024247283,0.0682455793321044
20,2025-12-17,2025-12-07,0.025031710138560464,0.014787629024247283,0.0870184346085407
20,2025-12-18,2025-12-07,0.02440017002575673,0.014787629024247283,0.0683816123712395
20,2025-12-19,2025-12-07,0.02162358474490327,0.014787629024247283,0.033618707434136
20,2025-12-20,2025-12-07,0.02595170336222483,0.014787629024247283,0.025807568732324
20,2025-12-21,2025-12-07,0.02629376781585909,0.014787629024247283,0.0208195774229444
20,2025-12-22,2025-12-07,0.026399800039938085,0.014787629024247283,0.0270011133956264
20,2025-12-23,2025-12-07,0.025963992527176447,0.014787629024247283,0.0435521111949339
20,2025-12-24,2025-12-07,0.026805391580682857,0.014787629024247283,0.0883380698749678
20,2025-12-25,2025-12-07,0.026749477913116323,0.014787629024247283,0.1115102309227589
20,2025-12-26,2025-12-07,0.02675019617722473,0.014787629024247283,0.0942575423293881
20,2025-12-27,2025-12-07,0.026788369952488088,0.014787629024247283,0.0873257977257078
20,2025-12-28,2025-12-07,0.026924840852263928,0.014787629024247283,0.08180600688711
20,2025-12-29,2025-12-07,0.026862203409746144,0.014787629024247283,0.0737760400875178
20,2025-12-30,2025-12-07,0.026960888932366787,0.014787629024247283,0.0468496021212063
20,2025-12-31,2025-12-07,0.026433346626170386,0.014787629024247283,0.0088928217823476
20,2026-01-01,2025-12-07,0.02459395453004714,0.014787629024247283,0.0069303990677973
20,2026-01-02,2025-12-07,0.025259739751576703,0.014787629024247283,-0.0048387062722172
20,2026-01-03,2025-12-07,0.025510045281838544,0.014787629024247283,-0.0113403130003626
20,2026-01-04,2025-12-07,0.0250951690800791,0.014787629024247283,-0.0251764098943588
20,2026-01-05,2025-12-07,0.023852913532460735,0.014787629024247283,-0.0765967634035946
20,2026-01-06,2026-01-06,0.023904590191598612,0.014463099627697646,-0.0576107407979074
20,2026-01-07,2026-01-06,0.02393696334818884,0.014463099627697646,-0.0231399270786268
20,2026-01-08,2026-01-06,0.023789134364330188,0.014463099627697646,-0.0197585093038978
20,2026-01-09,2026-01-06,0.02436840282200745,0.014463099627697646,-0.0660970365820076
20,2026-01-10,2026-01-06,0.02614991569663024,0.014463099627697646,-0.0689932125071957
20,2026-01-11,2026-01-06,0.02563223515968386,0.014463099627697646,-0.1348430702427603
20,2026-01-12,2026-01-06,0.02468404941770796,0.014463099627697646,-0.1569396097537465
20,2026-01-13,2026-01-06,0.024819970475722014,0.014463099627697646,-0.174768797031882
20,2026-01-14,2026-01-06,0.028593291540847585,0.014463099627697646,-0.2184753080345713
20,2026-01-15,2026-01-06,0.02520168548211886,0.014463099627697646,-0.2347054750389101
20,2026-01-16,2026-01-06,0.023366769668023434,0.014463099627697646,-0.3416091981931313
20,2026-01-17,2026-01-06,0.023601793050043354,0.014463099627697646,-0.2582037392994077
20,2026-01-18,2026-01-06,0.02471625364875764,0.014463099627697646,-0.2603068499678775
20,2026-01-19,2026-01-06,0.0248822841579658,0.014463099627697646,-0.2407468342131683
20,2026-01-20,2026-01-06,0.02639607695982971,0.014463099627697646,-0.2068318894789255
20,2026-01-21,2026-01-06,0.02476446657530065,0.014463099627697646,-0.2304343213600891
20,2026-01-22,2026-01-06,0.025489700695594607,0.014463099627697646,-0.2509740154245766
20,2026-01-23,2026-01-06,0.02555404751107574,0.014463099627697646,-0.2603573918200683
20,2026-01-24,2026-01-06,0.02555404751107574,0.014463099627697646,-0.2283138399920918
20,2026-01-25,2026-01-06,0.026373039608728357,0.014463099627697646,-0.1943849085200523
20,2026-01-26,2026-01-06,0.02424793744102873,0.014463099627697646,-0.220884493296213
20,2026-01-27,2026-01-06,0.025509650375052227,0.014463099627697646,-0.2280960224089636
20,2026-01-28,2026-01-06,0.02551754080574221,0.014463099627697646,-0.2440814383069919
20,2026-01-29,2026-01-06,0.029021104389390855,0.014463099627697646,-0.2148744904912171
20,2026-01-30,2026-01-06,0.02520199811004545,0.014463099627697646,-0.2048025118296844
20,2026-01-31,2026-01-06,0.026228750408396298,0.014463099627697646,-0.1361561035032662
20,2026-02-01,2026-01-06,0.026228750408396298,0.014463099627697646,-0.1168310916935707
20,2026-02-02,2026-01-06,0.025013850032557423,0.014463099627697646,-0.140911936342285
20,2026-02-03,2026-01-06,0.02606722749022386,0.014463099627697646,-0.1466828454085056
20,2026-02-04,2026-01-06,0.026171303374988367,0.014463099627697646,-0.1244799655795608
20,2026-02-05,2026-02-05,0.016371859862705004,0.013752163867803953,0.0807215275951971
20,2026-02-06,2026-02-05,0.019916717709304484,0.013752163867803953,-0.0438519212028972
20,2026-02-07,2026-02-05,0.02048162121764007,0.013752163867803953,-0.0493189576815379
20,2026-02-08,2026-02-05,0.019960136686246705,0.013752163867803953,-0.047733568338462
20,2026-02-09,2026-02-05,0.018406399348453156,0.013752163867803953,-0.0621849781858621
20,2026-02-10,2026-02-05,0.019015869346670128,0.013752163867803953,-0.0001631288431694
20,2026-02-11,2026-02-05,0.0193208956719095,0.013752163867803953,0.0187154567240466
20,2026-02-12,2026-02-05,0.020214957431544982,0.013752163867803953,0.0964899746001979
20,2026-02-13,2026-02-05,0.018168862975502933,0.013752163867803953,0.0295808694227608
20,2026-02-14,2026-02-05,0.017709970509652128,0.013752163867803953,-0.0244751904638803
20,2026-02-15,2026-02-05,0.019463162732492448,0.013752163867803953,-0.0228041720940868
20,2026-02-16,2026-02-05,0.019852967944629332,0.013752163867803953,-0.0424027719736406
20,2026-02-17,2026-02-05,0.019647557147983902,0.013752163867803953,0.0137569122321323
20,2026-02-18,2026-02-05,0.021715774619908326,0.013752163867803953,0.0524763395073804
20,2026-02-19,2026-02-05,0.023281312693312184,0.013752163867803953,0.0475813809171519
20,2026-02-20,2026-02-05,0.01935461612447312,0.013752163867803953,0.0370674747033998
20,2026-02-21,2026-02-05,0.0195360277701902,0.013752163867803953,0.0434575885905497
20,2026-02-22,2026-02-05,0.020081506163966145,0.013752163867803953,0.0527553316361981
20,2026-02-23,2026-02-05,0.02155350428888649,0.013752163867803953,0.1261942816770969
20,2026-02-24,2026-02-05,0.024382684566539463,0.013752163867803953,0.1690108128317786
20,2026-02-25,2026-02-05,0.012114746351727339,0.013752163867803953,0.0870935535132357
20,2026-02-26,2026-02-05,0.010964092479544349,0.013752163867803953,0.055736089019841
20,2026-02-27,2026-02-05,0.010964092479544349,0.013752163867803953,0.0616027119220428
20,2026-02-28,2026-02-05,0.013195294502674424,0.013752163867803953,0.0528191400567927
20,2026-03-01,2026-02-05,0.01407400848388254,0.013752163867803953,0.0477625205487615
20,2026-03-02,2026-02-05,0.011773142825379978,0.013752163867803953,-0.0141080801033733
20,2026-03-03,2026-02-05,0.01728423478655395,0.013752163867803953,0.0375845064239515
30,2023-06-21,2023-06-21,-0.0011957669249182117,-0.007355742476846001,-0.0030729591926889
30,2023-06-22,2023-06-21,-0.0006669658213410179,-0.007355742476846001,-0.0030423370716735
30,2023-06-23,2023-06-21,-0.0028401823976340577,-0.007355742476846001,-0.0197060788243153
30,2023-06-24,2023-06-21,-0.001894144694626185,-0.007355742476846001,-0.044252988214206
30,2023-06-25,2023-06-21,-0.0011533075777069549,-0.007355742476846001,-0.0405004027882003
30,2023-06-26,2023-06-21,0.0009753542528320942,-0.007355742476846001,-0.0302639851539531
30,2023-06-27,2023-06-21,0.0004706838776203854,-0.007355742476846001,-0.0478834527329856
30,2023-06-28,2023-06-21,0.0023453602036670245,-0.007355742476846001,-0.0253768525946881
30,2023-06-29,2023-06-21,0.002157801819518109,-0.007355742476846001,-0.0359443904896689
30,2023-06-30,2023-06-21,0.0003922886679071134,-0.007355742476846001,-0.0390821081648726
30,2023-07-01,2023-06-21,0.0004856808427053482,-0.007355742476846001,-0.0442573211839443
30,2023-07-02,2023-06-21,0.000473665306717488,-0.007355742476846001,-0.0297559887422129
30,2023-07-03,2023-06-21,0.0003582121709866986,-0.007355742476846001,-0.063235888843954
30,2023-07-04,2023-06-21,0.0014080908993971473,-0.007355742476846001,-0.0511227955331949
30,2023-07-05,2023-06-21,-0.0010667010969911473,-0.007355742476846001,-0.0455934654239773
30,2023-07-06,2023-06-21,0.00046253638790443057,-0.007355742476846001,-0.0275393262448474
30,2023-07-07,2023-06-21,0.0023869821681527037,-0.007355742476846001,-0.0414003104331235
30,2023-07-08,2023-06-21,0.002985707731824942,-0.007355742476846001,-0.0354493351908211
30,2023-07-09,2023-06-21,0.0018148689156487737,-0.007355742476846001,-0.0129403452372308
30,2023-07-10,2023-06-21,-0.0004561202047752058,-0.007355742476846001,-0.0272784338329128
30,2023-07-11,2023-06-21,0.001440706386792676,-0.007355742476846001,-0.0380885047073844
30,2023-07-12,2023-06-21,0.0014910427111812798,-0.007355742476846001,-0.0314012508229099
30,2023-07-13,2023-06-21,7.576127362911017e-05,-0.007355742476846001,-0.0643493736772446
30,2023-07-14,2023-06-21,0.0008094874973950384,-0.007355742476846001,-0.0332597541370565
30,2023-07-15,2023-06-21,-0.0005291978552845009,-0.007355742476846001,-0.0283461078287143
30,2023-07-16,2023-06-21,0.001748540786734045,-0.007355742476846001,-0.0341356953346438
30,2023-07-17,2023-06-21,0.00018031121176672143,-0.007355742476846001,-0.0467015064038756
30,2023-07-18,2023-06-21,0.0042842982867112005,-0.007355742476846001,-0.1083661848151638
30,2023-07-19,2023-06-21,0.0051379289471570645,-0.007355742476846001,-0.1288970855465591
30,2023-07-20,2023-06-21,0.0030921476044470605,-0.007355742476846001,-0.1241607382550336
30,2023-07-21,2023-07-21,0.14116408919477735,-0.0019322043270870776,-0.1241309864449269
30,2023-07-22,2023-07-21,0.14116408919477735,-0.0019322043270870776,-0.1230811572799893
30,2023-07-23,2023-07-21,0.14116408919477735,-0.0019322043270870776,-0.1338845722358416
30,2023-07-24,2023-07-21,0.14116408919477735,-0.0019322043270870776,-0.0940407519750483
30,2023-07-25,2023-07-21,0.14116408919477735,-0.0019322043270870776,-0.1043097399116149
30,2023-07-26,2023-07-21,0.14116408919477735,-0.0019322043270870776,-0.1121543501694606
30,2023-07-27,2023-07-21,0.14116408919477735,-0.0019322043270870776,-0.1096887428232358
30,2023-07-28,2023-07-21,0.14116408919477735,-0.0019322043270870776,-0.1095843166471879
30,2023-07-29,2023-07-21,0.14116408919477735,-0.0019322043270870776,-0.1101390322591635
30,2023-07-30,2023-07-21,0.14116408919477735,-0.0019322043270870776,-0.053438925941623
30,2023-07-31,2023-07-21,0.14116408919477735,-0.0019322043270870776,-0.066100283077765
30,2023-08-01,2023-07-21,0.14116408919477735,-0.0019322043270870776,-0.1267491842554313
30,2023-08-02,2023-07-21,0.14116408919477735,-0.0019322043270870776,-0.115841802288151
30,2023-08-03,2023-07-21,0.14116408919477735,-0.0019322043270870776,-0.1138648691975375
30,2023-08-04,2023-07-21,0.14116408919477735,-0.0019322043270870776,-0.1079474163452004
30,2023-08-05,2023-07-21,0.14116408919477735,-0.0019322043270870776,-0.1116571094034045
30,2023-08-06,2023-07-21,0.14116408919477735,-0.0019322043270870776,-0.1133206960020516
30,2023-08-07,2023-07-21,0.14116408919477735,-0.0019322043270870776,-0.1181439495862184
30,2023-08-08,2023-07-21,0.1414506646227923,-0.0019322043270870776,-0.1180843266571314
30,2023-08-09,2023-07-21,0.1414506646227923,-0.0019322043270870776,-0.1241123399744237
30,2023-08-10,2023-07-21,0.14116408919477735,-0.0019322043270870776,-0.1206603125026523
30,2023-08-11,2023-07-21,0.14116408919477735,-0.0019322043270870776,-0.1218111991321968
30,2023-08-12,2023-07-21,0.14116408919477735,-0.0019322043270870776,-0.1450093560451739
30,2023-08-13,2023-07-21,0.14116408919477735,-0.0019322043270870776,-0.1182008910777564
30,2023-08-14,2023-07-21,0.14116408919477735,-0.0019322043270870776,-0.1090325721953061
30,2023-08-15,2023-07-21,0.14116408919477735,-0.0019322043270870776,-0.0916873287671232
30,2023-08-16,2023-07-21,0.1414506646227923,-0.0019322043270870776,-0.0741549662710476
30,2023-08-17,2023-07-21,0.14079620053361713,-0.0019322043270870776,-0.0023941335839399
30,2023-08-18,2023-07-21,0.1414506646227923,-0.0019322043270870776,0.0181741767099101
30,2023-08-19,2023-07-21,0.1414506646227923,-0.0019322043270870776,0.025383132037114
30,2023-08-20,2023-08-20,0.014598794496230956,-0.0036011029427720507,0.0389564868104186
30,2023-08-21,2023-08-20,0.01481159608061296,-0.0036011029427720507,0.038201211623873
30,2023-08-22,2023-08-20,0.01181249142397405,-0.0036011029427720507,0.0196530549585509
30,2023-08-23,2023-08-20,0.037171635617691996,-0.0036011029427720507,0.0055771785877503
30,2023-08-24,2023-08-20,0.012722555552024799,-0.0036011029427720507,0.0151225837994961
30,2023-08-25,2023-08-20,0.012115900762707592,-0.0036011029427720507,0.0072283164895179
30,2023-08-26,2023-08-20,0.013362602692180502,-0.0036011029427720507,0.0110480036990672
30,2023-08-27,2023-08-20,0.013250751140095586,-0.0036011029427720507,0.0045935582146343
30,2023-08-28,2023-08-20,0.04219748508359445,-0.0036011029427720507,0.0096856814701378
30,2023-08-29,2023-08-20,0.007689601517816013,-0.0036011029427720507,-0.0250736569114103
30,2023-08-30,2023-08-20,0.002456975744737445,-0.0036011029427720507,-0.014396708570223
30,2023-08-31,2023-08-20,0.002281353044580939,-0.0036011029427720507,0.0393889466700694
30,2023-09-01,2023-08-20,0.0027229237458935617,-0.0036011029427720507,0.0847710041251614
30,2023-09-02,2023-08-20,0.003313204986589594,-0.0036011029427720507,0.0628152601266895
30,2023-09-03,2023-08-20,0.003100790252352514,-0.0036011029427720507,0.0560331998393606
30,2023-09-04,2023-08-20,0.0027229237458935617,-0.0036011029427720507,0.0756039838891164
30,2023-09-05,2023-08-20,0.03442763924903365,-0.0036011029427720507,0.0627436308016795
30,2023-09-06,2023-08-20,0.03351775456697099,-0.0036011029427720507,0.0842835486870121
30,2023-09-07,2023-08-20,0.004084293373972024,-0.0036011029427720507,0.0648131784422014
30,2023-09-08,2023-08-20,0.002856043812786744,-0.0036011029427720507,0.0774415777387544
30,2023-09-09,2023-08-20,0.003932667899252633,-0.0036011029427720507,0.0651893839803778
30,2023-09-10,2023-08-20,0.0032013534345046767,-0.0036011029427720507,0.0599231239849218
30,2023-09-11,2023-08-20,0.0087350957215622,-0.0036011029427720507,0.0680774421639804
30,2023-09-12,2023-08-20,0.004079861322195495,-0.0036011029427720507,0.0355853886014374
30,2023-09-13,2023-08-20,0.003968009770110576,-0.0036011029427720507,0.0244069864998854
30,2023-09-14,2023-08-20,0.0020489493247614894,-0.0036011029427720507,0.0124327322262829
30,2023-09-15,2023-08-20,0.0024379870128965423,-0.0036011029427720507,0.0208327067669173
30,2023-09-16,2023-08-20,0.012247528349639332,-0.0036011029427720507,0.073084868900856
30,2023-09-17,2023-08-20,0.012848980778750735,-0.0036011029427720507,0.0704325434237891
30,2023-09-18,2023-08-20,0.03597919323770174,-0.0036011029427720507,0.058196708754149
30,2023-09-19,2023-09-19,0.004285754994922824,-0.00672880581543684,0.0552530552813534
30,2023-09-20,2023-09-19,0.003959213846301573,-0.00672880581543684,0.0937894930875575
30,2023-09-21,2023-09-19,0.006237162622152535,-0.00672880581543684,0.1257795068367755
30,2023-09-22,2023-09-19,0.004752104708122677,-0.00672880581543684,0.1283785563206212
30,2023-09-23,2023-09-19,0.0033155504039178506,-0.00672880581543684,0.2443573063776434
30,2023-09-24,2023-09-19,0.0050173465121417975,-0.00672880581543684,0.292374234143212
30,2023-09-25,2023-09-19,0.006050390004452937,-0.00672880581543684,0.3113970410734767
30,2023-09-26,2023-09-19,0.0073745505006948585,-0.00672880581543684,0.3024212416676743
30,2023-09-27,2023-09-19,0.005475452161076178,-0.00672880581543684,0.28510343347493
30,2023-09-28,2023-09-19,0.0025731883630802756,-0.00672880581543684,0.261260061010925
30,2023-09-29,2023-09-19,0.004771416370654241,-0.00672880581543684,0.283158335241142
30,2023-09-30,2023-09-19,4.913378302330666e-05,-0.00672880581543684,0.2786148644639086
30,2023-10-01,2023-09-19,0.0027340832594776954,-0.00672880581543684,0.2374630125065329
30,2023-10-02,2023-09-19,0.002611150707752214,-0.00672880581543684,0.2883091933626023
30,2023-10-03,2023-09-19,0.002185168125720676,-0.00672880581543684,0.2740102076607771
30,2023-10-04,2023-09-19,0.0037419692854085557,-0.00672880581543684,0.2497684366041881
30,2023-10-05,2023-09-19,0.0031250240467695493,-0.00672880581543684,0.2791525403323338
30,2023-10-06,2023-09-19,0.004957456598344475,-0.00672880581543684,0.2535092615433196
30,2023-10-07,2023-09-19,0.00164772407706874,-0.00672880581543684,0.2535859957570052
30,2023-10-08,2023-09-19,0.0012403868715349998,-0.00672880581543684,0.2680107676133403
30,2023-10-09,2023-09-19,0.0023060472830057663,-0.00672880581543684,0.2912129414442561
30,2023-10-10,2023-09-19,0.0024501958361864387,-0.00672880581543684,0.3399389999021545
30,2023-10-11,2023-09-19,0.007305066003486829,-0.00672880581543684,0.3879407728669062
30,2023-10-12,2023-09-19,0.005662723034109145,-0.00672880581543684,0.3875378695445339
30,2023-10-13,2023-09-19,0.0031204294385246746,-0.00672880581543684,0.3797978557069466
30,2023-10-14,2023-09-19,0.003972430453114185,-0.00672880581543684,0.3578980414471959
30,2023-10-15,2023-09-19,0.002478504811992532,-0.00672880581543684,0.3092359731385441
30,2023-10-16,2023-09-19,0.00457038711196111,-0.00672880581543684,0.3283215406736235
30,2023-10-17,2023-09-19,0.004421385896190335,-0.00672880581543684,0.2735464367931861
30,2023-10-18,2023-09-19,0.004770518195329302,-0.00672880581543684,0.2928644067796608
30,2023-10-19,2023-10-19,0.007982188066079024,-0.005109700510063558,0.2735414545873731
30,2023-10-20,2023-10-19,0.006426734554818245,-0.005109700510063558,0.2592203859646285
30,2023-10-21,2023-10-19,0.006519305603647848,-0.005109700510063558,0.2520571852703797
30,2023-10-22,2023-10-19,0.006281418900324751,-0.005109700510063558,0.1916878442115119
30,2023-10-23,2023-10-19,0.006581095135026015,-0.005109700510063558,0.1311869159924148
30,2023-10-24,2023-10-19,0.00855091838051478,-0.005109700510063558,0.0993891116664253
30,2023-10-25,2023-10-19,0.0037639917205934993,-0.005109700510063558,0.0932721282581627
30,2023-10-26,2023-10-19,0.00723255395225633,-0.005109700510063558,0.1062615989969446
30,2023-10-27,2023-10-19,0.007141545354327796,-0.005109700510063558,0.1049040452590315
30,2023-10-28,2023-10-19,0.008154873834031852,-0.005109700510063558,0.092770165194683
30,2023-10-29,2023-10-19,0.007478829507821547,-0.005109700510063558,0.0953771213428531
30,2023-10-30,2023-10-19,0.009349209901790936,-0.005109700510063558,0.0980402167036549
30,2023-10-31,2023-10-19,0.00583625250083816,-0.005109700510063558,0.0890360992581649
30,2023-11-01,2023-10-19,0.005982391140233234,-0.005109700510063558,0.0920654530322462
30,2023-11-02,2023-10-19,0.006394637727679402,-0.005109700510063558,0.1290370587028237
30,2023-11-03,2023-10-19,0.007121816459988869,-0.005109700510063558,0.1513815509387679
30,2023-11-04,2023-10-19,0.003639018634209896,-0.005109700510063558,0.1976218175367283
30,2023-11-05,2023-10-19,0.0072732550336708345,-0.005109700510063558,0.2588104380570253
30,2023-11-06,2023-10-19,0.005951212205451854,-0.005109700510063558,0.2487181879633364
30,2023-11-07,2023-10-19,0.006632356741412569,-0.005109700510063558,0.2224354729722093
30,2023-11-08,2023-10-19,0.00392122074694537,-0.005109700510063558,0.2398971837533037
30,2023-11-09,2023-10-19,0.006163408792187564,-0.005109700510063558,0.1910708918999408
30,2023-11-10,2023-10-19,0.0060923996496257665,-0.005109700510063558,0.1739302009054297
30,2023-11-11,2023-10-19,0.00456158856016631,-0.005109700510063558,0.1110530568273633
30,2023-11-12,2023-10-19,0.0063786321902939815,-0.005109700510063558,0.1194756223874673
30,2023-11-13,2023-10-19,0.006511762981431348,-0.005109700510063558,0.1756880206829236
30,2023-11-14,2023-10-19,0.007222751237522815,-0.005109700510063558,0.2101496461862457
30,2023-11-15,2023-10-19,0.003973444798131699,-0.005109700510063558,0.1078260456123114
30,2023-11-16,2023-10-19,0.008378063763611335,-0.005109700510063558,0.1690798265986901
30,2023-11-17,2023-10-19,0.007267287033790583,-0.005109700510063558,0.1300251379803092
30,2023-11-18,2023-11-18,0.06163188429810583,0.004215102563853206,0.1665303912426405
30,2023-11-19,2023-11-18,0.06163188429810583,0.004215102563853206,0.1315885552033653
30,2023-11-20,2023-11-18,0.06163188429810583,0.004215102563853206,0.1660975337514334
30,2023-11-21,2023-11-18,0.06163188429810583,0.004215102563853206,0.2271901269247502
30,2023-11-22,2023-11-18,0.06163188429810583,0.004215102563853206,0.1753806771431185
30,2023-11-23,2023-11-18,0.06163188429810583,0.004215102563853206,0.1718193781995525
30,2023-11-24,2023-11-18,0.06163188429810583,0.004215102563853206,0.1399477694633524
30,2023-11-25,2023-11-18,0.06163188429810583,0.004215102563853206,0.1533974913626465
30,2023-11-26,2023-11-18,0.06163188429810583,0.004215102563853206,0.1351628135762588
30,2023-11-27,2023-11-18,0.06163188429810583,0.004215102563853206,0.1661036928042274
30,2023-11-28,2023-11-18,0.06163188429810583,0.004215102563853206,0.1254635582713072
30,2023-11-29,2023-11-18,0.06163188429810583,0.004215102563853206,0.1112759228459179
30,2023-11-30,2023-11-18,0.06163188429810583,0.004215102563853206,0.117069363873782
30,2023-12-01,2023-11-18,0.06163188429810583,0.004215102563853206,0.0930926940643992
30,2023-12-02,2023-11-18,0.06163188429810583,0.004215102563853206,0.1198772634463321
30,2023-12-03,2023-11-18,0.06163188429810583,0.004215102563853206,0.1244525578488682
30,2023-12-04,2023-11-18,0.06163188429810583,0.004215102563853206,0.020340738870856
30,2023-12-05,2023-11-18,0.06163188429810583,0.004215102563853206,0.0017647864966832
30,2023-12-06,2023-11-18,0.06163188429810583,0.004215102563853206,0.0087384939088523
30,2023-12-07,2023-11-18,0.06163188429810583,0.004215102563853206,0.0160649308092732
30,2023-12-08,2023-11-18,0.06163188429810583,0.004215102563853206,-0.0054780298109686
30,2023-12-09,2023-11-18,0.06163188429810583,0.004215102563853206,0.0740602466966802
30,2023-12-10,2023-11-18,0.06163188429810583,0.004215102563853206,0.0529919151869933
30,2023-12-11,2023-11-18,0.06163188429810583,0.004215102563853206,0.130912603567221
30,2023-12-12,2023-11-18,0.06163188429810583,0.004215102563853206,0.1168110586061685
30,2023-12-13,2023-11-18,0.06163188429810583,0.004215102563853206,-0.0020131082975284
30,2023-12-14,2023-11-18,0.06163188429810583,0.004215102563853206,-0.0040506937571388
30,2023-12-15,2023-11-18,0.06163188429810583,0.004215102563853206,-0.004958238257714
30,2023-12-16,2023-11-18,0.06163188429810583,0.004215102563853206,0.0055127923415543
30,2023-12-17,2023-11-18,0.06163188429810583,0.004215102563853206,0.0426178831724255
30,2023-12-18,2023-12-18,0.07593411791595368,0.009089087398409619,0.0027732325623917
30,2023-12-19,2023-12-18,0.07593411791595368,0.009089087398409619,-0.0224356662020215
30,2023-12-20,2023-12-18,0.07593411791595368,0.009089087398409619,-0.0460258586596924
30,2023-12-21,2023-12-18,0.07593411791595368,0.009089087398409619,-0.0493769065565025
30,2023-12-22,2023-12-18,0.07593411791595368,0.009089087398409619,-0.0543270901525254
30,2023-12-23,2023-12-18,0.07593411791595368,0.009089087398409619,-0.0945980702098021
30,2023-12-24,2023-12-18,0.07593411791595368,0.009089087398409619,-0.0719653885070304
30,2023-12-25,2023-12-18,0.07593411791595368,0.009089087398409619,-0.0801184042731651
30,2023-12-26,2023-12-18,0.07534044970736627,0.009089087398409619,-0.0599365827368508
30,2023-12-27,2023-12-18,0.07513738817729007,0.009089087398409619,-0.0369648286795527
30,2023-12-28,2023-12-18,0.07513738817729007,0.009089087398409619,-0.0104109693316568
30,2023-12-29,2023-12-18,0.07513738817729007,0.009089087398409619,-0.0008531638257587
30,2023-12-30,2023-12-18,0.07513738817729007,0.009089087398409619,0.0275845343220311
30,2023-12-31,2023-12-18,0.07513738817729007,0.009089087398409619,0.0155502443265209
30,2024-01-01,2023-12-18,0.07513738817729007,0.009089087398409619,-0.0362056652908416
30,2024-01-02,2023-12-18,0.07513738817729007,0.009089087398409619,-0.0414704815080725
30,2024-01-03,2023-12-18,0.07513738817729007,0.009089087398409619,0.0082802683052465
30,2024-01-04,2023-12-18,0.07513738817729007,0.009089087398409619,-0.0258206477301812
30,2024-01-05,2023-12-18,0.07513738817729007,0.009089087398409619,-0.035388517550415
30,2024-01-06,2023-12-18,0.07513738817729007,0.009089087398409619,-0.0286483540876704
30,2024-01-07,2023-12-18,0.07513738817729007,0.009089087398409619,-0.0188957094877144
30,2024-01-08,2023-12-18,0.07513738817729007,0.009089087398409619,-0.0554075053502542
30,2024-01-09,2023-12-18,0.07513738817729007,0.009089087398409619,-0.017812838863587
30,2024-01-10,2023-12-18,0.07513738817729007,0.009089087398409619,0.0102623591251251
30,2024-01-11,2023-12-18,0.07593411791595368,0.009089087398409619,0.0304694776512994
30,2024-01-12,2023-12-18,0.07593411791595368,0.009089087398409619,0.1289599798797316
30,2024-01-13,2023-12-18,0.07593411791595368,0.009089087398409619,0.1649851019849473
30,2024-01-14,2023-12-18,0.07593411791595368,0.009089087398409619,0.1909128050541126
30,2024-01-15,2023-12-18,0.07593411791595368,0.009089087398409619,0.2183916671175292
30,2024-01-16,2023-12-18,0.07593411791595368,0.009089087398409619,0.2026533481540036
30,2024-01-17,2024-01-17,0.08636165520303757,0.011502835222041338,0.2185334801442862
30,2024-01-18,2024-01-17,0.08636165520303757,0.011502835222041338,0.2495950638194906
30,2024-01-19,2024-01-17,0.08636165520303757,0.011502835222041338,0.2515334610527417
30,2024-01-20,2024-01-17,0.08636165520303757,0.011502835222041338,0.2417181583670775
30,2024-01-21,2024-01-17,0.08636165520303757,0.011502835222041338,0.256815903096488
30,2024-01-22,2024-01-17,0.08636165520303757,0.011502835222041338,0.3103862664849037
30,2024-01-23,2024-01-17,0.08636165520303757,0.011502835222041338,0.2855013835418671
30,2024-01-24,2024-01-17,0.08636165520303757,0.011502835222041338,0.265917473122035
30,2024-01-25,2024-01-17,0.08636165520303757,0.011502835222041338,0.2904607957390552
30,2024-01-26,2024-01-17,0.08636165520303757,0.011502835222041338,0.2368366500085716
30,2024-01-27,2024-01-17,0.08636165520303757,0.011502835222041338,0.2933441403891632
30,2024-01-28,2024-01-17,0.08636165520303757,0.011502835222041338,0.3570283499868907
30,2024-01-29,2024-01-17,0.08636165520303757,0.011502835222041338,0.4417599826338774
30,2024-01-30,2024-01-17,0.08636165520303757,0.011502835222041338,0.4236006995628898
30,2024-01-31,2024-01-17,0.08636165520303757,0.011502835222041338,0.4651925786754345
30,2024-02-01,2024-01-17,0.08636165520303757,0.011502835222041338,0.4387894605149973
30,2024-02-02,2024-01-17,0.08636165520303757,0.011502835222041338,0.4609715277777777
30,2024-02-03,2024-01-17,0.08636165520303757,0.011502835222041338,0.5867003138027893
30,2024-02-04,2024-01-17,0.08636165520303757,0.011502835222041338,0.496470177686432
30,2024-02-05,2024-01-17,0.08636165520303757,0.011502835222041338,0.547086190869776
30,2024-02-06,2024-01-17,0.08636165520303757,0.011502835222041338,0.5504593499377595
30,2024-02-07,2024-01-17,0.08636165520303757,0.011502835222041338,0.536072253188304
30,2024-02-08,2024-01-17,0.08636165520303757,0.011502835222041338,0.5083971370310221
30,2024-02-09,2024-01-17,0.08636165520303757,0.011502835222041338,0.4630135254091794
30,2024-02-10,2024-01-17,0.08636165520303757,0.011502835222041338,0.5094545485767972
30,2024-02-11,2024-01-17,0.08636165520303757,0.011502835222041338,0.479337987440577
30,2024-02-12,2024-01-17,0.08636165520303757,0.011502835222041338,0.4638703198311928
30,2024-02-13,2024-01-17,0.08636165520303757,0.011502835222041338,0.4364090327505721
30,2024-02-14,2024-01-17,0.08636165520303757,0.011502835222041338,0.3418210616935906
30,2024-02-15,2024-01-17,0.08636165520303757,0.011502835222041338,0.2586860061680802
30,2024-02-16,2024-02-16,0.08837621119135837,0.01158767078244164,0.3121275356068429
30,2024-02-17,2024-02-16,0.08837621119135837,0.01158767078244164,0.3091892668539022
30,2024-02-18,2024-02-16,0.08837621119135837,0.01158767078244164,0.1879587254282748
30,2024-02-19,2024-02-16,0.08837621119135837,0.01158767078244164,0.3103015698971292
30,2024-02-20,2024-02-16,0.08837621119135837,0.01158767078244164,0.2534012440388051
30,2024-02-21,2024-02-16,0.08837621119135837,0.01158767078244164,0.230422190116412
30,2024-02-22,2024-02-16,0.08837621119135837,0.01158767078244164,0.2476502493155377
30,2024-02-23,2024-02-16,0.08837621119135837,0.01158767078244164,0.3244874532335255
30,2024-02-24,2024-02-16,0.08837621119135837,0.01158767078244164,0.3550983532105625
30,2024-02-25,2024-02-16,0.08837621119135837,0.01158767078244164,0.352978077030516
30,2024-02-26,2024-02-16,0.08837621119135837,0.01158767078244164,0.2752292870665078
30,2024-02-27,2024-02-16,0.08837621119135837,0.01158767078244164,0.2409519798784447
30,2024-02-28,2024-02-16,0.08837621119135837,0.01158767078244164,0.1188241305354136
30,2024-02-29,2024-02-16,0.08837621119135837,0.01158767078244164,0.1382474156311577
30,2024-03-01,2024-02-16,0.08837621119135837,0.01158767078244164,0.1425294007331548
30,2024-03-02,2024-02-16,0.08837621119135837,0.01158767078244164,0.123614393146465
30,2024-03-03,2024-02-16,0.08837621119135837,0.01158767078244164,0.0372345456956677
30,2024-03-04,2024-02-16,0.08837621119135837,0.01158767078244164,-0.0334443000153417
30,2024-03-05,2024-02-16,0.08837621119135837,0.01158767078244164,0.0747564379580003
30,2024-03-06,2024-02-16,0.08837621119135837,0.01158767078244164,0.0264336795510007
30,2024-03-07,2024-02-16,0.08837621119135837,0.01158767078244164,0.0310196298679035
30,2024-03-08,2024-02-16,0.08837621119135837,0.01158767078244164,0.0181462708033666
30,2024-03-09,2024-02-16,0.08837621119135837,0.01158767078244164,0.0484053830244108
30,2024-03-10,2024-02-16,0.08837621119135837,0.01158767078244164,0.0027571252806866
30,2024-03-11,2024-02-16,0.08837621119135837,0.01158767078244164,-0.0200757234166828
30,2024-03-12,2024-02-16,0.08837621119135837,0.01158767078244164,-0.0202342803232546
30,2024-03-13,2024-02-16,0.08837621119135837,0.01158767078244164,-0.0815066863129325
30,2024-03-14,2024-02-16,0.08837621119135837,0.01158767078244164,-0.1045600340893141
30,2024-03-15,2024-02-16,0.08837621119135837,0.01158767078244164,-0.0552232846545713
30,2024-03-16,2024-02-16,0.08403807810633436,0.01158767078244164,-0.0287997221466316
30,2024-03-17,2024-03-17,-0.026130839895295854,0.022667017589522144,-0.0672591890338084
30,2024-03-18,2024-03-17,-0.026130839895295854,0.022667017589522144,-0.0936639688898046
30,2024-03-19,2024-03-17,-0.02667642736754714,0.022667017589522144,0.024745630265397
30,2024-03-20,2024-03-17,-0.02667642736754714,0.022667017589522144,-0.0592934811368605
30,2024-03-21,2024-03-17,-0.02667642736754714,0.022667017589522144,-0.0085598340306989
30,2024-03-22,2024-03-17,-0.02667642736754714,0.022667017589522144,0.0179399730142528
30,2024-03-23,2024-03-17,-0.02667642736754714,0.022667017589522144,0.044214870414929
30,2024-03-24,2024-03-17,-0.02667642736754714,0.022667017589522144,-0.011843328648018
30,2024-03-25,2024-03-17,-0.02667642736754714,0.022667017589522144,-0.0800002747566864
30,2024-03-26,2024-03-17,-0.02667642736754714,0.022667017589522144,-0.0784371606561125
30,2024-03-27,2024-03-17,-0.02667642736754714,0.022667017589522144,-0.0820495295882438
30,2024-03-28,2024-03-17,-0.02667642736754714,0.022667017589522144,-0.1033986713873575
30,2024-03-29,2024-03-17,-0.02667642736754714,0.022667017589522144,-0.0963760623754661
30,2024-03-30,2024-03-17,-0.02667642736754714,0.022667017589522144,-0.0821500562356625
30,2024-03-31,2024-03-17,-0.02667642736754714,0.022667017589522144,-0.1488216682348949
30,2024-04-01,2024-03-17,-0.02667642736754714,0.022667017589522144,-0.1620224322252181
30,2024-04-02,2024-03-17,-0.02667642736754714,0.022667017589522144,-0.0978153027336097
30,2024-04-03,2024-03-17,-0.02667642736754714,0.022667017589522144,-0.0467118978922818
30,2024-04-04,2024-03-17,-0.02667642736754714,0.022667017589522144,-0.0671032018991997
30,2024-04-05,2024-03-17,-0.02667642736754714,0.022667017589522144,-0.056157257188153
30,2024-04-06,2024-03-17,-0.02667642736754714,0.022667017589522144,-0.083180591035764
30,2024-04-07,2024-03-17,-0.02667642736754714,0.022667017589522144,-0.1016186616021045
30,2024-04-08,2024-03-17,-0.02667642736754714,0.022667017589522144,-0.1455874057525831
30,2024-04-09,2024-03-17,-0.02667642736754714,0.022667017589522144,-0.0878140456425534
30,2024-04-10,2024-03-17,-0.02667642736754714,0.022667017589522144,-0.1391892917395571
30,2024-04-11,2024-03-17,-0.02667642736754714,0.022667017589522144,-0.1311346147335743
30,2024-04-12,2024-03-17,-0.02667642736754714,0.022667017589522144,-0.0839216633997115
30,2024-04-13,2024-03-17,-0.02667642736754714,0.022667017589522144,-0.0153998833937092
30,2024-04-14,2024-03-17,-0.02667642736754714,0.022667017589522144,-0.0622027954135917
30,2024-04-15,2024-03-17,-0.02667642736754714,0.022667017589522144,0.0439374083786516
30,2024-04-16,2024-04-16,-0.026517159479641374,0.025269397835388795,0.022601401179652
30,2024-04-17,2024-04-16,-0.026517159479641374,0.025269397835388795,0.0937806240705172
30,2024-04-18,2024-04-16,-0.026517159479641374,0.025269397835388795,0.054279433711128
30,2024-04-19,2024-04-16,-0.026517159479641374,0.025269397835388795,0.0384844340962682
30,2024-04-20,2024-04-16,-0.026517159479641374,0.025269397835388795,0.1001843377154412
30,2024-04-21,2024-04-16,-0.026517159479641374,0.025269397835388795,0.0801832120312004
30,2024-04-22,2024-04-16,-0.026517159479641374,0.025269397835388795,0.0351290614750343
30,2024-04-23,2024-04-16,-0.026517159479641374,0.025269397835388795,0.0234235251603576
30,2024-04-24,2024-04-16,-0.026517159479641374,0.025269397835388795,0.0662688936109252
30,2024-04-25,2024-04-16,-0.025949777310545794,0.025269397835388795,0.0743000517532701
30,2024-04-26,2024-04-16,-0.0248401362361917,0.025269397835388795,0.0742929160588181
30,2024-04-27,2024-04-16,-0.0248401362361917,0.025269397835388795,0.0941421934834052
30,2024-04-28,2024-04-16,-0.025136282121816685,0.025269397835388795,0.0836483750753738
30,2024-04-29,2024-04-16,-0.0248401362361917,0.025269397835388795,0.0592869445401309
30,2024-04-30,2024-04-16,-0.026517159479641374,0.025269397835388795,0.1265850804324895
30,2024-05-01,2024-04-16,-0.026517159479641374,0.025269397835388795,0.1572011430829141
30,2024-05-02,2024-04-16,-0.025136282121816685,0.025269397835388795,0.147411955277807
30,2024-05-03,2024-04-16,-0.0248401362361917,0.025269397835388795,0.0776632299126571
30,2024-05-04,2024-04-16,-0.025136282121816685,0.025269397835388795,0.0769714036365092
30,2024-05-05,2024-04-16,-0.02539368056154412,0.025269397835388795,0.1019471349122038
30,2024-05-06,2024-04-16,-0.0248401362361917,0.025269397835388795,0.1257466335492698
30,2024-05-07,2024-04-16,-0.0248401362361917,0.025269397835388795,0.1362011988686622
30,2024-05-08,2024-04-16,-0.0248401362361917,0.025269397835388795,0.1333905184953254
30,2024-05-09,2024-04-16,-0.0248401362361917,0.025269397835388795,0.0988751151226947
30,2024-05-10,2024-04-16,-0.0248401362361917,0.025269397835388795,0.1455288068303959
30,2024-05-11,2024-04-16,-0.0248401362361917,0.025269397835388795,0.1432612934043491
30,2024-05-12,2024-04-16,-0.0248401362361917,0.025269397835388795,0.0948254984752943
30,2024-05-13,2024-04-16,-0.0248401362361917,0.025269397835388795,0.0845869595335755
30,2024-05-14,2024-04-16,-0.0248401362361917,0.025269397835388795,0.0843736891516688
30,2024-05-15,2024-04-16,-0.02539368056154412,0.025269397835388795,-0.0024545928269882
30,2024-05-16,2024-05-16,-0.026779742143124206,0.022765640282728067,0.0152224542543819
30,2024-05-17,2024-05-16,-0.02647901211243389,0.022765640282728067,-0.0051791895440439
30,2024-05-18,2024-05-16,-0.026779742143124206,0.022765640282728067,-0.0061401594854382
30,2024-05-19,2024-05-16,-0.026779742143124206,0.022765640282728067,-0.0165779918855067
30,2024-05-20,2024-05-16,-0.028180807325979395,0.022765640282728067,-0.0905886100700074
30,2024-05-21,2024-05-16,-0.02704638924182759,0.022765640282728067,-0.0752455439430213
30,2024-05-22,2024-05-16,-0.026779742143124206,0.022765640282728067,-0.0726226032152503
30,2024-05-23,2024-05-16,-0.02647901211243389,0.022765640282728067,-0.054548463909995
30,2024-05-24,2024-05-16,-0.02647901211243389,0.022765640282728067,-0.077899063150848
30,2024-05-25,2024-05-16,-0.02647901211243389,0.022765640282728067,-0.1298484050571384
30,2024-05-26,2024-05-16,-0.02647901211243389,0.022765640282728067,-0.097823499178997
30,2024-05-27,2024-05-16,-0.02647901211243389,0.022765640282728067,-0.1234429823077021
30,2024-05-28,2024-05-16,-0.02647901211243389,0.022765640282728067,-0.0978373906169428
30,2024-05-29,2024-05-16,-0.02647901211243389,0.022765640282728067,-0.1067896758164749
30,2024-05-30,2024-05-16,-0.02647901211243389,0.022765640282728067,-0.1077579541366425
30,2024-05-31,2024-05-16,-0.02647901211243389,0.022765640282728067,-0.0705951923904066
30,2024-06-01,2024-05-16,-0.02647901211243389,0.022765640282728067,-0.0718177102816496
30,2024-06-02,2024-05-16,-0.02647901211243389,0.022765640282728067,-0.0830828253201513
30,2024-06-03,2024-05-16,-0.02647901211243389,0.022765640282728067,-0.1250011989553827
30,2024-06-04,2024-05-16,-0.02647901211243389,0.022765640282728067,-0.191214105790594
30,2024-06-05,2024-05-16,-0.02647901211243389,0.022765640282728067,-0.2036227991224616
30,2024-06-06,2024-05-16,-0.02647901211243389,0.022765640282728067,-0.1775296169186426
30,2024-06-07,2024-05-16,-0.02647901211243389,0.022765640282728067,-0.1946171614116236
30,2024-06-08,2024-05-16,-0.02647901211243389,0.022765640282728067,-0.1817307228952167
30,2024-06-09,2024-05-16,-0.02647901211243389,0.022765640282728067,-0.1665247629010624
30,2024-06-10,2024-05-16,-0.02647901211243389,0.022765640282728067,-0.1698899913718723
30,2024-06-11,2024-05-16,-0.02647901211243389,0.022765640282728067,-0.1481759283028376
30,2024-06-12,2024-05-16,-0.02647901211243389,0.022765640282728067,-0.1519818867897995
30,2024-06-13,2024-05-16,-0.02647901211243389,0.022765640282728067,-0.1133540333137594
30,2024-06-14,2024-05-16,-0.02647901211243389,0.022765640282728067,-0.0794331172298947
30,2024-06-15,2024-06-15,-0.015318322398101901,0.024499365565239867,-0.0227110032350242
30,2024-06-16,2024-06-15,-0.015318322398101901,0.024499365565239867,-0.0244894518893883
30,2024-06-17,2024-06-15,0.10882707617914825,0.024499365565239867,-0.036333574069538
30,2024-06-18,2024-06-15,0.11414016483772373,0.024499365565239867,-0.0182185526668684
30,2024-06-19,2024-06-15,0.11414016483772373,0.024499365565239867,0.0259429987547397
30,2024-06-20,2024-06-15,0.11414016483772373,0.024499365565239867,0.0349926059800533
30,2024-06-21,2024-06-15,0.11414016483772373,0.024499365565239867,0.0626996693042918
30,2024-06-22,2024-06-15,0.11414016483772373,0.024499365565239867,0.0508854298208225
30,2024-06-23,2024-06-15,0.11414016483772373,0.024499365565239867,0.0431260808216924
30,2024-06-24,2024-06-15,0.11414016483772373,0.024499365565239867,0.0842995822089685
30,2024-06-25,2024-06-15,0.11414016483772373,0.024499365565239867,0.064620576542637
30,2024-06-26,2024-06-15,0.11414016483772373,0.024499365565239867,0.115715126216237
30,2024-06-27,2024-06-15,0.11414016483772373,0.024499365565239867,0.1003141161696659
30,2024-06-28,2024-06-15,0.11414016483772373,0.024499365565239867,0.1294443091131507
30,2024-06-29,2024-06-15,0.11414016483772373,0.024499365565239867,0.095070103832509
30,2024-06-30,2024-06-15,0.11414016483772373,0.024499365565239867,0.0544189998058051
30,2024-07-01,2024-06-15,0.11414016483772373,0.024499365565239867,0.0274723414105471
30,2024-07-02,2024-06-15,0.11414016483772373,0.024499365565239867,0.0517989161424223
30,2024-07-03,2024-06-15,0.11414016483772373,0.024499365565239867,0.0214213655263086
30,2024-07-04,2024-06-15,0.11414016483772373,0.024499365565239867,0.0639435470738742
30,2024-07-05,2024-06-15,0.11414016483772373,0.024499365565239867,0.0270570852741158
30,2024-07-06,2024-06-15,0.11414016483772373,0.024499365565239867,-0.0723220092416073
30,2024-07-07,2024-06-15,0.11414016483772373,0.024499365565239867,0.0029396068338518
30,2024-07-08,2024-06-15,0.11414016483772373,0.024499365565239867,-0.0278668886435279
30,2024-07-09,2024-06-15,0.11414016483772373,0.024499365565239867,0.06263548664944
30,2024-07-10,2024-06-15,0.11414016483772373,0.024499365565239867,0.0539124153217318
30,2024-07-11,2024-06-15,0.11414016483772373,0.024499365565239867,0.0624978527164945
30,2024-07-12,2024-06-15,0.11414016483772373,0.024499365565239867,0.0142253032090668
30,2024-07-13,2024-06-15,0.11414016483772373,0.024499365565239867,0.0024089580403492
30,2024-07-14,2024-06-15,0.11414016483772373,0.024499365565239867,-0.0034665665316455
30,2024-07-15,2024-07-15,0.12379691423076275,0.021065831169148074,-0.0933307109217673
30,2024-07-16,2024-07-15,0.11152770283487586,0.021065831169148074,-0.1153516258765798
30,2024-07-17,2024-07-15,0.1003098774203647,0.021065831169148074,-0.0813473788146578
30,2024-07-18,2024-07-15,0.10777580009598986,0.021065831169148074,-0.0702621682342542
30,2024-07-19,2024-07-15,0.0992574108878909,0.021065831169148074,-0.123502100210021
30,2024-07-20,2024-07-15,0.09987066044187495,0.021065831169148074,-0.1147075452532293
30,2024-07-21,2024-07-15,0.09931110394885208,0.021065831169148074,-0.1342550334231442
30,2024-07-22,2024-07-15,0.10020451113800993,0.021065831169148074,-0.0944141896561349
30,2024-07-23,2024-07-15,0.0998580154614828,0.021065831169148074,-0.0843267586255218
30,2024-07-24,2024-07-15,0.09896256813840482,0.021065831169148074,-0.0204778511992168
30,2024-07-25,2024-07-15,0.0988151797338473,0.021065831169148074,-0.0249687119823038
30,2024-07-26,2024-07-15,0.09835526171339841,0.021065831169148074,-0.0543086314290852
30,2024-07-27,2024-07-15,0.11556719859109645,0.021065831169148074,-0.0745620171879257
30,2024-07-28,2024-07-15,0.13408399111650735,0.021065831169148074,-0.1294490188114617
30,2024-07-29,2024-07-15,0.13259545339886666,0.021065831169148074,-0.1160414160790445
30,2024-07-30,2024-07-15,0.08000139223375648,0.021065831169148074,-0.1031756511754395
30,2024-07-31,2024-07-15,0.08756958508121734,0.021065831169148074,-0.0851644797920406
30,2024-08-01,2024-07-15,0.062777784743933,0.021065831169148074,-0.0976226099021911
30,2024-08-02,2024-07-15,0.07161602000106286,0.021065831169148074,-0.0682371374962539
30,2024-08-03,2024-07-15,0.06842879888391058,0.021065831169148074,-0.0257975593590495
30,2024-08-04,2024-07-15,0.11890473593054365,0.021065831169148074,-0.0115759701518198
30,2024-08-05,2024-07-15,0.14308627783184855,0.021065831169148074,0.0731613673089059
30,2024-08-06,2024-07-15,0.14352894404144748,0.021065831169148074,0.0028201415836381
30,2024-08-07,2024-07-15,0.14295489487604088,0.021065831169148074,-0.0212425472701498
30,2024-08-08,2024-07-15,0.13631926220111135,0.021065831169148074,-0.12199090911891
30,2024-08-09,2024-07-15,0.16881471551061397,0.021065831169148074,-0.0980972579797591
30,2024-08-10,2024-07-15,0.14310500347357447,0.021065831169148074,-0.0637112011438606
30,2024-08-11,2024-07-15,0.14464006473410135,0.021065831169148074,-0.0183367826219214
30,2024-08-12,2024-07-15,0.14097762287535603,0.021065831169148074,-0.0338458925391563
30,2024-08-13,2024-07-15,0.15897726713152077,0.021065831169148074,-0.0405173374222092
30,2024-08-14,2024-08-14,0.11098153200513469,0.02135722081976671,0.0309220377350387
30,2024-08-15,2024-08-14,0.11098153200513469,0.02135722081976671,0.042612527471687
30,2024-08-16,2024-08-14,0.11098153200513469,0.02135722081976671,0.0043720042259309
30,2024-08-17,2024-08-14,0.11098153200513469,0.02135722081976671,-0.0214818835275135
30,2024-08-18,2024-08-14,0.11098153200513469,0.02135722081976671,0.0322903571700581
30,2024-08-19,2024-08-14,0.11098153200513469,0.02135722081976671,0.0390570085045887
30,2024-08-20,2024-08-14,0.11098153200513469,0.02135722081976671,0.0666655934713573
30,2024-08-21,2024-08-14,0.11098153200513469,0.02135722081976671,0.0334393844727984
30,2024-08-22,2024-08-14,0.11098153200513469,0.02135722081976671,0.0492435384749927
30,2024-08-23,2024-08-14,0.11098153200513469,0.02135722081976671,-0.0071595840170499
30,2024-08-24,2024-08-14,0.11098153200513469,0.02135722081976671,-0.0127346957097908
30,2024-08-25,2024-08-14,0.11098153200513469,0.02135722081976671,0.0006649018997195
30,2024-08-26,2024-08-14,0.11098153200513469,0.02135722081976671,0.0050611134099374
30,2024-08-27,2024-08-14,0.1050032562753722,0.02135722081976671,0.0969282167802743
30,2024-08-28,2024-08-14,0.1050032562753722,0.02135722081976671,0.1140859051171425
30,2024-08-29,2024-08-14,0.1050032562753722,0.02135722081976671,0.1094861588830407
30,2024-08-30,2024-08-14,0.1050032562753722,0.02135722081976671,0.1095666919637865
30,2024-08-31,2024-08-14,0.1050032562753722,0.02135722081976671,0.0738223749147717
30,2024-09-01,2024-08-14,0.1050032562753722,0.02135722081976671,0.061148451376622
30,2024-09-02,2024-08-14,0.1050032562753722,0.02135722081976671,0.0256569482614612
30,2024-09-03,2024-08-14,0.1050032562753722,0.02135722081976671,0.0567943802964563
30,2024-09-04,2024-08-14,0.1050032562753722,0.02135722081976671,0.0709856151965899
30,2024-09-05,2024-08-14,0.1050032562753722,0.02135722081976671,0.1046279814880739
30,2024-09-06,2024-08-14,0.1050032562753722,0.02135722081976671,0.1641299580063884
30,2024-09-07,2024-08-14,0.1050032562753722,0.02135722081976671,0.1488739285159062
30,2024-09-08,2024-08-14,0.1050032562753722,0.02135722081976671,0.1328694485779558
30,2024-09-09,2024-08-14,0.1050032562753722,0.02135722081976671,0.0630065565723501
30,2024-09-10,2024-08-14,0.1050032562753722,0.02135722081976671,0.0466791669580066
30,2024-09-11,2024-08-14,0.1050032562753722,0.02135722081976671,0.0907251735323868
30,2024-09-12,2024-08-14,0.1050032562753722,0.02135722081976671,0.0872819113360692
30,2024-09-13,2024-09-13,0.07127128769702906,0.019240606885286733,0.0392082382888689
30,2024-09-14,2024-09-13,0.07127128769702906,0.019240606885286733,0.10152779414542
30,2024-09-15,2024-09-13,0.04297239751731389,0.019240606885286733,0.1343120476222687
30,2024-09-16,2024-09-13,0.07127128769702906,0.019240606885286733,0.1615766244505829
30,2024-09-17,2024-09-13,-0.026301100294463302,0.019240606885286733,0.1178464565186285
30,2024-09-18,2024-09-13,-0.026301100294463302,0.019240606885286733,0.1079665006422443
30,2024-09-19,2024-09-13,-0.026301100294463302,0.019240606885286733,0.0862618488692015
30,2024-09-20,2024-09-13,-0.026301100294463302,0.019240606885286733,0.0922601760572017
30,2024-09-21,2024-09-13,-0.026301100294463302,0.019240606885286733,0.0635928356203479
30,2024-09-22,2024-09-13,0.09028555660408849,0.019240606885286733,0.0605114034938711
30,2024-09-23,2024-09-13,0.09073104193575934,0.019240606885286733,0.0525522659539414
30,2024-09-24,2024-09-13,0.09073104193575934,0.019240606885286733,0.0612420579900938
30,2024-09-25,2024-09-13,0.09073104193575934,0.019240606885286733,0.0561552989366451
30,2024-09-26,2024-09-13,0.09004850882924452,0.019240606885286733,0.0294407324148788
30,2024-09-27,2024-09-13,0.09004850882924452,0.019240606885286733,0.0342367601009274
30,2024-09-28,2024-09-13,0.09149896011564539,0.019240606885286733,0.0623190804458078
30,2024-09-29,2024-09-13,0.09149896011564539,0.019240606885286733,0.108752917784074
30,2024-09-30,2024-09-13,0.08378176342323618,0.019240606885286733,0.1423889650624634
30,2024-10-01,2024-09-13,-0.008816814962792147,0.019240606885286733,0.156008688647691
30,2024-10-02,2024-09-13,0.09149896011564539,0.019240606885286733,0.1458670243076256
30,2024-10-03,2024-09-13,0.09149896011564539,0.019240606885286733,0.1419200888322513
30,2024-10-04,2024-09-13,0.09149896011564539,0.019240606885286733,0.1077535998453758
30,2024-10-05,2024-09-13,0.09149896011564539,0.019240606885286733,0.0933322053562795
30,2024-10-06,2024-09-13,0.09149896011564539,0.019240606885286733,0.1042997355456254
30,2024-10-07,2024-09-13,0.09149896011564539,0.019240606885286733,0.2145151388531756
30,2024-10-08,2024-09-13,0.09149896011564539,0.019240606885286733,0.2203554058212862
30,2024-10-09,2024-09-13,0.09149896011564539,0.019240606885286733,0.2617876305206048
30,2024-10-10,2024-09-13,0.09149896011564539,0.019240606885286733,0.2710434023981878
30,2024-10-11,2024-09-13,0.09149896011564539,0.019240606885286733,0.2850976974736168
30,2024-10-12,2024-09-13,0.09149896011564539,0.019240606885286733,0.4025200367938473
30,2024-10-13,2024-10-13,0.09624999220698402,0.020249227179927273,0.3989499287577767
30,2024-10-14,2024-10-13,0.0947947527937872,0.020249227179927273,0.3675808618698717
30,2024-10-15,2024-10-13,0.0947947527937872,0.020249227179927273,0.3019263459807311
30,2024-10-16,2024-10-13,0.0947947527937872,0.020249227179927273,0.3462297624623245
30,2024-10-17,2024-10-13,0.09599281415517381,0.020249227179927273,0.3435854111238237
30,2024-10-18,2024-10-13,0.09599281415517381,0.020249227179927273,0.3131465189688431
30,2024-10-19,2024-10-13,0.09599281415517381,0.020249227179927273,0.3229997952557841
30,2024-10-20,2024-10-13,0.09599281415517381,0.020249227179927273,0.3372175711579512
30,2024-10-21,2024-10-13,0.09599281415517381,0.020249227179927273,0.3993775370116137
30,2024-10-22,2024-10-13,0.09599281415517381,0.020249227179927273,0.4581484887135525
30,2024-10-23,2024-10-13,0.09599281415517381,0.020249227179927273,0.483335870757845
30,2024-10-24,2024-10-13,0.09624999220698402,0.020249227179927273,0.4321827471308659
30,2024-10-25,2024-10-13,0.09599281415517381,0.020249227179927273,0.46780346674347
30,2024-10-26,2024-10-13,0.09599281415517381,0.020249227179927273,0.386289817261952
30,2024-10-27,2024-10-13,0.09599281415517381,0.020249227179927273,0.3519973773075358
30,2024-10-28,2024-10-13,0.09599281415517381,0.020249227179927273,0.3702127191236524
30,2024-10-29,2024-10-13,0.0947947527937872,0.020249227179927273,0.3149393385046994
30,2024-10-30,2024-10-13,0.0947947527937872,0.020249227179927273,0.3471608302137792
30,2024-10-31,2024-10-13,0.09624999220698402,0.020249227179927273,0.3715355415217178
30,2024-11-01,2024-10-13,0.09624999220698402,0.020249227179927273,0.3984281975324915
30,2024-11-02,2024-10-13,0.09624999220698402,0.020249227179927273,0.3814915918964163
30,2024-11-03,2024-10-13,0.09624999220698402,0.020249227179927273,0.3936504585393827
30,2024-11-04,2024-10-13,0.09624999220698402,0.020249227179927273,0.4530185036081795
30,2024-11-05,2024-10-13,0.09624999220698402,0.020249227179927273,0.3974747163877767
30,2024-11-06,2024-10-13,0.09624999220698402,0.020249227179927273,0.3198122743624985
30,2024-11-07,2024-10-13,0.09624999220698402,0.020249227179927273,0.3160396367470808
30,2024-11-08,2024-10-13,0.09624999220698402,0.020249227179927273,0.3215250390211552
30,2024-11-09,2024-10-13,0.09624999220698402,0.020249227179927273,0.2686449185979815
30,2024-11-10,2024-10-13,0.09624999220698402,0.020249227179927273,0.2018537760540282
30,2024-11-11,2024-10-13,0.09624999220698402,0.020249227179927273,0.1407478048853674
30,2024-11-12,2024-11-12,0.09850001794120238,0.02313813862391477,0.1370324566772265
30,2024-11-13,2024-11-12,0.09850001794120238,0.02313813862391477,0.1222575441050199
30,2024-11-14,2024-11-12,0.09850001794120238,0.02313813862391477,0.1614006844958047
30,2024-11-15,2024-11-12,0.09850001794120238,0.02313813862391477,0.1475515167347068
30,2024-11-16,2024-11-12,0.09850001794120238,0.02313813862391477,0.1707944149111153
30,2024-11-17,2024-11-12,0.09850001794120238,0.02313813862391477,0.1811537550251241
30,2024-11-18,2024-11-12,0.09850001794120238,0.02313813862391477,0.1076662693082159
30,2024-11-19,2024-11-12,0.09850001794120238,0.02313813862391477,0.0558013857318304
30,2024-11-20,2024-11-12,0.09850001794120238,0.02313813862391477,0.0373211197863194
30,2024-11-21,2024-11-12,0.09850001794120238,0.02313813862391477,-0.0104267700274376
30,2024-11-22,2024-11-12,0.09850001794120238,0.02313813862391477,-0.0374724952473405
30,2024-11-23,2024-11-12,0.09850001794120238,0.02313813862391477,-0.0285743976804091
30,2024-11-24,2024-11-12,0.09850001794120238,0.02313813862391477,0.0077991796530421
30,2024-11-25,2024-11-12,0.09850001794120238,0.02313813862391477,0.0690204204902247
30,2024-11-26,2024-11-12,0.09850001794120238,0.02313813862391477,0.0416074957081573
30,2024-11-27,2024-11-12,0.09850001794120238,0.02313813862391477,-0.0163157652615276
30,2024-11-28,2024-11-12,0.09850001794120238,0.02313813862391477,-0.0035964626315215
30,2024-11-29,2024-11-12,0.09850001794120238,0.02313813862391477,-0.038187974553663
30,2024-11-30,2024-11-12,0.09850001794120238,0.02313813862391477,-0.037506642343648
30,2024-12-01,2024-11-12,0.09850001794120238,0.02313813862391477,-0.0371371437496951
30,2024-12-02,2024-11-12,0.09850001794120238,0.02313813862391477,-0.0130302788108006
30,2024-12-03,2024-11-12,0.09850001794120238,0.02313813862391477,0.0118425004817437
30,2024-12-04,2024-11-12,0.09850001794120238,0.02313813862391477,-0.0041905997647568
30,2024-12-05,2024-11-12,0.09850001794120238,0.02313813862391477,0.0131503606712339
30,2024-12-06,2024-11-12,0.09850001794120238,0.02313813862391477,-0.0138080850331718
30,2024-12-07,2024-11-12,0.09850001794120238,0.02313813862391477,0.0240765510133575
30,2024-12-08,2024-11-12,0.09850001794120238,0.02313813862391477,-0.0410938270049359
30,2024-12-09,2024-11-12,0.09850001794120238,0.02313813862391477,-0.022778992699879
30,2024-12-10,2024-11-12,0.09850001794120238,0.02313813862391477,-0.0418302568509104
30,2024-12-11,2024-11-12,0.09850001794120238,0.02313813862391477,-0.0632770333745365
30,2024-12-12,2024-12-12,0.11272826850186896,0.030639096482916437,-0.0540406816547569
30,2024-12-13,2024-12-12,0.11272826850186896,0.030639096482916437,-0.0678258897650216
30,2024-12-14,2024-12-12,0.11272826850186896,0.030639096482916437,-0.0678751725497929
30,2024-12-15,2024-12-12,0.11272826850186896,0.030639096482916437,-0.0756541081764157
30,2024-12-16,2024-12-12,0.11272826850186896,0.030639096482916437,-0.052436170700252
30,2024-12-17,2024-12-12,0.11272826850186896,0.030639096482916437,-0.0579122152861097
30,2024-12-18,2024-12-12,0.11272826850186896,0.030639096482916437,0.0386558382244384
30,2024-12-19,2024-12-12,0.11272826850186896,0.030639096482916437,0.07279124367214
30,2024-12-20,2024-12-12,0.11272826850186896,0.030639096482916437,0.0360524936036277
30,2024-12-21,2024-12-12,0.11272826850186896,0.030639096482916437,0.0510629908998674
30,2024-12-22,2024-12-12,0.11272826850186896,0.030639096482916437,0.1151169175974644
30,2024-12-23,2024-12-12,0.11272826850186896,0.030639096482916437,0.0930127874283566
30,2024-12-24,2024-12-12,0.11272826850186896,0.030639096482916437,0.053178285239599
30,2024-12-25,2024-12-12,0.11272826850186896,0.030639096482916437,0.0547211293216507
30,2024-12-26,2024-12-12,0.11272826850186896,0.030639096482916437,0.0934867984249141
30,2024-12-27,2024-12-12,0.11272826850186896,0.030639096482916437,0.0882402501913328
30,2024-12-28,2024-12-12,0.11272826850186896,0.030639096482916437,0.0711734522560336
30,2024-12-29,2024-12-12,0.11272826850186896,0.030639096482916437,0.0810482812770034
30,2024-12-30,2024-12-12,0.11272826850186896,0.030639096482916437,0.1179108555097123
30,2024-12-31,2024-12-12,0.11272826850186896,0.030639096482916437,0.1191217833632556
30,2025-01-01,2024-12-12,0.11272826850186896,0.030639096482916437,0.0828588823617779
30,2025-01-02,2024-12-12,0.11272826850186896,0.030639096482916437,0.0376436346359052
30,2025-01-03,2024-12-12,0.11272826850186896,0.030639096482916437,-0.0048239771394066
30,2025-01-04,2024-12-12,0.11272826850186896,0.030639096482916437,0.0316432923880452
30,2025-01-05,2024-12-12,0.11272826850186896,0.030639096482916437,-0.0061046966454362
30,2025-01-06,2024-12-12,0.11272826850186896,0.030639096482916437,-0.0550020736416669
30,2025-01-07,2024-12-12,0.11272826850186896,0.030639096482916437,-0.0041283235526397
30,2025-01-08,2024-12-12,0.11272826850186896,0.030639096482916437,0.0152133465165014
30,2025-01-09,2024-12-12,0.11272826850186896,0.030639096482916437,0.0420545141465129
30,2025-01-10,2024-12-12,0.11272826850186896,0.030639096482916437,0.018333276854713
30,2025-01-11,2025-01-11,0.10801183365250976,0.03046541445054005,0.0299242103513963
30,2025-01-12,2025-01-11,0.10801183365250976,0.03046541445054005,0.013042881352024
30,2025-01-13,2025-01-11,0.10801183365250976,0.03046541445054005,0.0352657873553066
30,2025-01-14,2025-01-11,0.10801183365250976,0.03046541445054005,0.0004896393839077
30,2025-01-15,2025-01-11,0.10801183365250976,0.03046541445054005,-0.029820388298796
30,2025-01-16,2025-01-11,0.10801183365250976,0.03046541445054005,-0.0241794707927907
30,2025-01-17,2025-01-11,0.10801183365250976,0.03046541445054005,-0.0764753335687989
30,2025-01-18,2025-01-11,0.10801183365250976,0.03046541445054005,-0.0839378963836013
30,2025-01-19,2025-01-11,0.10801183365250976,0.03046541445054005,-0.0558545574691086
30,2025-01-20,2025-01-11,0.10801183365250976,0.03046541445054005,-0.0549153085355653
30,2025-01-21,2025-01-11,0.10801183365250976,0.03046541445054005,-0.073850931688722
30,2025-01-22,2025-01-11,0.10801183365250976,0.03046541445054005,-0.0725573458830899
30,2025-01-23,2025-01-11,0.10801183365250976,0.03046541445054005,-0.0708238467894533
30,2025-01-24,2025-01-11,0.10801183365250976,0.03046541445054005,-0.08212509714362
30,2025-01-25,2025-01-11,0.10801183365250976,0.03046541445054005,-0.1259605420115258
30,2025-01-26,2025-01-11,0.10801183365250976,0.03046541445054005,-0.1358370687975054
30,2025-01-27,2025-01-11,0.10801183365250976,0.03046541445054005,-0.1746889266294832
30,2025-01-28,2025-01-11,0.10801183365250976,0.03046541445054005,-0.1640781041040693
30,2025-01-29,2025-01-11,0.10801183365250976,0.03046541445054005,-0.1868571732648088
30,2025-01-30,2025-01-11,0.10801183365250976,0.03046541445054005,-0.1781692721766596
30,2025-01-31,2025-01-11,0.10801183365250976,0.03046541445054005,-0.0796602074635486
30,2025-02-01,2025-01-11,0.10801183365250976,0.03046541445054005,-0.1432398956035957
30,2025-02-02,2025-01-11,0.10801183365250976,0.03046541445054005,-0.1066381482445499
30,2025-02-03,2025-01-11,0.10801183365250976,0.03046541445054005,-0.1058192698363699
30,2025-02-04,2025-01-11,0.10801183365250976,0.03046541445054005,-0.0801042274321618
30,2025-02-05,2025-01-11,0.10801183365250976,0.03046541445054005,-0.1015467678434337
30,2025-02-06,2025-01-11,0.10801183365250976,0.03046541445054005,-0.1070060541032073
30,2025-02-07,2025-01-11,0.10801183365250976,0.03046541445054005,-0.1634333539191022
30,2025-02-08,2025-01-11,0.10801183365250976,0.03046541445054005,-0.1850684651127682
30,2025-02-09,2025-01-11,0.10801183365250976,0.03046541445054005,-0.1402589082314157
30,2025-02-10,2025-02-10,0.10444964412113797,0.030493002100018946,-0.1411329597759724
30,2025-02-11,2025-02-10,0.10444964412113797,0.030493002100018946,-0.153087236970417
30,2025-02-12,2025-02-10,0.10444964412113797,0.030493002100018946,-0.1418901749147006
30,2025-02-13,2025-02-10,0.10444964412113797,0.030493002100018946,-0.1270048258873424
30,2025-02-14,2025-02-10,0.10444964412113797,0.030493002100018946,-0.153085913012941
30,2025-02-15,2025-02-10,0.10444964412113797,0.030493002100018946,-0.1389738367439222
30,2025-02-16,2025-02-10,0.10444964412113797,0.030493002100018946,-0.1394439466772757
30,2025-02-17,2025-02-10,0.10444964412113797,0.030493002100018946,-0.093276884527041
30,2025-02-18,2025-02-10,0.10444964412113797,0.030493002100018946,-0.119662817881226
30,2025-02-19,2025-02-10,0.10444964412113797,0.030493002100018946,-0.1299152759752069
30,2025-02-20,2025-02-10,0.10444964412113797,0.030493002100018946,-0.147138090636285
30,2025-02-21,2025-02-10,0.10444964412113797,0.030493002100018946,-0.1050038687080469
30,2025-02-22,2025-02-10,0.10444964412113797,0.030493002100018946,-0.0937623542208413
30,2025-02-23,2025-02-10,0.10444964412113797,0.030493002100018946,-0.0920975918884664
30,2025-02-24,2025-02-10,0.10444964412113797,0.030493002100018946,-0.0507216157481884
30,2025-02-25,2025-02-10,0.10444964412113797,0.030493002100018946,-0.0163326958380882
30,2025-02-26,2025-02-10,0.10444964412113797,0.030493002100018946,0.0020687218256978
30,2025-02-27,2025-02-10,0.10444964412113797,0.030493002100018946,-0.0243191421695417
30,2025-02-28,2025-02-10,0.10444964412113797,0.030493002100018946,-0.0232359382828251
30,2025-03-01,2025-02-10,0.10444964412113797,0.030493002100018946,-0.0408358704799759
30,2025-03-02,2025-02-10,0.10391676677854042,0.030493002100018946,-0.0966549273363742
30,2025-03-03,2025-02-10,0.10372606429858673,0.030493002100018946,-0.0429632775736568
30,2025-03-04,2025-02-10,0.10372606429858673,0.030493002100018946,-0.0466177554633843
30,2025-03-05,2025-02-10,0.10372606429858673,0.030493002100018946,-0.0741246634743103
30,2025-03-06,2025-02-10,0.10372606429858673,0.030493002100018946,-0.0710971380674863
30,2025-03-07,2025-02-10,0.10372606429858673,0.030493002100018946,-0.0964467882271958
30,2025-03-08,2025-02-10,0.10372606429858673,0.030493002100018946,-0.0818720646420971
30,2025-03-09,2025-02-10,0.10372606429858673,0.030493002100018946,-0.0546477293375794
30,2025-03-10,2025-02-10,0.10372606429858673,0.030493002100018946,0.0511395892862549
30,2025-03-11,2025-02-10,0.10372606429858673,0.030493002100018946,-0.040100929678286
30,2025-03-12,2025-03-12,0.041409066100247735,0.027751972405045518,-0.0030626151109726
30,2025-03-13,2025-03-12,0.04793514378047821,0.027751972405045518,0.0512985266245358
30,2025-03-14,2025-03-12,-0.0021399321602136325,0.027751972405045518,-0.0026576743920212
30,2025-03-15,2025-03-12,0.014715244577094408,0.027751972405045518,0.0030014783294545
30,2025-03-16,2025-03-12,0.037698953854530357,0.027751972405045518,0.0129514512525836
30,2025-03-17,2025-03-12,0.021892154566934274,0.027751972405045518,0.0002422329809905
30,2025-03-18,2025-03-12,0.03408550068425758,0.027751972405045518,0.0269948520843188
30,2025-03-19,2025-03-12,0.04262365899797975,0.027751972405045518,-0.0273040973475559
30,2025-03-20,2025-03-12,0.05778900532013365,0.027751972405045518,0.0101351892864915
30,2025-03-21,2025-03-12,0.07419804687592137,0.027751972405045518,0.0129678403030892
30,2025-03-22,2025-03-12,0.05871137687101571,0.027751972405045518,0.0438408174369955
30,2025-03-23,2025-03-12,0.06468798392248082,0.027751972405045518,0.0855050678128539
30,2025-03-24,2025-03-12,0.0662658250680629,0.027751972405045518,0.0707777169257044
30,2025-03-25,2025-03-12,0.08261371026108946,0.027751972405045518,0.0753791470631415
30,2025-03-26,2025-03-12,0.0809751653508762,0.027751972405045518,0.0889377956319223
30,2025-03-27,2025-03-12,0.09739939417479734,0.027751972405045518,0.0847852754969191
30,2025-03-28,2025-03-12,0.0911256933803207,0.027751972405045518,0.1104529284076472
30,2025-03-29,2025-03-12,0.09702989892247878,0.027751972405045518,0.1495808637393958
30,2025-03-30,2025-03-12,0.09750109143504512,0.027751972405045518,0.1440324243272757
30,2025-03-31,2025-03-12,0.07263432224028456,0.027751972405045518,0.1407872633813127
30,2025-04-01,2025-03-12,0.07253518111198665,0.027751972405045518,0.1330647121585508
30,2025-04-02,2025-03-12,0.10934800857362667,0.027751972405045518,0.174157732976119
30,2025-04-03,2025-03-12,0.08975854524341621,0.027751972405045518,0.1519391961048435
30,2025-04-04,2025-03-12,0.10252170556528245,0.027751972405045518,0.1238260352531241
30,2025-04-05,2025-03-12,0.10830335597296474,0.027751972405045518,0.1340191450620249
30,2025-04-06,2025-03-12,0.1156024124912909,0.027751972405045518,0.2346553614688258
30,2025-04-07,2025-03-12,0.06445379544829337,0.027751972405045518,0.2257014745732992
30,2025-04-08,2025-03-12,0.11114535830148554,0.027751972405045518,0.352965485109094
30,2025-04-09,2025-03-12,0.027073007855511973,0.027751972405045518,0.2464045971190296
30,2025-04-10,2025-03-12,0.04636284186630105,0.027751972405045518,0.3165818963838742
30,2025-04-11,2025-04-11,0.019686155132641013,0.025514840834261667,0.2480605064451602
30,2025-04-12,2025-04-11,0.02019878153698645,0.025514840834261667,0.2053829348862355
30,2025-04-13,2025-04-11,0.020171264565696605,0.025514840834261667,0.2428810888252148
30,2025-04-14,2025-04-11,0.019402113085478866,0.025514840834261667,0.2236184736116762
30,2025-04-15,2025-04-11,0.019947229717965052,0.025514840834261667,0.2405399359834461
30,2025-04-16,2025-04-11,0.020495162336492734,0.025514840834261667,0.2312677867218973
30,2025-04-17,2025-04-11,0.020094380081843354,0.025514840834261667,0.2139986728337399
30,2025-04-18,2025-04-11,0.020362961642204296,0.025514840834261667,0.2601911886270311
30,2025-04-19,2025-04-11,0.03676525499662516,0.025514840834261667,0.2409197267275848
30,2025-04-20,2025-04-11,0.04162954407661021,0.025514840834261667,0.2544135167207408
30,2025-04-21,2025-04-11,0.0382850069673031,0.025514840834261667,0.2528417871747903
30,2025-04-22,2025-04-11,0.02234389637483443,0.025514840834261667,0.1953407098809658
30,2025-04-23,2025-04-11,0.021828143808207624,0.025514840834261667,0.1454484247593261
30,2025-04-24,2025-04-11,0.0201088347218345,0.025514840834261667,0.1466415309478661
30,2025-04-25,2025-04-11,0.02456289635880993,0.025514840834261667,0.151793220277375
30,2025-04-26,2025-04-11,0.021036183714310243,0.025514840834261667,0.1564736652999112
30,2025-04-27,2025-04-11,0.025664543774573872,0.025514840834261667,0.1620158230514787
30,2025-04-28,2025-04-11,0.022858317669300708,0.025514840834261667,0.1344115503038696
30,2025-04-29,2025-04-11,0.021365936301737175,0.025514840834261667,0.1202345888605194
30,2025-04-30,2025-04-11,0.02105345556065808,0.025514840834261667,0.1042080448540967
30,2025-05-01,2025-04-11,0.02206563208012286,0.025514840834261667,0.0839670178985554
30,2025-05-02,2025-04-11,0.022064355671068937,0.025514840834261667,0.0903710234402626
30,2025-05-03,2025-04-11,0.021011950719553026,0.025514840834261667,0.1043390729593281
30,2025-05-04,2025-04-11,0.03585432598317317,0.025514840834261667,0.1177296372140068
30,2025-05-05,2025-04-11,0.03821958564563305,0.025514840834261667,0.1051704103545856
30,2025-05-06,2025-04-11,0.03824726510742347,0.025514840834261667,0.048274976087949
30,2025-05-07,2025-04-11,0.03821958564563305,0.025514840834261667,0.0748006039338147
30,2025-05-08,2025-04-11,0.021838935191342796,0.025514840834261667,0.0221820115125079
30,2025-05-09,2025-04-11,0.03029637806019702,0.025514840834261667,0.0268229253411533
30,2025-05-10,2025-04-11,0.03524132274008538,0.025514840834261667,0.0520323867495637
30,2025-05-11,2025-05-11,0.04359934761940397,0.0273476960183797,0.0591289690543421
30,2025-05-12,2025-05-11,0.03749435854017602,0.0273476960183797,0.0569483882491244
30,2025-05-13,2025-05-11,0.04235632739251569,0.0273476960183797,0.0150619977845172
30,2025-05-14,2025-05-11,0.037435510424725135,0.0273476960183797,0.0247205476842231
30,2025-05-15,2025-05-11,0.037662256488754764,0.0273476960183797,0.0159104758301336
30,2025-05-16,2025-05-11,0.037257157452144564,0.0273476960183797,0.0205879538660345
30,2025-05-17,2025-05-11,0.037606850670601745,0.0273476960183797,0.035566752144087
30,2025-05-18,2025-05-11,0.04445236820318798,0.0273476960183797,-0.0178770675781316
30,2025-05-19,2025-05-11,0.04086805571316328,0.0273476960183797,-0.0065069211339866
30,2025-05-20,2025-05-11,0.04817941263851927,0.0273476960183797,-0.0205091268609385
30,2025-05-21,2025-05-11,0.048924772228090586,0.0273476960183797,-0.0578782293493697
30,2025-05-22,2025-05-11,0.04742786975685644,0.0273476960183797,-0.0857343324361677
30,2025-05-23,2025-05-11,0.04831669969229008,0.0273476960183797,-0.0592110572008688
30,2025-05-24,2025-05-11,0.04550271468543625,0.0273476960183797,-0.0225309666467493
30,2025-05-25,2025-05-11,0.048633896587536744,0.0273476960183797,-0.0267988780981721
30,2025-05-26,2025-05-11,0.04240440947259211,0.0273476960183797,-0.0191366018064272
30,2025-05-27,2025-05-11,0.08446958018245113,0.0273476960183797,-0.018277432051594
30,2025-05-28,2025-05-11,0.08384792562698648,0.0273476960183797,-0.0068118192147132
30,2025-05-29,2025-05-11,0.0825346107432181,0.0273476960183797,0.0161667207281008
30,2025-05-30,2025-05-11,0.07870957535846297,0.0273476960183797,0.0420390423739929
30,2025-05-31,2025-05-11,0.0906523352048396,0.0273476960183797,0.0244246494087303
30,2025-06-01,2025-05-11,0.08736820282770691,0.0273476960183797,0.0003616900818634
30,2025-06-02,2025-05-11,0.08173876995613276,0.0273476960183797,0.0282605970508225
30,2025-06-03,2025-05-11,0.08139859478855453,0.0273476960183797,0.0399318104757124
30,2025-06-04,2025-05-11,0.08083409027249124,0.0273476960183797,0.031399031451373
30,2025-06-05,2025-05-11,0.07914222664863076,0.0273476960183797,0.0659001772065206
30,2025-06-06,2025-05-11,0.07676857215386927,0.0273476960183797,0.0471327406949417
30,2025-06-07,2025-05-11,0.08354104940895231,0.0273476960183797,0.025681997003377
30,2025-06-08,2025-05-11,0.08747408474091405,0.0273476960183797,0.0301604025195301
30,2025-06-09,2025-05-11,0.08702090821444816,0.0273476960183797,0.0088059441869088
30,2025-06-10,2025-06-10,0.08031734390540683,0.029811892521313783,0.052012167104257
30,2025-06-11,2025-06-10,0.08031734390540683,0.029811892521313783,0.0817573766773878
30,2025-06-12,2025-06-10,0.08031734390540683,0.029811892521313783,0.1111770385513704
30,2025-06-13,2025-06-10,0.08031734390540683,0.029811892521313783,0.1227535456735244
30,2025-06-14,2025-06-10,0.08031734390540683,0.029811892521313783,0.1368551844411742
30,2025-06-15,2025-06-10,0.08031734390540683,0.029811892521313783,0.1151966858726172
30,2025-06-16,2025-06-10,0.08031734390540683,0.029811892521313783,0.110828710047228
30,2025-06-17,2025-06-10,0.08031734390540683,0.029811892521313783,0.1398969518944646
30,2025-06-18,2025-06-10,0.08031734390540683,0.029811892521313783,0.124306037424354
30,2025-06-19,2025-06-10,0.08031734390540683,0.029811892521313783,0.1259467569742722
30,2025-06-20,2025-06-10,0.08031734390540683,0.029811892521313783,0.1352120210664311
30,2025-06-21,2025-06-10,0.08031734390540683,0.029811892521313783,0.1494354534434534
30,2025-06-22,2025-06-10,0.08031734390540683,0.029811892521313783,0.1880925325069256
30,2025-06-23,2025-06-10,0.08031734390540683,0.029811892521313783,0.1274238984532336
30,2025-06-24,2025-06-10,0.08031734390540683,0.029811892521313783,0.1155509365308296
30,2025-06-25,2025-06-10,0.08031734390540683,0.029811892521313783,0.0957115193526996
30,2025-06-26,2025-06-10,0.08031734390540683,0.029811892521313783,0.1026015114393983
30,2025-06-27,2025-06-10,0.08031734390540683,0.029811892521313783,0.1155370242338011
30,2025-06-28,2025-06-10,0.08031734390540683,0.029811892521313783,0.1003341292875585
30,2025-06-29,2025-06-10,0.08031734390540683,0.029811892521313783,0.0885391455811825
30,2025-06-30,2025-06-10,0.08031734390540683,0.029811892521313783,0.0998054066161751
30,2025-07-01,2025-06-10,0.08031734390540683,0.029811892521313783,0.095409076775667
30,2025-07-02,2025-06-10,0.08031734390540683,0.029811892521313783,0.040866755596713
30,2025-07-03,2025-06-10,0.08031734390540683,0.029811892521313783,0.0270253770642237
30,2025-07-04,2025-06-10,0.08031734390540683,0.029811892521313783,0.0576432264560087
30,2025-07-05,2025-06-10,0.08031734390540683,0.029811892521313783,0.0633736519636385
30,2025-07-06,2025-06-10,0.08031734390540683,0.029811892521313783,0.0451074797369763
30,2025-07-07,2025-06-10,0.08031734390540683,0.029811892521313783,0.0621572811527195
30,2025-07-08,2025-06-10,0.08031734390540683,0.029811892521313783,0.078486927184695
30,2025-07-09,2025-06-10,0.08031734390540683,0.029811892521313783,0.0489126570034932
30,2025-07-10,2025-07-10,0.08200920101062624,0.029378411645702995,0.0038983708301008
30,2025-07-11,2025-07-10,0.08200920101062624,0.029378411645702995,0.0150292280132182
30,2025-07-12,2025-07-10,0.08200920101062624,0.029378411645702995,0.0107818088911599
30,2025-07-13,2025-07-10,0.08200920101062624,0.029378411645702995,0.0087956130091504
30,2025-07-14,2025-07-10,0.08200920101062624,0.029378411645702995,0.0289153528027676
30,2025-07-15,2025-07-10,0.08200920101062624,0.029378411645702995,0.0045601962463894
30,2025-07-16,2025-07-10,0.08200920101062624,0.029378411645702995,-0.0108604512349823
30,2025-07-17,2025-07-10,0.08200920101062624,0.029378411645702995,-0.0150775028453342
30,2025-07-18,2025-07-10,0.08200920101062624,0.029378411645702995,-0.0044081467483865
30,2025-07-19,2025-07-10,0.08200920101062624,0.029378411645702995,-0.0136876272912422
30,2025-07-20,2025-07-10,0.08200920101062624,0.029378411645702995,-0.0374551273217474
30,2025-07-21,2025-07-10,0.08200920101062624,0.029378411645702995,-0.0264875657222383
30,2025-07-22,2025-07-10,0.08200920101062624,0.029378411645702995,-0.0621437709423295
30,2025-07-23,2025-07-10,0.08200920101062624,0.029378411645702995,-0.0153255427368337
30,2025-07-24,2025-07-10,0.08200920101062624,0.029378411645702995,-0.0245303001098774
30,2025-07-25,2025-07-10,0.08200920101062624,0.029378411645702995,-0.035035872760721
30,2025-07-26,2025-07-10,0.08200920101062624,0.029378411645702995,-0.0662144730507525
30,2025-07-27,2025-07-10,0.08200920101062624,0.029378411645702995,-0.0640815203715093
30,2025-07-28,2025-07-10,0.08200920101062624,0.029378411645702995,-0.0575993255087653
30,2025-07-29,2025-07-10,0.08200920101062624,0.029378411645702995,-0.0456449793117059
30,2025-07-30,2025-07-10,0.08200920101062624,0.029378411645702995,-0.0803027487200899
30,2025-07-31,2025-07-10,0.08200920101062624,0.029378411645702995,-0.0600164576093033
30,2025-08-01,2025-07-10,0.08200920101062624,0.029378411645702995,-0.0445866928018895
30,2025-08-02,2025-07-10,0.08200920101062624,0.029378411645702995,-0.0294005980647085
30,2025-08-03,2025-07-10,0.08200920101062624,0.029378411645702995,-0.0259944067357331
30,2025-08-04,2025-07-10,0.08200920101062624,0.029378411645702995,-0.0291105916881686
30,2025-08-05,2025-07-10,0.08200920101062624,0.029378411645702995,-0.0297808415421921
30,2025-08-06,2025-07-10,0.08200920101062624,0.029378411645702995,-0.0376745323837854
30,2025-08-07,2025-07-10,0.08200920101062624,0.029378411645702995,-0.0620066005510588
30,2025-08-08,2025-07-10,0.08200920101062624,0.029378411645702995,-0.047460144329441
30,2025-08-09,2025-08-09,0.16378956013671156,0.030695613152496002,-0.0377548948264352
30,2025-08-10,2025-08-09,0.17578179210744294,0.030695613152496002,-0.0649455911491281
30,2025-08-11,2025-08-09,0.1897739224746975,0.030695613152496002,-0.039819355273579
30,2025-08-12,2025-08-09,0.18136804048125138,0.030695613152496002,-0.0387183220614832
30,2025-08-13,2025-08-09,0.1955586903752027,0.030695613152496002,-0.059015657172136
30,2025-08-14,2025-08-09,0.178424062522316,0.030695613152496002,-0.0200921272387551
30,2025-08-15,2025-08-09,0.17305007935216446,0.030695613152496002,-0.0176751641887968
30,2025-08-16,2025-08-09,0.16818496212694592,0.030695613152496002,-0.0173022540510506
30,2025-08-17,2025-08-09,0.17152792214992557,0.030695613152496002,-0.0052472207105982
30,2025-08-18,2025-08-09,0.16406687771860534,0.030695613152496002,0.0018974928813901
30,2025-08-19,2025-08-09,0.1515147987685362,0.030695613152496002,0.0372152085344812
30,2025-08-20,2025-08-09,0.15345698835204566,0.030695613152496002,0.0119114835893965
30,2025-08-21,2025-08-09,0.15351849100260423,0.030695613152496002,0.0283167111111111
30,2025-08-22,2025-08-09,0.14598380909494196,0.030695613152496002,-0.0145695093529375
30,2025-08-23,2025-08-09,0.14527238015722954,0.030695613152496002,-0.0241433392196074
30,2025-08-24,2025-08-09,0.13492743511832803,0.030695613152496002,-0.0131706997725598
30,2025-08-25,2025-08-09,0.13490134015128613,0.030695613152496002,0.0290160979758968
30,2025-08-26,2025-08-09,0.1319479062025315,0.030695613152496002,-0.0247731767212863
30,2025-08-27,2025-08-09,0.14365472738511884,0.030695613152496002,-0.0145471936018412
30,2025-08-28,2025-08-09,0.14101034071878246,0.030695613152496002,-0.0260382936724737
30,2025-08-29,2025-08-09,0.13384623049395122,0.030695613152496002,0.0349385573006919
30,2025-08-30,2025-08-09,0.13316853124017594,0.030695613152496002,0.0505037249464304
30,2025-08-31,2025-08-09,0.13879418079535705,0.030695613152496002,0.0536053178698403
30,2025-09-01,2025-08-09,0.133637713499725,0.030695613152496002,0.0856626785949357
30,2025-09-02,2025-08-09,0.13697152912801544,0.030695613152496002,0.0835071841507386
30,2025-09-03,2025-08-09,0.12847774980084037,0.030695613152496002,0.0942323360193493
30,2025-09-04,2025-08-09,0.13099125610693127,0.030695613152496002,0.1053015297360167
30,2025-09-05,2025-08-09,0.12917938490702854,0.030695613152496002,0.1158713280201813
30,2025-09-06,2025-08-09,0.13395283061391966,0.030695613152496002,0.1313262237247858
30,2025-09-07,2025-08-09,0.128293141889998,0.030695613152496002,0.0917388341308151
30,2025-09-08,2025-09-08,0.06679572840661313,0.029539290279361342,0.1003055988016978
30,2025-09-09,2025-09-08,0.06602763377767498,0.029539290279361342,0.0906888156577725
30,2025-09-10,2025-09-08,0.06679572840661313,0.029539290279361342,-0.0104027729027729
30,2025-09-11,2025-09-08,0.06663725012630589,0.029539290279361342,-0.0418962357042428
30,2025-09-12,2025-09-08,0.06596293647667333,0.029539290279361342,-0.0092271425643599
30,2025-09-13,2025-09-08,0.06663323327196055,0.029539290279361342,-0.0064898300345872
30,2025-09-14,2025-09-08,0.06689095604730036,0.029539290279361342,-0.0194318440996769
30,2025-09-15,2025-09-08,0.0670542225729669,0.029539290279361342,-0.0397610882593463
30,2025-09-16,2025-09-08,0.0672244645287834,0.029539290279361342,-0.0735915449542491
30,2025-09-17,2025-09-08,0.06707210834739952,0.029539290279361342,-0.0860121707971801
30,2025-09-18,2025-09-08,0.06683583705144766,0.029539290279361342,-0.0844641824672067
30,2025-09-19,2025-09-08,0.06699431533175487,0.029539290279361342,-0.060446736459113
30,2025-09-20,2025-09-08,0.06699431533175487,0.029539290279361342,-0.0445477973366269
30,2025-09-21,2025-09-08,0.06677612972596779,0.029539290279361342,-0.0601794861492381
30,2025-09-22,2025-09-08,0.06685748844656773,0.029539290279361342,-0.0451265452704854
30,2025-09-23,2025-09-08,0.06756414928932822,0.029539290279361342,-0.0171485765918921
30,2025-09-24,2025-09-08,0.066954094625097,0.029539290279361342,-0.0203174561148031
30,2025-09-25,2025-09-08,0.06769516516711847,0.029539290279361342,0.0243294867474492
30,2025-09-26,2025-09-08,0.06704847462064634,0.029539290279361342,0.0448356883301566
30,2025-09-27,2025-09-08,0.06641569338715547,0.029539290279361342,0.0407877532759584
30,2025-09-28,2025-09-08,0.06635976281571047,0.029539290279361342,0.0065484498361549
30,2025-09-29,2025-09-08,0.06645900731074304,0.029539290279361342,-0.0375347426463513
30,2025-09-30,2025-09-08,0.06680173844371315,0.029539290279361342,-0.0502069594164539
30,2025-10-01,2025-09-08,0.06728035277810818,0.029539290279361342,-0.0757787491697584
30,2025-10-02,2025-09-08,0.06720147288553546,0.029539290279361342,-0.0865453103331262
30,2025-10-03,2025-09-08,0.0678789975393552,0.029539290279361342,-0.095648602657242
30,2025-10-04,2025-09-08,0.06779886438286181,0.029539290279361342,-0.1291594970218399
30,2025-10-05,2025-09-08,0.06726176193944822,0.029539290279361342,-0.1780424256721469
30,2025-10-06,2025-09-08,0.06814393565668064,0.029539290279361342,-0.1666422533105231
30,2025-10-07,2025-09-08,0.0679536042729386,0.029539290279361342,-0.1647278006510185
30,2025-10-08,2025-10-08,0.06541209777947588,0.02940748633862427,-0.161929833098146
30,2025-10-09,2025-10-08,0.06532247529793478,0.02940748633862427,-0.1590422349057719
30,2025-10-10,2025-10-08,0.062338587909934774,0.02940748633862427,-0.0713950405455133
30,2025-10-11,2025-10-08,0.06180947012045657,0.02940748633862427,-0.0418753231071793
30,2025-10-12,2025-10-08,0.06020950216336399,0.02940748633862427,-0.1035136936015337
30,2025-10-13,2025-10-08,0.06005273837054213,0.02940748633862427,-0.1173230814650158
30,2025-10-14,2025-10-08,0.059566619023394,0.02940748633862427,-0.1179893785742205
30,2025-10-15,2025-10-08,0.061223212391163184,0.02940748633862427,-0.1459805090640147
30,2025-10-16,2025-10-08,0.05928738417718162,0.02940748633862427,-0.1164390575915842
30,2025-10-17,2025-10-08,0.05937272640129642,0.02940748633862427,-0.1143479084422982
30,2025-10-18,2025-10-08,0.05954371218413941,0.02940748633862427,-0.139663839187961
30,2025-10-19,2025-10-08,0.06024879719107488,0.02940748633862427,-0.1443441524600162
30,2025-10-20,2025-10-08,0.060546912790922204,0.02940748633862427,-0.1716888733398598
30,2025-10-21,2025-10-08,0.06031821918329327,0.02940748633862427,-0.2000083658309546
30,2025-10-22,2025-10-08,0.06012999884202009,0.02940748633862427,-0.2085948127054061
30,2025-10-23,2025-10-08,0.06098688887652353,0.02940748633862427,-0.2301858551803817
30,2025-10-24,2025-10-08,0.06098688887652353,0.02940748633862427,-0.2177822076126556
30,2025-10-25,2025-10-08,0.06107728811132305,0.02940748633862427,-0.2091091802708681
30,2025-10-26,2025-10-08,0.061085863426867115,0.02940748633862427,-0.2373392318744684
30,2025-10-27,2025-10-08,0.060659158202965816,0.02940748633862427,-0.2070293271310029
30,2025-10-28,2025-10-08,0.0608614109612485,0.02940748633862427,-0.1910079367785828
30,2025-10-29,2025-10-08,0.06173049414116831,0.02940748633862427,-0.1738808007068449
30,2025-10-30,2025-10-08,0.06124550959395987,0.02940748633862427,-0.1617427453922938
30,2025-10-31,2025-10-08,0.059773833588893724,0.02940748633862427,-0.1756076950945464
30,2025-11-01,2025-10-08,0.059773833588893724,0.02940748633862427,-0.216280662427417
30,2025-11-02,2025-10-08,0.06025950881537724,0.02940748633862427,-0.1742598290511691
30,2025-11-03,2025-10-08,0.05600541579220826,0.02940748633862427,-0.1234069698143344
30,2025-11-04,2025-10-08,0.055073115905293596,0.02940748633862427,-0.092802147684439
30,2025-11-05,2025-10-08,0.055073115905293596,0.02940748633862427,-0.1401077882538758
30,2025-11-06,2025-10-08,0.05442252062447028,0.02940748633862427,-0.1194841949423973
30,2025-11-07,2025-11-07,0.03952494218998625,0.027910373467462536,-0.1252553245103401
30,2025-11-08,2025-11-07,0.041863055331123104,0.027910373467462536,-0.1141458744123666
30,2025-11-09,2025-11-07,0.050356962414641965,0.027910373467462536,-0.1150097361648295
30,2025-11-10,2025-11-07,0.05154831246048909,0.027910373467462536,-0.1320216094291232
30,2025-11-11,2025-11-07,0.047175036517075594,0.027910373467462536,-0.102325959142429
30,2025-11-12,2025-11-07,0.046251174110776144,0.027910373467462536,-0.1120064980974255
30,2025-11-13,2025-11-07,0.04680212839868063,0.027910373467462536,-0.0948121023127027
30,2025-11-14,2025-11-07,0.04418605401920961,0.027910373467462536,-0.06788834386959
30,2025-11-15,2025-11-07,0.04472569662055507,0.027910373467462536,-0.095863184577134
30,2025-11-16,2025-11-07,0.04600661132243859,0.027910373467462536,-0.0678752626736871
30,2025-11-17,2025-11-07,0.04407926308483223,0.027910373467462536,-0.0647607323482889
30,2025-11-18,2025-11-07,0.04545915036632861,0.027910373467462536,-0.0800812557288913
30,2025-11-19,2025-11-07,0.043907852548324605,0.027910373467462536,-0.0373329855640809
30,2025-11-20,2025-11-07,0.04340501578093379,0.027910373467462536,0.0198952575007302
30,2025-11-21,2025-11-07,0.042975703625362016,0.027910373467462536,0.0414595751434023
30,2025-11-22,2025-11-07,0.04271749074967557,0.027910373467462536,0.0457996448891628
30,2025-11-23,2025-11-07,0.04224758743452849,0.027910373467462536,0.007554992514108
30,2025-11-24,2025-11-07,0.04207175531335093,0.027910373467462536,-0.0071411090440419
30,2025-11-25,2025-11-07,0.04402178818130831,0.027910373467462536,-0.0016560611908258
30,2025-11-26,2025-11-07,0.042852301303769005,0.027910373467462536,-0.0344200003492329
30,2025-11-27,2025-11-07,0.04407915583686298,0.027910373467462536,-0.0378494524763245
30,2025-11-28,2025-11-07,0.043496941765841395,0.027910373467462536,-0.0323244292320334
30,2025-11-29,2025-11-07,0.04394784472002836,0.027910373467462536,-0.0392644735097427
30,2025-11-30,2025-11-07,0.04380930190161221,0.027910373467462536,-0.0207449092518813
30,2025-12-01,2025-11-07,0.04530542813133358,0.027910373467462536,0.0157871478817945
30,2025-12-02,2025-11-07,0.04080730209422922,0.027910373467462536,-0.0267188501748727
30,2025-12-03,2025-11-07,0.04157850373015254,0.027910373467462536,-0.0367635859807267
30,2025-12-04,2025-11-07,0.045300120930205655,0.027910373467462536,-0.0157480511644142
30,2025-12-05,2025-11-07,0.0418416234189883,0.027910373467462536,0.0246243033138684
30,2025-12-06,2025-11-07,0.04309038365606408,0.027910373467462536,0.0518050907030611
30,2025-12-07,2025-12-07,0.034700167237703715,0.02460627746049216,0.0370888710929804
30,2025-12-08,2025-12-07,0.03573684221484269,0.02460627746049216,0.0080523563143948
30,2025-12-09,2025-12-07,0.03434327997984398,0.02460627746049216,-0.0170352874659576
30,2025-12-10,2025-12-07,0.03503880522408245,0.02460627746049216,-0.0149332660402278
30,2025-12-11,2025-12-07,0.03802878369668604,0.02460627746049216,-0.0217123188018858
30,2025-12-12,2025-12-07,0.03537848371831523,0.02460627746049216,0.0082557111335281
30,2025-12-13,2025-12-07,0.03960473904071677,0.02460627746049216,0.0117042318590168
30,2025-12-14,2025-12-07,0.03994819923689419,0.02460627746049216,0.08213283170869
30,2025-12-15,2025-12-07,0.03878823059006718,0.02460627746049216,0.1217105963433946
30,2025-12-16,2025-12-07,0.040316714660285094,0.02460627746049216,0.0881069733001516
30,2025-12-17,2025-12-07,0.04058654184070558,0.02460627746049216,0.1079240779738974
30,2025-12-18,2025-12-07,0.04016842975440984,0.02460627746049216,0.1126258691168162
30,2025-12-19,2025-12-07,0.03992598376474027,0.02460627746049216,0.0628136170826896
30,2025-12-20,2025-12-07,0.04484808603765722,0.02460627746049216,0.0483256734596411
30,2025-12-21,2025-12-07,0.04586896278996465,0.02460627746049216,-0.0026077483964941
30,2025-12-22,2025-12-07,0.04604838735882081,0.02460627746049216,0.0094102072436952
30,2025-12-23,2025-12-07,0.04539860125930622,0.02460627746049216,0.0237028781747936
30,2025-12-24,2025-12-07,0.0467201904247214,0.02460627746049216,0.0220237494360919
30,2025-12-25,2025-12-07,0.04674629002738511,0.02460627746049216,0.0229299376201415
30,2025-12-26,2025-12-07,0.04820766853428711,0.02460627746049216,-0.0080027872407735
30,2025-12-27,2025-12-07,0.0483910969527923,0.02460627746049216,0.005349180633251
30,2025-12-28,2025-12-07,0.048654207038588235,0.02460627746049216,0.0147498581908391
30,2025-12-29,2025-12-07,0.048315708233950067,0.02460627746049216,0.0236465825961949
30,2025-12-30,2025-12-07,0.04799546407024808,0.02460627746049216,-0.0433441686314898
30,2025-12-31,2025-12-07,0.048365293092053424,0.02460627746049216,-0.038651440953393
30,2026-01-01,2025-12-07,0.04624521097091887,0.02460627746049216,-0.1136656812140247
30,2026-01-02,2025-12-07,0.04670129700174143,0.02460627746049216,-0.1447513882140066
30,2026-01-03,2025-12-07,0.04778812647234664,0.02460627746049216,-0.1311890220253098
30,2026-01-04,2025-12-07,0.04684216128040072,0.02460627746049216,-0.1721792471145713
30,2026-01-05,2025-12-07,0.04609605584316402,0.02460627746049216,-0.2204767093356671
30,2026-01-06,2026-01-06,0.04553683134517797,0.023522888166131035,-0.3289469627982344
30,2026-01-07,2026-01-06,0.04486118408903348,0.023522888166131035,-0.2274841688469527
30,2026-01-08,2026-01-06,0.04514540901345368,0.023522888166131035,-0.2394139670048262
30,2026-01-09,2026-01-06,0.04487556422892181,0.023522888166131035,-0.2240800218178736
30,2026-01-10,2026-01-06,0.04613361400716557,0.023522888166131035,-0.2250347219536664
30,2026-01-11,2026-01-06,0.045936747865100755,0.023522888166131035,-0.2436157653275086
30,2026-01-12,2026-01-06,0.045756852243560686,0.023522888166131035,-0.2652211154462068
30,2026-01-13,2026-01-06,0.04547210977100975,0.023522888166131035,-0.3054250948498124
30,2026-01-14,2026-01-06,0.04649493289650208,0.023522888166131035,-0.2898123170095483
30,2026-01-15,2026-01-06,0.04589109641407233,0.023522888166131035,-0.2696710834602447
30,2026-01-16,2026-01-06,0.04482646911743048,0.023522888166131035,-0.2796242506876436
30,2026-01-17,2026-01-06,0.04522369372341973,0.023522888166131035,-0.2759427782700531
30,2026-01-18,2026-01-06,0.04481429013158325,0.023522888166131035,-0.2793716533896482
30,2026-01-19,2026-01-06,0.045420049868733436,0.023522888166131035,-0.2825188111971154
30,2026-01-20,2026-01-06,0.045498524874710275,0.023522888166131035,-0.2422763420404883
30,2026-01-21,2026-01-06,0.045739090200827545,0.023522888166131035,-0.2396152780294569
30,2026-01-22,2026-01-06,0.046104588884705776,0.023522888166131035,-0.2409984315484861
30,2026-01-23,2026-01-06,0.04613897635234274,0.023522888166131035,-0.245053529978596
30,2026-01-24,2026-01-06,0.046178497220515,0.023522888166131035,-0.2753625819750308
30,2026-01-25,2026-01-06,0.045212632776515105,0.023522888166131035,-0.2608989970735093
30,2026-01-26,2026-01-06,0.04486320837979778,0.023522888166131035,-0.2304438358347554
30,2026-01-27,2026-01-06,0.04633896934889314,0.023522888166131035,-0.2438635294117648
30,2026-01-28,2026-01-06,0.04651754016765759,0.023522888166131035,-0.2623504213158366
30,2026-01-29,2026-01-06,0.0435728836429662,0.023522888166131035,-0.208822995727356
30,2026-01-30,2026-01-06,0.044244430816581956,0.023522888166131035,-0.2193675826001012
30,2026-01-31,2026-01-06,0.032078915329078576,0.023522888166131035,-0.1258685903382845
30,2026-02-01,2026-01-06,0.03126096133786067,0.023522888166131035,-0.1121269417594615
30,2026-02-02,2026-01-06,0.030592159856973004,0.023522888166131035,-0.0771138835191527
30,2026-02-03,2026-01-06,0.030823825564099603,0.023522888166131035,-0.0643985281286669
30,2026-02-04,2026-01-06,0.030452917799237995,0.023522888166131035,-0.0690460287267976
30,2026-02-05,2026-02-05,0.014722833184065812,0.022831191456230603,0.0691950355635826
30,2026-02-06,2026-02-05,0.015025223828687697,0.022831191456230603,-0.0653023947488999
30,2026-02-07,2026-02-05,0.01436976853344696,0.022831191456230603,-0.0123715928761377
30,2026-02-08,2026-02-05,0.014983002520479396,0.022831191456230603,-0.0054279530410613
30,2026-02-09,2026-02-05,0.014487797082000934,0.022831191456230603,0.000767914682483
30,2026-02-10,2026-02-05,0.0147225087392145,0.022831191456230603,0.0246952083553344
30,2026-02-11,2026-02-05,0.01599023991898444,0.022831191456230603,0.0573544345084233
30,2026-02-12,2026-02-05,0.02537274607072566,0.022831191456230603,0.0745377735480821
30,2026-02-13,2026-02-05,0.01549141297289889,0.022831191456230603,0.0575316220011166
30,2026-02-14,2026-02-05,0.01566114744826516,0.022831191456230603,0.0724936428495215
30,2026-02-15,2026-02-05,0.020528234033743487,0.022831191456230603,0.0737554803263222
30,2026-02-16,2026-02-05,0.02191375857809018,0.022831191456230603,0.034170808026368
30,2026-02-17,2026-02-05,0.020049048674735222,0.022831191456230603,0.0359459773357002
30,2026-02-18,2026-02-05,0.027134665347764302,0.022831191456230603,0.060933931177683
30,2026-02-19,2026-02-05,0.0280369284933131,0.022831191456230603,0.0285713944581891
30,2026-02-20,2026-02-05,0.026679443568185756,0.022831191456230603,-0.0023670975643783
30,2026-02-21,2026-02-05,0.027476642039332057,0.022831191456230603,0.0431111424293864
30,2026-02-22,2026-02-05,0.027365159656169806,0.022831191456230603,0.0430690946936436
30,2026-02-23,2026-02-05,0.026660169147043986,0.022831191456230603,0.1033238668263218
30,2026-02-24,2026-02-05,0.028430140397282432,0.022831191456230603,0.0743412040466358
30,2026-02-25,2026-02-05,0.0068850893496426434,0.022831191456230603,-0.0232505599514266
30,2026-02-26,2026-02-05,0.00777687194957797,0.022831191456230603,-0.0164206422802754
30,2026-02-27,2026-02-05,0.005909596442651004,0.022831191456230603,0.0021075690618637
30,2026-02-28,2026-02-05,0.008971228326557829,0.022831191456230603,-0.0026262720375266
30,2026-03-01,2026-02-05,0.014802029215497229,0.022831191456230603,0.0381292884826443
30,2026-03-02,2026-02-05,0.019434654971876512,0.022831191456230603,-0.010404465723261
30,2026-03-03,2026-02-05,0.022248648127585247,0.022831191456230603,-0.0210133454300681
60,2023-06-21,2023-06-21,-0.02846709297107341,-0.002442829297517515,-0.1268224961817222
60,2023-06-22,2023-06-21,-0.02846709297107341,-0.002442829297517515,-0.1257490399840455
60,2023-06-23,2023-06-21,-0.02846709297107341,-0.002442829297517515,-0.1509523111263176
60,2023-06-24,2023-06-21,-0.02846709297107341,-0.002442829297517515,-0.1341321559004475
60,2023-06-25,2023-06-21,-0.02846709297107341,-0.002442829297517515,-0.1405855562186624
60,2023-06-26,2023-06-21,-0.02846709297107341,-0.002442829297517515,-0.1390240977349339
60,2023-06-27,2023-06-21,-0.02846709297107341,-0.002442829297517515,-0.1523199198239044
60,2023-06-28,2023-06-21,-0.02846709297107341,-0.002442829297517515,-0.1321802641916308
60,2023-06-29,2023-06-21,-0.02846709297107341,-0.002442829297517515,-0.1421245423651548
60,2023-06-30,2023-06-21,-0.02846709297107341,-0.002442829297517515,-0.0904325282226305
60,2023-07-01,2023-06-21,-0.02846709297107341,-0.002442829297517515,-0.1074321828031871
60,2023-07-02,2023-06-21,-0.02846709297107341,-0.002442829297517515,-0.1527336256978551
60,2023-07-03,2023-06-21,-0.02846709297107341,-0.002442829297517515,-0.1717523317991283
60,2023-07-04,2023-06-21,-0.02846709297107341,-0.002442829297517515,-0.1591665743043329
60,2023-07-05,2023-06-21,-0.02846709297107341,-0.002442829297517515,-0.1486191849744352
60,2023-07-06,2023-06-21,-0.02846709297107341,-0.002442829297517515,-0.136121474084835
60,2023-07-07,2023-06-21,-0.02846709297107341,-0.002442829297517515,-0.1500294944421926
60,2023-07-08,2023-06-21,-0.02846709297107341,-0.002442829297517515,-0.1494051603073902
60,2023-07-09,2023-06-21,-0.02846709297107341,-0.002442829297517515,-0.129496619940313
60,2023-07-10,2023-06-21,-0.02846709297107341,-0.002442829297517515,-0.1480051835534962
60,2023-07-11,2023-06-21,-0.02846709297107341,-0.002442829297517515,-0.1541530463292849
60,2023-07-12,2023-06-21,-0.02846709297107341,-0.002442829297517515,-0.1493874259381171
60,2023-07-13,2023-06-21,-0.02846709297107341,-0.002442829297517515,-0.2000274684835712
60,2023-07-14,2023-06-21,-0.02846709297107341,-0.002442829297517515,-0.1475293126387857
60,2023-07-15,2023-06-21,-0.02846709297107341,-0.002442829297517515,-0.1342880309757302
60,2023-07-16,2023-06-21,-0.02846709297107341,-0.002442829297517515,-0.1226932133809253
60,2023-07-17,2023-06-21,-0.02846709297107341,-0.002442829297517515,-0.1173933240427367
60,2023-07-18,2023-06-21,-0.02846709297107341,-0.002442829297517515,-0.1105008752766742
60,2023-07-19,2023-06-21,-0.02846709297107341,-0.002442829297517515,-0.1130655072467644
60,2023-07-20,2023-06-21,-0.02846709297107341,-0.002442829297517515,-0.1019291946308725
60,2023-07-21,2023-07-21,-0.020191385670646027,0.0012036717234975521,-0.0900102067707142
60,2023-07-22,2023-07-21,-0.020191385670646027,0.0012036717234975521,-0.0895817949922803
60,2023-07-23,2023-07-21,-0.020191385670646027,0.0012036717234975521,-0.1168627581335438
60,2023-07-24,2023-07-21,-0.020191385670646027,0.0012036717234975521,-0.0889880554555893
60,2023-07-25,2023-07-21,-0.020191385670646027,0.0012036717234975521,-0.0907645888950358
60,2023-07-26,2023-07-21,-0.020191385670646027,0.0012036717234975521,-0.1057367208186437
60,2023-07-27,2023-07-21,-0.020191385670646027,0.0012036717234975521,-0.0998525807606257
60,2023-07-28,2023-07-21,-0.020191385670646027,0.0012036717234975521,-0.1054941403704833
60,2023-07-29,2023-07-21,-0.020191385670646027,0.0012036717234975521,-0.1015201223729171
60,2023-07-30,2023-07-21,-0.020191385670646027,0.0012036717234975521,-0.0771726735582589
60,2023-07-31,2023-07-21,-0.020191385670646027,0.0012036717234975521,-0.0795453651361082
60,2023-08-01,2023-07-21,-0.020191385670646027,0.0012036717234975521,-0.092352754444474
60,2023-08-02,2023-07-21,-0.020191385670646027,0.0012036717234975521,-0.0408908240626244
60,2023-08-03,2023-07-21,-0.020191385670646027,0.0012036717234975521,-0.0582020604487827
60,2023-08-04,2023-07-21,-0.020191385670646027,0.0012036717234975521,-0.0579628556580531
60,2023-08-05,2023-07-21,-0.020191385670646027,0.0012036717234975521,-0.0444948478147284
60,2023-08-06,2023-07-21,-0.020191385670646027,0.0012036717234975521,-0.0576872171125141
60,2023-08-07,2023-07-21,-0.020191385670646027,0.0012036717234975521,-0.0438179922262321
60,2023-08-08,2023-07-21,-0.020191385670646027,0.0012036717234975521,-0.0609245687497859
60,2023-08-09,2023-07-21,-0.020191385670646027,0.0012036717234975521,-0.0562822176601371
60,2023-08-10,2023-07-21,-0.020191385670646027,0.0012036717234975521,-0.063336699965202
60,2023-08-11,2023-07-21,-0.020191385670646027,0.0012036717234975521,-0.0691873827356255
60,2023-08-12,2023-07-21,-0.020191385670646027,0.0012036717234975521,-0.0868037799305949
60,2023-08-13,2023-07-21,-0.020191385670646027,0.0012036717234975521,-0.0868217271183571
60,2023-08-14,2023-07-21,-0.020191385670646027,0.0012036717234975521,-0.0872867422130391
60,2023-08-15,2023-07-21,-0.020191385670646027,0.0012036717234975521,-0.0803945205479452
60,2023-08-16,2023-07-21,-0.020191385670646027,0.0012036717234975521,-0.0548671081717657
60,2023-08-17,2023-07-21,-0.020191385670646027,0.0012036717234975521,0.0705157603778028
60,2023-08-18,2023-07-21,-0.020191385670646027,0.0012036717234975521,0.0898867736240116
60,2023-08-19,2023-07-21,-0.020191385670646027,0.0012036717234975521,0.0850570555336953
60,2023-08-20,2023-08-20,-0.012196465078160912,0.004274884909165621,0.0963620070110755
60,2023-08-21,2023-08-20,-0.012196465078160912,0.004274884909165621,0.1355735769849642
60,2023-08-22,2023-08-20,-0.012196465078160912,0.004274884909165621,0.1479045133558489
60,2023-08-23,2023-08-20,-0.012196465078160912,0.004274884909165621,0.1346717250438092
60,2023-08-24,2023-08-20,-0.012196465078160912,0.004274884909165621,0.2631752040198547
60,2023-08-25,2023-08-20,-0.012196465078160912,0.004274884909165621,0.3017159241304974
60,2023-08-26,2023-08-20,-0.012196465078160912,0.004274884909165621,0.3258853604342024
60,2023-08-27,2023-08-20,-0.012196465078160912,0.004274884909165621,0.3084039894612511
60,2023-08-28,2023-08-20,-0.012196465078160912,0.004274884909165621,0.2975505359877488
60,2023-08-29,2023-08-20,-0.012196465078160912,0.004274884909165621,0.2296356589650725
60,2023-08-30,2023-08-20,-0.012196465078160912,0.004274884909165621,0.2646850786392227
60,2023-08-31,2023-08-20,-0.012196465078160912,0.004274884909165621,0.3289781571718353
60,2023-09-01,2023-08-20,-0.012196465078160912,0.004274884909165621,0.342363994644459
60,2023-09-02,2023-08-20,-0.012196465078160912,0.004274884909165621,0.36923467046728
60,2023-09-03,2023-08-20,-0.012196465078160912,0.004274884909165621,0.3453970762240188
60,2023-09-04,2023-08-20,-0.012196465078160912,0.004274884909165621,0.3442559093503372
60,2023-09-05,2023-08-20,-0.012196465078160912,0.004274884909165621,0.3594112150619764
60,2023-09-06,2023-08-20,-0.012196465078160912,0.004274884909165621,0.3591594704182266
60,2023-09-07,2023-08-20,-0.012196465078160912,0.004274884909165621,0.3348348885926488
60,2023-09-08,2023-08-20,-0.012196465078160912,0.004274884909165621,0.3662075220470466
60,2023-09-09,2023-08-20,-0.012196465078160912,0.004274884909165621,0.3753863176844991
60,2023-09-10,2023-08-20,-0.012196465078160912,0.004274884909165621,0.4202323307255236
60,2023-09-11,2023-08-20,-0.012196465078160912,0.004274884909165621,0.4824282305587832
60,2023-09-12,2023-08-20,-0.012196465078160912,0.004274884909165621,0.4369139438314868
60,2023-09-13,2023-08-20,-0.012196465078160912,0.004274884909165621,0.4134745633437571
60,2023-09-14,2023-08-20,-0.012196465078160912,0.004274884909165621,0.3747804241871029
60,2023-09-15,2023-08-20,-0.012196465078160912,0.004274884909165621,0.3365109022556392
60,2023-09-16,2023-08-20,-0.012196465078160912,0.004274884909165621,0.4254017463319386
60,2023-09-17,2023-08-20,-0.012196465078160912,0.004274884909165621,0.3632455515048343
60,2023-09-18,2023-08-20,-0.012196465078160912,0.004274884909165621,0.3681048601196226
60,2023-09-19,2023-09-19,-0.029616538536379525,-0.0008830253353027161,0.3439085109807844
60,2023-09-20,2023-09-19,-0.029616538536379525,-0.0008830253353027161,0.3773220276497695
60,2023-09-21,2023-09-19,-0.029616538536379525,-0.0008830253353027161,0.4095403205651291
60,2023-09-22,2023-09-19,-0.029616538536379525,-0.0008830253353027161,0.3446750092362194
60,2023-09-23,2023-09-19,-0.029616538536379525,-0.0008830253353027161,0.4076007037939551
60,2023-09-24,2023-09-19,-0.029616538536379525,-0.0008830253353027161,0.4208221612152825
60,2023-09-25,2023-09-19,-0.029616538536379525,-0.0008830253353027161,0.4337138340858573
60,2023-09-26,2023-09-19,-0.029616538536379525,-0.0008830253353027161,0.4408186053748675
60,2023-09-27,2023-09-19,-0.029616538536379525,-0.0008830253353027161,0.419915982222721
60,2023-09-28,2023-09-19,-0.029616538536379525,-0.0008830253353027161,0.3782673652243646
60,2023-09-29,2023-09-19,-0.029616538536379525,-0.0008830253353027161,0.40554228348353
60,2023-09-30,2023-09-19,-0.029616538536379525,-0.0008830253353027161,0.4039705428564646
60,2023-10-01,2023-09-19,-0.029616538536379525,-0.0008830253353027161,0.3476418921163722
60,2023-10-02,2023-09-19,-0.029616538536379525,-0.0008830253353027161,0.406917962895138
60,2023-10-03,2023-09-19,-0.029616538536379525,-0.0008830253353027161,0.4384047376146975
60,2023-10-04,2023-09-19,-0.029616538536379525,-0.0008830253353027161,0.4389603208516495
60,2023-10-05,2023-09-19,-0.029616538536379525,-0.0008830253353027161,0.5319409902595329
60,2023-10-06,2023-09-19,-0.029616538536379525,-0.0008830253353027161,0.5779305426318844
60,2023-10-07,2023-09-19,-0.029616538536379525,-0.0008830253353027161,0.5653756330779025
60,2023-10-08,2023-09-19,-0.029616538536379525,-0.0008830253353027161,0.5500613424412679
60,2023-10-09,2023-09-19,-0.029616538536379525,-0.0008830253353027161,0.6009712897225528
60,2023-10-10,2023-09-19,-0.029616538536379525,-0.0008830253353027161,0.5959623397049738
60,2023-10-11,2023-09-19,-0.029616538536379525,-0.0008830253353027161,0.6293455903364846
60,2023-10-12,2023-09-19,-0.029616538536379525,-0.0008830253353027161,0.5416281914211818
60,2023-10-13,2023-09-19,-0.029616538536379525,-0.0008830253353027161,0.5446500632864268
60,2023-10-14,2023-09-19,-0.029616538536379525,-0.0008830253353027161,0.5964644606382725
60,2023-10-15,2023-09-19,-0.029616538536379525,-0.0008830253353027161,0.5843714496679144
60,2023-10-16,2023-09-19,-0.029616538536379525,-0.0008830253353027161,0.4715491997061134
60,2023-10-17,2023-09-19,-0.029616538536379525,-0.0008830253353027161,0.4888774474915578
60,2023-10-18,2023-09-19,-0.029616538536379525,-0.0008830253353027161,0.460969279661017
60,2023-10-19,2023-10-19,-0.031920901705721975,-0.0027989309150058678,0.4856248112835299
60,2023-10-20,2023-10-19,-0.031920901705721975,-0.0027989309150058678,0.4249193772363377
60,2023-10-21,2023-10-19,-0.031920901705721975,-0.0027989309150058678,0.460020795859551
60,2023-10-22,2023-10-19,-0.031920901705721975,-0.0027989309150058678,0.4624275567926073
60,2023-10-23,2023-10-19,-0.031920901705721975,-0.0027989309150058678,0.3295752432946004
60,2023-10-24,2023-10-19,-0.031920901705721975,-0.0027989309150058678,0.2882854652323088
60,2023-10-25,2023-10-19,-0.031920901705721975,-0.0027989309150058678,0.2462731240243447
60,2023-10-26,2023-10-19,-0.031920901705721975,-0.0027989309150058678,0.2759593530739059
60,2023-10-27,2023-10-19,-0.031920901705721975,-0.0027989309150058678,0.2542459847480323
60,2023-10-28,2023-10-19,-0.031920901705721975,-0.0027989309150058678,0.2742833250198058
60,2023-10-29,2023-10-19,-0.031920901705721975,-0.0027989309150058678,0.2328070326355091
60,2023-10-30,2023-10-19,-0.031920901705721975,-0.0027989309150058678,0.2202256551392858
60,2023-10-31,2023-10-19,-0.031920901705721975,-0.0027989309150058678,0.2165288626339032
60,2023-11-01,2023-10-19,-0.031920901705721975,-0.0027989309150058678,0.1937287681496766
60,2023-11-02,2023-10-19,-0.031920901705721975,-0.0027989309150058678,0.264382931629614
60,2023-11-03,2023-10-19,-0.031920901705721975,-0.0027989309150058678,0.2946739300130947
60,2023-11-04,2023-10-19,-0.031920901705721975,-0.0027989309150058678,0.221982330193283
60,2023-11-05,2023-10-19,-0.031920901705721975,-0.0027989309150058678,0.2610319697199923
60,2023-11-06,2023-10-19,-0.031920901705721975,-0.0027989309150058678,0.2596301042427273
60,2023-11-07,2023-10-19,-0.031920901705721975,-0.0027989309150058678,0.2420738142643093
60,2023-11-08,2023-10-19,-0.031920901705721975,-0.0027989309150058678,0.2331049900181669
60,2023-11-09,2023-10-19,-0.031920901705721975,-0.0027989309150058678,0.2792818959872856
60,2023-11-10,2023-10-19,-0.031920901705721975,-0.0027989309150058678,0.2361390105472602
60,2023-11-11,2023-10-19,-0.031920901705721975,-0.0027989309150058678,0.2565039051979532
60,2023-11-12,2023-10-19,-0.031920901705721975,-0.0027989309150058678,0.2502427549223469
60,2023-11-13,2023-10-19,-0.031920901705721975,-0.0027989309150058678,0.1733212333731821
60,2023-11-14,2023-10-19,-0.031920901705721975,-0.0027989309150058678,0.2052477005692354
60,2023-11-15,2023-10-19,-0.031920901705721975,-0.0027989309150058678,0.1023331801300644
60,2023-11-16,2023-10-19,-0.031920901705721975,-0.0027989309150058678,0.1755247209134289
60,2023-11-17,2023-10-19,-0.031920901705721975,-0.0027989309150058678,0.1781844172926581
60,2023-11-18,2023-11-18,0.008585733299755108,0.00854584156223782,0.1697654513086541
60,2023-11-19,2023-11-18,0.0022369997630912,0.00854584156223782,0.1062006121007947
60,2023-11-20,2023-11-18,0.00371096669521761,0.00854584156223782,0.112426893479574
60,2023-11-21,2023-11-18,0.005595264761255349,0.00854584156223782,0.1665952747005243
60,2023-11-22,2023-11-18,0.012369186521894136,0.00854584156223782,0.1115256651324279
60,2023-11-23,2023-11-18,0.016488194277090876,0.00854584156223782,0.0609675263874245
60,2023-11-24,2023-11-18,0.016525500782148306,0.00854584156223782,0.0579109853561994
60,2023-11-25,2023-11-18,0.019758172994490033,0.00854584156223782,0.0609891248619995
60,2023-11-26,2023-11-18,0.0132901150259871,0.00854584156223782,0.0671250336805489
60,2023-11-27,2023-11-18,0.02906437431221025,0.00854584156223782,0.1229988695771253
60,2023-11-28,2023-11-18,0.02224200385230703,0.00854584156223782,0.1137463916822474
60,2023-11-29,2023-11-18,0.0232007054491257,0.00854584156223782,0.1103278224281092
60,2023-11-30,2023-11-18,0.027063103001990517,0.00854584156223782,0.1478832020816478
60,2023-12-01,2023-11-18,0.01701764873076196,0.00854584156223782,0.1100905525286357
60,2023-12-02,2023-11-18,0.01561079178253126,0.00854584156223782,0.0793313620791704
60,2023-12-03,2023-11-18,0.015131099722876764,0.00854584156223782,0.0778209688418918
60,2023-12-04,2023-11-18,0.0016554056896369272,0.00854584156223782,0.0287894339514802
60,2023-12-05,2023-11-18,0.0032735681881853186,0.00854584156223782,-0.0241014291639477
60,2023-12-06,2023-11-18,0.0057970666912858845,0.00854584156223782,-0.0269592659866202
60,2023-12-07,2023-11-18,0.00590362298661861,0.00854584156223782,-0.013043657104615
60,2023-12-08,2023-11-18,0.004497228831104939,0.00854584156223782,-0.02427022803881
60,2023-12-09,2023-11-18,0.0043841061836688905,0.00854584156223782,0.0145492478313384
60,2023-12-10,2023-11-18,0.007940517861636897,0.00854584156223782,0.0342351398771074
60,2023-12-11,2023-11-18,0.0029855482689681114,0.00854584156223782,0.1425184348441581
60,2023-12-12,2023-11-18,0.006745298579711323,0.00854584156223782,0.1508397081970933
60,2023-12-13,2023-11-18,0.007821591154207368,0.00854584156223782,0.1266872611766583
60,2023-12-14,2023-11-18,0.009102926115096837,0.00854584156223782,0.1602661041051769
60,2023-12-15,2023-11-18,0.004255595736074025,0.00854584156223782,0.1850079756224918
60,2023-12-16,2023-11-18,0.0042555784074821135,0.00854584156223782,0.2251084073690283
60,2023-12-17,2023-11-18,0.00467385393138651,0.00854584156223782,0.2539078880425574
60,2023-12-18,2023-12-18,0.027463037696635724,0.023978216434380136,0.2219127568697869
60,2023-12-19,2023-12-18,0.02609844507757089,0.023978216434380136,0.2215595660799427
60,2023-12-20,2023-12-18,0.02562942040572692,0.023978216434380136,0.1939305588664526
60,2023-12-21,2023-12-18,0.020015196929885598,0.023978216434380136,0.1804059568918741
60,2023-12-22,2023-12-18,0.044694106357211265,0.023978216434380136,0.1885367522238374
60,2023-12-23,2023-12-18,0.04499370573599704,0.023978216434380136,0.1864262544460044
60,2023-12-24,2023-12-18,0.04208515166647192,0.023978216434380136,0.1929897770489514
60,2023-12-25,2023-12-18,0.05157059616365387,0.023978216434380136,0.1644941852339803
60,2023-12-26,2023-12-18,0.02806680719161245,0.023978216434380136,0.213114985486579
60,2023-12-27,2023-12-18,0.02058621318524107,0.023978216434380136,0.1911171951364128
60,2023-12-28,2023-12-18,0.021375049673963746,0.023978216434380136,0.2798791742082935
60,2023-12-29,2023-12-18,0.020032136448371603,0.023978216434380136,0.3558705824881527
60,2023-12-30,2023-12-18,0.02512027930743642,0.023978216434380136,0.4815302603589724
60,2023-12-31,2023-12-18,0.028312511364317852,0.023978216434380136,0.4457380382644988
60,2024-01-01,2023-12-18,-0.0008768529266087887,0.023978216434380136,0.4121443065852865
60,2024-01-02,2023-12-18,-0.0022091818131837887,0.023978216434380136,0.3791221687987003
60,2024-01-03,2023-12-18,-0.0009544917754287486,0.023978216434380136,0.4730687640141038
60,2024-01-04,2023-12-18,0.02044390974548052,0.023978216434380136,0.5457306839467195
60,2024-01-05,2023-12-18,0.02539599415206571,0.023978216434380136,0.4435123165397028
60,2024-01-06,2023-12-18,0.02385501871161007,0.023978216434380136,0.5027647178695933
60,2024-01-07,2023-12-18,0.026188604415623394,0.023978216434380136,0.5211623204888249
60,2024-01-08,2023-12-18,-0.002174617095652738,0.023978216434380136,0.4509623216013958
60,2024-01-09,2023-12-18,-0.001359698238349563,0.023978216434380136,0.4815283018867926
60,2024-01-10,2023-12-18,0.012428474340307952,0.023978216434380136,0.4780274956118437
60,2024-01-11,2023-12-18,0.035071433793652525,0.023978216434380136,0.5554468402103103
60,2024-01-12,2023-12-18,0.02819129695371326,0.023978216434380136,0.6701133845362366
60,2024-01-13,2023-12-18,0.03737078911799635,0.023978216434380136,0.7053871138412795
60,2024-01-14,2023-12-18,0.028806392120067914,0.023978216434380136,0.7106379103980487
60,2024-01-15,2023-12-18,0.031110308368929755,0.023978216434380136,0.6348636003302668
60,2024-01-16,2023-12-18,0.03264976225291461,0.023978216434380136,0.5137629395926324
60,2024-01-17,2024-01-17,0.053211409142754636,0.031386044510052176,0.5988713323561521
60,2024-01-18,2024-01-17,0.046812754546423564,0.031386044510052176,0.6359564454660942
60,2024-01-19,2024-01-17,0.048989875990646574,0.031386044510052176,0.4867700952230525
60,2024-01-20,2024-01-17,0.05595006074103035,0.031386044510052176,0.6270252522781539
60,2024-01-21,2024-01-17,0.058374998234314884,0.031386044510052176,0.5752946164688928
60,2024-01-22,2024-01-17,0.04591877015159069,0.031386044510052176,0.6123283399068238
60,2024-01-23,2024-01-17,0.04717573378354126,0.031386044510052176,0.6038561216714791
60,2024-01-24,2024-01-17,0.051099364127810125,0.031386044510052176,0.6766918099792243
60,2024-01-25,2024-01-17,0.05253222402593727,0.031386044510052176,0.7487012991887858
60,2024-01-26,2024-01-17,0.04789501315783489,0.031386044510052176,0.6734128723294626
60,2024-01-27,2024-01-17,0.054942326510245804,0.031386044510052176,0.6493103260801183
60,2024-01-28,2024-01-17,0.052285657804977785,0.031386044510052176,0.6840070176674109
60,2024-01-29,2024-01-17,0.046997104817881476,0.031386044510052176,0.613075859011101
60,2024-01-30,2024-01-17,0.04671414807098441,0.031386044510052176,0.6204098171681673
60,2024-01-31,2024-01-17,0.05574188772586179,0.031386044510052176,0.67402559887271
60,2024-02-01,2024-01-17,0.055193563806016685,0.031386044510052176,0.6166445465420882
60,2024-02-02,2024-01-17,0.059953368570398284,0.031386044510052176,0.5153701388888889
60,2024-02-03,2024-01-17,0.06235323097097855,0.031386044510052176,0.5336342324735319
60,2024-02-04,2024-01-17,0.057571466716014645,0.031386044510052176,0.6083409576806453
60,2024-02-05,2024-01-17,0.0622070461238618,0.031386044510052176,0.5879813714770059
60,2024-02-06,2024-01-17,0.057980186286563894,0.031386044510052176,0.5985540250980594
60,2024-02-07,2024-01-17,0.07715155602236512,0.031386044510052176,0.5639462362681964
60,2024-02-08,2024-01-17,0.07175850571431186,0.031386044510052176,0.5814116782019336
60,2024-02-09,2024-01-17,0.04717337481720454,0.031386044510052176,0.4670472369860716
60,2024-02-10,2024-01-17,0.04735241229205679,0.031386044510052176,0.4791511565495154
60,2024-02-11,2024-01-17,0.06348003758572497,0.031386044510052176,0.449404647909865
60,2024-02-12,2024-01-17,0.0635209702215799,0.031386044510052176,0.3445551008698995
60,2024-02-13,2024-01-17,0.06768843356560002,0.031386044510052176,0.2862180553199736
60,2024-02-14,2024-01-17,0.06302436949728497,0.031386044510052176,0.2677212952481862
60,2024-02-15,2024-01-17,0.0688994003494254,0.031386044510052176,0.2224361989205858
60,2024-02-16,2024-02-16,0.08092213144392107,0.033468319486556944,0.223874901652997
60,2024-02-17,2024-02-16,0.07996445202649381,0.033468319486556944,0.1865654040924322
60,2024-02-18,2024-02-16,0.08018879350528037,0.033468319486556944,0.2173555128182751
60,2024-02-19,2024-02-16,0.08663359310243499,0.033468319486556944,0.232609228478835
60,2024-02-20,2024-02-16,0.08784647955904695,0.033468319486556944,0.2426723374159614
60,2024-02-21,2024-02-16,0.08838174102783687,0.033468319486556944,0.2524959310032384
60,2024-02-22,2024-02-16,0.0875573797610773,0.033468319486556944,0.3028149434121778
60,2024-02-23,2024-02-16,0.08739016196201534,0.033468319486556944,0.3088011130347043
60,2024-02-24,2024-02-16,0.08877403371163455,0.033468319486556944,0.246690112631384
60,2024-02-25,2024-02-16,0.08927646957074524,0.033468319486556944,0.2468543182382752
60,2024-02-26,2024-02-16,0.0784425192792078,0.033468319486556944,0.1705973239455493
60,2024-02-27,2024-02-16,0.07858683036875935,0.033468319486556944,0.1126391939035027
60,2024-02-28,2024-02-16,0.012809523985315973,0.033468319486556944,0.0109962663437559
60,2024-02-29,2024-02-16,0.012091176670367633,0.033468319486556944,0.0447403264269605
60,2024-03-01,2024-02-16,0.01312885014131527,0.033468319486556944,-0.027503730691368
60,2024-03-02,2024-02-16,0.012610984000910907,0.033468319486556944,-0.0584363437143877
60,2024-03-03,2024-02-16,0.012841139160720801,0.033468319486556944,-0.0642228653973122
60,2024-03-04,2024-02-16,0.011911952564622276,0.033468319486556944,-0.078593951180228
60,2024-03-05,2024-02-16,0.015067258459709649,0.033468319486556944,0.0026368397092397
60,2024-03-06,2024-02-16,0.016946591339962968,0.033468319486556944,-0.0312080205781271
60,2024-03-07,2024-02-16,0.016737447363309673,0.033468319486556944,-0.0547411923139832
60,2024-03-08,2024-02-16,0.017197840766148775,0.033468319486556944,-0.0853163905508455
60,2024-03-09,2024-02-16,0.015876421938048245,0.033468319486556944,-0.1042292368671563
60,2024-03-10,2024-02-16,0.014696678300656896,0.033468319486556944,-0.0852990346871072
60,2024-03-11,2024-02-16,0.01366754266920137,0.033468319486556944,-0.1564706894327127
60,2024-03-12,2024-02-16,0.012908656566354497,0.033468319486556944,-0.1487154805022279
60,2024-03-13,2024-02-16,0.013955253649795836,0.033468319486556944,-0.1585881730190643
60,2024-03-14,2024-02-16,0.015350856028543847,0.033468319486556944,-0.1183497051504056
60,2024-03-15,2024-02-16,0.012197681744796941,0.033468319486556944,-0.1139910373907282
60,2024-03-16,2024-02-16,0.014411848362958921,0.033468319486556944,0.0138723010788717
60,2024-03-17,2024-03-17,0.10018565452869843,0.04483696970730208,-0.0461779397685275
60,2024-03-18,2024-03-17,0.10021958801503408,0.04483696970730208,-0.0086672102746946
60,2024-03-19,2024-03-17,0.08510615288514876,0.04483696970730208,0.0803682427741556
60,2024-03-20,2024-03-17,-0.026323557942189994,0.04483696970730208,-0.0230909231077419
60,2024-03-21,2024-03-17,-0.0254265619674733,0.04483696970730208,0.0907669423814225
60,2024-03-22,2024-03-17,0.007491203996175589,0.04483696970730208,0.099561669705489
60,2024-03-23,2024-03-17,0.008194240251567227,0.04483696970730208,0.08089715879088
60,2024-03-24,2024-03-17,-0.030177716775491702,0.04483696970730208,0.0113027840057704
60,2024-03-25,2024-03-17,-0.028656849749442426,0.04483696970730208,-0.0190329108424568
60,2024-03-26,2024-03-17,-0.029731714903620747,0.04483696970730208,-0.0099649939989711
60,2024-03-27,2024-03-17,-0.03021233374576965,0.04483696970730208,-0.0138523123437905
60,2024-03-28,2024-03-17,-0.03021233374576965,0.04483696970730208,-0.018990655631628
60,2024-03-29,2024-03-17,-0.037866529291541516,0.04483696970730208,-0.0207893883139628
60,2024-03-30,2024-03-17,-0.03679793988460557,0.04483696970730208,-0.027733537523544
60,2024-03-31,2024-03-17,-0.03537377107270737,0.04483696970730208,-0.0410751906460169
60,2024-04-01,2024-03-17,-0.03682390931476805,0.04483696970730208,-0.0302914006931822
60,2024-04-02,2024-03-17,-0.035934835258556674,0.04483696970730208,0.0351775075121454
60,2024-04-03,2024-03-17,-0.03574895449502914,0.04483696970730208,0.0273235351547103
60,2024-04-04,2024-03-17,-0.03622307434552237,0.04483696970730208,0.004703174098624
60,2024-04-05,2024-03-17,-0.03495706574750471,0.04483696970730208,0.0400648062491908
60,2024-04-06,2024-03-17,-0.03622307434552237,0.04483696970730208,0.0321063632141198
60,2024-04-07,2024-03-17,-0.03357700526916045,0.04483696970730208,0.0207419537289221
60,2024-04-08,2024-03-17,-0.03768946567652471,0.04483696970730208,-0.031616866796984
60,2024-04-09,2024-03-17,-0.037027944927246044,0.04483696970730208,0.0023784456078443
60,2024-04-10,2024-03-17,-0.0401175080219357,0.04483696970730208,-0.0139165364595869
60,2024-04-11,2024-03-17,0.005038439315789676,0.04483696970730208,-0.0066598358460382
60,2024-04-12,2024-03-17,-0.03335076842664807,0.04483696970730208,0.0029459215108291
60,2024-04-13,2024-03-17,-0.035934835258556674,0.04483696970730208,0.0678844468264208
60,2024-04-14,2024-03-17,-0.03574895449502914,0.04483696970730208,0.0169226144134857
60,2024-04-15,2024-03-17,-0.03648925141626024,0.04483696970730208,0.0413749671042207
60,2024-04-16,2024-04-16,-0.10584918741687448,0.05928556015407866,0.0381679042295761
60,2024-04-17,2024-04-16,-0.06832031105778075,0.05928556015407866,0.0881157268988535
60,2024-04-18,2024-04-16,-0.1029662860653822,0.05928556015407866,0.0478059898459242
60,2024-04-19,2024-04-16,-0.1302598040507859,0.05928556015407866,0.0212684475745952
60,2024-04-20,2024-04-16,-0.13053461346623194,0.05928556015407866,0.0005201677410076
60,2024-04-21,2024-04-16,-0.11035939481575473,0.05928556015407866,-0.0010957613162071
60,2024-04-22,2024-04-16,-0.13359025171669664,0.05928556015407866,-0.0400447056330416
60,2024-04-23,2024-04-16,-0.11353313796018441,0.05928556015407866,-0.0324026560664919
60,2024-04-24,2024-04-16,-0.15503198489014952,0.05928556015407866,-0.016792454268257
60,2024-04-25,2024-04-16,-0.044524460679447764,0.05928556015407866,-0.0651960965196932
60,2024-04-26,2024-04-16,0.07014402870028077,0.05928556015407866,-0.0307981761332638
60,2024-04-27,2024-04-16,0.09484990628013158,0.05928556015407866,-0.0409219819488771
60,2024-04-28,2024-04-16,0.04996543936417697,0.05928556015407866,-0.0223729542882908
60,2024-04-29,2024-04-16,0.06860376184506091,0.05928556015407866,-0.0538339648639338
60,2024-04-30,2024-04-16,-0.062014206000726095,0.05928556015407866,0.0051865770042194
60,2024-05-01,2024-04-16,-0.0740632003425029,0.05928556015407866,0.0755083057525773
60,2024-05-02,2024-04-16,0.005173841928267729,0.05928556015407866,0.0650074558999644
60,2024-05-03,2024-04-16,0.026950609064214964,0.05928556015407866,-0.0118720759721262
60,2024-05-04,2024-04-16,0.0544458969199038,0.05928556015407866,-0.0576513130587159
60,2024-05-05,2024-04-16,0.021073586334189084,0.05928556015407866,-0.1087607011185401
60,2024-05-06,2024-04-16,0.07350911714150775,0.05928556015407866,-0.1034810470767205
60,2024-05-07,2024-04-16,0.09049644710220514,0.05928556015407866,-0.0655081647089939
60,2024-05-08,2024-04-16,0.08864965106118747,0.05928556015407866,-0.0871867269850831
60,2024-05-09,2024-04-16,0.12276897770673258,0.05928556015407866,-0.1008242539201169
60,2024-05-10,2024-04-16,0.08876369630454084,0.05928556015407866,-0.0452301061233726
60,2024-05-11,2024-04-16,0.07477344777220787,0.05928556015407866,-0.0509673578679114
60,2024-05-12,2024-04-16,0.03807031434553073,0.05928556015407866,-0.0674012860908994
60,2024-05-13,2024-04-16,0.020874427841947596,0.05928556015407866,-0.0802506129639492
60,2024-05-14,2024-04-16,0.013186535952713031,0.05928556015407866,-0.0385444421329937
60,2024-05-15,2024-04-16,-0.029603301319106295,0.05928556015407866,-0.0816927340971052
60,2024-05-16,2024-05-16,-0.006772837635059874,0.05879681539621698,-0.0078342661884586
60,2024-05-17,2024-05-16,-0.043237472307842625,0.05879681539621698,-0.0295418059202674
60,2024-05-18,2024-05-16,-0.05754398184800829,0.05879681539621698,-0.0422506396155133
60,2024-05-19,2024-05-16,-0.04039554139279507,0.05879681539621698,-0.0344945175340981
60,2024-05-20,2024-05-16,-0.13668413196511206,0.05879681539621698,-0.0669957515135074
60,2024-05-21,2024-05-16,-0.0761214056380143,0.05879681539621698,-0.0428859756339208
60,2024-05-22,2024-05-16,-0.05480863447851246,0.05879681539621698,-0.0144763471165715
60,2024-05-23,2024-05-16,-0.006104681821743307,0.05879681539621698,-0.0064387561212982
60,2024-05-24,2024-05-16,0.0033525667841937403,0.05879681539621698,-0.038132463622533
60,2024-05-25,2024-05-16,-0.006509924676108003,0.05879681539621698,-0.0564949891449876
60,2024-05-26,2024-05-16,-0.0234733645770099,0.05879681539621698,-0.0395243335527248
60,2024-05-27,2024-05-16,-0.03654440583839055,0.05879681539621698,-0.0220120763697094
60,2024-05-28,2024-05-16,0.016380681013491827,0.05879681539621698,-0.007337745815362
60,2024-05-29,2024-05-16,0.045234155676973364,0.05879681539621698,0.0088313174901948
60,2024-05-30,2024-05-16,0.010700774264008856,0.05879681539621698,-0.0229324101926828
60,2024-05-31,2024-05-16,0.024793611405158004,0.05879681539621698,-0.0200179123455859
60,2024-06-01,2024-05-16,0.06249808712422031,0.05879681539621698,-0.0463183695272837
60,2024-06-02,2024-05-16,0.061082854041964764,0.05879681539621698,-0.035587509479363
60,2024-06-03,2024-05-16,0.10569869827064084,0.05879681539621698,-0.1062575298031242
60,2024-06-04,2024-05-16,0.028727182840610807,0.05879681539621698,-0.1394974668915294
60,2024-06-05,2024-05-16,0.05223947770983081,0.05879681539621698,-0.1820751532879563
60,2024-06-06,2024-05-16,0.03514788284006937,0.05879681539621698,-0.237012327564801
60,2024-06-07,2024-05-16,0.09971549166596914,0.05879681539621698,-0.1922496525154422
60,2024-06-08,2024-05-16,0.10176369152731701,0.05879681539621698,-0.2045333417207158
60,2024-06-09,2024-05-16,0.11733775472559718,0.05879681539621698,-0.1143196358151129
60,2024-06-10,2024-05-16,0.12237903566892981,0.05879681539621698,-0.1251367558239862
60,2024-06-11,2024-05-16,0.13229040236943707,0.05879681539621698,-0.0949387529295436
60,2024-06-12,2024-05-16,0.13897448143824057,0.05879681539621698,-0.1399185720026035
60,2024-06-13,2024-05-16,0.14542866980680863,0.05879681539621698,-0.1112181403833674
60,2024-06-14,2024-05-16,0.11708438430258601,0.05879681539621698,-0.082624323575847
60,2024-06-15,2024-06-15,0.16909779969436364,0.05757030366497174,-0.1139220800791203
60,2024-06-16,2024-06-15,0.16909779969436364,0.05757030366497174,-0.1370161796737009
60,2024-06-17,2024-06-15,0.1891830749180982,0.05757030366497174,-0.1147253118706707
60,2024-06-18,2024-06-15,0.21333961262761827,0.05757030366497174,-0.0872006458886585
60,2024-06-19,2024-06-15,0.21333961262761827,0.05757030366497174,-0.1007631162872376
60,2024-06-20,2024-06-15,0.21333961262761827,0.05757030366497174,-0.0837288552071612
60,2024-06-21,2024-06-15,0.21333961262761827,0.05757030366497174,-0.0799731103169202
60,2024-06-22,2024-06-15,0.21333961262761827,0.05757030366497174,-0.0483330664571494
60,2024-06-23,2024-06-15,0.21333961262761827,0.05757030366497174,-0.044837360411745
60,2024-06-24,2024-06-15,0.21333961262761827,0.05757030366497174,0.06209545670912
60,2024-06-25,2024-06-15,0.21333961262761827,0.05757030366497174,0.0380383719965096
60,2024-06-26,2024-06-15,0.21333961262761827,0.05757030366497174,0.0551221646467041
60,2024-06-27,2024-06-15,0.21333961262761827,0.05757030366497174,0.0182724761277057
60,2024-06-28,2024-06-15,0.21333961262761827,0.05757030366497174,-0.016761148503736
60,2024-06-29,2024-06-15,0.21333961262761827,0.05757030366497174,-0.0320033817220415
60,2024-06-30,2024-06-15,0.21333961262761827,0.05757030366497174,-0.0543713671109146
60,2024-07-01,2024-06-15,0.21333961262761827,0.05757030366497174,-0.060031806046392
60,2024-07-02,2024-06-15,0.21333961262761827,0.05757030366497174,-0.0508804391436968
60,2024-07-03,2024-06-15,0.21333961262761827,0.05757030366497174,-0.0482775046347214
60,2024-07-04,2024-06-15,0.21333961262761827,0.05757030366497174,0.0364964002635581
60,2024-07-05,2024-06-15,0.21333961262761827,0.05757030366497174,0.0151679031107676
60,2024-07-06,2024-06-15,0.21333961262761827,0.05757030366497174,-0.0044518190153447
60,2024-07-07,2024-06-15,0.21333961262761827,0.05757030366497174,0.0057680385249618
60,2024-07-08,2024-06-15,0.21333961262761827,0.05757030366497174,-0.0485174722143955
60,2024-07-09,2024-06-15,0.21333961262761827,0.05757030366497174,-0.0669963824289405
60,2024-07-10,2024-06-15,0.21333961262761827,0.05757030366497174,-0.049473502772155
60,2024-07-11,2024-06-15,0.21333961262761827,0.05757030366497174,-0.0051951616928459
60,2024-07-12,2024-06-15,0.21333961262761827,0.05757030366497174,-0.00437232570553
60,2024-07-13,2024-06-15,0.21333961262761827,0.05757030366497174,-0.0315184678337721
60,2024-07-14,2024-06-15,0.21333961262761827,0.05757030366497174,-0.0438434479079955
60,2024-07-15,2024-07-15,0.2140554658101558,0.05521819627338688,-0.0652946489516894
60,2024-07-16,2024-07-15,0.2140554658101558,0.05521819627338688,-0.0776545227314622
60,2024-07-17,2024-07-15,0.2140554658101558,0.05521819627338688,-0.0773310256726728
60,2024-07-18,2024-07-15,0.2140554658101558,0.05521819627338688,-0.0902346880473689
60,2024-07-19,2024-07-15,0.21266404450402426,0.05521819627338688,-0.0951996699669966
60,2024-07-20,2024-07-15,0.21266404450402426,0.05521819627338688,-0.0801306703191364
60,2024-07-21,2024-07-15,0.21266404450402426,0.05521819627338688,-0.0765396314314577
60,2024-07-22,2024-07-15,0.21266404450402426,0.05521819627338688,-0.0641319575709354
60,2024-07-23,2024-07-15,0.21266404450402426,0.05521819627338688,-0.0392357681333764
60,2024-07-24,2024-07-15,0.21266404450402426,0.05521819627338688,-0.0274908223201174
60,2024-07-25,2024-07-15,0.21266404450402426,0.05521819627338688,-0.0373854387427345
60,2024-07-26,2024-07-15,0.2131242456201214,0.05521819627338688,-0.0536798394415739
60,2024-07-27,2024-07-15,0.2140554658101558,0.05521819627338688,-0.0698782706030501
60,2024-07-28,2024-07-15,0.2140554658101558,0.05521819627338688,-0.0450680645885385
60,2024-07-29,2024-07-15,0.2140554658101558,0.05521819627338688,-0.0151942009463547
60,2024-07-30,2024-07-15,0.2140554658101558,0.05521819627338688,-0.0049857980298543
60,2024-07-31,2024-07-15,0.2140554658101558,0.05521819627338688,0.0150710218481153
60,2024-08-01,2024-07-15,0.2140554658101558,0.05521819627338688,-0.0310069678957775
60,2024-08-02,2024-07-15,0.2140554658101558,0.05521819627338688,-0.0112612814039015
60,2024-08-03,2024-07-15,0.2140554658101558,0.05521819627338688,-0.0008024977433355
60,2024-08-04,2024-07-15,0.2140554658101558,0.05521819627338688,0.0445609600935335
60,2024-08-05,2024-07-15,0.21266404450402426,0.05521819627338688,0.1493403871725422
60,2024-08-06,2024-07-15,0.21266404450402426,0.05521819627338688,0.107743188793119
60,2024-08-07,2024-07-15,0.21266404450402426,0.05521819627338688,0.1394008723448403
60,2024-08-08,2024-07-15,0.021794778914976918,0.05521819627338688,0.0087217535132368
60,2024-08-09,2024-07-15,0.021794778914976918,0.05521819627338688,0.0217380620234166
60,2024-08-10,2024-07-15,0.021794778914976918,0.05521819627338688,-0.0047188679706734
60,2024-08-11,2024-07-15,0.021794778914976918,0.05521819627338688,0.0274864385986037
60,2024-08-12,2024-07-15,0.021794778914976918,0.05521819627338688,0.0538086065192571
60,2024-08-13,2024-07-15,0.0459769584429264,0.05521819627338688,0.0432281432614012
60,2024-08-14,2024-08-14,0.07930696080281274,0.05172527461546517,0.0713426746478005
60,2024-08-15,2024-08-14,0.08029028296207383,0.05172527461546517,0.1484666775342686
60,2024-08-16,2024-08-14,0.07729683254021637,0.05172527461546517,0.1392712646879979
60,2024-08-17,2024-08-14,0.07729683254021637,0.05172527461546517,0.1366237706958533
60,2024-08-18,2024-08-14,0.16240662928239158,0.05172527461546517,0.153942117860899
60,2024-08-19,2024-08-14,0.16240662928239158,0.05172527461546517,0.1512403576806278
60,2024-08-20,2024-08-14,0.16240662928239158,0.05172527461546517,0.1586781396893608
60,2024-08-21,2024-08-14,0.16240662928239158,0.05172527461546517,0.128784684028705
60,2024-08-22,2024-08-14,0.16240662928239158,0.05172527461546517,0.1159679103429451
60,2024-08-23,2024-08-14,0.14061107026766545,0.05172527461546517,0.0529185829995171
60,2024-08-24,2024-08-14,0.14061107026766545,0.05172527461546517,0.0391483331283672
60,2024-08-25,2024-08-14,0.14061107026766545,0.05172527461546517,0.0619476798505138
60,2024-08-26,2024-08-14,0.14061107026766545,0.05172527461546517,0.0615006206830697
60,2024-08-27,2024-08-14,0.055494292134419844,0.05172527461546517,0.1292225868888326
60,2024-08-28,2024-08-14,0.055494292134419844,0.05172527461546517,0.1522285969824628
60,2024-08-29,2024-08-14,0.055494292134419844,0.05172527461546517,0.178628316071983
60,2024-08-30,2024-08-14,0.055494292134419844,0.05172527461546517,0.2302353071908713
60,2024-08-31,2024-08-14,0.055494292134419844,0.05172527461546517,0.2267228315398026
60,2024-09-01,2024-08-14,0.055494292134419844,0.05172527461546517,0.2266968297364169
60,2024-09-02,2024-08-14,0.055494292134419844,0.05172527461546517,0.175266475264801
60,2024-09-03,2024-08-14,0.055494292134419844,0.05172527461546517,0.2067747326255533
60,2024-09-04,2024-08-14,0.055494292134419844,0.05172527461546517,0.186388170616637
60,2024-09-05,2024-08-14,0.055494292134419844,0.05172527461546517,0.2077253470986115
60,2024-09-06,2024-08-14,0.055494292134419844,0.05172527461546517,0.2855484047671948
60,2024-09-07,2024-08-14,0.055494292134419844,0.05172527461546517,0.3953247788162892
60,2024-09-08,2024-08-14,0.055494292134419844,0.05172527461546517,0.3825033556618877
60,2024-09-09,2024-08-14,0.055494292134419844,0.05172527461546517,0.341288524245293
60,2024-09-10,2024-08-14,0.055494292134419844,0.05172527461546517,0.3303746495896056
60,2024-09-11,2024-08-14,0.055494292134419844,0.05172527461546517,0.4016884090829815
60,2024-09-12,2024-08-14,0.055494292134419844,0.05172527461546517,0.5249346662923484
60,2024-09-13,2024-09-13,0.057423853013082705,0.04952242381132782,0.453800290918708
60,2024-09-14,2024-09-13,0.057423853013082705,0.04952242381132782,0.5064283300910122
60,2024-09-15,2024-09-13,0.03179197926698033,0.04952242381132782,0.4767907393627815
60,2024-09-16,2024-09-13,0.057423853013082705,0.04952242381132782,0.5637490232158973
60,2024-09-17,2024-09-13,0.012366799729987943,0.04952242381132782,0.5019221908548912
60,2024-09-18,2024-09-13,0.011954009520895497,0.04952242381132782,0.4549223534524538
60,2024-09-19,2024-09-13,0.011954009520895497,0.04952242381132782,0.4371242036481229
60,2024-09-20,2024-09-13,0.011954009520895497,0.04952242381132782,0.4605894996997675
60,2024-09-21,2024-09-13,0.011954009520895497,0.04952242381132782,0.4883679226936006
60,2024-09-22,2024-09-13,0.06765641443950084,0.04952242381132782,0.5463831002680768
60,2024-09-23,2024-09-13,0.06765641443950084,0.04952242381132782,0.5612885319369327
60,2024-09-24,2024-09-13,0.06765641443950084,0.04952242381132782,0.5198925659830664
60,2024-09-25,2024-09-13,0.06765641443950084,0.04952242381132782,0.5502284091986935
60,2024-09-26,2024-09-13,0.06765641443950084,0.04952242381132782,0.4271032048214325
60,2024-09-27,2024-09-13,0.06765641443950084,0.04952242381132782,0.3982853871714971
60,2024-09-28,2024-09-13,0.06765641443950084,0.04952242381132782,0.4556031157945883
60,2024-09-29,2024-09-13,0.06765641443950084,0.04952242381132782,0.4579428282761459
60,2024-09-30,2024-09-13,0.0659047673391458,0.04952242381132782,0.5389816666006082
60,2024-10-01,2024-09-13,0.030930461261234384,0.04952242381132782,0.5855070027882219
60,2024-10-02,2024-09-13,0.06765641443950084,0.04952242381132782,0.6024127574144325
60,2024-10-03,2024-09-13,0.06765641443950084,0.04952242381132782,0.5775530013393642
60,2024-10-04,2024-09-13,0.06765641443950084,0.04952242381132782,0.5438213123731599
60,2024-10-05,2024-09-13,0.06765641443950084,0.04952242381132782,0.588631924973412
60,2024-10-06,2024-09-13,0.06765641443950084,0.04952242381132782,0.5432309597387197
60,2024-10-07,2024-09-13,0.10507953993655858,0.04952242381132782,0.6029319876574954
60,2024-10-08,2024-09-13,0.10507953993655858,0.04952242381132782,0.6060360849793818
60,2024-10-09,2024-09-13,0.10507953993655858,0.04952242381132782,0.6674839476601533
60,2024-10-10,2024-09-13,0.10507953993655858,0.04952242381132782,0.6125027537699506
60,2024-10-11,2024-09-13,0.10507953993655858,0.04952242381132782,0.5444995203070035
60,2024-10-12,2024-09-13,0.10507953993655858,0.04952242381132782,0.5999216532803258
60,2024-10-13,2024-10-13,0.13035027785228165,0.048113200183986286,0.590651474263886
60,2024-10-14,2024-10-13,0.1334733988967854,0.048113200183986286,0.5347779394071088
60,2024-10-15,2024-10-13,0.13659282382105056,0.048113200183986286,0.512058149385143
60,2024-10-16,2024-10-13,0.12434456392913476,0.048113200183986286,0.5448680057870445
60,2024-10-17,2024-10-13,0.12169947931857901,0.048113200183986286,0.5730622952998274
60,2024-10-18,2024-10-13,0.1178261970945895,0.048113200183986286,0.5510279417782196
60,2024-10-19,2024-10-13,0.11188750675904263,0.048113200183986286,0.4654422475065078
60,2024-10-20,2024-10-13,0.11879165339199992,0.048113200183986286,0.4118361646535178
60,2024-10-21,2024-10-13,0.10679061254879546,0.048113200183986286,0.4516038736967089
60,2024-10-22,2024-10-13,0.11140195819018474,0.048113200183986286,0.4429447097558805
60,2024-10-23,2024-10-13,0.11240311230029588,0.048113200183986286,0.4277515743906621
60,2024-10-24,2024-10-13,0.12090876125185003,0.048113200183986286,0.3912589877633279
60,2024-10-25,2024-10-13,0.12098582674798448,0.048113200183986286,0.4792511296759603
60,2024-10-26,2024-10-13,0.11476165808740295,0.048113200183986286,0.4819721233706888
60,2024-10-27,2024-10-13,0.11602067008010118,0.048113200183986286,0.408250602381299
60,2024-10-28,2024-10-13,0.12081690883592663,0.048113200183986286,0.3478566500400715
60,2024-10-29,2024-10-13,0.1485297739720094,0.048113200183986286,0.3102102083110496
60,2024-10-30,2024-10-13,0.1284991244608232,0.048113200183986286,0.2957154867098837
60,2024-10-31,2024-10-13,0.11572652587379216,0.048113200183986286,0.3200938485042612
60,2024-11-01,2024-10-13,0.12572569708370998,0.048113200183986286,0.3464945685371003
60,2024-11-02,2024-10-13,0.12679486293606404,0.048113200183986286,0.363490371279229
60,2024-11-03,2024-10-13,0.1471879011927211,0.048113200183986286,0.4101547647660177
60,2024-11-04,2024-10-13,0.17595498976294083,0.048113200183986286,0.4469294846087717
60,2024-11-05,2024-10-13,0.15235361869234945,0.048113200183986286,0.4158520129372063
60,2024-11-06,2024-10-13,0.12027579894252624,0.048113200183986286,0.3015881942502769
60,2024-11-07,2024-10-13,0.12419013954035493,0.048113200183986286,0.3477253321968223
60,2024-11-08,2024-10-13,0.13791561647291214,0.048113200183986286,0.2672185176849286
60,2024-11-09,2024-10-13,0.12831705032227592,0.048113200183986286,0.2397464652584995
60,2024-11-10,2024-10-13,0.12466066512634888,0.048113200183986286,0.1515799239044515
60,2024-11-11,2024-10-13,0.12051602657802962,0.048113200183986286,0.0685646679637066
60,2024-11-12,2024-11-12,0.13102946865811113,0.05209743115741597,0.0755864476548064
60,2024-11-13,2024-11-12,0.13105899648743397,0.05209743115741597,0.0461394276305888
60,2024-11-14,2024-11-12,0.13052743143143755,0.05209743115741597,0.0825704126362043
60,2024-11-15,2024-11-12,0.10558362253667111,0.05209743115741597,0.0607345301496493
60,2024-11-16,2024-11-12,0.10572636855332995,0.05209743115741597,0.1094024391159342
60,2024-11-17,2024-11-12,0.10849711140898152,0.05209743115741597,0.1127505244781121
60,2024-11-18,2024-11-12,0.10805440924753754,0.05209743115741597,0.1504840374212614
60,2024-11-19,2024-11-12,0.10895732330946192,0.05209743115741597,0.1326544816700192
60,2024-11-20,2024-11-12,0.10294295164844126,0.05209743115741597,0.0747191328223237
60,2024-11-21,2024-11-12,0.08407736829787364,0.05209743115741597,0.0401037988094037
60,2024-11-22,2024-11-12,0.08397404527630466,0.05209743115741597,0.0733307042025643
60,2024-11-23,2024-11-12,0.08375045665586552,0.05209743115741597,0.0617806053706062
60,2024-11-24,2024-11-12,0.0974180776861289,0.05209743115741597,0.0613922118928653
60,2024-11-25,2024-11-12,0.08928904793338507,0.05209743115741597,0.1275184251673558
60,2024-11-26,2024-11-12,0.0926773451875439,0.05209743115741597,0.1389840456973055
60,2024-11-27,2024-11-12,0.08955172150965843,0.05209743115741597,0.0704847777210648
60,2024-11-28,2024-11-12,0.09450006037265891,0.05209743115741597,0.0673210169631168
60,2024-11-29,2024-11-12,0.08858062206771383,0.05209743115741597,0.039765237020316
60,2024-11-30,2024-11-12,0.09267856289001322,0.05209743115741597,0.0759817728800278
60,2024-12-01,2024-11-12,0.10704665675852161,0.05209743115741597,0.0775607968210791
60,2024-12-02,2024-11-12,0.10694478785266803,0.05209743115741597,0.0687489292118519
60,2024-12-03,2024-11-12,0.11166647217621045,0.05209743115741597,0.0499319298789593
60,2024-12-04,2024-11-12,0.10766656960141964,0.05209743115741597,-0.0089943615466979
60,2024-12-05,2024-11-12,0.11616377798221557,0.05209743115741597,0.0452097737670074
60,2024-12-06,2024-11-12,0.11548054043401366,0.05209743115741597,-0.0198284875082261
60,2024-12-07,2024-11-12,0.11429440050435127,0.05209743115741597,-0.0322497828601835
60,2024-12-08,2024-11-12,0.09544622647317859,0.05209743115741597,-0.045052501943683
60,2024-12-09,2024-11-12,0.12759969980233382,0.05209743115741597,-0.0079121908926177
60,2024-12-10,2024-11-12,0.15546033122793038,0.05209743115741597,-0.0015348938328864
60,2024-12-11,2024-11-12,0.1424483896114955,0.05209743115741597,-0.0461038318912236
60,2024-12-12,2024-12-12,0.19566183287964006,0.06347370243213456,-0.0257335960287302
60,2024-12-13,2024-12-12,0.19551648044953826,0.06347370243213456,-0.0556676534457982
60,2024-12-14,2024-12-12,0.19443740595384365,0.06347370243213456,-0.035003056596332
60,2024-12-15,2024-12-12,0.21552673278512088,0.06347370243213456,-0.0752015120234255
60,2024-12-16,2024-12-12,0.19770543172830482,0.06347370243213456,-0.0806928920278646
60,2024-12-17,2024-12-12,0.19466189777941556,0.06347370243213456,-0.0806913993608441
60,2024-12-18,2024-12-12,0.21405636336471082,0.06347370243213456,-0.040775713466956
60,2024-12-19,2024-12-12,0.22400839772955577,0.06347370243213456,-0.0172565965804469
60,2024-12-20,2024-12-12,0.233672270085714,0.06347370243213456,-0.0218157599413693
60,2024-12-21,2024-12-12,0.23407113902428256,0.06347370243213456,-0.0066564575357129
60,2024-12-22,2024-12-12,0.23909583219982475,0.06347370243213456,0.0327644942910358
60,2024-12-23,2024-12-12,0.23547966714136725,0.06347370243213456,0.0137066805562771
60,2024-12-24,2024-12-12,0.23698803925401843,0.06347370243213456,-0.0214118522761894
60,2024-12-25,2024-12-12,0.2497029357919516,0.06347370243213456,-0.0318979458833185
60,2024-12-26,2024-12-12,0.24213869013228895,0.06347370243213456,-0.0442493913871362
60,2024-12-27,2024-12-12,0.25420004146025077,0.06347370243213456,-0.0595831155421217
60,2024-12-28,2024-12-12,0.2505427196126325,0.06347370243213456,-0.1159486883525708
60,2024-12-29,2024-12-12,0.2515656849331533,0.06347370243213456,-0.0963280711598899
60,2024-12-30,2024-12-12,0.2668613928643569,0.06347370243213456,-0.0909788069128767
60,2024-12-31,2024-12-12,0.2363958439029465,0.06347370243213456,-0.0802713302556211
60,2025-01-01,2024-12-12,0.26903652031058567,0.06347370243213456,-0.0034018808609076
60,2025-01-02,2024-12-12,0.2373897816470599,0.06347370243213456,-0.1109883312630773
60,2025-01-03,2024-12-12,0.24150842282285528,0.06347370243213456,-0.1109477053946362
60,2025-01-04,2024-12-12,0.25047115669002046,0.06347370243213456,-0.0775244475440463
60,2025-01-05,2024-12-12,0.25748637229945703,0.06347370243213456,-0.0857199120691076
60,2025-01-06,2024-12-12,0.22357887563217393,0.06347370243213456,-0.1509635586821029
60,2025-01-07,2024-12-12,0.2302735723045116,0.06347370243213456,-0.1106926220424175
60,2025-01-08,2024-12-12,0.23144597787588828,0.06347370243213456,-0.150706375648126
60,2025-01-09,2024-12-12,0.22504578429534502,0.06347370243213456,-0.1507969153504136
60,2025-01-10,2024-12-12,0.22040674630141716,0.06347370243213456,-0.124497036772649
60,2025-01-11,2025-01-11,0.1797085751616823,0.07076654982943834,-0.1154320418004273
60,2025-01-12,2025-01-11,0.17942048096159058,0.07076654982943834,-0.1420410542867073
60,2025-01-13,2025-01-11,0.17942048096159058,0.07076654982943834,-0.1116282562957432
60,2025-01-14,2025-01-11,0.17942048096159058,0.07076654982943834,-0.1265773730681354
60,2025-01-15,2025-01-11,0.17942048096159058,0.07076654982943834,-0.1783412199426154
60,2025-01-16,2025-01-11,0.17942048096159058,0.07076654982943834,-0.1597929937102012
60,2025-01-17,2025-01-11,0.1811908285191591,0.07076654982943834,-0.2052552579097802
60,2025-01-18,2025-01-11,0.1811908285191591,0.07076654982943834,-0.1693853154422265
60,2025-01-19,2025-01-11,0.18114577316383365,0.07076654982943834,-0.1688336616120721
60,2025-01-20,2025-01-11,0.18090273431906737,0.07076654982943834,-0.1776962470471106
60,2025-01-21,2025-01-11,0.18015669957084166,0.07076654982943834,-0.2101227372446178
60,2025-01-22,2025-01-11,0.18015669957084166,0.07076654982943834,-0.1699424125702245
60,2025-01-23,2025-01-11,0.18015669957084166,0.07076654982943834,-0.1579455904003393
60,2025-01-24,2025-01-11,0.17957040892345538,0.07076654982943834,-0.1666591653515526
60,2025-01-25,2025-01-11,0.17726643630930178,0.07076654982943834,-0.1702932355483721
60,2025-01-26,2025-01-11,0.17987328475965036,0.07076654982943834,-0.1499511791073865
60,2025-01-27,2025-01-11,0.18017148120694493,0.07076654982943834,-0.1729815875990115
60,2025-01-28,2025-01-11,0.17987328475965036,0.07076654982943834,-0.1844070075329954
60,2025-01-29,2025-01-11,0.17987328475965036,0.07076654982943834,-0.2057513098019496
60,2025-01-30,2025-01-11,0.1789126840083914,0.07076654982943834,-0.2117294453345179
60,2025-01-31,2025-01-11,0.17939023273346355,0.07076654982943834,-0.168615583235933
60,2025-02-01,2025-01-11,0.17921555984458637,0.07076654982943834,-0.1800491177828135
60,2025-02-02,2025-01-11,0.18017148120694493,0.07076654982943834,-0.1482846725900017
60,2025-02-03,2025-01-11,0.18017148120694493,0.07076654982943834,-0.1721001155449621
60,2025-02-04,2025-01-11,0.17921555984458637,0.07076654982943834,-0.1455061841821144
60,2025-02-05,2025-01-11,0.17846455959923205,0.07076654982943834,-0.1881996964572777
60,2025-02-06,2025-01-11,0.17921555984458637,0.07076654982943834,-0.1801173121666709
60,2025-02-07,2025-01-11,0.17921555984458637,0.07076654982943834,-0.2091498215669777
60,2025-02-08,2025-01-11,0.1769115872304328,0.07076654982943834,-0.1433932011222177
60,2025-02-09,2025-01-11,0.17681685485732776,0.07076654982943834,-0.1747353252939606
60,2025-02-10,2025-02-10,0.18742566441802255,0.07035840161134828,-0.1437633389516788
60,2025-02-11,2025-02-10,0.18742566441802255,0.07035840161134828,-0.1096418600474847
60,2025-02-12,2025-02-10,0.18742566441802255,0.07035840161134828,-0.1441707514223716
60,2025-02-13,2025-02-10,0.18742566441802255,0.07035840161134828,-0.1243845497905248
60,2025-02-14,2025-02-10,0.18742566441802255,0.07035840161134828,-0.1421171465002018
60,2025-02-15,2025-02-10,0.18742566441802255,0.07035840161134828,-0.1387652678096859
60,2025-02-16,2025-02-10,0.18742566441802255,0.07035840161134828,-0.1162133633075636
60,2025-02-17,2025-02-10,0.18742566441802255,0.07035840161134828,-0.1180341407391939
60,2025-02-18,2025-02-10,0.18742566441802255,0.07035840161134828,-0.1107404339045157
60,2025-02-19,2025-02-10,0.18742566441802255,0.07035840161134828,-0.1186321562238957
60,2025-02-20,2025-02-10,0.18742566441802255,0.07035840161134828,-0.1097479273689029
60,2025-02-21,2025-02-10,0.18742566441802255,0.07035840161134828,-0.0284771638096864
60,2025-02-22,2025-02-10,0.18742566441802255,0.07035840161134828,-0.0296209226604672
60,2025-02-23,2025-02-10,0.18742566441802255,0.07035840161134828,-0.0236606827484469
60,2025-02-24,2025-02-10,0.18742566441802255,0.07035840161134828,0.0337051111882005
60,2025-02-25,2025-02-10,0.18742566441802255,0.07035840161134828,0.0670678075425912
60,2025-02-26,2025-02-10,0.18742566441802255,0.07035840161134828,0.1127501466170541
60,2025-02-27,2025-02-10,0.18742566441802255,0.07035840161134828,0.1216240432787327
60,2025-02-28,2025-02-10,0.18742566441802255,0.07035840161134828,0.1174497575220563
60,2025-03-01,2025-02-10,0.18742566441802255,0.07035840161134828,0.0942022224486673
60,2025-03-02,2025-02-10,0.18742566441802255,0.07035840161134828,0.0235484247374562
60,2025-03-03,2025-02-10,0.18742566441802255,0.07035840161134828,0.1237120683790105
60,2025-03-04,2025-02-10,0.18742566441802255,0.07035840161134828,0.0982383763521406
60,2025-03-05,2025-02-10,0.18742566441802255,0.07035840161134828,0.0405228085863178
60,2025-03-06,2025-02-10,0.18742566441802255,0.07035840161134828,0.0533936293343773
60,2025-03-07,2025-02-10,0.18742566441802255,0.07035840161134828,0.1155768172876698
60,2025-03-08,2025-02-10,0.18742566441802255,0.07035840161134828,0.1253507642151203
60,2025-03-09,2025-02-10,0.18742566441802255,0.07035840161134828,0.2790289934757652
60,2025-03-10,2025-02-10,0.18742566441802255,0.07035840161134828,0.310145216300197
60,2025-03-11,2025-02-10,0.18742566441802255,0.07035840161134828,0.26378573834128
60,2025-03-12,2025-03-12,0.1520764215328271,0.0672625325351207,0.244238177478713
60,2025-03-13,2025-03-12,0.15571605887123424,0.0672625325351207,0.2672173034642582
60,2025-03-14,2025-03-12,0.1317194183295239,0.0672625325351207,0.2395779155831165
60,2025-03-15,2025-03-12,0.13896102336217384,0.0672625325351207,0.2272911379437419
60,2025-03-16,2025-03-12,0.15527168599389202,0.0672625325351207,0.2566067284912188
60,2025-03-17,2025-03-12,0.1403370565955848,0.0672625325351207,0.2315660403882726
60,2025-03-18,2025-03-12,0.14297311531989704,0.0672625325351207,0.2467703874374462
60,2025-03-19,2025-03-12,0.15138566459961542,0.0672625325351207,0.2257828057362265
60,2025-03-20,2025-03-12,0.18323951185766937,0.0672625325351207,0.2534966830473104
60,2025-03-21,2025-03-12,0.2292486857577522,0.0672625325351207,0.2706805508796119
60,2025-03-22,2025-03-12,0.17420517817720507,0.0672625325351207,0.3077673952437596
60,2025-03-23,2025-03-12,0.2044259752263992,0.0672625325351207,0.297548398338803
60,2025-03-24,2025-03-12,0.22511790788253247,0.0672625325351207,0.2265206491199358
60,2025-03-25,2025-03-12,0.2146709063753566,0.0672625325351207,0.233074391537891
60,2025-03-26,2025-03-12,0.20819181105819343,0.0672625325351207,0.2542311703126378
60,2025-03-27,2025-03-12,0.21816110594755034,0.0672625325351207,0.254525603617296
60,2025-03-28,2025-03-12,0.17165047818246854,0.0672625325351207,0.290363873563537
60,2025-03-29,2025-03-12,0.16706543063109305,0.0672625325351207,0.3040978098342695
60,2025-03-30,2025-03-12,0.17068518634486743,0.0672625325351207,0.281584692509369
60,2025-03-31,2025-03-12,0.1667153698972579,0.0672625325351207,0.259666473692735
60,2025-04-01,2025-03-12,0.17901353887135296,0.0672625325351207,0.2282047771245894
60,2025-04-02,2025-03-12,0.26692150933994874,0.0672625325351207,0.2802675689854694
60,2025-04-03,2025-03-12,0.24631265942145142,0.0672625325351207,0.2721314639319367
60,2025-04-04,2025-03-12,0.27827821700271743,0.0672625325351207,0.2561336666751301
60,2025-04-05,2025-03-12,0.25368919664715983,0.0672625325351207,0.2532844038981545
60,2025-04-06,2025-03-12,0.17587639323417267,0.0672625325351207,0.2942583195205914
60,2025-04-07,2025-03-12,0.21175629254939018,0.0672625325351207,0.3173846851139492
60,2025-04-08,2025-03-12,0.24267125493678393,0.0672625325351207,0.3829769810758097
60,2025-04-09,2025-03-12,0.19052473129393016,0.0672625325351207,0.2798368145724237
60,2025-04-10,2025-03-12,0.2255342613783707,0.0672625325351207,0.3850867948039942
60,2025-04-11,2025-04-11,0.10992805147710596,0.06214661498493812,0.3218570375087026
60,2025-04-12,2025-04-11,0.08195184939869095,0.06214661498493812,0.2740275502510059
60,2025-04-13,2025-04-11,0.10253981685266181,0.06214661498493812,0.2616013610315186
60,2025-04-14,2025-04-11,0.12650747562950046,0.06214661498493812,0.25386699243589
60,2025-04-15,2025-04-11,0.18873916308811362,0.06214661498493812,0.2602775166512261
60,2025-04-16,2025-04-11,0.20028512752651306,0.06214661498493812,0.2566170711116622
60,2025-04-17,2025-04-11,0.24775374152076743,0.06214661498493812,0.2571766627336682
60,2025-04-18,2025-04-11,0.2911687585468063,0.06214661498493812,0.2376626655865799
60,2025-04-19,2025-04-11,0.28893478713132964,0.06214661498493812,0.2328451599321603
60,2025-04-20,2025-04-11,0.2838162279393052,0.06214661498493812,0.2286865907702391
60,2025-04-21,2025-04-11,0.25173151453476406,0.06214661498493812,0.1803295228782135
60,2025-04-22,2025-04-11,0.07085214416535578,0.06214661498493812,0.0928589720855463
60,2025-04-23,2025-04-11,0.0965334125965077,0.06214661498493812,0.0776252125602565
60,2025-04-24,2025-04-11,0.08951382647076635,0.06214661498493812,0.120806588858302
60,2025-04-25,2025-04-11,0.08231990097445967,0.06214661498493812,0.1209264541728605
60,2025-04-26,2025-04-11,0.08693714310815082,0.06214661498493812,0.1343426892674473
60,2025-04-27,2025-04-11,0.10356868243590599,0.06214661498493812,0.1407771578027781
60,2025-04-28,2025-04-11,0.07773321912610547,0.06214661498493812,0.126684143908117
60,2025-04-29,2025-04-11,0.08362176570610491,0.06214661498493812,0.1383451086085865
60,2025-04-30,2025-04-11,0.08557993259399319,0.06214661498493812,0.150627893641422
60,2025-05-01,2025-04-11,0.10045099283787064,0.06214661498493812,0.1104425322813544
60,2025-05-02,2025-04-11,0.10987555452970416,0.06214661498493812,0.0907653998249922
60,2025-05-03,2025-04-11,0.1319529211337721,0.06214661498493812,0.1355483545077107
60,2025-05-04,2025-04-11,0.16814081889945917,0.06214661498493812,0.1623626052503235
60,2025-05-05,2025-04-11,0.1836140827216874,0.06214661498493812,0.1398716908284363
60,2025-05-06,2025-04-11,0.18227027053160771,0.06214661498493812,0.1173564827733062
60,2025-05-07,2025-04-11,0.15742586477689482,0.06214661498493812,0.1254589020977938
60,2025-05-08,2025-04-11,0.11535110894742005,0.06214661498493812,0.048433686869078
60,2025-05-09,2025-04-11,0.07262455317227273,0.06214661498493812,0.057792318085724
60,2025-05-10,2025-04-11,0.09486862626523797,0.06214661498493812,0.0612965252301007
60,2025-05-11,2025-05-11,0.11961319126711654,0.061474597581560826,0.1142165619777559
60,2025-05-12,2025-05-11,0.09681553003155796,0.061474597581560826,0.143361715755766
60,2025-05-13,2025-05-11,0.10802810290258075,0.061474597581560826,0.1279135846442374
60,2025-05-14,2025-05-11,0.08303063387331752,0.061474597581560826,0.1505086282369776
60,2025-05-15,2025-05-11,0.05409814604399716,0.061474597581560826,0.1549430913755878
60,2025-05-16,2025-05-11,0.05353128364260831,0.061474597581560826,0.1381563037929172
60,2025-05-17,2025-05-11,0.06290879085858724,0.061474597581560826,0.1503372794520137
60,2025-05-18,2025-05-11,0.08085280769289886,0.061474597581560826,0.1195189370533411
60,2025-05-19,2025-05-11,0.06713498451378967,0.061474597581560826,0.1169902667083688
60,2025-05-20,2025-05-11,0.13532182135752863,0.061474597581560826,0.1028545720968245
60,2025-05-21,2025-05-11,0.18098910355349473,0.061474597581560826,0.0695079593509866
60,2025-05-22,2025-05-11,0.2192162924498777,0.061474597581560826,0.0508893721640151
60,2025-05-23,2025-05-11,0.1796670165143866,0.061474597581560826,0.1177443176047328
60,2025-05-24,2025-05-11,0.17631646417606714,0.061474597581560826,0.1020219482004356
60,2025-05-25,2025-05-11,0.2273270349364203,0.061474597581560826,0.085655422970438
60,2025-05-26,2025-05-11,0.176849385100388,0.061474597581560826,0.0747433243121316
60,2025-05-27,2025-05-11,0.18378936472700672,0.061474597581560826,0.0824487872340797
60,2025-05-28,2025-05-11,0.16757479691459323,0.061474597581560826,0.1079381876974012
60,2025-05-29,2025-05-11,0.14852901716682898,0.061474597581560826,0.1181229238633485
60,2025-05-30,2025-05-11,0.14709606913312215,0.061474597581560826,0.13430028884802
60,2025-05-31,2025-05-11,0.16447861165721436,0.061474597581560826,0.1266677680906012
60,2025-06-01,2025-05-11,0.1396231694803911,0.061474597581560826,0.0958052753743199
60,2025-06-02,2025-05-11,0.08031654775163265,0.061474597581560826,0.0702822715602289
60,2025-06-03,2025-05-11,0.08496433760493302,0.061474597581560826,0.0680363597748994
60,2025-06-04,2025-05-11,0.08266882929416162,0.061474597581560826,0.0908521993878326
60,2025-06-05,2025-05-11,0.0649023196541949,0.061474597581560826,0.1334501640647873
60,2025-06-06,2025-05-11,0.07297675623408326,0.061474597581560826,0.0943662595777632
60,2025-06-07,2025-05-11,0.08482339625790875,0.061474597581560826,0.0894356012643988
60,2025-06-08,2025-05-11,0.12010195796081083,0.061474597581560826,0.1110145270206366
60,2025-06-09,2025-05-11,0.12923321599492577,0.061474597581560826,0.0581493233180081
60,2025-06-10,2025-06-10,0.1843859284047693,0.06585773868259902,0.0561133006494074
60,2025-06-11,2025-06-10,0.15578267432404372,0.06585773868259902,0.098015354946453
60,2025-06-12,2025-06-10,0.1432170428587119,0.06585773868259902,0.1231575370252764
60,2025-06-13,2025-06-10,0.1405931449765257,0.06585773868259902,0.1326288513659201
60,2025-06-14,2025-06-10,0.1274134800819354,0.06585773868259902,0.1697277531849466
60,2025-06-15,2025-06-10,0.16773671727556444,0.06585773868259902,0.1202822016135196
60,2025-06-16,2025-06-10,0.1658972729607323,0.06585773868259902,0.0987646090113416
60,2025-06-17,2025-06-10,0.1161299299055992,0.06585773868259902,0.122710152358888
60,2025-06-18,2025-06-10,0.1285902127801467,0.06585773868259902,0.1193499314212906
60,2025-06-19,2025-06-10,0.10033276868068572,0.06585773868259902,0.1105352174150253
60,2025-06-20,2025-06-10,0.06491326502932127,0.06585773868259902,0.0926925102802096
60,2025-06-21,2025-06-10,0.13830352944384233,0.06585773868259902,0.1189897063268992
60,2025-06-22,2025-06-10,0.10490303428875025,0.06585773868259902,0.1142599823085228
60,2025-06-23,2025-06-10,0.18988942522170438,0.06585773868259902,0.1101455153149608
60,2025-06-24,2025-06-10,0.17734709853815886,0.06585773868259902,0.0881861372698735
60,2025-06-25,2025-06-10,0.21365032048186325,0.06585773868259902,0.057322309978202
60,2025-06-26,2025-06-10,0.21357066990519158,0.06585773868259902,0.0295933333744751
60,2025-06-27,2025-06-10,0.2256398495249647,0.06585773868259902,0.0440517156901898
60,2025-06-28,2025-06-10,0.23240052670476424,0.06585773868259902,0.0369556256063206
60,2025-06-29,2025-06-10,0.2634777340801539,0.06585773868259902,0.0388527988011473
60,2025-06-30,2025-06-10,0.2320747318466625,0.06585773868259902,0.0114880094076801
60,2025-07-01,2025-06-10,0.2141765583665357,0.06585773868259902,0.0296665043545139
60,2025-07-02,2025-06-10,0.26326243072469047,0.06585773868259902,-0.005542050682777
60,2025-07-03,2025-06-10,0.27188374894395256,0.06585773868259902,-0.0031697832490972
60,2025-07-04,2025-06-10,0.2698610189824051,0.06585773868259902,0.030150418246218
60,2025-07-05,2025-06-10,0.26858696065568227,0.06585773868259902,0.0324182157693684
60,2025-07-06,2025-06-10,0.26468582001195534,0.06585773868259902,0.0139832994883697
60,2025-07-07,2025-06-10,0.2516925469207727,0.06585773868259902,0.0221410022672579
60,2025-07-08,2025-06-10,0.2887610682579593,0.06585773868259902,0.0116136190912148
60,2025-07-09,2025-06-10,0.28671984131873746,0.06585773868259902,-0.0008688890868699
60,2025-07-10,2025-07-10,0.2923204542926639,0.06770496720525854,-0.0340037065770192
60,2025-07-11,2025-07-10,0.278753234948169,0.06770496720525854,-0.0508924452337432
60,2025-07-12,2025-07-10,0.29578077859378515,0.06770496720525854,-0.0294668710611479
60,2025-07-13,2025-07-10,0.28710190843236055,0.06770496720525854,-0.0302632604295494
60,2025-07-14,2025-07-10,0.29372775886258323,0.06770496720525854,-0.0318067629173878
60,2025-07-15,2025-07-10,0.2926537120051912,0.06770496720525854,-0.0156235550355818
60,2025-07-16,2025-07-10,0.2885183313515121,0.06770496720525854,-0.0283436551650364
60,2025-07-17,2025-07-10,0.2809175992686606,0.06770496720525854,-0.0321188821116994
60,2025-07-18,2025-07-10,0.26240287682476526,0.06770496720525854,-0.0096322369400712
60,2025-07-19,2025-07-10,0.25014184184855603,0.06770496720525854,-0.0118161065852002
60,2025-07-20,2025-07-10,0.26243355946220764,0.06770496720525854,-0.0016338191612305
60,2025-07-21,2025-07-10,0.37172460203383695,0.06770496720525854,-0.0148915883372652
60,2025-07-22,2025-07-10,0.3785145044143825,0.06770496720525854,-0.0355867670403474
60,2025-07-23,2025-07-10,0.4180066781780178,0.06770496720525854,-0.0296717664515281
60,2025-07-24,2025-07-10,0.42592825786240207,0.06770496720525854,-0.0480813959727732
60,2025-07-25,2025-07-10,0.41095521204912827,0.06770496720525854,-0.0477451255718798
60,2025-07-26,2025-07-10,0.415160351906287,0.06770496720525854,-0.0391196607123186
60,2025-07-27,2025-07-10,0.4037251566359511,0.06770496720525854,-0.0872671942640636
60,2025-07-28,2025-07-10,0.4047282563034454,0.06770496720525854,-0.0713086105710949
60,2025-07-29,2025-07-10,0.3471495254851449,0.06770496720525854,-0.0704947556081876
60,2025-07-30,2025-07-10,0.35610030319507685,0.06770496720525854,-0.0481698536069579
60,2025-07-31,2025-07-10,0.40062757924402453,0.06770496720525854,-0.0125437873302323
60,2025-08-01,2025-07-10,0.37644441661410055,0.06770496720525854,0.0066285412275404
60,2025-08-02,2025-07-10,0.370230229768504,0.06770496720525854,0.0537435465477111
60,2025-08-03,2025-07-10,0.4029732949068774,0.06770496720525854,0.0553420577048353
60,2025-08-04,2025-07-10,0.4209475959902177,0.06770496720525854,0.062378585273499
60,2025-08-05,2025-07-10,0.3818876495580681,0.06770496720525854,0.0723847200226057
60,2025-08-06,2025-07-10,0.3595585080428428,0.06770496720525854,0.0738313975365474
60,2025-08-07,2025-07-10,0.38650512135020526,0.06770496720525854,0.0611765304773452
60,2025-08-08,2025-07-10,0.3793527942179065,0.06770496720525854,0.0399247514929108
60,2025-08-09,2025-08-09,0.2615556119927398,0.06844071617564712,0.0587636766420021
60,2025-08-10,2025-08-09,0.2818592057457731,0.06844071617564712,0.0198533857651359
60,2025-08-11,2025-08-09,0.2829010094794628,0.06844071617564712,-0.049807896466306
60,2025-08-12,2025-08-09,0.2644411493733168,0.06844071617564712,-0.0789924058185654
60,2025-08-13,2025-08-09,0.2852894961910462,0.06844071617564712,-0.0676982538542393
60,2025-08-14,2025-08-09,0.2853058203392112,0.06844071617564712,-0.0264515627825296
60,2025-08-15,2025-08-09,0.2869411970322815,0.06844071617564712,-0.0367635472535208
60,2025-08-16,2025-08-09,0.2855339938151606,0.06844071617564712,-0.0563753858599875
60,2025-08-17,2025-08-09,0.2876935358182113,0.06844071617564712,-0.0784526145860384
60,2025-08-18,2025-08-09,0.2875330414042253,0.06844071617564712,-0.0842778853975904
60,2025-08-19,2025-08-09,0.2875330414042253,0.06844071617564712,-0.050392326096937
60,2025-08-20,2025-08-09,0.288309199003289,0.06844071617564712,-0.0492552631790816
60,2025-08-21,2025-08-09,0.2875330414042253,0.06844071617564712,-0.0174925333333333
60,2025-08-22,2025-08-09,0.2883084499191468,0.06844071617564712,-0.0738722099158694
60,2025-08-23,2025-08-09,0.2890340815526271,0.06844071617564712,-0.0681803789998185
60,2025-08-24,2025-08-09,0.2890340815526271,0.06844071617564712,-0.0300934176106333
60,2025-08-25,2025-08-09,0.2897990031642859,0.06844071617564712,0.0081091085638456
60,2025-08-26,2025-08-09,0.2890340815526271,0.06844071617564712,-0.0010464086485696
60,2025-08-27,2025-08-09,0.290026731465603,0.06844071617564712,0.0296362612899048
60,2025-08-28,2025-08-09,0.2890340815526271,0.06844071617564712,0.0136874161054447
60,2025-08-29,2025-08-09,0.2900602551487525,0.06844071617564712,0.041715800526678
60,2025-08-30,2025-08-09,0.2897177196185907,0.06844071617564712,0.0110733379815326
60,2025-08-31,2025-08-09,0.290026731465603,0.06844071617564712,0.0007069984345893
60,2025-09-01,2025-08-09,0.2897177196185907,0.06844071617564712,0.0033925187907219
60,2025-09-02,2025-08-09,0.2897177196185907,0.06844071617564712,-0.0102652813497589
60,2025-09-03,2025-08-09,0.2897177196185907,0.06844071617564712,-0.0104294579032711
60,2025-09-04,2025-08-09,0.2897177196185907,0.06844071617564712,-0.0374586599021573
60,2025-09-05,2025-08-09,0.2897787551444961,0.06844071617564712,-0.0828011099585315
60,2025-09-06,2025-08-09,0.2890340815526271,0.06844071617564712,-0.0572005274259975
60,2025-09-07,2025-08-09,0.2890340815526271,0.06844071617564712,-0.0881009029008612
60,2025-09-08,2025-09-08,0.2220245712126042,0.06836336318672043,-0.0778667031692166
60,2025-09-09,2025-09-08,0.21973702949976734,0.06836336318672043,-0.0827767711711692
60,2025-09-10,2025-09-08,0.22191972839117938,0.06836336318672043,-0.0810551070551069
60,2025-09-11,2025-09-08,0.228822226660624,0.06836336318672043,-0.0820171404043323
60,2025-09-12,2025-09-08,0.22474405212598605,0.06836336318672043,-0.1117857005576689
60,2025-09-13,2025-09-08,0.21721537657528708,0.06836336318672043,-0.123051504641761
60,2025-09-14,2025-09-08,0.21721537657528708,0.06836336318672043,-0.1351284714640254
60,2025-09-15,2025-09-08,0.21802945809693577,0.06836336318672043,-0.1799372534183224
60,2025-09-16,2025-09-08,0.2144854016949288,0.06836336318672043,-0.1814616724046519
60,2025-09-17,2025-09-08,0.21762321992563044,0.06836336318672043,-0.1905247674082391
60,2025-09-18,2025-09-08,0.21518064639737222,0.06836336318672043,-0.2123314296579252
60,2025-09-19,2025-09-08,0.21455853018232568,0.06836336318672043,-0.1960657559759645
60,2025-09-20,2025-09-08,0.21365151210102734,0.06836336318672043,-0.2085883095419889
60,2025-09-21,2025-09-08,0.21353344464469345,0.06836336318672043,-0.2481514512989371
60,2025-09-22,2025-09-08,0.21400126478460954,0.06836336318672043,-0.2443081947171526
60,2025-09-23,2025-09-08,0.21538360701347803,0.06836336318672043,-0.2433870720043428
60,2025-09-24,2025-09-08,0.2044240220840569,0.06836336318672043,-0.2336748832817037
60,2025-09-25,2025-09-08,0.21675261874273907,0.06836336318672043,-0.1898672125535888
60,2025-09-26,2025-09-08,0.21422841144349097,0.06836336318672043,-0.2031448113731544
60,2025-09-27,2025-09-08,0.21422841144349097,0.06836336318672043,-0.1746858349709515
60,2025-09-28,2025-09-08,0.20158046041762906,0.06836336318672043,-0.1857102928347298
60,2025-09-29,2025-09-08,0.20516932824348116,0.06836336318672043,-0.2048889722475234
60,2025-09-30,2025-09-08,0.20405157724877496,0.06836336318672043,-0.203829093354931
60,2025-10-01,2025-09-08,0.21204469103436074,0.06836336318672043,-0.2380791127854558
60,2025-10-02,2025-09-08,0.2145301293163673,0.06836336318672043,-0.2841078957117084
60,2025-10-03,2025-09-08,0.21006952786576077,0.06836336318672043,-0.253240722560377
60,2025-10-04,2025-09-08,0.20772391559608752,0.06836336318672043,-0.2366272846859655
60,2025-10-05,2025-09-08,0.20635519577426384,0.06836336318672043,-0.2543218538752636
60,2025-10-06,2025-09-08,0.20353452978668773,0.06836336318672043,-0.2834021640234195
60,2025-10-07,2025-09-08,0.21351025969989557,0.06836336318672043,-0.2645296269479973
60,2025-10-08,2025-10-08,0.1394776710468906,0.06688998408558418,-0.2669025838158727
60,2025-10-09,2025-10-08,0.1485647239082625,0.06688998408558418,-0.2550340943463223
60,2025-10-10,2025-10-08,0.17669032896968404,0.06688998408558418,-0.1781936519337261
60,2025-10-11,2025-10-08,0.16192129001527547,0.06688998408558418,-0.1683684849843282
60,2025-10-12,2025-10-08,0.17493993390436685,0.06688998408558418,-0.1952475147618103
60,2025-10-13,2025-10-08,0.1832399285088842,0.06688998408558418,-0.2161886320615459
60,2025-10-14,2025-10-08,0.1794240798181507,0.06688998408558418,-0.201614659853732
60,2025-10-15,2025-10-08,0.18042729371598054,0.06688998408558418,-0.203958477936009
60,2025-10-16,2025-10-08,0.1747980154926136,0.06688998408558418,-0.2011400232988287
60,2025-10-17,2025-10-08,0.1607090439910236,0.06688998408558418,-0.1744617767942777
60,2025-10-18,2025-10-08,0.17414338390784476,0.06688998408558418,-0.195379839027864
60,2025-10-19,2025-10-08,0.17754607100684083,0.06688998408558418,-0.2128661472027869
60,2025-10-20,2025-10-08,0.18100171485107328,0.06688998408558418,-0.2026122006740304
60,2025-10-21,2025-10-08,0.1739731517225911,0.06688998408558418,-0.1840923262707314
60,2025-10-22,2025-10-08,0.15904824041506557,0.06688998408558418,-0.1757834898738874
60,2025-10-23,2025-10-08,0.20275739848682617,0.06688998408558418,-0.1949286407169885
60,2025-10-24,2025-10-08,0.20866114216696113,0.06688998408558418,-0.211872558046767
60,2025-10-25,2025-10-08,0.19043269629372384,0.06688998408558418,-0.2147570178564855
60,2025-10-26,2025-10-08,0.19122502512441739,0.06688998408558418,-0.2386022447743265
60,2025-10-27,2025-10-08,0.1928423086143586,0.06688998408558418,-0.2343233779680853
60,2025-10-28,2025-10-08,0.2002407030396529,0.06688998408558418,-0.2216278434292056
60,2025-10-29,2025-10-08,0.18128191972486946,0.06688998408558418,-0.2005846323016208
60,2025-10-30,2025-10-08,0.18947814975272786,0.06688998408558418,-0.1946564751601878
60,2025-10-31,2025-10-08,0.17084790230986663,0.06688998408558418,-0.1927096386477593
60,2025-11-01,2025-10-08,0.1705613922791568,0.06688998408558418,-0.2039079693473366
60,2025-11-02,2025-10-08,0.16660003669734144,0.06688998408558418,-0.1963226569621247
60,2025-11-03,2025-10-08,0.17377209485319325,0.06688998408558418,-0.1556336730496708
60,2025-11-04,2025-10-08,0.18054939717532664,0.06688998408558418,-0.1070887458789512
60,2025-11-05,2025-10-08,0.20481212897484738,0.06688998408558418,-0.118933541614606
60,2025-11-06,2025-10-08,0.20187582244772453,0.06688998408558418,-0.0738689937959093
60,2025-11-07,2025-11-07,0.1388414350320341,0.06500760944338262,-0.0928120320018331
60,2025-11-08,2025-11-07,0.1388414350320341,0.06500760944338262,-0.1070126613505584
60,2025-11-09,2025-11-07,0.1388414350320341,0.06500760944338262,-0.1300857997138355
60,2025-11-10,2025-11-07,0.1388414350320341,0.06500760944338262,-0.1449833616526868
60,2025-11-11,2025-11-07,0.1388414350320341,0.06500760944338262,-0.1218165440977057
60,2025-11-12,2025-11-07,0.1388414350320341,0.06500760944338262,-0.1046754802572678
60,2025-11-13,2025-11-07,0.1388414350320341,0.06500760944338262,-0.0842175732821945
60,2025-11-14,2025-11-07,0.1388414350320341,0.06500760944338262,0.0086686259170771
60,2025-11-15,2025-11-07,0.1388414350320341,0.06500760944338262,0.0141798464040008
60,2025-11-16,2025-11-07,0.1388414350320341,0.06500760944338262,0.014251426670333
60,2025-11-17,2025-11-07,0.1388414350320341,0.06500760944338262,0.0361741032980051
60,2025-11-18,2025-11-07,0.1388414350320341,0.06500760944338262,0.0235253923614924
60,2025-11-19,2025-11-07,0.1388414350320341,0.06500760944338262,0.023135611658833
60,2025-11-20,2025-11-07,0.1388414350320341,0.06500760944338262,0.0691823826777473
60,2025-11-21,2025-11-07,0.1388414350320341,0.06500760944338262,0.0387437106063086
60,2025-11-22,2025-11-07,0.1365164229938047,0.06500760944338262,0.0556408362829528
60,2025-11-23,2025-11-07,0.1388414350320341,0.06500760944338262,0.031436945756075
60,2025-11-24,2025-11-07,0.1388414350320341,0.06500760944338262,0.0147253663957682
60,2025-11-25,2025-11-07,0.1388414350320341,0.06500760944338262,0.0212359030495148
60,2025-11-26,2025-11-07,0.1388414350320341,0.06500760944338262,-0.0421473316503843
60,2025-11-27,2025-11-07,0.1388414350320341,0.06500760944338262,-0.032702735401239
60,2025-11-28,2025-11-07,0.1388414350320341,0.06500760944338262,-0.0180513517884667
60,2025-11-29,2025-11-07,0.1388414350320341,0.06500760944338262,-0.0165463615294919
60,2025-11-30,2025-11-07,0.1388414350320341,0.06500760944338262,-0.0631899070385125
60,2025-12-01,2025-11-07,0.1388414350320341,0.06500760944338262,-0.0234744890857739
60,2025-12-02,2025-11-07,0.1388414350320341,0.06500760944338262,-0.1373475150825152
60,2025-12-03,2025-11-07,0.1388414350320341,0.06500760944338262,-0.1761933940882981
60,2025-12-04,2025-11-07,0.1388414350320341,0.06500760944338262,-0.1448711017586599
60,2025-12-05,2025-11-07,0.1388414350320341,0.06500760944338262,-0.1517947378060055
60,2025-12-06,2025-11-07,0.1388414350320341,0.06500760944338262,-0.1800934345576527
60,2025-12-07,2025-12-07,0.12709458494505385,0.06013165163353863,-0.3040583632049052
60,2025-12-08,2025-12-07,0.12709458494505385,0.06013165163353863,-0.2212635961159975
60,2025-12-09,2025-12-07,0.12709458494505385,0.06013165163353863,-0.2523707687194914
60,2025-12-10,2025-12-07,0.12709458494505385,0.06013165163353863,-0.2356670412779951
60,2025-12-11,2025-12-07,0.12709458494505385,0.06013165163353863,-0.2418610151310005
60,2025-12-12,2025-12-07,0.12709458494505385,0.06013165163353863,-0.2373712755800977
60,2025-12-13,2025-12-07,0.12709458494505385,0.06013165163353863,-0.2566210930162794
60,2025-12-14,2025-12-07,0.12709458494505385,0.06013165163353863,-0.2483776910560328
60,2025-12-15,2025-12-07,0.12709458494505385,0.06013165163353863,-0.2033749505970468
60,2025-12-16,2025-12-07,0.12709458494505385,0.06013165163353863,-0.2053240131103478
60,2025-12-17,2025-12-07,0.12709458494505385,0.06013165163353863,-0.2018783621483521
60,2025-12-18,2025-12-07,0.12709458494505385,0.06013165163353863,-0.1943952043824104
60,2025-12-19,2025-12-07,0.12709458494505385,0.06013165163353863,-0.2341063803667338
60,2025-12-20,2025-12-07,0.12709458494505385,0.06013165163353863,-0.2478460495535921
60,2025-12-21,2025-12-07,0.12709458494505385,0.06013165163353863,-0.2442522946945179
60,2025-12-22,2025-12-07,0.12709458494505385,0.06013165163353863,-0.2324599002107744
60,2025-12-23,2025-12-07,0.12709458494505385,0.06013165163353863,-0.2230079098370025
60,2025-12-24,2025-12-07,0.12709458494505385,0.06013165163353863,-0.2284267780851825
60,2025-12-25,2025-12-07,0.12709458494505385,0.06013165163353863,-0.2587466911824979
60,2025-12-26,2025-12-07,0.12709458494505385,0.06013165163353863,-0.2668138651493723
60,2025-12-27,2025-12-07,0.12709458494505385,0.06013165163353863,-0.2263273409052038
60,2025-12-28,2025-12-07,0.12709458494505385,0.06013165163353863,-0.2327106236976667
60,2025-12-29,2025-12-07,0.12709458494505385,0.06013165163353863,-0.2449075296264331
60,2025-12-30,2025-12-07,0.12709458494505385,0.06013165163353863,-0.2431159052179065
60,2025-12-31,2025-12-07,0.12709458494505385,0.06013165163353863,-0.2495401503875378
60,2026-01-01,2025-12-07,0.12709458494505385,0.06013165163353863,-0.2252273324880592
60,2026-01-02,2025-12-07,0.12709458494505385,0.06013165163353863,-0.240647799497595
60,2026-01-03,2025-12-07,0.12709458494505385,0.06013165163353863,-0.1981864105810112
60,2026-01-04,2025-12-07,0.12709458494505385,0.06013165163353863,-0.2254896851547578
60,2026-01-05,2025-12-07,0.12709458494505385,0.06013165163353863,-0.2742996968560844
60,2026-01-06,2026-01-06,0.11684553190435348,0.055660855904877245,-0.2825134240240081
60,2026-01-07,2026-01-06,0.11684553190435348,0.055660855904877245,-0.2779313026026836
60,2026-01-08,2026-01-06,0.11684553190435348,0.055660855904877245,-0.2488236277523191
60,2026-01-09,2026-01-06,0.11684553190435348,0.055660855904877245,-0.2282916790230675
60,2026-01-10,2026-01-06,0.11684553190435348,0.055660855904877245,-0.22443961473824
60,2026-01-11,2026-01-06,0.11684553190435348,0.055660855904877245,-0.2249366990555812
60,2026-01-12,2026-01-06,0.11684553190435348,0.055660855904877245,-0.223078288033894
60,2026-01-13,2026-01-06,0.11684553190435348,0.055660855904877245,-0.2536530278575472
60,2026-01-14,2026-01-06,0.11684553190435348,0.055660855904877245,-0.248954067681893
60,2026-01-15,2026-01-06,0.11684553190435348,0.055660855904877245,-0.2167268798219336
60,2026-01-16,2026-01-06,0.11684553190435348,0.055660855904877245,-0.2264925912816765
60,2026-01-17,2026-01-06,0.11684553190435348,0.055660855904877245,-0.2512011579462136
60,2026-01-18,2026-01-06,0.11684553190435348,0.055660855904877245,-0.2534679631749293
60,2026-01-19,2026-01-06,0.11684553190435348,0.055660855904877245,-0.2387998618173182
60,2026-01-20,2026-01-06,0.11684553190435348,0.055660855904877245,-0.2206271205186251
60,2026-01-21,2026-01-06,0.11684553190435348,0.055660855904877245,-0.2414151828528239
60,2026-01-22,2026-01-06,0.11684553190435348,0.055660855904877245,-0.2082770068268451
60,2026-01-23,2026-01-06,0.11684553190435348,0.055660855904877245,-0.2125386689726122
60,2026-01-24,2026-01-06,0.11684553190435348,0.055660855904877245,-0.2004902418976492
60,2026-01-25,2026-01-06,0.11684553190435348,0.055660855904877245,-0.205953338603878
60,2026-01-26,2026-01-06,0.11684553190435348,0.055660855904877245,-0.2483364475656694
60,2026-01-27,2026-01-06,0.11684553190435348,0.055660855904877245,-0.2562797759103641
60,2026-01-28,2026-01-06,0.11684553190435348,0.055660855904877245,-0.2607957738853051
60,2026-01-29,2026-01-06,0.11684553190435348,0.055660855904877245,-0.2109008417704113
60,2026-01-30,2026-01-06,0.11684553190435348,0.055660855904877245,-0.1896026239581565
60,2026-01-31,2026-01-06,0.11684553190435348,0.055660855904877245,-0.1349634606277358
60,2026-02-01,2026-01-06,0.11684553190435348,0.055660855904877245,-0.130784125030321
60,2026-02-02,2026-01-06,0.11684553190435348,0.055660855904877245,-0.1495366758442903
60,2026-02-03,2026-01-06,0.11684553190435348,0.055660855904877245,-0.1117825857946019
60,2026-02-04,2026-01-06,0.11684553190435348,0.055660855904877245,-0.0564696662362745
60,2026-02-05,2026-02-05,0.04514483316942879,0.05370689870404035,0.0944812148683846
60,2026-02-06,2026-02-05,0.064793015709488,0.05370689870404035,0.0190415847150464
60,2026-02-07,2026-02-05,0.060180555438230574,0.05370689870404035,0.0256973002211882
60,2026-02-08,2026-02-05,0.06689263691442118,0.05370689870404035,0.0207248986853192
60,2026-02-09,2026-02-05,0.07294865129655982,0.05370689870404035,0.0402734608913855
60,2026-02-10,2026-02-05,0.07052313017119188,0.05370689870404035,0.061037060752348
60,2026-02-11,2026-02-05,0.07416167861961726,0.05370689870404035,0.0545367109047183
60,2026-02-12,2026-02-05,0.0783897815461689,0.05370689870404035,0.1229146412438284
60,2026-02-13,2026-02-05,0.07508431171309185,0.05370689870404035,0.076649040955669
60,2026-02-14,2026-02-05,0.07541881144112447,0.05370689870404035,0.0714240804778372
60,2026-02-15,2026-02-05,0.07516874183393288,0.05370689870404035,0.0918418283899862
60,2026-02-16,2026-02-05,0.07825941590621553,0.05370689870404035,0.1187295904644387
60,2026-02-17,2026-02-05,0.07531918734965468,0.05370689870404035,0.1213009336402011
60,2026-02-18,2026-02-05,0.0787009506877683,0.05370689870404035,0.1104525962594602
60,2026-02-19,2026-02-05,0.08032709183882811,0.05370689870404035,0.1318917618466912
60,2026-02-20,2026-02-05,0.07956483336249244,0.05370689870404035,0.1222601996089092
60,2026-02-21,2026-02-05,0.0819094155425744,0.05370689870404035,0.1500869498953527
60,2026-02-22,2026-02-05,0.08090610130003704,0.05370689870404035,0.1569122782119172
60,2026-02-23,2026-02-05,0.0754578487941148,0.05370689870404035,0.197678576565647
60,2026-02-24,2026-02-05,0.07607782985434407,0.05370689870404035,0.2117896005426318
60,2026-02-25,2026-02-05,0.05249310620764104,0.05370689870404035,0.1569321604211566
60,2026-02-26,2026-02-05,0.0538827296866096,0.05370689870404035,0.1464934967944076
60,2026-02-27,2026-02-05,0.0513697556145255,0.05370689870404035,0.1589545498018127
60,2026-02-28,2026-02-05,0.052735733507142536,0.05370689870404035,0.1314963613836328
60,2026-03-01,2026-02-05,0.0538143121069336,0.05370689870404035,0.1606972827821255
60,2026-03-02,2026-02-05,0.06304469335373944,0.05370689870404035,0.1365837833063055
60,2026-03-03,2026-02-05,0.06336388041871238,0.05370689870404035,0.147822148731306
