date,btc_close,ret,rv_7d,rv_14d,rv_30d,rv_60d,iv_30d,iv_30d_dec,vrp_30d,ret_fut_1d,ret_fut_5d,ret_fut_10d,ret_fut_20d,ret_fut_30d,ret_fut_60d,skew_simple_nearest,skew_expiration_nearest
2021-03-24,52303.65,,,,,,95.04,0.9504,,-0.0194966610483523,0.0970720184761513,0.0868959226778207,0.1951541529975399,-0.0227898055651189,-0.4116169290004773,,
2021-03-25,51293.78,-0.0194966610483523,,,,,89.74,0.8974,,0.0702288524916593,0.1356632710789015,0.1263503929612187,0.204922641761814,-0.0245901492755016,-0.2792448737615098,,
2021-03-26,55025.59,0.0702288524916593,,,,,84.52,0.8452,,0.0142826409255236,0.0653319392685684,0.0719398909598831,0.1378725229773293,-0.1146163261512409,-0.3617032309588341,,
2021-03-27,55817.14,0.0142826409255236,,,,,79.69,0.7968999999999999,,-0.0007080977298643,0.0507068867867232,0.0382094220175892,0.0942663910189678,-0.0330712037057461,-0.3523356823452817,,
2021-03-28,55777.63,-0.0007080977298643,,,,,79.07,0.7907,,0.0327652838371849,0.05531690366904,0.0031472021056806,0.0730826631124469,-0.0138220950328601,-0.3699362533877226,,
2021-03-29,57635.47,0.0327652838371849,,,,,83.71,0.8371,,0.0190945915543977,-0.0101760957983305,0.0076404930935689,-0.0261113175079681,-0.0496049076636547,-0.4800107003801189,,
2021-03-30,58746.57,0.0190945915543977,,,,,85.08,0.8508,,-0.0001024793186737,-0.0093128781176828,-0.0103351865142413,-0.0544537014823623,-0.0925236051245995,-0.5292302534230368,,
2021-03-31,58740.55,-0.0001024793186737,1.5932773905593896,,,,86.45,0.8645,,-0.0003424115563215,0.0066079516913147,0.0173590179104845,-0.0402179663189194,-0.0179724271988064,-0.499626052935823,,
2021-04-01,58720.44,-0.0003424115563215,1.5491390879602056,,,,82.38,0.8238,,0.0039019191524524,-0.0124974647691341,0.0215971839358005,-0.087744362385971,-0.0157927004242711,-0.455033655991869,,
2021-04-02,58950.01,0.0039019191524524,0.7779302991783995,,,,81.28,0.8128,,-0.0327277156301856,-0.0521697015633593,0.015318705805903,-0.131406885325474,-0.041065867866391,-0.4741013426644124,,
2021-04-03,57051.94,-0.0327277156301856,0.9600367346905202,,,,81.29,0.8129000000000001,,0.0199578092350454,0.0178165888918993,0.1082582303197191,-0.1096857282429396,0.0020565342987091,-0.4177913564355719,,
2021-04-04,58202.01,0.0199578092350454,1.032895050155071,,,,82.42,0.8242,,0.0158183504903239,-0.0010223083965585,0.0785722488005953,-0.1509405422367203,-0.0898613059060037,-0.3940502327790305,,
2021-04-05,59129.99,0.0158183504903239,0.8754151963500545,,,,80.22,0.8022,,-0.0194478280167704,0.0107510662191698,0.0659326320174461,-0.1865562171111242,-0.0290650411083856,-0.4734526624039174,,
2021-04-06,57991.15,-0.0194478280167704,0.8782488773684392,,,,81.01,0.8101,,-0.0357703176417728,0.0340946487049346,0.0560569690013788,-0.0712806257233352,-0.0279333172094639,-0.4903859543417873,,
2021-04-07,55953.45,-0.0357703176417728,1.112807467711985,1.943417943588897,,,78.78,0.7878000000000001,,0.037258574825073,0.0674884073692624,0.069935461006766,-0.0169692971385408,0.0240379126422725,-0.4466752795866823,,
2021-04-08,58077.52,0.037258574825073,1.3209811413464498,2.035883859565458,,,74.31,0.7431,,0.0011189119465875,0.0904416414278198,-0.033751810601537,-0.0572454007572236,0.0134179007248564,-0.5486586504567418,,
2021-04-09,58142.54,0.0011189119465875,1.319049289246322,1.5313610213927418,,,77.07,0.7706999999999999,,0.0275917251060524,0.0795945571971537,-0.0441185149681209,-0.082188418610358,0.0016892450343908,-0.554916397860116,,
2021-04-10,59769.13,0.0275917251060524,1.2754661891660537,1.5963973602023438,,,81.54,0.8154,,0.0038957544689943,0.0551815657982763,-0.0575769842294039,-0.035331445109291,-0.0684262320578491,-0.4691381722860757,,
2021-04-11,60002.43,0.0038957544689943,1.219413344483386,1.5980741814255697,,,82.61,0.8261,,-0.0023765589774449,0.021962320296444,-0.1093415463217716,-0.0373898843600717,-0.0571397383001158,-0.4922701056638151,,
2021-04-12,59860.0,-0.0023765589774449,1.182243654720855,1.4710716587332953,,,84.5,0.845,,0.0602118088836305,0.0024470536375036,-0.1467255911313771,-0.0563845736722942,-0.1873864163624508,-0.472158170454615,,
2021-04-13,63575.0,0.0602118088836305,1.6071540336597787,1.8314653091194,,,88.64,0.8864,,-0.0097281722840783,-0.1241934520293569,-0.2179439585626588,-0.10620169602101,-0.2467996534889319,-0.5813895843935027,,
2021-04-14,62959.53,-0.0097281722840783,1.466445877867374,1.8408704389255035,,,83.85,0.8384999999999999,,0.0031787337071748,-0.1237130721652748,-0.2295127910373156,-0.168433554706599,-0.2336451718701899,-0.4784031960424461,,
2021-04-15,63159.98,0.0031787337071748,1.2835334391666404,1.8418602729989897,,,77.08,0.7707999999999999,,-0.0293234910328378,-0.1127585500276803,-0.2524888491285704,-0.0949976731258318,-0.3005787946302247,-0.4439667572662377,,
2021-04-16,61334.8,-0.0293234910328378,1.4003044753688825,1.9237316993799705,,,77.67,0.7767000000000001,,-0.0218918256363854,-0.1313038666182157,-0.1273375947247141,-0.0839902862108426,-0.2783692734902064,-0.4238733956619584,,
2021-04-17,60006.66,-0.0218918256363854,1.3630494899843832,1.8667399154280877,,,74.43,0.7443000000000001,,-0.0664286967832301,-0.1491726447688808,-0.086904758145307,-0.0458975483644936,-0.3208205173460796,-0.4477268434451036,,
2021-04-18,56150.01,-0.0664286967832301,1.8609207488903707,2.2248584086082546,,,88.4,0.884,,-0.0092477924199963,-0.0937505065333019,-0.0234935901556866,0.0471697113263936,-0.2703263484372492,-0.3879971086067493,,
2021-04-19,55633.14,-0.0092477924199963,1.8687375175118288,2.2113072985191358,,,83.2,0.8320000000000001,,0.0141332558447691,-0.1057997188720407,-0.0380699036422371,0.0458077600025118,-0.4162723755101836,-0.4402771370145767,,
2021-04-20,56425.0,0.0141332558447691,1.4972623889417296,2.1965287954516763,,,82.96,0.8295999999999999,,-0.0478688076233732,-0.13973029910089,0.0222455391201128,-0.0108492478284451,-0.3309527870543101,-0.4638383229567888,,
2021-04-21,53787.63,-0.0478688076233732,1.7445977573647449,2.279053498212868,,,83.0,0.83,,-0.0397606037870505,0.0039662718935017,0.0719516619616997,0.0522018080216557,-0.367337611978888,-0.4126933828503185,,
2021-04-22,51690.96,-0.0397606037870505,1.901831695213968,2.294432802759623,,,87.39,0.8739,,-0.0110065585476512,0.0622678866235737,0.0903410174590828,-0.0406608252310736,-0.3222834109687537,-0.4918432356860285,,
2021-04-23,51125.14,-0.0110065585476512,1.8295709815799897,2.303949348483531,3.097128731736704,,89.31,0.8931,-2.204028731736704,-0.0212970047587351,0.0702569163776152,0.1117422625416489,-0.0288556949262731,-0.3888271234353584,-0.4527421528184392,,
2021-04-24,50047.84,-0.0212970047587351,1.8270066409483716,2.279442295434596,3.1014533588504327,,94.08,0.9408,-2.160653358850433,-0.0197973243840799,0.0677298152298037,0.0610792363307165,-0.0041323808328743,-0.2546547244860082,-0.3961324642926072,,
2021-04-25,49066.77,-0.0197973243840799,1.3676064873616816,2.309409781291414,2.821675989150308,,93.46,0.9346,-1.8870759891503075,0.0958277633710184,0.1619758382210029,0.1574911760027386,-0.0480899455016544,-0.2470869048075931,-0.3475065915290777,,
2021-04-26,54001.39,0.0958277633710184,2.2783574306090526,2.946708755708266,3.3524883480886545,,82.66,0.8266,-2.5258883480886545,0.0185410109430216,0.0679853900681981,0.0433473085138714,-0.1510316787654922,-0.3192644786395356,-0.53634487610379,,
2021-04-27,55011.97,0.0185410109430216,2.2898646122002844,2.735922989330412,3.371123081240744,,77.53,0.7753,-2.5958230812407432,-0.0030175287936096,0.028073130835509,0.0410072097808134,-0.2339157592007725,-0.3561141583548626,-0.5329898877969986,,
2021-04-28,54846.22,-0.0030175287936096,2.100103364388542,2.730211617460846,3.3129961564996657,,76.96,0.7696,-2.5433961564996657,-0.0238241059065467,0.0414853461640336,0.07066330148208,-0.2468327582815625,-0.4304057927164642,-0.4577837839474358,,
2021-04-29,53555.0,-0.0238241059065467,2.010117713046812,2.7672255089213413,3.324158977904305,,80.2,0.802,-2.5221589779043048,0.0744486986071194,-0.006650578899087,0.0838776636447489,-0.3782024718679465,-0.4367066482984373,-0.4398979660915573,,
2021-04-30,57694.27,0.0744486986071194,2.4534481294361616,3.0605126532124265,3.615671619701528,,75.09,0.7509,-2.864771619701528,0.0018373152182137,-0.0044846622182644,-0.033094786948558,-0.3531983261744231,-0.4816536257370166,-0.4740938787506023,,
2021-05-01,57800.37,0.0018373152182137,2.419729237744935,3.0320031085187127,3.6158360868927866,,76.15,0.7615000000000001,-2.8543360868927863,-0.0213712482896674,-0.0246380815543268,-0.0197498539400441,-0.4392892739405878,-0.4392409555675977,-0.500362227089638,,
2021-05-02,56578.21,-0.0213712482896674,2.4246113497320723,2.783718322949241,3.638051681136093,,79.09,0.7909,-2.8471516811360926,0.0103946865349147,0.0129340789453042,-0.1310018426901565,-0.4126244284278365,-0.4330354747980213,-0.5239384997203234,,
2021-05-03,57169.39,0.0103946865349147,1.6019980595478631,2.7851948521434915,3.589415742834769,,81.79,0.8179000000000001,-2.7715157428347688,-0.0719600309696674,0.0291779553180466,-0.1405979574679219,-0.5005693859770073,-0.4198478907342812,-0.5259558209870351,,
2021-05-04,53200.01,-0.0719600309696674,2.0811011212766197,3.094262726270341,3.824732738534555,,87.96,0.8795999999999999,-2.945132738534555,0.0766146152879421,0.090528242543836,-0.0652116171635908,-0.3157339608167247,-0.3041889268730267,-0.4282089186764135,,
2021-05-05,57436.11,0.0766146152879421,2.543646027341261,3.2985707895276484,4.084082134261006,,84.39,0.8439,-3.240182134261006,-0.0183161041178487,-0.0286101247302936,-0.2055811215043929,-0.4045780808103316,-0.4443876212955316,-0.4871724616797577,,
2021-05-06,56393.68,-0.0183161041178487,2.526937981799208,3.2289299751100207,4.082171895405964,,82.14,0.8214,-3.260771895405964,0.0162009122099635,0.0048882276142827,-0.1943789872793636,-0.362611787153407,-0.4624526371323233,-0.5151518825420047,,
2021-05-07,57314.75,0.0162009122099635,2.111436659620886,3.2369078595821668,4.03644714680008,,80.56,0.8056,-3.2308471468000803,0.0266385629076569,-0.1439359216354609,-0.274922968981586,-0.397121368135676,-0.4707131922289547,-0.5157474470067901,,
2021-05-08,58862.05,0.0266385629076569,2.171621832753244,3.2513121917909147,4.005648613642206,,83.57,0.8356999999999999,-3.169948613642206,-0.0106097437438779,-0.1697759127859686,-0.3174960597636427,-0.5010690941985444,-0.5620765511815984,-0.5528995851100542,,
2021-05-09,58240.84,-0.0106097437438779,2.142503599465259,3.2355929705343303,4.010716978406419,,86.05,0.8604999999999999,-3.15021697840642,-0.0425237519861877,-0.1557398597074269,-0.4620801355126955,-0.5205843119431863,-0.5566056428945069,-0.5718527396384494,,
2021-05-10,55816.14,-0.0425237519861877,2.282740012470152,2.788781050446117,4.05807754235137,,90.26,0.9026,-3.15547754235137,0.0151822482267277,-0.1769709967740992,-0.3201035392258651,-0.4485588387884585,-0.4007119402282266,-0.501134630268513,,
2021-05-11,56670.02,0.0151822482267277,1.8452574061672355,2.7813587995786944,4.067749563521447,,86.27,0.8626999999999999,-3.2050495635214467,-0.13262323703978,-0.1992672148936463,-0.4195394200005438,-0.4194911016275536,-0.4351303673636992,-0.5256142162986757,,
2021-05-12,49631.32,-0.13262323703978,2.7717242026290223,3.7619928452681126,4.792127072157175,,93.86,0.9386,-3.853527072157175,0.0007985717571492,-0.1309870473461251,-0.28162258573768,-0.3020336321078648,-0.2847717540921642,-0.3706730740443511,,
2021-05-13,49670.97,0.0007985717571492,2.749588649692864,3.734387942672705,4.652034075353839,,92.9,0.929,-3.723034075353839,0.0034263093346637,-0.1477201469776741,-0.3599714285090852,-0.2792499332663591,-0.3345899309045707,-0.4062913845293654,,
2021-05-14,49841.45,0.0034263093346637,2.7328961390502573,3.4535324052956,4.64878084695677,,98.46,0.9846,-3.66418084695677,-0.06375488905286,-0.3063402758052685,-0.2505223436531338,-0.2389773097094359,-0.244758024172256,-0.4205619058576951,,
2021-05-15,46762.99,-0.06375488905286,2.9484441481951484,3.66186622905818,4.805318472436661,,102.85,1.0285,-3.776818472436661,-0.0071139698928193,-0.1431325424517657,-0.1989969593059386,-0.2388064997911387,-0.1433879626360129,-0.3540533830547742,,
2021-05-16,46431.5,-0.0071139698928193,2.944606627458056,3.641569697835193,4.774484919612722,,105.28,1.0528,-3.721684919612722,-0.0643430694922586,-0.2202722051068973,-0.1682327998740432,-0.2680736498529597,-0.145504122171752,-0.3759992542862213,,
2021-05-17,43538.04,-0.0643430694922586,3.085741563246416,3.8383203305194153,4.912422052586309,,123.02,1.2302,-3.682222052586309,-0.0159345278743997,-0.1506355383915548,-0.12219839915409,-0.1957902232473688,-0.126906326099024,-0.3273409720553877,,
2021-05-18,42849.78,-0.0159345278743997,3.087125702653454,3.596570588630037,4.755408035264881,,117.01,1.1701,-3.5853080352648807,-0.1551938194929308,-0.212251281531411,-0.1835730344349017,-0.2445804914179556,-0.1176707601695002,-0.3070760250421822,,
2021-05-19,36690.09,-0.1551938194929308,3.4498489235233407,4.425371470348522,5.601228397546433,,124.83,1.2483,-4.3529283975464335,0.0994528443006428,0.0558179321521345,-0.0585041764304907,-0.0945255073818114,-0.024004761504393,-0.1437148427833514,,
2021-05-20,40526.64,0.0994528443006428,3.9384504231864472,4.803293607350828,5.908554655142936,,119.77,1.1977,-4.710854655142936,-0.084253632547951,-0.0558644168541729,-0.1284552995625933,-0.0806084010023616,-0.1328855359024786,-0.2731583359160953,,
2021-05-21,37252.01,-0.084253632547951,4.254188878221024,5.056366711228059,6.055218000997938,,139.98,1.3998,-4.655418000997938,0.0052935972230838,0.0520394052328539,4.831837299018252e-05,-0.0155909473631555,-0.0453557708714306,-0.2235213875361353,,
2021-05-22,37449.73,0.0052935972230838,4.077344817240373,5.031705839345455,6.008232900220954,,140.05,1.4005,-4.607732900220954,-0.077550271014256,0.0284371392374649,-0.0204110463701848,-0.0031491683544842,-0.1695598247172748,-0.1527578262751703,,
2021-05-23,34655.25,-0.077550271014256,4.336057528047821,5.241383698701144,6.18463993758003,6.916789539841365,156.2,1.5619999999999998,-4.622639937580031,0.112875394190615,0.0286782470965093,0.080721495242726,0.0253814976045145,-0.0639150293830808,-0.0707588502668026,,
2021-05-24,38796.29,0.112875394190615,4.684089629220451,5.609144021124527,6.537173151388712,7.235581921888664,125.12,1.2512,-5.285973151388712,-0.0122295047056648,-0.1143221085826254,0.0115450339436981,0.0057643194808777,-0.141477739806599,-0.1427844875400938,,
2021-05-25,38324.72,-0.0122295047056648,4.680022274630765,5.606509929985294,6.530403247015315,7.113931540039975,129.11,1.2911,-5.2393032470153145,0.023650189539076,-0.0725908827084205,-0.0398095404852001,0.0556089966699257,-0.1004196867214845,-0.1121709180909754,,
2021-05-26,39241.91,0.023650189539076,3.649067701295361,5.021668316782,6.28478655711601,7.12304149872625,117.02,1.1702,-5.114586557116009,-0.0183086687723054,-0.051991086859864,-0.0998408499789163,0.0227286777022912,-0.2170803974642543,-0.1035697901707539,,
2021-05-27,38529.98,-0.0183086687723054,3.13494479453499,5.03381272999697,6.284537933323829,7.131611869995465,107.26,1.0726,-5.21193793332383,-0.0773091631552114,-0.0488481856076496,-0.0735918240932788,-0.0047079269449339,-0.1768757294421361,-0.034117636061171,,
2021-05-28,35663.49,-0.0773091631552114,3.0689347638907907,5.245615654677426,6.455508615400557,7.255999932227975,122.55,1.2255,-5.230008615400557,-0.0301249614885199,0.0520432481462166,-0.0610074569830538,0.0659022742654015,-0.0273779912309715,0.1011060440182702,,
2021-05-29,34605.15,-0.0301249614885199,3.120797149544951,5.134599848798817,6.465111306976922,7.269642159142542,129.3,1.293,-5.172111306976922,0.0295017211685401,0.1258671425263235,-0.0360213309513205,0.0344994149260977,-0.00319131779312,0.145365819674243,,
2021-05-30,35641.27,0.0295017211685401,2.8039127857341293,5.1636539191297,6.331847308935951,7.291458811869851,123.61,1.2361,-5.095747308935952,0.0442499853876325,0.0327813422232204,0.0478468985602318,-0.0044302363398852,0.0075597469864142,0.1157871331785449,,
2021-05-31,37253.81,0.0442499853876325,1.981465951383406,5.0859515305459135,6.387937894479836,7.340301162146387,106.47,1.0647,-5.323237894479836,-0.015165767520091,-0.0478497631190523,-0.0156392657361456,-0.0454040892444206,-0.0611212715220402,0.1248169360434534,,
2021-06-01,36693.09,-0.015165767520091,1.988860933794344,5.085093539455634,6.381457058176595,7.345639129440612,108.23,1.0823,-5.299157058176595,0.0235822705986549,-0.0247436384856292,0.0172618780157005,-0.1491487783470901,-0.0909030249223019,0.1221847910083906,,
2021-06-02,37568.68,0.0235822705986549,1.988566544465512,4.155730018950282,6.394258454854518,7.332833460701842,103.17,1.0317,-5.362558454854518,0.0436989328915869,-0.1130507051292705,-0.0553399976382115,-0.1446365246258069,-0.1061079302527539,0.0588372450266625,,
2021-06-03,39246.79,0.0436989328915869,2.128156250560458,3.789053693414964,6.3002765165671,7.370350378810014,99.19,0.9919,-5.3083765165671,-0.0635840791345629,-0.1618884734776441,-0.0057807144628203,-0.153022773750297,-0.1240199918033868,-0.0025249198275142,,
2021-06-04,36829.0,-0.0635840791345629,1.955306215671847,3.6388985946385457,6.247133644172084,7.4636723968524175,102.91,1.0291,-5.218033644172085,-0.0363811199546403,0.0150655563370112,0.0954185371551257,-0.0606101462362844,-0.042784840384226,0.0367344752482612,,
2021-06-05,35513.2,-0.0363811199546403,1.9937624959799467,3.703304435093621,6.275933200578029,7.486752628594048,108.52,1.0852,-5.190733200578029,0.007940357113332,0.0322104973829067,0.1225695276812077,-0.1172395474853379,-0.0526992454096813,0.1120304380399919,,
2021-06-06,35796.31,0.007940357113332,1.9184430035519,3.397403489119383,6.2701315085064735,7.457040612929245,105.93,1.0593,-5.210831508506473,-0.0647247960449863,0.0420055165013296,0.0688838971483448,-0.1032839053488573,-0.0450342547778353,0.1323669776886141,,
2021-06-07,33552.79,-0.0647247960449863,2.1201003357888304,2.9019015748821766,6.370607081986208,7.525281085051013,108.32,1.0832,-5.287407081986208,-0.0051388354567866,0.0577107074910589,0.1269097312484554,0.0336294657520823,0.009176966071544,0.244279160928371,,
2021-06-08,33380.81,-0.0051388354567866,2.102501851265548,2.894146134622156,6.3681383893729375,7.525891125114877,111.04,1.1104,-5.257738389372937,0.1133699506800925,0.1561077590148239,0.0705207458774182,0.0328300131582005,-0.0152470967439425,0.2891367903738756,,
2021-06-09,37388.05,0.1133699506800925,2.984758139071034,3.58652729677585,6.677156608294959,7.813604399471064,105.82,1.0582,-5.618956608294959,-0.0192361789087449,0.0803529808181143,-0.0522771349001171,-0.0402871515738175,-0.1004226900402864,0.1581541356608664,,
2021-06-10,36675.72,-0.0192361789087449,2.889089735798978,3.588298834865702,6.68096915063158,7.821888218532643,99.46,0.9946,-5.68636915063158,0.017735376231755,0.0903590302983008,-0.029764823508275,-0.0454820057858945,-0.0904838489349763,0.2320200190317792,,
2021-06-11,37331.98,0.017735376231755,2.643099806288332,3.287734627832115,6.191138853127809,7.829092040231129,97.22,0.9722,-5.218938853127809,-0.0490196050552571,0.026878380647015,-0.1664106563627905,-0.1081649029380023,-0.0859013199521869,0.1997281636964973,,
2021-06-12,35546.11,-0.0490196050552571,2.716603421476444,3.369721507773856,6.261552039644426,7.80054196728846,99.39,0.9939,-5.267652039644426,0.0932582160669782,0.0691990237573963,-0.0892965269875953,-0.0507679326145423,-0.0717014536247947,0.2471233280651678,,
2021-06-13,39020.57,0.0932582160669782,3.2452058164296647,3.769852032754888,6.509776387720149,7.999271965694809,102.86,1.0286,-5.481176387720149,0.0376151724833831,-0.0855870131374054,-0.1472420592874768,-0.1182392773405665,-0.1758038816854389,0.1291280036803619,,
2021-06-14,40516.29,0.0376151724833831,3.0852399441402643,3.743465098906431,6.435061554557596,8.03125786116261,98.88,0.9888,-5.446261554557596,-0.0092301294285584,-0.1326301157182315,-0.1560286833914102,-0.1382033775393516,-0.2106654204187613,0.1653215240323682,,
2021-06-15,40144.04,-0.0092301294285584,3.088715430175701,3.736398940581763,6.436042368128174,8.01363510598968,96.77,0.9677,-5.468342368128174,-0.0457452734195306,-0.1201238538065758,-0.2398090751665455,-0.175268773090889,-0.2304951321144693,0.159130213893596,,
2021-06-16,38349.01,-0.0457452734195306,2.3691181453249928,3.810708849447687,6.3777221766912,8.050293819842542,95.25,0.9525,-5.4252221766912,-0.0066989619448759,-0.1932890370098056,-0.172167802497202,-0.1139181519261802,-0.2004346459563637,0.2028617126225249,,
2021-06-17,38092.97,-0.0066989619448759,2.3439367308942995,3.7203331705553553,6.37173783878015,7.950657121773301,95.28,0.9528,-5.41893783878015,-0.0615278208278235,-0.1584955507449917,-0.093280265496373,-0.1177327651769112,-0.1894052648726819,0.1864634705746597,,
2021-06-18,35819.84,-0.0615278208278235,2.60019259746853,3.7076917522808657,5.761054091700902,8.035141803912628,94.73,0.9473,-4.813754091700901,-0.0094279300974428,-0.0616550461500713,-0.0376907327192177,-0.0857678426213608,-0.1197100812789583,0.2213809636436311,,
2021-06-19,35483.72,-0.0094279300974428,2.4323606788209844,3.646410923284977,5.441692813927689,8.032623406706149,91.89,0.9189,-4.52279281392769,0.0032761324830971,-0.0233985676731788,0.0119899833262994,-0.0481455551401693,-0.1402728000136166,0.2310178393895681,,
2021-06-20,35600.16,0.0032761324830971,1.6570625840906907,3.6437915964805456,5.19854999150077,7.980638261050435,95.63,0.9563,-4.2422499915007705,-0.1189104566227603,-0.1196852213599696,-0.0157171822776196,-0.0607190254267012,-0.1781656166647047,0.2726912634819516,,
2021-06-21,31608.93,-0.1189104566227603,2.7185302578121227,4.112069099073929,5.672361343823959,8.262841266671279,106.23,1.0623,-4.61006134382396,0.0280945243199381,0.0211212345126035,0.0582457534247882,0.0805093364106035,0.0168019984421047,0.4449400825379805,,
2021-06-22,32509.56,0.0280945243199381,2.7653943336124702,4.145789289023433,5.501695402162564,8.277585605458068,107.01,1.0701,-4.431595402162564,0.0353126837670968,0.0652152852486188,0.038528594373053,0.0175950733628005,-0.0068438208837216,0.4066441682779316,,
2021-06-23,33678.07,0.0353126837670968,2.70901192548273,3.598814582458477,5.106210935801204,8.29506015241199,102.21,1.0221,-4.084110935801204,0.0288285483794497,0.0239643134308535,0.0290027819469102,-0.0285618223979622,-0.0013067477334947,0.3798435767167503,,
2021-06-24,34663.09,0.0288285483794497,2.7614691629185617,3.622119729686693,5.13051133249433,8.30471631673719,100.99,1.0099,-4.12061133249433,-0.0930105212036937,0.0353885509994782,0.0178253058520585,-0.054636737027351,-0.0117512313694908,0.3560719596025999,,
2021-06-25,31584.45,-0.0930105212036937,3.066193195820882,4.0202664411738205,5.410692180577728,8.29301705903654,105.3,1.053,-4.357692180577728,0.0218959992498128,0.1039680390823499,0.0645403020756564,0.0093139430520762,0.1135106072935004,0.4117214748005171,,
2021-06-26,32283.65,0.0218959992498128,3.089351237539298,3.93198035864373,5.415554716301536,8.296002044397166,106.7,1.067,-4.348554716301536,0.0721885750559531,0.0371245189121846,0.0582496505710218,-0.0282668434591615,0.1427580933809651,0.4167147499065584,,
2021-06-27,34700.34,0.0721885750559531,3.382640683305099,3.766711350759985,5.389695670579743,8.40966175924911,106.41,1.0641,-4.325595670579743,-0.0059382880506683,-0.0266866908755658,-0.0244524996805382,-0.0961249993763088,0.1284840352492418,0.3000706718316912,,
2021-06-28,34494.89,-0.0059382880506683,2.5088124263624505,3.69926297433836,5.360079118536507,8.39810171220687,104.3,1.043,-4.3170791185365065,0.0402527859480743,0.0050384685160566,-0.048077109902143,-0.0820193485597406,0.148557137467363,0.3524346150696662,,
2021-06-29,35911.73,0.0402527859480743,2.568550004536446,3.7742356770848495,5.3855523870794855,8.312428336993769,98.86,0.9886,-4.3969523870794855,-0.0244310331208218,-0.0175632451474196,-0.0601355384664687,-0.1522627833399161,0.1082273861921307,0.3086183168616432,,
2021-06-30,35045.0,-0.0244310331208218,2.5219355429020016,3.701203114523717,5.3392266937222725,8.325448470243987,104.51,1.0451,-4.294126693722273,-0.0449475209203527,-0.0394277370066934,-0.0450018431490817,-0.1624484343870852,0.1859382075654936,0.3304379242134289,,
2021-07-01,33504.69,-0.0449475209203527,2.6065714744482738,3.797357869513695,5.400073478230355,8.359652370501946,102.38,1.0238,-4.376273478230354,0.0083773652682027,0.0211251316588374,0.0222635829858154,-0.0414437549826835,0.2130878159306925,0.3380984895321478,,
2021-07-02,33786.55,0.0083773652682027,1.9136957222375253,3.61438404592103,5.383625570979808,8.358825603874395,99.23,0.9923,-4.391325570979808,0.025786871340954,0.0022341911950275,-0.0209335210102523,-0.0453724152567746,0.1649451752794164,0.332229102509737,,
2021-07-03,34669.13,0.025786871340954,1.9313075931111543,3.643355608240073,5.341266973075308,8.259698363915716,98.02,0.9802,-4.361066973075308,0.017651072284598,-0.0531155784181998,-0.0575646043448724,-0.0303095296804049,0.1214950719758725,0.3420961977558145,,
2021-07-04,35286.51,0.017651072284598,1.3934073573212895,3.658393370837517,5.212214604931205,8.135960905511098,95.89,0.9589,-4.253314604931205,-0.0462955249800956,-0.0425722933190491,-0.0724620428794095,-0.0295765372215493,0.0795193156324872,0.3333404040148352,,
2021-07-05,33690.14,-0.0462955249800956,1.646514068519833,3.000857938740916,5.24083655959892,8.17641152233339,96.39,0.9639,-4.27693655959892,0.0156053477451782,-0.0055741061423881,-0.0552263590235802,0.0489703052178439,0.1647296834496734,0.3948005923346298,,
2021-07-06,34220.01,0.0156053477451782,1.486099328760358,2.967480470154128,5.24711751069502,8.175988705044055,95.74,0.9574,-4.28971751069502,-0.0105135751956069,0.001138451326978,-0.0865164940301835,0.0845084428099431,0.1774012324664493,0.3775238198124722,,
2021-07-07,33862.12,-0.0105135751956069,1.425123528897645,2.8967457525937776,5.103282602968625,8.162605461420702,94.93,0.9493,-4.153982602968625,-0.0295628982722732,-0.0231677122052799,-0.0716724996957707,0.1529365349297801,0.2351021948568269,0.4242603846735654,,
2021-07-08,32875.71,-0.0295628982722732,1.269870943623082,2.8994459927485496,5.13350287320169,8.179611133506004,94.43,0.9443,-4.1892028732016895,0.0281943573837486,-0.0044490259266726,-0.0339422386575975,0.196634247369506,0.304383887117818,0.4711961241105598,,
2021-07-09,33815.81,0.0281943573837486,1.3700740400999645,2.353579017723017,4.685269044047815,8.156970417183684,90.89,0.9089,-3.776369044047815,-0.0092973378034347,-0.0298897495603604,-0.0921272448734472,0.1683629246585995,0.2585768257011528,0.3263155841101426,,
2021-07-10,33502.87,-0.0092973378034347,1.2907138554081898,2.322905782796942,4.674209626526043,8.153746649510248,90.57,0.9057,-3.768509626526043,0.0223179052145445,-0.049652252881192,-0.1174465912380035,0.2309400507145754,0.3225038679667554,0.3180599559847192,,
2021-07-11,34258.99,0.0223179052145445,1.3168238962661123,1.9171878460950469,4.681370491173947,7.761792961316537,88.71,0.8870999999999999,-3.7942704911739473,-0.034819738727865,-0.0876549453571617,-0.063707337968499,0.190824232944877,0.2856294836486842,0.303245700349387,,
2021-07-12,33086.63,-0.034819738727865,1.180788191217552,2.026146423719804,4.634727008936982,7.7902328843588,90.51,0.9051,-3.7296270089369816,-0.0108442119936659,-0.0485047874904907,-0.0244388942465223,0.1858786962896689,0.3188247816899625,0.3042146048641555,,
2021-07-13,32729.77,-0.0108442119936659,1.161161626468091,1.885944733475509,4.283594017041694,7.792712385360709,90.81,0.9081,-3.375494017041694,0.0027536337500608,-0.0294932127309248,0.0272550746644674,0.179059676320745,0.3049318853658009,0.3222297764218226,,
2021-07-14,32820.02,0.0027536337500608,1.144866177208536,1.8280305348472063,4.223210434794803,7.697111379440013,86.97,0.8697,-3.353510434794803,-0.0290598411242663,-0.0622374953130867,0.0428855056578602,0.1519813585118967,0.3759869444511295,0.3381512466165709,,
2021-07-15,31880.0,-0.0290598411242663,1.1401554714439337,1.706612642787377,4.255895116145143,7.715911132456685,85.55,0.8554999999999999,-3.400395116145143,-0.015684787261425,-0.0677943383568114,0.1041966642414241,0.2199560424732536,0.3896253460080653,0.3433656565839683,,
2021-07-16,31383.87,-0.015684787261425,1.0486193912066522,1.7253131608407934,4.175958315910157,7.623251800857554,82.59,0.8259000000000001,-3.3500583159101573,0.0043304191388057,0.0239476073886627,0.1710249368401266,0.2639177264966329,0.4032963585788888,0.4062234904427676,,
2021-07-17,31520.07,0.0043304191388057,1.0367721649910375,1.6555478786923914,4.174816493736399,7.6176200904558256,82.78,0.8278,-3.3470164937363998,0.0081673627658999,0.0240658932439683,0.2246090346255508,0.3067746945525975,0.3758687354473416,0.4231027066234313,,
2021-07-18,31778.56,0.0081673627658999,0.9578317693653272,1.62833254348827,4.008948718817638,7.018647596055331,83.52,0.8351999999999999,-3.1737487188176376,-0.029990648832101,0.0567482873953922,0.2305764860271036,0.3383261257754156,0.3410910449225896,0.4069321072893503,,
2021-07-19,30839.65,-0.029990648832101,0.8962174707584574,1.4823854112245929,4.0456793904594255,6.780821661977286,88.46,0.8845999999999999,-3.1610793904594257,-0.034616684167991,0.1051230009709471,0.2604901695320468,0.3507040705746,0.3712906394031848,0.4277086729316232,,
2021-07-20,29790.35,-0.034616684167991,1.0943800913695552,1.595607754796917,4.098900959968185,6.620114129964888,91.49,0.9149,-3.1840009599681856,0.0760571584840489,0.1719910025982355,0.3483866419525788,0.4399504592047589,0.4508568801466564,0.4830967232365537,,
2021-07-21,32144.51,0.0760571584840489,1.818326845618521,2.1487277820173243,3.7082896504206166,6.776953249530721,87.86,0.8786,-2.8296896504206166,0.0044487049941116,0.1470773294514639,0.2545315709133761,0.3493368216171831,0.428138084095876,0.3850363614709879,,
2021-07-22,32287.83,0.0044487049941116,1.73358099901081,2.074911462977362,3.6702234944732495,6.613561279489299,84.64,0.8464,-2.8238234944732503,0.0408497569173238,0.2005431413815822,0.2103175905361912,0.3432636759364849,0.4134879891616533,0.2868729265027327,,
2021-07-23,33634.09,0.0408497569173238,1.877387802914396,2.1503924270110217,3.691133593673263,6.30062356653999,81.75,0.8175,-2.873633593673263,0.0183840647434535,0.1738281986317113,0.1518046016562776,0.2776768107013335,0.3811503244502451,0.1915323173595867,,
2021-07-24,34258.14,0.0183840647434535,1.9081668531423464,2.171634697993972,3.66667172761,6.306078661966345,81.31,0.8131,-2.85357172761,0.0322513174592975,0.1553671685610998,0.1090958528540365,0.3331014387932693,0.3678231909720907,0.239838763929813,,
2021-07-25,35381.02,0.0322513174592975,1.999101534824964,2.216720245079437,3.265966329059568,6.319978317646019,83.9,0.8390000000000001,-2.426966329059568,0.0511434853372773,0.1763956393543432,0.1157593782318294,0.2854286817666411,0.2982108675070167,0.2374882577330583,,
2021-07-26,37237.6,0.0511434853372773,2.1500758542296827,2.329384453849168,3.383231715452557,6.385490562650599,87.68,0.8768,-2.5064317154525577,0.0579145169242299,0.1074542414619121,0.0928927896565062,0.2322714217387621,0.2739566565255932,0.1394660312136104,,
2021-07-27,39457.87,0.0579145169242299,2.325872864621231,2.5704770698777706,3.2815264237331228,6.3100899431881885,91.84,0.9184,-2.363126423733122,0.0141348141674527,0.0097744491546088,0.0821656599270468,0.1512597008217908,0.1715866365824493,0.078277575490698,,
2021-07-28,40019.56,0.0141348141674527,1.8360818804761465,2.584087689942008,3.2906639166828984,6.2895879968031245,95.68,0.9568,-2.3338639166828985,-7.696532715802908e-05,-0.0220235969754337,0.1077496397483119,0.1105145588954858,0.2038774776023032,0.0755666582214565,,
2021-07-29,40016.48,-7.696532715802908e-05,1.834114262433998,2.523742896531881,3.1995416079874737,6.264282960979702,93.24,0.9324,-2.2671416079874738,0.053279788252541,-0.0462713157070632,0.0902139010425533,0.1108004698711379,0.2003909306695125,0.0518804425062971,,
2021-07-30,42206.37,0.053279788252541,1.9470586134513732,2.7047406912210508,3.3249579798857707,6.289887698120098,93.49,0.9349,-2.390057979885771,-0.0177979125551537,-0.0606362611225138,0.0915638172521801,0.1024702381940774,0.1444997166479352,-0.0283519831596309,,
2021-07-31,41461.83,-0.0177979125551537,1.9450697342840744,2.7247746715387464,3.230102626523648,6.292404671360693,89.55,0.8955,-2.3346026265236484,-0.0397652753830731,-0.0145614518054058,0.0948052507038069,0.1736065131824998,0.1250106736014552,0.0015050714339709,,
2021-08-01,39845.44,-0.0397652753830731,1.9951963795339365,2.824396491189729,3.314379781821322,6.3220675120290855,89.3,0.893,-2.4213797818213223,-0.0176632319625898,0.0723912107724378,0.1329460854002935,0.2031703986254621,0.1672839272303205,0.0951759247932556,,
2021-08-02,39147.82,-0.0176632319625898,1.7719961576682692,2.786179563799255,3.294886675445206,6.275779719022284,88.52,0.8852,-2.409686675445206,-0.0243246840587875,0.1297732367237456,0.1258722090450558,0.2293457227939675,0.2206011257799419,0.2068021383000315,,
2021-08-03,38207.05,-0.0243246840587875,1.4600321955177986,2.7461570592975733,3.3103663873006752,6.174601744730448,89.04,0.8904000000000001,-2.419966387300675,0.0389148428370904,0.1364852167496165,0.2240055859392329,0.2587273381180541,0.253821088382348,0.220545632301626,,
2021-08-04,39723.18,0.0389148428370904,1.6160175740972893,2.445957782056777,3.275511140954399,6.18023794679016,91.94,0.9194,-2.356111140954399,0.0282768967619541,0.1522000783746939,0.1696693035348118,0.1824514892751873,0.2300709088849564,0.1934243321301448,,
2021-08-05,40862.46,0.0282768967619541,1.7039244093216923,2.503464303789069,3.306347483097226,6.201949358873036,96.09,0.9609,-2.345447483097226,0.0471873871947704,0.1093667025092129,0.1393786320822558,0.181063866869087,0.2001225873460228,0.1861886124743852,,
2021-08-06,42836.87,0.0471873871947704,1.6370543313233474,2.5438129113438586,3.4211570234487807,6.143924536064482,93.62,0.9362,-2.4849570234487808,0.0397187939887179,0.0605548746278558,0.0690940408947439,0.0894209766554024,0.1891581898167386,0.1836385958642734,,
2021-08-07,44572.54,0.0397187939887179,1.7720454435150783,2.631243304050477,3.458487504430129,6.189829364971974,97.27,0.9727,-2.4857875044301294,-0.0176127040329166,-0.0039010276786898,0.0027649191471739,0.0961278378539913,0.1668122369927415,0.2159261451461636,,
2021-08-08,43794.37,-0.0176127040329166,1.6359109337336366,2.58011882982443,3.432814449675277,5.80826661414678,95.99,0.9599,-2.472914449675277,0.0546297044621678,0.0875203691896162,0.0205865688285848,0.1101770296269592,0.0677387584089898,0.205493437927575,,
2021-08-09,46253.4,0.0546297044621678,1.9109254307779768,2.606071062880885,3.5835697215873568,5.889839351135684,106.97,1.0697,-2.5138697215873567,-0.0145564791035267,0.0174692251601177,0.0109064209418974,0.052935899395755,-0.0044439119820361,0.1539492226069997,,
2021-08-10,45584.99,-0.0145564791035267,1.8743023514630772,2.3758584378385312,3.568964800764037,5.886657746525348,103.35,1.0335,-2.535464800764037,-0.0016244406865866,0.0300119295730428,0.0788012624786928,0.030205422897648,0.0176162167007028,0.1868400896288116,,
2021-08-11,45511.0,-0.0016244406865866,1.7208222589784603,2.360665594019411,3.5065569621771875,5.811767044227018,100.53,1.0053,-2.5012569621771874,-0.0247371083178277,0.0085391662668884,0.0702243132251684,0.0343378418300269,-0.014610176825807,0.1831598304387056,,
2021-08-12,44399.0,-0.0247371083178277,1.7008039112907638,2.4075074947638773,3.5321907226059155,5.552076098514744,98.06,0.9806,-2.551590722605916,0.0738086928353895,0.0066659468258639,0.1034735137489119,0.094728916734886,0.0172978910560218,0.2580696160985229,,
2021-08-13,47800.0,0.0738086928353895,2.017033916127553,2.597763018928667,3.8028966110302926,5.683091501176572,100.3,1.003,-2.7998966110302925,-0.0154214395673306,-0.0669338003610315,0.0347217521788214,0.0298155024431152,-0.0378356978345586,0.1582712283064181,,
2021-08-14,47068.51,-0.0154214395673306,1.8919336041967028,2.5922109899796504,3.773671167699239,5.68799062249162,97.48,0.9748,-2.7988711676992386,-0.0020137746906016,-0.0065628042182203,0.0127821857403755,0.0604016053501446,-0.0462596894240969,0.19786502517767,,
2021-08-15,46973.82,-0.0020137746906016,1.8621673562464012,2.4786834904398285,3.761951578762608,5.620578932563235,98.69,0.9869,-2.7750515787626084,-0.0230972039927412,0.0487893329056498,0.0416852347868312,0.0607439552637669,0.0029271318638788,0.1995464979000121,,
2021-08-16,45901.29,-0.0230972039927412,1.6040823183178798,2.494938092605518,3.786839778934085,5.63642158356621,98.3,0.983,-2.8038397789340848,-0.026610327758852,0.0616851469582801,0.0203269357606584,0.1200641489219944,0.0472339711760896,0.2953436081088536,,
2021-08-17,44695.95,-0.026610327758852,1.6595782059526265,2.503439459298539,3.81762594715094,5.535877320034259,96.68,0.9668,-2.8508259471509394,0.000208945648494,0.0968075669230479,0.0933629187068173,0.1640473178455676,0.0658410623667605,0.3089490513207243,,
2021-08-18,44705.29,0.000208945648494,1.659292798813085,2.3904982407834336,3.7743858528631615,5.532947704134002,95.81,0.9581,-2.8162858528631616,0.0449495565754806,0.1016555525398529,0.0895904607983745,0.0471521895804051,0.0564180335284382,0.3194058800157709,,
2021-08-19,46760.62,0.0449495565754806,1.8075865129394395,2.4819554682593568,3.813931373037253,5.598844666345544,94.5,0.945,-2.868931373037253,0.0533383624332684,0.019344989958596,0.0420294784538577,-0.0153503329239335,0.0322398430898972,0.2822516864176032,,
2021-08-20,49322.47,0.0533383624332684,1.5222904083791986,2.5270128425182485,3.670569193481032,5.217709299639896,93.06,0.9306,-2.7399691934810315,-0.010201389940111,-0.0071040981188185,-0.0485958395810446,-0.0611850457779898,-0.0431017226248881,0.2648779612757136,,
2021-08-21,48821.87,-0.010201389940111,1.5061701252688904,2.4182558195817974,3.674757059731394,5.19368654689799,92.71,0.9271,-2.7476570597313943,0.0085120922059157,-0.0413582111976215,-0.0358864713951416,-0.0848344900509755,-0.1266150626589205,0.3014977372295732,,
2021-08-22,49239.22,0.0085120922059157,1.51443540682886,2.400246209064105,3.594608368081234,5.1522496568220495,94.83,0.9483,-2.646308368081234,0.0050569312652992,-0.0034446482162306,-0.0087445970140257,-0.08617562269289,-0.1896180070906583,0.2335544046522364,,
2021-08-23,49488.85,0.0050569312652992,1.4519394201614853,2.163609984206704,3.5787124572540407,5.123637810165717,93.64,0.9364,-2.642312457254041,-0.0373610060057764,-0.0120650917414784,-0.0049062497357061,-0.0725574500133801,-0.1279844270422777,0.2040022183626071,,
2021-08-24,47674.01,-0.0373610060057764,1.5359529411506612,2.2612720444701706,3.5968058556516427,4.85834832281515,92.85,0.9285,-2.6683058556516426,0.0268892743558539,0.0226844884952617,0.0476194196097691,-0.0590418751644725,-0.0607226097739584,0.2511772838263488,,
2021-08-25,48973.32,0.0268892743558539,1.619580987376364,2.318683929918857,3.4994578097218256,4.867490298137956,93.62,0.9362,-2.5632578097218257,-0.0444555030189138,-0.041491741462226,0.0190587204769357,-0.0387581029229522,-0.1344906253119828,0.2171726418970327,,
2021-08-26,46843.87,-0.0444555030189138,1.6145959868252795,2.4236932979304253,3.426851052574178,4.74465212699387,93.87,0.9387,-2.488151052574178,0.0464256551873065,0.0054717398024799,0.099737213161336,0.0269070354154311,-0.0933090610917513,0.2975642643804375,,
2021-08-27,49069.9,0.0464256551873065,1.5346666746683824,2.1616127983015407,3.529459354441821,4.825510578914496,90.92,0.9092,-2.6202593544418207,-0.0035635122599486,-0.005299948797795,0.0706843991387503,-0.0275218563400566,-0.1283108193808467,0.2065639552167544,,
2021-08-28,48895.35,-0.0035635122599486,1.5237623989002589,2.142521947274935,3.530115602736571,4.764323946786916,90.11,0.9011,-2.629015602736571,-0.0026114257690363,0.0071588420057722,-0.0424382712179694,-0.0331724272699361,-0.1485104881632155,0.1778637004082755,,
2021-08-29,48767.83,-0.0026114257690363,1.5158808154183696,2.1427573936426763,3.380542371013549,4.741667669736458,90.6,0.906,-2.474542371013549,-0.0372869556016338,0.0249349311145073,-0.0573798113777913,-0.0097896353639603,-0.172851699807566,0.2168260849588598,,
2021-08-30,46982.91,-0.0372869556016338,1.672132288604102,2.2145325625086807,3.438010030681953,4.717359001490633,92.08,0.9208,-2.5172100306819534,0.0025079782457921,0.0605504619391618,-0.0125892061969451,0.0054941169561566,-0.1235056021674842,0.2814342133983943,,
2021-08-31,47100.89,0.0025079782457921,1.5128909025968642,2.155919831670399,3.35336288723797,4.714886636139933,91.08,0.9108,-2.44256288723797,0.0356539665870315,0.0942654733588558,-0.0489480186558338,-0.090728591263779,-0.0721080024370648,0.272568776277906,,
2021-09-01,48810.52,0.0356539665870315,1.5776316925480736,2.2609653540032624,3.405166124664708,4.738294475925956,93.65,0.9365,-2.468666124664708,0.0088952785436187,0.0759843479365455,-0.0774310256788642,-0.1808734100766326,-0.0137989874799101,0.2278307168971959,,
2021-09-02,49246.64,0.0088952785436187,1.3403194588992668,2.0984223723017066,3.377583511400459,4.729333567708497,92.82,0.9282,-2.449383511400459,0.0151646633396987,-0.0495971132237416,-0.0676512002776738,-0.1230781773065716,-0.0332754560807218,0.2125744463504228,,
2021-09-03,49999.14,0.0151646633396987,1.04579853669149,1.8571204542742432,3.307455988250131,4.654915503930017,90.15,0.9015,-2.405955988250131,-0.0016714247769793,-0.0823147424922987,-0.1066612947742417,-0.1083420293837276,-0.0366465767548115,0.2346147433294429,,
2021-09-04,49915.64,-0.0016714247769793,1.0440686133434145,1.8471413366797655,3.263194300891497,4.645467761631126,91.3,0.913,-2.350194300891497,0.0362229896654862,-0.0731396681361071,-0.057816823399888,-0.1535493457889186,-0.0139339748716374,0.2311558197930303,,
2021-09-05,51756.88,0.0362229896654862,1.2516023543525228,1.965808510505089,3.211639502175509,4.692434727412527,93.37,0.9337,-2.2779395021755096,0.017372841164721,-0.1432134920146899,-0.0728301777459048,-0.1930462742530873,-0.005519593952465,0.1707711913234449,,
2021-09-06,52663.9,0.017372841164721,1.0812980278054565,1.9912889834296683,3.138307400832994,4.67012945863629,92.86,0.9286,-2.209707400832994,-0.1166861826166685,-0.1534153736154098,-0.098206255478807,-0.1989952185195971,0.0491139081534217,0.1459123015077344,,
2021-09-07,46863.73,-0.1166861826166685,2.477221708767043,2.902665374711157,3.8347705882858794,5.146812655487064,95.16,0.9516,-2.8831705882858785,-0.0175529659288582,-0.0180540870539322,0.009265843948033,-0.106072216945246,0.1377546795185852,0.2713151456928345,,
2021-09-08,46048.31,-0.0175529659288582,2.405222725946193,2.8764593024654697,3.705214797549274,5.154666686164664,92.31,0.9231,-2.7821147975492737,0.0075036495792122,-0.0243465522819429,0.0475901760138308,-0.1154718884297747,0.1583931345890359,0.3177769597126381,,
2021-09-09,46395.14,0.0075036495792122,2.4034905065095,2.75194892154366,3.697543466501175,5.139001599120028,91.95,0.9195,-2.778043466501175,-0.0338508342130965,0.0153228447362189,0.0180833231531017,-0.110916395970539,0.1692238729281088,0.375315478979797,,
2021-09-10,44850.91,-0.0338508342130965,2.4720587536045096,2.684170087870503,3.7535463695668665,5.136638207766039,90.57,0.9057,-2.8478463695668665,0.0071709595640012,0.0703833142687849,-0.0417805726079451,-0.023159983781231,0.1977700072645127,0.4005672419160132,,
2021-09-11,45173.69,0.0071709595640012,2.4756461916792825,2.686801692671972,3.726194730161713,5.134286558807195,89.46,0.8946,-2.831594730161713,0.0186751039448091,0.0552091181366027,-0.1034423843977683,0.063632038198954,0.240771725042501,0.3620620251485295,,
2021-09-12,46025.24,0.0186751039448091,2.4035812798295413,2.7099283057246724,3.46747825398694,5.146399525499163,92.13,0.9213,-2.54617825398694,-0.0238454311568689,0.0273199310019654,-0.0554269770288977,0.034375744196952,0.1961069261409767,0.3417183605595101,,
2021-09-13,44940.73,-0.0238454311568689,2.4237534827873217,2.654013257363204,3.48484454814818,5.136607402428438,92.14,0.9214,-2.56344454814818,0.0471730465973742,0.0719367282957738,-0.0016807346094859,0.07001471801943,0.2441247146017669,0.3554465951708472,,
2021-09-14,47111.52,0.0471730465973742,1.3103802124069643,2.8024495883877067,3.5992908333698783,5.206455049660461,90.9,0.909,-2.690290833369878,0.0212096353194695,0.0027604784168827,-0.0957325223890306,0.0438828485282505,0.1966193660361332,0.3122854687673051,,
2021-09-15,48121.41,0.0212096353194695,1.3299744875184,2.748441103399865,3.595047809068452,5.2215442410081545,90.32,0.9032,-2.691847809068452,-0.008003236568181,-0.1121638868767301,-0.1202160965071825,0.0673105837934397,0.2481096369327638,0.308614510763908,,
2021-09-16,47737.82,-0.008003236568181,1.331037116884327,2.747439975942155,3.5622026432414438,5.2214514786481,84.17,0.8417,-2.7205026432414434,-0.0092140831898283,-0.1586515025343712,-0.1007889630407901,0.1473201636322289,0.2431079889539637,0.2869954837192614,,
2021-09-17,47299.98,-0.0092140831898283,1.1766062361906064,2.73778682813606,3.5665473488148542,5.19290367305536,82.35,0.8234999999999999,-2.743047348814854,0.0207713661369396,-0.0827469080308631,-0.1153380608932792,0.1284888355705521,0.2629878464873327,0.2388153751945574,,
2021-09-18,48292.74,0.0207713661369396,1.2341442729432857,2.7662133238083517,3.484289059731277,5.1658825741591246,84.7,0.847,-2.6372890597312773,-0.0220032032815168,-0.0736174629052597,-0.1630620644436056,0.1108029585752049,0.2500118433277058,0.2227947009862251,,
2021-09-19,47241.75,-0.0220032032815168,1.254004112713591,2.711038414233486,3.358357287295622,4.975102197268274,85.72,0.8572,-2.501157287295622,-0.0937147299741435,-0.0984930008059134,-0.1289997191236409,0.151140549775007,0.3079796839006019,0.1858700188432105,,
2021-09-20,43015.62,-0.0937147299741435,2.137891511415635,3.2318974395711724,3.800812175455216,5.286777150697231,91.76,0.9176,-2.883212175455216,-0.054490852225822,-0.0080522096304523,0.0186205888267141,0.2395505798724579,0.4281127998884939,0.2997799892779627,,
2021-09-21,40734.38,-0.054490852225822,2.2004827407195724,2.561097536852597,3.937448944929731,5.331483237693606,96.26,0.9626,-2.974848944929731,0.0666905113136797,0.0578625394935809,0.1670744225967223,0.3442141094402695,0.4231724117428948,0.3823853548115647,,
2021-09-22,43543.61,0.0666905113136797,2.510241504587049,2.840799983948409,4.137336471816192,5.470350622467056,88.73,0.8873000000000001,-3.250036471816192,0.0299008112625428,-0.0325911528624161,0.0898027212258496,0.2515339031698745,0.331986645404885,0.2973474292840189,,
2021-09-23,44865.26,0.0299008112625428,2.569876429643556,2.8941189799594023,4.115142901251969,5.465474678467957,83.84,0.8384,-3.2767429012519687,-0.0468787411821704,-0.0894446015383458,0.071695452628916,0.2458054492112528,0.3118998936003072,0.2260921305979818,,
2021-09-24,42810.57,-0.0468787411821704,2.715769980199537,2.9596974204123674,4.180026794414154,5.4514978642611,86.92,0.8692,-3.3108267944141536,-0.0032739387986825,-0.0305067183177275,0.139615370917281,0.2923518884251638,0.3516632672090156,0.2957173947678648,,
2021-09-25,42670.64,-0.0032739387986825,2.687348094150791,2.9571864779845383,4.093310375506194,5.338398445859526,85.88,0.8588,-3.234510375506194,0.0114238968982114,0.0266727984571665,0.1875266803006224,0.3683257334399464,0.3908733254721889,0.2919633739428519,,
2021-09-26,43160.9,0.0114238968982114,2.663224137978985,2.9436863154583084,4.002015076921601,5.336029236292159,89.12,0.8912,-3.1108150769216008,-0.0237631810423174,0.1092118831031413,0.2481091266730189,0.3438969519947539,0.3348747745976012,0.3119303608830495,,
2021-09-27,42147.35,-0.0237631810423174,2.0231855419594917,2.943443536366367,4.027108277906153,5.355307390866041,89.25,0.8925,-3.1346082779061533,-0.0269526374133869,0.1223938740882658,0.2438268964638313,0.3783259073806119,0.326374188571491,0.2427351087135644,,
2021-09-28,41026.54,-0.0269526374133869,1.8096007026515355,2.848996138158431,4.05958917261485,5.282833612052308,92.27,0.9227,-3.1368891726148505,0.012059142038448,0.1611400541672618,0.2738650230188107,0.4130739077713115,0.3896777847664259,0.288028921878407,,
2021-09-29,41524.28,0.012059142038448,1.3055080217089738,2.829428141179403,4.003233428764122,5.276911109374903,91.77,0.9177,-3.085533428764122,0.0539055779762114,0.1701220892350085,0.2801402688986479,0.4369794030242427,0.4049398155658787,0.3215838167858112,,
2021-09-30,43824.1,0.0539055779762114,1.5616148613103251,3.0071424706359986,4.133304149180094,5.322522507527268,90.97,0.9097,-3.223604149180094,0.0939629815441862,0.1608538818434558,0.2209299910457436,0.4094922110617796,0.3446767787149707,0.276393897209147,,
2021-10-01,48141.61,0.0939629815441862,2.204339196221816,3.4977875689287994,4.454527307884419,5.606957274070498,85.84,0.8584,-3.596127307884419,-0.0105811900571929,0.1388972435698776,0.177139686843547,0.2560979891461725,0.241629704377106,0.1680366471148551,,
2021-10-02,47634.9,-0.0105811900571929,2.2127053471566205,3.481078099162871,4.455872364830273,5.591320855409962,83.97,0.8397,-3.616172364830273,0.0117935426656091,0.1214330223755654,0.1617311819440247,0.2421839241790351,0.2458499024311446,0.1827096772350993,,
2021-10-03,48200.01,0.0117935426656091,2.213413080889347,3.4629409864688685,4.452148645678154,5.546250325889147,85.56,0.8556,-3.596548645678154,0.0210411771061945,0.1127249688515488,0.1741099965823368,0.2402044409713911,0.2712613200842544,0.158533384471483,,
2021-10-04,49224.94,0.0210411771061945,2.2033345021423867,2.9913145380459336,4.470145941794569,5.534495621672602,89.62,0.8962,-3.573945941794569,0.0446373705846586,0.1100181796636394,0.1527365175078826,0.2120478962917345,0.2450897946646678,0.085168251805515,,
2021-10-05,51471.99,0.0446373705846586,2.3058168286704355,2.9311168435285406,4.49783804114496,5.526768978011011,92.68,0.9268,-3.57103804114496,0.072006343270608,0.0600761092022879,0.1807990531393241,0.2033466451715666,0.1762907852759098,-0.0461106765622972,,
2021-10-06,55315.0,0.072006343270608,2.675108465730448,2.976668691367783,4.691788333211686,5.644630289557008,89.38,0.8937999999999999,-3.797988333211686,-0.0280454112515052,0.0382424432736694,0.0957878253217348,0.0867656479245821,0.0967983933543125,-0.1131679895507231,,
2021-10-07,53785.22,-0.0280454112515052,2.5263952826335965,2.9700697128482614,4.162961556314922,5.660010104596844,88.13,0.8813,-3.2816615563149223,0.0030854891415925,0.0402981595684592,0.1344990109167807,0.0825472921076597,0.1335604661742493,-0.0641761328353493,,
2021-10-08,53951.43,0.0030854891415925,1.7786364775162082,2.832429877534678,4.149851189432127,5.5632617761893375,88.19,0.8819,-3.267951189432127,0.018334387918285,0.0613850277307879,0.1392088847525008,0.1158127617476151,0.1593838251236021,-0.0643510243784455,,
2021-10-09,54949.72,0.018334387918285,1.8014928285091905,2.8533211113552475,4.1621398736643735,5.567336527875103,87.42,0.8742,-3.287939873664373,-0.0053046998766927,0.0427183378442432,0.1568391341255946,0.1247995466672307,0.2060916060516882,-0.0850159068576568,,
2021-10-10,54659.0,-0.0053046998766927,1.790217992679766,2.846766222921447,4.11283765097232,5.568172401402826,89.23,0.8923000000000001,-3.22053765097232,0.0501726773419895,0.1207229439370361,0.1885622200160359,0.1237467876692271,0.2027972346515004,-0.1394248452076852,,
2021-10-11,57471.35,0.0501726773419895,1.990501746735307,2.96930633853891,4.220838527866546,5.630275752164147,90.49,0.9049,-3.3159385278665456,-0.0259896949567152,0.0575453820480652,0.0789583023026252,0.0644900175335591,0.1212903001060284,-0.1981532100784578,,
2021-10-12,55996.93,-0.0259896949567152,1.8658459292116287,2.966171316518214,4.234940980365526,5.473402100070088,93.37,0.9337,-3.3012409803655256,0.0241723573039213,0.0942008513483213,0.0804527422350103,0.0841187204871198,0.1456114344185332,-0.1255490957214511,,
2021-10-13,57367.0,0.0241723573039213,1.342444843410818,2.9930525322858954,4.235617425587196,5.484942707147997,95.0,0.95,-3.285617425587196,-0.0003323019682596,0.0778238570217128,0.0660944443890543,0.0971513235019175,0.1113218805690802,-0.1363688003043654,,
2021-10-14,57347.94,-0.0003323019682596,1.230897844624604,2.810299384054088,4.138630464560678,5.484811448479351,97.87,0.9787,-3.159930464560678,0.0726999062161001,0.1141207962813514,0.0593113787838518,0.0923532771567853,0.1156661027311719,-0.2053338736887449,,
2021-10-15,61672.42,0.0726999062161001,1.854928701572032,2.5698848626090176,4.346630102147767,5.640705806402687,90.71,0.9071,-3.439530102147767,-0.0130048845469812,0.0678392760789998,0.0225475920322424,-0.004508267863414,0.0605048738311441,-0.2435096036721732,,
2021-10-16,60875.57,-0.0130048845469812,1.8384224708025052,2.5739412565794177,4.351039611699109,5.623240469168206,86.8,0.868,-3.4830396116991094,0.0106657743435406,0.02141292025456,-0.0090221773971526,0.0010105680325778,0.0438874947652978,-0.2197709603087971,,
2021-10-17,61528.33,0.0106657743435406,1.846902293090518,2.572144735728801,4.3522499225614215,5.626929836045067,89.66,0.8966,-3.4556499225614217,0.0077953629773126,-0.0137481091133108,-0.0519517188091208,-0.0009385447425313,-0.0241724712927752,-0.2559849370805216,,
2021-10-18,62009.84,0.0077953629773126,1.5856905998671105,2.544899189017755,4.336678506690441,5.5630073451465,92.4,0.924,-3.412678506690441,0.035964637291379,-0.0117294126326583,-0.0233961230048856,0.0201749403711014,-0.0272171423414808,-0.2958035714577995,,
2021-10-19,64280.59,0.035964637291379,1.655288903462277,2.4942659011181942,4.370604093989991,5.511872986157581,94.15,0.9415,-3.429104093989991,0.0264183860137485,-0.0548094174974995,-0.0320395874583639,0.0492524719260936,-0.1221096650573912,-0.3166380356291135,,
2021-10-20,66001.41,0.0264183860137485,1.6677696692093116,2.1409376046804427,4.018871798264958,5.53150103714878,93.04,0.9304,-3.088471798264958,-0.0594312403714209,-0.0452916840467573,-0.0648154323468088,0.0142350146354644,-0.128332810610531,-0.3463339487489837,,
2021-10-21,62193.15,-0.0594312403714209,2.017578193222626,2.3634151708214475,4.044349094199521,5.644489683725248,92.52,0.9252,-3.119149094199521,-0.0244952550243301,-0.0304350976517126,-0.0144682847690662,0.042331997803403,-0.04078705693133,-0.2819253162027519,,
2021-10-22,60688.22,-0.0244952550243301,1.5363926214668109,2.408581070923992,3.86683114718542,5.663032421050031,86.73,0.8673000000000001,-2.99953114718542,0.0098140594579652,-0.03820360969581,0.0036659782521092,0.0651586921835229,-0.0346392161208659,-0.2161791879409677,,
2021-10-23,61286.75,0.0098140594579652,1.5277192732140223,2.390339590706971,3.828995562374916,5.620997074755623,86.31,0.8631,-2.965895562374916,-0.0071153675734619,-0.0116667103722271,0.0310568791128633,0.0452274361800259,-0.0858077630023253,-0.2321837896700464,,
2021-10-24,60852.22,-0.0071153675734619,1.5201590782300722,2.3920559574032367,3.725259242818976,5.59912318387696,89.88,0.8987999999999999,-2.8264592428189754,0.0359361194644907,0.0227698300391356,0.0330418983729333,0.0563547239473202,-0.0559458724411508,-0.1797882626423571,,
2021-10-25,63078.78,0.0359361194644907,1.6613446744956046,2.2966237841627053,3.7874802730482777,5.576755028594722,84.45,0.8445,-2.9429802730482777,-0.0445746539763763,-0.0195237483000515,-0.0270558598956565,0.0379572817989015,-0.0989099515293369,-0.2160944434958146,,
2021-10-26,60328.81,-0.0445746539763763,1.7358494812810632,2.3985734876357414,3.8758987033914982,5.571240026678056,89.01,0.8901,-2.9857987033914988,-0.0322637670684276,0.0159668128826463,0.0100327454297303,0.0529096721624504,-0.0229444137145517,-0.179825338388634,,
2021-10-27,58413.44,-0.0322637670684276,1.7715460919512842,2.433070328914149,3.898259399989098,5.604821801947286,88.45,0.8845000000000001,-3.013759399989098,0.0363509587815479,0.0418695879479194,0.0510131740665895,0.0277792475163457,-0.0836390798579267,-0.1401322425046323,,
2021-10-28,60575.89,0.0363509587815479,1.5269175843115812,2.530236960256369,3.926013525447343,5.647463718556074,89.87,0.8987,-3.027313525447343,0.0273211728379008,0.0427235894850903,0.0435710633759869,-0.0038210193365952,-0.1016488628880189,-0.177942646563915,,
2021-10-29,62253.71,0.0273211728379008,1.5443198768596822,2.17839991033822,3.953853286119851,5.6266183177229365,87.58,0.8758,-3.078053286119851,-0.0063574588746964,0.0102720683337977,0.0812920593844573,-0.0900700775990273,-0.0833559987800674,-0.2695680025316139,,
2021-10-30,61859.19,-0.0063574588746964,1.5376998852094097,2.1675901629972887,3.819304515038644,5.627725132611218,87.17,0.8717,-2.947604515038644,-0.0090840927936784,-0.007532111595605,0.0790504469822733,-0.0635173782637223,-0.0682828815058237,-0.2861686494408792,,
2021-10-31,61299.8,-0.0090840927936784,1.541480334427998,2.164958485642059,3.375589838181857,5.589044667232909,87.64,0.8764,-2.499189838181857,-0.0063609920031545,-0.0059340674529158,0.0568002825724694,-0.0263187721622637,-0.0735930572622508,-0.2630605776237664,,
2021-11-01,60911.11,-0.0063609920031545,1.3854846164678405,2.1632461140480403,3.3717220359726268,5.587782030423299,85.45,0.8545,-2.517222035972627,0.0372049603187191,0.0091435861186701,0.0614927139314135,-0.0383051943729754,-0.0631402251960452,-0.2760694071132868,,
2021-11-02,63219.99,0.0372049603187191,1.3036815236929675,2.170888973872721,3.438455875464777,5.625353888488445,87.23,0.8723000000000001,-2.566155875464777,-0.0051303483133919,0.0008474738908964,0.0141705570671626,-0.1168646421151887,-0.1127279356127715,-0.2812144206502272,,
2021-11-03,62896.48,-0.0051303483133919,1.1529290937754244,2.1136747742218267,3.4162829093250093,5.626117103072829,85.84,0.8584,-2.5578829093250093,-0.0241616388040991,0.0710199910506597,0.0233128255743868,-0.0889877708140842,-0.1599215428591529,-0.285272125080428,,
2021-11-04,61395.01,-0.0241616388040991,1.0295721387697578,1.8416015036404725,3.3401810944238672,5.602442037890027,84.73,0.8473,-2.492881094423867,-0.0074860486509893,0.0865825585778784,0.0650131416945581,-0.0718540916336804,-0.2224014618382072,-0.2790360610059261,,
2021-11-05,60937.12,-0.0074860486509893,0.8988997492639084,1.786881261105679,3.047092263776197,5.594430178992856,85.71,0.8571,-2.1899922637761966,0.0087166615684314,0.0627343500253853,0.0428769267327199,-0.032977159144282,-0.2099663829050356,-0.2848597575467684,,
2021-11-06,61470.61,0.0087166615684314,0.9060911762920622,1.7848031142754557,3.0042328595226464,5.133776776759151,87.07,0.8706999999999999,-2.1335328595226466,0.0289088480909455,0.0523491278127433,-0.0232339265502438,-0.1346522539245161,-0.1977365990095985,-0.346922316131903,,
2021-11-07,63273.59,0.0289088480909455,1.0468617366761823,1.8633521183997737,3.0540102377369367,5.152498755616857,86.59,0.8659,-2.188110237736937,0.0650421688463713,0.0133230831762662,-0.0473920827125822,-0.1452199262640059,-0.2237348495020477,-0.384355550480023,,
2021-11-08,67525.83,0.0650421688463713,1.6202707633271658,2.1318642004034487,3.2784768449977117,5.298284510210172,86.69,0.8669,-2.411576844997711,-0.0085990712768805,-0.0477071654762728,-0.1713621369834847,-0.1646480581645248,-0.291107512909345,-0.4852161181170044,,
2021-11-09,66947.66,-0.0085990712768805,1.4652749246772772,1.9612792050359424,3.2810255943975624,5.261232031981424,84.68,0.8468000000000001,-2.4342255943975624,-0.0313342572034824,-0.0215694168833201,-0.1425678252459955,-0.1473333284880971,-0.3422220798591857,-0.4738959606482382,,
2021-11-10,64882.43,-0.0313342572034824,1.5798081064278673,1.9557707300215497,3.19447732280651,5.293407526749444,86.36,0.8636,-2.33087732280651,-0.0016685606442103,-0.0198574232926653,-0.0831190547347331,-0.1303933398347202,-0.3194435101844863,-0.4381357840458295,,
2021-11-11,64774.26,-0.0016685606442103,1.5112009791660204,1.828591585992693,3.1558132250536235,5.281465915690706,85.23,0.8523000000000001,-2.3035132250536234,-0.0101171965455318,-0.0755830543629872,-0.0997979083043889,-0.1246329391274588,-0.2711605301399843,-0.437474069104836,,
2021-11-12,64122.23,-0.0101171965455318,1.5167841013449994,1.7631377624336886,3.1278182678118323,5.265330197850399,88.44,0.8844,-2.2434182678118324,0.0040119201938321,-0.0607151658888483,-0.1310351991823513,-0.1268984926799341,-0.2476906808734456,-0.4059064721196262,,
2021-11-13,64380.0,0.0040119201938321,1.5095615588554818,1.7606184480825269,3.1287508162697,5.18819272892768,87.74,0.8774,-2.2513508162697,0.0175386773160723,-0.1236549715072117,-0.1123005963884709,-0.1832343684335397,-0.3209999764199169,-0.3828281153700476,,
2021-11-14,65519.1,0.0175386773160723,1.444303864134259,1.78379739535347,2.8235140687164053,5.183186755379029,87.22,0.8722,-1.9513140687164052,-0.0296222636128275,-0.1209984083626754,-0.1368672333282387,-0.2874146035327655,-0.3040144775033174,-0.4314242735702192,,
2021-11-15,63606.74,-0.0296222636128275,0.9285293448300712,1.8674699704957392,2.86893359739209,5.211748812905305,85.04,0.8504,-2.0185335973920906,-0.0573941917145322,-0.0632616314420678,-0.0758540858770021,-0.2528433096377556,-0.2636584550740949,-0.390125876574489,,
2021-11-16,60058.87,-0.0573941917145322,1.4274176711654931,2.0456177093590875,3.0645720873923628,5.32293917561156,87.28,0.8728,-2.191772087392363,0.004750691928607,-0.0242148539414016,-0.1114183273742723,-0.1745026724593546,-0.2318124657877464,-0.3321668183564601,,
2021-11-17,60344.87,0.004750691928607,1.2989953420633988,2.045283000427474,3.062296456275998,5.308901963354698,89.88,0.8987999999999999,-2.1634964562759977,-0.0589278854245312,-0.0703200332935029,-0.0978278435514236,-0.1763427667894655,-0.2685864291163186,-0.3372106995561616,,
2021-11-18,56891.62,-0.0589278854245312,1.7186720535303712,2.2885720497765942,3.189515540812477,5.410655185047961,90.12,0.9012,-2.2883155408124773,0.0201952404606085,0.0113543751187408,0.0067140788189599,-0.1197453759258602,-0.1945283705717223,-0.2986894454327161,,
2021-11-19,58052.24,0.0201952404606085,1.7508105276181156,2.316456672098872,3.172873926039498,5.1203964183870285,85.78,0.8578,-2.315073926039498,0.02811451330778,-0.0158688249655631,-0.0047655032421014,-0.19965425461319,-0.2180011381384526,-0.3153248159470297,,
2021-11-20,59707.51,0.02811451330778,1.8297453601946585,2.3720759227158124,3.0110509772660303,5.042141170519446,85.44,0.8543999999999999,-2.1566509772660303,-0.018347414213866,-0.0125924544349342,-0.0472742850999871,-0.236324455449753,-0.2411382592714218,-0.3599161322606356,,
2021-11-21,58622.02,-0.018347414213866,1.8326377878531264,2.333361290803538,2.9950443519936414,4.891081045254957,85.94,0.8593999999999999,-2.135644351993641,-0.0413544874234942,-0.0872034734328706,-0.0248350308230699,-0.1713626218355955,-0.1815399718201016,-0.3653514532729642,,
2021-11-22,56247.18,-0.0413544874234942,1.9137665174660448,2.127126942047577,3.091820837608424,4.921439129823355,88.98,0.8898,-2.202020837608424,0.0227465229877125,-0.0275078102579207,0.0041367065024172,-0.1166554816910943,-0.1463760266677211,-0.4339431257285811,,
2021-11-23,57541.27,0.0227465229877125,1.6275782077274268,2.164839954875358,3.119251397045179,4.858732931966575,89.91,0.8991,-2.2201513970451794,-0.0070279596236954,-0.0046402962997809,-0.0709337720450687,-0.208699380031446,-0.1238423902012062,-0.4951158757021444,,
2021-11-24,57138.29,-0.0070279596236954,1.6305831071565826,2.0847518240900578,3.045717440602468,4.860185340778672,90.42,0.9042,-2.141517440602468,0.0313908838384089,0.0111033217234616,-0.1505473702045268,-0.1671472441750787,-0.1171844919664776,-0.4551854446883145,,
2021-11-25,58960.36,0.0313908838384089,1.3232561413422916,2.1690644165599124,2.9851034787793647,4.892180857038358,86.52,0.8652,-2.1199034787793645,-0.0929584332118025,-0.0346818306650529,-0.1769892237607536,-0.1878043691970928,-0.1568809246740823,-0.4751695641405216,,
2021-11-26,53726.53,-0.0929584332118025,2.180872773202287,2.796702264545416,3.418326995407032,5.184726202716189,86.06,0.8606,-2.557726995407032,0.0183411757514558,0.0623684426098008,-0.0630843450850824,-0.1203941384134741,-0.0564931626467057,-0.3741161292901624,,
2021-11-27,54721.03,0.0183411757514558,2.142541983306413,2.8175262613477905,3.3653286360540453,5.17097853705088,83.72,0.8371999999999999,-2.5281286360540456,0.0456140369458521,0.0316445167603379,-0.0785149232380417,-0.170758585564895,-0.076293783675896,-0.3964964789167214,,
2021-11-28,57274.88,0.0456140369458521,2.286274438242236,2.93012151086385,3.4369197830768408,5.238833210120904,86.32,0.8632,-2.573719783076841,0.0087156583995471,-0.0662934757452877,-0.1264594547448201,-0.2012424493906821,-0.1862120037515465,-0.4326265281747313,,
2021-11-29,57776.25,0.0087156583995471,2.1518727931678945,2.879767143598647,3.4388067222327017,5.139307215128065,82.85,0.8284999999999999,-2.6103067222327017,-0.0143942685501055,-0.1616506919279885,-0.1948887513710886,-0.2132356348963512,-0.2178857679350554,-0.4264785362788061,,
2021-11-30,56950.56,-0.0143942685501055,2.125401164141451,2.6770022283896324,3.44541692180698,4.823432856453016,84.08,0.8408,-2.60461692180698,0.004091840063051,-0.1423073930957006,-0.1890501703497659,-0.1938639741714346,-0.1894675203615154,-0.4002164472312635,,
2021-12-01,57184.07,0.004091840063051,2.1225958638265383,2.6766050269843595,3.444160319534289,4.819828813818798,83.64,0.8364,-2.6077603195342887,-0.012382750098007,-0.1254527876948831,-0.1465275910125256,-0.1567049409970317,-0.2129291819172415,-0.4118056333431748,,
2021-12-02,56480.34,-0.012382750098007,2.0498080627104214,2.4398196469314577,3.3783088014204528,4.820368156611395,85.26,0.8526,-2.5257088014204525,-0.0523239555597734,-0.1101594399983797,-0.1207921881935114,-0.1505127331701383,-0.1684864850374556,-0.3840944817515178,,
2021-12-03,53601.05,-0.0523239555597734,1.4307148882065457,2.608285096424642,3.5217409109118902,4.906490391322158,84.55,0.8454999999999999,-2.6762409109118903,-0.0866415577831535,-0.0601659789995324,-0.1377656079863772,-0.0529086181561374,-0.1253505822212751,-0.3258688604550315,,
2021-12-04,49152.47,-0.0866415577831535,2.159658951303206,3.0421395326603022,3.863876916473727,5.107480256369587,87.29,0.8729,-2.9909769164737265,0.0049490302821823,-0.0332380594431,-0.0165998739705519,0.0333628782380492,-0.0566345991677187,-0.2868141984596739,,
2021-12-05,49396.33,0.0049490302821823,1.9782904137007655,3.0233563746108723,3.862386541636995,4.919634240569448,89.39,0.8939,-2.968486541636995,0.0209464454638685,-0.0467427772540652,-0.0108151454363393,0.0201082990866713,-0.0748933746417327,-0.2805715916641228,,
2021-12-06,50441.92,0.0209464454638685,2.011479960319136,2.9456082816188696,3.879489925735593,4.90671551632246,86.84,0.8684000000000001,-3.011089925735593,0.0029105975984963,-0.0210748033176425,-0.0573097933283916,0.0065911824383766,-0.1491857171223045,-0.1933415901710575,,
2021-12-07,50588.95,0.0029105975984963,1.9933684039548547,2.9139059185943803,3.8403770470154015,4.906676512207093,86.0,0.86,-2.9803770470154016,-0.002330494560926,-0.0106327481951318,-0.0922436623268531,0.0022211395621457,-0.1606207009779753,-0.2008729120163409,,
2021-12-08,50471.19,-0.002330494560926,1.992332485320008,2.9111513071626707,3.63405444266086,4.894360235557787,87.16,0.8715999999999999,-2.7624544426608604,-0.0597136382267212,-0.0775996289868448,-0.0747829946458619,-0.0597525490067263,-0.1941086052076593,-0.1747055972569413,,
2021-12-09,47545.59,-0.0597136382267212,2.2836176683092875,3.068651617399244,3.805371126169068,5.024537626386444,90.3,0.903,-2.902371126169068,-0.008555687528783,0.0166381854725482,-0.0183468835252626,-0.0229970165639668,-0.1316738807890526,-0.0811426256733245,,
2021-12-10,47140.54,-0.008555687528783,2.0596921904142724,2.50784309927663,3.761541879297485,4.934965316558354,89.98,0.8998,-2.8617418792974845,0.0466144194002914,0.035927631817726,-0.0048138038216687,-0.0004173500117494,-0.1186922738613432,-0.0679671503075153,,
2021-12-11,49389.99,0.0466144194002914,1.5150824017177151,2.638105659358393,3.865396630388775,4.990034891826333,88.72,0.8872,-2.9781966303887746,0.013352652721007,-0.0362349900107492,-0.0101773499845061,-0.066401590904716,-0.1663135389648516,-0.1071229058884994,,
2021-12-12,50053.9,0.013352652721007,1.5334966065785338,2.5030471036974564,3.868980179493494,4.97516379084859,92.25,0.9225,-2.946480179493494,-0.0692973753526391,-0.0816109141317214,-0.0297205449766267,-0.0476942968439441,-0.1582157912461806,-0.1404443197897481,,
2021-12-13,46702.75,-0.0692973753526391,1.9860117977503535,2.826710896354465,4.088509367081524,5.148299769343435,90.29,0.9029,-3.185609367081524,0.0345241762326719,0.0028166343409829,0.0848569898302398,0.0124150257651021,-0.0618281389501306,-0.09727445470073,,
2021-12-14,48343.28,0.0345241762326719,2.091937158820391,2.889587975878059,4.127793997735729,5.001091379287384,92.34,0.9234,-3.204393997735729,0.0107337588163948,-0.0349850689978107,0.0499627522086009,-0.0400347251971668,-0.1274097960669019,-0.135483634559573,,
2021-12-15,48864.98,0.0107337588163948,2.101492717749812,2.895800472203997,4.093953662508659,4.999123580890273,89.34,0.8934000000000001,-3.2005536625086592,-0.0255482024281838,-0.0407414356393947,0.0309234445230104,-0.0640782292053934,-0.1264674215003942,-0.1501145626295482,,
2021-12-16,47632.38,-0.0255482024281838,1.8311263592595104,2.9271032435821827,3.974462472272283,5.01876020769324,86.78,0.8678,-3.1066624722722835,-0.0320232713999651,0.0260576400262431,0.0639009757667684,-0.0918759237939128,-0.1003543525687136,-0.1131634164404557,,
2021-12-17,46131.2,-0.0320232713999651,1.9236968675258976,2.8183224722133016,4.020250993300716,5.0537191884053,85.34,0.8534,-3.166850993300716,0.0151301731200651,0.0518903691550945,0.0944648018889989,-0.0683770386511222,-0.0686242704398429,-0.0349927393932078,,
2021-12-18,46834.48,0.0151301731200651,1.7294670345757135,2.2992457258150623,3.8702084835727777,5.015129419207745,87.43,0.8743000000000001,-2.9959084835727774,-0.0032775271061218,0.0820403554892568,0.0150304456391356,-0.1193256105617974,-0.1041610748609938,-0.0653078230571236,,
2021-12-19,46681.23,-0.0032775271061218,1.7116950819751768,2.298154019217573,3.851437417296702,4.990060032694435,87.83,0.8783,-2.973137417296702,0.0049773921748109,0.0849478212064118,-0.0046501330387042,-0.1133269972637899,-0.097323677808577,-0.1416526033706487,,
2021-12-20,46914.16,0.0049773921748109,1.0891127799376548,2.2650407299267528,3.8149845883021607,4.8600962332733415,87.31,0.8731,-2.9418845883021607,0.0412508732374541,0.0716648801624053,0.0043964538099192,-0.1138784700396746,-0.1187778729892138,-0.1600792989939948,,
2021-12-21,48889.88,0.0412508732374541,1.1714149195762864,2.3975850329570063,3.8797338749045447,4.901288158279498,86.04,0.8604,-3.019333874904545,-0.0061905422711137,0.0378433357405252,-0.0562242409202098,-0.1561361889803456,-0.1838114814528626,-0.1987136741185218,,
2021-12-22,48588.16,-0.0061905422711137,1.1593738761434187,2.400087379125874,3.8002765809974632,4.899128308581784,82.99,0.8299,-2.9703765809974634,0.0452801594542274,0.0425744327339043,-0.0179737518673173,-0.1284952462695538,-0.28756709906086,-0.235663884775458,,
2021-12-23,50838.81,0.0452801594542274,1.3617140981455058,2.2819485157783945,3.87319072681939,4.973060997442924,82.99,0.8299,-3.0432907268193903,-0.0003700613889668,-0.0670099098501212,-0.0724419640651376,-0.1466851287803704,-0.3712734855009381,-0.3175216104117099,,
2021-12-24,50820.0,-0.0003700613889668,1.2165572130396858,2.276097777057884,3.8708691830633937,4.925446473202192,82.57,0.8256999999999999,-3.045169183063394,-0.0083055488691955,-0.089597954245116,-0.0899974774057679,-0.1773725482755029,-0.3380009527218369,-0.2846607982565259,,
2021-12-25,50399.66,-0.0083055488691955,1.192322671859815,2.10064027799027,3.827419528161178,4.853862691050314,81.08,0.8108,-3.0166195281611783,0.007429328815574,-0.0672684263524859,-0.095001673728404,-0.1573908660234048,-0.3182886394664393,-0.3023322157409139,,
2021-12-26,50775.49,0.007429328815574,1.1991074200934633,2.089918337778108,3.393408718586852,4.816656742898514,80.26,0.8026000000000001,-2.590808718586852,-0.0014594452777345,-0.0940675766607351,-0.1557768995606811,-0.164255328335482,-0.3176229666434567,-0.2812536700333445,,
2021-12-27,50701.44,-0.0014594452777345,1.1956560457832113,1.6173311433474196,3.3753836283555043,4.766408655079394,83.29,0.8329000000000001,-2.5424836283555043,-0.0643041831297982,-0.0605481846012216,-0.1628418405401212,-0.1630890723288418,-0.3202026952408253,-0.2567886546885001,,
2021-12-28,47543.74,-0.0643041831297982,1.5224263463279126,1.9209359421384344,3.48469024636557,4.894433951788531,76.7,0.767,-2.71769024636557,-0.0229581057839618,-0.0054320542150164,-0.134356056200933,-0.1191915205001294,-0.2464145244231848,-0.1951001323601775,,
2021-12-29,46464.66,-0.0229581057839618,1.57992923568083,1.959674507269722,3.5082363038798543,4.912546553136509,80.73,0.8073,-2.700936303879854,0.0140239790234345,-0.0003995231606517,-0.1086768642250856,-0.0926735447698727,-0.2085927683437507,-0.2090565979322209,,
2021-12-30,47120.87,0.0140239790234345,1.3489272695657342,1.9167342183167428,3.507688851133172,4.916785417469206,80.68,0.8068000000000001,-2.700888851133172,-0.0193698214926749,-0.0277332473759179,-0.1182749238495938,-0.1231743267991329,-0.2107489268697481,-0.0878018622804024,,
2021-12-31,46216.93,-0.0193698214926749,1.3987491332957942,1.8537827786703125,3.5262890081716325,4.929194100033657,75.51,0.7551000000000001,-2.7711890081716324,0.0320599467817787,-0.0617093228999461,-0.0999119480601356,-0.1275872405326528,-0.1988764514259333,-0.0396293482181027,,
2022-01-01,47722.65,0.0320599467817787,1.518710744200941,1.9308328975813276,3.5712616083323088,4.91598208223984,70.91,0.7091,-2.862161608332309,-0.0091880527435928,-0.1022936559388994,-0.1105214944022365,-0.2695933471935426,-0.2156079967140622,-0.0836517295489299,,
2022-01-02,47286.18,-0.0091880527435928,1.5222186408821523,1.9377843521848117,3.432991003584847,4.918138496858847,72.06,0.7206,-2.712391003584847,-0.0179255747295972,-0.1289240019859165,-0.0742431647152327,-0.2988315214358006,-0.2005182782337564,-0.107796938393595,,
2022-01-03,46446.1,-0.0179255747295972,1.560018019602917,1.9655150982131255,3.027002489941512,4.90838964424898,71.94,0.7193999999999999,-2.3076024899415124,-0.0133097451918317,-0.1082773410644338,-0.0873750708697349,-0.2480034753160689,-0.2301795992919551,-0.1709263059659854,,
2022-01-04,45832.01,-0.0133097451918317,0.994500132679892,1.8184643229642088,3.036192297282126,4.912890540516234,72.52,0.7252,-2.3109922972821257,-0.0533458970167032,-0.0905416764736758,-0.0623891922950007,-0.2232869657380354,-0.2056782170223901,-0.1512687169807335,,
2022-01-05,43451.13,-0.0533458970167032,1.354754480736437,2.081234271492391,3.177582420043666,5.014725527888293,75.64,0.7564,-2.4211824200436665,-0.0085243862571746,-0.0382026251601896,-0.0084784287748008,-0.1618460670827754,-0.044155873048753,-0.1230376183901522,,
2022-01-06,43082.31,-0.0085243862571746,1.337945145127688,1.89992157468376,3.18126715222868,4.986878438170707,73.19,0.7319,-2.44936715222868,-0.0358183987906099,-0.0082278384633369,-0.0002472317887206,-0.1573608547007041,-0.0402522110383655,-0.1258421516398346,,
2022-01-07,41566.48,-0.0358183987906099,1.4565137913945418,2.019388908164606,3.253729838448973,4.877818114058407,73.86,0.7386,-2.515129838448973,0.0027210861918856,0.0546808372706838,0.0151645357008035,-0.1120584682222518,0.0194030079507179,-0.0706633133754589,,
2022-01-08,41679.74,0.0027210861918856,1.322487553515463,2.01381619165074,3.0476176186223283,4.875327943556052,71.56,0.7156,-2.332017618622328,0.0044259193989263,0.0209022701946988,0.0160033194552128,-0.099915904118665,0.050531255115728,0.0062656377529692,,
2022-01-09,41864.62,0.0044259193989263,1.313510492230754,2.010586830716193,3.0444055453636976,4.839173734673109,73.5,0.735,-2.3094055453636977,-0.0010068457032168,0.0281524841786751,-0.0048994029495391,-0.0924740030201543,0.050725123553828,-0.0601170427160047,,
2022-01-10,41822.49,-0.0010068457032168,1.2682254349849764,2.0104855073908494,2.9112995627486065,4.839106968675225,74.1,0.741,-2.1702995627486064,0.021450400439678,0.0297241963853886,-0.027675292472517,-0.0989645033657975,0.0591906330763523,-0.0768308421570165,,
2022-01-11,42729.29,0.021450400439678,1.308311864982874,1.6433838413332684,2.928913067972896,4.852580693719158,75.37,0.7537,-2.175213067972896,0.0270902769434108,0.0079806066746162,-0.1590718527913061,-0.1050865023118257,0.0177714714564325,-0.0962747141953364,,
2022-01-12,43902.66,0.0270902769434108,0.9699669290363332,1.6661919296706569,2.663385630882457,4.879501190030033,71.81,0.7181000000000001,-1.9452856308824569,-0.0310574808840993,-0.0395163015698803,-0.2245883567205677,-0.1262751135185237,-0.0354463157505995,-0.1502654585290651,,
2022-01-13,42560.11,-0.0310574808840993,1.1253355313073905,1.7482783729697158,2.647761257254613,4.904010905693588,67.51,0.6751,-1.9726612572546127,0.0116761333829025,-0.0048989507394859,-0.1606284044463339,-0.14280452842222,-0.0080738384926712,-0.07028766077356,,
2022-01-14,43059.96,0.0116761333829025,0.920794066881366,1.7231639904914529,2.649216475198207,4.876351558617332,65.13,0.6513,-1.997916475198207,0.0005648665034966,-0.0330518871282143,-0.1608977734430346,-0.1432890247273894,-0.023647141129154,-0.0918696783264465,,
2022-01-15,43084.29,0.0005648665034966,0.9193887113194058,1.6106672318343327,2.603886519851393,4.7514815533436,62.95,0.6295000000000001,-1.974386519851393,-0.0002931892710942,-0.0573994888579058,-0.1533676383079747,-0.0356774442739521,-0.012809063871742,-0.0468097333994331,,
2022-01-16,43071.66,-0.0002931892710942,0.9155091914125784,1.6010830374347207,2.530998333874045,4.750617919303613,62.22,0.6222,-1.9087983338740453,-0.0204066313010858,-0.1670524594659226,-0.1571136229119836,-0.0400049792496448,0.0336315310466349,-0.0512976201133862,,
2022-01-17,42201.62,-0.0204066313010858,0.9948790049441534,1.6118870892284922,2.544482885549593,4.631728280153477,65.23,0.6523,-1.8921828855495928,0.0035598699462948,-0.1850720551506875,-0.1272230039230553,0.0042384722499144,0.0388532518038704,-0.0105792935708591,,
2022-01-18,42352.12,0.0035598699462948,0.9091017971921772,1.5931559916445763,2.544621343882512,4.6161312766314975,67.27,0.6727,-1.871921343882512,-0.0164768030058258,-0.155729453706848,-0.1159192235738779,0.034527935660515,-0.0443289255620716,-0.0035714809423825,,
2022-01-19,41660.01,-0.0164768030058258,0.8109813703113721,1.2643285278820082,2.5622543110237377,4.595569014098552,65.96,0.6596,-1.9026543110237375,-0.0237827352261948,-0.1278458863148203,-0.087574600070615,0.0556245265033671,-0.041301426004781,-0.009597030417868,,
2022-01-20,40680.91,-0.0237827352261948,0.7155938339744753,1.3335871149816858,2.4800204226648828,4.604653758635576,65.24,0.6524,-1.827620422664883,-0.109946159879111,-0.0959681494500688,-0.0712892108932805,0.0868659255488694,-0.0149021926656592,0.0078680026023346,,
2022-01-21,36445.31,-0.109946159879111,2.2078249519445152,2.39214396139378,3.2478748692347432,4.999079241048732,77.8,0.778,-2.469874869234743,-0.0384262269858507,0.009938836553939,0.0539853504794803,0.1768433242477385,0.0519032142854019,0.1504892328540046,,
2022-01-22,35071.42,-0.0384262269858507,2.326655196261856,2.501719409684838,3.215475723041284,5.033973632408854,81.0,0.81,-2.405475723041284,0.0329024713901343,0.0578490512276322,0.0983132432020439,0.1891420409699683,0.0537518750892283,0.2010833265827606,,
2022-01-23,36244.55,0.0329024713901343,2.4100688858448045,2.5780979644067314,3.2763353228861547,5.071291884754947,77.29,0.7729,-2.503435322886155,0.0114067643862018,0.0398102301329699,0.0178238760241137,0.1525545659536626,0.0533401544653108,0.193706499000911,,
2022-01-24,36660.35,0.0114067643862018,2.3882894663449257,2.58722067275538,3.279738766438264,5.04041929016104,78.59,0.7859,-2.4938387664382637,0.0080950016385566,0.0402712862442052,0.0176087487156453,0.1372506323138805,0.0159564237255252,0.1895859088422529,,
2022-01-25,36958.32,0.0080950016385566,2.3923250516682155,2.559235282364124,3.2803137550634647,4.719711968228552,81.26,0.8126000000000001,-2.4677137550634645,-0.0040391738751032,0.0246789385567882,0.1176901940340225,0.1405585744362327,0.0363692966101121,0.1859516243397191,,
2022-01-26,36809.34,-0.0040391738751032,2.3727793959972385,2.5075431890719515,3.281102838469225,4.707318820218275,80.39,0.8039000000000001,-2.477202838469225,0.0094839876878423,0.0440465139255413,0.1171086436623386,0.1907451539586186,0.0634140405523252,0.2407245721456501,,
2022-01-27,37160.1,0.0094839876878423,2.335907020763397,2.443058768199,3.0478157632135963,4.629497493206861,80.14,0.8014,-2.246415763213596,0.0148636502954723,0.0404641919744119,0.1314614761729698,0.1660762557269257,0.0513143920630073,0.2375088347638237,,
2022-01-28,37716.56,0.0148636502954723,1.060623717371503,2.4493700594805485,3.02942856761775,4.635208669537879,74.77,0.7476999999999999,-2.28172856761775,0.0118678204974371,-0.0219863541088562,0.1504471592343931,0.0715902980118062,-0.0004638295884702,0.2292568812368165,,
2022-01-29,38166.84,0.0118678204974371,0.798361640199951,2.459818227193841,3.026063557731819,4.6325955717930425,75.18,0.7518,-2.2742635577318198,-0.0074973460488602,-0.0226625375285599,0.1431991265739822,0.0462731740658341,0.1229470645893457,0.2096260763425011,,
2022-01-30,37881.76,-0.0074973460488602,0.5126002566571102,2.463978704786661,3.0067645456903875,4.634150105723033,74.32,0.7432,-2.263564545690388,0.0153284014936499,0.093011255477234,0.1581551364421499,0.0563870182276212,0.1592471032078306,0.1834698231344352,,
2022-01-31,38466.9,0.0153284014936499,0.5486598891021934,2.450500815948397,2.95824808382195,4.63736360452623,70.99,0.7099,-2.2483480838219503,0.0059016657367129,0.0730621297367972,0.1228579737682582,-0.0020821361940784,0.1319562671651321,0.1849871787813774,,
2022-02-01,38694.59,0.0059016657367129,0.538351553766315,2.4521503926721,2.95518715760137,4.529741534254087,71.81,0.7181000000000001,-2.2370871576013704,-0.0475868957877958,0.0909972841985578,0.0908287977679242,-0.0445613681128156,0.0927213398401614,0.1688244399732182,,
2022-02-02,36896.36,-0.0475868957877958,1.0537621008146536,2.596246642209159,3.072847894094062,4.313367391534186,75.0,0.75,-2.322847894094062,0.0111916370777332,0.1724335133432493,0.1347306899295489,0.0355162784411972,0.0592532933259696,0.2293449506655537,,
2022-02-03,37311.61,0.0111916370777332,1.0598591968697315,2.5651048958748417,3.069764148885432,4.317628468946537,74.14,0.7414000000000001,-2.328364148885432,0.108176446956934,0.1658616641025421,0.1196418835982353,-0.0016523249901198,0.0544095000416567,0.2218776750293374,,
2022-02-04,41574.25,0.108176446956934,2.305199601438723,2.537492437885125,3.557530456046206,4.7700160358081485,70.14,0.7014,-2.856130456046206,-0.0046207242467869,0.0651438809649156,0.0228683804022101,-0.0813208974239103,-0.0788817453413991,0.0901774931243403,,
2022-02-05,41382.59,-0.0046207242467869,2.295719901606736,2.4305783622784096,3.554897088622264,4.770508778374087,67.37,0.6737000000000001,-2.8811970886222635,0.0238368201984735,0.049795844031461,0.0736365102962798,-0.0536946031100135,-0.0855899406014691,0.0422964357161244,,
2022-02-06,42380.87,0.0238368201984735,2.3360659137561823,2.3916444084642774,3.5180114499688218,4.79198940146208,70.69,0.7069,-2.8111114499688217,0.0338493333568956,-0.0001684864306336,0.0346147795539559,-0.0801470841099625,-0.0900663213261768,0.0247800446738532,,
2022-02-07,43839.99,0.0338493333568956,2.4061696391325667,2.467930308212324,3.576578075271987,4.6989236935551,69.18,0.6918000000000001,-2.8847780752719867,0.0046197878370261,-0.0377028234137003,-0.0788568612225867,-0.1509109888228632,-0.0442656173627586,-0.0368944879014694,,
2022-02-08,44042.99,0.0046197878370261,2.405146460700086,2.464660603990082,3.5766675580307914,4.696909190660511,70.27,0.7027,-2.8739675580307917,0.0074586638193073,-0.0462197805043069,-0.0969259525081481,-0.0202520619846365,-0.1108421662698327,-0.0297041458064585,,
2022-02-09,44372.72,0.0074586638193073,2.2312525491267747,2.467570161737664,3.5794533610986203,4.613908485041769,69.81,0.6981,-2.88135336109862,-0.0199687611802417,-0.0422755005627055,-0.1017681182145285,0.0010919667656807,-0.1360214752333688,-0.0511802393726444,,
2022-02-10,43495.44,-0.0199687611802417,2.253511694474089,2.4903044942980026,3.5763231049303728,4.622620329488592,70.81,0.7081000000000001,-2.868223104930373,-0.0261275102636211,0.0238406662648188,-0.1249401099623367,0.0090982933968739,-0.1140461856517689,-0.0955848440106663,,
2022-02-11,42373.73,-0.0261275102636211,1.0277152303040775,2.52391437990123,3.5737075561482525,4.457017917359348,72.34,0.7234,-2.8503075561482527,-0.003685003626171,0.0347832659845895,-0.1353901658807399,0.001892542072237,-0.1148191427784657,-0.0557773934482827,,
2022-02-12,42217.87,-0.003685003626171,1.0263341915245645,2.5146951583294586,3.524808523220026,4.408504825990675,71.32,0.7132,-2.811608523220026,-0.0038971692535803,-0.0411540378088864,-0.0992144114883517,-0.0754773966035791,-0.0622138222808889,-0.0256733713968089,,
2022-02-13,42053.66,-0.0038971692535803,0.9227755184840328,2.5117162679982354,3.5185305890415783,4.404362092117641,73.05,0.7304999999999999,-2.788030589041578,0.0114029437609088,-0.0507061720038413,-0.1212942085883552,-0.0652323835565786,-0.0682225371972925,-0.0515085062738951,,
2022-02-14,42535.94,0.0114029437609088,0.6933727850708937,2.504080300501626,3.5252518981048264,4.382650562542659,72.16,0.7216,-2.8036518981048264,0.0461474056472828,-0.059492617651823,-0.1041892778261204,-0.1017501257436092,-0.034000669527691,-0.0477667304337838,,
2022-02-15,44544.86,0.0461474056472828,1.1181563580788738,2.652358033624111,3.633822695484913,4.428387962712214,70.59,0.7059000000000001,-2.927922695484913,-0.0151849105438506,-0.1487807762271557,-0.1273311134062935,-0.159226450897749,-0.0849291511600213,-0.0981941054122365,,
2022-02-16,43873.56,-0.0151849105438506,1.146355238804881,2.50850917309866,3.624476853745508,4.428456347102421,68.07,0.6807,-2.943776853745508,-0.079622307419647,-0.1701734318653295,-0.1147618636639183,-0.1246811008801326,-0.0494325453747294,-0.1005119584726122,,
2022-02-17,40515.7,-0.079622307419647,1.8661674322755883,2.92590085997758,3.930165614638502,4.68201874646282,71.54,0.7154,-3.2147656146385017,-0.0134493034485351,-0.0580603736794653,-0.0720541276002764,0.034591243859828,0.0407574446196893,0.0070202237900605,,
2022-02-18,39974.44,-0.0134493034485351,1.816435349684236,2.087016045501677,3.925956226635939,4.68809976939711,68.83,0.6883,-3.237656226635939,0.0026164981129269,-0.0705880365845138,0.0766738905235117,-0.0139162137616845,0.0317043955869131,0.0372888265159709,,
2022-02-19,40079.17,0.0026164981129269,1.8157587299720643,2.085747261333968,3.899894915970432,4.621653562573348,67.72,0.6772,-3.222694915970432,-0.0431407529280498,-0.0446966601742975,0.1028600849802093,-0.0342533570188402,0.0227701952679938,0.0314137191742613,,
2022-02-20,38386.89,-0.0431407529280498,1.992673238955068,2.195964775391708,3.38767075213046,4.6930804692703445,73.92,0.7392,-2.64847075213046,-0.0365775661820244,0.0214496628208621,0.1340384033592107,0.0108939243105677,0.0985860185686026,0.0530922769634533,,
2022-02-21,37008.16,-0.0365775661820244,2.100387329292753,2.2118753925414767,3.3801928163720083,4.665296089351757,77.69,0.7768999999999999,-2.6032928163720084,0.0324907507662171,0.0554115682014111,0.137282707952977,0.0205710231022742,0.1473314514935323,0.0704439663502764,,
2022-02-22,38230.33,0.0324907507662171,2.0049042280608718,2.2956294572096274,3.378738864043857,4.706405152490795,75.22,0.7522,-2.626538864043857,-0.0259769663535837,-0.0139937539208112,0.0237370148847725,0.0370005892074627,0.1403663445356,0.0311919172274038,,
2022-02-23,37250.01,-0.0259769663535837,2.044940519486002,2.3443361665450366,3.408032807429894,4.729838685684372,73.78,0.7378,-2.670232807429894,0.0285078745231434,0.1472619271080255,0.0560618250317766,0.0530716713910625,0.1736294851167276,0.0573851293150649,,
2022-02-24,38327.21,0.0285078745231434,1.4711974745594618,2.376342335278358,3.447811568922762,4.758977090347905,79.88,0.7988,-2.649011568922762,0.0230055700671098,0.1475567451545067,0.0024391520825112,0.0701886082984294,0.1495823277296071,0.0533150334422509,,
2022-02-25,39219.17,0.0230055700671098,1.5137958806638163,2.364532796959525,3.4748565725375222,4.779148881999599,71.44,0.7143999999999999,-2.7604565725375223,-0.0026156608014754,0.1125887405383484,-0.0318953374914555,0.0424019622462721,0.1773105315933249,-0.0286194098489048,,
2022-02-26,39116.72,-0.0026156608014754,1.5137953525061567,2.3640127188192124,3.470489175207081,4.618817602127497,72.49,0.7249,-2.7455891752070807,-0.0369145713560052,0.0818711397515661,-0.0099192372162143,0.0653293182891888,0.1861944427008164,0.0030375593025247,,
2022-02-27,37699.07,-0.0369145713560052,1.4524620958278784,2.4658452459682856,3.5300193476532,4.651717321710817,80.65,0.8065000000000001,-2.7235193476532,0.1352787146752529,0.0377307688055836,0.1066453714601046,0.1128115722199658,0.2297207108252867,0.0527748986281694,,
2022-02-28,43160.0,0.1352787146752529,2.881132872326157,3.565466808294801,4.369124488419681,5.314725717357492,77.47,0.7746999999999999,-3.5944244884196808,0.0288026925696246,-0.091200102076249,-0.0905901042851961,-0.0449694949365985,0.0866790117531554,-0.1117626461995846,,
2022-03-01,44421.2,0.0288026925696246,2.866778156062088,3.498293578270855,4.401310518964799,5.330306493774153,76.99,0.7698999999999999,-3.631410518964799,-0.0119624345490484,-0.1451175930719956,-0.1371134419990495,-0.0800898897122153,0.0242227199266045,-0.1658939689469241,,
2022-03-02,43892.98,-0.0119624345490484,2.832727558865763,3.4937268283300678,4.397499899416308,5.2999280269455245,73.8,0.738,-3.659499899416309,-0.0333332615882579,-0.144484078029804,-0.1231444790486429,-0.0354523847906081,0.0530309116162451,-0.1319185731302088,,
2022-03-03,42454.0,-0.0333332615882579,2.851887818696805,3.209000800807217,4.441941731921554,5.335164241730364,73.7,0.737,-3.7049417319215534,-0.0810549423019875,-0.0917903769677804,-0.1167116848507028,0.0100487435405552,0.0761031001330568,-0.09710960247739,,
2022-03-04,39148.66,-0.0810549423019875,3.2152916567251326,3.5538258829212483,4.615442998499727,5.544791091884207,79.28,0.7928000000000001,-3.822642998499727,0.0063478437934202,0.068914602654521,0.0132635743226902,0.1166293296508274,0.170091657339584,-0.0369384902448318,,
2022-03-05,39397.96,0.0063478437934202,3.2171899140688383,3.555543181070299,4.612082451694292,5.540284872730709,77.39,0.7739,-3.838182451694292,-0.0251147984261219,0.0006099977910529,-0.0029901536407139,0.117567660084951,0.1674681749876807,0.007385228481289,,
2022-03-06,38420.81,-0.0251147984261219,3.1753984928770063,3.4918192576910787,4.150933266254499,5.4668336289478,79.72,0.7972,-3.3537332662544985,-0.0113289195068569,0.008004151072946,0.0677494562159181,0.1471431756470959,0.1690592384657395,-0.049836798443141,,
2022-03-07,37988.0,-0.0113289195068569,1.8575200175804716,3.4280179759899925,4.155634674076568,5.468692060729193,80.7,0.807,-3.348634674076568,0.0193604394737655,0.021339598981161,0.0742972997377276,0.2092058690847804,0.1278863763175934,-0.0533689550590724,,
2022-03-08,38730.63,0.0193604394737655,1.8122886413448245,3.3915788529270867,4.147134004404024,5.438301666200201,80.93,0.8093,-3.337834004404024,0.0796500373203137,-0.0249213078829223,0.0752485555054032,0.1961136799170307,0.11484636600003,-0.087876112453676,,
2022-03-09,41941.71,0.0796500373203137,2.355369516720204,3.684034606657809,4.369910593293398,5.646948673566471,81.01,0.8101,-3.559810593293398,-0.0619567610700479,-0.0556510283318306,0.006166200759861,0.1230753393651819,0.0073711294612891,-0.2087914980995769,,
2022-03-10,39422.0,-0.0619567610700479,2.5579905079906737,3.831002423570312,4.526525410437734,5.769053918278839,80.13,0.8012999999999999,-3.725225410437734,-0.0177206451442286,-0.0036001514317667,0.0456206093485976,0.1772691160383516,0.0811380204633741,-0.2705862174203712,,
2022-03-11,38729.57,-0.0177206451442286,2.0639569666840982,3.8207353739993657,4.536931175887425,5.77894721026412,79.73,0.7973,-3.7396311758874248,0.002006528401358,0.0597453051429721,0.0570235522868341,0.1613361619256541,0.0848412358607243,-0.22206472565461,,
2022-03-12,38807.36,0.002006528401358,2.060747482891766,3.820600886173666,4.521025301006366,5.764525715373166,81.13,0.8112999999999999,-3.709725301006366,-0.0269004673903178,0.0529577007565665,0.0876920942580348,0.1761753906648881,0.0184613416411027,-0.2877363591605182,,
2022-03-13,37777.34,-0.0269004673903178,2.068956774554202,3.78995220597032,4.522679573137257,5.764201264541699,82.47,0.8247,-3.697979573137257,0.0489203168714056,0.1001698633883256,0.1267604283912581,0.1928147849837596,0.0590417493301828,-0.2633882857530087,,
2022-03-14,39671.37,0.0489203168714056,2.2599233338146405,2.925343414102357,4.617704099053441,5.809256946613697,82.43,0.8243,-3.793404099053441,-0.0099058841699839,0.0618172290916916,0.103365755328137,0.1568280830168937,0.0365404508840801,-0.3034843300438559,,
2022-03-15,39280.33,-0.0099058841699839,2.237466859461517,2.879348549018694,4.620980820146222,5.808056580834981,81.98,0.8198000000000001,-3.8011808201462234,0.0456248114305101,0.0492207607803641,0.1205578137256649,0.1704583286283945,0.0167140309233972,-0.2666393415421381,,
2022-03-16,41114.0,0.0456248114305101,1.8575369746824693,2.9997015139188874,4.69742444182058,5.873090952105635,81.79,0.8179000000000001,-3.87952444182058,-0.0047810759850474,-0.0027217528561379,0.0793937194311778,0.1013097822498212,-0.0137660609060927,-0.2718080210680029,,
2022-03-17,40917.9,-0.0047810759850474,1.4344627373484062,2.932745946005461,4.614850159546609,5.8737985475575005,75.18,0.7518,-3.863050159546609,0.0203116952414414,0.0347343935014683,0.1349085693470529,0.0535890765798657,-0.0132649542522152,-0.314578748491151,,
2022-03-18,41757.51,0.0203116952414414,1.4469456779950716,2.52062892060542,4.622041319187061,5.873678440262917,70.75,0.7075,-3.914541319187061,0.0105676825747715,0.0265905650029323,0.1208651244116274,0.0395978104946267,-0.0510794130978828,-0.3159598375300972,,
2022-03-19,42201.13,0.0105676825747715,1.4604601867294225,2.525791785810241,4.369214213571517,5.876753746973086,71.66,0.7166,-3.652614213571517,-0.0225023524813114,0.0415485262364454,0.116909138605321,0.0012049287014279,-0.0337372208296286,-0.3850162196790878,,
2022-03-20,41262.11,-0.0225023524813114,1.4330516460769458,2.516787467248192,4.382787943993452,5.884043036507793,72.67,0.7267,-3.656087943993452,-0.006317702205992,0.0713370529453006,0.131648506689754,0.0355174111147765,0.0055844309290579,-0.3081624807800067,,
2022-03-21,41002.25,-0.006317702205992,1.0930179985375428,2.5103668695724326,4.3841646554471705,5.867715064800286,71.8,0.718,-3.6661646554471705,0.0326750703725588,0.0821154722873156,0.10431260963882,0.0278176835738902,0.0086435239062675,-0.3394236455301985,,
2022-03-22,42364.13,0.0326750703725588,1.244414777836892,2.5602394588177537,4.351009680776453,5.514308512139177,71.19,0.7119,-3.639109680776453,0.0121678667429053,0.1001741758455846,0.0884832964068531,-0.0692307526169322,-0.0454937416051493,-0.3637758595280421,,
2022-03-23,42882.76,0.0121678667429053,0.9180503198600374,2.0720183401957657,4.300812230655387,5.470163555069253,69.58,0.6958,-3.6050122306553862,0.0255256438082847,0.0942745594086951,0.0660543565925014,-0.067718679061075,-0.0768874851432559,-0.3475221878501511,,
2022-03-24,43991.46,0.0255256438082847,1.0355152429333554,1.7691735819835228,4.283630802218877,5.455764764092997,65.47,0.6547,-3.6289308022188767,0.0072861742275436,0.0753606123688754,0.0534623276887565,-0.0668253044440571,-0.1091744273081961,-0.412942966427647,,
2022-03-25,44313.16,0.0072861742275436,0.9700942474158092,1.7420489786277145,4.257060849565817,5.453187571817471,62.41,0.6241,-3.632960849565817,0.004460717136023,0.0603114537444532,0.0499005149027297,-0.1038437828022674,-0.1162443558016626,-0.4016651160812804,,
2022-03-26,44511.27,0.004460717136023,0.9526719839131464,1.7437109467898482,4.222936744003899,5.451660238739745,66.62,0.6662,-3.5567367440038997,0.0507337739308275,0.0221971373515042,0.0219160628186435,-0.0931597803372704,-0.0962672942873563,-0.4099243584123855,,
2022-03-27,46827.76,0.0507337739308275,1.289280144386384,1.9276618767389728,4.310393889705278,5.536616627879865,68.62,0.6862,-3.624193889705278,0.0062682503060158,-0.0116908794387313,-0.0813194927671871,-0.148173523599268,-0.2059299414422299,-0.4722612483832448,,
2022-03-28,47122.21,0.0062682503060158,1.289192039603623,1.6901788248893563,4.311767557716942,5.534946665236246,63.04,0.6304,-3.681367557716942,0.0066116967684651,-0.0282202028161935,-0.0812673139170006,-0.1719445375095103,-0.1831568833982916,-0.4982963063652362,,
2022-03-29,47434.8,0.0066116967684651,1.135022439531134,1.684293346640676,4.255574584075918,5.52910043636746,62.04,0.6204,-3.6351745840759175,-0.0077629843968783,-0.0218982846801188,-0.1157042099038929,-0.1506463594349496,-0.1769458121971173,-0.4909805448784146,,
2022-03-30,47067.99,-0.0077629843968783,1.120817323835548,1.4488091189680563,3.384123326471196,5.526440037137381,62.44,0.6244,-2.759723326471196,-0.033653599256926,-0.0104109388417236,-0.0961310955749773,-0.1260640757606961,-0.19844165795274,-0.4682848298166743,,
2022-03-31,45510.34,-0.033653599256926,1.196577935225314,1.582431854272215,3.4004227102981868,5.561870988530914,64.11,0.6411,-2.7593227102981865,0.016845757140592,-0.0002810745328608,-0.0764949260649297,-0.0956690857325525,-0.1901166888735286,-0.3605439589708299,,
2022-04-01,46283.49,0.016845757140592,1.2312599411243554,1.5675088170363816,3.4079645973463397,5.563472662117828,59.54,0.5954,-2.812564597346339,-0.0102610730714463,-0.0696286133284558,-0.1577140490237854,-0.1339770380120025,-0.184949484746454,-0.3752863163728858,,
2022-04-02,45811.0,-0.0102610730714463,1.2438524772211468,1.566765104928685,3.3536695720533065,5.565783498152121,59.26,0.5926,-2.7610695720533065,0.0129336149045398,-0.0530471111008071,-0.1337730356535766,-0.1429418417357575,-0.1732127026104467,-0.429820224994594,,
2022-04-03,46407.35,0.0129336149045398,0.8177691152029508,1.5267578774936097,2.984985991990944,5.496585798910294,59.47,0.5947,-2.390285991990944,0.0037243614415168,-0.093805925223774,-0.1202876321328138,-0.1626367549969528,-0.2070301475844158,-0.4212858187124637,,
2022-04-04,46580.51,0.0037243614415168,0.8120763458939105,1.5236417251236445,2.9833699938416065,5.492886405286468,60.54,0.6053999999999999,-2.3779699938416066,-0.0235237349480631,-0.0857201567332537,-0.1537442977049973,-0.1661448707043923,-0.1600829465063916,-0.4500280968106383,,
2022-04-05,45497.55,-0.0235237349480631,0.919505745087351,1.4607418503924134,2.978632281319061,5.109060309706105,62.88,0.6288,-2.349832281319061,-0.0525017816550028,-0.0762138515320689,-0.1150758431559139,-0.1181833571059997,-0.2188960369088804,-0.4210033973366127,,
2022-04-06,43170.47,-0.0525017816550028,1.3526248611765543,1.7566517835025734,3.135522936948032,5.205843220124351,66.05,0.6605,-2.475022936948032,0.0063204291562023,-0.0880854356953296,-0.0668540308320809,-0.1246104486750427,-0.1812553313766658,-0.3666559476839235,,
2022-04-07,43444.19,0.0063204291562023,1.196155859376179,1.6919183180603137,3.115970688097717,5.187291564927531,61.74,0.6174000000000001,-2.498570688097717,-0.027825199218427,-0.0807259245527694,-0.0906772235925096,-0.1018895694812909,-0.202722478453706,-0.3255262880051739,,
2022-04-08,42252.01,-0.027825199218427,1.2687819098865718,1.767995638420233,2.770607274827425,5.174203635797929,62.19,0.6219,-2.1487072748274247,0.0118101299320372,-0.0264817069090398,-0.0349421495310567,-0.0612416022932243,-0.216162627560866,-0.3056299694977696,,
2022-04-09,42753.97,0.0118101299320372,1.273690197824354,1.7802965216848077,2.515168161292534,5.178368775098792,59.72,0.5972,-1.917968161292534,-0.0140174297468784,-0.0680241409717435,-0.0299329801857186,-0.1023105623777626,-0.3517242378837454,-0.3474621976397376,,
2022-04-10,42158.85,-0.0140174297468784,1.2778686743716652,1.517133703639931,2.50662549276886,5.183330575579564,61.08,0.6108,-1.89582549276886,-0.0643733658182636,-0.0388619916238449,-0.0191741596676227,-0.1136217628085989,-0.3069059615153344,-0.3365896091393268,,
2022-04-11,39530.45,-0.0643733658182636,1.772123024747012,1.9493301429975645,2.7918159586097757,5.313558705715777,68.28,0.6828,-2.1090159586097754,0.0136799402987624,0.0212314048632487,0.0237370110117828,-0.0272354357226685,-0.3061977008016209,-0.306612163564501,,
2022-04-12,40074.94,0.0136799402987624,1.733997625714466,1.9627120474567965,2.7565224284096934,5.296512665858422,65.22,0.6522,-2.1043224284096933,0.0264190184253026,-0.0099512990397401,-0.0091688060821808,-0.0394396669568701,-0.3224300350831916,-0.3434927158105371,,
2022-04-13,41147.79,0.0264190184253026,1.5018006818515954,2.021138120733665,2.6419038403048,5.320042015607791,63.61,0.6361,-2.0058038403048,-0.0297323041306666,-0.0084604426220169,-0.0423491228641389,-0.0867425154516021,-0.3400247809279358,-0.437216981450339,,
2022-04-14,39942.38,-0.0297323041306666,1.6010896129645191,1.9985686850000528,2.695645253114447,5.349763272407268,62.1,0.621,-2.074645253114447,0.0151447196010202,0.0380911607860248,-0.012400572999395,-0.0063386488013944,-0.2833533724655355,-0.5744823185511833,,
2022-04-15,40551.9,0.0151447196010202,1.537727884943734,1.9935933845669096,2.567182912678347,5.353150893983941,60.4,0.604,-1.9631829126783469,-0.00427996933117,0.0196878319562222,-0.0031075139500858,-0.1038201937529665,-0.25804196016191,-0.6053588710194558,,
2022-04-16,40378.71,-0.00427996933117,1.5232804310510082,1.9856157714061369,2.566860106503962,5.280682986265024,61.05,0.6104999999999999,-1.9563601065039615,-0.0175027636042262,0.0025056061485343,-0.0577564178429618,-0.1144013005445849,-0.3013137942389358,-0.5810733731498761,,
2022-04-17,39678.12,-0.0175027636042262,1.5363858846513658,1.9983568088548045,2.559297003570722,5.283300777805343,63.59,0.6359,-1.923397003570722,0.0279098748430257,0.0007824929575592,-0.0112123458887813,-0.1120452548611965,-0.2648804244322142,-0.6652007877872859,,
2022-04-18,40801.13,0.0279098748430257,1.064080758356319,2.0670481066348354,2.6064459039141097,5.087592072297661,63.47,0.6347,-1.9717459039141096,0.0168192992773752,-0.033888680242122,-0.0262994527621676,-0.1812204780298092,-0.3512789988494591,-0.689807512976079,,
2022-04-19,41493.18,0.0168192992773752,1.080377666739597,2.0430280636283733,2.5907517790771712,5.091249840933548,62.46,0.6246,-1.9661517790771712,-0.0032586092287824,-0.0504917337854199,-0.0723775821920439,-0.3217912576980267,-0.3137469117090646,-0.7826286486004256,,
2022-04-20,41358.19,-0.0032586092287824,0.9572536824819408,1.7809379272268735,2.588687344759013,5.09138506646155,62.19,0.6219,-1.966787344759013,-0.021462195138858,-0.022795345906308,-0.0944476031409762,-0.2877318018477117,-0.3480671694364659,-0.6982423244447724,,
2022-04-21,40480.01,-0.021462195138858,0.8728112168362205,1.8235370489732303,2.545532284528077,5.040934422682481,63.51,0.6351,-1.9104322845280768,-0.0192258767952012,-0.060262023991496,-0.0509724467344515,-0.3299347118134039,-0.3182821179228928,-0.6767854758741104,,
2022-04-22,39709.18,-0.0192258767952012,0.9016643664352836,1.782583988998182,2.561368842445716,5.005756305535325,61.12,0.6112,-1.950168842445716,-0.0067612983566554,-0.0119948388463406,-0.0302708608746893,-0.3132612290010108,-0.2706347027068951,-0.6503131080870664,,
2022-04-23,39441.6,-0.0067612983566554,0.907192670421342,1.7729584915866337,2.517831910450022,4.968799691977806,61.34,0.6134000000000001,-1.9044319104500225,0.0002162457340772,0.0075892274799544,-0.0443933925874631,-0.2976756580637968,-0.3037685391194508,-0.6796895036812425,,
2022-04-24,39450.13,0.0002162457340772,0.8433261834212874,1.752621076616356,2.513984358595086,4.943954331521153,62.62,0.6262,-1.887784358595086,0.0244377786503293,-0.021885848406624,0.0060619241980007,-0.2709527994661405,-0.2854207602796177,-0.6252843225368522,,
2022-04-25,40426.08,0.0244377786503293,0.8030305594317364,1.333088871638124,2.5555497296039604,4.935993229770187,65.57,0.6557,-1.8998497296039605,-0.058928873224046,-0.0716522572346681,-0.1007126798028807,-0.2549344462118243,-0.3136570641250293,-0.6436976878501898,,
2022-04-26,38112.65,-0.058928873224046,1.3450305102101496,1.725202300075522,2.618942260432392,5.043644916911511,66.78,0.6678000000000001,-1.951142260432392,0.029041308349954,0.0092895772570446,-0.056644882701623,-0.243557376395974,-0.2663313069410148,-0.5729031643091199,,
2022-04-27,39235.72,0.029041308349954,1.453640749650568,1.7405189001185544,2.6743891794170094,5.073824687034733,65.09,0.6509,-2.0234891794170093,0.0128227679696394,-0.0182760220283486,-0.1008329089724151,-0.253668078543433,-0.3151394229669445,-0.6232539027491817,,
2022-04-28,39742.07,0.0128227679696394,1.415965231846006,1.6633571348426166,2.682613690252892,5.030539856890626,63.0,0.63,-2.052613690252892,-0.0292588301525011,-0.0519826200674174,-0.1549210252676416,-0.3249795460872914,-0.3140347326812972,-0.6502226961789431,,
2022-04-29,38596.11,-0.0292588301525011,1.4773320178683504,1.7307537435227789,2.736217967315615,4.351916756261231,60.54,0.6053999999999999,-2.130817967315615,-0.0253286301777147,0.0279477726046246,-0.2494136755059827,-0.2413693295170207,-0.2698431718639342,-0.6434527080229077,,
2022-04-30,37630.8,-0.0253286301777147,1.549188748736336,1.795267200301242,2.703269234357464,4.344023384160732,62.23,0.6223,-2.0809692343574637,0.0220129612676668,-0.0290604225682124,-0.1932841987067354,-0.2536195662954896,-0.1704272700973013,-0.6259589275847312,,
2022-05-01,38468.35,0.0220129612676668,1.6052529178539348,1.8132942347899543,2.716790982560448,4.358345550743741,62.44,0.6244,-2.092390982560448,0.0014757090645608,-0.0659344599586676,-0.2789622650789524,-0.2673096711884413,-0.1903368316264316,-0.656997234390584,,
2022-05-02,38525.16,0.0014757090645608,1.536115868941871,1.7333522556584646,2.7098556046779927,4.311660584591619,62.42,0.6242,-2.0856556046779926,-0.0208838300694292,-0.0825568869440664,-0.2829903681263215,-0.2403638418322059,-0.2566075223841472,-0.6922536186602507,,
2022-05-03,37728.95,-0.0208838300694292,1.118632016043848,1.7494126616423296,2.727902092271134,4.043710078306726,64.92,0.6492,-2.078702092271134,0.0506715625195411,-0.1029384052002242,-0.2532822654763337,-0.2593751465319877,-0.2142556711280478,-0.6727706801688369,,
2022-05-04,39690.0,0.0506715625195411,1.3713767215115884,1.9984357736361051,2.893711043578168,4.156207420699876,60.58,0.6058,-2.287911043578168,-0.082336825350552,-0.2773614481106075,-0.2770147236641412,-0.2914826844776184,-0.2899451503042468,-0.7201742998164021,,
2022-05-05,36552.97,-0.082336825350552,2.0724679380876725,2.509996193662071,3.262828336012326,4.417951903042965,63.13,0.6313,-2.631528336012326,-0.0148610761227884,-0.1642237761385229,-0.1542217664089437,-0.2129443843221487,-0.2021073604277321,-0.5912641596448586,,
2022-05-06,36013.77,-0.0148610761227884,2.01575427460738,2.499154894482712,3.117781269618802,4.421771605738252,62.19,0.6219,-2.4958812696188017,-0.0151467179208379,-0.2130278051202847,-0.1869124936943508,-0.2096864242393918,-0.1854006163072576,-0.5794160119870654,,
2022-05-07,35472.39,-0.0151467179208379,1.978090694062644,2.512534292929847,3.128852586403017,4.415766279653512,64.87,0.6487,-2.480152586403017,-0.041265348325587,-0.2004334811822551,-0.1528351695710177,-0.2143065139945294,-0.1228038095514678,-0.5451878728926208,,
2022-05-08,34038.4,-0.041265348325587,2.087464287023425,2.6333142767009003,3.182554454783855,4.219587364777651,68.59,0.6859000000000001,-2.496654454783855,-0.1237514803908422,-0.1503438602761096,-0.1700585208196497,-0.1591137074136555,-0.0894673419369035,-0.4536401711131846,,
2022-05-09,30076.31,-0.1237514803908422,3.1538038669061312,3.5080095201876382,3.958220497784699,4.689731377026047,84.91,0.8491,-3.109120497784699,0.0308008466215324,0.0003467244464664,0.008044345988962,-0.0204294963579515,0.0042620402440078,-0.3312875890925914,,
2022-05-10,31017.1,0.0308008466215324,3.1833256864178394,3.3741517471989804,3.992751419996547,4.714364778300802,81.61,0.8161,-3.176651419996547,-0.0636651051045502,0.0100020097295794,-0.0603353675887542,0.0228569286094342,-0.0296836476239924,-0.3622236629075922,,
2022-05-11,29103.94,-0.0636651051045502,3.267387400834988,3.5435144333611914,3.9886042691677206,4.868593263230271,101.25,1.0125,-2.9761042691677204,-0.0025523939828082,0.0261153114259337,0.011652593890511,0.0886254334525206,-0.00041446276288,-0.3329217092012477,,
2022-05-12,29029.75,-0.0025523939828082,2.864216214413886,3.535372381703628,3.9803310801003695,4.841637264969222,114.58,1.1458,-2.8345310801003696,0.0088242725805584,0.0475983116112372,0.0426265262941157,0.0263828457421742,-0.0210626807273453,-0.3744100499652855,,
2022-05-13,29287.05,0.0088242725805584,2.8550911433830244,3.494969346449566,3.9517970841378096,4.753562463628446,99.66,0.9966,-2.9551970841378097,0.0269391043317336,-0.0197146605435401,-0.006092881055654,0.039026594348286,-0.0971922005224031,-0.4155518139915959,,
2022-05-14,30086.74,0.0269391043317336,2.886640282170335,3.499362072233404,3.944480026232407,4.777596258369355,93.57,0.9357,-3.008780026232407,0.0404561319046455,0.0076976215424956,-0.0144679608134772,-0.0129304266401056,-0.2911289460856478,-0.3966771893356255,,
2022-05-15,31328.89,0.0404561319046455,2.8824563372029,3.558941090476123,4.009064771915289,4.7605701814551455,92.34,0.9234,-3.085664771915289,-0.0475518034081956,-0.0703373773183335,-0.058722617913205,-0.0478855940187885,-0.3473169108575456,-0.4197914936109955,,
2022-05-16,29874.01,-0.0475518034081956,1.8825824020382744,3.6729545779081274,4.109895708886565,4.845617973415335,96.37,0.9637,-3.146195708886565,0.0189306062024952,-0.0144627175354227,-0.0227739305450408,0.0015118773870931,-0.2797595789109401,-0.3605926960489967,,
2022-05-17,30444.93,0.0189306062024952,1.824458311513265,3.669088518454882,4.112205058819212,4.8435763231587865,91.46,0.9146,-3.197605058819212,-0.0584886995742189,-0.0049717853171215,-0.0614713444235115,0.0300313600195499,-0.4003203633550715,-0.3621258648625169,,
2022-05-18,28715.32,-0.0584886995742189,1.760071644981226,3.711289886630002,4.227830217876035,4.966699970928016,100.59,1.0059,-3.2219302178760354,0.0543513864177695,0.0136217794878862,0.0109448134059942,0.0805911788827463,-0.3385285141266199,-0.3225662569997008,,
2022-05-19,30319.23,0.0543513864177695,2.042966236748873,3.518159400511476,4.341604616834555,5.055840724321787,91.11,0.9111,-3.430504616834555,-0.0375788669561836,-0.0221655823559728,-0.0284738423469136,-0.0037823057449542,-0.4688817368913609,-0.3012677982352933,,
2022-05-20,29201.01,-0.0375788669561836,2.1588728090417844,3.579424149586655,4.400124701323228,5.105134626639173,88.56,0.8856,-3.514524701323228,0.0083228563747151,0.0116147594051284,0.0831922961981883,0.0306517199647618,-0.3501751550083065,-0.221611730231037,,
2022-05-21,29445.06,0.0083228563747151,2.102648147735106,3.5712492704685714,4.383862736250436,5.069318208779154,84.12,0.8412000000000001,-3.542662736250436,0.0284215384207963,-0.0083112130096181,0.0769728395620095,-0.0120670566533911,-0.3585033579512175,-0.2373700690569943,,
2022-05-22,30293.94,0.0284215384207963,2.029427344072265,3.525213451799673,4.402065090452577,5.093013588007887,82.49,0.8249,-3.5771650904525774,-0.0398951347692112,-0.0564995591063899,-0.0162436805519414,-0.0636892070214611,-0.3796784053801713,-0.2688583160227866,,
2022-05-23,29109.15,-0.0398951347692112,1.96829590794679,2.723656601281497,4.465695128185318,5.126588583763914,82.54,0.8254,-3.6402951281853175,0.0185640245739104,-0.0026769660818919,0.0451194754039399,-0.091099319466749,-0.3759209645617917,-0.2493561385943235,,
2022-05-24,29654.58,0.0185640245739104,1.9670210760470408,2.6828753314425726,4.479754826745284,5.13695636179717,82.27,0.8227,-3.6570548267452834,-0.0037985251950821,-0.0063082599909406,0.0015375341733716,-0.2766609852721705,-0.3398635622572343,-0.2782783077949309,,
2022-05-25,29542.15,-0.0037985251950821,1.620431952095159,2.392415496279408,4.455949952947789,5.13676205441271,82.57,0.8256999999999999,-3.6302499529477887,-0.0116031160400314,0.0715775367930598,0.0108370238944163,-0.2885942929443407,-0.3300406237251604,-0.2687676703346597,,
2022-05-26,29201.35,-0.0116031160400314,1.2636074475572523,2.4021687755064187,4.317073934628072,5.049355000445487,81.63,0.8162999999999999,-3.5007739346280724,-0.0197668076759755,0.0852840525716276,0.0242858079321341,-0.2569856483658992,-0.3065718573681051,-0.3149962621704315,,
2022-05-27,28629.8,-0.0197668076759755,1.1062895274646412,2.425821164924963,4.297895121652935,5.0620410863317655,84.72,0.8472,-3.450695121652936,0.0139274582552866,0.0402558785544486,0.0915027044430615,-0.33884901893156,-0.3081144797822374,-0.2978714974746839,,
2022-05-28,29031.33,0.0139274582552866,1.126673659598348,2.385481663816892,4.299149740090613,5.0674554461636285,80.91,0.8090999999999999,-3.4900497400906128,0.0149327306648619,0.0477964414858318,0.069646365476752,-0.349473327532614,-0.336187963497646,-0.2349509070401455,,
2022-05-29,29468.1,0.0149327306648619,1.0275906207400294,2.2747566526336582,4.272190264184774,5.073312371425198,81.2,0.812,-3.460190264184773,0.0740872715889181,0.0078457941643122,0.0246915366019592,-0.4404078945444472,-0.3736095361589733,-0.2118205849966183,,
2022-05-30,31734.22,0.0740872715889181,1.574311826152696,2.52044569614271,4.474472586199524,5.227673428789776,75.39,0.7539,-3.720572586199524,0.0021033997385364,-0.0607405128986433,-0.0525405762334265,-0.4333674512064948,-0.4555316574874298,-0.2888135631015995,,
2022-05-31,31801.04,0.0021033997385364,1.5343680112421498,2.4946857733062195,4.454845852708294,5.217911920904189,73.06,0.7306,-3.724245852708294,-0.0647949816931547,-0.0609982446394936,-0.0890398962154007,-0.4354761975132272,-0.4666604027641524,-0.2964103349802539,,
2022-06-01,29805.83,-0.0647949816931547,1.970134743473926,2.550927403673809,4.6235558748438885,5.359159106241218,74.75,0.7475,-3.876055874843889,0.02146802118667,0.0512468258886129,-0.0474455264695196,-0.3634347248282299,-0.4356460962761033,-0.2465373877729781,,
2022-06-02,30452.62,0.02146802118667,2.000127454204375,2.365843108615664,4.624532365849422,5.369147923814922,73.43,0.7343000000000001,-3.890232365849422,-0.0250179166566577,0.02184992399092,-0.136218794870689,-0.4210404399657316,-0.458515009040789,-0.2690925773241645,,
2022-06-03,29700.21,-0.0250179166566577,2.021471416798503,2.304392155756325,4.547260169965819,5.389910820884129,71.33,0.7132999999999999,-3.833960169965819,0.0055009645259624,0.016845742437647,-0.2781985194455421,-0.341401096430606,-0.4302291495121553,-0.2561909110879328,,
2022-06-04,29864.04,0.0055009645259624,2.0066368051379886,2.3013006763496,4.267804634827396,5.372169501359686,70.96,0.7095999999999999,-3.558204634827396,0.0018456679976862,0.0081999366652168,-0.299431316838757,-0.3408776476195768,-0.3891567992171264,-0.2690891677053307,,
2022-06-05,29919.21,0.0018456679976862,1.986566028162681,2.236601678458399,4.258496089237055,5.2778166875359664,72.04,0.7204,-3.538096089237055,0.0474500888349519,-0.0280416515759072,-0.2812714562980335,-0.3308576653002393,-0.3940153956798078,-0.2795345451821962,,
2022-06-06,31373.1,0.0474500888349519,1.6627654322448848,2.2898136624259964,4.344289471637721,5.3537435053262685,68.51,0.6851,-3.659189471637721,-0.0079288807110227,-0.0986923523581326,-0.4303517233746216,-0.3996171842252988,-0.4223840633411531,-0.2969645720865705,,
2022-06-07,31125.33,-0.0079288807110227,1.669167614757699,2.267246285712934,4.27484092662522,5.3294387889921895,71.51,0.7151000000000001,-3.55974092662522,-0.0300220982099308,-0.158068718861609,-0.419119693009366,-0.405834328974398,-0.3641728291762811,-0.3045205951894308,,
2022-06-08,30204.77,-0.0300220982099308,1.2580510450650362,2.337546435780967,3.607420481296934,5.355463755639054,71.7,0.7170000000000001,-2.890420481296934,-0.0031448412464677,-0.2950442618831891,-0.4650994311464066,-0.3983010727609325,-0.3355496293365991,-0.2649520692899694,,
2022-06-09,30109.93,-0.0031448412464677,1.19083272371022,2.3277870196650667,3.5596094944305827,5.349101200643411,72.57,0.7256999999999999,-2.833909494430583,-0.0343959202434377,-0.3076312535039738,-0.3808268749730683,-0.4029910812540033,-0.3325400152835998,-0.2347493571831351,,
2022-06-10,29091.88,-0.0343959202434377,1.2733634339559587,2.3891004842554144,3.409282778116017,5.24711092670828,72.55,0.7254999999999999,-2.6837827781160173,-0.0232006119472735,-0.2532298047221263,-0.3464363012978264,-0.3776205065487516,-0.3325072464383676,-0.2284664767357719,,
2022-06-11,28424.7,-0.0232006119472735,1.3442013525140195,2.4152574487691605,3.4376298745274063,5.259309333121249,75.05,0.7505,-2.6871298745274066,-0.0673052472144992,-0.3316593710164888,-0.3159891983587102,-0.3882005698065836,-0.3533473692379401,-0.1711210736340017,,
2022-06-12,26574.53,-0.0673052472144992,1.859860897371289,2.7213098209907645,3.666377785034413,5.39064247161634,93.99,0.9399,-2.7264777850344126,-0.1669976412315109,-0.2610509741477568,-0.2848216450950426,-0.3222962141701,-0.3183596134691928,-0.1046369014474009,,
2022-06-13,22487.41,-0.1669976412315109,3.5800109654193317,3.947311413505549,4.832870514224085,6.238233731161648,106.0,1.06,-3.772870514224085,-0.0157318328672523,-0.1700551692632174,-0.0632025769850638,-0.1520306300666131,-0.1055482432499777,0.0817783435539589,,
2022-06-14,22136.41,-0.0157318328672523,3.58941026623802,3.9585333882046263,4.780123060282413,6.238764045614795,103.09,1.0309,-3.7492230602824135,0.0200055285384097,-0.0731956214690944,-0.0414463307808196,-0.0897254823783692,-0.07247458275345,0.0990538333431683,,
2022-06-15,22583.72,0.0200055285384097,3.5638409978776475,3.779372314306011,4.7085378501791775,6.249925713518054,89.15,0.8915000000000001,-3.817037850179177,-0.1016301782416361,-0.0932064965757001,-0.0495862090022057,-0.1127439393817743,-0.0808331171380564,0.073462672243741,,
2022-06-16,20401.31,-0.1016301782416361,4.057995292103529,4.229114371425005,5.0803048543492855,6.536033036858308,119.65,1.1965,-3.883804854349285,0.0033031496542327,0.0156701726577786,0.0307345391493227,0.0079676600334684,0.0381944984925546,0.1663977651601361,,
2022-06-17,20468.81,0.0033031496542327,4.004932493394109,4.202491964487268,4.956293084789832,6.514552132995885,108.67,1.0867,-3.869593084789832,-0.0760018363469714,-0.0237706709472857,0.0132853640349681,0.0549468638330848,0.015962257126919,0.1530806755971734,,
2022-06-18,18970.79,-0.0760018363469714,4.236904317344098,4.445023674900908,5.059144819440981,6.666669104807561,115.03,1.1503,-3.9088448194409806,0.0811277149268706,0.1068525922781534,0.066798358385474,0.1295498018098073,0.1676139386560676,0.207382160020522,,
2022-06-19,20574.0,0.0811277149268706,4.324376519344329,4.707368143520041,5.242311182868721,6.844189062644696,109.97,1.0997,-4.1426111828687215,-5.346568195921985e-06,0.0317492906882747,-0.0221642062809349,0.0482868596894683,0.1285634247772695,0.1197447536622331,,
2022-06-20,20573.89,-5.346568195921985e-06,2.9190811648404207,4.619254632454111,5.239899142255393,6.831895455237439,99.27,0.9927,-4.2471991422553925,0.0072464909918425,0.0436202875734944,-0.0311842052509251,0.0139290548594588,0.1211332888942231,0.0125821906473879,,
2022-06-21,20723.52,0.0072464909918425,2.906865586183368,4.618845482965638,5.213527468299431,6.823418917470475,97.96,0.9796,-4.233927468299432,-0.0361376939508315,0.0150643664915441,-0.0722113714478734,-0.0373581708792299,0.1108200893573847,0.0199010045624024,,
2022-06-22,19987.99,-0.0361376939508315,2.963182803272676,4.634804740629799,5.203517294190612,6.857042015974444,99.76,0.9976,-4.205917294190612,0.0546214268784678,0.0370560349822537,-0.0374745690750574,-0.0335379683741502,0.1265648259674681,0.0736471250193306,,
2022-06-23,21110.13,0.0546214268784678,2.4697078639927605,4.750450791683048,5.295260374427243,6.935992051662618,91.46,0.9146,-4.380660374427243,0.0060244133369918,-0.0400542338926794,-0.0888280530815492,-0.0423456662649137,0.0615852544623035,0.0136299580108979,,
2022-06-24,21237.69,0.0060244133369918,2.4715828208437136,4.7061880452159714,5.296013885107774,6.92121759912443,90.66,0.9066,-4.389413885107774,0.0118656503170236,-0.0539134969692096,-0.0482791515975496,-0.0310282519726302,0.0612729533905005,0.0136290039436408,,
2022-06-25,21491.19,0.0118656503170236,2.0129007535138688,4.690749155287006,5.296226200423379,6.832798791351619,86.66,0.8665999999999999,-4.429626200423379,-0.0213094300901077,-0.0748044928244194,-0.0631577303795686,-0.0312469081358507,-0.0084244048023263,-0.005744863997349,,
2022-06-26,21038.07,-0.0213094300901077,1.3472899529231652,4.529395378889359,5.298409217557683,6.822392741071735,90.26,0.9026,-4.395809217557684,-0.0141460254601218,-0.0872757379394174,-0.0227668791158542,0.0074599593432319,0.0102429823075534,0.0244615645237457,,
2022-06-27,20742.56,-0.0141460254601218,1.374128949578646,3.2263392904336983,5.298620561603388,6.823347297592829,89.09,0.8909,-4.407720561603387,-0.0224888419964654,-0.0745306040573112,0.0416614997981167,0.0026768930919508,0.1012370564575005,-0.0244749076198761,,
2022-06-28,20281.29,-0.0224888419964654,1.43306023939551,3.2409148686556843,5.3083507635249685,6.813970757349291,87.5,0.875,-4.4333507635249685,-0.0078348497395383,-0.0487738191888696,0.0627514434243335,0.1008155802705934,0.1617889511623548,-0.0120882776016784,,
2022-06-29,20123.01,-0.0078348497395383,1.26467450759343,3.22177807053304,5.118352871298856,6.798414597520829,91.37,0.9137,-4.204652871298856,-0.0090253455381861,0.00563434537166,0.0704510659704034,0.1507276310582044,0.1667180943858303,-0.0286017346389373,,
2022-06-30,19942.21,-0.0090253455381861,0.7349528996607121,2.5767445931227586,5.121098808241825,6.787584590645492,94.14,0.9414,-4.179698808241826,-0.0337806752051056,0.0116467624448508,0.045113260110384,0.1523174941451483,0.1702500677838983,0.0170790923038175,,
2022-07-01,19279.8,-0.0337806752051056,0.9712994044468608,2.65558734997902,5.010963449965495,6.81813930810258,92.97,0.9297,-4.081263449965494,-0.0014008915780156,0.0645088588235631,0.0348532005686435,0.1830314608052581,0.1891087085031253,0.0272127375777486,,
2022-07-02,19252.81,-0.0014008915780156,0.9448540414233056,2.223627352568468,4.994221790487778,6.8065079809967015,92.23,0.9223,-4.071921790487778,0.0032679428719761,0.116192103855428,0.0039366007009072,0.1640393950425257,0.1894224317166248,0.0405731271517191,,
2022-07-03,19315.83,0.0032679428719761,0.854929031054012,1.5956484153430093,4.971689571554707,6.737601372095518,92.07,0.9207,-4.050989571554707,0.0465733148209915,0.1115252626132031,0.0464823868166354,0.1504133075438528,0.1740382384242224,0.0413587986073907,,
2022-07-04,20236.71,0.0465733148209915,1.203983126285113,1.8269662663687545,5.049590474136598,6.611544475956074,86.99,0.8698999999999999,-4.179690474136597,-0.0030129284649952,0.0648167205987432,0.0172508996249192,0.1095521049880501,0.1200676315117956,-0.0141759097269179,,
2022-07-05,20175.83,-0.0030129284649952,1.126184140134636,1.8226223874481255,5.049795437624861,6.60569624671799,86.08,0.8608,-4.188995437624861,0.0190814211736067,0.033466497665533,0.0319108222437178,0.0547333255772423,0.1144808504976115,-0.0171936009701799,,
2022-07-06,20564.51,0.0190814211736067,1.1742154705127328,1.7257414584311648,4.981117264595982,6.609416026929952,82.25,0.8225,-4.158617264595982,0.0502823534538491,-0.0296556582549196,0.0302268384590861,0.0330098614234077,0.1254194912545825,-0.0278195010666826,,
2022-07-07,21624.98,0.0502823534538491,1.507277418614107,1.6769141246300283,5.070642729899627,6.6321702814564345,81.35,0.8134999999999999,-4.257142729899627,-0.0013988983702488,-0.1122555031545207,-0.0389846067061658,0.0595755566593836,0.0596522339868502,-0.0883267989579207,,
2022-07-08,21594.75,-0.0013988983702488,1.3623823159899628,1.673173065764866,5.038169095993409,6.196501462010934,78.39,0.7839,-4.254269095993409,-0.0001352271934683,-0.0650428757965676,0.0380641368462601,0.0990375077380214,0.0705975600466295,-0.1390929526167112,,
2022-07-09,21591.83,-0.0001352271934683,1.3621218513675848,1.6577469944376344,5.037811494557621,6.168497743173555,73.55,0.7354999999999999,-4.302311494557621,-0.0343631513982055,-0.047565820973824,0.0802765650878009,0.0962670284154269,0.0977906581004647,-0.1125809597751829,,
2022-07-10,20862.47,-0.0343631513982055,1.5107877058060153,1.7359098882584758,5.037729870981999,6.082921281271259,75.86,0.7585999999999999,-4.279129870981999,-0.044040734746846,-0.0015556754218151,0.1072042340347645,0.1251368076735145,0.1040407697025956,-0.0768229270484962,,
2022-07-11,19963.61,-0.044040734746846,1.482807005054403,1.910050256568576,5.088241670226459,6.140643488175508,80.52,0.8051999999999999,-4.283041670226459,-0.0323174914457519,0.0598824967140058,0.1481782602366146,0.1542555079344816,0.1822262956039382,0.0676140476382127,,
2022-07-12,19328.75,-0.0323174914457519,1.6051842985661957,1.960843530181396,4.961649729338979,6.169302561817131,85.86,0.8586,-4.103049729338979,0.0458137289877042,0.0732708964483548,0.1601027943416183,0.1854858310157174,0.2137227120217918,0.1133351523364701,,
2022-07-13,20234.87,0.0458137289877042,1.7915963788542744,2.1421016679689098,3.899342031145415,6.209791114289901,80.89,0.8089,-3.090442031145415,0.0173418276292754,0.1031070126428278,0.1039309207272173,0.1275558516075871,0.1873265868039365,0.0757344258178498,,
2022-07-14,20588.84,0.0173418276292754,1.5481447975905624,2.160703017763137,3.90183340869594,6.170403586529773,81.35,0.8134999999999999,-3.08833340869594,0.0116469941538032,0.1278423860616251,0.0923012053631309,0.1028167318868763,0.1715284160966182,0.0841215807788453,,
2022-07-15,20830.04,0.0116469941538032,1.5638258190438616,2.074038757407966,3.889439082178522,6.107214181650064,78.7,0.787,-3.102439082178522,0.0173974373889749,0.1087599094565795,0.0228225033335243,0.0825700282538936,0.1542957893817975,-0.0320228437361002,,
2022-07-16,21195.6,0.0173974373889749,1.5987555691493789,2.100332189883117,3.3864787366597544,6.105549577799984,81.99,0.8199,-2.5665787366597543,-0.0189290917114029,0.0882957635226087,0.0027830229643215,0.0951926527954964,0.1282032666675815,-0.0467896047710454,,
2022-07-17,20798.16,-0.0189290917114029,1.5019324730566757,2.1303240705669046,3.4051489145061646,6.013308596130586,81.29,0.8129000000000001,-2.5922489145061647,0.0756498451821771,0.0868318978932635,0.0985601633655495,0.0986368406930161,0.1371184184702544,-0.0541504585931272,,
2022-07-18,22432.58,0.0756498451821771,1.9070160750957723,2.4156628334500847,3.402286791405684,6.096761576037732,83.39,0.8339,-2.568386791405684,0.0420772010480724,0.0008239080843893,0.0609733708917613,0.0325334232003694,0.0397682213644544,-0.1246657759582249,,
2022-07-19,23396.62,0.0420772010480724,1.9752787341883853,2.545258868975869,3.1336020540792764,6.107478069658565,82.9,0.8290000000000001,-2.304602054079276,-0.0074354824512422,-0.0355411806984941,0.0159904633276258,0.0175140930126635,-0.0088186711150363,-0.1511943699560924,,
2022-07-20,23223.3,-0.0074354824512422,1.7764593802570046,2.5230191268452264,3.1368202624049477,6.107060207632069,83.99,0.8399,-2.296920262404947,-0.0030667085449958,-0.0859374061230552,0.0179325736387499,-0.0031634643321687,-0.1085510982468351,-0.1790493459489644,,
2022-07-21,23152.19,-0.0030667085449958,1.7462734367679948,2.3337144705957984,3.134311300595412,6.083155101734032,82.38,0.8238,-2.310511300595412,-0.0203929573407481,-0.0855127405582872,0.006077247697867,0.0340480353673236,-0.0909190847949822,-0.1697782491822721,,
2022-07-22,22684.83,-0.0203929573407481,1.7753172398770718,2.36586189252732,3.08205051071061,6.047778731196465,84.28,0.8428,-2.23925051071061,-0.0103581446266968,0.0117282654722859,0.0253830366740991,0.0536199176801735,-0.0529177009481375,-0.1838581240140331,,
2022-07-23,22451.07,-0.0103581446266968,1.7551175811131006,2.3741223838333303,2.9067540356750623,6.040612672311693,80.45,0.8045,-2.1022540356750623,0.0057121122651888,0.0601494628073719,0.0236249308803697,0.0833956660767193,-0.0479552964514056,-0.1956583753553592,,
2022-07-24,22579.68,0.0057121122651888,1.720919431282002,2.2841551704264997,2.906523899546795,6.041162491598041,83.17,0.8317,-2.0748238995467947,-0.0578317078758032,0.0515316440261202,0.0105155265237453,0.0792272107334875,-0.0476439494468598,-0.1516933036293089,,
2022-07-25,21310.9,-0.0578317078758032,1.446876074607237,2.3937754042400323,3.101166932422008,6.137364932020809,81.35,0.8134999999999999,-2.287666932422008,-0.0026420429802279,0.1038699797618052,0.0597475249203694,0.1314732860482731,0.0026795408049772,-0.0996365176349168,,
2022-07-26,21254.67,-0.0026420429802279,1.204063560818614,2.3133298805462377,3.074742375317541,6.125943267062924,81.39,0.8139,-2.2608423753175413,0.0768480486898251,0.0915899882561544,0.0924096298311749,0.12542024370326,0.0142185822161923,-0.1163306455957281,,
2022-07-27,22952.45,0.0768480486898251,1.893447059509802,2.5963338954898343,3.396550125602513,6.293801125836169,76.49,0.7648999999999999,-2.631650125602513,0.0380630527083889,0.0136547712018131,7.667732746664123e-05,0.038558255104705,-0.1257119640773766,-0.1991753386228608,,
2022-07-28,23842.93,0.0380630527083889,2.02744163527156,2.6758158569666413,3.4468485988996385,6.32924585494611,76.89,0.7689,-2.6779485988996385,-0.0029057065160629,-0.0365245319270021,-0.0284399476913918,-0.0212051495273069,-0.1738772287640332,-0.2151295486899341,,
2022-07-29,23773.75,-0.0029057065160629,1.9904290462588776,2.667125623287319,3.4440443563644574,6.169195866864587,75.03,0.7503,-2.6937443563644576,-0.0054933721401181,-0.0410161175023746,0.0015236296850376,-0.0248091344426623,-0.1953198290247678,-0.2199869633174668,,
2022-07-30,23643.51,-0.0054933721401181,1.9833459531630504,2.648414411201644,3.4413259696113974,6.169957652439575,78.55,0.7855,-2.655825969611397,-0.0149220344858788,-0.0441224548414358,-0.0210960379709188,-0.1264836718855852,-0.1531709754800808,-0.1971549861105911,,
2022-07-31,23293.32,-0.0149220344858788,2.0007561979316564,2.6390507862725765,3.392268269037668,6.051217952281169,78.66,0.7866,-2.605668269037668,-0.0010871683645161,0.0008196415750205,0.0279707876694566,-0.0969963324928493,-0.1618959709253765,-0.173070315058879,,
2022-08-01,23268.01,-0.0010871683645161,1.6681462528140154,2.208203409119796,3.392226275461473,6.037338022383222,77.69,0.7768999999999999,-2.615326275461473,-0.0121162504204261,-0.0135780938743463,0.0282368810060744,-0.0783007376222366,-0.1488493045649054,-0.1806416044622591,,
2022-08-02,22987.79,-0.0121162504204261,1.6833738041130213,2.0696657756423247,3.399541791301932,6.022838333104597,77.79,0.7779,-2.621641791301932,-0.0073972920914354,0.0080845842356101,0.0597707351963494,-0.0715802273317753,-0.1326794398168318,-0.1742909128654245,,
2022-08-03,22818.37,-0.0073972920914354,0.8355644167357936,2.0696158246595777,3.284074493958108,6.023579437374198,75.87,0.7587,-2.5253744939581075,-0.0085997094791793,0.0425397471874123,0.068711684209742,-0.0581594759706052,-0.1342435412387136,-0.1801419200514868,,
2022-08-04,22622.98,-0.0085997094791793,0.4431150385795316,2.0753001040447034,3.2876778254051837,6.02571650889069,73.67,0.7367,-2.550977825405184,0.0300200619305776,0.0230264168705171,0.0717257611279038,-0.057067984115392,-0.1316744514677915,-0.1419540636823484,,
2022-08-05,23312.42,0.0300200619305776,0.7226400888548133,2.1175496419709074,3.317358626292088,5.984680230312283,71.85,0.7184999999999999,-2.5988586262920874,-0.015484903813883,0.0271511460944361,0.0330106138720851,-0.0781910476149825,-0.1532389923212654,-0.1365040588607476,,
2022-08-06,22954.21,-0.015484903813883,0.7737664781310366,2.128937700499373,3.188973780879536,5.99007274324954,71.7,0.7170000000000001,-2.471973780879536,0.0095464276895303,0.0418149748804207,0.0384815777772382,-0.1257886414048432,-0.147979032944771,-0.1298872319943973,,
2022-08-07,23174.39,0.0095464276895303,0.7420950607284753,2.133947150873127,3.1940731853473934,5.9653374886236135,73.6,0.736,-2.458073185347393,0.0270578708603665,0.0516861509607391,0.007234798164085,-0.1454372810726415,-0.209690512663341,-0.1492839521841821,,
2022-08-08,23810.0,0.0270578708603665,0.9041573590473428,1.8974225809494596,3.235633430393132,5.987392450021505,75.17,0.7517,-2.483933430393132,-0.0281130397960745,0.0261719370223296,-0.0263327641277,-0.1968434587098054,-0.2103716178756476,-0.198149307325871,,
2022-08-09,23149.95,-0.0281130397960745,1.0258618040302314,1.9713294512440345,3.2135334664138644,5.975409575313329,74.67,0.7467,-2.4668334664138643,0.0341447911544965,0.0486993442573868,-0.1053876339146664,-0.1320749375091621,-0.1808636967510919,-0.1757942097012469,,
2022-08-10,23954.05,0.0341447911544965,1.2074605728151102,1.468376290130708,3.169288516770094,5.994546938439947,70.87,0.7087,-2.4605885167700943,-0.0008210750278983,0.0058594677776491,-0.124967120162306,-0.1898667585948332,-0.1146122479657255,-0.2088550256182377,,
2022-08-11,23934.39,-0.0008210750278983,1.1963333685455004,1.2757603482279751,3.108604571185105,5.855031205437123,71.48,0.7148,-2.3938045711851053,0.0194176037698489,-0.0033333971031825,-0.1065376186283111,-0.1770861855709799,-0.1003875596853217,-0.2239608059329293,,
2022-08-12,24403.68,0.0194176037698489,1.113505654772183,1.3274424813262988,3.005818609617088,4.923394539317122,70.27,0.7027,-2.303118609617088,0.001543656921957,-0.0444513527966542,-0.1313509625281248,-0.1924501750131812,-0.1115921609860866,-0.2471420423730879,,
2022-08-13,24441.38,0.001543656921957,1.073892021279032,1.3236157433507931,2.98764883046806,4.914300508049232,70.6,0.706,-2.28164883046806,-0.0055856325610175,-0.0525047011500296,-0.1268711601803473,-0.2029552254484555,-0.0874068353177731,-0.2436861507353462,,
2022-08-14,24305.24,-0.0055856325610175,1.0636577465638264,1.2969475243751525,2.981261498572756,4.900577159564981,70.89,0.7089,-2.272361498572756,-0.008695085325241,-0.1540869781720532,-0.1287937452432959,-0.2034002125956955,-0.1863186331178978,-0.2267016800657632,,
2022-08-15,24094.82,-0.008695085325241,0.944318055787309,1.3073779562182424,2.9673289194960164,4.502585829312534,70.2,0.7020000000000001,-2.2653289194960164,-0.0100139399087299,-0.130826587939955,-0.1112016614870678,-0.1862496061933504,-0.1749928714386269,-0.2282888855561018,,
2022-08-16,23854.74,-0.0100139399087299,0.7999145112739972,1.3008672746728922,2.951416509319972,4.506206668745786,71.55,0.7155,-2.2359165093199715,-0.0217003519236227,-0.1032042215251285,-0.1642702191820815,-0.1864606107220093,-0.1912688770633817,-0.2238985080401807,,
2022-08-17,23342.66,-0.0217003519236227,0.6214517533363336,1.3579997483901818,2.6065075625407084,4.285958129118329,75.32,0.7532,-1.8533075625407085,-0.0065096914314182,-0.0868996097314706,-0.1526720792367264,-0.2169253108274259,-0.1644339973226794,-0.1920974685828841,,
2022-08-18,23191.2,-0.0065096914314182,0.6335798938694004,1.3537492421460424,2.482563148073301,3.99782210928669,74.82,0.7482,-1.7343631480733015,-0.107167909583041,-0.0743664590303176,-0.1705106945821055,-0.1840388537479476,-0.1423756988410561,-0.1708047710906572,,
2022-08-19,20834.39,-0.107167909583041,2.1108797626633558,2.386568292681216,3.2148018534023226,4.491613553643418,81.24,0.8123999999999999,-2.402401853402323,0.014565304906857,0.0252932329287571,-0.0266873035944956,-0.0754760628364253,-0.0704982477021292,-0.0750791389652999,,
2022-08-20,21140.07,0.014565304906857,2.128938158212848,2.3844541838461644,3.226290795903304,4.498095111129874,77.7,0.777,-2.4492907959033032,0.0176084265060965,0.0196249264528873,-0.0648996384325271,0.0103548721965804,-0.0788591643872899,-0.1002277696417359,,
2022-08-21,21515.61,0.0176084265060965,2.152710066383369,2.4011514803805123,3.220299590189679,4.457506567706586,79.02,0.7902,-2.430099590189679,-0.0053957401299649,-0.0610659976569529,-0.0705485669426689,0.0061500589429894,-0.1309404230658956,-0.1221358535856752,,
2022-08-22,21399.83,-0.0053957401299649,2.1487651333748072,2.3471106043161187,3.215866102833317,4.334860299394388,80.35,0.8035,-2.412366102833317,0.0060234592697346,-0.0657724695052558,-0.0610992124850563,0.0197588015420381,-0.1477030789039536,-0.1103301522024996,,
2022-08-23,21529.12,0.0060234592697346,2.143322821840169,2.2877272442246306,3.2160734508315287,4.334859815470407,77.78,0.7778,-2.4382734508315287,-0.007508217623966,-0.0961442355517878,-0.0760840652681082,0.0394643248625741,-0.104049354182449,-0.1142696214684253,,
2022-08-24,21368.08,-0.007508217623966,2.1077306658804904,2.19743733508326,3.0237327689801017,4.331304214777785,75.59,0.7559,-2.2678327689801017,0.0088969984309869,-0.051980536523253,-0.0746064673523995,-0.0575248878746018,-0.102316058439894,-0.0878799990695505,,
2022-08-25,21559.04,0.0088969984309869,2.1109129403798947,2.2039457624403678,3.02808589170514,4.315477359703915,73.83,0.7383,-2.28978589170514,-0.0630824976037437,-0.0845245648854145,-0.0750479447062827,-0.0637912099515592,-0.1305492278119204,-0.1091514102885261,,
2022-08-26,20241.05,-0.0630824976037437,1.3101237661346423,2.4843988518377085,2.909679273058031,4.472447453888527,72.6,0.726,-2.183679273058031,-0.0101022119782678,-0.0094825692857159,-0.0221903915399277,-0.0269986578813002,-0.0734633745454842,-0.0079849396708019,,
2022-08-27,20037.6,-0.0101022119782678,1.2946969468669616,2.4917098277530925,2.8239463343917124,4.455944138256313,73.03,0.7303000000000001,-2.093646334391712,-0.0243483067767972,0.0046732570201993,-0.0642532315906995,-0.0117619180859529,-0.0412523199259008,0.0359756791125173,,
2022-08-28,19555.61,-0.0243483067767972,1.3339625595257645,2.532511942740807,2.8614642707189826,4.477657791882625,76.17,0.7617,-2.0997642707189828,0.0366554814045687,0.0200601702836796,-0.013528159165842,0.0281349957410493,-0.024667134292699,0.0371177685414073,,
2022-08-29,20285.73,0.0366554814045687,1.503080959797571,2.622297460265185,2.9440424577662063,4.528808940798,73.2,0.732,-2.2120424577662066,-0.0236470299311744,-0.0226259308291465,-0.0487887592419296,-0.0438109441076335,-0.0439840106305101,0.0149771976222795,,
2022-08-30,19811.66,-0.0236470299311744,1.5652829962016326,2.65404287396019,2.964829495228932,4.505296654483393,75.78,0.7578,-2.207029495228932,0.0119594979959549,0.0094766201791318,0.0752545106291076,-0.0139595259547626,-0.0111743441335024,0.049147129256755,,
2022-08-31,20050.02,0.0119594979959549,1.575354053301543,2.63140056873647,2.973548104652123,4.511007363617516,75.04,0.7504000000000001,-2.223148104652123,0.0040536143276475,-0.0127078222542118,0.0766986258856582,-0.0603918561232266,-0.0317922998973536,0.0283940161581311,,
2022-09-01,20131.46,0.0040536143276475,1.5680707395353246,2.629600594396448,2.965535811174201,4.511240077646608,77.83,0.7783,-2.187235811174201,-0.0089613935133172,-0.068926488610899,0.0808580140270945,-0.0866038664188973,-0.0416114730485927,0.017689311190844,,
2022-09-02,19951.86,-0.0089613935133172,1.0176817747480984,1.6589455920087492,2.967110003387627,4.425933466972716,74.66,0.7465999999999999,-2.220510003387627,-0.0060306197082573,-0.0335883294495216,0.1155483901306825,-0.0279652889143408,-0.0458983788127733,0.0263031702913399,,
2022-09-03,19831.9,-0.0060306197082573,1.0058333313659542,1.6394940910882738,2.9647972363377195,4.427058632574989,77.86,0.7786,-2.18619723633772,0.0084555210771039,-0.0261628284127831,0.0170815794777976,-0.0277095910874945,-0.0102796122145568,0.0160038469958071,,
2022-09-04,20000.3,0.0084555210771039,0.9063167521454456,1.612720113794082,2.91327635657874,4.414979885031779,76.01,0.7601,-2.15317635657874,-0.0102249444373888,0.0657778904499757,0.0112567347547235,-0.0555012831056377,0.0167349334605176,0.0103223847635519,,
2022-09-05,19796.84,-0.0102249444373888,0.6075752981377084,1.6212341331877738,2.9047924492737685,4.313626426627024,76.88,0.7687999999999999,-2.1359924492737683,-0.0521650520290394,0.0894064481398702,-0.0048082663413723,-0.0512729830055564,0.0180918009503738,0.0660475976803859,,
2022-09-06,18790.61,-0.0521650520290394,1.0762349289796402,1.8995769214627165,3.065581589026404,4.427176751873918,81.46,0.8146,-2.250981589026404,0.02637676564806,0.1497845026379935,0.0524913135047466,0.0230009116647987,0.060406560479159,0.125320217838105,,
2022-09-07,19292.84,0.02637676564806,1.166198373249583,1.9600405707595887,3.063414181355623,4.455763699121439,76.12,0.7612000000000001,-2.3022141813556227,0.001394881328481,0.1491367195802041,0.0416631549068914,-0.0111389751268569,0.0122223105497763,0.0802820663592493,,
2022-09-08,19319.77,0.001394881328481,1.1639292165003654,1.9528382076378,3.016080474293022,4.40721439995532,75.72,0.7572,-2.2588804742930217,0.1003962399398629,0.0432444078905808,0.0049778151342961,0.0048047486114196,0.0050694870498449,0.0637314765923847,,
2022-09-09,21360.11,0.1003962399398629,2.237052110357576,2.457657083303064,3.514282698041695,4.732290416308577,75.12,0.7512000000000001,-2.7630826980416945,0.0134036132525054,-0.0545211556952523,-0.0892140365838704,-0.0864288547626102,-0.0942427776525121,-0.1412047121338353,,
2022-09-10,21648.34,0.0134036132525054,2.24871128371844,2.463412902460602,3.5235651776890675,4.698822612252554,78.15,0.7815000000000001,-2.742065177689067,0.0082130024690838,-0.0942147144812425,-0.137090482008885,-0.1084909257830119,-0.1235732462476076,-0.3071761047656707,,
2022-09-11,21826.87,0.0082130024690838,2.248383186118605,2.4241775939151657,3.5074935834883463,4.619248505128548,78.91,0.7890999999999999,-2.7183935834883464,0.0257289825902706,-0.0972931891332471,-0.1674618804459919,-0.1224694870756873,-0.1355498813870012,-0.2151775387944845,,
2022-09-12,22395.74,0.0257289825902706,2.293183221463248,2.372306268192976,3.5416471291182714,4.633498669622001,79.15,0.7915000000000001,-2.7501471291182717,-0.1044974303611422,-0.1074735646733126,-0.1435136790450233,-0.1614467689434558,-0.1562793154175732,-0.2715300650463546,,
2022-09-13,20173.57,-0.1044974303611422,2.8724813657002515,3.067479554724203,4.064181574861979,5.04038609595732,81.07,0.8107,-3.253481574861979,0.0026306763540297,-0.0382665927562847,-0.0447911705652922,-0.0273611916923545,-0.0403830469478655,-0.1822756562048078,,
2022-09-14,20226.71,0.0026306763540297,2.8283798081030462,3.059371011279116,4.061096181442868,5.029666302192148,78.19,0.7818999999999999,-3.279196181442868,-0.0262899455334847,-0.0346928808886179,-0.0667580178603611,0.0054781987057941,-0.0532960141174749,-0.2140092868041002,,
2022-09-15,19701.88,-0.0262899455334847,2.87250692110569,3.0993591648634795,4.087563359003135,5.041729229674227,76.05,0.7605,-3.327063359003135,0.0051345278170794,-0.0428757675276424,-0.0464647166641839,0.022900067291746,-0.032629630976799,-0.1701397647380011,,
2022-09-16,19803.3,0.0051345278170794,2.14054568303794,3.096181190697283,4.067667196465656,4.831128035436929,70.57,0.7056999999999999,-3.361967196465657,0.0155486070502051,-0.0701686913127449,-0.0294904018399478,0.0079152469744125,-0.0276634712602047,-0.1585012413089015,,
2022-09-17,20113.62,0.0155486070502051,2.1458339107931157,3.108264083090803,4.076602905878509,4.773029544889569,69.14,0.6914,-3.3852029058785096,-0.0352904584441141,-0.0360401143717105,-0.0528021300337484,-0.0294408443571149,-0.0284290722496011,-0.1882209082459527,,
2022-09-18,19416.18,-0.0352904584441141,2.2437824504835038,3.176442449772797,3.58904688613676,4.818320091850165,74.86,0.7486,-2.84044688613676,0.0062043882216964,-0.0065245778090074,-0.0001730665228766,9.167191554889476e-05,-0.0045808912631707,-0.1511436279138385,,
2022-09-19,19537.02,0.0062043882216964,2.192484265449848,3.17264503867762,3.580205854408674,4.819421776486523,70.23,0.7023,-2.8779058544086737,-0.0344728321725092,-0.0320651369717432,0.0027851818212602,-0.0050287410686418,-0.021368605254446,-0.1568754621401434,,
2022-09-20,18875.0,-0.0344728321725092,1.1202898394625893,3.0832123703530865,3.624701445352765,4.848586393838749,75.86,0.7585999999999999,-2.8661014453527653,-0.0221583959680229,-0.0035889491365416,0.028599556225873,0.0135172357612773,0.0088045694802202,-0.1223888579784828,,
2022-09-21,18461.36,-0.0221583959680229,1.1965518601542815,3.071069633356381,3.6478825297097033,4.8630074791134765,76.7,0.767,-2.880882529709704,0.0496771839912393,0.0406782894727969,0.0449923933703046,0.0319119990589905,0.0373729267014538,-0.1257284109283394,,
2022-09-22,19401.63,0.0496771839912393,1.4422960012552573,3.2142672208509664,3.7675667546151046,4.953553037126423,74.81,0.7481,-3.0194667546151046,-0.0057749218814111,-0.0167620156620378,-0.0179330898984325,-0.0127656363725499,-0.0102202672859763,-0.2065320220324183,,
2022-09-23,19289.91,-0.0057749218814111,1.4431797434244285,2.58160872190248,3.766451331577292,4.830022307541077,74.23,0.7423000000000001,-3.024151331577292,-0.0193361709410392,0.0063515112861308,0.0174299788729376,0.0044081236174267,0.0144360593703435,-0.172909337267465,,
2022-09-24,18920.5,-0.0193361709410392,1.459792660148448,2.5953030234122867,3.780705280893645,4.843865872267812,73.21,0.7321,-3.048605280893645,-0.0059966443373075,0.0348503187930034,0.0722362165661553,0.0134620037428861,0.0213978175233941,-0.1306559631234731,,
2022-09-25,18807.38,-0.0059966443373075,1.2998241842858254,2.5930874638453805,3.585300012321348,4.6174245690010975,75.88,0.7587999999999999,-2.826500012321348,0.0221088426413156,0.0321885053624147,0.0693647839559301,0.0138350856873848,0.0654784348746821,-0.1249099056486535,,
2022-09-26,19227.82,0.0221088426413156,1.3615817194743889,2.5808704022193734,3.6049325312025378,4.579324344709241,76.71,0.7670999999999999,-2.8378325312025376,-0.0077631211435955,0.0043141038975075,0.0374056488143601,0.001826930579743,0.0772279990384181,-0.1516568889850316,,
2022-09-27,19079.13,-0.0077631211435955,1.2008932464415516,1.6423135856930742,3.577869344606483,4.581389180115147,76.88,0.7687999999999999,-2.809069344606483,0.0173386050667576,-0.0011710742363946,0.0233612856766334,0.0243730577841471,0.0617849028341062,-0.1477487532996428,,
2022-09-28,19412.82,0.0173386050667576,1.171605961866259,1.6746333580575878,3.5242666057969902,4.5921499433126005,79.4,0.794,-2.73026660579699,0.0091626365658333,0.0110784675868066,0.0002647384384252,-0.0044078247402941,0.0589612082527896,-0.166898997683503,,
2022-09-29,19591.51,0.0091626365658333,0.7089065200800247,1.607098693126491,3.499570951773231,4.586633927214428,77.52,0.7752,-2.7243709517732317,-0.0086584577678962,0.0373858977731519,-0.007813922889902,-0.0241537870757061,0.0603214733902574,-0.1892884706773015,,
2022-09-30,19422.61,-0.0086584577678962,0.7195411389200868,1.612608824987949,3.4960198355394336,4.589568936312582,74.06,0.7406,-2.755419835539433,-0.0057655588235913,0.0371762785935155,-0.0150823204645956,-0.0197949867456527,0.0601863160554847,-0.1665665806291932,,
2022-10-01,19310.95,-0.0057655588235913,0.6272190364515765,1.5888355265132152,3.496897238478345,4.585051029577981,72.26,0.7226,-2.7742972384783453,-0.0132482992774978,0.0330915449168527,-0.0130803943113139,-0.0076194666688506,0.0593007842394366,-0.1178790997599559,,
2022-10-02,19056.8,-0.0132482992774978,0.6665900364520235,1.460782388568339,3.5018626844001366,4.589856646192455,76.42,0.7642,-2.737662684400137,0.029588146889959,0.0245323599130281,0.0051674535258826,0.0077128226124561,0.0722015491041131,-0.1155427124767234,,
2022-10-03,19629.08,0.029588146889959,0.7651615967257684,1.5618505203478212,3.545322289036574,4.62161581979023,70.07,0.7006999999999999,-2.844622289036574,0.0354700667521785,-0.0108137291483813,-0.0130218552555108,-0.0029939195025939,0.0262834592103639,-0.1383583281964359,,
2022-10-04,20337.82,0.0354700667521785,1.011281868628369,1.5699794925939048,3.605888241428434,4.635688637028218,69.87,0.6987000000000001,-2.907188241428434,-0.0088680769475327,-0.045199820663054,-0.0587742128232691,-0.0508383990427611,-0.0064125486969657,-0.1860447083019364,,
2022-10-05,20158.26,-0.0088680769475327,0.9703951248553396,1.5212913028817237,3.604576821788061,4.629340475438118,71.16,0.7116,-2.8929768217880616,-0.0098502925002542,-0.0522585990581112,-0.0555296982685451,-0.0038863490812479,0.0479557967300122,-0.1642023886557423,,
2022-10-06,19960.67,-0.0098502925002542,0.9728508813644624,1.203738880149504,3.4691719561749608,4.629572824839076,68.73,0.6873,-2.7818719561749607,-0.0218074842813223,-0.0461719392281666,-0.0355787182346171,0.0398223502240579,0.064913657358946,-0.1625318667871822,,
2022-10-07,19530.09,-0.0218074842813223,1.045302309135795,1.2690139353383951,3.457570384272722,4.61944795497585,65.99,0.6598999999999999,-2.797670384272722,-0.0057579421714504,-0.0193649063871454,0.0010117721075137,0.0384236171574728,0.0680597558094729,-0.1335237121978596,,
2022-10-08,19417.96,-0.0057579421714504,1.045286985115888,1.219027727715784,3.4592172462432864,4.589436281736418,64.84,0.6484000000000001,-2.8108172462432863,0.0010839752375059,-0.0022081261071295,-0.0046725631787195,0.0586964698143641,0.0586619895425397,-0.1426409470356359,,
2022-10-09,19439.02,0.0010839752375059,1.014391390825299,1.2138089513912786,2.8788244145344,4.542885965052893,67.51,0.6751,-2.2037244145344,-0.0159268553425899,-0.013574392160215,-0.0163398641858041,0.0681353962801595,-0.046961934481323,-0.1209728203414487,,
2022-10-10,19131.87,-0.0159268553425899,0.8955641728564248,1.1779250641734131,2.88351224781878,4.553037935790114,68.98,0.6898000000000001,-2.1937122478187803,-0.0037636326703097,-0.0032710992104339,-0.004712666281057,0.0752686365200804,-0.183602858518063,-0.1106082851411186,,
2022-10-11,19060.0,-0.0037636326703097,0.5899063743948406,1.1707606708324942,2.8801375989009026,4.538469326415524,70.6,0.706,-2.174137598900902,0.0049995485596987,0.0105932209935494,0.0054609276424634,0.0723811785507507,-0.0796276574074831,-0.1069071231876806,,
2022-10-12,19155.53,0.0049995485596987,0.5730691624718308,1.1269760260623003,2.8394881654881625,4.53937852895515,70.2,0.7020000000000001,-2.1374881654881626,0.0113988381085654,0.0203766784946593,0.0025453690865735,0.0670340955782305,-0.1152507496287812,-0.1143876346790301,,
2022-10-13,19375.13,0.0113988381085654,0.5834540945559366,1.1343974249907742,2.03086768295468,4.543346279903978,66.11,0.6611,-1.36976768295468,-0.0102822908155797,-0.00246443707159,0.0100279357529167,0.0393053144658748,-0.1418926092569424,-0.1185095526975795,,
2022-10-14,19176.93,-0.0102822908155797,0.4532402941793012,1.1393347540351626,2.039727282648966,4.544556037998913,62.08,0.6208,-1.418927282648966,-0.0056235623928088,-0.0027654720255891,0.007935813780508,0.0523616641263033,-0.1607132726866252,-0.0759318961689957,,
2022-10-15,19069.39,-0.0056235623928088,0.4526240351377695,1.1390756772212547,1.9798374837575168,4.541798176488723,62.66,0.6265999999999999,-1.3532374837575167,0.0101006875336738,-0.001441567070623,0.0516433491872971,0.1034854949985575,-0.1375101337612021,-0.0687090237524445,,
2022-10-16,19262.98,0.0101006875336738,0.4916079339245285,1.1272392179471171,1.9867995745028024,4.526951399170007,63.27,0.6327,-1.3540995745028022,0.0147830060608086,-0.0051322933510861,0.075401068458675,0.1004923755935632,-0.1308377700486966,-0.1042272617081508,,
2022-10-17,19549.86,0.0147830060608086,0.478389841432107,1.015328532096606,1.9846653498755589,4.534047618101709,60.01,0.6001,-1.384565349875559,-0.0114422774576837,-0.0178313094080856,0.0374118450499589,0.0670479837019591,-0.1597918359963515,-0.1616323597435153,,
2022-10-18,19327.44,-0.0114422774576837,0.5210321736832751,0.7870603894014643,1.8793901749019608,4.051341133551455,62.26,0.6225999999999999,-1.2567901749019603,-0.0105833257695788,0.0124923728245068,0.0633690329930839,0.0633345527212594,-0.1465627366506678,-0.1415455580416001,,
2022-10-19,19123.97,-0.0105833257695788,0.5506665506291154,0.7947590294912878,1.8865151570247036,4.0468275720156495,60.9,0.609,-1.2775151570247034,-0.0042996574378428,0.010701285806097,0.0844752604659637,-0.0306220702955189,-0.1355068568856974,-0.1332483922193453,,
2022-10-20,19041.92,-0.0042996574378428,0.5124018866961368,0.7765142458086964,1.7697259434037682,4.0336572093695295,61.44,0.6144,-1.1553259434037684,0.0064099612532107,0.0530849162579203,0.0799813028011375,-0.1788901922370059,-0.1311934274587032,-0.1469936038286728,,
2022-10-21,19164.37,0.0064099612532107,0.4888382754762162,0.6666255499441202,1.7227053993978263,4.034198909780688,62.19,0.6219,-1.1008053993978266,0.0020839900038091,0.0805333618097611,0.0669202509082874,-0.0850885850499465,-0.1631013376297933,-0.1260019603504251,,
2022-10-22,19204.35,0.0020839900038091,0.4785448088720326,0.6586908616967196,1.4382433177153158,4.032753785124224,62.14,0.6214,-0.8168433177153158,0.0188814047749087,0.0552431544580447,0.0644887264916569,-0.117796118715355,-0.1963117547464419,-0.1322905542040213,,
2022-10-23,19570.4,0.0188814047749087,0.5673549441311379,0.7507129899819173,1.4786806315239145,4.046313389146263,64.07,0.6406999999999999,-0.8379806315239146,-0.0123744127879885,0.050876660168577,0.029277378712958,-0.1519205450098592,-0.1873453966378086,-0.1513645518803368,,
2022-10-24,19329.72,-0.0123744127879885,0.5459089239640819,0.7258604505337498,1.4511783121439674,4.049648245788035,64.31,0.6431,-0.8080783121439674,0.0380839730139803,0.0737739746598668,0.0444258503457955,-0.1686490864671333,-0.1520537806468674,-0.1415455029493956,,
2022-10-25,20080.07,0.0380839730139803,0.8829612975998011,1.0252293299902433,1.6193162669851846,3.934026099414479,65.61,0.6561,-0.9632162669851846,0.0338584068050516,0.0268963865432171,0.0518421458112602,-0.1891534829484993,-0.1903883405233357,-0.1762012024065569,,
2022-10-26,20771.59,0.0338584068050516,1.07571889981796,1.2084720937644071,1.69180548831793,3.982178344176088,66.28,0.6628000000000001,-1.0290054883179298,-0.0232062173479073,-0.0136131109014737,0.0250913071348881,-0.2062388385073717,-0.2288848880234498,-0.2102978159732327,,
2022-10-27,20295.11,-0.0232062173479073,1.1605973840220072,1.2686772565504938,1.7426335280850516,3.979688512971961,61.41,0.6141,-1.1285335280850517,0.0145149104854409,0.0092455720336122,0.0296361386520001,-0.1972036810463105,-0.2095336561337491,-0.1819196688116415,,
2022-10-28,20591.84,0.0145149104854409,1.1869660783873155,1.283686617057576,1.7331883436245537,3.9273906023225984,55.08,0.5508,-1.1823883436245537,0.0105229017033011,-0.021599281455619,-3.448027182441885e-05,-0.2099317696437516,-0.2258602059362926,-0.2091053955702589,,
2022-10-29,20809.67,0.0105229017033011,1.20321247250993,1.2948843145632083,1.7360056568871678,3.9064961906085673,57.8,0.578,-1.158005656887168,-0.0087936151026691,-0.0293481243140713,-0.1150973307614827,-0.2199821173516614,-0.249609944067559,-0.2291942316710877,,
2022-10-30,20627.48,-0.0087936151026691,1.160094666142785,1.2913989573493492,1.7362536087387943,3.903425583297785,60.36,0.6036,-1.1326536087387944,-0.0066510906396394,0.024945759268043,-0.2588714950381435,-0.2111747302598407,-0.2267528966846778,-0.2152072369279718,,
2022-10-31,20490.74,-0.0066510906396394,1.142836435511611,1.2665274065714118,1.737408959422811,3.90472536662441,59.63,0.5963,-1.141108959422811,-0.0003475344128213,0.038704418036362,-0.1520088359582338,-0.2300215885380807,-0.1771798839993927,-0.2101198804954497,,
2022-11-01,20483.62,-0.0003475344128213,0.8813212909608737,1.2475367212872197,1.718886300406942,3.9009758233191856,59.92,0.5992000000000001,-1.1196863004069415,-0.0163299430037902,0.0203905666183878,-0.1822848452070119,-0.2608004812380989,-0.1877442615808366,-0.2136987605136937,,
2022-11-02,20151.84,-0.0163299430037902,0.6750020091108146,1.2699601819463466,1.652985557560131,3.91173508645996,56.41,0.5640999999999999,-1.0888855575601313,0.0027740588448488,0.0215648011837945,-0.1811979237228173,-0.2166227753507666,-0.1646417874067998,-0.1928843765878974,,
2022-11-03,20207.82,0.0027740588448488,0.511735891934023,1.2684084164385845,1.5086266000847188,3.908757376475933,53.98,0.5398,-0.9688266000847188,0.0455002684794452,-0.0857492064474114,-0.2130749368129288,-0.1964796309926628,-0.1796321596049706,-0.1922868106942452,,
2022-11-04,21148.52,0.0455002684794452,0.9698580473597468,1.53281215524624,1.7328876963500768,3.999484195784901,54.19,0.5418999999999999,-1.190987696350077,0.0071075681286795,-0.2838172543061865,-0.2409956287597596,-0.242230486334596,-0.2121581853857547,-0.2376485403383645,,
2022-11-05,21299.37,0.0071075681286795,0.9584605080812814,1.538299970602251,1.727982450409744,3.875703472975567,55.9,0.5589999999999999,-1.168982450409744,-0.0186613858307954,-0.1907132539945959,-0.2313301456422599,-0.2539761951583379,-0.2274455241461282,-0.2343054732578628,,
2022-11-06,20905.58,-0.0186613858307954,1.0087280205599922,1.5373196980055317,1.7144829820784868,3.859306266421021,56.76,0.5676,-1.1468829820784867,-0.0151557084383836,-0.2026754118253998,-0.2268398196983107,-0.2391697947857492,-0.2015834680073325,-0.2167431840637406,,
2022-11-07,20591.13,-0.0151557084383836,1.0417411237379834,1.5463827751303236,1.7352779546565065,3.870061179958769,59.48,0.5948,-1.1404779546565065,-0.104539948786357,-0.2027627249066118,-0.2098972893719271,-0.2258257256644681,-0.2013029365781757,-0.1945542193702033,,
2022-11-08,18547.23,-0.104539948786357,2.252580699952454,2.418852419578182,2.6456946214074795,3.909901538333645,76.66,0.7666,-1.8790946214074795,-0.1525677793793299,-0.1273257303655172,-0.1048847865901785,-0.1345126133060763,-0.0740108858601256,-0.0904320409354269,,
2022-11-09,15922.81,-0.1525677793793299,3.670540124691907,3.732089564744785,3.924689907848981,4.870095867238402,114.72,1.1472,-2.777489907848981,0.1002115684402702,0.0428216255464269,0.0476967647783028,0.0321185983534656,0.0729945733769443,0.0729519535912572,,
2022-11-10,17601.15,0.1002115684402702,4.1395068328303966,4.171017914387692,4.366174699548914,5.230551987657107,93.12,0.9312,-3.434974699548914,-0.0306235436615994,-0.040616891647664,-0.0780127525798467,-0.0251710480411588,-0.0272794657801974,-0.024319609950475,,
2022-11-11,17070.31,-0.0306235436615994,4.08927428428471,4.202712077235447,4.404163447840864,5.240166859675831,102.11,1.0211,-3.3830634478408648,-0.0152430215195955,-0.0241644078729108,-0.0785156360310869,-0.0054594163738246,0.0008631149497511,0.0214635646444897,,
2022-11-12,16812.08,-0.0152430215195955,4.097381226824938,4.207989955250471,4.408405333724136,4.853705917345747,102.92,1.0292,-3.3792053337241352,-0.0291029542452625,-0.0071345644653152,-0.0354248516279493,0.0165561363160173,0.0233830565593628,0.0651168813186589,,
2022-11-13,16329.85,-0.0291029542452625,4.119535296115836,4.241238412941091,4.438985941351153,4.885190229161574,107.88,1.0788,-3.360185941351153,0.0175795765326142,0.0224409437753386,0.0165953058202659,0.033442777207958,0.0847813765176294,0.1433388660790548,,
2022-11-14,16619.46,0.0175795765326142,4.123048914409699,4.252617654986381,4.450376772066324,4.870894155639061,98.18,0.9818,-3.468576772066324,0.0167730512461791,0.0048751392318758,-0.0012348575748364,0.0288374433740049,0.0688011100087576,0.1816523380559942,,
2022-11-15,16900.57,0.0167730512461791,3.621226365542655,4.264668826567844,4.457723865331745,4.880437952560478,89.99,0.8998999999999999,-3.557823865331745,-0.0141710598868462,-0.0373958609321827,-0.022646049516078,0.0038846214961317,0.0266105083405458,0.2150261144942333,,
2022-11-16,16662.76,-0.0141710598868462,2.1657564121472106,4.261850025954695,4.456998414756614,4.878906785350551,98.64,0.9864,-3.4705984147566142,0.001786821888,-0.0543512281581761,-0.0123299750874385,0.0252563516909781,-0.0018405237471639,0.2252083027249056,,
2022-11-17,16692.56,0.001786821888,1.0130179416599356,4.2616572092525775,4.451765080402701,4.832216857779759,76.97,0.7696999999999999,-3.6820650804027015,0.0004725539953914,-0.0282902871626339,-0.015928436292541,0.0085943527937513,0.0050171786090676,0.2383609545221563,,
2022-11-18,16700.45,0.0004725539953914,0.8270364784263383,4.1720682531281845,4.44718015847836,4.830771242736252,74.71,0.7471,-3.70008015847836,1.377198915139681e-05,-0.0058456379550728,-0.0296278267158977,0.0308739007300529,0.0022584646663521,0.2354857789835898,,
2022-11-19,16700.68,1.377198915139681e-05,0.7740683196814367,4.169857873054172,4.446421443863828,4.78566542616682,72.41,0.7241,-3.722321443863828,-0.0254979489178795,-0.0061099968067122,-0.0155781664248371,0.0252978085986416,-0.0158001763699697,0.2135952645738907,,
2022-11-20,16280.23,-0.0254979489178795,0.7261793331943769,4.183050021204959,4.47134988028238,4.791730756732444,80.26,0.8026000000000001,-3.66874988028238,-0.0311264271128395,0.0147498114161048,0.0528417045386879,0.0507332867996493,0.0370993772793682,0.2579741994734389,,
2022-11-21,15781.29,-0.0311264271128395,0.8764520249708528,4.215175026341196,4.510545025972427,4.734296174963853,80.81,0.8081,-3.7024450259724273,0.0278477628835421,0.0420212530707377,0.0730562196572623,0.079378750980838,0.0640212005424207,0.3620943256830558,,
2022-11-22,16226.94,0.0278477628835421,0.9739289086720012,3.749909053516939,4.527465951949852,4.762818950591041,79.71,0.7970999999999999,-3.730365951949852,0.0229172032029526,0.0123618508700928,0.0519809879439668,0.0588079081873122,0.0359808447574717,0.3393659603228418,,
2022-11-23,16603.11,0.0229172032029526,1.032925917298555,2.3994659379503225,4.542439241916881,4.768613295303303,75.27,0.7526999999999999,-3.789739241916881,-0.0002505868624879,-0.0237821887608249,0.0168474713876921,0.0681860706973636,0.0105082776974716,0.3131219736008956,,
2022-11-24,16598.95,-0.0002505868624879,1.0323727635924342,1.4463743889921494,4.483791386877988,4.767239282180417,72.21,0.7221,-3.7616913868779873,-0.0046381406950624,-0.0094681696181249,0.0300723009488411,0.070035967583594,0.0141871381167788,0.3225155529385287,,
2022-11-25,16522.14,-0.0046381406950624,1.0361293467878088,1.3257274832795656,4.437770187133735,4.749316797615806,64.89,0.6489,-3.7888701871337354,-0.0038549854582066,0.0380918931225831,0.0265306710122096,0.0492565578566238,0.0185870720502171,0.3147028584210037,,
2022-11-26,16458.57,-0.0038549854582066,1.0387435618325225,1.2954419905124883,4.416182237623565,4.747571712897872,65.49,0.6548999999999999,-3.761282237623565,-0.0018116393171025,0.0310349665865247,0.0375863267784166,0.0104894513402745,0.0276139873221075,0.337293963039857,,
2022-11-27,16428.78,-0.0018116393171025,0.9180866299632244,1.170563746267524,4.407603015333428,4.736127761711285,67.12,0.6712,-3.736403015333428,-0.0132268364279651,0.0396191370738736,0.0245227890862925,0.0209456149016087,0.0167548103660336,0.3368790182741453,,
2022-11-28,16212.91,-0.0132268364279651,0.7437120673700811,1.149467612082823,4.410261195946679,4.739632839916745,67.44,0.6744,-3.735861195946679,0.0140634322802119,0.0406296601485171,0.0605017274459508,0.0318862913822499,0.0204157123964712,0.3529055382411669,,
2022-11-29,16442.53,0.0140634322802119,0.5850133785298032,1.136124188724934,4.4152427979343445,4.744359341214532,64.8,0.648,-3.767242797934344,0.0429219220456457,0.0395404705669661,0.0408759750234788,-0.0002220099451325,0.0115456597567061,0.3366050714491189,,
2022-11-30,17163.64,0.0429219220456457,0.9071822679081832,1.3747420186471702,4.488948520018977,4.813444578227032,64.05,0.6405,-3.848448520018977,-0.0109119119942652,-0.0115612221103735,-0.0021084177390386,-0.0157423272593197,-0.0329399964960568,0.3244650746093254,,
2022-12-01,16977.37,-0.0109119119942652,0.9308153592464984,1.3900398397228289,4.493781838958081,4.811303911610255,60.05,0.6004999999999999,-3.893281838958081,0.0067725311702464,0.0065513601918919,0.0063225313235758,-0.0090350191148416,-0.025954498932857,0.2960255277802732,,
2022-12-02,17092.74,0.0067725311702464,0.9355782948102348,1.396019616264384,4.484805822689469,4.779732682978384,58.75,0.5875,-3.897305822689469,-0.0122163133533219,-0.0150963479875812,0.0068269202433454,-0.016000143186495,-0.0282425891810975,0.302266093050914,,
2022-12-03,16885.2,-0.0122163133533219,0.961433563164002,1.415394886110143,4.490561927998166,4.737203884958909,61.15,0.6114999999999999,-3.879061927998166,0.0129742426986612,0.0198720672974337,0.0513385993096715,-0.0063391936902203,-0.0126546510892745,0.3404146599607717,,
2022-12-04,17105.7,0.0129742426986612,0.9922687933382917,1.351843340905395,4.412588476957816,4.7406578483521,61.84,0.6184000000000001,-3.794188476957816,-0.008179770631694,0.0013355044565126,0.0399636666347526,-0.0158851628320624,-0.0254903549526098,0.3171179307685415,,
2022-12-05,16966.35,-0.008179770631694,0.9721947109050204,1.2240384777708486,4.413266344424875,4.739498198729203,56.01,0.5600999999999999,-3.853166344424876,0.0072006703080002,0.0094528043713347,0.0227258868444143,-0.0079435989619925,-0.0068599491117345,0.3228663711811392,,
2022-12-06,17088.96,0.0072006703080002,0.9444034798098772,1.1109179023383593,4.400992465106618,4.723154303403814,56.74,0.5674,-3.8335924651066176,-0.0148751770092267,-0.000228828868316,-0.027096875438142,-0.0099723394563091,-0.015159716056408,0.3111719879632682,,
2022-12-07,16836.64,-0.0148751770092267,0.5479283254209656,1.059813718068255,4.400643100308444,4.730417452636625,61.83,0.6183,-3.782343100308444,0.0227521019316931,0.0219232682309268,-0.0035771741846837,-0.0077679787202587,0.0067487172079722,0.3090155328326736,,
2022-12-08,17224.1,0.0227521019316931,0.6676152980658583,1.145481304614245,3.9453346616684817,4.75030163487617,55.71,0.5571,-3.388234661668481,-0.0055623201422599,0.0314665320122378,-0.0286154360637008,-0.0400860150494793,-0.0164211550753013,0.2788057577939443,,
2022-12-09,17128.56,-0.0055623201422599,0.6635220787847387,1.1469822556407958,2.6609922978638827,4.741737116507257,58.71,0.5871,-2.0738922978638827,-6.247071687181942e-05,0.03862816217824,-0.0410979849686113,-0.0293303152667727,-4.261978568730416e-05,0.3051474794921278,,
2022-12-10,17127.49,-6.247071687181942e-05,0.6211207528491135,1.144615868314815,1.8480856581221845,4.74119205545799,59.55,0.5954999999999999,-1.2525856581221844,-0.0024809629316508,0.0132730824730794,-0.0136339095202811,-0.0308315787570182,0.0029598558297224,0.2931994498983578,,
2022-12-11,17085.05,-0.0024809629316508,0.5714865036764887,1.1450738762706127,1.753673207514171,4.740466790733859,61.79,0.6179,-1.135773207514171,0.007276920090016,-0.0268680465698259,-0.0153575504384175,-0.0322770302564329,0.0206004496947387,0.2435387124774911,,
2022-12-12,17209.83,0.007276920090016,0.5670125387535903,1.1254624716157744,1.7349034924166975,4.737502265372235,61.15,0.6114999999999999,-1.1234034924166978,0.032295365713004,-0.0255004424156105,-0.0228270634298405,-0.035069509424443,0.0417338247592959,0.2283781067097719,,
2022-12-13,17774.7,0.032295365713004,0.826601283441316,1.2550568172253542,1.7554011802912373,4.773471429817199,60.66,0.6065999999999999,-1.1488011802912372,0.0015993100237424,-0.0600819680759386,-0.0576777929998918,-0.063993250398946,0.0585574895614254,0.2069990294535152,,
2022-12-14,17803.15,0.0015993100237424,0.776813620396134,0.95061288158302,1.7232430897903697,4.772360019933296,55.19,0.5519,-1.1713430897903696,-0.0254175504220324,-0.0797261471468513,-0.055848829466815,-0.0654540215873624,0.1128512280472366,0.2017792307992987,,
2022-12-15,17356.34,-0.0254175504220324,0.8064137345317157,1.0469065371144424,1.7614449504037497,4.793119065165298,57.74,0.5774,-1.1840449504037496,-0.042622091974556,-0.0269069919933605,-0.0306694858064068,-0.0295858359561488,0.1884156061536875,0.2267573621565596,,
2022-12-16,16632.12,-0.042622091974556,1.141089314053948,1.3199796860872255,1.9215785165280803,4.853586185937695,63.31,0.6331,-1.2884785165280803,0.0086445242442314,0.0115104961314085,0.0171245359818329,0.0119371593817339,0.2270488264720696,0.2887493161081558,,
2022-12-17,16776.52,0.0086445242442314,1.1529783367379078,1.3096373675971384,1.9283605198766351,4.851472624442166,62.29,0.6229,-1.3054605198766351,-0.0022861599473239,0.00267337898577,-0.0041908045355749,0.010325891392656,0.2333437759130887,0.3714852830575836,,
2022-12-18,16738.21,-0.0022861599473239,1.15283133537532,1.286707780231246,1.9288339663974308,4.84745415985464,66.48,0.6648000000000001,-1.2640339663974307,-0.0180448690471703,0.0024041750760468,-0.0114705789857786,0.0121942809883994,0.2332273143172376,0.3400600497222429,,
2022-12-19,16438.88,-0.0180448690471703,1.1952164449771456,1.3228928790524188,1.9594006009004432,4.85900343396268,63.62,0.6362,-1.3232006009004431,0.0274016047314584,0.0238773176800363,0.0117676697018385,0.0410553651829239,0.2293954409438604,0.4018757047444856,,
2022-12-20,16895.56,0.0274016047314584,1.1497435640770006,1.4160437651864135,1.9687577664470877,4.885588694809151,60.1,0.601,-1.3677577664470877,-0.0042046038497872,-0.0037624938130463,-0.0171976692367371,0.0165937653500035,0.2208748221940706,0.3769935152222136,,
2022-12-21,16824.67,-0.0042046038497872,1.1521412205084796,1.3895570491446971,1.878517496971886,4.88608682052971,59.12,0.5912,-1.287317496971886,-0.0001925929014068,0.0056140398504245,-0.0169194798180154,0.0359580001331561,0.2980731251406352,0.366467272952266,,
2022-12-22,16821.43,-0.0001925929014068,1.0448129010653022,1.319824651032811,1.8016061701682544,4.872754122511571,56.14,0.5614,-1.2402061701682547,-0.0025553638570472,-0.0068641835213449,-0.0122424459946024,0.0645608881891365,0.3033851155653701,0.389890151204265,,
2022-12-23,16778.5,-0.0025553638570472,0.656462345979452,1.3164450745613945,1.7482765388359025,4.867260535737783,53.67,0.5367000000000001,-1.211576538835902,0.0034282735568192,-0.0138747540618253,-0.0063154573990541,0.1162352825613171,0.3026136959034239,0.3766202506672479,,
2022-12-24,16836.12,0.0034282735568192,0.6387151412416674,1.3180728646923416,1.749496442769396,4.813015998758366,52.35,0.5235,-1.225996442769396,-0.0002382067616242,-0.0121096479781977,-0.0096051921205473,0.1687000575140516,0.3083284148217498,0.3620906603929079,,
2022-12-25,16832.11,-0.0002382067616242,0.6372362671595979,1.3172282065028602,1.74725685199315,4.76935118655043,53.68,0.5367999999999999,-1.21045685199315,0.0051719298136836,-0.0134351754236907,0.001083649850258,0.2190850919600942,0.2961157863707868,0.3522706826087634,,
2022-12-26,16919.39,0.0051719298136836,0.5449615392331558,1.3135925660520376,1.7484981003146307,4.749727482993709,53.22,0.5322,-1.2162981003146307,-0.0126708162731763,-0.0225335196684398,-0.005187376600099,0.2099242904902367,0.3096799757177495,0.3150577243335923,,
2022-12-27,16706.36,-0.0126708162731763,0.285524393003891,1.1846663843195366,1.7648366105191535,4.7478008174948805,54.05,0.5405,-1.2243366105191535,-0.0095659343975275,-0.0053782624732575,0.014516695928231,0.2375345804486637,0.3201242079081117,0.3265106482297669,,
2022-12-28,16547.31,-0.0095659343975275,0.3293501900533189,1.1982908410243844,1.756186748317444,4.747061797726971,57.19,0.5719,-1.1842867483174442,0.0051933796404468,0.0075592966627712,0.0236648599741781,0.2446978933030162,0.3324898258446956,0.3531081932089818,,
2022-12-29,16633.47,0.0051933796404468,0.3439512962783639,1.099971132550332,1.7383459476010632,4.745125456534541,54.59,0.5459,-1.1924459476010631,-0.0015637342071172,0.0025044558576503,0.0292876954810855,0.2176277712420218,0.3250594116924129,0.3452468382558954,,
2022-12-30,16607.48,-0.0015637342071172,0.3417771320539274,0.7401043302696272,1.5330697299966545,4.743517852017907,49.82,0.4982,-1.0348697299966545,-0.0039264144310654,0.0145188252739486,0.0337914345867405,0.2380724914308077,0.3574050711053823,0.3317773710650644,,
2022-12-31,16542.4,-0.0039264144310654,0.3437278688177636,0.725331565184754,1.5206805772599268,4.744106305112172,48.31,0.4831,-1.0375805772599267,0.0044844409220061,0.0173461430683409,0.0528774799511716,0.3149926049586505,0.3219800267131303,0.5423173319391292,,
2023-01-01,16616.75,0.0044844409220061,0.354215137442508,0.7290668170866875,1.5175862824598807,4.734612063510565,46.96,0.4696,-1.047986282459881,0.0033716247385011,0.0198949584014884,0.0768033341837389,0.3156275615599726,0.3305086822320114,0.5279127395893575,,
2023-01-02,16672.87,0.0033716247385011,0.3461997933375607,0.6456294418242868,1.5009148567898891,4.734753619410329,50.02,0.5002,-1.0007148567898891,0.0001385388353259,0.0161055633114069,0.1225507399603714,0.3089291533024779,0.3530693110500463,0.5112531731857926,,
2023-01-03,16675.18,0.0001385388353259,0.2475089974521739,0.3778688698742206,1.4803079434413249,4.654272088565126,48.95,0.4895,-0.9908079434413246,0.0104506352091812,0.0267832396234349,0.1783052496345991,0.3179336069422971,0.3426082857211513,0.5241753732392712,,
2023-01-04,16850.36,0.0104506352091812,0.2602390638097901,0.4197569749518801,1.4855146277929063,4.656573153749439,46.87,0.4686999999999999,-1.0168146277929064,-0.0010990966366733,0.0192726093127919,0.2180014421098363,0.2950321365205287,0.3297263202928738,0.5138859153204878,,
2023-01-05,16831.85,-0.0010990966366733,0.2414970188572284,0.4202657544084403,1.4792800650928009,4.642952098493606,45.45,0.4545,-1.0247800650928007,0.0070332562551536,0.0355313368828307,0.2151116670903358,0.3148673523178485,0.3263317040196763,0.5101387135268466,,
2023-01-06,16950.65,0.0070332562551536,0.2747428464185791,0.4385148112130201,1.457930375186543,4.635862452142415,43.61,0.4361,-1.0218303751865427,-0.0004177703515806,0.0569083757822505,0.2230178845204325,0.3056075119798805,0.3022668156247014,0.4985473636401986,,
2023-01-07,16943.57,-0.0004177703515806,0.2644243356967714,0.4336693176957307,1.3916463132393584,4.183580410810273,42.02,0.4202,-0.9714463132393584,0.0108162151473543,0.1064451766489646,0.2210330333288382,0.3088249658705175,0.2952269128692456,0.5001129599369344,,
2023-01-08,17127.83,0.0108162151473543,0.3244711677644949,0.4803643432894138,1.4028856383846953,3.0081502827613087,42.79,0.4279,-0.9749856383846952,0.0029400048985379,0.151522010011164,0.1883400757609364,0.2957717162113273,0.305190099277815,0.5029964024046022,,
2023-01-09,17178.26,0.0029400048985379,0.3229352825892539,0.4734358389982437,1.404009121926836,2.3209183988694373,44.06,0.4406,-0.963409121926836,0.0151596309333654,0.1987288327970443,0.2042810568440672,0.3236136365186416,0.2902395940686354,0.5453904219428478,,
2023-01-10,17440.66,0.0151596309333654,0.4337769599181593,0.4994228216407622,1.43278652788437,2.264563302988015,45.47,0.4547,-0.97808652788437,0.0284102951545734,0.179580330207505,0.2621151250074791,0.2691025467619587,0.2229382627827526,0.5490515697674234,,
2023-01-11,17943.26,0.0284102951545734,0.6655122616799557,0.7145844532166691,1.5258299579996704,2.3104214309794067,47.55,0.4755,-1.0503299579996703,0.0491190305151335,0.1661095087381821,0.2388242273762335,0.2537053480482726,0.186644281950476,0.5102448471647405,,
2023-01-12,18846.62,0.0491190305151335,1.1502580312659298,1.1753358450284332,1.6816936010123555,2.430951803605693,51.42,0.5142,-1.1674936010123556,0.0558930485095537,0.1145878566798736,0.1863784133421064,0.2305185710896748,0.1484415398920898,0.4772481241599008,,
2023-01-13,19930.01,0.0558930485095537,1.5637487629133768,1.5877007983783655,1.9918413018038716,2.633818239378337,61.12,0.6112,-1.3806413018038717,0.0501468276844181,0.0368180657497722,0.1396283573076981,0.1643030360865521,0.088928002752062,0.4244151970999568,,
2023-01-14,20954.92,0.0501468276844181,1.833879376784281,1.852844785162368,2.156267589726751,2.7842733759113667,73.62,0.7362000000000001,-1.420067589726751,-0.0039888716561739,0.0055522240470228,0.0770306944106924,0.1117248781830375,0.0383417560028722,0.368612189514656,,
2023-01-15,20871.5,-0.0039888716561739,1.823792637017922,1.852431138140158,1.9980547726673337,2.772126777360835,70.2,0.7020000000000001,-1.2960547726673337,0.0149394736852506,0.082534794799974,0.0997556852275128,0.1112200369293406,0.0617004896360863,0.3729165740782882,,
2023-01-16,21185.65,0.0149394736852506,1.8451363722865373,1.873183234250116,2.011569238629776,2.786572284442028,64.92,0.6492,-1.3623692386297757,-0.002402621543175,0.0727147186380515,0.0825896274594479,0.0792489311042687,0.138141507144495,0.3286996708210053,,
2023-01-17,21134.81,-0.002402621543175,1.8228420030610823,1.8737436908711875,2.01161877968651,2.7869356979872872,63.35,0.6335000000000001,-1.3781187796865098,-0.0218767424205475,0.071790556662233,0.0877919325416793,0.0741938795404075,0.1068327354050053,0.3628633821804523,,
2023-01-18,20677.47,-0.0218767424205475,1.7896455288140067,1.9093814939006652,2.025449537556894,2.818101585109816,63.34,0.6334000000000001,-1.3920495375568942,0.0188809859816687,0.1028102915579256,0.1074316404503909,0.1168500235168786,0.172480263800625,0.3312299858969336,,
2023-01-19,21071.59,0.0188809859816687,1.5659893586515972,1.9430430283197055,1.9895994008743216,2.799019992587617,56.9,0.569,-1.4205994008743217,0.0729936990967774,0.0714784703636697,0.1193325796745744,0.0859585372245683,0.1561186930281431,0.2929429658526911,,
2023-01-20,22667.21,0.0729936990967774,1.8046606087020844,2.387909149468232,2.428333233347094,3.0701189355800977,59.48,0.5948,-1.833533233347094,0.0051193975233281,0.0172208904275388,0.0069874217544796,-0.0391768622247265,0.0683941478116308,0.184605215984459,,
2023-01-21,22783.55,0.0051193975233281,1.5324812682805424,2.389897990757229,2.430299314468129,3.025250328533589,65.79,0.6579,-1.7723993144681294,-0.0033267835189935,0.0098749088213965,0.0148811206720388,-0.0521799454257575,0.0865050356388951,0.1996031678586629,,
2023-01-22,22707.88,-0.0033267835189935,1.5319043444437448,2.381795646852686,2.430640035755086,2.994074454595197,61.99,0.6199,-1.810740035755086,0.0091429924751451,0.0160013758794463,0.0441401577475684,-0.0379368734500166,0.0740065547638241,0.1947631341892412,,
2023-01-23,22916.45,0.0091429924751451,1.5151829164096444,2.387531675709112,2.4360281279841267,2.9991616901381994,64.38,0.6437999999999999,-1.7922281279841268,-0.0124508352125872,0.0046213488924653,0.024674678778854,-0.050700354555636,0.0537622455711579,0.1827283869654226,,
2023-01-24,22632.89,-0.0124508352125872,1.533054395092278,2.381807873535456,2.4476102289612407,3.007274902590834,61.33,0.6133,-1.8343102289612407,0.0187361191606464,0.0478541093109046,0.0346941837723451,-0.0386889384078202,0.0561548962379766,0.2234855613780818,,
2023-01-25,23060.94,0.0187361191606464,1.5177944981581633,2.3465999355329314,2.471672083546937,3.027607718214024,61.49,0.6149,-1.8567720835469368,-0.0022265840828143,-0.0102334686730592,0.0114643517018278,-0.0380551955914266,0.0053777486158428,0.2087871033377016,,
2023-01-26,23009.65,-0.0022265840828143,1.4749204199135673,2.151211964565104,2.460156873460966,3.027708721767332,57.0,0.57,-1.890156873460966,0.0027996835390564,0.0050062118506424,-0.0033406963551792,0.055551879685047,0.0063864403216551,0.2475530930708809,,
2023-01-27,23074.16,0.0027996835390564,0.4832204040705716,1.8682349615375216,2.4539422779274824,3.01761902803613,55.0,0.55,-1.9039422779274824,-0.0022370345118359,0.028138781868122,-0.0135980530012719,0.0190408028633259,0.020618367364286,0.2392733770304643,,
2023-01-28,23022.6,-0.0022370345118359,0.4751447491428862,1.604450488568842,2.4523080549414566,3.005937695607111,54.49,0.5449,-1.9074080549414565,0.0307819252058522,0.0200533298863888,0.0094183830664878,0.0650486233502341,0.0201874265634825,0.2387346319657408,,
2023-01-29,23742.3,0.0307819252058522,0.7533725671132141,1.7071324334697566,2.521660088175889,2.951113755403415,58.92,0.5892000000000001,-1.932460088175889,-0.0393514588233174,-0.0131599255385596,-0.0333740424500061,0.0367861133535686,-0.0256277000403177,0.2080471243862242,,
2023-01-30,22826.15,-0.0393514588233174,1.0498925754207111,1.843381048536403,2.630277288129786,3.038227777917081,56.4,0.564,-2.0662772881297857,0.0130130964408873,0.0216978203748869,-0.0461642839792061,0.0614067260571511,0.2203373052259988,0.2067325920016164,,
2023-01-31,23125.13,0.0130130964408873,1.0523783845019608,1.8595042464266407,2.640611242399994,3.0456355425755786,58.82,0.5882000000000001,-2.052411242399994,0.0259322535565358,-0.0083469082058216,-0.0670610660977965,0.0716239149668559,0.1974040573573458,0.2149264917259248,,
2023-02-01,23732.66,0.0259322535565358,1.106718447947904,1.878437079507165,2.6859140557185563,3.076829491869694,58.04,0.5804,-2.1055140557185563,-0.0103224864935691,-0.0417368348693938,-0.082077031197585,0.0298663970162557,0.1581838621357461,0.2013453337714511,,
2023-02-02,23488.94,-0.0103224864935691,1.123346910595932,1.8539952876486605,2.693143037375267,3.0731630329643043,57.71,0.5771000000000001,-2.1160430373752668,-0.0024313302190962,-0.010634946819901,-0.0753750333344901,0.029087566792304,0.1815670875181199,0.2051698380367554,,
2023-02-03,23431.9,-0.0024313302190962,1.1230338272628102,1.2225820774437528,2.6861335242768334,3.069538567868235,54.25,0.5425,-2.1436335242768334,-0.0044937129098707,-0.0202141169114465,-0.0733831221801653,0.0214607124656315,0.1841595950276138,0.2304820729091941,,
2023-02-04,23326.84,-0.0044937129098707,1.1254994493421184,1.2216838965573165,2.6874231145622063,3.067655865260018,54.16,0.5416,-2.1458231145622064,-0.0170316321398212,-0.0678621043540931,-0.0495195472932543,-0.0060866030859849,0.1838070095071703,0.2124429703882486,,
2023-02-05,22932.91,-0.0170316321398212,1.0133013396653303,1.2626756629658733,2.7037132935295856,3.0717464987365366,55.23,0.5523,-2.1514132935295853,-0.0074576731070363,-0.0587141578919748,0.0588925760402262,0.0097271366768343,0.1962805480154972,0.2148754462694199,,
2023-02-06,22762.52,-0.0074576731070363,0.6941639939121986,1.2586254686632037,2.707453052886944,3.0441717255666663,54.56,0.5456,-2.161853052886944,0.0207794015559237,-0.0403401963281911,0.0326388558645979,0.034216420365558,0.2048860470676888,0.1951897394800894,,
2023-02-07,23240.46,0.0207794015559237,0.7600363745964035,1.2981354146916266,2.72858965135625,3.0681084726382246,53.31,0.5331,-2.1954896513562505,-0.0120105003106417,-0.0647400865145891,0.0556302402837462,0.0107690434969947,0.1978063031267869,0.172944798625967,,
2023-02-08,22963.0,-0.0120105003106417,0.6203639786242648,1.268730542314933,2.7376447147027734,3.076676810845396,52.99,0.5299,-2.2077447147027733,-0.0521417003525174,-0.0531690052687189,0.0701601558035747,0.0077463424096884,0.2551508278742123,0.1838862569056822,,
2023-02-09,21796.35,-0.0521417003525174,1.1568516022735085,1.6125178793514845,2.898820897966933,3.2335800334886984,51.95,0.5195000000000001,-2.3793208979669336,-0.0078836856777029,0.0183425570608387,0.1075710100363572,0.2665015892052049,0.3261133069846709,0.2129314432938928,,
2023-02-10,21625.19,-0.0078836856777029,1.1656902004014302,1.6186533354886343,2.8515329882555167,3.2340991703778528,48.69,0.4869,-2.364632988255517,0.0109162884567473,0.1176067339322011,0.1386849810646526,0.2644651234551423,0.3236005652142645,0.214356837244187,,
2023-02-11,21862.55,0.0109162884567473,1.181083564387104,1.6314739950531725,2.700760604766147,3.1815406978290737,47.13,0.4713,-2.229460604766147,-0.0036204886304742,0.0729790521927891,0.1119434282138408,0.2402608933333313,0.328806584267811,0.2027039464322128,,
2023-02-12,21783.54,-0.0036204886304742,1.137481807914318,1.523366163567899,2.4816567537497023,3.182145819255185,47.5,0.475,-2.006656753749702,-0.0004394190647714,0.1203703267983354,0.104462600126794,0.25694212085261,0.3354871943478947,0.2116264520313256,,
2023-02-13,21773.97,-0.0004394190647714,1.1285544633203335,1.324952386738626,2.2892845261505568,3.144886891476129,50.65,0.5065,-1.7827845261505568,0.01936986197704,0.1233291610722935,0.0948438346457969,0.2575427172077791,0.3302704335117838,0.2211088722602064,,
2023-02-14,22199.84,0.01936986197704,1.1193654923373308,1.3530093850913376,2.3177491253548634,3.060095404176469,49.17,0.4917,-1.8260491253548636,0.0913804911936594,0.0892284529755187,0.0434329442072694,0.2333265568004246,0.3112160844422019,0.1970043329260332,,
2023-02-15,24324.05,0.0913804911936594,2.061121285807976,2.152457298248969,2.887627279691067,3.519204755085672,52.67,0.5267000000000001,-2.360927279691067,-0.0337113932826645,0.0210782471324514,-0.0491654393633917,0.1373879719752708,0.1905581636765103,0.1192821641235583,,
2023-02-16,23517.72,-0.0337113932826645,1.9159023628891407,2.238076739928052,2.9582243820390426,3.5773875397107484,58.8,0.588,-2.3702243820390425,0.0437707859750721,0.0389643760210516,0.0015775645009601,0.1722471912030908,0.2560306467754469,0.1314414227365808,,
2023-02-17,24569.97,0.0437707859750721,2.0850163126347763,2.3887500219288422,3.045603764158855,3.65761508601548,60.77,0.6077,-2.4379037641588552,0.0025194152091865,-0.0159077266715414,-0.0448611967867514,0.1421760628430406,0.1587497220963084,0.0898672226960955,,
2023-02-18,24631.95,0.0025194152091865,2.0751179460953244,2.3876919559005563,3.024549497537384,3.620276983742142,58.37,0.5837,-2.440849497537384,-0.0147308461197347,-0.0284853264264965,-0.0624138133938862,0.1849906720706376,0.136824272824548,0.0955790110221007,,
2023-02-19,24271.76,-0.0147308461197347,2.0929725989288643,2.3820997382987703,2.69858381946857,3.6303108576092384,59.94,0.5993999999999999,-2.0991838194685704,0.0232302853505922,-0.0457955087682491,0.1589305791688477,0.2185422969483134,0.116211068172828,0.0971379446233217,,
2023-02-20,24842.2,0.0232302853505922,2.13949402191658,2.4188984779227574,2.7330860714325165,3.657337041039926,60.75,0.6075,-2.1255860714325165,-0.0158252643940644,-0.0702436864958432,0.1257801423904898,0.1849155841496119,0.1130981322197677,0.077694812532169,,
2023-02-21,24452.16,-0.0158252643940644,2.1288259641091223,2.4051775591213067,2.7490234762589334,3.66948784661269,60.82,0.6082,-2.1408234762589333,-0.0111013167175208,-0.0373868115200914,0.1283174651194905,0.2168631560539701,0.1207565794254171,0.1072191138433562,,
2023-02-22,24182.21,-0.0111013167175208,1.2365227184002892,2.403582615166528,2.7516541333089872,3.675028368555307,56.83,0.5683,-2.1833541333089874,-0.0100581845457686,-0.0289534701152101,0.152479520725816,0.2310245942211008,0.1289661413942647,0.0850541342455877,,
2023-02-23,23940.2,-0.0100581845457686,1.0728966550716357,2.1958572577897906,2.7480798657685384,3.680046029815133,54.93,0.5493,-2.1987798657685382,-0.0320410284614873,-0.0339284869673897,0.1626988825619822,0.2354265988659868,0.1673306651401052,0.1005961326353602,,
2023-02-24,23185.29,-0.0320410284614873,0.9091366505986952,2.27460380581211,2.792585110445376,3.729302144861216,50.49,0.5049,-2.287685110445376,-0.0012178923770018,0.2047260879370968,0.1898936125931551,0.2677831402349325,0.2034093547218587,0.1413672378234442,,
2023-02-25,23157.07,-0.0012178923770018,0.9081596884306672,2.2651420507105877,2.79235804252716,3.721509811851011,50.29,0.5029,-2.28945804252716,0.0170316105816872,0.196023828886333,0.1865534113386627,0.2397236030399021,0.2411666527492258,0.1481247064927138,,
2023-02-26,23554.85,0.0170316105816872,0.9227282724212792,2.287348194873837,2.8107436981185256,3.731234760761232,51.34,0.5134000000000001,-2.2973436981185253,-0.0026679753126395,0.165704276639582,0.1706696267021306,0.2544530822744869,0.218655009666178,0.1751915043371532,,
2023-02-27,23492.09,-0.0026679753126395,0.8105891196698624,2.28790065141473,2.810880940585625,3.730263591018506,50.44,0.5044,-2.306480940585625,-0.0150332013979481,0.181432990841026,0.1870372596297922,0.20361091888306,0.2185472054022581,0.1660818612245829,,
2023-02-28,23141.57,-0.0150332013979481,0.805067355001636,2.2759686798272214,2.763637692287708,3.741184691315381,50.37,0.5036999999999999,-2.259937692287708,0.2066135464429991,0.196627369529372,0.2474044854645239,0.1992380862184344,0.233674824426542,0.1795996593435756,,
2023-04-01,28452.73,0.2066135464429991,4.023020462353432,4.208762534716643,4.759623902153122,5.438049126515749,58.17,0.5817,-4.177923902153123,-0.0099201514277657,-0.0148324753439416,0.0596117177794657,-0.0427195109960195,-0.0136047132243826,-0.0446466981589477,,
2023-04-02,28171.87,-0.0099201514277657,4.022895361581244,4.163507454382158,4.756903380846342,5.440676199535917,60.28,0.6028,-4.154103380846342,-0.0132879416650637,-0.0094704175476703,0.0591354417591221,-0.0126820101707219,0.017522434368579,-0.0492532686947991,,
2023-04-03,27800.0,-0.0132879416650637,3.9841455645662287,4.086556659232143,4.737839355202511,5.446214838804309,61.83,0.6183,-4.119539355202512,0.0130607388888046,0.0049653500625486,0.0885456909344798,-0.0075608856940733,0.0431614716357048,-0.0202544631715861,,
2023-04-04,28165.47,0.0130607388888046,3.99188392212221,4.093884618230988,4.74030509606908,5.45192734944087,59.65,0.5965,-4.14380509606908,0.0001611772903976,0.005604268788766,0.0785450734952847,-0.0235133793315512,0.0236027505186355,-0.0396994705597678,,
2023-04-05,28170.01,0.0001611772903976,3.978601397183932,4.0842008450123375,4.740078505363639,5.448271060368992,58.02,0.5802,-4.159878505363638,-0.0048462984303144,0.050777115935152,0.0727277163040046,0.0046317825781228,0.0463224778815804,-0.0381631118220541,,
2023-04-06,28033.82,-0.0048462984303144,3.979352156581448,4.061071078793941,4.740205294896787,5.449017272357536,57.06,0.5706,-4.169605294896788,-0.0045580936314943,0.0744441931234075,0.0778895276417773,0.0135157421287035,0.0286359608810783,-0.085823971847297,,
2023-04-07,27906.33,-0.0045580936314943,3.969929211942881,4.050737142043007,4.729825751241075,5.448056278225455,54.5,0.545,-4.184825751241075,0.0011478259451552,0.0686058593067923,0.0531701917012393,0.054613241410563,0.0185948982539227,-0.0245313001965323,,
2023-04-08,27938.38,0.0011478259451552,0.4234103476812795,4.045240408558928,4.727730149027836,5.448094565590212,55.26,0.5526,-4.175130149027836,0.0136996576150219,0.0835803408719311,0.0837834555723561,0.0479853829640475,-0.0096963075875993,-0.0589377317055438,,
2023-04-09,28323.76,0.0136996576150219,0.4602828649716679,4.0491415640871855,4.718297871031909,5.450462024936296,58.56,0.5856,-4.132697871031908,0.0453340244367836,0.0729408047065186,0.0165736592532677,0.0315099457724659,-0.0248615045008199,-0.0666087495878719,,
2023-04-10,29637.34,0.0453340244367836,0.9473916369352776,4.095237086346486,4.791640763190217,5.5185613874819,62.16,0.6215999999999999,-4.170040763190217,0.0188207787579409,0.0219506003688525,-0.0481663992460896,-0.0137296610379819,-0.0712645709685303,-0.1127280290897889,,
2023-04-11,30200.42,0.0188207787579409,0.982129869407683,4.110926456175123,4.7007197166517445,5.522674031029559,60.18,0.6018,-4.098919716651745,-0.0103964274481094,0.0034453345183698,-0.1023312287754854,-0.0732164310038485,-0.1131818636907779,-0.1558853271254308,,
2023-04-12,29888.07,-0.0103964274481094,1.0020084232250386,4.102839255672572,4.702502681967591,5.4995246937368885,55.87,0.5587,-4.143802681967591,0.0161223075102938,-0.0154356676055529,-0.0718174519298439,-0.041613007390543,-0.1092437279700773,-0.1422304351868276,,
2023-04-13,30373.84,0.0161223075102938,1.044184983574234,4.114069258776686,4.707962418246785,5.427616233290718,55.47,0.5547,-4.1532624182467845,0.0030601214496096,0.0002031147004251,-0.096106576628553,-0.0453842192987747,-0.1261026378355982,-0.1591383768998058,,
2023-04-14,30466.93,0.0030601214496096,1.0421885365971115,4.104448183818606,4.707817298874459,5.321857191151704,53.46,0.5346,-4.173217298874459,-0.0056561799008825,-0.0563671454532508,-0.1020584528268359,-0.0549423229766491,-0.1238607423165691,-0.1610773441454346,,
2023-04-15,30295.09,-0.0056561799008825,1.047546310264736,1.129880345290086,4.709049846571577,5.236026556384924,53.81,0.5381,-4.170949846571577,0.0003155129074583,-0.0701169996149421,-0.0680959337258818,-0.0264052384224242,-0.1091615612515774,-0.1869790134825809,,
2023-04-16,30304.65,0.0003155129074583,1.0143402690728252,1.113888009294138,4.69449058746648,5.235475420999952,56.4,0.564,-4.13049058746648,-0.0292774295720322,-0.1057765632938552,-0.0643737855130737,-0.0492535667606989,-0.1142117515161687,-0.1687678007163863,,
2023-04-17,29430.27,-0.0292774295720322,0.7691645024778709,1.220313462028071,4.393542338538168,5.257528467535242,55.6,0.556,-3.837542338538168,0.0317610898162718,-0.056381784324291,0.0014430497093235,-0.0345752934473166,-0.0712759995529521,-0.1107452328539751,,
2023-04-18,30380.01,0.0317610898162718,0.9113303452714794,1.3398141955492882,4.388235065331721,5.292230010411224,55.63,0.5563,-3.831935065331721,-0.0535101387040663,-0.0963096913289781,-0.0357980726083086,-0.0934797631599555,-0.124589224038866,-0.1359991667012134,,
2023-04-19,28797.1,-0.0535101387040663,1.3550605045439557,1.685292215370631,4.427462864997762,5.3738375216592456,55.71,0.5571,-3.8703628649977615,-0.0194060340625738,-0.045691307373585,0.0149362865191981,-0.0414351637540878,-0.0688824994002129,-0.0891871302651074,,
2023-04-20,28243.65,-0.0194060340625738,1.370682978247375,1.7231059476361337,4.442698219356603,5.374520176846299,56.11,0.5611,-3.881598219356603,-0.0353440507714546,0.0020210658890605,0.0344367382081077,-0.0230981717224406,-0.0412452618024473,-0.050813283058525,,
2023-04-21,27262.84,-0.0353440507714546,1.526863629850062,1.8486399027320968,4.484899325946287,5.2341834697086265,54.82,0.5482,-3.9366993259462872,0.0201173493975318,0.0414027777807813,0.0291147977716368,-0.0108506349152926,-0.0190731235495063,0.0376194941630448,,
2023-04-22,27816.85,0.0201173493975318,1.5707812248347972,1.8880431479292965,4.479405032364511,5.2473639970780495,54.53,0.5453,-3.934105032364511,-0.0081668171884152,0.0578248340336146,0.0302044445393009,-0.0374262760402334,-0.0354033196875987,0.0753517420616835,,
2023-04-23,27590.6,-0.0081668171884152,1.578499822844588,1.8763123066758176,4.471912743006804,5.249298396365879,54.22,0.5422,-3.929712743006804,-0.0028917547486732,0.0605116187206695,0.0507223573297783,-0.0299960612070451,-0.0135374655820608,0.0798788703418914,,
2023-04-24,27510.93,-0.0028917547486732,1.4771078610858186,1.6653713295098942,4.467222121261592,5.246682184966548,52.72,0.5272,-3.9400221212615913,0.0283063392000716,0.0606275938927832,0.0471161298501867,-0.0218022894897332,-0.043912007148677,0.109304611328009,,
2023-04-25,28300.79,0.0283063392000716,1.4512420776278794,1.713658824296808,4.495731678383472,5.269112474854101,52.38,0.5238,-3.971931678383472,0.0040376611202662,0.0324156723190472,0.0416906953034575,-0.0410656275256956,-0.0667345325047449,0.0757359042539993,,
2023-04-26,28415.29,0.0040376611202662,1.0329263291461688,1.703856147806586,4.454529691551708,5.257505717733169,55.47,0.5547,-3.899829691551708,0.0365394056503652,-0.0122879800091445,0.0151202187523748,-0.0498379660030949,-0.0620421168984146,0.0695742907228065,,
2023-04-27,29472.77,0.0365394056503652,1.1902948013359964,1.815371460870913,4.508837451347226,5.303477972079969,55.07,0.5507,-3.958137451347226,-0.0054800325013604,-0.0276203894943138,-0.0360183431566402,-0.0727190492622757,-0.093041946256512,0.0266239322257512,,
2023-04-28,29311.7,-0.0054800325013604,0.9858013174595538,1.817447875913887,4.498299538342561,5.304241592646955,50.73,0.5073,-3.990999538342561,-0.0027757795765594,-0.0097892613908912,-0.0576816905516468,-0.0887911514305573,-0.0434635053290248,0.0460296164727902,,
2023-04-29,29230.45,-0.0027757795765594,0.9093394402001188,1.815007403234756,4.498323347709545,5.304334510821913,50.68,0.5068,-3.9915233477095446,9.441762633578725e-05,-0.0135114640425965,-0.0563714502732859,-0.0838187859194111,-0.0524653441776751,0.0285634175044684,,
2023-04-30,29233.21,9.441762633578725e-05,0.8958555138936536,1.814998289942461,4.48914549070878,5.271633573284879,53.3,0.5329999999999999,-3.95614549070878,-0.0406659912079254,0.0092750229844102,-0.0575349099305482,-0.075682000010555,-0.0540751650829664,0.0406922569370844,,
2023-05-01,28068.26,-0.0406659912079254,1.1845310122970265,1.893399417020862,2.2747513181154364,5.275273760594348,53.19,0.5318999999999999,-1.7428513181154366,0.0212069961651957,0.0274081987615191,-0.0399654326869295,-0.0481879213211432,-0.0310419849345651,0.0821688286112645,,
2023-05-02,28669.86,0.0212069961651957,1.1290756322804174,1.838726556964659,2.3027652978969035,5.284965259290317,53.21,0.5321,-1.7706652978969035,0.0123510956020622,-0.0083979536623265,-0.0676307205795343,-0.0656077642268997,-0.066775703063378,0.0646927217206608,,
2023-05-03,29026.16,0.0123510956020622,1.1508874339288668,1.5464406509849484,2.3008608777669224,5.266980400053158,52.92,0.5292,-1.7716608777669225,-0.0064979822282647,-0.0478924291607556,-0.0807184185368234,-0.0642598229118391,-0.0634159348072909,0.0533588977650558,,
2023-05-04,28838.16,-0.0064979822282647,0.923380627047504,1.5064639048095845,2.29065704490659,5.264750905902261,51.9,0.519,-1.7716570449065898,0.0228809046533425,-0.0428599862306895,-0.06891841933992,-0.0910281369988639,-0.0633022210784034,0.0773137522423492,,
2023-05-05,29505.61,0.0228809046533425,1.0162485535382164,1.4158267408385494,2.3319928776794066,5.282663629132359,51.67,0.5167,-1.8152928776794064,-0.0225328154308164,-0.0668099329149585,-0.0827563228291531,-0.1084252278082023,-0.0844855897036345,0.0418463459793504,,
2023-05-06,28848.2,-0.0225328154308164,1.1023926031576952,1.429044320166546,2.3695862098594733,5.2994796955667,50.53,0.5053,-1.8642862098594728,-0.0145991562586498,-0.0673736314484488,-0.0649581847554697,-0.0771623356507893,-0.1144599327283753,0.055836776770728,,
2023-05-07,28430.1,-0.0145991562586498,1.1371282272902004,1.4476248502543108,2.3843552365815173,5.296829384765655,51.68,0.5168,-1.8675552365815171,-0.027143379896367,-0.0592327669172077,-0.0367007061056355,-0.0570236030998717,-0.0431261984504551,0.050257182837716,,
2023-05-08,27668.79,-0.027143379896367,0.9789638858076878,1.53671207739417,2.439997443945386,5.320246224422962,51.34,0.5134000000000001,-1.9265974439453863,-0.0014655392981985,-0.0328259893760678,-0.0311094608789104,0.0142181852226219,-0.0492414241179444,0.0923168097599437,,
2023-05-09,27628.27,-0.0014655392981985,0.8916279202567202,1.4386841667269257,2.426080800301798,5.305487993519281,51.98,0.5197999999999999,-1.906280800301798,-0.0010690420309266,-0.0260584331092305,-0.0274473356461252,0.0039061060956108,-0.0417472450870519,0.0918007992156618,,
2023-05-10,27598.75,-0.0010690420309266,0.8600795884150059,1.436759821258758,2.266306855549705,5.300562985851381,50.86,0.5085999999999999,-1.7577068555497055,-0.0230965139643067,-0.0159463899141945,-0.0181470900800067,0.0034597448475818,-0.0414634581212586,0.0887696021343105,,
2023-05-11,26968.62,-0.0230965139643067,0.9586626573851168,1.3310393957623252,2.28069390924388,5.224780431958895,51.21,0.5121,-1.76859390924388,-0.0064582917274088,0.0024154466929792,-0.0082224886342136,0.0089234477523642,-0.0427034634346528,0.1201491602325262,,
2023-05-12,26795.01,-0.0064582917274088,0.862071634887291,1.3326397210971028,2.2753763216247984,5.224066316474475,50.09,0.5009,-1.7744763216247983,-0.000736602355227,0.0225320608115722,0.0020229563526346,0.0008550175161561,-0.0329867072167502,0.1335062943528918,,
2023-05-13,26775.28,-0.000736602355227,0.7470240357450182,1.33165850032115,2.254475867250531,5.2199206476381566,48.35,0.4835,-1.7709758672505311,0.0053020169686387,0.0017165284971572,0.0164585956249843,0.0173024837295324,-0.0330357390642076,0.1263054233721539,,
2023-05-14,26917.62,0.0053020169686387,0.7003650172965404,1.3355043102711937,2.2559929312504625,5.22044517502422,48.02,0.4802,-1.7757929312504626,0.0090430011641092,-0.0013889025368946,-0.0221097176589438,0.0056161982615166,-0.0372166018288654,0.1557523825432182,,
2023-05-15,27162.14,0.0090430011641092,0.5014387586436344,1.099914141370024,2.2600166112178965,5.223296424718456,52.28,0.5228,-1.7372166112178964,-0.0047346773571329,-0.0022007001658121,-0.0256689049790492,-0.0017292668744813,-0.0778174522310034,0.1097199116903733,,
2023-05-16,27033.84,-0.0047346773571329,0.5087623675334556,1.026566848675512,2.2618180772883854,5.210956043813832,50.57,0.5057,-1.756118077288385,0.0136583223911844,-0.0106379353271927,-0.0122041508953196,-0.0495017479729056,-0.0545560492002176,0.113712363528366,,
2023-05-17,27405.61,0.0136583223911844,0.5714128737616843,1.0325936135327938,2.2070444952334216,4.916732622836794,49.72,0.4972,-1.7098444952334215,-0.021552134669642,-0.0205091044589377,-0.0203228969942362,-0.0064254923448197,-0.0394692333010231,0.0981528983095236,,
2023-05-18,26821.28,-0.021552134669642,0.5489483569549612,1.1047073772127376,2.1615702644265467,4.8917269953115685,46.28,0.4628,-1.6987702644265466,0.0021965859345866,0.0147420671278268,0.0453276461015325,-0.0181319632390339,-0.0114099426623473,0.1165912317033324,,
2023-05-19,26880.26,0.0021965859345866,0.5365458421007699,1.0154058027965327,1.9050012794514088,4.819902208099837,46.52,0.4652,-1.4398012794514086,0.0082312035351917,-0.0207208151220492,0.0313534417417359,-0.0142999094409268,-0.0203046308648944,0.105098467491517,,
2023-05-20,27102.43,0.0082312035351917,0.5589392968986476,0.9329834122846604,1.8751807237638445,4.82222668640223,46.34,0.4634,-1.4117807237638444,-0.0131719125185136,-0.0234682048132371,0.0216068349275886,-0.0233163680412519,-0.0095680212560776,0.0985430679595833,,
2023-05-21,26747.78,-0.0131719125185136,0.604549186965233,0.9251977501664752,1.7673910945666418,4.82058017722213,47.02,0.4702,-1.2971910945666418,0.0037871532594394,-0.0015662155681268,0.0171459363865781,-0.0344809748004391,0.0566926177125511,0.1080569142674637,,
2023-05-22,26849.27,0.0037871532594394,0.5838377773589262,0.7696150849232882,1.7266117041647586,4.800651770429848,47.58,0.4758,-1.2508117041647586,0.0136990369171227,0.0001862074647015,-0.0011679388364783,-0.0350096635693849,0.1107550617492821,0.1076773713224142,,
2023-05-23,27219.61,0.0136990369171227,0.6333889025601175,0.8124165486402631,1.7393506908942893,4.7982647287306985,50.08,0.5008,-1.2385506908942894,-0.0332662963152895,0.0305855789737054,0.0008438881045481,-0.0494943346891919,0.0934163359239525,0.090369361536944,,
2023-05-24,26329.01,-0.0332662963152895,0.858496824329902,1.031275651649506,1.8510036650539492,4.835523554769646,51.3,0.513,-1.3380036650539493,0.005483813844004,0.0520742568637853,0.0277259159204604,-0.0151068841699216,0.1532166184766861,0.1333137857593093,,
2023-05-25,26473.79,0.005483813844004,0.7605607535736001,0.9379749242277184,1.7733400971195028,4.83283958186825,47.77,0.4777,-1.2956400971195028,0.0087300767265965,0.0450750397408257,0.023939638104568,-0.0521485472519542,0.1424704367587442,0.0972084037835478,,
2023-05-26,26705.92,0.0087300767265965,0.7775022418515523,0.9446645842624852,1.779495099558387,4.796815358367265,45.24,0.4524,-1.3270950995583868,0.0055395762922677,0.0187121519547048,-0.0372975970775859,-0.042351898304898,0.1316164076212211,0.0902730242970681,,
2023-05-27,26854.27,0.0055395762922677,0.768752702007041,0.9504703332880416,1.6402688040474105,4.797926313752898,43.09,0.4309,-1.2093688040474104,0.0440984084261267,-0.0013541463011798,0.0138974046494165,-0.0191463363067868,0.1196658784822631,0.0889344843148694,,
2023-05-28,28065.0,0.0440984084261267,1.112410847326965,1.2660717249472957,1.8410119328508372,4.86045508914053,49.94,0.4993999999999999,-1.3416119328508374,-0.0117776184252097,-0.0297416908691573,-0.0634596093405663,-0.0567375887638797,0.0894931218018149,0.0404252937176909,,
2023-05-29,27736.4,-0.0117776184252097,1.1326309451122465,1.2742524899317529,1.8539532403167904,4.865393669358106,47.12,0.4711999999999999,-1.3827532403167906,-0.0015154032789555,-0.0243483409433248,-0.0456533511826628,-0.0516580726066304,0.0810287616821435,0.0553243634997601,,
2023-05-30,27694.4,-0.0015154032789555,1.1023583094755942,1.271367509556619,1.8541784074383647,4.856995450210104,44.68,0.4468,-1.4073784074383648,-0.0176328110595242,-0.0211354016362578,-0.0449232029688406,-0.0311748561836663,0.0947674220200507,0.0581611221987102,,
2023-05-31,27210.35,-0.0176328110595242,0.9616403850521444,1.2890962056990791,1.7169312971441149,2.849973094325784,43.93,0.4393,-1.2776312971441148,-0.0145267219636169,-0.0560097490322909,-0.0516269111870172,0.039546681325973,0.1132108135458297,0.0733444995456946,,
2023-06-01,26817.93,-0.0145267219636169,0.995389488878908,1.2526982455671662,1.691367361401123,2.8571754528574567,42.13,0.4213,-1.270067361401123,0.0157108638581493,0.0152515509505964,-0.0338417247329065,0.1119230005857606,0.1314684247840389,0.0862018582037076,,
2023-06-02,27242.59,0.0157108638581493,1.0261946408232374,1.2874723985152157,1.701510024840076,2.8616598581015267,41.4,0.414,-1.287510024840076,-0.0063842684993772,-0.033717918471409,-0.05033822279374,0.0925724478194043,0.1167748325723466,0.0865671514499488,,
2023-06-03,27069.22,-0.0063842684993772,1.027984296138296,1.2836403039598256,1.701352897029722,2.8533684265463544,39.75,0.3975,-1.303852897029722,0.0016975360281114,-0.0213050102393379,-0.0428328000903821,0.1254907025562257,0.1406159733207526,0.0752921958498951,,
2023-06-04,27115.21,0.0016975360281114,0.589914480367218,1.2591493110023213,1.644555535236674,2.8535510666580093,41.69,0.4169,-1.227655535236674,-0.0525071584555573,-0.0237878013325827,-0.076088185356522,0.1185307986541762,0.126331935682985,0.0738560522776634,,
2023-06-05,25728.2,-0.0525071584555573,1.1417857604226986,1.608268503866783,1.8776442390635049,3.0233237826016177,40.11,0.4011,-1.4765442390635046,0.0567345780192702,0.0043828378452737,-0.005054301227312,0.1689140046988072,0.1702967094991033,0.1236311480668631,,
2023-06-06,27230.08,0.0567345780192702,1.5740721154754376,1.9216911477100609,2.150027903546332,3.2105715815476747,43.65,0.4365,-1.713527903546332,-0.0332586055638562,-0.0490932756835029,-0.0330437409562033,0.1057684738328467,0.0933833812881712,0.0654577386829419,,
2023-06-07,26339.34,-0.0332586055638562,1.6637180931146778,1.9216425587294783,2.181155813497611,3.2727707235940686,45.63,0.4563,-1.7248558134976109,0.0060286397326937,-0.016620304322331,0.0067220205766866,0.1529527311423814,0.1415582338778883,0.0992765177811259,,
2023-06-08,26498.61,0.0060286397326937,1.644444973890537,1.9222381503665105,2.184015218624981,3.2643208366792837,41.35,0.4135,-1.7705152186249808,-0.0007852550651334,-0.021527789851044,-0.0060047214239676,0.1266821128648063,0.1335480443027139,0.0974551258970748,,
2023-06-09,26477.81,-0.0007852550651334,1.616889277814308,1.9150473564810893,2.183971245903669,3.147360348998128,40.8,0.408,-1.7759712459036692,-0.0243365192777008,-0.0523003840239394,0.0137483467851743,0.1396906249888913,0.1302330602555693,0.1172082593695888,,
2023-06-10,25841.21,-0.0243365192777008,1.6779842359818875,1.9678370891185748,2.18888069244773,3.161133245124695,43.37,0.4337,-1.75518069244773,0.0032584644904937,-0.0094371390725856,0.0911735925129902,0.1648377247328471,0.162852623667179,0.1351952257622606,,
2023-06-11,25925.55,0.0032584644904937,1.678825399626754,1.7794532352885408,2.186286835534685,3.155501153896646,42.81,0.4281,-1.7581868355346848,-0.0007856342026842,0.0160495347272995,0.1457647253186671,0.1653101495169453,0.1664930015696421,0.1276601682855575,,
2023-06-12,25905.19,-0.0007856342026842,1.3462445511943513,1.7652334447105062,2.1862930659287363,3.1404679278959544,46.45,0.4645,-1.7217930659287362,0.0011211542039807,0.0233423248990174,0.1429106706131443,0.1671130553660868,0.1593411624363615,0.1274363220505291,,
2023-06-13,25934.25,0.0011211542039807,0.7987281681397629,1.765125976041716,2.184050254722852,3.139996754935745,45.38,0.4538,-1.7302502547228518,-0.0315578492380286,0.0155230684270763,0.1683235026466078,0.1834487734111348,0.1929689843720838,0.1264558497120723,,
2023-06-14,25128.6,-0.0315578492380286,0.7731301204935447,1.8345811719767275,2.2591436513198357,3.195528926528368,44.66,0.4465999999999999,-1.8125436513198356,0.0185267256736528,0.0660487308091136,0.1946189840106985,0.202420121039507,0.1875373639213768,0.15371192575893,,
2023-06-15,25598.49,0.0185267256736528,0.842464766460786,1.847686703659924,2.2849136113418167,3.215066286415201,46.63,0.4663,-1.8186136113418168,0.028745138290379,0.100610731585576,0.1739683059261192,0.1753510107264153,0.1682684127285835,0.1395127967829759,,
2023-06-16,26345.0,0.028745138290379,1.0055421922577668,1.9040604079496608,2.3354513120688245,3.213312657520918,45.06,0.4506,-1.8848513120688244,0.0065071559690337,0.1297151905913674,0.13881221478905,0.1264271222443746,0.1376221316105467,0.102890205612987,,
2023-06-17,26516.99,0.0065071559690337,0.9002184023459676,1.904212243455557,2.3022266524148374,3.157947682774729,42.95,0.4295,-1.8727266524148372,-0.0066981022679604,0.1195683457141268,0.1462307105656948,0.1348362133012016,0.1280011743656798,0.0801739646826495,,
2023-06-18,26339.97,-0.0066981022679604,0.9071346762054446,1.9082316534441743,2.3053984487135843,2.990634026764643,45.41,0.4540999999999999,-1.8512984487135844,0.0189678131440085,0.1528004342195314,0.1326868342887739,0.1395527657266814,0.1254030983564114,0.0107033465741983,,
2023-06-19,26844.35,0.0189678131440085,0.9767225714182092,1.6632382189987938,2.3284009994045958,2.9896076600122323,45.22,0.4522,-1.8762009994045956,0.0530887264501151,0.1285702532015847,0.1259422782037171,0.1164847134703949,0.1081110892156611,-0.0298840632309586,,
2023-06-20,28307.99,0.0530887264501151,1.4079236062830638,1.618707993341915,2.5272207416099883,3.08391244330594,52.71,0.5271,-2.0001207416099884,0.0578495972961705,0.0733575743405433,0.0736641322198568,0.0716790311541888,0.0513642965549126,-0.0812083994861094,,
2023-06-21,29993.89,0.0578495972961705,1.6853030506679578,1.8541781348632849,2.7573737250539745,3.2533517849406888,55.83,0.5583,-2.1990737250539745,-0.003639688908207,0.0090970241976824,0.0195454241982782,0.0207282762509751,-0.003077690426868,-0.135616417558193,,
2023-06-22,29884.92,-0.003639688908207,1.6491813754298703,1.851903369993312,2.745805513592241,3.2503520954487364,51.05,0.5105,-2.235305513592241,0.0265339862374442,0.026662364851568,0.0242023847529424,0.0164304918232172,-0.0030469743870084,-0.1343878049369333,,
2023-06-23,30688.5,0.0265339862374442,1.635599296414024,1.9199739995220264,2.7189154256963413,3.2891816094786663,52.71,0.5271,-2.1918154256963414,-0.0052623678739379,-0.0201135999307573,0.015125270764527,0.024645481725476,-0.0199028327173768,-0.1636399236079214,,
2023-06-24,30527.43,-0.0052623678739379,1.6339637703679182,1.8655376637305583,2.718755690033168,3.2459771413458127,49.15,0.4915,-2.2272556900331684,-0.0021239524109264,-0.0026279749978676,0.0078011370288085,-0.0070816200893216,-0.0452620329751963,-0.1440229870308992,,
2023-06-25,30462.66,-0.0021239524109264,1.6294504017676814,1.8649401954473543,2.713938260732485,3.245314113059009,49.51,0.4951,-2.218838260732485,-0.0064109528466902,0.0003065578793136,0.0013827048002961,-0.0056998931975356,-0.041343383324153,-0.1515040009622082,,
2023-06-26,30267.99,-0.0064109528466902,1.5933584910065492,1.8688976061786975,2.714638424919212,3.171709874433502,49.51,0.4951,-2.219538424919212,0.0139256517456785,0.0104484000005958,-0.0123850925446754,-0.0011900831785032,-0.0307313941673936,-0.1496887630238196,,
2023-06-27,30692.44,0.0139256517456785,1.2573196727665312,1.8876179805921656,2.594270522343184,3.181126291111052,48.92,0.4892,-2.1050705223431843,-0.0202419785448812,-0.0024599800986256,-0.0113944972644931,-0.018229536200015,-0.0490678280841241,-0.1652519783154624,,
2023-06-28,30077.41,-0.0202419785448812,0.7133770476934266,1.8300691748582931,2.6132668853310714,3.2041077433895837,48.44,0.4844,-2.1288668853310715,0.0122232570589516,0.0352388706952844,0.0068659314379075,-0.0072837359323626,-0.0257043981823834,-0.1417712635299018,,
2023-06-29,30447.31,0.0122232570589516,0.7473991300274168,1.8106365368650053,2.6235204469508906,3.212605967463186,43.52,0.4352,-2.1883204469508906,0.0008105804662547,0.0104291120266761,-0.0094575647333221,-0.0178311889880561,-0.0366062998213407,-0.1532963443018178,,
2023-06-30,30472.0,0.0008105804662547,0.5494234651492224,1.725413342502784,2.601848382589358,3.1172853711355706,46.06,0.4606,-2.141248382589358,0.0037308892745919,0.0010761469209824,-0.001985101065668,-0.0222998356649441,-0.039866314000135,-0.0947860982039744,,
2023-07-01,30585.9,0.0037308892745919,0.544829336620351,1.7224043105255848,2.5879859492584742,3.0916653804660497,46.56,0.4656,-2.122385949258474,0.0010172716464571,-0.0228334925452712,0.0011828520526967,-0.0226231146251463,-0.0452665665803312,-0.1136527825604142,,
2023-07-02,30617.03,0.0010172716464571,0.5436636320135233,1.7177539860512607,2.5705944034381374,3.082708541464591,47.88,0.4788,-2.0917944034381373,0.0174568722490287,-0.0089345171658675,-0.0077718929297252,-0.0272493591399508,-0.0302076811223977,-0.1657401422702272,,
2023-07-03,31156.2,0.0174568722490287,0.6259388957155733,1.7118968374386052,2.589268152608096,3.0982109751180555,49.05,0.4905,-2.098768152608096,-0.0125865016096563,-0.0283729392573768,0.0095202109609491,-0.0350281034819037,-0.0653237774708573,-0.1884430531385769,,
2023-07-04,30766.51,-0.0125865016096563,0.6155003095391884,1.399890492348803,2.600207891687642,3.0766286725037646,46.61,0.4661,-2.134107891687642,-0.0085423846394389,-0.0198866767599984,-0.0148827571181302,-0.0530631700040049,-0.0524758834053214,-0.1733617055763039,,
2023-07-05,30504.81,-0.0085423846394389,0.5058866222904376,0.8745445024629777,2.404456355577358,3.050730773825301,46.45,0.4645,-1.9399563555773576,-0.0201787501916617,-0.0030612479866505,-0.0070825979978316,-0.0427260881244491,-0.04666556143224,-0.1608957592862179,,
2023-07-06,29895.43,-0.0201787501916617,0.591615386010075,0.9532125809752982,2.180634145338445,3.0623169760564903,47.96,0.4796,-1.7010341453384452,0.0149162470258607,0.0240163445979681,0.0111950093661721,-0.0183463016227182,-0.0279256426052293,-0.1463231150680817,,
2023-07-07,30344.7,0.0149162470258607,0.6564902210688229,0.8560639896734185,2.1053827497594617,3.03151401212977,45.04,0.4503999999999999,-1.6549827497594618,-0.0019815498424806,0.0011626242361422,-0.0068350389355218,-0.0376733308196309,-0.0422817160967624,-0.162553629443567,,
2023-07-08,30284.63,-0.0019815498424806,0.6537063309955135,0.8509823577641241,2.102570799899269,3.0316210917221458,44.01,0.4401,-1.6624707998992696,-0.0041002391122778,0.037893150218326,-0.01414966737027,-0.0325703296202909,-0.0360929184056388,-0.1618193628485235,,
2023-07-09,30160.71,-0.0041002391122778,0.6580962054916834,0.8536162840859397,2.103976061165893,3.032564206887164,43.89,0.4389,-1.6650760611658937,0.0082830441339089,0.0050039196418681,-0.0083736242547339,-0.0271487350880185,-0.0130248008859804,-0.1386836368869033,,
2023-07-10,30411.57,0.0082830441339089,0.5889837545684202,0.8594773785941922,2.0580525583794835,3.004459854753062,44.26,0.4426,-1.6154525583794834,0.0068988423929568,-0.0040213500111811,-0.0203147345992761,-0.037881212934467,-0.0276573979049184,-0.1601748361543056,,
2023-07-11,30622.1,0.0068988423929568,0.553579600831669,0.8278230520466234,2.061328875269473,3.0048172755180933,43.96,0.4396,-1.621728875269473,-0.0079374733359648,-0.0128213352317959,-0.023805966677843,-0.0464494186330279,-0.0388328332840846,-0.1674168415679245,,
2023-07-12,30380.0,-0.0079374733359648,0.5502833300603212,0.7474844600088381,2.066844870230504,3.0086084969178395,41.26,0.4125999999999999,-1.6542448702305037,0.0347489761397029,-0.0079976631716641,-0.0194774662102256,-0.0224357881926725,-0.0319048403858325,-0.1617985136926471,,
2023-07-13,31454.23,0.0347489761397029,0.7713135991963528,0.9720768659262918,2.17074255902013,3.079317907052829,45.15,0.4515,-1.71924255902013,-0.0369894696887356,-0.0520428175885959,-0.0445483144428528,-0.0748439884318064,-0.0665131346600114,-0.2231778875081541,,
2023-07-14,30312.01,-0.0369894696887356,1.0065360499376472,1.2017047183826288,2.201822236147694,3.154639630273662,42.21,0.4221,-1.779722236147694,-0.0007422255191403,-0.013377543896602,-0.0381804128858747,-0.0375931262871912,-0.0338254381624467,-0.1596164547426411,,
2023-07-15,30289.52,-0.0007422255191403,1.005923809658707,1.199672737883921,2.173232568479387,3.153374384369008,42.98,0.4297999999999999,-1.7434325684793872,-0.001901142827658,-0.0162933845880949,-0.0356434901266175,-0.0395829634344084,-0.0287556159456075,-0.1442030250222437,,
2023-07-16,30231.99,-0.001901142827658,1.0035265720114452,1.2000650800750745,2.103013491702237,3.1427692529560023,42.1,0.421,-1.682013491702237,-0.003113801275833,-0.0109846314460471,-0.0295413109888903,-0.0391206519714014,-0.0347319259975597,-0.1308985340757427,,
2023-07-17,30138.0,-0.003113801275833,0.992754910941438,1.1543241210092836,2.100178438687616,3.116247267695165,42.9,0.429,-1.671178438687616,-0.0092961782772288,-0.0114798030385614,-0.0308382918841091,-0.0354466771612405,-0.0478272096830302,-0.1248756182083092,,
2023-07-18,29859.13,-0.0092961782772288,0.999866692730104,1.1428839738521082,2.1037863043751357,3.121022079673162,42.67,0.4267,-1.6770863043751352,0.0016758040032582,0.0074945031457432,-0.0184206622500208,-0.0219432510353688,-0.1146997517822131,-0.1170967558864832,,
2023-07-19,29909.21,0.0016758040032582,0.9888185720377998,1.131624457030313,2.07258845516596,3.117222179844667,40.53,0.4053,-1.6672884551659597,-0.0036580662106333,-0.0248028689892726,-0.0187751108332845,-0.0046511766312465,-0.1379951524466198,-0.1199841519891567,,
2023-07-20,29800.0,-0.0036580662106333,0.7361467631979621,1.0662254570549643,1.8088080145164636,3.107833829245497,41.62,0.4161999999999999,-1.3926080145164634,0.0034076103143899,-0.0193501055385224,-0.0175664783351908,-0.0073426633056423,-0.132572696041022,-0.1075063659384579,,
2023-07-21,29901.72,0.0034076103143899,0.2162169053060927,1.02949724135824,1.4333612723747802,3.1076734700997592,38.76,0.3876,-1.0457612723747802,-0.0036089728683473,-0.0185566795428432,-0.0226434519551849,-0.0150268666062416,-0.132538727131325,-0.0943218957656978,,
2023-07-22,29794.0,-0.0036089728683473,0.2265009540640249,1.0311088172594591,1.433332923582887,3.0974007148414326,39.07,0.3907,-1.0426329235828873,0.0096781279070757,-0.0193584888455476,-0.0029583219824469,-0.0124273741756069,-0.1313408305499249,-0.0938512190967776,,
2023-07-23,30083.75,0.0096781279070757,0.2901234132830873,1.0446229825482836,1.353385489351284,3.037129133717585,39.27,0.3927,-0.960685489351284,-0.0306215681317574,-0.025915165395764,-0.0302956739889536,-0.0219648202171585,-0.1437370908905446,-0.1242746636533424,,
2023-07-24,29176.5,-0.0306215681317574,0.6502968567076398,1.1867806516126638,1.4709853409525353,3.0911859173115057,38.25,0.3825,-1.0884853409525352,0.0017946972401168,0.006027758155988,0.0005872865986834,0.0043549747234278,-0.0987609540557028,-0.0931992703433575,,
2023-07-25,29228.91,0.0017946972401168,0.6265131559877597,1.1799373448860664,1.470825257221698,3.0868734700905613,37.77,0.3777,-1.0931252572216978,0.0042010363100691,0.0017836272033316,-0.0039394733077909,0.00688787418101,-0.1101606176380552,-0.0951512402204291,,
2023-07-26,29351.96,0.0042010363100691,0.6308212709543606,1.1729013787592495,1.4679124972262574,3.0861025384067986,38.15,0.3815,-1.0864124972262574,-0.0044107821710519,-0.0040867724123416,-0.0095793409825111,-0.0051906150086693,-0.1189573688564258,-0.1117550514353917,,
2023-07-27,29222.78,-0.0044107821710519,0.6325759416770002,0.9706000097647745,1.4460587802166955,2.9700716386882955,36.36,0.3636,-1.0824587802166956,0.0031214513568593,0.0164001668631007,-0.0046083852771313,-0.016988917798921,-0.1161841502313383,-0.1051967299165828,,
2023-07-28,29314.14,0.0031214513568593,0.6320366875647306,0.6679970992212023,1.394664152904152,2.962136376564019,35.47,0.3547,-1.039964152904152,0.0013213554199944,-0.0043805085931896,-0.0035225887853478,-0.0962790895321921,-0.1160668653475183,-0.1114838253231068,,
2023-07-29,29352.9,0.0013213554199944,0.6287715380772555,0.6683235214235327,1.3752059690668033,2.9621024615847387,34.96,0.3496,-1.0256059690668031,-0.0024494337125396,-0.0054404715573045,0.0141239342020381,-0.1192200416133351,-0.1166900444804771,-0.1070509685273002,,
2023-07-30,29281.09,-0.0024494337125396,0.602789680225347,0.6689745836137613,1.3759148001661337,2.943256112420234,36.33,0.3632999999999999,-1.0126148001661337,-0.0016693633056041,-0.0057231005111225,0.0102238150295485,-0.1150062177058311,-0.0549197842038393,-0.0803131405920025,,
2023-07-31,29232.25,-0.0016693633056041,0.1487252914622479,0.6670871113762933,1.3744373683713658,2.930315572277991,36.77,0.3677,-1.0067373683713656,0.0160761571043905,-0.0054925685701693,0.0076165853489433,-0.10989527517614,-0.0683862159800829,-0.0828875626696924,,
2023-08-01,29705.99,0.0160761571043905,0.3395220196510508,0.7125966155221841,1.4082016880884172,2.931038652307836,36.56,0.3656,-1.0426016880884172,-0.0176592240994308,-0.0210085521402321,-0.0094690521931598,-0.1283825085674779,-0.1355324611478293,-0.0968994719492207,,
2023-08-02,29186.01,-0.0176592240994308,0.4718665230486792,0.7877775647113369,1.409122284941036,2.947869600241501,36.82,0.3682,-1.0409222849410358,0.0002613924558795,0.0008579198078417,0.008330853771795,-0.113441416901591,-0.1231192756677195,-0.0417503670566127,,
2023-08-03,29193.64,0.0002613924558795,0.4643079579366638,0.7846873274061831,1.388462186954429,2.9476954260230084,36.21,0.3621,-1.0263621869544288,-0.0027320626663575,0.0195644057593426,0.0037676881247443,-0.0993482406543864,-0.1208858221709823,-0.0599645289525051,,
2023-08-04,29113.99,-0.0027320626663575,0.4634111977119162,0.7837220888762735,1.3798249030033565,2.772242256518101,34.37,0.3436999999999999,-1.0361249030033564,-0.001438831364651,0.015946915540671,0.010827347488801,-0.1062211443302642,-0.1142301978539777,-0.0597105738222919,,
2023-08-05,29072.13,-0.001438831364651,0.4635388780248385,0.781167036258292,1.3251607388666635,2.5517084981732485,33.79,0.3379,-0.9872607388666635,0.0005601735343276,0.0131091539191126,0.0043887259738417,-0.1093780278739147,-0.1183974724628524,-0.0455151231810547,,
2023-08-06,29088.42,0.0005601735343276,0.4612948369323302,0.759044349933916,1.2942005461046773,2.471354198920575,34.03,0.3403,-0.9539005461046772,0.0042072478486427,0.0115394999470722,-0.0123805325217897,-0.111575764954207,-0.1202719133468046,-0.0594180182374486,,
2023-08-07,29211.06,0.0042072478486427,0.4671579981167682,0.4902609585975585,1.296141468974917,2.469977059850052,36.29,0.3629,-0.9332414689749172,0.0189678784073805,0.0074729339639532,-0.0927565007468443,-0.1125442765621705,-0.1257264444428847,-0.0448069993510089,,
2023-08-08,29770.42,0.0189678784073805,0.5051977962899203,0.6086871242306021,1.343564733099491,2.4963736615314334,39.85,0.3985,-0.9450647330994912,-0.0063495528850291,-0.0157967176345981,-0.1333439758153733,-0.1308139786825152,-0.1256588360009229,-0.0628594715303973,,
2023-08-09,29581.99,-0.0063495528850291,0.3951149983016735,0.6154460800565564,1.3397162433347087,2.455691337629222,38.73,0.3873,-0.9524162433347088,-0.0042765929862094,-0.0051195680518701,-0.1252300327353797,-0.0651435992333879,-0.1325174382493871,-0.0579281169196407,,
2023-08-10,29455.75,-0.0042765929862094,0.4034433023982847,0.6151002991816445,1.3357182967959074,2.4562614071826863,36.2,0.362,-0.9737182967959072,-0.0010094804377126,-0.0087204279452709,-0.1175118605250833,-0.0760028013290262,-0.1285840082838399,-0.0654313995978137,,
2023-08-11,29426.03,-0.0010094804377126,0.4005172044177116,0.6125063013548283,1.3272223064131057,2.4562912629081,32.74,0.3274,-0.9998223064131057,0.000140681865524,-0.0239200324688618,-0.118913456374318,-0.1260634089546695,-0.1298936733068146,-0.0716972923553971,,
2023-08-12,29430.17,0.000140681865524,0.3995818049685622,0.6119917567275398,1.1492571228364623,2.4561993388020458,32.38,0.3238,-0.8254571228364624,-0.0043017731911709,-0.1002294347107975,-0.121772270673386,-0.1314501294395146,-0.1566647528481426,-0.0908045035494685,,
2023-08-13,29303.84,-0.0043017731911709,0.4078057148996695,0.6157096943245701,0.9100251286741446,2.382470754156874,33.76,0.3375999999999999,-0.5724251286741446,0.0043275966976988,-0.117547258180775,-0.1031159287791307,-0.1246535102957267,-0.1257910165801944,-0.0908241568985839,,
2023-08-14,29430.93,0.0043275966976988,0.4082651271378803,0.6204168028361062,0.913663182357196,2.3574817512537805,35.01,0.3500999999999999,-0.5635631823571959,-0.0078774528796102,-0.1201104646835095,-0.117048491819065,-0.1250575453427786,-0.1154474090766362,-0.0913335136669627,,
2023-08-15,29200.0,-0.0078774528796102,0.2408534206389162,0.5596741762933668,0.9252626554277068,2.2975588627521097,34.58,0.3458,-0.5794626554277068,-0.0162090849613036,-0.1087914325798125,-0.1137667538477564,-0.1227861984366941,-0.096166608078183,-0.0838105275940565,,
2023-08-16,28730.51,-0.0162090849613036,0.373085511833619,0.5434230957762882,0.973894295391792,2.3149988278452818,36.56,0.3656,-0.6082942953917919,-0.0761687203764116,-0.0949934239054561,-0.0991952324324172,-0.107891380825015,-0.077048408525279,-0.056429735102078,,
2023-08-17,26623.41,-0.0761687203764116,1.5000427395767466,1.5533495159837485,1.7419925906045737,2.7313833491836377,52.3,0.523,-1.2189925906045738,-0.0216195966611484,-0.0215428359625884,-0.0197877758153261,-0.0329699436960404,-0.0023970041042701,0.0681405513846282,,
2023-08-18,26054.0,-0.0216195966611484,1.5557505607761406,1.6064787077300011,1.7900046618902772,2.7385652437136034,43.58,0.4357999999999999,-1.3542046618902772,0.0017643901949644,0.0144313294016442,0.002529997132858,0.0076851398144503,0.018011000457463,0.0860738134362569,,
2023-08-19,26100.01,0.0017643901949644,1.556113381170006,1.606597172261386,1.7889574428923276,2.5440430746862064,43.01,0.4301,-1.3588574428923277,0.0034415792240868,0.0030619728644444,0.0600864335019917,-0.0072874055140073,0.025066330102564,0.0816325713551823,,
2023-08-20,26189.99,0.0034415792240868,1.5553320123110193,1.6079064554955538,1.7889811774296829,2.292373920271635,43.18,0.4318,-1.357181177429683,-0.0024110762869472,-0.004975321267944,0.0415090591960571,-0.0110721477587564,0.0382168313656271,0.0919974323570961,,
2023-08-21,26126.92,-0.0024110762869472,1.5538158722782884,1.6065566217786562,1.7882453672656626,2.291782006076008,42.63,0.4263,-1.3619453672656627,-0.0027181324335439,-0.0042018085269612,-0.0071499525803515,-0.0109802169324966,0.0374896114531472,0.1271378774567244,,
2023-08-22,26056.0,-0.0027181324335439,1.5473818751892847,1.5660143798502533,1.779418459569983,2.235616768823544,42.13,0.4213,-1.358118459569983,0.0143545687030841,0.0017550601472621,-0.0096778587661285,-0.0348924821747566,0.0194624272372022,0.1379381179187208,,
2023-08-23,26432.72,0.0143545687030841,1.5406823742595095,1.5852113352780677,1.7027290668531971,2.250129807012032,43.38,0.4338,-1.2689290668531972,-0.0096049663422354,-0.0119013322687862,-0.021537581516596,-0.0226750878010636,0.0055616837123454,0.12634338006229,,
2023-08-24,26180.05,-0.0096049663422354,0.5382976822383431,1.5937040551056156,1.7122452644988284,2.257235207744185,41.72,0.4172,-1.2950452644988284,-0.0045957149083015,0.0570244606375474,-0.0080090535237135,0.0016010827424288,0.015009377417626,0.2336285542700024,,
2023-08-25,26060.01,-0.0045957149083015,0.3561879724861057,1.596004285426276,1.7126152765417617,2.2556192464503493,36.31,0.3631,-1.3495152765417615,-0.0016375635459644,0.0464843804640011,-0.0090194445889376,0.0176001457695733,0.007202317421034,0.2636833357491665,,
2023-08-26,26017.37,-0.0016375635459644,0.3559668375429266,1.5963086307123255,1.7108269345324278,2.2400925864266017,35.52,0.3552,-1.355626934532428,0.0032387362406793,-0.0029481440533903,-0.0086961483925976,0.0221468239071383,0.0109874203147555,0.2820804328483802,,
2023-08-27,26101.77,0.0032387362406793,0.3552714375120606,1.5953919464605963,1.7109065062363236,2.2073262496689607,36.05,0.3605,-1.3504065062363235,0.0006981762870356,-0.0114329189133907,-0.0131821678807142,0.017390771711056,0.0045830400244114,0.2688080657918205,,
2023-08-28,26120.0,0.0006981762870356,0.3525249823403801,1.5933039973959846,1.7107722553353355,2.194979081217431,36.42,0.3642,-1.3465722553353356,0.0593208265640982,-0.0096362492478098,0.0051551426815923,0.0154810033246049,0.0096390759531769,0.2604782840375736,,
2023-08-29,27716.34,0.0593208265640982,1.1857477487186932,1.9494584866715567,2.051578021734412,2.4702457198788736,40.6,0.406,-1.6455780217344116,-0.0151357950818478,-0.0650335141612608,-0.0673738390159992,-0.0350201033994275,-0.0253933563881631,0.2067179132813018,,
2023-08-30,27299.99,-0.0151357950818478,1.189288371624357,1.9463065044424104,2.0716114243909605,2.486091706523061,38.18,0.3818,-1.6898114243909603,-0.0510700880633559,-0.0555038250529388,-0.0525812069548136,-0.0032922278304299,-0.0145013466896095,0.2348231414940509,,
2023-08-31,25940.78,-0.0510700880633559,1.5273211153367767,1.619405503280987,2.2691889373351684,2.6706273472087747,35.98,0.3597999999999999,-1.9093889373351685,-0.005246038619321,-0.0057480043392074,-0.0038302643521451,0.0446395640334988,0.0386329891986086,0.2844103440594258,,
2023-09-01,25805.05,-0.005246038619321,1.5280857005500996,1.5690493236254404,2.246205462128488,2.6516154683538296,36.09,0.3609,-1.885305462128488,0.0024948459526167,-0.0017492489673234,-0.0252146234086281,0.0291402860033308,0.0813689086111067,0.2944322347415237,,
2023-09-02,25869.51,0.0024948459526167,1.5285087414016212,1.5694111513467337,2.2467055643006444,2.6411196749223147,35.57,0.3557,-1.8910055643006445,0.003923561650647,0.0147913919294021,-0.0011375062844675,0.0270992652289415,0.0609212932184771,0.3142519490501201,,
2023-09-03,25971.21,0.003923561650647,1.5290942644753536,1.5698238958441513,2.2473496400356603,2.637138063795037,37.84,0.3784,-1.86894964003566,-0.0056061059735256,-0.0023403248547383,0.0096101362661424,0.0230184309413396,0.0545196240316858,0.296689193442163,,
2023-09-04,25826.02,-0.0056061059735256,1.5327826738265342,1.5727989662880963,2.249732460397779,2.611005003289172,38.3,0.3829999999999999,-1.8667324603977788,-0.0013142673496244,0.0029226180981252,0.0266195903585112,0.0162217620099716,0.0728823492817977,0.2958406327183243,,
2023-09-05,25792.1,-0.0013142673496244,1.0322948317925251,1.5721419603003437,2.249847122012697,2.595528294194933,39.79,0.3979,-1.8519471220126973,-0.001247283247437,0.0019177399870621,0.030842972299736,0.0196835687073533,0.0608538951093559,0.3070516759051797,,
2023-09-06,25759.95,-0.001247283247437,0.9912526262489948,1.5482211082162791,2.2485370949815806,2.5953615885083647,39.41,0.3940999999999999,-1.8544370949815807,0.0190354868493421,-0.0234653744413045,0.0305729395917703,0.0177652079051257,0.0809194450918756,0.3068664722275163,,
2023-09-07,26255.0,0.0190354868493421,0.4035632040892848,1.579738284985328,2.2487456235961703,2.619546348448837,39.74,0.3974,-1.8513456235961705,-0.0132081551334933,-0.0159288982138696,0.0103258606430127,0.0044839332715846,0.0627993644705257,0.2888076052465226,,
2023-09-08,25910.5,-0.0132081551334933,0.4652895126688241,1.5973541369481223,2.259605595410959,2.626910173467562,40.0,0.4,-1.859605595410959,-0.0003431630206622,0.0119504611208808,0.0323537356165714,0.041980482627836,0.0745893213297463,0.3120386691173534,,
2023-09-09,25901.61,-0.0003431630206622,0.4628881719741555,1.5970611861462112,2.258137474593391,2.623609769489048,39.75,0.3975,-1.860637474593391,-0.0023191454606873,0.0236969722603859,0.0492889791243836,0.038079860265204,0.063152608686026,0.3187346499731375,,
2023-09-10,25841.61,-0.0023191454606873,0.4589222767775453,1.59647703578038,2.258489767445609,2.6195982669671016,40.52,0.4052,-1.8532897674456088,-0.0266303976758038,0.0289252323126736,0.0484698283856438,0.0424632535507537,0.0581963809514174,0.3508204714169801,,
2023-09-11,25162.52,-0.0266303976758038,0.6767483140948585,1.6755330512446038,2.3150850535424703,2.584649055389549,44.33,0.4432999999999999,-1.8717850535424705,0.0265719630767771,0.0540383140330748,0.0543549094119587,0.1065835320197348,0.0658602492986742,0.393681439627692,,
2023-09-12,25840.1,0.0265719630767771,0.8456199397821137,1.334430853323867,2.368666218334928,2.5374643620550583,43.57,0.4357,-1.932966218334928,0.014671204201257,0.0262547588568822,0.0282367715134088,0.0620587995029449,0.0349668596816104,0.3624977193130357,,
2023-09-13,26222.0,0.014671204201257,0.8905444353544727,1.332535613177504,2.3837592254277933,2.5528588789056066,44.05,0.4404999999999999,-1.9432592254277932,0.0114033481188429,0.0204032744956908,0.0134082946751971,0.0449094877655433,0.0241138954096733,0.3460509024775649,,
2023-09-14,26522.73,0.0114033481188429,0.841590753410796,0.9333478750826838,2.3889582469427992,2.5618806543563157,41.71,0.4171,-1.9718582469427992,0.0029091145916004,0.0255920068639977,-0.0103978283485394,0.0462627589232865,0.0123560804841266,0.3182940268662005,,
2023-09-15,26600.0,0.0029091145916004,0.804790510007743,0.9296139497652318,2.369454032614029,2.561792831449795,39.14,0.3914,-1.978054032614029,-0.0015173159554027,0.0195445960729701,-0.0111594035923826,0.03001092280962,0.020618673423201,0.2900624138816648,,
2023-09-16,26559.67,-0.0015173159554027,0.8052857273655663,0.928843669544162,1.8701715793757523,2.555793403627537,39.52,0.3952,-1.4749715793757523,-0.0012115920994153,0.0003165953788839,-0.0128077316866445,0.0503465055001053,0.0705375554888983,0.3544537012370777,,
2023-09-17,26527.51,-0.0012115920994153,0.8043990162888943,0.9261033600679932,1.824136507969671,2.555697691296197,39.83,0.3983,-1.425836507969671,0.0088197198400656,0.0019820126565266,-0.0058419273714279,0.0524735038275129,0.0680628129787939,0.3098682916643612,,
2023-09-18,26762.51,0.0088197198400656,0.6454457376587538,0.9351943546087552,1.8315922445624324,2.560292733814066,41.48,0.4147999999999999,-1.4167922445624326,0.0165920804871499,-0.0069949798204936,0.0096267470112644,0.0422355857131748,0.0565662412526181,0.313426468396961,,
2023-09-19,27210.26,0.0165920804871499,0.509282228786149,0.9871380202962974,1.8576572272405456,2.579019974160093,42.53,0.4253,-1.4323572272405458,-0.0031382961994271,-0.0359898352125371,-0.0112091188591795,0.0138636295616424,0.0537806009914689,0.295582167597025,,
2023-09-20,27125.0,-0.0031382961994271,0.4294171552515305,0.9886700584953172,1.8580536518336848,2.5787952355004062,43.01,0.4301,-1.4279536518336848,-0.020745316649489,-0.0307039996653529,-0.0060065748348901,0.0097265525657736,0.0896482660035771,0.3201410541696565,,
2023-09-21,26568.08,-0.020745316649489,0.5422363004647089,1.001146943144814,1.8991448189944231,2.6025143799356365,41.37,0.4136999999999999,-1.4854448189944232,0.0004538251782273,-0.0131243270655284,0.052228622607776,0.0115053398867152,0.1184756906815186,0.343263637452434,,
2023-09-22,26580.14,0.0004538251782273,0.5394500941146454,0.9688623065424844,1.8792595984475544,2.5359224975270878,37.29,0.3729,-1.5063595984475544,-0.0001572726369548,-0.0078239400279547,0.0338220279895359,0.0067300881682014,0.1207816963499446,0.2961523550362009,,
2023-09-23,26575.96,-0.0001572726369548,0.5386790433883077,0.9688447834841406,1.870281383478798,2.535692469363355,37.64,0.3764,-1.493881383478798,-0.0124027749048935,0.016621726831758,0.0315011930903462,0.0107056007344762,0.2186191768523762,0.3418866264608735,,
2023-09-24,26248.38,-0.0124027749048935,0.5880364183524396,0.9964158804010032,1.8831863841034928,2.54547481675168,38.6,0.386,-1.4971863841034927,0.0021475393477571,0.0247807163533576,0.0566605872718259,0.0227539088326659,0.2564810183281326,0.3512356908363234,,
2023-09-25,26304.81,0.0021475393477571,0.5648696839397388,0.8577167131961654,1.8833734416586416,2.5444104072784213,39.25,0.3925,-1.4908734416586416,-0.0031656440496646,0.0246974248304626,0.0411703264020027,0.0317780770155837,0.2710930125336246,0.3602681644429342,,
2023-09-26,26221.67,-0.0031656440496646,0.4714361896582904,0.6939888107721298,1.88332808095846,2.544430335774288,38.67,0.3867,-1.4966280809584598,0.0057542122158011,0.0653529496733044,0.06315423718675,0.083345287175543,0.264225025767409,0.3652114280214338,,
2023-09-27,26372.99,0.0057542122158011,0.4803568788552554,0.6443150039288853,1.88648674550922,2.546679004234165,36.06,0.3606,-1.52588674550922,0.0242883942227579,0.0416459680174904,0.058315431198941,0.073904740350222,0.2508392080843966,0.3505977024139187,,
2023-09-28,27021.39,0.0242883942227579,0.5375698800067181,0.7635454023383884,1.5778893167178578,2.5881860588211256,38.63,0.3863,-1.1915893167178575,-0.004243785383294,0.0148794662585881,0.0326088387019102,0.0469394942413538,0.232111269669465,0.3208271778817929,,
2023-09-29,26906.96,-0.004243785383294,0.5435804882694162,0.7658238382732133,1.5532834753204467,2.589259247037791,33.04,0.3303999999999999,-1.2228834753204467,0.0020642478248622,0.0318798709184682,0.025072748420822,0.0649897198506483,0.2493244881836604,0.3404231952118407,,
2023-09-30,26962.56,0.0020642478248622,0.5450009426902476,0.7662905058259567,1.2092430241961496,2.571281222443659,35.89,0.3589,-0.8503430241961496,0.037489880793177,0.0164729015715399,0.0157331274006637,0.0956548408384674,0.2457773548608173,0.3393043245120538,,
2023-10-01,27992.57,0.037489880793177,0.8682642341892501,1.0486513289368449,1.4018658385948863,2.6477663808416323,37.5,0.375,-1.0268658385948863,-0.0179527694400128,-0.0021987124865545,-0.0407232827210607,0.0662470680737425,0.2130633261304169,0.298356318529221,,
2023-10-02,27494.51,-0.0179527694400128,0.9326519352430568,1.0903748860583682,1.4424271837831426,2.6698842808586374,38.17,0.3817,-1.0607271837831425,-0.0024781075361443,0.0166694631814505,-0.0270919398213343,0.0869596683604089,0.2533306558316428,0.3414014700323237,,
2023-10-03,27426.46,-0.0024781075361443,0.9318923372269584,1.0443540630944328,1.441255951959115,2.669793835416133,37.96,0.3796,-1.061655951959115,0.0127566192765861,0.0177293724433223,-0.0207955923558699,0.1871179837620301,0.242169569410477,0.3635346783996344,,
2023-10-04,27778.57,0.0127566192765861,0.956940314669429,1.070736894341083,1.4577874610651498,2.6807537046521484,37.28,0.3728,-1.0849874610651498,-0.013342721522066,-0.0068071224976463,-0.0339066784391599,0.1998204310563065,0.2229582834365268,0.3639208534122362,,
2023-10-05,27410.39,-0.013342721522066,0.874866870437104,1.02682686801566,1.4796939268156788,2.692824945941347,36.75,0.3675,-1.1121939268156789,0.0188182667350826,-0.0007397741708762,-0.009392249386419,0.2299226861316218,0.2461977807958236,0.4265355524692037,,
2023-10-06,27931.09,0.0188182667350826,0.9423772650605762,1.08791298224181,1.5225579448287303,2.7155297389034967,35.06,0.3506,-1.1719579448287305,0.0009154062279922,-0.0385245702345062,0.020191049988793,0.201070788580659,0.2259470271356407,0.4561142053788277,,
2023-10-07,27956.67,0.0009154062279922,0.9417141072338132,1.0880493956142048,1.4785908465953037,2.691298528829224,37.61,0.3761,-1.1024908465953036,-0.0014181982742726,-0.0437614030027848,0.0155893091512809,0.1925237768854557,0.2260082407759969,0.448125816327692,,
2023-10-08,27917.05,-0.0014181982742726,0.6120092361970848,1.0622796644776669,1.4571509201212791,2.688699732365592,37.85,0.3785,-1.078650920121279,-0.0117798756643824,-0.0385249647991921,0.0143306555394433,0.1995024309675547,0.2374493477876069,0.4382945059166151,,
2023-10-09,27590.12,-0.0117798756643824,0.5545849775532941,1.085082545081436,1.474413516653581,2.696864859842591,36.81,0.3681,-1.106313516653581,-0.007275373195296,-0.0270995559415136,0.0399169714298263,0.2242517397628383,0.2555820412871112,0.4706105011383272,,
2023-10-10,27390.12,-0.007275373195296,0.569774395054646,1.0922756929650184,1.4802877842483118,2.700375520895436,38.53,0.3853,-1.0949877842483118,-0.0189665293285473,-0.0086524752155427,0.0799217134378036,0.2300442274601536,0.2926240904655626,0.4674769020731295,,
2023-10-11,26875.52,-0.0189665293285473,0.6297198540160042,1.1455487158482451,1.4365594646760986,2.7245773801979314,36.88,0.3688,-1.0677594646760986,-0.0043214265402864,0.058715620223299,0.1069703507948032,0.2537866088514776,0.3278211903290179,0.4881784558834974,,
2023-10-12,26759.63,-0.0043214265402864,0.5817070315825168,1.0506070205271598,1.3464041388419157,2.7245887320789777,35.19,0.3519,-0.9945041388419156,0.00381823992932,0.0593507121540659,0.1140516081817432,0.2804225956529771,0.3275308596314252,0.4328391250688596,,
2023-10-13,26862.0,0.00381823992932,0.4630852784606933,1.050010897481578,1.3189242886334636,2.724310797974306,35.37,0.3536999999999999,-0.9652242886334635,-0.0003544668067039,0.0528556203386354,0.2079135761179,0.2629651617663471,0.3219370070678916,0.4347973884408184,,
2023-10-14,26852.48,-0.0003544668067039,0.4628044702177398,1.049291874273646,1.300824305224341,2.720159072315147,36.53,0.3653,-0.9355243052243408,0.0111717075306749,0.0670165273713401,0.2337271094954665,0.2568649618756867,0.305937946382074,0.4677914721283522,,
2023-10-15,27154.15,0.0111717075306749,0.5089287092291371,0.7959671703457215,1.3170457357622034,2.710889500285891,38.16,0.3815999999999999,-0.9354457357622036,0.0484015661102945,0.0885741886533463,0.2393149355180408,0.2555900301822427,0.2694437404584637,0.4601877669541361,,
2023-10-16,28500.78,0.0484015661102945,1.0312365242697068,1.1709027569852473,1.608993127511723,2.467063157011744,42.63,0.4263,-1.182693127511723,-0.0036863346095197,0.0482547305715041,0.180879738591866,0.2057559771468476,0.2839161457481792,0.3863157232028644,,
2023-10-17,28395.91,-0.0036863346095197,1.0242504292440309,1.172063054219554,1.610367376903425,2.433260587833248,41.08,0.4108,-1.199567376903425,-0.0026768518861103,0.0547008960276773,0.1769344677341745,0.2104189316247159,0.2418054786855671,0.3980224450705247,,
2023-10-18,28320.0,-0.0026768518861103,0.9593764598751932,1.1475845442949273,1.6023439353182842,2.433564512683511,39.24,0.3924,-1.209943935318284,0.0138064402260006,0.1550579557792644,0.1851717754281113,0.2231186922481636,0.2568602271443428,0.3791001056214271,,
2023-10-19,28713.71,0.0138064402260006,0.9915454655526827,1.1495849167637116,1.592670124913298,2.446934510915724,39.18,0.3918,-1.200870124913298,0.0327293688126812,0.1667105821241264,0.184334768333012,0.2156650698572849,0.2418015666055561,0.3958354321039783,,
2023-10-20,29669.04,0.0327293688126812,1.1699715035035667,1.258285060762232,1.709969445613976,2.525145318199699,44.26,0.4426,-1.267369445613976,0.0080821080284522,0.1507407468646945,0.1501225140223498,0.2127023770277588,0.2304927881660794,0.354115234742045,,
2023-10-21,29909.8,0.0080821080284522,1.1800972119175928,1.26760301641689,1.670554727357476,2.529328792507959,45.9,0.4589999999999999,-1.211554727357476,0.0027598308466535,0.1326250080203619,0.1468162580566744,0.2208508395342146,0.2247879467709155,0.3784506793582224,,
2023-10-22,29992.46,0.0027598308466535,1.1618325782296963,1.2684097803602352,1.6713641152917484,2.5149701080216103,48.81,0.4881,-1.1832641152917485,0.0976802078654768,0.1222335717064971,0.1663709874712339,0.213479251449682,0.1753706586862561,0.3800977650800138,,
2023-10-23,33069.99,0.0976802078654768,1.9943381366474229,2.2451800311498804,2.505208250002488,3.126343044080079,55.37,0.5537,-1.951508250002488,0.0254590665708626,0.0301138196488468,0.0550515856484469,0.1140234309499913,0.1232674496084971,0.2848595252815894,,
2023-10-24,33922.73,0.0254590665708626,2.051585845421928,2.293053297012999,2.540964529548112,3.162734844670739,54.19,0.5418999999999999,-1.999064529548112,0.0167595335532492,0.0176241862088857,0.0231378523802201,0.0722108368866075,0.094754672508191,0.2533122376219993,,
2023-10-25,34496.05,0.0167595335532492,2.0757916508370844,2.286769373908879,2.5607302288413853,3.178747367383443,58.36,0.5836,-1.9771302288413848,-0.0100336308158802,-0.0006182328423446,0.0162750946642018,0.0301288049404228,0.0891751519093095,0.2201575970058994,,
2023-10-26,34151.66,-0.0100336308158802,2.067868806644129,2.2933041254377717,2.5671827841748294,3.1839208702306503,55.02,0.5502,-2.0169827841748296,-0.0076316054672112,0.0141912500363123,0.0248762385549816,0.1030364071563132,0.1009864022540248,0.2436983294574642,,
2023-10-27,33892.02,-0.0076316054672112,1.976448148946616,2.2967761328620826,2.5689686762092507,3.187229565049603,47.19,0.4719,-2.0970686762092505,0.0055604558078266,0.0441374157647367,0.0334844638905414,0.0648710109513925,0.0997584943295221,0.226534583060005,,
2023-10-28,34081.0,0.0055604558078266,1.973269020677652,2.299221619927452,2.528944908291225,2.980821538600468,50.23,0.5023,-2.026644908291225,0.0129694331309013,0.0249377659996,0.0379469168200522,0.0716884517162314,0.0887159082123277,0.2423839225503895,,
2023-10-29,34525.89,0.0129694331309013,1.988065845541801,2.3026638369605106,2.5397606314114696,2.977091469802557,54.21,0.5421,-1.997660631411469,-0.001482885497981,0.0055136661713344,0.0313303015242729,0.057466798272544,0.0910987070281801,0.2092937096112527,,
2023-10-30,34474.73,-0.001482885497981,0.6859949158603648,2.1090219600261597,2.5396124454202726,2.812809994382945,53.89,0.5389,-2.0007124454202727,0.0047758520627768,0.0168933275065463,0.0625798630054089,0.0803702741437294,0.0935269696512365,0.1990358048704989,,
2023-10-31,34639.77,0.0047758520627768,0.4922746563284844,2.1098196175026267,2.4382272858190923,2.812504244749167,54.76,0.5476,-1.890627285819092,0.0223145602612131,0.0106849885186692,0.0740345814775402,0.0779716887142411,0.0852929923988041,0.1960016089229131,,
2023-11-01,35421.43,0.0223145602612131,0.5670629364888423,2.151853004185996,2.451338419420864,2.84423209795638,59.78,0.5978,-1.853538419420864,-0.01363919395731,-0.0106529518741952,0.0471082639784481,0.0089996712150221,0.0880708142006809,0.1770818268114301,,
2023-11-02,34941.59,-0.01363919395731,0.5938977474832637,2.151463672934663,2.464694434133164,2.855159780591022,60.0,0.6,-1.864694434133164,-0.0064546666973641,0.0130091508204521,0.0589718453015444,0.0682158639600502,0.1213651089891573,0.2345842020825211,,
2023-11-03,34716.78,-0.0064546666973641,0.5887812126134889,2.06228286173384,2.45571346248525,2.8558138754950524,57.89,0.5789,-1.87681346248525,0.0098967758372308,0.0258166353529382,0.0490729845063872,0.0716168201279706,0.1409625699757092,0.2582588719510205,,
2023-11-04,35062.07,0.0098967758372308,0.6092030490631969,2.0651680277774096,2.449754816950381,2.8619561108142104,62.46,0.6246,-1.825154816950381,-0.0014324869251003,0.0456865354988624,0.013853710276221,0.0729000572451076,0.18033777167338,0.2004744009012296,,
2023-11-05,35011.88,-0.0014324869251003,0.5572091890865427,2.0646762183481258,2.4233842525623164,2.86198775869641,60.1,0.601,-1.8223842525623164,0.0009766198683485,0.0633495929588712,0.0781601686013315,0.0761101636990431,0.230167178243187,0.231930409333885,,
2023-11-06,35046.09,0.0009766198683485,0.5568012175772296,0.883525110272342,2.423392974543304,2.8388491331349863,57.36,0.5736,-1.849792974543304,0.0100229087373373,0.0577612158526433,0.0313865470608511,0.0662740304389807,0.2221175755516949,0.2308181098025205,,
2023-11-07,35399.12,0.0100229087373373,0.5816956444447298,0.7620394740623985,2.430795510710057,2.8340881459295613,55.48,0.5548,-1.8759955107100568,0.0063528178351219,0.0459626944810923,0.0337415348961791,0.0507689913922755,0.2008451581290081,0.2167824135200952,,
2023-11-08,35624.72,0.0063528178351219,0.4139476372273663,0.7020776454961859,2.423396004694056,2.8366782358346345,57.58,0.5758,-1.847596004694056,0.029766675983155,0.023256349153449,0.0261364967482711,0.0597684055039073,0.2150284598512158,0.2095353706124325,,
2023-11-09,36701.09,0.029766675983155,0.6533472604394165,0.8829366779046983,2.485344731644043,2.89278245972724,58.87,0.5887,-1.8966447316440431,0.016230570534908,-0.0318328252226415,0.0177904111383204,0.0309471066458276,0.174852811607567,0.2462989017416846,,
2023-11-10,37301.63,0.016230570534908,0.7126066358023241,0.9243762944364792,2.478263451023491,2.864523141507037,56.84,0.5684,-1.909863451023491,-0.0046117572378791,0.0148105756424605,0.0039371072367007,0.0112584109212638,0.1603572655544795,0.2119928207917463,,
2023-11-11,37130.0,-0.0046117572378791,0.6926909815201103,0.9224690514413963,2.4784544354210647,2.820556770134044,58.09,0.5809000000000001,-1.8975544354210645,-0.0017756126342137,-0.0263746687917922,-0.0381085927634259,0.0409625502222328,0.1053082654374343,0.2283331859934593,,
2023-11-12,37064.13,-0.0017756126342137,0.6929809384849669,0.8892157564427139,2.477612932147293,2.806800156885202,58.33,0.5832999999999999,-1.894312932147293,-0.0163535274925213,-0.012221159584913,0.0092440186585057,0.062393263687613,0.1128603813729268,0.2233377363969436,,
2023-11-13,36462.93,-0.0163535274925213,0.7599271468425218,0.9420811347244464,2.4972254203256337,2.815719920905296,56.26,0.5626,-1.9346254203256337,-0.0253224983929354,0.0028801475948222,0.0225438356215833,0.0918895854693221,0.1618535257462782,0.1598383884226842,,
2023-11-14,35551.19,-0.0253224983929354,0.880267232574229,1.0551019967329514,2.53468514505341,2.8564380361989,56.24,0.5624,-1.9722851450534096,0.0628739714000101,0.0496232363609619,0.0590463469688867,0.1664840613971589,0.1907440264956724,0.1866851064562948,,
2023-11-15,37858.2,0.0628739714000101,1.4842622293006065,1.5409046082397588,2.648100034346825,3.098595274682967,60.51,0.6051,-2.043000034346825,-0.0457970016721318,-0.0108734684057596,-0.0020500049022884,0.1520070096418554,0.1023995774546852,0.0974290063506453,,
2023-11-16,36163.51,-0.0457970016721318,1.6263956000461146,1.7527193986982204,2.788012220409656,3.2196731557331093,55.35,0.5535,-2.234512220409656,0.0123778965726653,-0.0117339239716336,0.0348874833781295,0.1907310284908438,0.1562169663849575,0.1617146189031259,,
2023-11-17,36613.92,0.0123778965726653,1.6139803833041857,1.76429614721572,2.7975559366359293,3.223945611460934,55.4,0.5539999999999999,-2.243555936635929,-0.0012522203127861,0.0214651782434188,0.0170274564960962,0.1671036232328289,0.1222398784770842,0.1639746241587599,,
2023-11-18,36568.1,-0.0012522203127861,1.6117512484145329,1.754298401824815,2.7851958755114627,3.208413033223342,54.38,0.5438000000000001,-2.2413958755114627,0.0214205903732043,0.0196636880267611,0.0336319087556362,0.1888919631029448,0.1540338654984221,0.1568032597461132,,
2023-11-19,37359.86,0.0214205903732043,1.6625488059722924,1.8011915815213553,2.74477705010316,3.233851660127033,56.54,0.5654,-2.17937705010316,0.0023772666332884,0.0094231106079247,0.0131566955075071,0.1570624004692465,0.1236224465759658,0.1009312719147499,,
2023-11-20,37448.78,0.0023772666332884,1.633559448745847,1.801667489048701,2.7408067868661767,3.209793597729939,57.94,0.5794,-2.1614067868661766,-0.0466574572380058,0.0088234635034713,0.0073213036845629,0.1564201583177787,0.1536627325873071,0.1065440191727911,,
2023-11-21,35741.65,-0.0466574572380058,1.79695383922969,2.0009781360790067,2.8816344225180406,3.331257262795212,55.72,0.5572,-2.3244344225180407,0.0455769987877179,0.0466214073497633,0.0790711429856585,0.1434168582008602,0.2047271063937577,0.1540894848410471,,
2023-11-22,37408.34,0.0455769987877179,1.595101654132375,2.178849157776702,2.3620750359878877,3.443176854522246,55.5,0.555,-1.807075035987887,-0.0030537105294436,-0.0044377217473224,0.0531492450291072,0.1036163627144212,0.1615920756730923,0.1057335446930288,,
2023-11-23,37294.28,-0.0030537105294436,1.3349961081769413,2.1041333742652677,2.31218992923712,3.435509133925743,53.87,0.5387,-1.7734899292371198,0.0111800129543677,0.0139682207288749,0.0693457498477386,0.1393096901246948,0.1585575651138084,0.0591812525540523,,
2023-11-24,37713.57,0.0111800129543677,1.331132766658797,2.0920915659127903,2.2998527525462773,3.4418980211936465,53.65,0.5365,-1.763352752546277,0.0017776195288349,0.0037335848995823,0.1074377144282723,0.1316976795267857,0.13098244509659,0.0562961950725666,,
2023-11-25,37780.67,0.0017776195288349,1.3313509969283106,2.090511316350096,2.2921016863342376,3.4415341910055006,52.13,0.5213,-1.7708016863342375,-0.0088595133917138,-0.0015021598189082,0.1540570145441439,0.1044495823569735,0.1427119272034395,0.0592016096848759,,
2023-11-26,37447.43,-0.0088595133917138,1.2781500171210325,2.09707796672093,2.2937134161801893,3.443939792579032,53.19,0.5318999999999999,-1.7618134161801895,-0.0054821303093678,0.0324497356358954,0.1558435451127142,0.1213294830068279,0.1267760887304828,0.0649681479102857,,
2023-11-27,37242.7,-0.0054821303093678,1.2816295588963464,2.076316642235398,2.293644597840389,3.4141423359863765,50.62,0.5062,-1.7874445978403892,0.0153522319467537,0.0575869667764296,0.1500761667367326,0.1052124219809878,0.1536680143380616,0.1160026691459378,,
2023-11-28,37818.87,0.0153522319467537,0.9664503946530334,2.040360131360963,2.299007939124189,3.4257585392177945,50.58,0.5058,-1.793207939124189,0.0009453771250752,0.0553775291188637,0.1552600543473085,0.1204019567427859,0.1181950025830725,0.1077294600061613,,
2023-11-29,37854.64,0.0009453771250752,0.4197042421881625,1.6493941123717455,2.2989043264045703,3.4255791444506416,51.9,0.519,-1.7799043264045702,-0.0034581251896556,0.1037041295286898,0.1439057049617394,0.1104657510684587,0.1055088352192624,0.1046553072421117,,
2023-11-30,37723.96,-0.0034581251896556,0.4208478012044006,1.3997597939025677,2.298042820179991,3.350515348523797,49.8,0.498,-1.8000428201799912,0.0250923820630897,0.1555591743630521,0.1490988546332156,0.1463414289027439,0.110708616524109,0.1379195523744778,,
2023-12-01,38682.52,0.0250923820630897,0.6010862066099719,1.4605543708638409,2.3084771901043566,3.3672135340309035,51.46,0.5146000000000001,-1.7938771901043564,0.0196551008311664,0.1233938094768188,0.0643457152152016,0.1256559634080991,0.0890110126107492,0.1044415908514957,,
2023-12-02,39450.35,0.0196551008311664,0.7079259451115523,1.507864258076333,2.3242578922728536,3.3877563967085425,52.35,0.5235,-1.8007578922728538,0.0131427942891877,0.0924891999603029,0.0504671176853139,0.108442830643985,0.1132190930933638,0.0763417402229455,,
2023-12-03,39972.26,0.0131427942891877,0.7318179399218194,1.472828898228817,2.334526807819906,3.3882951504054506,54.72,0.5472,-1.7873268078199058,0.0492719775349014,0.0998825252284449,0.0699639402769561,0.0892118152660697,0.1172963019753111,0.0749413815533677,,
2023-12-04,41991.1,0.0492719775349014,1.187732509266421,1.747364541189145,2.5100569116621263,3.507375708839076,55.09,0.5509000000000001,-1.9591569116621264,0.0483969196447064,0.0402015754330496,0.0242599650985135,0.0235447306683176,0.0201366292278495,0.0283828041835874,,
2023-12-05,44073.32,0.0483969196447064,1.4763491651776637,1.7645490140106022,2.674801353610087,3.609342532490007,55.71,0.5571,-2.117701353610087,-0.0070729828231434,-0.0064603197298363,-0.0496074321871702,-0.0113450873407043,0.0017632310906978,-0.0243966212931642,,
2023-12-06,43762.69,-0.0070729828231434,1.482410378262428,1.540679129634362,2.6781475007262614,3.611828836574647,53.71,0.5371,-2.1410475007262613,-0.0112495086853494,-0.0590480942616172,-0.0345140621058863,-0.0290674563822313,0.0087005342508254,-0.0273293333215666,,
2023-12-07,43273.14,-0.0112495086853494,1.496451438356661,1.5545030650141216,2.679924978049677,3.618116181504227,52.4,0.524,-2.1559249780496765,0.0205361195573296,-0.0420220822749889,-0.0448637447557446,0.003591847601329,0.015937255391087,-0.0131294726491283,,
2023-12-08,44170.99,0.0205361195573296,1.4708790143986403,1.5889586850434725,2.7057714918049345,3.632361155148455,53.72,0.5372,-2.1685714918049346,-0.0104089722604937,-0.0299185849514886,-0.0348580976045226,-0.0370650517642359,-0.0054930892387833,-0.0245696038960314,,
2023-12-09,43713.6,-0.0104089722604937,1.4359748364486076,1.6009943393640371,2.65279773785763,3.635144326308567,53.98,0.5398,-2.1129977378576306,0.0017350244818206,-0.015941610334536,-0.0334399538932807,-0.038396869742477,0.0714460901341175,0.0144444230496615,,
2023-12-10,43789.51,0.0017350244818206,1.4142400552295171,1.5923669272523229,2.634821081754107,3.617191156897123,55.03,0.5503,-2.084521081754107,-0.0596607573549242,-0.0431471124573338,-0.0027574257304716,-0.0383902381091066,0.0516355552372667,0.0336621582378959,,
2023-12-11,41253.4,-0.0596607573549242,1.5534276539550214,1.9554656707905944,2.869442869264994,3.791627456440581,55.59,0.5559000000000001,-2.313542869264994,0.0057765033012788,0.0245340321557309,0.0613102481928974,0.0246652973955476,0.1230249205560248,0.1332349791870382,,
2023-12-12,41492.39,0.0057765033012788,1.25315251434705,1.9364911778097824,2.8713639484372546,3.792531709284536,53.87,0.5387,-2.3326639484372547,0.0326396168808299,-0.0028416624807557,0.057975712958671,0.0627519754080498,0.1104773550240167,0.1404918569636309,,
2023-12-13,42869.03,0.0326396168808299,1.3931913412072314,2.0343359218169845,2.921637705184014,3.843449190541413,53.46,0.5346,-2.3870377051840137,0.0035680023564587,-0.0049395126530338,0.0192478749891134,0.0473323616983548,-0.002015137323594,0.1192816998106362,,
2023-12-14,43022.26,0.0035680023564587,1.3782008269646313,2.03440517763933,2.8821112065075942,3.838123733184104,53.13,0.5313,-2.3508112065075943,-0.0254704776409772,-0.0174983435587447,-0.0007152344301958,-0.0041233358706639,-0.0040589200393776,0.1486493789007655,,
2023-12-15,41940.3,-0.0254704776409772,1.4079407918989693,2.036119433749261,2.664669261658751,3.756713466041381,54.15,0.5415,-2.123169261658751,0.0080203872581405,0.0403896867268621,0.0382623448464659,0.0513706632778681,-0.0049705711040398,0.1697495050475603,,
2023-12-16,42278.03,0.0080203872581405,1.4022232133311172,2.0070509886194343,2.5215874226641133,3.759177472704823,53.81,0.5381,-1.9834874226641133,-0.0215991913352078,0.0367762160371665,0.0054466057236547,0.0432145963567118,0.0054976525181684,0.2030293358926187,,
2023-12-17,41374.65,-0.0215991913352078,1.4613051789698894,2.033589870131096,2.5441623928612294,3.781412632847188,54.6,0.546,-1.998162392861229,0.0305417667085518,0.0608173754394269,0.0484555923570738,0.0608010001468317,0.0417347456816756,0.2262649850012969,,
2023-12-18,42657.8,0.0305417667085518,1.0847587151978666,1.8946870312191213,2.6101076152924505,3.8170640325220777,56.02,0.5602,-2.0499076152924505,-0.008990828549252,0.0241873876421474,-0.0022069541597133,0.0293650083657392,0.0027693942476911,0.2004174644771718,,
2023-12-19,42275.99,-0.008990828549252,1.0927153920286097,1.662653948418182,2.583542010519961,3.7694151237154174,57.62,0.5761999999999999,-2.007342010519961,0.0324175526446297,0.0167831091285489,-0.0049569158491962,0.1048860440273984,-0.0226911746612158,0.2001283752257923,,
2023-12-20,43668.93,0.0324175526446297,1.090299876265851,1.7691059700877545,2.6563516762566293,3.816834561633907,58.1,0.581,-2.0753516762566293,0.0044069165684448,-0.0021273418803963,-0.035632812378635,0.0543929809677385,-0.047118713414516,0.1772508548758388,,
2023-12-21,43861.8,0.0044069165684448,1.091419154022253,1.7580197067190813,2.5037407366021327,3.81739893398134,58.63,0.5863,-1.9174407366021329,0.0024419680670525,-0.0313296103135117,-0.0366449507973498,0.0617146723631274,-0.0506376215527106,0.1658584105766874,,
2023-12-22,43969.04,0.0024419680670525,0.9780492478866852,1.7143154916131416,2.3479125448587013,3.3304792138582764,57.24,0.5724,-1.7755125448587012,-0.0060882210887275,-0.012361783082353,0.0047762624493786,0.0525016420653457,-0.0558585309800634,0.1727229305405356,,
2023-12-23,43702.16,-0.0060882210887275,0.972949313759288,1.7067103758837685,2.350067847623752,3.29682288837306,56.97,0.5697,-1.780367847623752,-0.0163951070628506,-0.0263943418018607,0.0280844867092414,-0.0212630123127076,-0.0993763125597561,0.1709456411028039,,
2023-12-24,42991.5,-0.0163951070628506,0.9351259532422768,1.7348986640468365,2.361209094342123,3.296153981627472,58.73,0.5872999999999999,-1.7739090943421232,0.0135071016356846,-0.021740024977745,-0.003408101440468,-0.0033436856091818,-0.0746862500240233,0.1764625739667014,,
2023-12-25,43576.13,0.0135071016356846,0.7749709549150997,1.333147197859167,2.3750255298307126,3.300678173927884,58.26,0.5826,-1.7924255298307126,-0.0247953518646705,-0.0335054704982386,0.0131083184314022,-0.0432329159505057,-0.0835103175185636,0.1522868169712518,,
2023-12-26,42508.93,-0.0247953518646705,0.8918972276754504,1.4104990580327914,2.415885452290771,3.331309615474848,59.98,0.5998,-1.8160854522907708,0.021409795298211,-0.005315340483838,0.0377679906330569,5.104679451339388e-05,-0.061807940820197,0.193191419769777,,
2023-12-27,43428.85,0.021409795298211,0.7610594288879152,1.3296485529960649,2.448028054580617,3.354645569537289,64.35,0.6435,-1.8045280545806173,-0.0201207798082353,0.0171380455317318,0.0123454077897579,-0.0067208466753981,-0.0376653451921238,0.1748916861504544,,
2023-12-28,42563.76,-0.0201207798082353,0.8484642187821145,1.3824208115910996,2.460606193877746,3.3674946689646856,63.75,0.6375,-1.8231061938777464,-0.0117407902387348,0.0544788285111023,0.0315719625254525,0.0049763484074046,-0.0104655425769113,0.2467656783262526,,
2023-12-29,42066.95,-0.0117407902387348,0.8763725271542344,1.313243746469942,2.470742899159041,3.3748380073281257,62.5,0.625,-1.8457428991590412,0.0017416561151908,0.018331923537277,0.1098429598765945,-0.0177342588120195,-0.0008535279771507,0.3044437443205006,,
2023-12-30,42140.28,0.0017416561151908,0.8692564269535767,1.3046980888101154,2.4700835517157014,3.373768450240363,63.11,0.6311,-1.8389835517157012,0.0033947781497301,0.0466137889296409,0.0900257933463735,-0.0114859010358809,0.0272109358503688,0.3930755133098732,,
2023-12-31,42283.58,0.0033947781497301,0.813450277906151,1.2394199865472844,2.423985378267117,3.3473529917361398,64.71,0.6470999999999999,-1.7768853782671168,0.0438631813137809,0.0430833311168949,0.0983596231604771,-0.0139926707553607,0.0154305782407464,0.3686199442986353,,
2024-01-01,44179.55,0.0438631813137809,1.1390181368003958,1.3776582656530854,2.5371143922862087,3.440802840811787,66.81,0.6681,-1.8690143922862088,0.0172200031711351,-0.0047926377419737,0.0477253796159669,-0.0606347934294422,-0.0368773528704183,0.3451093339801955,,
2024-01-02,44946.91,0.0172200031711351,1.0868255443167687,1.4059411184379649,2.546003689152513,3.454294457860825,63.75,0.6375,-1.9085036891525136,-0.0478876952125601,-0.0229068659856496,-0.049347499021949,-0.1274607992689974,-0.0423549204219433,0.3214471871994256,,
2024-01-03,42845.23,-0.0478876952125601,1.36048180817358,1.558884923485519,2.536344533539697,3.5683930967032653,65.17,0.6517000000000001,-1.8846445335396973,0.0300235215075549,0.0915110363393176,6.441583128630296e-05,-0.0712781485835552,0.0082461749557379,0.3873478193603978,,
2024-01-04,44151.1,0.0300235215075549,1.425537570039349,1.6589300449829811,2.43045949306349,3.614096792934134,65.34,0.6534,-1.77705949306349,-0.0001356796630157,0.0434120044167324,-0.056341234381908,-0.0966186359499658,-0.0261598523838622,0.4354967331447374,,
2024-01-05,44145.11,-0.0001356796630157,1.4077820272102324,1.658275924714235,2.426701502101323,3.614049559143751,67.64,0.6764,-1.750301502101323,-0.0040127875450878,0.055276292043582,-0.0377169438385434,-0.0995759314532539,-0.0360298675723922,0.3670792524985168,,
2024-01-06,43968.32,-0.0040127875450878,1.4094752416606964,1.655967147214756,2.418380925733416,3.609787277655815,71.39,0.7139,-1.7044809257334157,-0.0008942250725407,0.0525180173579407,-0.0190662544651562,-0.0500107529818818,-0.0290667280402154,0.4073065568466474,,
2024-01-07,43929.02,-0.0008942250725407,1.408085890696822,1.6261633467167609,2.3864043904237864,3.6077867565168296,71.81,0.7181000000000001,-1.6683043904237862,0.066530207112407,-0.0264406330362994,-0.026595614118048,-0.042037505102364,-0.0190765146572481,0.4194747271680523,,
2024-01-08,46951.04,0.066530207112407,1.7017760271375986,2.047780252493044,2.6964731326628195,3.7826317813336,67.16,0.6716,-2.02487313266282,-0.0180755104150301,-0.0914466205080313,-0.1275772186886141,-0.1106964878537453,-0.0570016670844559,0.3722270063708214,,
2024-01-09,46110.0,-0.0180755104150301,1.7050111520737812,2.021942826213294,2.718294112133303,3.7856842199151353,64.17,0.6417,-2.0765941121333027,0.0117286079638338,-0.0997532387986406,-0.1015116943822544,-0.0628148574960047,-0.0179733969993708,0.3930741913838035,,
2024-01-10,46653.99,0.0117286079638338,1.4561054475124129,1.9927754074773645,2.477932442787702,3.791286268668662,62.7,0.627,-1.850932442787702,-0.0067710622307292,-0.0929932358821255,-0.1123522939158379,-0.0829290449197306,0.0102100586310133,0.3907084256086169,,
2024-01-11,46339.16,-0.0067710622307292,1.3446047783203132,1.9596222527506448,2.478851373739442,3.793340883373797,57.3,0.573,-1.9058513737394427,-0.0798528754667809,-0.0715842718230969,-0.1083601730454091,-0.0846027324863852,0.0300145019396142,0.4417628614004996,,
2024-01-12,42782.73,-0.0798528754667809,2.0335611912410565,2.473301711206681,2.8431090702974724,4.076669727358431,57.42,0.5742,-2.268909070297473,0.0015242196406752,-0.0001549810817486,-0.0781133002470485,0.0069925786000056,0.1212968371342301,0.5128915190557853,,
2024-01-13,42847.99,0.0015242196406752,2.032324212279395,2.4732493122755623,2.842440938053468,4.04796683447369,55.07,0.5507,-2.291740938053468,-0.0263821287056394,-0.0361305981805828,-0.0713425644148415,0.0081817591244516,0.1527082989401434,0.5337921312056026,,
2024-01-14,41732.35,-0.0263821287056394,2.09382328212332,2.523252229235344,2.8454744029603387,3.8983569426017786,56.87,0.5687,-2.2767744029603385,0.0184886108803488,-0.0017584555836139,-0.0402774015680578,0.0301813819980458,0.1747200761516002,0.5368663479662331,,
2024-01-15,42511.1,0.0184886108803488,1.700963090934797,2.406099973663332,2.8632172205213937,3.815287142801718,55.96,0.5596,-2.3036172205213936,0.0146379018282994,-0.0193590580337123,-0.0618589876147105,0.0016870762661512,0.1975316833744502,0.4915593759947138,,
2024-01-16,43137.95,0.0146379018282994,1.6888543545048218,2.399852507848318,2.847093093789569,3.818206564076076,55.16,0.5516,-2.295493093789569,-0.0084235847254326,-0.0367759012223122,-0.0309444985167257,-0.0100004735750593,0.1845302393196213,0.4145985638867033,,
2024-01-17,42776.1,-0.0084235847254326,1.6816416877423055,2.224446412082816,2.791301934004076,3.821521719182364,50.79,0.5079,-2.2834019340040754,-0.0344513974581589,-0.0779583191652999,-0.0154418909843159,0.0075190994607998,0.1976480702294805,0.4692979630444926,,
2024-01-18,41327.5,-0.0344513974581589,1.8012225194516571,2.2477465547658158,2.8627049742670763,3.856133956414764,48.31,0.4831,-2.3796049742670764,0.0079900138913296,-0.0352119662342586,0.0168807308348687,0.0705755516041582,0.2228195498870081,0.4922276152504312,,
2024-01-19,41659.03,0.0079900138913296,0.9696847189625498,2.2529224515529207,2.7990719568478246,3.8588868922998136,48.04,0.4804,-2.3186719568478247,0.0008880084302503,-0.0385189459844439,0.0386968368862497,0.0835382973828836,0.2243695682903548,0.3966060457217666,,
2024-01-20,41696.04,0.0008880084302503,0.969395839480487,2.2516815932585006,2.797856860198125,3.754559985707872,47.96,0.4796,-2.318256860198125,-0.0027789413603004,-0.0424999295809981,0.0294232489961072,0.1225623525468513,0.2164960321293979,0.4867533488774592,,
2024-01-21,41580.33,-0.0027789413603004,0.8297595498804436,2.2522426262237967,2.797971614800369,3.6525797014621664,47.82,0.4782,-2.3197716148003686,-0.0496060026684201,0.0058314027055864,0.0237574405590239,0.1383746749850234,0.228581461520599,0.4544423128599035,,
2024-01-22,39568.02,-0.0496060026684201,1.2090943640194656,2.0869079083242017,2.951828529208501,3.77307706710109,48.98,0.4897999999999999,-2.462028529208501,0.0082949554728822,0.0625164281809839,0.0851058788470542,0.1994101373812786,0.2703219536625599,0.4776793081492248,,
2024-01-23,39897.6,0.0082949554728822,1.1869353788542267,2.0642297896081545,2.9394377234180022,3.7703584069762863,49.59,0.4959,-2.443537723418002,0.0046830341411442,0.0520926970691275,0.0795243235392932,0.2240508633549848,0.2511488239907247,0.4724108057150031,,
2024-01-24,40084.88,0.0046830341411442,1.1793731869989832,2.053981470258417,2.929455174605853,3.77126688095296,47.54,0.4754,-2.4540551746058528,-0.0030929751663039,0.0772157828706936,0.0704587835661037,0.2149974777196581,0.2357971344898153,0.5168226913425649,,
2024-01-25,39961.09,-0.0030929751663039,0.9804054405378904,2.0507553224156387,2.891503749400059,3.767929995552569,45.01,0.4501,-2.441403749400059,0.0455523909262842,0.0719231785771054,0.0635460638808619,0.2593906709891608,0.2549993605899741,0.5588733976826951,,
2024-01-26,41823.51,0.0455523909262842,1.3020274677533268,1.623442016511098,2.9918001089806867,3.8657094107176,43.73,0.4372999999999999,-2.5545001089806867,0.0070790228069771,0.0179260378534374,0.0209440249416663,0.2154747378363471,0.2125570313425784,0.5148651771704774,,
2024-01-27,42120.63,0.0070790228069771,1.3089227588301038,1.6288054156913552,2.970082535585093,3.856938307717289,42.43,0.4243,-2.5457825355850927,-0.0021287756389742,0.0225894506660702,0.0229609904451159,0.2130899612137965,0.2572312209031639,0.5003572163388786,,
2024-01-28,42031.06,-0.0021287756389742,1.3084777934172027,1.5493918311659411,2.9618795530446262,3.857110441831898,45.25,0.4525,-2.509379553044626,0.0298061199427104,0.0274316264701655,0.0536948207692894,0.2059388190521394,0.3052972722976515,0.5211760830723848,,
2024-01-29,43302.7,0.0298061199427104,1.0668674355328445,1.6124873041683347,3.0159394979093244,3.898359117308975,45.36,0.4536,-2.562339497909324,-0.0083855794598922,-0.00675699930459,0.044841460496634,0.1856727314041049,0.3658645774595044,0.4781428278023037,,
2024-01-30,42941.1,-0.0083855794598922,1.067125990524323,1.5961119864308848,3.019495099330306,3.8720867460495394,46.91,0.4690999999999999,-2.5503950993303057,-0.0084447497973837,-0.0083771146962435,0.0931391035507441,0.1870727831332906,0.353189366057889,0.482679090812474,,
2024-01-31,42580.0,-0.0084447497973837,1.075538316908686,1.5961528076443394,2.9053619353195104,3.8572110928427743,45.79,0.4579,-2.4474619353195104,0.0117424356196099,0.003017987088229,0.1146172344259994,0.2048240209615752,0.3819866868506137,0.5152312639890174,,
2024-02-01,43082.94,0.0117424356196099,1.0970956431586754,1.4713305808260912,2.8953795984728683,3.8555619310848974,44.76,0.4476,-2.4477795984728683,0.0027134001651212,0.0003715397790456,0.1143042585342245,0.1852160748155057,0.3638021076213691,0.4803527336363895,,
2024-02-02,43200.0,0.0027134001651212,0.6700177318790476,1.4643084674400006,2.7475226846666687,3.7392411657413382,42.41,0.4241,-2.323422684666669,-0.0043825058320451,0.0262631942991238,0.1445265398156916,0.1716245004514316,0.3791016444046598,0.4156597252192913,,
2024-02-03,43011.09,-0.0043825058320451,0.6615459134840975,1.4666021219918233,2.6882849365797137,3.624087367553909,41.52,0.4152,-2.2730849365797137,-0.0100056948515458,0.051598459801224,0.1445386941535544,0.1653383509237117,0.4616565855285996,0.4276402341443649,,
2024-02-04,42582.88,-0.0100056948515458,0.6874085499999492,1.4780543462535418,2.69507156959156,3.626608738962825,42.69,0.4269,-2.2681715695915603,0.0029503519870888,0.1015162182469877,0.195844607108299,0.1914532967091122,0.4031091200709091,0.4752031866384294,,
2024-02-05,42708.7,0.0029503519870888,0.3891528469099599,1.1356258465086797,2.694570566241159,3.6206735338061633,42.37,0.4236999999999999,-2.2708705662411592,0.0090959883104264,0.1115992473377704,0.1945307128946805,0.1916130064009118,0.4363732848868628,0.4624636319482067,,
2024-02-06,43098.95,0.0090959883104264,0.3949340392115401,1.1378623708430031,2.700114381767597,3.603545974351116,42.87,0.4286999999999999,-2.271414381767597,0.0286050546851993,0.1139327187551789,0.1901289707686806,0.2342702304580481,0.4385512418253004,0.4690994863179635,,
2024-02-07,44349.6,0.0286050546851993,0.6546787759542664,1.2591215075693631,2.444113464704182,3.6393210882691736,43.82,0.4382,-2.005913464704182,0.0209527596700549,0.1182633455165678,0.1522439982828499,0.2516024515283621,0.4292286734552774,0.4472122657446602,,
2024-02-08,45288.65,0.0209527596700549,0.7338378363550571,1.3199003069565594,2.452484038811102,3.6611201620107754,44.91,0.4490999999999999,-2.003384038811102,0.0399120635942179,0.0929402343523304,0.140831270907471,0.3210231169628706,0.4110475883831742,0.4583179153510432,,
2024-02-09,47132.77,0.0399120635942179,1.057007910200841,1.251474923144484,2.558496345651048,3.561748551165508,47.79,0.4779,-2.080596345651048,0.0130333810778715,0.0943283888613113,0.0939336795825467,0.2600502625071448,0.3804983669776036,0.3832516983602851,,
2024-02-10,47751.09,0.0130333810778715,1.082708453340526,1.2688185806420649,2.5673276933992293,3.5687358571887238,49.91,0.4991,-2.0682276933992294,0.011429459727835,0.0829314655569102,0.0902067865355757,0.2673694524246143,0.4117483594608853,0.3914683803654454,,
2024-02-11,48299.99,0.011429459727835,1.0878404714437393,1.2868284290937817,2.0763998983841985,3.520611555343428,51.29,0.5129,-1.5634998983841983,0.0329356814465882,0.0761962520135016,0.0709118162812812,0.2494978490871444,0.3915946819215551,0.3711528844699259,,
2024-02-12,49917.27,0.0329356814465882,1.2554508340710455,1.314380742033225,2.1694528410190945,3.575751126089189,54.28,0.5428000000000001,-1.6266528410190944,-0.0043703514941825,0.0339806527662819,0.02709796063574,0.2345751045889682,0.3810838322654594,0.2960631783116441,,
2024-02-13,49699.59,-0.0043703514941825,1.2461658318201574,1.307249852065001,2.1117412290009803,3.543469429269155,52.19,0.5219,-1.5898412290009802,0.0413002181031989,0.0478910365551406,0.0207996567701574,0.3171178913750453,0.3621462718146327,0.2517061723436039,,
2024-02-14,51795.17,0.0413002181031989,1.3699823958589563,1.5183728345332128,2.2264920742255674,3.627020789639829,55.13,0.5513,-1.6751920742255677,0.0016364577734705,-0.0003947092787647,-0.0043913103991867,0.2072645129626101,0.2940276926202635,0.2372210331555911,,
2024-02-15,51880.0,0.0016364577734705,1.3105676680339289,1.502033815385713,2.209080474403141,3.603605920060277,55.08,0.5508,-1.658280474403141,0.0046942461844267,0.0072753209786653,-0.0029177064937687,0.2418425719921822,0.2300683245670821,0.20084575198298,,
2024-02-16,52124.11,0.0046942461844267,1.0696708156302788,1.5038156057304015,2.2050352465591385,3.5571824419536053,55.24,0.5524,-1.6526352465591383,-0.0092799178006313,-0.0052844357322204,0.0441412596893675,0.2484222710566196,0.2716498928150121,0.2020219743350301,,
2024-02-17,51642.64,-0.0092799178006313,1.055284852452188,1.511913924385271,2.1119647346795047,3.557453416451624,56.24,0.5624,-1.5495647346795047,0.0095400322946761,-0.006882692130542,0.0993584532455121,0.2769846751724274,0.269408065363423,0.1710629189247352,,
2024-02-18,52137.67,0.0095400322946761,1.0484105579840255,1.5108148759538056,2.1143114202767777,3.507864963410752,57.24,0.5724,-1.5419114202767776,-0.0069855277307065,-0.0270913797849832,0.1801918460553993,0.2702163174757031,0.1722364774314119,0.196680893628872,,
2024-02-19,51774.73,-0.0069855277307065,0.8491400033187242,1.5156502043696654,2.118451340257752,3.5093929804451336,56.83,0.5683,-1.550151340257752,0.0093064880309006,-0.0039966011204219,0.1661165829245983,0.2865646873950569,0.2702573167480612,0.209133246520116,,
2024-02-20,52258.82,0.0093064880309006,0.8635277459327693,1.5161165682069946,2.125236522281815,3.5135844137958445,55.63,0.5563,-1.5689365222818148,-0.0078655105264593,-0.0101930274724342,0.1771626658890386,0.3215415729253096,0.2258608513393043,0.2172641715160364,,
2024-02-21,51849.39,-0.0078655105264593,0.3816777774082419,1.422156703999507,1.9081498110088029,3.5148723116355383,54.01,0.5401,-1.3680498110088026,-0.010878174198953,0.0494256954215879,0.1785860328058632,0.320682865640274,0.2073573544866648,0.2251383052715965,,
2024-02-22,51288.42,-0.010878174198953,0.433465816317293,1.380391330895521,1.912880958849504,3.5070511391455086,55.38,0.5538000000000001,-1.359080958849504,-0.010668655359765,0.1062411453760542,0.2074771439532281,0.3539858716297194,0.2212619817242784,0.2645272645814983,,
2024-02-23,50744.15,-0.010668655359765,0.4705250990071647,1.1685844097055411,1.9216277457280029,3.503478387713658,52.23,0.5223,-1.399327745728003,0.0161092509338547,0.2072832258403827,0.2963182346048879,0.3413466150444753,0.2810255568527495,0.2691115372898106,,
2024-02-24,51568.22,0.0161092509338547,0.5335556363743641,1.1825006287194475,1.945220252259478,3.4849211989075197,54.18,0.5418,-1.4034202522594783,0.0031100616788884,0.1701131840450203,0.2116558233617967,0.2984190030194503,0.303874037092721,0.220492129505053,,
2024-02-25,51728.85,0.0031100616788884,0.5049679343590616,1.1636826512512908,1.7406980984247449,3.461343346441721,55.17,0.5517,-1.188998098424745,0.0517532123675628,0.1873556933614727,0.2447602784859509,0.2329860310608508,0.302308145827899,0.2206238340819561,,
2024-02-26,54476.47,0.0517532123675628,1.10217769123726,1.3913426638672517,1.9973364652750805,3.5792098602492044,56.05,0.5605,-1.4368364652750805,0.0459372757555132,0.1291603373842753,0.2042810113672522,0.2275086331256446,0.2431259954357145,0.1575141518186795,,
2024-02-27,57037.34,0.0459372757555132,1.3976472753723297,1.6428932023571787,2.1812689073404607,3.678405161598445,58.36,0.5836,-1.5976689073404606,0.0903734251045635,0.1012359985771741,0.1776262219269153,0.1700496121179108,0.2158788107747334,0.1067348453471477,,
2024-02-28,62432.1,0.0903734251045635,2.2162855525057985,2.24891075323438,2.723004081248949,4.063328965460215,67.76,0.6776000000000001,-2.045404081248949,-0.0210607908615077,0.0890350087645051,0.0900244714203038,-0.0079553686239874,0.1122782503427992,0.0109362469986327,,
2024-02-29,61130.98,-0.0210607908615077,2.242906098579778,2.2844081029802843,2.747905284052353,4.082687118186082,65.54,0.6554000000000001,-2.0925052840523533,0.0203525709953411,0.0415426393167766,0.1204481044704588,0.1041407338234629,0.1294897247545851,0.0437683630802025,,
2024-03-01,62387.9,0.0203525709953411,2.2672177442313792,2.315528053933557,2.770586006925347,4.014632585551768,65.37,0.6537000000000001,-2.116886006925347,-0.0064421436096346,0.057404585124478,0.144378907036271,0.0486981854502658,0.1332445771384036,-0.0278890396833905,,
2024-03-02,61987.28,-0.0064421436096346,2.249600816925132,2.3120089646489426,2.764229877393141,4.003022587286488,65.82,0.6581999999999999,-2.1060298773931416,0.018012936948412,0.0751206739829769,0.1420968328344108,0.0287713216808017,0.1165506260150206,-0.0602133216085,,
2024-03-03,63113.97,0.018012936948412,2.274995259680661,2.3303639300118637,2.7850869897359862,3.912235990217692,71.72,0.7172,-2.067886989735986,0.0781724352918946,0.0763902233497413,0.1465087276764912,0.01378483777105,0.0365580808146314,-0.0663779349127739,,
2024-03-04,68245.71,0.0781724352918946,2.5354444538368845,2.764647218281804,3.159143640033207,4.148139876933233,74.81,0.7481,-2.411043640033207,-0.0685531603092363,0.0009894626557986,0.0450283804395875,-0.0152926777521383,-0.0340163513842347,-0.0818544616877034,,
2024-03-05,63724.01,-0.0685531603092363,2.715432559529225,3.0540124249431484,3.414524493523022,4.349987158841894,73.19,0.7319,-2.682624493523022,0.0362145168030425,0.0789054651536823,0.0867631796576535,0.0922182137309242,0.0720940665675203,0.0026333693466017,,
2024-03-06,66074.04,0.0362145168030425,2.207075747688634,3.127795550588509,3.4834601539669787,4.403998771653876,74.85,0.7484999999999999,-2.734960153966979,0.0112739452488642,0.0869743219117929,-0.0117742474251001,0.057547867341948,0.0260903470613439,-0.0317053656566814,,
2024-03-07,66823.17,0.0112739452488642,2.1807515345399966,3.1283070537344817,3.4857836723172384,4.409229579509517,69.68,0.6968000000000001,-2.7889836723172383,0.0192824863151763,0.0669761588514337,0.0232276217583922,0.0388449840684623,0.0305482444926629,-0.0562965184168787,,
2024-03-08,68124.19,0.0192824863151763,2.1771992464437577,3.143321946360711,3.462331451608992,4.238092697092538,71.87,0.7187,-2.743631451608992,0.0027716745979517,0.0701185043267499,-0.0075766098090044,0.0382525888478181,0.0179835922893828,-0.089177055525786,,
2024-03-09,68313.27,0.0027716745979517,2.1743625758434435,3.128666880116634,3.439520527084431,4.224331830817553,75.04,0.7504000000000001,-2.689120527084431,0.0093628421886472,0.0440389177837888,-0.0979798400442911,0.0222537789224954,0.047270326967869,-0.1100707434588581,,
2024-03-10,68955.88,0.0093628421886472,2.154395387502809,3.13321287455271,3.3586996447826185,4.222175606790018,80.12,0.8012,-2.5574996447826184,0.0442833735611532,0.0078577145039712,-0.0163073706469958,0.0090416202841264,0.0027533313826814,-0.0891580809875963,,
2024-03-11,72078.1,0.0442833735611532,1.7682481261923246,3.091145421081784,3.454653727830025,4.304161226592761,83.02,0.8301999999999999,-2.624453727830025,-0.0087242178114949,-0.0987485693368931,-0.0956807215860052,-0.0111343298978673,-0.0202799790954399,-0.1701606288537947,,
2024-03-12,71452.01,-0.0087242178114949,1.199646508108424,2.968623541267597,3.4517723519917194,4.028171906458853,78.08,0.7807999999999999,-2.6709723519917192,0.0224248317904923,-0.0437485370930414,-0.113325511153609,-0.0255462068193902,-0.0204417974516293,-0.1610088708013734,,
2024-03-13,73072.41,0.0224248317904923,1.069582217954261,2.4525883219568865,3.420868890862366,4.050786293779979,77.5,0.775,-2.645868890862366,-0.023307911945009,-0.0776951141357543,-0.1327238899054411,-0.1099506468618598,-0.0850206539538152,-0.1726740516124831,,
2024-03-14,71388.94,-0.023307911945009,1.1383775278645705,2.4599960673435235,3.448718881808791,4.043898236109194,74.58,0.7458,-2.702918881808791,-0.0268183610911704,-0.1420187578280801,-0.0603210581917259,-0.0790447318238223,-0.1104400994710289,-0.1259597926989582,,
2024-03-15,69499.85,-0.0268183610911704,1.19277329100562,2.4825198251880374,3.396114756537794,4.060894285273014,76.7,0.767,-2.629114756537794,-0.0623229102797109,-0.024165085150967,0.0054550340732707,-0.0146691130901331,-0.0568066594646724,-0.1210282126164014,,
2024-03-16,65300.63,-0.0623229102797109,1.6845228126091998,2.750539895625828,3.598656825808774,4.22260198128231,75.73,0.7573000000000001,-2.8413568258087736,0.0462758144323566,0.0030678477508878,0.0693221147670481,0.037864594486444,-0.0292225725841019,0.0137769614187571,,
2024-03-17,68393.48,0.0462758144323566,1.894003641667215,2.868565718323715,3.704580603077819,4.311159691227934,75.93,0.7593000000000001,-2.9452806030778187,-0.0115217452522204,-0.0695769740605676,0.01561736231007,0.0073206227342706,-0.0696279184799819,-0.0472781446043171,,
2024-03-18,67609.99,-0.0115217452522204,1.7087809982965414,2.4589904302217183,3.70687722477211,4.266302122455001,74.08,0.7408,-2.9660772247721097,-0.0876315556373349,-0.0550287757696867,0.0458291986568224,0.0255602020983872,-0.0983451464386878,-0.0087049889907822,,
2024-03-19,61937.4,-0.0876315556373349,2.3864392538032893,2.671000572165782,4.063331143775422,4.580499183046328,76.61,0.7661,-3.297231143775422,0.0910353115859427,0.0816976996363541,0.1202336189667866,0.1452501670121602,0.0244444161974601,0.0773019485522169,,
2024-03-20,67840.51,0.0910353115859427,2.9217212121222653,3.1113439157909166,4.417890906824091,4.899550606498402,77.73,0.7773,-3.6405909068240914,-0.0350899773778561,0.0296201192242377,0.0253489909311222,0.0190607020296773,-0.0611240702279451,-0.0233616948398855,,
2024-03-21,65501.27,-0.0350899773778561,2.964387334890987,3.1754520413964906,4.464927102317667,4.944917016963109,75.26,0.7526,-3.7123271023176665,-0.0263690073790988,0.0662542670161603,0.084546391688138,0.0754007424905653,-0.0085966798232678,0.0868810656824508,,
2024-03-22,63796.64,-0.0263690073790988,2.962915589859104,3.1939907508267,4.490744515827703,4.879325978830429,72.46,0.7245999999999999,-3.766144515827703,0.0030264530386604,0.0851943363706375,0.0877793043342188,0.0928837137019796,0.0177809507849317,0.0949116183033217,,
2024-03-23,63990.01,0.0030264530386604,2.713761043645123,3.1940751569439745,4.486305533290207,4.877094514232765,73.68,0.7368000000000001,-3.749505533290207,0.0490949197687059,0.1008579744265091,0.0227732430435811,0.0477032359516258,0.04326528285722,0.0777913988778459,,
2024-03-24,67209.99,0.0490949197687059,2.7317820109212327,3.32413639158226,4.57877238253853,4.965663069948389,72.62,0.7262000000000001,-3.8525723825385296,0.0389577311738261,0.0385359193304324,-0.0187236736320963,-0.0501190412793029,-0.0119140195629388,0.0112393848202212,,
2024-03-25,69880.01,0.0389577311738261,2.822789620190538,3.299708129516119,4.628649736400754,5.020784820332694,76.25,0.7625,-3.8661497364007538,0.0015441704140665,-0.0042711282931155,-0.0201241471634038,-0.0622616935379431,-0.0833819075876679,-0.0192163682389145,,
2024-03-26,69988.0,0.0015441704140665,2.272899224610517,3.295627891211065,4.628362372857111,4.944872912860252,75.39,0.7539,-3.874462372857111,-0.0074289380246216,0.0182921246719776,-0.0314575202806042,-0.0985446873511502,-0.0816843117459428,-0.0100149768816383,,
2024-03-27,69469.99,-0.0074289380246216,1.470137310023403,3.2707428134428493,4.523744921175457,4.945060269337301,75.78,0.7578,-3.765944921175457,0.018690091094532,0.0025849679635813,-0.0082967395757992,-0.0852452807900519,-0.0856118436170351,-0.0139491509549149,,
2024-03-28,70780.6,0.018690091094532,1.3562368718900863,3.259903483837565,4.452138202631332,4.957768512290544,76.53,0.7653,-3.686838202631332,-0.0132271353273706,-0.078084731382928,-0.0202689965584352,-0.1441743450955102,-0.1091439654275857,-0.0191732941121174,,
2024-03-29,69850.54,-0.0132271353273706,1.284306947983897,3.229289880030877,4.1114850106537375,4.931435918607155,73.11,0.7311,-3.3803850106537374,-0.0038493164497219,-0.0572595929625289,0.0250165480453733,-0.0957892027693265,-0.1013420033441665,-0.0210085301851276,,
2024-03-30,69582.18,-0.0038493164497219,1.2851106725196648,3.0026668883893555,4.092409927122149,4.929381549619664,74.93,0.7493000000000001,-3.343109927122149,0.0241074233791595,-0.0158530188702882,-0.0062882889014449,-0.0864730611590673,-0.0857213616743826,-0.0281253737404862,,
2024-03-31,71280.01,0.0241074233791595,0.9919032924420956,2.9062871669451944,4.099847847530127,4.948221821489812,76.64,0.7664,-3.3334478475301266,-0.0231360947330178,-0.0497496449525817,-0.0091456491975725,-0.0931430715114058,-0.1611336168217942,-0.0419426124343006,,
2024-04-01,69649.8,-0.0231360947330178,0.7907507027665488,2.931454914164848,4.121769185762146,4.962856842159688,73.81,0.7381,-3.383669185762145,-0.0619796082519771,-0.0108817075393804,0.0051044093677609,-0.0699983535492872,-0.1767639476235206,-0.0307596657035137,,
2024-04-02,65463.99,-0.0619796082519771,1.423570710030981,2.6819068685719127,4.274656522969786,5.101901403375489,74.37,0.7437,-3.530956522969786,0.0075980030930285,0.0578157348244928,0.0249299929080445,0.0204920398136387,-0.1029360157274052,0.0345729168547107,,
2024-04-03,65963.28,0.0075980030930285,1.423896365684783,2.046652039437378,4.007900995980172,5.103279233193215,72.45,0.7245,-3.2834009959801724,0.0375572576425187,0.0822761410079023,-0.0313953676472065,0.0068096540691576,-0.0478381103034686,0.0269569106970287,,
2024-04-04,68487.79,0.0375572576425187,1.5539720446116532,2.0625730455207467,3.855228878473032,5.14992885604074,72.31,0.7231000000000001,-3.1321288784730315,-0.0097892027031338,0.0095647299688433,-0.0421375463745392,-0.063257760424264,-0.0694606972209184,0.0046921487312895,,
2024-04-05,67820.62,-0.0097892027031338,1.5446511481080452,2.0088283913742395,3.797245423480885,5.153015374557132,71.96,0.7195999999999999,-3.077645423480885,0.0157318426801832,0.0406039957550092,-0.0670871670705459,-0.0502267914653386,-0.0577957127180253,0.0392830249130083,,
2024-04-06,68896.0,0.0157318426801832,1.57190109321504,2.0303651118640174,3.803027057892173,5.158847023633619,72.3,0.723,-3.080027057892173,0.006717834111896,0.0159861169071414,-0.0769485412142527,-0.0773151040412358,-0.0868447629095418,0.0316017268784864,,
2024-04-07,69360.39,0.006717834111896,1.50838289898777,1.805295297594335,3.787317623878527,5.1314241556259725,77.43,0.7743000000000001,-3.0130176238785267,0.0320584092764381,-0.032885741916448,-0.1239053485370749,-0.0888749688691505,-0.1071606478151687,0.0205297684815293,,
2024-04-08,71620.0,0.0320584092764381,1.5668337068401703,1.755065394455802,3.836156471568947,5.152319665024239,76.25,0.7625,-3.073656471568947,-0.0351541533965402,-0.1136715086551088,-0.1208057508147,-0.12635855138954,-0.1573410704267271,-0.0321274712497823,,
2024-04-09,69146.0,-0.0351541533965402,1.2263372034255169,1.8789509048837945,3.8903948180332897,5.139653212430112,73.69,0.7369,-3.15349481803329,0.0212500630830319,-0.0517022763433826,-0.0801847722576223,-0.0794330727729377,-0.0919114123702778,0.0023756215830628,,
2024-04-10,70631.08,0.0212500630830319,1.283609327235858,1.9170638396196475,3.8189294131684446,5.149646030745509,72.32,0.7232,-3.0957294131684447,-0.0088860361676844,-0.1076911628255551,-0.0839974223138332,-0.1519879676242217,-0.1498806497583548,-0.0140142793408853,,
2024-04-11,70006.23,-0.0088860361676844,1.0777866340447433,1.8911512747424568,3.8190655911520026,5.1478145226392575,68.42,0.6842,-3.1348655911520025,-0.0421540247116934,-0.092934658121394,-0.0751027629170481,-0.1818683569912815,-0.140567073349744,-0.0066821115093785,,
2024-04-12,67116.52,-0.0421540247116934,1.3323804586580434,2.0398982464734163,3.879472176958664,5.172296234774872,66.94,0.6694,-3.2100721769586635,-0.0487273574622227,-0.0910196066206269,-0.0044379530944059,-0.1278660086354498,-0.0876533976586678,0.0029415907872848,,
2024-04-13,63924.51,-0.0487273574622227,1.5973550719482803,2.241074803019644,3.964675854719001,5.254742292323795,72.95,0.7295,-3.2351758547190013,0.026815078915186,-0.0071342421595911,0.038205021716364,-0.0164427426562621,-0.0155196932279293,0.065679538828998,,
2024-04-14,65661.84,0.026815078915186,1.6725799592352626,2.252275003189926,3.964667751582717,5.220362613843383,71.99,0.7199,-3.2447677515827165,-0.0347388233991405,-0.0284824959142397,-0.0211202140497248,-0.0273231508463792,-0.064221553151729,0.0167810221491402,,
2024-04-15,63419.99,-0.0347388233991405,1.6920032121010051,2.3060448249439185,3.839447126595133,5.262288968486975,70.48,0.7048000000000001,-3.134647126595133,0.0058704685364765,0.0236937405117219,0.0168603756052073,0.0092914543525206,0.0429995340028591,0.0405419237241427,,
2024-04-16,63793.39,0.0058704685364765,1.55704250205024,1.9819899822391605,3.737954440428946,5.2627199092696255,70.88,0.7088,-3.029154440428946,-0.0402389732109262,0.0178318952043459,-0.0003665628269831,-0.0098962216952891,0.0223497738756648,0.0374575291089769,,
2024-04-17,61277.37,-0.0402389732109262,1.6883598326080569,2.1208988258121124,3.8098357296592287,5.315617278032932,70.72,0.7071999999999999,-3.102635729659229,0.0351580069988131,0.086581653526221,0.0350303796679245,0.0167447007219062,0.0896401574479054,0.0844475094121971,,
2024-04-18,63470.08,0.0351580069988131,1.809118326063542,2.105833124021096,3.4875605794203697,5.354786529741612,69.98,0.6998000000000001,-2.787760579420369,0.0054668251605374,0.0453392638759553,-0.0055528005748399,-0.036535319612027,0.0528575323547568,0.0466984445684315,,
2024-04-19,63818.01,0.0054668251605374,1.6233380780502005,2.1001105214396545,3.024743963723031,5.354141958397993,70.4,0.7040000000000001,-2.320743963723031,0.0174374130268211,0.0073622818645148,0.0007516994846846,-0.0117266401126554,0.0377623753880594,0.0210454307494624,,
2024-04-20,64940.59,0.0174374130268211,1.3709740838180788,2.1050209415537218,2.968270927700263,5.361548874088664,71.98,0.7198,-2.2484709277002626,8.623229100669178e-06,-0.0068333649065146,-0.0679905453103885,-0.0658832274445216,0.0954777455057187,0.0005200325006646,,
2024-04-21,64941.15,8.623229100669178e-06,1.271659262048665,2.101104709144594,2.9252074911985275,5.359442617754254,72.05,0.7204999999999999,-2.204707491198528,0.0285107851109486,-0.0181984580313291,-0.1067655940742333,-0.065464310432696,0.0771306675183901,-0.0010963621015565,,
2024-04-22,66819.32,0.0285107851109486,1.2138105782087878,2.082357075415182,2.974927117709829,5.3830408407995245,69.37,0.6937000000000001,-2.281227117709829,-0.0060843826514526,-0.0515512738582964,-0.1234280555410439,-0.0832154445642619,0.0345261160206259,-0.0408685639723469,,
2024-04-23,66414.0,-0.0060843826514526,1.2141950166413806,1.9745001624785024,2.8255866615565663,5.380436461204979,64.16,0.6416,-2.1839866615565664,-0.0325101568509029,-0.0508920644507952,-0.0546477643726262,-0.0537247149442935,0.0231534043831599,-0.0329392452546747,,
2024-04-24,64289.59,-0.0325101568509029,1.1265180580567753,2.029680235774176,2.7956662859255266,5.407416052473066,62.44,0.6244,-2.1712662859255265,0.0032417662557915,-0.0066105823798303,-0.0062029367966544,-0.0431013391020042,0.0641655393487533,-0.016935046093628,,
2024-04-25,64498.34,0.0032417662557915,0.9064808582247864,2.0235159164253926,2.7961966054302763,5.407444286416579,59.29,0.5929,-2.2032966054302765,-0.0113564698957138,-0.0611571804038739,-0.0075689212526867,0.0261391583976518,0.0716693348643044,-0.0674185005876986,,
2024-04-26,63770.01,-0.0113564698957138,0.9262142979354292,1.8689835315881569,2.801007900998511,5.320706097250329,55.12,0.5512,-2.249807900998511,-0.0048420307160186,-0.0885671360429042,-0.0095296588683059,0.0227163367026479,0.0716626926621201,-0.031282408214529,,
2024-04-27,63461.98,-0.0048420307160186,0.8691647225706091,1.6232736224869988,2.779694436897268,5.248641323032748,54.69,0.5468999999999999,-2.2327944368972674,-0.0054251732439513,-0.0718767816827475,-0.0182856789460183,0.054609777779981,0.0899706713154683,-0.0417828538611885,,
2024-04-28,63118.62,-0.0054251732439513,0.8753228844518621,1.5437964343783424,2.770123586046189,4.957609673501915,56.79,0.5679,-2.2022235860461894,0.011771325220062,-0.0037556999218309,-0.0309825190371871,0.0584103329295968,0.0803334731590387,-0.0226270255304357,,
2024-04-29,63866.0,0.011771325220062,0.7211590468959372,1.4118804803138996,2.7782642577662084,4.946369506778597,55.33,0.5533,-2.2249642577662083,-0.051304831768252,0.0004076455831757,-0.0124783395973401,0.0370106759033748,0.0575959879338964,-0.0553372125020108,,
2024-04-30,60672.0,-0.051304831768252,1.2113240604228983,1.7151021887328406,2.909875224089228,5.02753679177644,59.81,0.5981000000000001,-2.3117752240892275,-0.0387664255347442,0.0535882591511872,0.0021073178658668,0.1634682908161071,0.1191910043874936,0.0051731730408578,,
2024-05-01,58364.97,-0.0387664255347442,1.2767414651009696,1.7026778038831003,2.969938059462353,5.080306417701727,61.22,0.6122,-2.357738059462353,0.0118483236441381,0.0790374771745983,0.0413012836415373,0.1838962615926234,0.1460042819200067,0.0727933923853466,,
2024-05-02,59060.61,0.0118483236441381,1.2951728372038327,1.5808795730727154,2.7330632206358336,5.073689284668549,56.77,0.5677,-2.1653632206358338,0.0626959085169651,0.0535911027367291,0.0402126109767819,0.1579541715616698,0.1375089325821159,0.0629817999819197,,
2024-05-03,62882.01,0.0626959085169651,1.750751961007369,1.9806578085755169,2.9804860057072737,4.994653864262843,55.88,0.5588000000000001,-2.421686005707273,0.0159346707250689,-0.027226819115356,0.0009230494283326,0.0778011687557862,0.0747950210004976,-0.0119431118547852,,
2024-05-04,63892.04,0.0159346707250689,1.7746135974903372,1.9760315623387292,2.9088013798609023,4.829483944780552,56.89,0.5689,-2.339901379860902,0.0018757817997593,-0.0128859851805159,-0.0368984023053498,0.0703684761454078,0.0741528459522079,-0.0593799169079767,,
2024-05-05,64012.0,0.0018757817997593,1.7719466215461444,1.976356491540411,2.903004020360064,4.779801789653334,58.65,0.5865,-2.3165040203600635,-0.0133172075113331,-0.0514809412853202,0.0337080796503383,0.079238256116991,0.0970787376310337,-0.1151423141908365,,
2024-05-06,63165.19,-0.0133172075113331,1.775936642971238,1.916773677502852,2.8985910713618326,4.781719879085196,55.57,0.5557,-2.3428910713618327,-0.0135980507937309,-0.0377361935330609,0.0322459955709538,0.0811923515304261,0.1184464897880283,-0.109235845141701,,
2024-05-07,62312.08,-0.0135980507937309,1.5035605096251827,1.9308029898111712,2.907378381964398,4.774581011989934,53.76,0.5376,-2.369778381964398,-0.0181220133351202,-0.0133784917599472,0.0728954567259992,0.1082563502614865,0.127690416296698,-0.067752389105954,,
2024-05-08,61193.03,-0.0181220133351202,1.3535242321011811,1.860671012187072,2.863143737055056,4.786824472800095,55.43,0.5543,-2.308843737055056,0.0302755046599091,0.0281498685436887,0.0893928519667839,0.1113159921962259,0.1252135991769448,-0.0912239395508175,,
2024-05-09,63074.01,0.0302755046599091,1.4544240754526203,1.9475168983828703,2.842724225587668,4.818324694634359,52.17,0.5217,-2.321024225587668,-0.036719174305045,-0.024012417124834,0.049489015500715,0.0700743275312364,0.0942870339533405,-0.106276772982413,,
2024-05-10,60799.99,-0.036719174305045,1.0829332802237523,2.058610433857587,2.899722127147045,4.795061029583385,54.27,0.5427000000000001,-2.357022127147045,0.0004275402409262,0.0851890209356587,0.1613609729502402,0.1170836865216265,0.1358663704174694,-0.046284916354523,,
2024-05-11,60825.99,0.0004275402409262,1.039294326044711,2.056547134530674,2.8947597715706777,4.792170293783926,54.17,0.5417000000000001,-2.3530597715706776,0.0107596509793828,0.0699821891040147,0.1425949779510862,0.1047029982784694,0.1338849618403655,-0.0523120846180295,,
2024-05-12,61483.99,0.0107596509793828,1.058822225526805,2.064194597143964,2.788063693835277,4.777405523155722,54.52,0.5452,-2.242863693835277,0.0234063469685158,0.0862739484859465,0.1177415605848878,0.0972963216053339,0.0905949884459528,-0.0697802736469324,,
2024-05-13,62940.08,0.0234063469685158,1.1208658764927768,2.100069349553455,2.665825816925322,4.777581178711399,56.13,0.5613,-2.104525816925322,-0.0218867810086137,0.0612429834230949,0.0768781193274534,0.0738719715721647,0.0811992320569274,-0.083654051443737,,
2024-05-14,61577.49,-0.0218867810086137,1.1677737988088353,1.9037830368213595,2.6493435000133347,4.76839714804701,56.23,0.5623,-2.0870435000133347,0.0724822637554475,0.0735014326255489,0.1072668784507576,0.1110512482575578,0.0810025753008693,-0.039306936688737,,
2024-05-15,66206.5,0.0724822637554475,1.7780381408141823,2.23460230848244,2.914813342131436,4.820528089056951,58.61,0.5861,-2.328713342131436,-0.0147792915907175,0.0761719520145814,0.0455301764666527,0.0633706579806953,-0.0024576102787162,-0.0852232320527947,,
2024-05-16,65235.21,-0.0147792915907175,1.7048707858607848,2.240967154542382,2.9263089491770526,4.7471662562792325,57.49,0.5749,-2.3514089491770527,0.0270514103613143,0.0726127888470712,0.0489463559594721,0.0862004942170742,0.015107755233312,-0.0078651152774273,,
2024-05-17,67024.0,0.0270514103613143,1.6375454120137036,1.963236986668524,2.8704328012878144,4.770139699599696,55.26,0.5526,-2.3178328012878144,-0.0016246180943355,0.0314676120989414,0.0353608935354873,0.0547949595706988,-0.0051926480357084,-0.0299869539832972,,
2024-05-18,66915.2,-0.0016246180943355,1.6378191697985904,1.939738211488466,2.7909096456826963,4.466794761962056,56.67,0.5667,-2.2242096456826963,-0.0096283318061598,0.0156351359043584,0.0219231402294421,0.0358207472101609,-0.0061590877863252,-0.0431691632329912,,
2024-05-19,66274.01,-0.0096283318061598,1.635247012742202,1.9481112129321136,2.795014389572438,4.118395498734416,57.32,0.5732,-2.221814389572438,0.07515278314448,0.0337654458252086,0.0205853120305214,0.0447980184526254,-0.0167169446385971,-0.0351034987600348,,
2024-05-20,71446.62,0.07515278314448,2.1296862107607075,2.4066374195940323,3.1245192756629043,4.309669709411572,61.94,0.6194,-2.5051192756629046,-0.0183384547582277,-0.0306417755479288,-0.0442772864286135,-0.0254946025327708,-0.0949577130050539,-0.0693455245690701,,
2024-05-21,70148.34,-0.0183384547582277,2.1174196753134464,2.4180905124889183,3.144100790959675,4.294439270763674,58.59,0.5859000000000001,-2.558200790959675,-0.0140937663868154,-0.0236664328875991,-0.0378919796726166,-0.0087100161107206,-0.0782270296199466,-0.0438327469087573,,
2024-05-22,69166.62,-0.0140937663868154,1.62430751673765,2.4082762588873368,3.108243170768064,4.302483813370088,56.8,0.568,-2.540243170768064,-0.0174570942889185,0.0038932814365458,-0.0204452389795538,-0.027146572138935,-0.0753946799929728,-0.0145821517809524,,
2024-05-23,67969.65,-0.0174570942889185,1.6339775664089824,2.361454442501356,3.123923368958458,4.212224732500767,53.18,0.5318,-2.592123368958458,0.0085019781146903,0.0062880043250835,-0.0030061477552887,0.0043211127294739,-0.0560926496378347,-0.0064595743218175,,
2024-05-24,68549.99,0.0085019781146903,1.5585785030700166,2.260690586223401,3.065861784525352,4.149127434060516,52.29,0.5229,-2.542961784525352,0.0107455617713425,-0.0131801337946872,0.0037843698068002,-0.0262643031498883,-0.0811005854423814,-0.0388785338707244,,
2024-05-25,69290.57,0.0107455617713425,1.571734413245338,2.269978127370264,3.072103216009585,4.154098413138071,52.21,0.5221,-2.550003216009585,-0.0113631120978981,-0.0136355108806847,0.0178404815140426,-0.0479877867453689,-0.1390878354520031,-0.0581536032655233,,
2024-05-26,68507.67,-0.0113631120978981,1.575957086674738,2.271051195310802,3.0721121807735625,4.157345127928807,53.73,0.5373,-2.5348121807735624,0.0134659479373295,-0.0142255467850175,0.037254138257602,-0.03383860072616,-0.1029451008766492,-0.0403266313502735,,
2024-05-27,69436.43,0.0134659479373295,0.698805002811255,2.2414039770327747,3.081477214094213,4.1499642147251645,53.91,0.5390999999999999,-2.542377214094213,-0.0150623714003808,-0.0243385204160997,0.0194340660352116,-0.0405535415711958,-0.1317535251766569,-0.022257957049845,,
2024-05-28,68398.39,-0.0150623714003808,0.6696183329647527,2.220777970272354,3.0931486132274046,4.152246744291579,54.76,0.5476,-2.545548613227405,-0.0109661600050804,-0.0092941520803722,0.0138976069807187,-0.0280822280157673,-0.1029604986894745,-0.0073647994954486,,
2024-05-29,67652.42,-0.0109661600050804,0.647905003112857,1.7487583600912684,3.092068261013188,4.156878446231781,53.24,0.5324,-2.559668261013188,0.0102901846853451,0.0169645036014874,0.024212706422104,-0.0373022566691185,-0.1129332004359072,0.0087925494870601,,
2024-05-30,68352.17,0.0102901846853451,0.5892335491149311,1.7369740536146183,2.939181418553119,4.135959529654063,53.27,0.5327000000000001,-2.4064814185531187,-0.0119531480022309,0.0314759923947272,0.0187826838958427,-0.0506804265764403,-0.1140178313466357,-0.0231994483626288,,
2024-05-31,67540.01,-0.0119531480022309,0.6107069898791762,1.6739563846526166,2.853489572539575,4.118608359341187,51.99,0.5199,-2.3335895725395748,0.0033529743062472,0.0514796850426196,0.0291819635618961,-0.0403350499473299,-0.0732108895346602,-0.0202209853882214,,
2024-06-01,67766.85,0.0033529743062472,0.5787236181389598,1.674894053954314,2.8452181845647018,3.945237773033455,50.68,0.5068,-2.3384181845647016,-1.800306465331948e-05,0.0437725864513114,-0.0067013331593811,-0.0549494410134188,-0.0745271326001963,-0.0474253839094825,,
2024-06-02,67765.63,-1.800306465331948e-05,0.5364627004290149,1.664762135559287,2.5808008546258923,3.942566407995512,51.11,0.5111,-2.0697008546258924,0.0152924956767793,0.0231917590610911,0.0073272604847626,-0.053086501882546,-0.0867381328552828,-0.036236181161484,,
2024-06-03,68809.9,0.0152924956767793,0.5540443967453316,0.8917923668202912,2.579382405567103,3.887716432769991,52.77,0.5277000000000001,-2.051682405567103,0.0248016734785851,0.0072482028206168,-0.0300486729566883,-0.0848849552491816,-0.1335327628601845,-0.1123376099639543,,
2024-06-04,70537.84,0.0248016734785851,0.6698325943766096,0.9471348459072731,2.622298460967233,3.9120175818390455,53.95,0.5395,-2.082798460967233,0.0080505446456613,-0.0126933084988846,-0.0658282682594116,-0.1569283169660456,-0.2122210518218704,-0.1502387195714004,,
2024-06-05,71108.0,0.0080505446456613,0.6545518580593804,0.920988071555576,2.6144546861259914,3.903486070781436,55.62,0.5562,-2.0582546861259914,-0.0043541242850611,-0.0222977214807236,-0.0710927389837622,-0.1401992391342513,-0.2276823349297294,-0.2009848210352588,,
2024-06-06,70799.06,-0.0043541242850611,0.6298482884404726,0.862499299625206,2.602844995675881,3.902262308895816,51.87,0.5186999999999999,-2.0841449956758806,-0.0205988304548735,-0.0504739196106925,-0.0599876076064073,-0.1511875912118683,-0.1954428054026521,-0.270513404531741,,
2024-06-07,69355.6,-0.0205988304548735,0.7067052438014443,0.9340210538867648,2.6095607284222093,3.873938468065936,50.02,0.5002,-2.1093607284222093,-0.0006510605636952,-0.0158644985763285,-0.0419798349964861,-0.1168581056701933,-0.2164375387277624,-0.2135022440893734,,
2024-06-08,69310.46,-0.0006510605636952,0.7039059087474571,0.9112653590263552,2.544680855213681,3.815295752315152,50.34,0.5034000000000001,-2.0412808552136807,0.0048601621590837,-0.0372968757773052,-0.0615149630912226,-0.1371459068580113,-0.2005638069357537,-0.2288263449936853,,
2024-06-09,69648.14,0.0048601621590837,0.7100036192773286,0.8898861547065988,2.4478344922009057,3.7947703640503274,51.79,0.5179,-1.9299344922009056,-0.0015538683361776,-0.053134959760527,-0.069463110472283,-0.1328005152424785,-0.1821512867719925,-0.1213991562386077,,
2024-06-10,69540.0,-0.0015538683361776,0.6477865231712412,0.8524039964519073,2.4480008736932044,3.791087233592312,50.88,0.5088,-1.9392008736932045,-0.0325303224150299,-0.0487950175030386,-0.069517013509226,-0.1023928530965563,-0.1861970464583951,-0.1336876972097178,,
2024-06-11,67314.24,-0.0325303224150299,0.7624686661228791,1.014905991364965,2.5172809100179485,3.756328305782549,52.49,0.5249,-1.9923809100179484,0.0140105905794903,-0.0095136879957148,-0.0482481078540377,-0.0678257994408151,-0.1603752620928853,-0.0997526612512036,,
2024-06-12,68263.99,0.0140105905794903,0.7933162233697407,1.0284885828975523,2.4916628228919477,3.6489739529308,50.56,0.5056,-1.9860628228919472,-0.0220834377646717,-0.0261153364201576,-0.0604137623673085,-0.0940653933400453,-0.1648532835006645,-0.150728210498901,,
2024-06-13,66773.01,-0.0220834377646717,0.8946694174194195,1.0941399512480094,2.49229608850878,3.637383781491729,49.23,0.4922999999999999,-1.99999608850878,-0.010977921824138,-0.0242180873139174,-0.0548362822924931,-0.1034840899034961,-0.1203095119896063,-0.1179034508372887,,
2024-06-14,66043.99,-0.010977921824138,0.8303899347604827,1.0904034782446257,2.082770992904649,3.5824672822445214,48.56,0.4856,-1.5971709929046491,0.0027860739213107,-0.016328150711756,-0.0911000487066341,-0.1463927835624587,-0.0827656217740783,-0.0862382107696927,,
2024-06-15,66228.25,0.0027860739213107,0.8320011619494128,1.089820839337713,2.064229200426793,3.5811068481585893,48.03,0.4803,-1.583929200426793,0.0067510070922938,-0.0207219960061874,-0.0691065001504891,-0.1565895959459672,-0.0229728705107394,-0.1209503865094283,,
2024-06-16,66676.87,0.0067510070922938,0.8368031306615978,1.0974263614803306,2.0026428049670733,3.499994667280994,47.9,0.479,-1.5236428049670732,-0.0025910578449524,-0.0387344198583229,-0.091199983605461,-0.1354551977962448,-0.0247943059475887,-0.147359336247924,,
2024-06-17,66504.33,-0.0025910578449524,0.8377401992722426,1.0589787632804455,2.0030140504049507,3.4352935735515184,48.81,0.4881,-1.5149140504049508,-0.0201861886584316,-0.034298425947151,-0.0748782706737071,-0.1744577037312762,-0.0370100754466659,-0.1218573000657177,,
2024-06-18,65175.32,-0.0201861886584316,0.6813873084842536,1.022568888135473,2.03149182903154,3.4552951378050034,50.06,0.5006,-1.53089182903154,-0.0030879852219766,-0.0306181949785756,-0.0756309437667887,-0.139048843844531,-0.0183865541214378,-0.0912391880250764,,
2024-06-19,64974.37,-0.0030879852219766,0.6293813635224319,1.0126556823575246,1.4383814401704864,3.4397037476236174,48.6,0.486,-0.9523814401704864,-0.0016077713731205,-0.0747718979948778,-0.0633374047701954,-0.1126881762997093,0.0256121884359837,-0.1062087823201033,,
2024-06-20,64869.99,-0.0016077713731205,0.4680404343401548,1.009700556919191,1.3953979932510232,3.439840889239244,48.28,0.4828,-0.9125979932510232,-0.0112614167598417,-0.0483845041443017,-0.0328758395873304,-0.116680032949169,0.0343942827111892,-0.0874429485110355,,
2024-06-21,64143.56,-0.0112614167598417,0.47049237850037,0.9544163252891552,1.3859737292537415,3.403248269933863,47.11,0.4711,-0.9148737292537414,0.0018449360662195,-0.0524655637471381,-0.0195776915867774,-0.1121271542388475,0.0608125282120204,-0.0833523814497872,,
2024-06-22,64262.01,0.0018449360662195,0.4687987365197749,0.954985962644326,1.3457086459294794,3.401445130360641,46.43,0.4643,-0.8814086459294794,-0.0165059576898561,-0.0405798447265561,-0.0336516309727366,-0.1044395211333559,0.0496330753160173,-0.0495401651298596,,
2024-06-23,63210.01,-0.0165059576898561,0.5500727255324669,1.0014087491428103,1.3725856102368006,3.3590921004405496,48.23,0.4822999999999999,-0.8902856102368006,-0.047241688238279,-0.045012748788213,-0.048647807611003,-0.0654732296971132,0.0422220515716569,-0.0458736497675814,,
2024-06-24,60293.3,-0.047241688238279,1.0558068908061835,1.3477896097501707,1.6298602427858038,3.4776806323798963,50.96,0.5096,-1.1202602427858035,0.0247796224774557,0.0114344932246824,-0.0552927348558247,0.0083344269325555,0.0809342321864797,0.0602438026873235,,
2024-06-25,61806.01,0.0247796224774557,1.0909253044949472,1.2862374136024846,1.6832814180549185,3.503042903480668,48.14,0.4814,-1.2018814180549182,-0.0153424763626781,0.0155086645569713,-0.087483095795478,0.0461336296397497,0.0626184695263756,0.037332751301764,,
2024-06-26,60864.99,-0.0153424763626781,1.1280759875927608,1.2917725552637889,1.6891323717388955,3.514067442471488,47.05,0.4705,-1.2186323717388958,0.0137306550868014,0.0328878721603607,-0.0442552141907837,0.0664056776578724,0.1094955681268117,0.0536565560978583,,
2024-06-27,61706.47,0.0137306550868014,1.157767554089256,1.248794441643275,1.684984438215471,3.522320385844952,47.94,0.4794,-1.205584438215471,-0.0209388617515131,0.0069282137538194,-0.099579433057569,0.0378681952270412,0.095595699194026,0.0181075405929337,,
2024-06-28,60427.84,-0.0209388617515131,1.2058879318019224,1.294422180856174,1.719100924666254,3.5378233590660653,45.4,0.4539999999999999,-1.265100924666254,0.0092055537746166,-0.0036350588227899,-0.0634179000777423,0.0572443896453508,0.1217257499229674,-0.0169032061568082,,
2024-06-29,60986.68,0.0092055537746166,1.2181355554521731,1.3052304343752146,1.7168546286111557,3.403876793738497,43.47,0.4347,-1.2821546286111558,0.0288537938097445,-0.0667272280805072,-0.0493507715295139,0.0889495932061792,0.0908183829840068,-0.032526685226168,,
2024-06-30,62772.01,0.0288537938097445,1.2993416892452454,1.4109815125597518,1.7886634829817862,3.3677469910824094,45.44,0.4543999999999999,-1.3342634829817863,0.0020367312407112,-0.1029917603524493,-0.0838041933618387,0.0672701222985197,0.0529899041464388,-0.0559053526606857,,
2024-07-01,62899.99,0.0020367312407112,0.9355235439043204,1.410649670142491,1.7879395084904997,3.3603562614399847,44.71,0.4471,-1.3408395084904996,-0.0122290033197398,-0.0771430863511445,-0.0925494626520701,0.0803902197987978,0.0271017486907137,-0.0619092405101112,,
2024-07-02,62135.47,-0.0122290033197398,0.8400408769247344,1.3768757005960524,1.803139700167977,3.148308407630929,42.33,0.4233,-1.379839700167977,-0.0315021343281225,-0.1065076468113884,-0.0707878901606191,0.0832847062887539,0.0505019516937988,-0.052220502157847,,
2024-07-03,60208.58,-0.0315021343281225,0.990944538508337,1.501508079293243,1.8783434334782525,3.1908286773564023,45.36,0.4536,-1.4247434334782525,-0.0538866154831006,-0.0597828412549524,-0.0168254220861101,0.0908698591826599,0.0211951528962302,-0.0494817831491678,,
2024-07-04,57050.01,-0.0538866154831006,1.4046467095590114,1.8202906603003752,2.0889062284396505,3.352607708874554,47.53,0.4753,-1.6136062284396504,-0.0074107384621975,0.0173764565509933,0.0636271617883802,0.1362269670423043,0.06198233225047,0.0358461799147365,,
2024-07-05,56628.79,-0.0074107384621975,1.35390129439287,1.8130676818652436,2.088041802564803,3.3459366214954267,48.98,0.4897999999999999,-1.598241802564803,0.0278854052420161,0.0191875669906106,0.1336167254352277,0.1501015653218537,0.0266975138944705,0.0150540205970835,,
2024-07-06,58230.13,0.0278854052420161,1.4442784637533848,1.8893899841797115,2.1533279430207544,3.378109427136571,48.21,0.4821,-1.6712279430207544,-0.0415935637799837,-0.0154063763009255,0.1106608918486561,0.1537507823175956,-0.0750705991290887,-0.0044617578699077,,
2024-07-07,55857.81,-0.0415935637799837,1.5535512941544334,2.0252926823004134,2.261284231870242,3.45300066212395,50.99,0.5099,-1.751384231870242,0.0152226712283136,0.0357197566507694,0.1374476282846101,0.195175132251595,0.0029352946383889,0.0057514670833556,,
2024-07-08,56714.62,0.0152226712283136,1.5800597618631531,1.836244306256208,2.2798756564143385,3.416611429999283,51.03,0.5103,-1.7695756564143386,0.0232726823228449,0.0429574191688421,0.1206622897230933,0.1851436500007097,-0.0282625380579316,-0.0497339552252465,,
2024-07-09,58050.0,0.0232726823228449,1.6247135490512414,1.8290332942227043,2.3209700031249083,3.373247019803635,50.05,0.5005,-1.8204700031249084,-0.0055996280225802,0.046250705237387,0.138300364735693,0.1401691545135208,0.0607521305333847,-0.0693462007885487,,
2024-07-10,57725.85,-0.0055996280225802,1.5129172698266122,1.8085601299760845,2.323244571677333,3.374933127845778,48.69,0.4869,-1.836344571677333,-0.0067085380495201,0.1144291584446171,0.1510743156603584,0.1367940975082775,0.0525093492486771,-0.0507392402956118,,
2024-07-11,57339.89,-0.0067085380495201,1.1160063739719837,1.7940185632877528,2.24224017249287,3.37110429549156,48.54,0.4854,-1.75684017249287,0.009532569171711,0.1260672681495817,0.1729396824508679,0.1196512113427839,0.0606226008416816,-0.0052087034668517,,
2024-07-12,57889.1,0.009532569171711,1.1218699924070512,1.758306285839326,2.233642813625276,3.346273127203114,46.32,0.4632,-1.770442813625276,0.0224603337463863,0.1017278716338408,0.1540725964493731,0.1212898418544178,0.0141250730017633,-0.0043819122755106,,
2024-07-13,59204.02,0.0224603337463863,1.0765222290465586,1.801344051116612,2.235014087955546,3.3476600433968686,49.18,0.4918,-1.743214087955546,0.0265659683913898,0.0777048705542511,0.1076952812687702,0.0380205749823404,0.0024060611523175,-0.0320258648081388,,
2024-07-14,60797.91,0.0265659683913898,0.8860249130750355,1.7884523393589606,2.282301268488254,3.089795153246913,49.3,0.493,-1.7893012684882543,0.0625788251846498,0.0920496594983061,0.072599805253924,-0.0016448295379103,-0.0034725889956142,-0.0448336219191034,,
2024-07-15,64724.14,0.0625788251846498,1.4593966958918612,2.1509131937479777,2.5759359058807383,3.300982881370374,54.52,0.5452,-2.0307359058807384,0.0049295716554446,0.0366451572157414,0.016484839886626,-0.1069192115407572,-0.0979775159986888,-0.067523931926804,,
2024-07-16,65043.99,0.0049295716554446,1.3932042158152225,2.140259821478689,2.574428142886473,3.261634324563728,56.49,0.5649000000000001,-2.009528142886473,-0.0148068273440296,0.0468724143012862,0.0430898904689393,-0.185731490977745,-0.1225650303003353,-0.0808354214138177,,
2024-07-17,64087.99,-0.0148068273440296,1.4176023727396208,2.0732860759038085,2.589450363600064,3.273731582104456,58.28,0.5828,-2.0066503636000634,-0.0015626673332034,0.0523447248155321,0.0577275039669848,-0.1345123336462212,-0.0848472246190518,-0.0804847498385087,,
2024-07-18,63987.92,-0.0015626673332034,1.4121123025966558,1.799869823595841,2.5607447124073635,3.2686958459826423,57.1,0.5710000000000001,-1.9897447124073635,0.0409107573354448,0.0299904107145191,0.0644813602776165,-0.1489248277810249,-0.0728526339036386,-0.0945686116860478,,
2024-07-19,66660.0,0.0409107573354448,1.6036803062852625,1.957136378648813,2.676719978420917,3.0387120643958028,60.8,0.608,-2.0687199784209174,0.0071743229020851,-0.019449854244382,0.0018687897778275,-0.0775482342023083,-0.1318209707560871,-0.1000409894223316,,
2024-07-20,67139.96,0.0071743229020851,1.5512727356948777,1.88821270256866,2.6800509744578944,3.021557344360966,62.65,0.6265,-2.0535509744578944,0.0151568287409893,-0.0201603173291154,-0.0142802181520809,-0.0985649664116812,-0.1218372312222249,-0.0835236519822695,,
2024-07-21,68165.34,0.0151568287409893,1.49422199004797,1.7371642127710722,2.6870495636402163,3.023434890259851,66.0,0.66,-2.027049563640216,-0.0093345168297836,-0.0037825238323466,-0.0532884711080839,-0.1123170816091861,-0.1441649096618076,-0.079627394645345,,
2024-07-22,67532.01,-0.0093345168297836,0.9138506761070572,1.7219064359602725,2.692730323308372,3.01027047851082,67.63,0.6762999999999999,-2.016430323308372,-0.0239169814342164,0.0053827791514526,-0.0327827545949551,-0.1399475234476097,-0.0991732404458769,-0.0662807927540316,,
2024-07-23,65936.01,-0.0239169814342164,1.017369815534683,1.7251258877329458,2.712958090548443,3.040416560029461,63.91,0.6391,-2.073858090548443,-0.0085295076234562,0.0344909495630973,-0.0696747062864297,-0.1052892201164525,-0.0880957013392383,-0.0400262363587146,,
2024-07-24,65376.0,-0.0085295076234562,0.9907434705974896,1.7294996709246755,2.56361027057668,3.037851548449996,61.39,0.6139,-1.94971027057668,0.0064638598173518,0.0213186440222097,-0.0742446347918344,-0.0760723942495382,-0.020690429499156,-0.0278757663311017,,
2024-07-25,65799.95,0.0064638598173518,0.9979637077269696,1.7291595406685265,2.5225437605867294,3.03260009833872,61.81,0.6181,-1.9044437605867293,0.031534622237758,0.0058800991770344,-0.1234040514273832,-0.1144623558853148,-0.0252857182246116,-0.0381021952202001,,
2024-07-26,67907.99,0.031534622237758,0.8648713857102652,1.822029922528054,2.576873478251249,3.081143471533086,60.1,0.601,-1.9758734782512488,-0.0001692138459844,-0.0495059472757372,-0.2288213814466843,-0.1656549207692747,-0.0558390120289534,-0.0551743310785675,,
2024-07-27,67896.5,-0.0001692138459844,0.8539473538582634,1.7707832119352724,2.563488560448909,3.0676776487402857,55.04,0.5504,-2.0130885604489093,0.0051911889774283,-0.0381655337464077,-0.1922398376132059,-0.1425747285860366,-0.0774881586010921,-0.0724398095757456,,
2024-07-28,68249.88,0.0051911889774283,0.8094510565035777,1.69938529133851,2.534024598591796,3.062121593839259,52.65,0.5265,-2.007524598591796,-0.0217018131643439,-0.1041656558495271,-0.2134061880586413,-0.1373339941812551,-0.1386289560797756,-0.0461152128618228,,
2024-07-29,66784.69,-0.0217018131643439,0.8918020894730394,1.2768844994790267,2.5616895458654065,3.083803357086775,51.73,0.5173,-2.0443895458654064,-0.0089746850278234,-0.0955632788140441,-0.079417023980136,-0.1336897605339147,-0.123345068210175,-0.0153108155694772,,
2024-07-30,66188.0,-0.0089746850278234,0.7848068877075638,1.2848981253602594,2.5075435443187817,3.080112283993448,50.62,0.5062,-2.001343544318781,-0.0238514242150137,-0.1292841506044176,-0.0842847482596003,-0.1075570130701439,-0.1088952568071245,-0.0049982685885775,,
2024-07-31,64628.0,-0.0238514242150137,0.8927553964665252,1.333635940746822,2.5483142498771696,3.112978188511492,48.73,0.4872999999999999,-2.0610142498771697,0.0111711996833452,-0.1793154341709472,-0.0590286105011021,-0.0908764385537237,-0.0890109892008251,0.014958582309959,,
2024-08-01,65354.02,0.0111711996833452,0.9095671430515084,1.3502755087977578,2.5465409356398427,3.120285806654786,49.81,0.4981,-2.0484409356398428,-0.060808933125691,-0.1540743038667981,-0.1071647688526544,-0.0663904858509216,-0.1027224538516458,-0.0314978579281407,,
2024-08-02,61498.33,-0.060808933125691,1.346853621895978,1.6006302485692028,2.7335545583231924,3.316699349868838,51.4,0.514,-2.2195545583231926,-0.0130994361288609,-0.1092405322091142,-0.0356145138300228,-0.0184209950528086,-0.0706769360453981,-0.0113251697291089,,
2024-08-03,60697.99,-0.0130994361288609,1.3699038234368108,1.6142684314042457,2.5446173988134757,3.292203963541479,51.45,0.5145000000000001,-2.0301173988134757,-0.042695556818197,0.0161462548339081,-0.0018277594577038,0.0535542052926784,-0.0261361523357333,-0.0008028199170235,,
2024-08-04,58161.0,-0.042695556818197,1.5912770539908578,1.7853217288300116,2.668406755700384,3.388261085442726,56.13,0.5613,-2.107106755700384,-0.0738827077815432,0.0449994023448174,0.0089416955420683,0.0981183332027716,-0.0116434932973869,0.0435966632540214,,
2024-08-05,54018.81,-0.0738827077815432,2.086304863833424,2.2689158097301627,2.9713601318906595,3.669577940796907,63.08,0.6308,-2.3405601318906597,0.036412329987494,0.120286823669845,0.0631664606774096,0.172982369417731,0.070608841259181,0.1391882014456019,,
2024-08-06,56022.01,0.036412329987494,2.1925344143777714,2.3287612606757504,2.9464317676329723,3.7141441192583993,61.54,0.6154,-2.3310317676329726,-0.0159751614680071,0.0469095350141436,0.0496651090271694,0.1147516790121138,0.0028161724449665,0.1023247823925906,,
2024-08-07,55134.16,-0.0159751614680071,2.166266894874467,2.3430161027507195,2.9478855006422937,3.726642179443551,60.88,0.6088,-2.3390855006422937,0.1122873509141612,0.0736260183790915,0.0760721938773861,0.0747772319788657,-0.021471417167315,0.130502573681594,,
2024-08-08,61685.99,0.1122873509141612,3.041257269199299,3.174359488964106,3.618621615736625,4.2989910622472784,56.81,0.5681,-3.050521615736625,-0.0138424093072877,-0.0179740142916119,-0.0542727365537787,-0.0439280442300389,-0.1300983313219333,0.0086839387361061,,
2024-08-09,60837.99,-0.0138424093072877,2.8230327926384,3.1278633005817373,3.626694914974467,4.307015364046181,55.02,0.5502,-3.076494914974467,0.0014047135434843,-0.036057706802749,-0.0232722648105436,-0.0246105085475242,-0.1032485895442891,0.0215051595412076,,
2024-08-10,60923.51,0.0014047135434843,2.81204589504621,3.12797675843556,3.624528879102,4.262024235804539,56.28,0.5628,-3.0617288791020005,-0.0369649586682071,-0.0571203629924353,-0.0318478280526215,-0.0299823786997228,-0.0658313043085335,-0.0047300369787039,,
2024-08-11,58712.59,-0.0369649586682071,2.782261443299382,3.20517416085744,3.688194825775127,4.311837345231642,57.11,0.5710999999999999,-3.1170948257751268,0.0107413218969405,0.0027555740130256,0.0407742830017328,0.0044423150010087,-0.018506985277274,0.0271154688569711,,
2024-08-12,59346.64,0.0107413218969405,2.4063836106512717,3.184862644835104,3.6688912501420585,4.296050625717616,57.48,0.5748,-3.0940912501420588,0.020687318243458,0.0024461754982947,0.0171935187772141,-0.0350624222153753,-0.0344319259604564,0.0524108458874799,,
2024-08-13,60587.15,0.020687318243458,2.3372957169283595,3.204708789672243,3.655047370841969,4.309091593740134,56.92,0.5692,-3.085847370841969,-0.0319261018184248,-0.0362987222621667,0.0553819647503821,-0.0243083928780295,-0.0413610329234892,0.0423198896459513,,
2024-08-14,58683.39,-0.0319261018184248,2.396213030796628,3.230255276102592,3.507424567667357,4.351720681418117,55.31,0.5531,-2.9543245676673564,-0.0196579426462018,0.0127854419922053,0.0891766376607033,-0.0205851888394553,0.0304535840718847,0.0689126979444193,,
2024-08-15,57541.06,-0.0196579426462018,1.1317250588294228,3.245003449341778,3.526216955845668,4.365992015862991,55.64,0.5564,-2.969816955845668,0.0229109783372539,0.0252725349398139,0.1098159087403213,0.0074423805817714,0.0417296088865175,0.1384277288247276,,
2024-08-16,58874.6,0.0229109783372539,1.1842534947406431,3.0613674212869637,3.542001674041117,4.387599462628576,53.12,0.5312,-3.010801674041117,0.0104319233822097,0.038018708988707,0.0650865699849445,-0.0468489365822027,0.0043624747805429,0.1303888165026862,,
2024-08-17,59491.99,0.0104319233822097,1.2006070334396215,3.057623156079069,3.547478779223952,4.375159330946306,53.71,0.5371,-3.010378779223952,-0.0180575795170035,0.0147473432789192,-0.0012949618985204,-0.0975436110447012,-0.0217159777824093,0.1280622635244598,,
2024-08-18,58427.35,-0.0180575795170035,1.0304057802193631,2.966936940816208,3.4774597941625003,4.38834324807146,55.32,0.5532,-2.9242597941625004,0.0171580624359473,0.091680687012549,0.0103446923237396,-0.0758255947681547,0.0317799813337553,0.1431840089951185,,
2024-08-19,59438.5,0.0171580624359473,1.061640008302328,2.6301637950590107,3.49018558418988,4.400462320913515,53.68,0.5367999999999999,-2.95338558418988,-0.0071708496985934,0.0763911956684979,-0.0013382437369805,-0.0799763247337453,0.0383135792399553,0.1408399330305915,,
2024-08-20,59013.8,-0.0071708496985934,0.9948069806351232,2.540195306879379,3.480849444643684,4.397334216742608,54.06,0.5406,-2.940249444643684,0.0356571523861472,0.0845433738005074,0.0018654493528986,-0.0339834762559119,0.0645375150164625,0.1472798206043328,,
2024-08-21,61156.03,0.0356571523861472,1.0400375307862075,2.6121858575536754,3.54239779035318,4.44964927821997,54.68,0.5468,-2.9955977903531794,-0.0128394423275779,0.0270678609962372,-0.036331968000724,-0.0592812682790069,0.0328924476918451,0.1211415530986338,,
2024-08-22,60375.84,-0.0128394423275779,1.000399976793054,1.510497177206897,3.521358373085585,4.4452341212552815,53.99,0.5399,-2.9814583730855846,0.058875764216626,-0.0160423051774397,-0.0522559409925895,-0.0516254447376705,0.0480694649805237,0.1097221093727218,,
2024-08-23,64037.24,0.058875764216626,1.440287017620424,1.864640188597082,3.693051573902598,4.495634276374213,55.43,0.5543,-3.138751573902598,0.0018685710918962,-0.0813359946888091,-0.0796903576284118,-0.0967429976738714,-0.0071853368319456,0.0515659110737859,,
2024-08-24,64157.01,0.0018685710918962,1.4268777023552663,1.8647887886362176,3.691158910773519,4.4707808186778495,55.14,0.5514,-3.1397589107735184,0.0009813284334161,-0.0777294394054785,-0.1097618265001586,-0.0587230535888184,-0.0128164769955886,0.0384014672094526,,
2024-08-25,64220.0,0.0009813284334161,1.3846709607373613,1.7259923932100056,3.641708084910929,4.461201037682602,54.2,0.542,-3.099708084910929,-0.021818360418123,-0.0826779244476089,-0.1023735281585499,-0.0680862998538037,0.0006646809503857,0.0601046559286715,,
2024-08-26,62834.0,-0.021818360418123,1.4084079332188362,1.763715513789546,3.6654852660021806,4.472947108432146,51.58,0.5158,-3.149685266002181,-0.0559496085012552,-0.0633998289969615,-0.1119355065671472,-0.0607240952044014,0.0050483490253465,0.0596835868836308,,
2024-08-27,59415.0,-0.0559496085012552,1.7627890210004666,2.024121058948835,3.816873979575599,4.581463482581694,52.69,0.5268999999999999,-3.289973979575599,-0.0064179252947433,-0.0362136358151496,-0.0962486491461807,-0.0204210158838888,0.0925137432179526,0.1215294197554489,,
2024-08-28,59034.9,-0.0064179252947433,1.6304559265345926,1.9339246608427247,3.796268913905124,4.579728266620029,52.91,0.5291,-3.2671689139051234,0.0054751263752269,0.0016456370603975,-0.0861702870918944,0.0214352890100156,0.1080342526406978,0.1416979774687128,,
2024-08-29,59359.01,0.0054751263752269,1.615288649020486,1.899988824499231,3.7938371552243977,4.547633998797172,52.98,0.5297999999999999,-3.264037155224398,-0.0039671566087142,-0.0320323870946801,-0.0786380809967647,0.0396518229769359,0.103896988218547,0.1643513183086937,,
2024-08-30,59123.99,-0.0039671566087142,1.16175819870558,1.8504347611806176,3.767134168282832,4.54809909280471,51.96,0.5196000000000001,-3.247534168282832,-0.0025402649674755,-0.0196956037109409,-0.0358489256088106,0.0626720656635639,0.103969571510784,0.2072054577467857,,
2024-08-31,58973.99,-0.0025402649674755,1.1622233085535485,1.8403105706439336,3.76139664696626,4.542353516922528,50.48,0.5047999999999999,-3.25659664696626,-0.0287634153194433,-0.0485356775701857,-0.0229493002782827,0.0692244156925693,0.0712245959235051,0.2043462490459172,,
2024-09-01,57301.86,-0.0287634153194433,1.2854526261772232,1.889365534684924,3.619449067335696,4.5357173715264425,54.36,0.5436,-3.0758490673356955,0.0314413475808036,-0.060035013331031,0.0006304962549189,0.1003254059731132,0.0593517663162893,0.2043250526694496,,
2024-09-02,59132.13,0.0314413475808036,1.3562659535164825,1.9552673073065296,3.6604102347251,4.457990667646638,52.92,0.5292,-3.1312102347251,-0.0282028977798505,-0.0878159241522919,-0.0170526400454597,0.0725050207964661,0.0253333324187099,0.1614949093431389,,
2024-09-03,57487.73,-0.0282028977798505,0.9935787191017966,2.023517680577996,3.608817394168817,4.488202045176093,55.29,0.5529,-3.0559173941688176,0.0083696267750248,-0.0466056939020846,0.0510387729113401,0.0969453495045699,0.0552401565514085,0.187951290584035,,
2024-09-04,57970.9,0.0083696267750248,0.9988658042517216,1.9120981730223,3.325165045036235,4.4593389207504845,55.73,0.5573,-2.7678650450362348,-0.0313803388267203,-0.0161533218978696,0.0342872283047461,0.1030382091089358,0.0685793601864208,0.1709135409697564,,
2024-09-05,56180.0,-0.0313803388267203,1.1602655533814397,1.988812101234796,3.30638917196597,4.428732269827402,56.79,0.5679,-2.7384891719659703,-0.0402627510802886,0.025586377291903,0.0512114113627458,0.1169838555924936,0.0995086099476238,0.1887387119887048,,
2024-09-06,53962.97,-0.0402627510802886,1.3900248896357192,1.811588061913201,3.3809402206814774,4.485619879204966,59.46,0.5946,-2.7863402206814776,0.0036604367595428,0.0606655095859499,0.0758276332622919,0.1887623923641334,0.1519739908489088,0.2511854014428975,,
2024-09-07,54160.86,0.0036604367595428,1.3909365296383038,1.8125858458090764,2.614108526406983,4.464077260275636,58.84,0.5884,-2.025708526406983,0.0130073324703566,0.0707632841068321,0.1076055761019102,0.1942045397325922,0.1387822700580397,0.3331272045315698,,
2024-09-08,54869.95,0.0130073324703566,1.3017227439220858,1.829445423124168,2.6125427278361437,4.469708660647937,59.32,0.5932,-2.0193427278361438,0.03882199877924,0.0976444668134248,0.1182899039737006,0.1825350692153117,0.1247537490854967,0.3238958816532788,,
2024-09-09,57042.0,0.03882199877924,1.3725039813597129,1.9295658878401216,2.715652435324204,4.529015096566437,58.82,0.5882000000000001,-2.127452435324204,0.0103593603630522,0.0504405502026157,0.0985209912723745,0.1398184971195946,0.0611012673298294,0.2936307371935592,,
2024-09-10,57635.99,0.0103593603630522,1.277738388243201,1.6185839674982263,2.629676716704048,4.529677770796704,57.18,0.5718,-2.057876716704048,-0.0051836187862416,0.0256250340708429,0.092173715970852,0.0941738962017879,0.0456224541342453,0.2854605939868394,,
2024-09-11,57338.0,-0.0051836187862416,1.271555903426823,1.6169685557991045,2.623527188854611,4.510394430205449,54.84,0.5484,-2.075127188854611,0.0137582112804251,0.0151621236763418,0.0996949097181943,0.0587212700613703,0.0868427718479362,0.3376775164673969,,
2024-09-12,58132.32,0.0137582112804251,1.15174641553422,1.6348504396609076,2.6068712844745683,4.489448649546721,53.96,0.5396,-2.067271284474568,0.0398885151769493,0.0368422919950778,0.0895576608419259,0.0423859724641697,0.0836809225694405,0.4219515673661306,,
2024-09-13,60498.0,0.0398885151769493,1.1469836332471806,1.8021488974953472,2.64659995877712,4.393918346951341,52.51,0.5251,-2.12149995877712,-0.008381917831569,0.0206454371602758,0.0459065765932298,0.0042013836400682,0.0384591138725346,0.3741810181775457,,
2024-09-14,59993.03,-0.008381917831569,1.1559950403952728,1.8085986185167555,2.6247069002975736,4.395826694964576,52.48,0.5247999999999999,-2.0999069002975737,-0.0144561557687207,0.0480804410697588,0.0687509808041895,0.0342921318816746,0.09669811993821,0.4097415046702989,,
2024-09-15,59132.0,-0.0144561557687207,1.162259776946612,1.7450873591749017,2.602646913062177,4.395400643056576,53.21,0.5321,-2.070546913062177,-0.0156465291807425,0.0665486819000092,0.0657724442297478,0.0482971985848782,0.1260263417221432,0.3898713140011106,,
2024-09-16,58213.99,-0.0156465291807425,0.9434489830228212,1.6654918680122872,2.6121651717118484,4.4054525957441255,53.29,0.5329,-2.079265171711848,0.035438379599161,0.0845327860418523,0.1129347591018415,0.0761463575866171,0.149778241306869,0.4470861581566767,,
2024-09-17,60313.99,0.035438379599161,1.144255766910512,1.715207465264274,2.6763379499932127,4.388110235920535,53.12,0.5312,-2.1451379499932126,0.0236916603421471,0.0527153688468478,0.0865989636306821,0.0311766939561296,0.111404027661363,0.4067457483082686,,
2024-09-18,61759.99,0.0236916603421471,1.226534278450859,1.766703357033821,2.694476153104009,4.409262653974363,51.59,0.5159,-2.178576153104009,0.0190530860779139,0.025261139432954,0.064245165241611,0.006463845111796,0.1025263537906363,0.3749525338747022,,
2024-09-19,62947.99,0.0190530860779139,1.252117570716207,1.701269589627752,2.715499102558123,4.414776124818814,51.95,0.5195000000000001,-2.195999102558124,0.0040120850615298,0.0206705397344308,0.0412975058472201,-0.0374197239425451,0.0827423055878702,0.3626440359631439,,
2024-09-20,63201.05,0.0040120850615298,0.996456006495408,1.5193735642749873,2.629779049508905,4.411838613813413,50.15,0.5015,-2.128279049508905,0.0023375749611005,-0.0007762376702614,0.0020001802309358,-0.0465512618366067,0.0882491054067887,0.3788401211459672,,
2024-09-21,63348.96,0.0023375749611005,0.984517844983262,1.518420205512609,2.618694633971789,4.38833982021591,51.04,0.5104,-2.1082946339717887,0.0036209624041565,0.028401973059989,-0.0409736396568239,-0.0128521378702579,0.061652644392198,0.3976801657219469,,
2024-09-22,63578.76,0.0036209624041565,0.9475142089806922,1.4995435856714183,2.3658248957111025,4.3858587944290806,51.13,0.5113,-1.854524895711103,-0.0037625690717466,0.0338835947838341,-0.0471716883777561,-0.0058767382724853,0.0587512479057317,0.4359187204172429,,
2024-09-23,63339.99,-0.0037625690717466,0.9019941184370808,1.3052545243215523,2.366647480407852,4.384709158097442,50.45,0.5045000000000001,-1.8621474804078515,0.0144624863793905,0.038984025808657,-0.0417051929531616,-0.0074474627206951,0.0512179442050412,0.4455114623368836,,
2024-09-24,64262.7,0.0144624863793905,0.6569188141855306,1.3194178976120066,2.3826484175168328,4.35190202752786,51.52,0.5152,-1.8674484175168329,-0.0174346923431625,0.0206269661127892,-0.0344588489225148,0.0279471391340204,0.0594399749782856,0.4186396520859183,,
2024-09-25,63152.01,-0.0174346923431625,0.5810492568685472,1.357204691681568,2.369431803660936,4.36462934365325,49.75,0.4975,-1.871931803660936,0.0315157856913509,0.0027764179011971,-0.0174752456448696,0.0602538974923954,0.0546352378582845,0.4384022808479737,,
2024-09-26,65173.99,0.0315157856913509,0.7534256694027753,1.4613174364973809,2.198672436437317,4.404848176578902,52.38,0.5238,-1.674872436437317,0.0091025841280016,-0.0693756127168131,-0.0367884015152245,0.0368434822050277,0.0290156765374962,0.3556466588097483,,
2024-09-27,65769.95,0.0091025841280016,0.7694268752956676,1.2589449111490267,2.202128297191478,4.388738623337442,51.91,0.5191,-1.6830282971914785,0.0013378619530761,-0.0810552831615903,-0.0554222696745525,0.024805064030681,0.033663724828015,0.3352467625856158,,
2024-09-28,65858.0,0.0013378619530761,0.7685548561834797,1.2489803657598848,2.1997910658290767,4.385462472039018,52.6,0.526,-1.6737910658290769,-0.0038945733164771,-0.0806892187618186,-0.0577813201298151,0.0382811885490251,0.0604543300901468,0.3754203273104524,,
2024-09-29,65602.01,-0.0038945733164771,0.769042995128862,1.2203320468532644,2.1997437244514617,4.362358570212629,54.02,0.5402,-1.6595437244514617,-0.0352852405547545,-0.0550858150353041,-0.0787172297897651,0.04144479974065,0.1032358862360015,0.377026420387012,,
2024-09-30,63327.59,-0.0352852405547545,1.0201482459560034,1.3617253149670814,2.300208625603944,4.408975443015282,54.21,0.5421,-1.7581086256039442,-0.0406362449266593,-0.0202516635460668,-0.0485514420675424,0.0862489251758528,0.1331216531224121,0.4311209422455717,,
2024-10-01,60805.78,-0.0406362449266593,1.2518322045633656,1.4137277661604088,2.3646794488326583,4.323438498090237,56.64,0.5664,-1.7982794488326583,-0.0025770863167755,0.0325872112015886,0.0281215017865661,0.1026262840490221,0.1449732863531603,0.4609042317561244,,
2024-10-02,60649.28,-0.0025770863167755,1.2077083540358204,1.3402155450954156,2.287642717720548,4.31646988758408,56.35,0.5635,-1.724142717720548,0.0017039263528479,0.0256330134870378,0.0412949501052707,0.1059229362834879,0.1361615769244289,0.4715104667796368,,
2024-10-03,60752.71,0.0017039263528479,1.0474181895081214,1.2902461404815326,2.223521233406533,4.2388217301350535,57.45,0.5745,-1.6490212334065335,0.0217088304100372,0.0229078986320036,0.0342577302324662,0.0929231371582028,0.1327111340326265,0.4558749131822051,,
2024-10-04,62086.0,0.0217088304100372,1.1130394448982843,1.3530981199923149,2.256212079634244,4.018359805320862,55.53,0.5553,-1.7009120796342443,-0.0004510890655172,-0.0236314147544609,0.0624059880565353,0.0938988239008004,0.1023341807833355,0.4342607145770489,,
2024-10-05,62058.0,-0.0004510890655172,1.1127793008316669,1.3523883833139885,2.175118928081244,3.957695252011089,55.41,0.5540999999999999,-1.621018928081244,0.0122026298209962,-0.0282997785214756,0.077729143137265,0.0721104835031541,0.0892301020410807,0.4628732213094474,,
2024-10-06,62819.91,0.0122026298209962,1.1345005884038464,1.3705906440091604,2.0478756906964515,3.952790358767738,57.17,0.5717,-1.4761756906964516,-0.0095312840313263,-0.0044657094150225,0.0736318837202522,0.0658040780527208,0.0992114105939887,0.4338782444472296,,
2024-10-07,62224.0,-0.0095312840313263,0.9304878041653638,1.380764280182389,2.0547658858179,3.3250001854668683,56.6,0.5660000000000001,-1.4887658858178996,-0.0010211885021863,0.0156619366182331,0.0802273337052335,0.0890859945025675,0.1943449344735301,0.471834444566053,,
2024-10-08,62160.49,-0.0010211885021863,0.5132855721135042,1.3529766985879186,2.039776672145107,3.314523853737801,55.63,0.5563,-1.483476672145107,-0.0248304829764271,0.0113498316004628,0.0960625086788402,0.1182356502199618,0.1991421325677823,0.4737690841260604,,
2024-10-09,60636.02,-0.0248304829764271,0.6971942197406331,1.3945032264027435,1.958474356516148,3.348192042672228,56.11,0.5611,-1.3973743565161485,-0.0051194528325319,0.0860374028109963,0.1201620295304152,0.1819531160257666,0.2325294698637297,0.5113158721706931,,
2024-10-10,60326.39,-0.0051194528325319,0.7032682723008947,1.2616144920448389,1.9509017272647189,3.274326981811659,54.97,0.5497,-1.401201727264719,0.0360366989274491,0.1060289216587406,0.1348003672433953,0.1816730951899546,0.239838139852594,0.4777874774506427,,
2024-10-11,62540.0,0.0360366989274491,0.892511311546175,1.4266861067303327,2.066449847924152,3.339627207435753,57.51,0.5751,-1.4913498479241525,0.0105963620019293,0.0780975931352747,0.0745047822624561,0.1168517845665943,0.2508347446194605,0.4346999227950355,,
2024-10-12,63206.22,0.0105963620019293,0.9151422974317454,1.4407509142485615,2.059637824994974,3.322331389847815,56.84,0.5684,-1.491237824994974,-0.0053332935199566,0.0645653970870006,0.0646279861782169,0.0948666268191581,0.33827064479669,0.4699546613470312,,
2024-10-13,62870.02,-0.0053332935199566,0.8907959744265744,1.442431645917152,1.916178712349961,3.2674504127013484,57.14,0.5714,-1.344778712349961,0.0498570882341062,0.0847126770783776,0.0586654069257364,0.0984534038001601,0.335721904305011,0.4641436645562447,,
2024-10-14,66083.99,0.0498570882341062,1.2913752674173489,1.5916838992079143,2.1338670046185584,3.38267271633977,57.85,0.5785,-1.5553670046185584,0.0148720660152124,0.0341246267194189,0.031492835844265,0.0399281927268002,0.3130433847320888,0.4283857056928249,,
2024-10-15,67074.14,0.0148720660152124,1.3221193390472097,1.418260069670763,2.134909981662461,3.366245918508344,58.15,0.5815,-1.553409981662461,0.0081053704039833,0.0287714455846547,-0.0056186596341109,0.0115009589038155,0.2638449722789673,0.4134717356058863,,
2024-10-16,67620.01,0.0081053704039833,1.2437592851677015,1.4258390300032548,2.119543106663655,3.3639069346980763,57.44,0.5744,-1.545143106663655,-0.0029358340463448,-0.0035928108728186,-0.0078278056675312,0.0255795268737365,0.2973079168498074,0.4349384735525455,,
2024-10-17,67421.78,-0.0029358340463448,1.2411756232659523,1.4265704296019566,2.0092817664842646,3.3466398132604587,56.4,0.564,-1.4452817664842643,0.0148139864714204,6.258909121650658e-05,0.0088586607973341,0.1141176007682965,0.2953417206469054,0.4530242261526341,,
2024-10-18,68428.0,0.0148139864714204,1.0708000605291244,1.393983217570086,1.977989233388281,3.342550395588096,55.18,0.5518,-1.426189233388281,-0.0007309621248523,-0.0260472701526409,0.0221731415411214,0.1030796238889419,0.2724261800840657,0.4389178993630235,,
2024-10-19,68378.0,-0.0007309621248523,1.0515819212889073,1.3940265283452544,1.9442566950985256,3.33977087124692,54.7,0.547,-1.397256695098526,0.0095188848804481,-0.0026317908751537,0.0617910864953513,0.1123674403333144,0.2799017303752739,0.3821570723448738,,
2024-10-20,69031.99,0.0095188848804481,1.0623157801636256,1.386373789726004,1.951238350783172,3.274609740229054,56.66,0.5666,-1.384638350783172,-0.02425888605349,-0.0343901052187656,0.0468727279465591,0.1050377726091985,0.2905910157391785,0.3448911016403262,,
2024-10-21,67377.5,-0.02425888605349,0.6603209736527447,1.4504047261171404,2.0050278787475757,3.2981355915952943,55.69,0.5569,-1.448127878747575,0.0007195659176902,-0.0042349947947126,0.0423470023041382,0.1763299623570045,0.3360275213297488,0.3726690649235599,,
2024-10-22,67426.0,0.0007195659176902,0.5962236822712744,1.450338659066822,2.0038812671620096,3.1004302233801795,55.77,0.5577000000000001,-1.4461812671620096,-0.011295872772437,0.0087960717061175,0.030238640640941,0.273642658618473,0.3771674725115112,0.3666859628801593,,
2024-10-23,66668.65,-0.011295872772437,0.6148789102681582,1.3874484616494516,2.014186105006905,3.107726815877438,56.29,0.5629,-1.4512861050069057,0.0226845171526348,0.0482204116937624,0.0397879968744236,0.2770564973792745,0.3942935181318423,0.3561008812697476,,
2024-10-24,68198.28,0.0226845171526348,0.7501696249257515,1.450265973520329,2.04167219573967,3.1377442273633323,57.3,0.573,-1.46867219573967,-0.0222394294631636,0.0644228773705051,0.008435356882535,0.2815505488878238,0.3591996771076326,0.3302090837939943,,
2024-10-25,66698.33,-0.0222394294631636,0.8143585489582447,1.345285328802241,2.058641060203028,3.1388230416756158,58.08,0.5808,-1.4778410602030276,0.0058962243705628,0.0812628331653249,0.0171196185379265,0.2694636319130784,0.3837670429896893,0.3915359662559433,,
2024-10-26,67092.76,0.0058962243705628,0.8219940500237192,1.3347279705827948,1.9718412906202205,2.9533571673849446,55.36,0.5536,-1.4182412906202204,0.0137506324185205,0.0465819970988509,0.0334073325412679,0.3051357225173389,0.326630982272252,0.3933737165557466,,
2024-10-27,68021.7,0.0137506324185205,0.8435733708470428,1.3565142272703572,1.9816481567478168,2.9624818065995706,57.18,0.5718,-1.4098481567478167,0.0281284672152079,0.0214425689348234,0.1052589399709624,0.2864830598495714,0.3015830377576007,0.3423482265442717,,
2024-10-28,69962.21,0.0281284672152079,0.886345180555713,1.1052744307818072,2.05306307908114,3.009011256208184,57.78,0.5778,-1.4752630790811403,0.0388869828293775,-0.0084324148193389,0.0809064823478204,0.2502530385429443,0.3149659972203056,0.2985156641350857,,
2024-10-29,72736.42,0.0388869828293775,1.1564475147766615,1.301097050082827,2.182082459248313,3.0984441760701054,59.83,0.5982999999999999,-1.583782459248313,-0.0053994736683439,-0.05598752048797,0.050576353837963,0.2181106438799223,0.2737905341510103,0.2701875886996118,,
2024-10-30,72344.74,-0.0053994736683439,1.1408064555469508,1.295961204400099,2.0779034123109223,3.0997810103612418,59.11,0.5911,-1.4868034123109224,-0.028784611695911,-0.0641432146273982,0.0581650446626393,0.2437182877926193,0.2979992891231596,0.2590630419697793,,
2024-10-31,70292.01,-0.028784611695911,1.189973596560364,1.4066952856507515,2.0043399529484205,3.0998528259768725,58.23,0.5822999999999999,-1.4220399529484204,-0.0113887957455068,-0.0131746645575829,0.1339829600528661,0.2936805190256105,0.3159309454029639,0.2777028314226956,,
2024-11-01,69496.01,-0.0113887957455068,1.132631097571553,1.395002885103654,2.015514016208291,3.0488696189689595,59.77,0.5977,-1.417814016208291,-0.0017465165389545,0.083816371036139,0.2434040179775319,0.3469288318705701,0.3353488898552079,0.2975045994976232,,
