date,ret_seguinte,sinal_ridge,limiar_ridge_q80,pos_ridge_q80_comprado,sinal_proxy,limiar_proxy_q80,pos_proxy_q80_comprado,regime_alta_fixo
2021-03-24,-0.019307830333064713,,,,-17.4004787983624,,,
2021-03-25,0.07275365551144786,,,,-20.222347646977127,,,
2021-03-26,0.014385125175395697,,,,-11.0224470984935,,,
2021-03-27,-0.0007078470878300047,,,,-8.455102510172821,,,
2021-03-28,0.03330797669244823,,,,-8.084029214455327,,,
2021-03-29,0.01927805915350378,,,,-11.821416129736278,,,
2021-03-30,-0.00010247406784769097,,,,-13.26611359507858,,,
2021-03-31,-0.00034235294017503914,,,,-22.568141078283816,,,
2021-04-01,0.0039095415497567565,,,,-19.021153255360545,,,
2021-04-02,-0.03219795891468047,,,,-19.35683946856728,,,
2021-04-03,0.020158297859809826,,,,-19.890351805406738,,,
2021-04-04,0.015944122891975665,,,,-20.6865264206603,,,
2021-04-05,-0.019259938992041037,,,,-18.24745859473829,,,
2021-04-06,-0.03513812021317053,,,,-20.40109966488246,,,
2021-04-07,0.03796137682305556,,,,-17.629719229073643,,,
2021-04-08,0.0011195381620978662,,,,-13.962719780323248,,,
2021-04-09,0.0279759019815784,,,,-17.02979300983263,,,
2021-04-10,0.0039033527842884386,,,,-21.889029204239435,,,
2021-04-11,-0.002373737196976866,,,,-23.037408893884496,,,
2021-04-12,0.062061476779151414,,,,-29.70009952672521,,,
2021-04-13,-0.009681006685017701,,,,-31.38661886369333,,,
2021-04-14,0.003183791238594136,,,,-30.27852346592169,,,
2021-04-15,-0.028897729226640023,,,,-24.10271527655101,,,
2021-04-16,-0.021653938710161302,,,,-25.09370761207317,,,
2021-04-17,-0.06427036598937519,,,,-21.8441808783678,,,
2021-04-18,-0.009205163097922964,,,,-30.98177420788584,,,
2021-04-19,0.01423360248945138,,,,-25.692875926999868,,,
2021-04-20,-0.0467411608329642,,,,-25.420491334585503,,,
2021-04-21,-0.03898052396062068,,,,-26.69095258925664,,,
2021-04-22,-0.010946208002327706,,,,-29.42186743712504,,,
2021-04-23,-0.021071824937789918,,,,-32.76442433768136,,,1.0
2021-04-24,-0.019602644190038987,,,,-37.45546781024844,,,1.0
2021-04-25,0.10056948928979836,,,,-41.943480359055805,,,1.0
2021-04-26,0.0187139627331816,,,,-21.45221693262041,,,1.0
2021-04-27,-0.0030129806294884043,,,,-15.981994809270809,,,1.0
2021-04-28,-0.023542552248814963,,,,-16.47324240524057,,,1.0
2021-04-29,0.07729007562319112,,,,-19.509438102283184,,,1.0
2021-04-30,0.0018390041160067927,,,,-9.077169778607768,,,1.0
2021-05-01,-0.021144501324126486,,,,-10.1341670322537,,,1.0
2021-05-02,0.010448898966580966,,,,-12.668567629072328,,,1.0
2021-05-03,-0.06943191102791191,,,,-16.25653431284117,,,1.0
2021-05-04,0.07962592488234499,,,,-18.13025342253718,,,1.0
2021-05-05,-0.0181493837239326,,,,-9.825202945380155,,,1.0
2021-05-06,0.016332858575641707,,,,-7.610078975751136,,,1.0
2021-05-07,0.026996541030014143,,,,-6.864894850674304,,,1.0
2021-05-08,-0.010553658936445554,,,,-10.437196562295584,,,1.0
2021-05-09,-0.04163229788581346,,,,-12.824661305261472,,,1.0
2021-05-10,0.01529808403089139,,,,-16.16997966496764,,,1.0
2021-05-11,-0.12420500292747383,,,,-12.003393525917003,,,1.0
2021-05-12,0.0007988907004690127,,,,-6.368130138277607,,,1.0
2021-05-13,0.0034321858421528795,,,,-7.96586662153382,,,1.0
2021-05-14,-0.061765056995733425,,,,-13.585262174126854,,,1.0
2021-05-15,-0.007088725507072957,,,,-15.117289221672465,,,1.0
2021-05-16,-0.062316746174472026,,,,-18.11023030199576,,,1.0
2021-05-17,-0.015808244927883797,,,,-33.33185432708832,,,1.0
2021-05-18,-0.1437507963868193,,,,-30.18852496480342,,,1.0
2021-05-19,0.10456638291157105,,,,-22.56602856417682,,,1.0
2021-05-20,-0.08080191202626219,,,,-11.89504443753522,,,1.0
2021-05-21,0.005307633064632,,,,-29.427350341403,,,1.0
2021-05-22,-0.07461949658916112,,,,-30.35517699347659,,,1.0
2021-05-23,0.1194924289970496,,,,-43.28443987133584,,,1.0
2021-05-24,-0.012155028225637077,,,,-5.768093422242288,,,1.0
2021-05-25,0.023932073084943717,,,,-9.881694400157713,,,1.0
2021-05-26,-0.018142083298188116,,,,-2.276021118744368,,,1.0
2021-05-27,-0.07439635317744797,,,,7.479439652611944,,,1.0
2021-05-28,-0.029675727193272383,,,,-4.68907703920577,,,1.0
2021-05-29,0.029941208172771905,,,,-11.263756679567804,,,1.0
2021-05-30,0.04524361786210207,,,,-8.006813273913266,,,1.0
2021-05-31,-0.015051346426043444,,,,10.15725602495536,,,1.0
2021-06-01,0.02386253106511349,,,,8.27893268379593,,,1.0
2021-06-02,0.044667792427096176,,,,13.572653141398291,,,1.0
2021-06-03,-0.06160478347401155,,,,15.83678555479571,,,1.0
2021-06-04,-0.03572728013250437,,,,11.146533888750085,,,1.0
2021-06-05,0.007971965353727573,,,,6.062339445072681,,,1.0
2021-06-06,-0.06267461646186423,,,,8.546415524429676,,,1.0
2021-06-07,-0.00512565423024447,,,,7.990840126866971,,,1.0
2021-06-08,0.12004621817145855,,,,5.225768172472471,,,1.0
2021-06-09,-0.0190523442650794,,,,16.087643145261197,,,1.0
2021-06-10,0.017893581911957,,,,22.517250326568217,,,1.0
2021-06-11,-0.047837537682169584,,,,15.814213550158811,,,1.0
2021-06-12,0.09774515411109674,,,,14.929776570191152,,,1.0
2021-06-13,0.03833157742185733,,,,15.991712395627404,,,1.0
2021-06-14,-0.009187662542646469,,,,18.607612412181894,,,1.0
2021-06-15,-0.04471473224917066,,,,20.73551953609233,,,1.0
2021-06-16,-0.006676573919378925,,,,21.190743389157305,,,1.0
2021-06-17,-0.05967321529405567,,,,21.05148482697011,,,1.0
2021-06-18,-0.00938362650419422,,,,10.451976034400673,,,1.0
2021-06-19,0.003281504870402685,,,,7.461263506731939,,,1.0
2021-06-20,-0.11211269836989501,,,,-0.7178967778912835,,,1.0
2021-06-21,0.028492897418546104,,,,-2.6673245889100343,,,1.0
2021-06-22,0.0359435809035864,,,,-6.563244123770232,,,1.0
2021-06-23,0.029248113089615835,,,,-8.98376956940389,,,1.0
2021-06-24,-0.08881608650584805,,,,-7.320107055232256,,,1.0
2021-06-25,0.022137475878161617,,,,-6.514728032692105,,,1.0
2021-06-26,0.07485801636432043,,,,-7.825950682605281,,,1.0
2021-06-27,-0.0059206912670018985,,,,-8.008070104518069,,,1.0
2021-06-28,0.04107390978779768,,,,-6.438791892171594,,,1.0
2021-06-29,-0.0241350110395685,,,,-0.5337157656923921,,,1.0
2021-06-30,-0.043952346982451096,,,,-7.029503340486158,,,1.0
2021-07-01,0.008412553585781524,,,,-3.788598126261718,,,1.0
2021-07-02,0.026122229111880113,,,,-0.9388944537576548,,,1.0
2021-07-03,0.017807773082278322,,,,-0.5022531063105049,,,1.0
2021-07-04,-0.04524023486595874,,,,-0.7284162107100514,,,1.0
2021-07-05,0.01572774705002722,,,,-0.7058532036634517,,,1.0
2021-07-06,-0.010458500742694055,,,,0.058820749600585,,,1.0
2021-07-07,-0.02913019031295161,,,,-1.7572333676801009,,,1.0
2021-07-08,0.028595580141082877,,,,-0.7054892443284047,,,1.0
2021-07-09,-0.009254251191971874,,,,-5.349081886478203,,,1.0
2021-07-10,0.022568812761414092,,,,-5.230998301462947,,,1.0
2021-07-11,-0.03422050679252364,,,,-3.24025939816633,,,1.0
2021-07-12,-0.010785625492834905,,,,-5.891848977558922,,,1.0
2021-07-13,0.002757428481776625,,,,-12.602630989069835,,,1.0
2021-07-14,-0.02864166444749261,,,,-9.865079325722874,,,1.0
2021-07-15,-0.015562421580928465,,,,-7.848341417041212,,,1.0
2021-07-16,0.004339808952815494,,,,-6.347781039157397,,,1.0
2021-07-17,0.008200806660645155,,,,-6.558627764531664,,,1.0
2021-07-18,-0.02954539160994074,,,,-10.326945160738148,,,1.0
2021-07-19,-0.034024380951145794,,,,-14.596337913720731,,,1.0
2021-07-20,0.079024247784937,,,,-16.65464944152815,,,1.0
2021-07-21,0.004458615172544311,,,,-20.156203623389374,,,1.0
2021-07-22,0.04169558623171632,,,,-17.631193366385446,,,1.0
2021-07-23,0.018554091994164246,,,,-14.359428932668196,,,1.0
2021-07-24,0.03277702759110679,,,,-14.366039460718852,,,1.0
2021-07-25,0.05247389702162342,,,,-24.27188565072448,,,1.0
2021-07-26,0.05962441188476175,,,,-25.91092240599116,,,1.0
2021-07-27,0.014235182993912021,,,,-31.92779848907042,,,1.0
2021-07-28,-7.696236540322143e-05,,,,-35.600971455482544,,,1.0
2021-07-29,0.054724703422190046,,,,-34.8246295876303,,,1.0
2021-07-30,-0.01764046517148954,,,,-32.78485038865849,,,1.0
2021-07-31,-0.03898501344489613,,,,-30.5766642798771,,,1.0
2021-08-01,-0.017508151497385938,,,,-28.78798097858036,,,1.0
2021-08-02,-0.0240312231945482,,,,-28.363874781181902,,,1.0
2021-08-03,0.0396819435156599,,,,-28.60125520228457,,,1.0
2021-08-04,0.028680483284570846,,,,-32.13762202465973,,,1.0
2021-08-05,0.04831843212572129,,,,-35.72463001857395,,,1.0
2021-08-06,0.040518133094224584,,,,-31.15850418299575,,,1.0
2021-08-07,-0.017458506964153186,,,,-34.126945965795656,,,1.0
2021-08-08,0.056149454827184364,,,,-33.31566967277225,,,1.0
2021-08-09,-0.014451045760960346,,,,-41.54326756980322,,,1.0
2021-08-10,-0.0016231219969555788,,,,-38.18991572265352,,,1.0
2021-08-11,-0.024433653402474165,,,,-36.5093217546255,,,1.0
2021-08-12,0.07660082434289062,,,,-33.5713154606089,,,1.0
2021-08-13,-0.015303138075313805,,,,-30.868924742625296,,,1.0
2021-08-14,-0.002011748406737346,,,,-28.58250589480889,,,1.0
2021-08-15,-0.022832505425362415,,,,-30.00647533565156,,,1.0
2021-08-16,-0.026259392709878204,,,,-29.16208104733083,,,1.0
2021-08-17,0.00020896747915655212,,,,-26.98000508761352,,,1.0
2021-08-18,0.04597509601212746,,,,-26.89945758861572,,,1.0
2021-08-19,0.05478648486696702,,,,-24.867458473694867,,,1.0
2021-08-20,-0.01014953225173032,,,,-26.044881794896497,,,1.0
2021-08-21,0.008548423073512001,,,,-25.618422167791863,,,1.0
2021-08-22,0.005069739122593786,,,,-29.201730380169167,,,1.0
2021-08-23,-0.03667169473527865,,,,-28.30194867790732,,,1.0
2021-08-24,0.027254053099372122,,,,-27.18160992976415,,,1.0
2021-08-25,-0.04348183868277655,,,,-29.728933952591163,,,1.0
2021-08-26,0.047520198480612175,,,,-31.304545909826693,,,1.0
2021-08-27,-0.0035571704853688546,,,,-26.48118319248644,,,1.0
2021-08-28,-0.0026080189629483774,,,,-25.65920179267448,,,1.0
2021-08-29,-0.036600357243699366,,,,-28.88002289312936,,,1.0
2021-08-30,0.0025111258540604364,,,,-29.310811775548864,,,1.0
2021-08-31,0.036297190987261585,,,,-29.8562501053037,,,1.0
2021-09-01,0.008934959103078732,,,,-31.480456715623035,,,1.0
2021-09-02,0.015280230285761531,,,,-31.15404403161537,,,1.0
2021-09-03,-0.001670028724494066,,,,-29.764391575995383,,,1.0
2021-09-04,0.036887035806813184,,,,-31.72249572931422,,,1.0
2021-09-05,0.017524626677651423,,,,-34.733753269460394,,,1.0
2021-09-06,-0.11013559573066178,,,,-35.56260813927873,,,1.0
2021-09-07,-0.017399810044996578,,,,-25.146988197948943,,,1.0
2021-09-08,0.007531872505201598,,,,-24.662342499344177,,,1.0
2021-09-09,-0.033284305209554166,,,,-24.442401201381983,,,1.0
2021-09-10,0.007196732463176314,,,,-22.039932758220147,,,1.0
2021-09-11,0.0188505743055305,,,,-21.42930308778513,,,1.0
2021-09-12,-0.02356337522628882,,,,-28.822798087757512,,,1.0
2021-09-13,0.04830339872093736,,,,-28.51573438601148,,,1.0
2021-09-14,0.02143615828994716,,,,-25.18624065139167,,,1.0
2021-09-15,-0.007971295936673561,,,,-24.683707322122785,,,1.0
2021-09-16,-0.009171763603784133,,,,-19.133375263071144,,,1.0
2021-09-17,0.020988592384182825,,,,-17.234052154795265,,,1.0
2021-09-18,-0.02176289852263502,,,,-21.085876170557142,,,1.0
2021-09-19,-0.08945752432964482,,,,-24.40506525287765,,,1.0
2021-09-20,-0.05303282853995839,,,,-22.36698115542984,,,1.0
2021-09-21,0.0689645945267856,,,,-24.372346461235665,,,1.0
2021-09-22,0.03035232953813427,,,,-13.192916213247829,,,1.0
2021-09-23,-0.045796903885099605,,,,-8.708113520901435,,,1.0
2021-09-24,-0.003268585304984306,,,,-10.603501124111958,,,1.0
2021-09-25,0.011489398799736872,,,,-11.146719082177173,,,1.0
2021-09-26,-0.023483059899121694,,,,-16.05353556314222,,,1.0
2021-09-27,-0.026592656477809395,,,,-15.72539848916722,,,1.0
2021-09-28,0.012132146654336484,,,,-18.15238119850376,,,1.0
2021-09-29,0.05538494586781506,,,,-18.68129160357134,,,1.0
2021-09-30,0.09851907968446594,,,,-15.506536015478815,,,1.0
2021-10-01,-0.010525406192273157,,,,-4.511830348298133,,,1.0
2021-10-02,0.011863360687227154,,,,-2.6172730806190145,,,1.0
2021-10-03,0.021264103472177665,,,,-4.275258579866673,,,1.0
2021-10-04,0.045648608205515195,,,,-8.006674411297965,,,1.0
2021-10-05,0.07466216091509192,,,,-10.561088162001866,,,1.0
2021-10-06,-0.027655789568833078,,,,-3.720056495346512,,,1.0
2021-10-07,0.003090254162760653,,,,-12.125068319316796,,,1.0
2021-10-08,0.01850349471737811,,,,-12.424429775279336,,,1.0
2021-10-09,-0.005290654802244665,,,,-11.430070123410673,,,1.0
2021-10-10,0.05145264274867811,,,,-14.14020144019672,,,1.0
2021-10-11,-0.025654869774244027,,,,-13.428384223353165,,,1.0
2021-10-12,0.02446687702343686,,,,-16.050909845025288,,,1.0
2021-10-13,-0.00033224676207577186,,,,-17.668559701464446,,,1.0
2021-10-14,0.0754077653007239,,,,-22.30929124606773,,,1.0
2021-10-15,-0.012920686426769024,,,,-11.351754797422773,,,1.0
2021-10-16,0.01072285647592297,,,,-7.361248535795966,,,1.0
2021-10-17,0.007825825924415497,,,,-10.199151383766576,,,1.0
2021-10-18,0.03661918818045651,,,,-13.223445241260904,,,1.0
2021-10-19,0.026770445013028166,,,,-14.354051593241763,,,1.0
2021-10-20,-0.05769967641600382,,,,-19.665775345631047,,,1.0
2021-10-21,-0.02419768093431507,,,,-18.680625689377862,,,1.0
2021-10-22,0.009862375268215207,,,,-16.131645154098877,,,1.0
2021-10-23,-0.007090113278971355,,,,-16.40242526333597,,,1.0
2021-10-24,0.036589626475418635,,,,-21.866382671781068,,,1.0
2021-10-25,-0.04359580194797685,,,,-15.300387278187756,,,1.0
2021-10-26,-0.03174884437468595,,,,-18.246094984915047,,,1.0
2021-10-27,0.0370197338146836,,,,-17.277846387313886,,,1.0
2021-10-28,0.027697818389461615,,,,-18.1911277014036,,,1.0
2021-10-29,-0.006337292990249099,,,,-15.392845537540992,,,1.0
2021-10-30,-0.009042957077194158,,,,-17.439358771066864,,,1.0
2021-10-31,-0.006340803722035049,,,,-26.01044335808613,,,1.0
2021-11-01,0.03790572852801399,,,,-23.891059442018246,,,1.0
2021-11-02,-0.005117210553180929,,,,-24.452671800725582,,,1.0
2021-11-03,-0.023872083143603562,,,,-23.46749292477721,,,1.0
2021-11-04,-0.0074580979789725665,,,,-23.746915614391824,,,1.0
2021-11-05,0.008754762286107276,,,,-30.077961077676505,,,1.0
2021-11-06,0.029330764734561754,,,,-32.22046316137326,,,1.0
2021-11-07,0.06720402619797627,,,,-30.831656731325506,,,1.0
2021-11-08,-0.008562205011030555,,,,-26.83347592454618,,,1.0
2021-11-09,-0.030848426965184528,,,,-24.776942339888663,,,1.0
2021-11-10,-0.0016671693708142366,,,,-28.037090362005408,,,1.0
2021-11-11,-0.010066189872335096,,,,-27.61299697883344,,,1.0
2021-11-12,0.004019978718768691,,,,-31.33411263142416,,,1.0
2021-11-13,0.017693383038210664,,,,-30.61708670387948,,,1.0
2021-11-14,-0.029187824619080538,,,,-35.66992177102777,,,1.0
2021-11-15,-0.05577820840998915,,,,-32.66067842413027,,,1.0
2021-11-16,0.004761994356537125,,,,-31.32882462115033,,,1.0
2021-11-17,-0.05722524549311314,,,,-33.97037177098345,,,1.0
2021-11-18,0.020400544052006087,,,,-31.887679692790563,,,1.0
2021-11-19,0.028513456156041617,,,,-27.851512619606304,,,1.0
2021-11-20,-0.01818012507974298,,,,-30.465981931780668,,,1.0
2021-11-21,-0.04051105710789216,,,,-31.258221589487995,,,1.0
2021-11-22,0.02300719787196437,,,,-32.53133278257832,,,1.0
2021-11-23,-0.007003321268369556,,,,-32.96052157696174,,,1.0
2021-11-24,0.03188877371023868,,,,-34.813061799837584,,,1.0
2021-11-25,-0.08876862352943571,,,,-32.0197162728466,,,1.0
2021-11-26,0.018510408172647708,,,,-23.650173189557023,,,1.0
2021-11-27,0.046670356899349175,,,,-22.27778642050354,,,1.0
2021-11-28,0.008753750335225519,,,,-23.57071688243507,,,1.0
2021-11-29,-0.014291166352956464,,,,-20.06626624442491,,,1.0
2021-11-30,0.004100223070677478,,,,-21.175581063876805,-7.087624083435375,0.0,1.0
2021-12-01,-0.012306399317152494,,,,-20.758523377562305,-7.145744826384591,0.0,1.0
2021-12-02,-0.050978623712250926,,,,-23.58080210812591,-7.203865569333815,0.0,1.0
2021-12-03,-0.08299426970180623,,,,-20.25210204682554,-7.261986312283032,0.0,1.0
2021-12-04,0.004961296960254602,,,,-16.745581780794524,-7.320107055232256,0.0,1.0
2021-12-05,0.021167362028717385,,,,-18.87279217803504,-7.328335351344998,0.0,1.0
2021-12-06,0.00291483750023791,,,,-16.010528535352464,-7.336563647457739,0.0,1.0
2021-12-07,-0.002327781066813861,,,,-15.884628734152898,-7.344791943570482,0.0,1.0
2021-12-08,-0.057965742436427714,,,,-20.81154688509276,-7.353020239683223,0.0,1.0
2021-12-09,-0.0085191917904478,,,,-20.823746483945456,-7.361248535795966,0.0,1.0
2021-12-10,0.04771795147022062,,,,-21.303955390279786,-7.411014623786997,0.0,1.0
2021-12-11,0.013442197497914199,,,,-18.147835727720302,-7.460780711778028,0.0,1.0
2021-12-12,-0.06695082700848487,,,,-21.612409371700902,-7.510546799769066,0.0,1.0
2021-12-13,0.035127053546097464,,,,-15.644373102609336,-7.560312887760097,0.0,1.0
2021-12-14,0.010791572272299321,,,,-16.977137156857083,-7.610078975751136,0.0,1.0
2021-12-15,-0.02522460870750398,,,,-14.594974322103852,-7.653253317121962,0.0,1.0
2021-12-16,-0.03151595616259362,,,,-14.216574999290655,-7.696427658492789,0.0,1.0
2021-12-17,0.015245213651498446,,,,-11.94059480455492,-7.739601999863622,0.0,1.0
2021-12-18,-0.003272161877317714,,,,-16.769983709977595,-7.782776341234449,0.0,1.0
2021-12-19,0.004989799968852626,,,,-17.512694924238616,-7.825950682605281,0.0,1.0
2021-12-20,0.042113511144609594,,,,-17.65822948174491,-7.830428829492467,0.0,1.0
2021-12-21,-0.00617142034302387,,,,-15.206074653261824,-7.834906976379653,0.0,1.0
2021-12-22,0.04632095555789717,,,,-13.606759727636032,-7.8393851232668395,0.0,1.0
2021-12-23,-0.00036999292469663825,,,,-12.27553564670633,-7.843863270154025,0.0,1.0
2021-12-24,-0.008271153089334793,,,,-11.89792104281949,-7.848341417041212,0.0,1.0
2021-12-25,0.007456994749567736,,,,-11.201199579678118,-7.871846457939732,0.0,1.0
2021-12-26,-0.0014583808053845182,,,,-18.305116599842712,-7.895351498838252,0.0,1.0
2021-12-27,-0.06228028237462302,,,,-21.664208217201875,-7.918856539736776,0.0,1.0
2021-12-28,-0.022696573723480662,,,,-13.078551538244753,-7.942361580635296,0.0,1.0
2021-12-29,0.014122776320756536,,,,-16.67866131021519,-7.96586662153382,0.0,1.0
2021-12-30,-0.01918343188485272,,,,-16.638656384166055,-7.974028179486648,0.0,1.0
2021-12-31,0.032579403261964845,,,,-11.129065531395938,-7.9821897374394775,0.0,1.0
2022-01-01,-0.009145971566960398,,,,-5.707981945473847,-7.918856539736776,1.0,1.0
2022-01-02,-0.01776586732106511,,,,-9.382446254142684,-7.942361580635296,0.0,1.0
2022-01-03,-0.013221562197902492,,,,-16.674748487824303,-7.96586662153382,0.0,1.0
2022-01-04,-0.0519479726069183,,,,-17.086966328504936,-7.974028179486648,0.0,1.0
2022-01-05,-0.008488156694659077,,,,-17.625547673674276,-7.9821897374394775,0.0,1.0
2022-01-06,-0.0351845107655554,,,,-15.108273975804366,-7.990351295392307,0.0,1.0
2022-01-07,0.002724791707163998,,,,-14.455292381795251,-7.998512853345135,0.0,1.0
2022-01-08,0.004435728245905768,,,,-15.918369454345816,-8.006674411297965,0.0,1.0
2022-01-09,-0.0010063390041520348,,,,-17.917013620349522,-8.006702183821025,0.0,1.0
2022-01-10,0.021682114096984728,,,,-20.94718526092204,-8.006729956344085,0.0,1.0
2022-01-11,0.027460554575093665,,,,-21.89560812331944,-8.006757728867147,0.0,1.0
2022-01-12,-0.03058015163545902,,,,-23.183453687685017,-8.006785501390207,0.0,1.0
2022-01-13,0.011744565509816507,,,,-19.16871441711364,-8.006813273913266,0.0,1.0
2022-01-14,0.0005650260706233645,,,,-16.762145893987217,-8.007064640034226,0.0,1.0
2022-01-15,-0.0002931462953200681,,,,-15.409753863125609,-8.007316006155188,0.0,1.0
2022-01-16,-0.020199825128634497,,,,-16.010503984306453,-8.007567372276148,0.0,1.0
2022-01-17,0.003566213808853691,,,,-18.774310879955067,-8.00781873839711,0.0,1.0
2022-01-18,-0.01634180296051302,,,,-20.81178298821458,-8.008070104518069,0.0,1.0
2022-01-19,-0.023502154704235556,,,,-19.179850526248032,-8.02326192650552,0.0,1.0
2022-01-20,-0.10411763158690412,,,,-19.96122904776492,-8.038453748492971,0.0,1.0
2022-01-21,-0.03769730590849685,,,,-18.50218900553299,-8.053645570480423,0.0,1.0
2022-01-22,0.033449743409305954,,,,-22.293713779335164,-8.068837392467874,0.0,1.0
2022-01-23,0.011472069593911227,,,,-17.472574590142713,-8.084029214455327,0.0,1.0
2022-01-24,0.008127854753159802,,,,-18.71043649658651,-8.158243873598822,0.0,1.0
2022-01-25,-0.004031027384361674,,,,-21.369938688575463,-8.232458532742317,0.0,1.0
2022-01-26,0.009529103211304513,,,,-20.485532062539207,-8.306673191885821,0.0,1.0
2022-01-27,0.01497466368497391,,,,-24.494751845602977,-8.380887851029316,0.0,1.0
2022-01-28,0.011938522495158699,,,,-19.460454572173127,-8.455102510172821,0.0,1.0
2022-01-29,-0.0074693110564038045,,,,-19.931890966198203,-8.505704712318542,0.0,1.0
2022-01-30,0.015446484007078931,,,,-19.42424110728673,-8.556306914464262,0.0,1.0
2022-01-31,0.005919114875386322,,,,-16.980026459809466,-8.606909116609987,0.0,1.0
2022-02-01,-0.046472388000493026,,,,-17.855911071071823,-8.657511318755708,0.0,1.0
2022-02-02,0.011254497733651725,,,,-18.897729754081222,-8.708113520901435,0.0,1.0
2022-02-03,0.11424433306415893,,,,-18.094030981160053,-8.763244730601922,0.0,1.0
2022-02-04,-0.004610065124446061,,,,-5.18867734039506,-8.556306914464262,1.0,1.0
2022-02-05,0.02412318803632174,,,,-2.466755831738169,-8.306673191885821,1.0,1.0
2022-02-06,0.03442874108058658,,,,-6.460192376353973,-8.068837392467874,1.0,1.0
2022-02-07,0.004630475508776266,,,,-3.880916983170764,-8.008070104518069,1.0,1.0
2022-02-08,0.007486548937753801,,,,-4.969283258987261,-8.007064640034226,1.0,1.0
2022-02-09,-0.01977070596528674,,,,-4.458421686286712,-8.006729956344085,1.0,1.0
2022-02-10,-0.025789140194926174,,,,-5.515572083424004,-7.990351295392306,1.0,1.0
2022-02-11,-0.003678222332563097,,,,-7.09332525236475,-7.9423615806353,1.0,1.0
2022-02-12,-0.0038895851448687013,,,,-6.966095364863975,-7.848341417041212,1.0,1.0
2022-02-13,0.01146820514552127,,,,-8.810714236999587,-7.871846457939732,0.0,1.0
2022-02-14,0.04722876701443535,,,,-7.79800048400277,-7.834906976379653,1.0,1.0
2022-02-15,-0.015070201141052064,,,,-4.245777990289568,-7.814770603164276,1.0,1.0
2022-02-16,-0.07653493356819008,,,,-1.8964089349410784,-7.760416182352445,1.0,1.0
2022-02-17,-0.013359265667383102,,,,0.2146787289554339,-7.610078975751136,1.0,1.0
2022-02-18,0.0026199241315199018,,,,2.847826170212272,-7.411014623786997,1.0,1.0
2022-02-19,-0.042223429277602254,,,,3.4820139125573064,-7.336563647457739,1.0,1.0
2022-02-20,-0.035916689265527824,,,,-12.069877055255157,-7.34479194357048,0.0,1.0
2022-02-21,0.03302433841617636,,,,-15.976404858537776,-7.353020239683224,0.0,1.0
2022-02-22,-0.025642467642837508,,,,-13.532950274793286,-7.361248535795966,0.0,1.0
2022-02-23,0.02891811304211722,,,,-11.55811848843291,-7.411014623786997,0.0,1.0
2022-02-24,0.02327223922638777,,,,-16.931860989124168,-7.460780711778028,0.0,1.0
2022-02-25,-0.0026122429413982795,,,,-7.998089037537078,-7.510546799769059,0.0,1.0
2022-02-26,-0.03624153558887355,,,,-9.127826438719431,-7.560312887760104,0.0,1.0
2022-02-27,0.14485582800848928,,,,-16.20095916202237,-7.610078975751136,0.0,1.0
2022-02-28,0.029221501390175986,,,,2.2989346285226304,-7.411014623786997,1.0,1.0
2022-03-01,-0.011891169081429398,,,,3.366568460726328,-7.336563647457739,1.0,1.0
2022-03-02,-0.032783830124999525,,,,6.486996384567036,-7.229394334085246,1.0,1.0
2022-03-03,-0.07785697460781071,,,,7.398389523233362,-7.080560869989032,1.0,1.0
2022-03-04,0.006368034052761873,,,,4.986074771919434,-7.029503340486158,1.0,1.0
2022-03-05,-0.024802045588147248,,,,6.814719862223143,-6.97877695998841,1.0,1.0
2022-03-06,-0.011264988947395915,,,,-3.934673845793768,-6.90537505635017,1.0,1.0
2022-03-07,0.019549068126776703,,,,-4.828838275254498,-6.744234559912665,1.0,1.0
2022-03-08,0.08290802395933139,,,,-5.214038559706268,-6.562320851922519,1.0,1.0
2022-03-09,-0.0600764727999884,,,,-1.226713125747409,-6.558627764531664,1.0,1.0
2022-03-10,-0.01756455786109279,,,,2.512669147235925,-6.523507979060017,1.0,1.0
2022-03-11,0.0020085428265792515,,,,3.1026515627326745,-6.482006638889224,1.0,1.0
2022-03-12,-0.026541872469552308,,,,1.4122513470923508,-6.451632182681021,1.0,1.0
2022-03-13,0.05013666923081428,,,,0.1024540858370528,-6.424659541392797,1.0,1.0
2022-03-14,-0.00985698250400735,,,,1.8773566311879928,-6.368130138277607,1.0,1.0
2022-03-15,0.04668163429380545,,,,2.387181099760312,-6.351850858981439,1.0,1.0
2022-03-16,-0.004769664834362919,,,,3.972844298708196,-6.074221802198302,1.0,1.0
2022-03-17,0.020519381493185218,,,,9.075251062999754,-5.842346755432264,1.0,1.0
2022-03-18,0.010623717745622097,,,,13.636543074656302,-5.7560711268886005,1.0,1.0
2022-03-19,-0.022251062945470856,,,,8.110572778177172,-5.707981945473847,1.0,1.0
2022-03-20,-0.006297787485904149,,,,7.348394056230077,-5.554054055833971,1.0,1.0
2022-03-21,0.03321476260449119,,,,8.243529253509323,-5.41567796525652,1.0,1.0
2022-03-22,0.012242196405308103,,,,8.248205002820512,-5.301848452472096,1.0,1.0
2022-03-23,0.025854212741903693,,,,8.941729144135564,-5.227606353111611,1.0,1.0
2022-03-24,0.007312782981060417,,,,12.738040613307646,-5.214038559706268,1.0,1.0
2022-03-25,0.004470680944441696,,,,15.31294186597681,-5.193749584257302,1.0,1.0
2022-03-26,0.05204277478490282,,,,10.479923786945136,-5.0570408915503755,1.0,1.0
2022-03-27,0.00628793689896745,,,,10.076665504133842,-4.913105265494151,1.0,1.0
2022-03-28,0.006633602286480356,,,,15.681745136017575,-4.800886028044753,1.0,1.0
2022-03-29,-0.007732930253737891,,,,15.655806494801505,-4.68907703920577,1.0,1.0
2022-03-30,-0.033093616277219406,,,,-0.6546438904102132,-4.5472796864796585,1.0,1.0
2022-03-31,0.016988447021050623,,,,-2.027059217227624,-4.47978515109128,1.0,1.0
2022-04-01,-0.010208607864272912,,,,2.680636171520014,-4.3851564437186905,1.0,1.0
2022-04-02,0.013017615856453668,,,,1.9693491677431112,-4.2693624619512525,1.0,1.0
2022-04-03,0.003731305493634096,,,,-4.97186127832083,-4.275258579866673,0.0,1.0
2022-04-04,-0.023249208735584892,,,,-6.071365232963451,-4.3118912011506785,0.0,1.0
2022-04-05,-0.05114736947374088,,,,-8.497863633615879,-4.348523822434685,0.0,1.0
2022-04-06,0.006340445216371338,,,,-8.803445261957144,-4.3851564437186905,0.0,1.0
2022-04-07,-0.0274416440955626,,,,-4.850418853466202,-4.421789065002707,0.0,1.0
2022-04-08,0.011880144873581244,,,,-11.605863252970138,-4.458421686286712,0.0,1.0
2022-04-09,-0.013919643017946681,,,,-13.79952207137623,-4.469103418688996,0.0,1.0
2022-04-10,-0.06234515410168928,,,,-15.315489146433087,-4.47978515109128,0.0,1.0
2022-04-11,0.01377393882437472,,,,-17.30864743555057,-4.490466883493563,0.0,1.0
2022-04-12,0.026771094354726355,,,,-14.893016189703047,-4.501148615895847,0.0,1.0
2022-04-13,-0.02929464741605814,,,,-15.375655730184503,-4.511830348298133,0.0,1.0
2022-04-14,0.015259982004077077,,,,-12.884476261249816,-4.5472796864796585,0.0,1.0
2022-04-15,-0.004270823315307148,,,,-13.529866982808478,-4.582729024661184,0.0,1.0
2022-04-16,-0.01735047999304573,,,,-14.185760590255567,-4.618178362842709,0.0,1.0
2022-04-17,0.028303004275403998,,,,-16.863843326297875,-4.653627701024235,0.0,1.0
2022-04-18,0.016961540035778544,,,,-15.88302611697666,-4.68907703920577,0.0,1.0
2022-04-19,-0.0032533057239767516,,,,-15.159560323426431,-4.7170292864155146,0.0,1.0
2022-04-20,-0.021233521099448538,,,,-14.927251564911188,-4.744981533625258,0.0,1.0
2022-04-21,-0.01904223837889374,,,,-17.035151563543778,-4.772933780835002,0.0,1.0
2022-04-22,-0.00673849220759537,,,,-14.356016896719524,-4.800886028044745,0.0,1.0
2022-04-23,0.00021626911687144812,,,,-15.37088888800652,-4.828838275254498,0.0,1.0
2022-04-24,0.024738828490552534,,,,-16.721135252743828,-4.833154390896838,0.0,1.0
2022-04-25,-0.057226176765098224,,,,-18.912258875656093,-4.837470506539179,0.0,1.0
2022-04-26,0.029467119184837465,,,,-18.96487490525365,-4.84178662218152,0.0,1.0
2022-04-27,0.012905332182001406,,,,-16.26255729618577,-4.84610273782386,0.0,1.0
2022-04-28,-0.028834934868767537,,,,-14.022398959210484,-4.850418853466202,0.0,1.0
2022-04-29,-0.025010551581493567,,,,-10.583723235010147,-4.874191734570412,0.0,1.0
2022-04-30,0.022257034131615505,,,,-12.875282044423258,-4.897964615674623,0.0,1.0
2022-05-01,0.0014767984589929561,,,,-12.838409827500612,-4.921737496778833,0.0,1.0
2022-05-02,-0.02066727302365534,,,,-12.945031924535378,-4.945510377883044,0.0,1.0
2022-05-03,0.0519773277549469,,,,-15.115549646585356,-4.969283258987261,0.0,1.0
2022-05-04,-0.07903829680020158,,,,-7.748306217680756,-4.969798862853975,0.0,1.0
2022-05-05,-0.014751195320106825,,,,-3.559177303300117,-4.897964615674623,1.0,1.0
2022-05-06,-0.015032583370194197,,,,-5.267362308756191,-4.921737496778833,0.0,1.0
2022-05-07,-0.040425525317014155,,,,-7.745228643956182,-4.945510377883044,0.0,1.0
2022-05-08,-0.11640059462254393,,,,-10.484771154210913,-4.969283258987261,0.0,1.0
2022-05-09,0.031280100517649734,,,,-12.643111526133085,-4.969798862853975,0.0,1.0
2022-05-10,-0.061680814776365334,,,,-8.712666025236913,-4.970314466720689,0.0,1.0
2022-05-11,-0.002549139394872224,,,,-28.428382293847733,-4.970830070587402,0.0,1.0
2022-05-12,0.00886332124803002,,,,-41.909429369670846,-4.971345674454116,0.0,1.0
2022-05-13,0.02730524241943111,,,,-27.51038647781936,-4.97186127832083,0.0,1.0
2022-05-14,0.04128562948328729,,,,-21.553977066798023,-5.015224490735673,0.0,1.0
2022-05-15,-0.04643892586044385,,,,-19.1448263307564,-5.058587703150517,0.0,1.0
2022-05-16,0.019110926186340693,,,,-21.333913708304763,-5.101950915565361,0.0,1.0
2022-05-17,-0.05681110122440747,,,,-16.381750939928622,-5.145314127980204,0.0,1.0
2022-05-18,0.0558555502776914,,,,-23.4007340122438,-5.18867734039506,0.0,1.0
2022-05-19,-0.03688154349566264,,,,-11.84350718637134,-5.193749584257302,0.0,1.0
2022-05-20,0.008357587631386831,,,,-8.225081508319548,-5.198821828119542,0.0,1.0
2022-05-21,0.0288292840972304,,,,-4.081983011643857,-5.101950915565361,1.0,1.0
2022-05-22,-0.03910980215845139,,,,-2.1196550117701207,-4.971345674454116,1.0,1.0
2022-05-23,0.018737407310072562,,,,-1.007934778399246,-4.969283258987261,1.0,1.0
2022-05-24,-0.0037913199242747275,,,,-0.4812409766320371,-4.874191734570412,1.0,1.0
2022-05-25,-0.011536059494654305,,,,-1.2158565218803972,-4.837470506539179,1.0,1.0
2022-05-26,-0.019572725233593657,,,,-2.81137411955406,-4.772933780835002,1.0,1.0
2022-05-27,0.01402489713515287,,,,-6.251529735975907,-4.800886028044745,0.0,1.0
2022-05-28,0.015044780931497082,,,,-2.4186236419966463,-4.68907703920577,1.0,1.0
2022-05-29,0.07690078423787083,,,,-3.200834078401485,-4.5472796864796585,1.0,1.0
2022-05-30,0.002105613435591014,,,,6.302318946665281,-4.47978515109128,1.0,1.0
2022-05-31,-0.06274040094286226,,,,8.273985457888969,-4.3851564437186905,1.0,1.0
2022-06-01,0.02170011705763586,,,,9.66419495125102,-4.269362461951251,1.0,1.0
2022-06-02,-0.02470756210795655,,,,11.002023156282064,-4.245777990289568,1.0,1.0
2022-06-03,0.005516122613274499,,,,11.691232331168491,-4.114742007372997,1.0,1.0
2022-06-04,0.001847372291223781,,,,6.959095650668772,-3.9935975121338,1.0,1.0
2022-06-05,0.048593863273796334,,,,5.709145637422253,-3.9131711007445644,1.0,1.0
2022-06-06,-0.007897530049628454,,,,10.80551133160597,-3.8624532117889507,1.0,1.0
2022-06-07,-0.0295759113236711,,,,6.537560175297315,-3.788598126261718,1.0,1.0
2022-06-08,-0.00313990141292253,,,,-5.837814266250874,-3.807061897643526,0.0,1.0
2022-06-09,-0.03381110484149241,,,,-7.580719466360321,-3.825525669025334,0.0,1.0
2022-06-10,-0.02293354709286577,,,,-10.305297250399228,-3.8439894404071424,0.0,1.0
2022-06-11,-0.06509022082906779,,,,-12.287752445589533,-3.8624532117889507,0.0,1.0
2022-06-12,-0.153798392671479,,,,-27.05140609336084,-3.880916983170764,0.0,1.0
2022-06-13,-0.015608733953799026,,,,-17.764260061929235,-3.891668355695364,0.0,1.0
2022-06-14,0.02020698026464096,,,,-15.817292407756511,-3.9024197282199644,0.0,1.0
2022-06-15,-0.09663642659402438,,,,-3.184253552999465,-3.8439894404071424,1.0,1.0
2022-06-16,0.0033086110646816103,,,,-26.89674774232995,-3.8624532117889507,0.0,1.0
2022-06-17,-0.07318549539518904,,,,-18.18088252845814,-3.880916983170764,0.0,1.0
2022-06-18,0.08450939576053496,,,,-22.66307535689248,-3.891668355695364,0.0,1.0
2022-06-19,-5.346553903051721e-06,,,,-14.258930389373702,-3.9024197282199644,0.0,1.0
2022-06-20,0.007272810343595726,,,,-3.602968024491659,-3.8439894404071424,1.0,1.0
2022-06-21,-0.035492522505829016,,,,-2.77444671465338,-3.7748898000786735,1.0,1.0
2022-06-22,0.056140712497855016,,,,-4.757206653451874,-3.788598126261718,0.0,1.0
2022-06-23,0.006042596611200324,,,,5.217785164568454,-3.7337648215295522,1.0,1.0
2022-06-24,0.011936326408380493,,,,6.031542324470038,-3.6498034128335974,1.0,1.0
2022-06-25,-0.021083988369187567,,,,10.035418654058716,-3.585451736015041,1.0,1.0
2022-06-26,-0.014046440571782393,,,,6.47527491165468,-3.495393722273345,1.0,1.0
2022-06-27,-0.022237852994037355,,,,7.649133508362212,-3.24025939816633,1.0,1.0
2022-06-28,-0.007804237304431916,,,,9.416781877746558,-3.2087191423544534,1.0,1.0
2022-06-29,-0.008984739360562877,,,,2.077910829390646,-3.1908857631602725,1.0,1.0
2022-06-30,-0.03321647901611702,,,,-0.6419554504376492,-3.0351017796212902,1.0,1.0
2022-07-01,-0.00139991078745616,,,,-1.4827427873329384,-2.803988638573922,1.0,1.0
2022-07-02,0.003273288418677689,,,,-1.048402272200164,-2.77444671465338,1.0,1.0
2022-07-03,0.04767488634969341,,,,-1.2997824248763976,-2.6887490140587023,1.0,1.0
2022-07-04,-0.003008394151025384,,,,5.202486961594062,-2.6372936839354213,1.0,1.0
2022-07-05,0.019264634961733806,,,,6.116229065793604,-2.5570661810666713,1.0,1.0
2022-07-06,0.051567968310453294,,,,8.692342913254947,-2.457129393789862,1.0,1.0
2022-07-07,-0.001397920368018779,,,,11.226846807186718,-2.4186236419966463,1.0,1.0
2022-07-08,-0.00013521805068350545,,,,13.593962080033336,-2.3045416233948224,1.0,1.0
2022-07-09,-0.0337794434283708,,,,18.42743320093412,-2.182201454559816,1.0,1.0
2022-07-10,-0.04308502301021888,,,,16.115942965147724,-2.0826166939531188,1.0,1.0
2022-07-11,-0.0318008616678046,,,,12.378158027359843,-2.000929160770309,1.0,1.0
2022-07-12,0.046879389510444236,,,,4.726915973278693,-1.8964089349410784,1.0,1.0
2022-07-13,0.01749307013091772,,,,-9.698080337121482,-1.922538991398386,0.0,1.0
2022-07-14,0.011715084482661453,,,,-10.112594214331992,-1.9486690478556936,0.0,1.0
2022-07-15,0.017549654249343627,,,,-7.688882621621147,-1.9747991043130013,0.0,1.0
2022-07-16,-0.018751061541074532,,,,-20.16164018066184,-2.000929160770309,0.0,1.0
2022-07-17,0.07858483635090807,,,,-19.120770928691464,-2.027059217227624,0.0,1.0
2022-07-18,0.04297499440545827,,,,-21.27302590817444,-2.045578376136122,0.0,1.0
2022-07-19,-0.007407907637940858,,,,-25.688515624541907,-2.0640975350446205,0.0,1.0
2022-07-20,-0.003062010997575748,,,,-26.719759448051192,-2.0826166939531188,0.0,1.0
2022-07-21,-0.020186427288303888,,,,-25.155566614017907,-2.101135852861617,0.0,1.0
2022-07-22,-0.010304683790885893,,,,-28.009713730449384,-2.1196550117701207,0.0,1.0
2022-07-23,0.00572845748554518,,,,-27.3801748513864,-2.1509282331649686,0.0,1.0
2022-07-24,-0.056191230345159826,,,,-30.10437654301137,-2.182201454559816,0.0,1.0
2022-07-25,-0.0026385558563929434,,,,-24.73069721744556,-2.213474675954664,0.0,1.0
2022-07-26,0.07987797505207106,,,,-25.253141417385564,-2.2447478973495114,0.0,1.0
2022-07-27,0.038796729760875115,,,,-14.477762617016602,-2.276021118744368,0.0,1.0
2022-07-28,-0.0029014890367921042,,,,-13.95944233591971,-2.3045416233948224,0.0,1.0
2022-07-29,-0.005478311162521732,,,,-12.15064056569419,-2.333062128045276,0.0,1.0
2022-07-30,-0.014811252643960215,,,,-15.720271290516663,-2.3615826326957303,0.0,1.0
2022-07-31,-0.0010865776110919878,,,,-16.72593826463551,-2.390103137346184,0.0,1.0
2022-08-01,-0.012043144213879864,,,,-15.756704958933923,-2.4186236419966463,0.0,1.0
2022-08-02,-0.007369999464933441,,,,-15.7231425240804,-2.4282500799449505,0.0,1.0
2022-08-03,-0.008562837748708585,,,,-15.911277304392712,-2.437876517893254,0.0,1.0
2022-08-04,0.030475207068211052,,,,-13.645489773868334,-2.4475029558415584,0.0,1.0
2022-08-05,-0.01536562913674333,,,,-11.283594968182436,-2.457129393789862,0.0,1.0
2022-08-06,0.009592140178206865,,,,-13.477570830658046,-2.466755831738169,0.0,1.0
2022-08-07,0.027427259142527527,,,,-15.284468868761778,-2.4968592815143364,0.0,1.0
2022-08-08,-0.027721545569088568,,,,-16.095686078528672,-2.526962731290504,0.0,1.0
2022-08-09,0.034734416273037194,,,,-15.999174371578547,-2.5570661810666713,0.0,1.0
2022-08-10,-0.0008207380380352847,,,,-13.006972937430971,-2.5871696308428387,0.0,1.0
2022-08-11,0.019607351597429545,,,,-14.72490513327481,-2.6172730806190145,0.0,1.0
2022-08-12,0.0015448489735974125,,,,-15.391511458130196,-2.627283382277218,0.0,1.0
2022-08-13,-0.005570061919580649,,,,-16.053244721623855,-2.6372936839354213,0.0,1.0
2022-08-14,-0.008657392397688812,,,,-16.459860913668194,-2.647303985593625,0.0,1.0
2022-08-15,-0.009963967358959214,,,,-16.024233841820028,-2.657314287251828,0.0,1.0
2022-08-16,-0.021466593222143726,,,,-17.664753375076522,-2.6673245889100343,0.0,1.0
2022-08-17,-0.006488549291297496,,,,-27.731900389621543,-2.6887490140587023,0.0,1.0
2022-08-18,-0.10162518541515753,,,,-29.49480544564049,-2.71017343920737,0.0,1.0
2022-08-19,0.014671895841442906,,,,-22.5460168994044,-2.731597864356038,0.0,1.0
2022-08-20,0.017764368802941632,,,,-18.79625846708216,-2.753022289504706,0.0,1.0
2022-08-21,-0.0053812092708502846,,,,-20.22564241761568,-2.77444671465338,0.0,1.0
2022-08-22,0.006041636779357429,,,,-21.63658645206546,-2.7818321956335157,0.0,1.0
2022-08-23,-0.0074801013696795815,,,,-19.06280081286966,-2.789217676613651,0.0,1.0
2022-08-24,0.008936694359062525,,,,-20.384445152068032,-2.7966031575937866,0.0,1.0
2022-08-25,-0.061133983702428396,,,,-18.54496836833164,-2.803988638573922,0.0,1.0
2022-08-26,-0.010051356031431258,,,,-19.476767568029416,-2.81137411955406,0.0,1.0
2022-08-27,-0.024054277957439862,,,,-21.47202971565441,-2.8859500062431365,0.0,1.0
2022-08-28,0.03733557787253883,,,,-23.927049047738123,-2.960525892932213,0.0,1.0
2022-08-29,-0.02336962978408963,,,,-19.449384520949955,-3.0351017796212902,0.0,1.0
2022-08-30,0.012031298740236895,,,,-21.64986687688196,-3.109677666310367,0.0,1.0
2022-08-31,0.004061841334821459,,,,-20.750687575176663,-3.184253552999465,0.0,1.0
2022-09-01,-0.00892135990136822,,,,-23.68697137101696,-3.1875696580798687,0.0,1.0
2022-09-02,-0.006012472020152426,,,,-20.48823068484556,-3.1908857631602725,0.0,1.0
2022-09-03,0.00849136996455191,,,,-23.73045584096185,-3.1942018682406763,0.0,1.0
2022-09-04,-0.010172847407288854,,,,-22.82109410851201,-3.19751797332108,0.0,1.0
2022-09-05,-0.05082780888262972,,,,-23.845988355402525,-3.200834078401485,0.0,1.0
2022-09-06,0.026727711340930327,,,,-25.49039372725689,-3.2087191423544534,0.0,1.0
2022-09-07,0.0013958546279344564,,,,-20.18996499634345,-3.216604206307422,0.0,1.0
2022-09-08,0.10560891770450676,,,,-20.65415629929437,-3.2244892702603907,0.0,1.0
2022-09-09,0.013493844366906371,,,,-10.95826976108158,-3.2323743342133593,0.0,1.0
2022-09-10,0.008246821696259232,,,,-13.818795644666622,-3.24025939816633,0.0,1.0
2022-09-11,0.02606282989727804,,,,-14.872221467293445,-3.304042979193084,0.0,1.0
2022-09-12,-0.0992228879242214,,,,-14.48866588861705,-3.3678265602198376,0.0,1.0
2022-09-13,0.0026341396193136912,,,,-6.868535788374089,-3.4316101412465914,0.0,1.0
2022-09-14,-0.02594737354715615,,,,-4.044867107521611,-3.495393722273345,0.0,1.0
2022-09-15,0.005147732094602064,,,,-1.421644768079844,-3.24025939816633,1.0,1.0
2022-09-16,0.015670115586796207,,,,3.695102664267949,-3.2087191423544534,1.0,1.0
2022-09-17,-0.03467501126102601,,,,5.288245651358963,-3.1908857631602725,1.0,1.0
2022-09-18,0.006223675305853105,,,,-9.33326868397404,-3.1942018682406763,0.0,1.0
2022-09-19,-0.03388541343562124,,,,-4.864683100943765,-3.19751797332108,0.0,1.0
2022-09-20,-0.021914701986754936,,,,-9.682308471957043,-3.200834078401485,0.0,1.0
2022-09-21,0.050931784007245406,,,,-10.099081711632875,-3.2087191423544534,0.0,1.0
2022-09-22,-0.00575827907242854,,,,-6.023956719692535,-3.216604206307422,0.0,1.0
2022-09-23,-0.019150426310957425,,,,-5.464321464991585,-3.2244892702603907,0.0,1.0
2022-09-24,-0.005978700351470523,,,,-4.184081145854847,-3.2323743342133593,0.0,1.0
2022-09-25,0.022355054239346472,,,,-10.42167692760158,-3.24025939816633,0.0,1.0
2022-09-26,-0.007733065942992945,,,,-10.893237812539112,-3.304042979193084,0.0,1.0
2022-09-27,0.017489791201171112,,,,-11.557341738426814,-3.3678265602198376,0.0,1.0
2022-09-28,0.009204742020994416,,,,-15.055989378094054,-3.4316101412465914,0.0,1.0
2022-09-29,-0.008621081274490683,,,,-13.626868270799228,-3.495393722273345,0.0,1.0
2022-09-30,-0.005748969886127497,,,,-10.231702486318383,-3.559177303300117,0.0,1.0
2022-10-01,-0.01316092683166814,,,,-8.415683373596266,-3.567935447538425,0.0,1.0
2022-10-02,0.03003022543134226,,,,-12.485027148948348,-3.576693591776733,0.0,1.0
2022-10-03,0.03610663362725086,,,,-5.341566955627258,-3.585451736015041,0.0,1.0
2022-10-04,-0.00882887153097045,,,,-4.035789010900416,-3.5942098802533486,0.0,1.0
2022-10-05,-0.00980193727037948,,,,-5.349732148213306,-3.602968024491659,0.0,1.0
2022-10-06,-0.02157142019781888,,,,-5.391875457955024,-3.6263857186626285,0.0,1.0
2022-10-07,-0.005741396993050318,,,,-2.863690212400819,-3.576693591776733,1.0,1.0
2022-10-08,0.0010845629510001231,,,,-1.6836227640549737,-3.4316101412465914,1.0,1.0
2022-10-09,-0.015800693656367493,,,,-14.950097635430197,-3.495393722273345,0.0,1.0
2022-10-10,-0.003756559081783406,,,,-16.334509900907584,-3.559177303300117,0.0,1.0
2022-10-11,0.005012067156348277,,,,-18.01612227877364,-3.567935447538425,0.0,1.0
2022-10-12,0.011464052417239357,,,,-18.35827599977239,-3.576693591776733,0.0,1.0
2022-10-13,-0.010229608781979871,,,,-29.0315986245824,-3.585451736015041,0.0,0.0
2022-10-14,-0.005607779764540077,,,,-24.83984520448152,-3.5942098802533486,0.0,0.0
2022-10-15,0.010151871664484391,,,,-26.51327833172468,-3.602968024491659,0.0,0.0
2022-10-16,0.01489281513036933,,,,-26.99616852677165,-3.6263857186626285,0.0,0.0
2022-10-17,-0.011377063569764756,,,,-23.77513395914245,-3.6498034128335974,0.0,0.0
2022-10-18,-0.01052751942316199,,,,-27.94718689508722,-3.673221107004567,0.0,0.0
2022-10-19,-0.004290427144573172,,,,-26.45710311407231,-3.696638801175536,0.0,0.0
2022-10-20,0.006430549020266962,,,,-29.12937267318818,-3.720056495346512,0.0,0.0
2022-10-21,0.002086163020229792,,,,-30.7378464271288,-3.7337648215295522,0.0,0.0
2022-10-22,0.019060785707404992,,,,-35.88138972354173,-3.7474731477125927,0.0,0.0
2022-10-23,-0.012298164575072601,,,,-37.07310875894557,-3.761181473895633,0.0,0.0
2022-10-24,0.03881846193323013,,,,-37.81523011588253,-3.7748898000786735,0.0,0.0
2022-10-25,0.03443812695872084,,,,-36.045465094571874,-3.788598126261718,0.0,0.0
2022-10-26,-0.022939023926430213,,,,-35.39199903790757,-3.807061897643526,0.0,0.0
2022-10-27,0.014620763326732344,,,,-29.59401024010016,-3.825525669025334,0.0,0.0
2022-10-28,0.010578462148112866,,,,-23.436454926393893,-3.8439894404071424,0.0,0.0
2022-10-29,-0.008755064352293895,,,,-26.10501805887748,-3.8624532117889507,0.0,0.0
2022-10-30,-0.006629021092251608,,,,-28.660491098133782,-3.880916983170764,0.0,0.0
2022-10-31,-0.000347474029732564,,,,-27.90939737708496,-3.891668355695364,0.0,0.0
2022-11-01,-0.01619733230747289,,,,-28.53757331601721,-3.9024197282199644,0.0,0.0
2022-11-02,0.0027779101064715483,,,,-26.2307507631354,-3.9131711007445644,0.0,0.0
2022-11-03,0.04655128559141963,,,,-26.43637267604247,-3.923922473269165,0.0,0.0
2022-11-04,0.007132886840308439,,,,-22.551943969530008,-3.934673845793768,0.0,0.0
2022-11-05,-0.018488340265463088,,,,-24.35150109791769,-3.9548968788150964,0.0,0.0
2022-11-06,-0.015041438697228293,,,,-25.45796654189624,-3.975119911836425,0.0,0.0
2022-11-07,-0.09926118673428808,,,,-27.79830402310682,-3.9953429448577533,0.0,0.0
2022-11-08,-0.14149929666047167,,,,-28.35644585283444,-4.015565977879082,0.0,1.0
2022-11-09,0.10540476209915228,,,,-43.06529354194137,-4.035789010900416,0.0,1.0
2022-11-10,-0.03015939299420778,,,,-13.404920901623951,-4.037604630224655,0.0,1.0
2022-11-11,-0.015127434709738652,,,,-21.70134442259437,-4.039420249548894,0.0,1.0
2022-11-12,-0.028683541834204962,,,,-22.43389853644004,-4.041235868873133,0.0,1.0
2022-11-13,0.017735006751439686,,,,-26.83557558245564,-4.043051488197372,0.0,1.0
2022-11-14,0.016914508654312543,,,,-16.92760841807494,-4.044867107521611,0.0,1.0
2022-11-15,-0.014071123044962497,,,,-8.603469460956063,-4.05229028834606,0.0,1.0
2022-11-16,0.0017884192054620218,,,,-17.26671431576787,-4.059713469170508,0.0,1.0
2022-11-17,0.00047266566662029774,,,,4.307738508345295,-4.041235868873133,1.0,1.0
2022-11-18,1.3772083985674755e-05,,,,6.484029669599906,-4.015565977879082,1.0,1.0
2022-11-19,-0.025175621591456254,,,,8.770177499296977,-3.934673845793768,1.0,1.0
2022-11-20,-0.03064698717401404,,,,1.3753063976227793,-3.891668355695364,1.0,1.0
2022-11-21,0.028239136344367255,,,,1.540908578927457,-3.825525669025334,1.0,1.0
2022-11-22,0.023181819862524877,,,,2.949841007317815,-3.761181473895633,1.0,1.0
2022-11-23,-0.00025055546822250196,,,,7.663214629818086,-3.696638801175536,1.0,1.0
2022-11-24,-0.004627401130794517,,,,9.652456191348236,-3.602968024491659,1.0,1.0
2022-11-25,-0.0038475645406708114,,,,16.132227883902274,-3.567935447538425,1.0,1.0
2022-11-26,-0.0018099992891241756,,,,15.138087653335546,-3.3678265602198376,1.0,1.0
2022-11-27,-0.013139746225830473,,,,13.35145320086356,-3.2244892702603907,1.0,1.0
2022-11-28,0.014162787556336154,,,,13.079984716990252,-3.19751797332108,1.0,1.0
2022-11-29,0.0438563894972368,,,,15.810935909695488,-3.184253552999465,1.0,1.0
2022-11-30,-0.010852593039704872,,,,17.906612129794155,-2.9278028805205443,1.0,1.0
2022-12-01,0.0067955166200655,,,,21.994856056812964,-2.832300556692762,1.0,1.0
2022-12-02,-0.01214199712860553,,,,23.13097717058456,-2.7966031575937866,1.0,1.0
2022-12-03,0.013058773363655796,,,,20.836068794616143,-2.753022289504706,1.0,1.0
2022-12-04,-0.00814640733790506,,,,18.722474860572007,-2.6673245889100343,1.0,1.0
2022-12-05,0.007226657471996134,,,,24.564850970662256,-2.627283382277218,1.0,1.0
2022-12-06,-0.014765088103664614,,,,23.6107616183054,-2.526962731290504,1.0,1.0
2022-12-07,0.023012905187733468,,,,18.5143831189468,-2.4475029558415584,1.0,1.0
2022-12-08,-0.005546879082216072,,,,16.321626370094656,-2.390103137346184,1.0,1.0
2022-12-09,-6.246876561721848e-05,,,,-10.127149770414846,-2.4186236419966463,0.0,1.0
2022-12-10,-0.0024778878866665854,,,,-25.80872656148997,-2.4282500799449505,0.0,0.0
2022-12-11,0.0073034612131659404,,,,-29.772454191735008,-2.437876517893254,0.0,0.0
2022-12-12,0.03282252061757718,,,,-29.475140736962725,-2.4475029558415584,0.0,0.0
2022-12-13,0.0016005896020749866,,,,-28.6109058694432,-2.457129393789862,0.0,0.0
2022-12-14,-0.025097244027040277,,,,-23.7280295885638,-2.466755831738169,0.0,0.0
2022-12-15,-0.041726539120575,,,,-25.5805622286766,-2.4968592815143364,0.0,0.0
2022-12-16,0.008681996041394635,,,,-28.22693668267523,-2.526962731290504,0.0,0.0
2022-12-17,-0.0022835486739801736,,,,-27.08311480870592,-2.5570661810666713,0.0,0.0
2022-12-18,-0.017883035282745152,,,,-31.26447089739886,-2.5871696308428387,0.0,0.0
2022-12-19,0.027780481395326184,,,,-27.84640305658833,-2.6172730806190145,0.0,0.0
2022-12-20,-0.004195776878659463,,,,-24.15556536844809,-2.627283382277218,0.0,0.0
2022-12-21,-0.0001925743565845961,,,,-24.82311974134517,-2.6372936839354213,0.0,0.0
2022-12-22,-0.0025521016940890373,,,,-23.24732202861187,-2.647303985593625,0.0,0.0
2022-12-23,0.003434156807819555,,,,-21.75098343075065,-2.657314287251828,0.0,0.0
2022-12-24,-0.00023817839264617113,,,,-20.4087111340052,-2.6673245889100343,0.0,0.0
2022-12-25,0.005185327329728651,,,,-21.77960028026288,-2.688749014058696,0.0,0.0
2022-12-26,-0.012590879458420079,,,,-21.29693829009153,-2.71017343920737,0.0,0.0
2022-12-27,-0.00952032639066791,,,,-21.82863927025668,-2.7315978643560443,0.0,0.0
2022-12-28,0.00520688861210683,,,,-25.126563425162928,-2.753022289504706,0.0,0.0
2022-12-29,-0.0015625122118235746,,,,-22.85229039170681,-2.77444671465338,0.0,0.0
2022-12-30,-0.003918716144773238,,,,-21.830104221749263,-2.7818321956335135,0.0,0.0
2022-12-31,0.004494511074571994,,,,-20.54629816915869,-2.789217676613651,0.0,0.0
2023-01-01,0.003377315058600505,,,,-19.2527920045439,-2.796603157593789,0.0,0.0
2023-01-02,0.0001385484322735664,,,,-22.61716920138473,-2.803988638573922,0.0,0.0
2023-01-03,0.01050543382440261,,,,-21.92339824410349,-2.81137411955406,0.0,0.0
2023-01-04,-0.0010984928511914571,,,,-19.74833762846448,-2.821837338123408,0.0,0.0
2023-01-05,0.007058047689350921,,,,-18.442164649365417,-2.832300556692762,0.0,0.0
2023-01-06,-0.00041768309769840695,,,,-16.991954874612016,-2.8427637752621164,0.0,0.0
2023-01-07,0.010874921873017529,,,,-16.612130738996772,-2.8532269938314645,0.0,0.0
2023-01-08,0.0029443309514396443,,,,-17.176929675222233,-2.863690212400819,0.0,0.0
2023-01-09,0.015275120995956515,,,,-18.42641776592169,-2.927802880520526,0.0,0.0
2023-01-10,0.02881771676071887,,,,-19.31101661960753,-2.9919155486402698,0.0,0.0
2023-01-11,0.05034536644957499,,,,-19.69228376954734,-3.056028216760014,0.0,0.0
2023-01-12,0.05748457813655716,,,,-20.71661599711468,-3.120140884879721,0.0,0.0
2023-01-13,0.0514254634092004,,,,-24.75411960105213,-3.184253552999465,0.0,0.0
2023-01-14,-0.003980926674976515,,,,-34.25212003631213,-3.187569658079868,0.0,1.0
2023-01-15,0.0150516254222266,,,,-33.7206776626415,-3.1908857631602725,0.0,0.0
2023-01-16,-0.0023997375582056613,,,,-28.193938400632646,-3.194201868240677,0.0,0.0
2023-01-17,-0.02163918199406567,,,,-26.623033908822784,-3.19751797332108,0.0,0.0
2023-01-18,0.019060358931726196,,,,-26.36051997305607,-3.200834078401485,0.0,0.0
2023-01-19,0.07572375886205074,,,,-20.575050924745675,-3.208719142354451,0.0,0.0
2023-01-20,0.0051325240292035,,,,-15.14490369854468,-3.216604206307422,0.0,1.0
2023-01-21,-0.003321255906125198,,,,-21.41900813254881,-3.224489270260393,0.0,1.0
2023-01-22,0.009184917306239049,,,,-17.61278744139254,-3.2323743342133593,0.0,1.0
2023-01-23,-0.012373644259909389,,,,-19.9044147862004,-3.24025939816633,0.0,1.0
2023-01-24,0.01891274158978362,,,,-16.6429555205848,-3.3040429791930657,0.0,1.0
2023-01-25,-0.002224107083232396,,,,-16.363648169518306,-3.3678265602198376,0.0,1.0
2023-01-26,0.0028036063130034705,,,,-12.08388618013489,-3.4316101412466096,0.0,1.0
2023-01-27,-0.0022345342148967218,,,,-10.197348652116872,-3.495393722273345,0.0,1.0
2023-01-28,0.03126058742279336,,,,-9.717185345231542,-3.559177303300117,0.0,1.0
2023-01-29,-0.03858724723383988,,,,-12.88099624485332,-3.5679354475384226,0.0,1.0
2023-01-30,0.01309813525276926,,,,-8.3779265599267,-3.576693591776733,0.0,1.0
2023-01-31,0.026271419879585478,,,,-10.60925523119272,-3.585451736015043,0.0,1.0
2023-02-01,-0.010269392474337113,,,,-9.0021428054253,-3.5942098802533486,0.0,1.0
2023-02-02,-0.002428376929737852,,,,-8.540160261386262,-3.602968024491659,0.0,1.0
2023-02-03,-0.004483631288969336,,,,-5.208135876090928,-3.626385718662622,0.0,1.0
2023-02-04,-0.016887413811729313,,,,-5.094591286449635,-3.6498034128335974,0.0,1.0
2023-02-05,-0.007429933663019583,,,,-5.86717467024198,-3.6732211070045735,0.0,1.0
2023-02-06,0.020996796488262248,,,,-5.128896318253098,-3.696638801175536,0.0,1.0
2023-02-07,-0.011938662143520351,,,,-3.4929965925674864,-3.602968024491659,1.0,1.0
2023-02-08,-0.05080564386186481,,,,-3.0076745107498795,-3.5679354475384226,1.0,1.0
2023-02-09,-0.007852690932197315,,,,0.974986532795704,-3.5194688768605373,1.0,1.0
2023-02-10,0.01097608853378862,,,,3.371631371255347,-3.39190171480703,1.0,1.0
2023-02-11,-0.0036139425638820333,,,,2.1789168550571105,-3.2323743342133593,1.0,1.0
2023-02-12,-0.0004393225343538587,,,,-2.1913538662081606,-3.200834078401485,1.0,1.0
2023-02-13,0.01955867487646934,,,,-8.853574149327152,-3.208719142354451,0.0,1.0
2023-02-14,0.09568582476270104,,,,-6.853884046842403,-3.216604206307422,0.0,1.0
2023-02-15,-0.033149496074872276,,,,0.0506199584692126,-3.194201868240677,1.0,1.0
2023-02-16,0.04474285772600406,,,,-4.790459193181199,-3.19751797332108,0.0,1.0
2023-02-17,0.002522591602675872,,,,-5.165137238251695,-3.200834078401485,0.0,1.0
2023-02-18,-0.014622878010064233,,,,-3.1495337969286226,-3.187569658079868,1.0,1.0
2023-02-19,0.02350220997570851,,,,-10.67082562528718,-3.1908857631602725,0.0,1.0
2023-02-20,-0.01570070283630276,,,,-10.850903569107835,-3.194201868240677,0.0,1.0
2023-02-21,-0.011039924489288477,,,,-10.629927698057152,-3.19751797332108,0.0,1.0
2023-02-22,-0.01000777017485166,,,,-6.591898691144664,-3.200834078401485,0.0,1.0
2023-02-23,-0.031533153440656325,,,,-4.757155589760089,-3.208719142354451,0.0,1.0
2023-02-24,-0.0012171510470647684,,,,0.4953952914662736,-3.1908857631602725,1.0,1.0
2023-02-25,0.017177475388725716,,,,0.6912496174365188,-3.170365650571129,1.0,1.0
2023-02-26,-0.002664419429544207,,,,-0.0230757724997516,-3.1211619396928674,1.0,1.0
2023-02-27,-0.014920766947512987,,,,0.8794299206695229,-3.0076745107498795,1.0,1.0
2023-02-28,0.021061665219775483,,,,0.0868901612499613,-2.892487072070621,1.0,1.0
2023-03-01,-0.00692582029601807,,,,-5.614707075901322,-2.9212839317404398,0.0,1.0
2023-03-02,-0.04734561471993559,,,,-4.774915139965302,-2.9500807914102585,0.0,1.0
2023-03-03,-0.0003475835117475734,,,,-1.2095133492724983,-2.8532269938314645,1.0,1.0
2023-03-04,0.00374419877412957,,,,-0.706649773861642,-2.81137411955406,1.0,1.0
2023-03-05,-0.0009023532516817534,,,,0.0329836306898698,-2.7818321956335135,1.0,1.0
2023-03-06,-0.009461847389558242,,,,-0.930194213297149,-2.71017343920737,1.0,1.0
2023-03-07,-0.022187624448372745,,,,-0.8496604434723949,-2.6473039855936276,1.0,1.0
2023-03-08,-0.06188402538718396,,,,1.025788053904101,-2.5871696308428387,1.0,1.0
2023-03-09,-0.010388356475865668,,,,0.926037232741507,-2.466755831738169,1.0,1.0
2023-03-10,0.015137943167206735,,,,1.07731025170812,-2.4282500799449473,1.0,1.0
2023-03-11,0.07535199183798391,,,,-7.357980747806621,-2.437876517893254,0.0,1.0
2023-03-12,0.09621127502658289,,,,-0.6735536155134412,-2.3615826326957383,1.0,1.0
2023-03-13,0.023096210086640312,,,,4.084817963454988,-2.259087668237123,1.0,1.0
2023-03-14,-0.01559560623435119,,,,3.329370692589457,-2.1913538662081606,1.0,1.0
2023-03-15,0.02936383034267953,,,,2.863855793490174,-2.133994782657724,1.0,1.0
2023-03-16,0.09585867790348179,,,,4.982292747433149,-2.0640975350446205,1.0,1.0
2023-03-17,-0.017800244057976755,,,,0.8683186042892004,-1.9747991043130086,1.0,1.0
2023-03-18,0.039594179910500626,,,,-0.5296643416612028,-1.8685738214888765,1.0,1.0
2023-03-19,-0.009146719660871439,,,,-6.992780879559035,-1.8964089349410784,0.0,1.0
2023-03-20,0.014015220256441863,,,,-1.8112222504609008,-1.8282595873569305,1.0,1.0
2023-03-21,-0.030403334297558482,,,,-3.662556628999411,-1.84529692425297,0.0,1.0
2023-03-22,0.038326709104299805,,,,2.8853319590980675,-1.7896266973485822,1.0,1.0
2023-03-23,-0.029720014659621374,,,,1.397562843326014,-1.742511246955072,1.0,1.0
2023-03-24,0.0003088750210802349,,,,3.469797375508364,-1.6836227640549737,1.0,1.0
2023-03-25,0.018392051837111456,,,,6.850018054110663,-1.5229187826773318,1.0,1.0
2023-03-26,-0.030146542215134797,,,,4.589917598659433,-1.4460839757810804,1.0,1.0
2023-03-27,0.005019740157663266,,,,6.533923534722796,-1.3728998307984683,1.0,1.0
2023-03-28,0.03989315166279228,,,,8.288704157689445,-1.2851685650505966,1.0,1.0
2023-03-29,-0.011290504645732002,,,,5.269796902777628,-1.226713125747409,1.0,1.0
2023-03-30,0.015585191231934026,,,,6.935098885385237,-1.2180278426537987,1.0,1.0
2023-03-31,-0.00044369718141634706,,,,10.984406528452348,-1.2120506183156576,1.0,1.0
2023-04-01,-0.0098711090289052,,,,11.292290698503107,-1.1450689184435683,1.0,1.0
2023-04-02,-0.013200046713263913,,,,7.179291135152283,-1.0403087734399785,1.0,1.0
2023-04-03,0.013146402877697971,,,,5.788221403995024,-1.007934778399246,1.0,1.0
2023-04-04,0.00016119028015504355,,,,8.108976048761782,-0.9527025186859683,1.0,1.0
2023-04-05,-0.004834574073633635,,,,9.738267689968032,-0.9336743094813511,1.0,1.0
2023-04-06,-0.004547721288072681,,,,10.638183256306776,-0.8979807053672492,1.0,1.0
2023-04-07,0.0011484849494720617,,,,12.763064919152484,-0.8254115969199207,1.0,1.0
2023-04-08,0.013793927922807203,,,,8.206323325917921,-0.7284162107100514,1.0,1.0
2023-04-09,0.046377317135860574,,,,4.981647318450321,-0.7200006644550363,1.0,1.0
2023-04-10,0.01899900598366777,,,,3.1096143653361707,-0.7111485754734983,1.0,1.0
2023-04-11,-0.010342571394702404,,,,0.3269809132767634,-0.7063311457823659,1.0,1.0
2023-04-12,0.01625297317625396,,,,-4.415246973142992,-0.7064904598220039,0.0,1.0
2023-04-13,0.003064808400913499,,,,-4.325274749836716,-0.706649773861642,0.0,1.0
2023-04-14,-0.005640213831849872,,,,-2.5987974381222045,-0.7088991746675695,0.0,1.0
2023-04-15,0.0003155626868909245,,,,-3.921636740554824,-0.7111485754734983,0.0,1.0
2023-04-16,-0.028852997807267244,,,,-18.06743378572039,-0.7133979762794271,0.0,1.0
2023-04-17,0.03227085582293321,,,,-16.428238628167904,-0.7156473770853546,0.0,1.0
2023-04-18,-0.05210366948529643,,,,-17.241056920521757,-0.7178967778912835,0.0,1.0
2023-04-19,-0.019218949130294316,,,,-13.14463211968011,-0.7200006644550363,0.0,1.0
2023-04-20,-0.03472674388756414,,,,-13.2840540339745,-0.7221045510187903,0.0,1.0
2023-04-21,0.020321067064179577,,,,-11.575734936479437,-0.7242084375825445,0.0,1.0
2023-04-22,-0.0081335593354388,,,,-12.730448532398462,-0.7263123241462973,0.0,1.0
2023-04-23,-0.002887577653258644,,,,-13.666722215972811,-0.7284162107100514,0.0,1.0
2023-04-24,0.02871077059190652,,,,-12.154323108173926,-0.7526650572625118,0.0,1.0
2023-04-25,0.004045823455811615,,,,-11.11684550564638,-0.776913903814986,0.0,1.0
2023-04-26,0.03721517535101704,,,,-15.587284975371787,-0.8011627503674602,0.0,1.0
2023-04-27,-0.005465044513970008,,,,-13.236746019543467,-0.8254115969199207,0.0,1.0
2023-04-28,-0.002771930662499922,,,,-11.138351123741636,-0.8496604434723949,0.0,1.0
2023-04-29,9.442208382015593e-05,,,,-11.275055683228771,-0.8657671974373402,0.0,1.0
2023-04-30,-0.039850225137779915,,,,-14.266012199834464,-0.8818739514022947,0.0,1.0
2023-05-01,0.02143346256590184,,,,-11.658913011785522,-0.8979807053672401,0.0,1.0
2023-05-02,0.012427685381093623,,,,-11.167450056725414,-0.9140874593321945,0.0,1.0
2023-05-03,-0.006476915995777599,,,,-10.912219852197332,-0.930194213297149,0.0,1.0
2023-05-04,0.023144680520532646,,,,-10.078515499884553,-0.9319342613892496,0.0,1.0
2023-05-05,-0.02228084760830229,,,,-9.093829898453444,-0.9336743094813511,0.0,1.0
2023-05-06,-0.01449310528906489,,,,-7.267472696893201,-0.9354143575734517,0.0,1.0
2023-05-07,-0.02677830890499855,,,,-8.147828393957866,-0.9371544056655532,0.0,1.0
2023-05-08,-0.0014644659199046783,,,,-6.791945323205496,-0.9388944537576548,0.0,1.0
2023-05-09,-0.0010684708090662465,,,,-7.686027311483969,-0.9527025186859683,0.0,1.0
2023-05-10,-0.02283183115177323,,,,-9.483087099560812,-0.9665105836142898,0.0,1.0
2023-05-11,-0.0064374817843849685,,,,-9.57041663808289,-0.9803186485426033,0.0,1.0
2023-05-12,-0.0007363311303112408,,,,-8.547502061098932,-0.9941267134709246,0.0,1.0
2023-05-13,0.005316097534741049,,,,-7.189090405195387,-1.007934778399246,0.0,1.0
2023-05-14,0.009084012628159499,,,,-6.831392732730677,-1.016028277159427,0.0,1.0
2023-05-15,-0.0047234864410535815,,,,-11.017930723319168,-1.0241217759196124,0.0,1.0
2023-05-16,0.013752023389943968,,,,-9.275040603206271,-1.0322152746797932,0.0,1.0
2023-05-17,-0.021321546938747327,,,,-9.425064818101724,-1.0403087734399785,0.0,1.0
2023-05-18,0.0021990001968585915,,,,-6.815306884705791,-1.048402272200164,0.0,1.0
2023-05-19,0.008265173030320483,,,,-11.739594238942033,-1.0806244876146198,0.0,0.0
2023-05-20,-0.013085542514084558,,,,-12.104040606522624,-1.112846703029094,0.0,0.0
2023-05-21,0.0037943335858154903,,,,-14.752000985736808,-1.1450689184435499,0.0,0.0
2023-05-22,0.013793298663241194,,,,-16.05652738588417,-1.177291133858024,0.0,0.0
2023-05-23,-0.03271905806144915,,,,-18.323946372833408,-1.2095133492724983,0.0,0.0
2023-05-24,0.005498877473934849,,,,-17.505451287507157,-1.2107819837940776,0.0,0.0
2023-05-25,0.008768294981564617,,,,-15.393387555974876,-1.2120506183156576,0.0,0.0
2023-05-26,0.005554948116372804,,,,-12.75101310006567,-1.213319252837237,0.0,0.0
2023-05-27,0.04508519501740316,,,,-13.142925855040406,-1.2145878873588172,0.0,0.0
2023-05-28,-0.011708533760912077,,,,-16.327874524713664,-1.2158565218803972,0.0,0.0
2023-05-29,-0.0015142556351941394,,,,-13.27159965728992,-1.2180278426537987,0.0,0.0
2023-05-30,-0.017478262753480966,,,,-10.827488686900104,-1.2201991634272016,0.0,0.0
2023-05-31,-0.014421718206491185,,,,-12.583266628918777,-1.2223704842006033,0.0,0.0
2023-06-01,0.01583492834831035,,,,-11.249998104420412,-1.2245418049740062,0.0,0.0
2023-06-02,-0.006363932357385971,,,,-10.33481925246383,-1.226713125747409,0.0,0.0
2023-06-03,0.001698977658018963,,,,-8.687688000668569,-1.2413269855732019,0.0,0.0
2023-06-04,-0.05115247125137512,,,,-11.664661209363048,-1.2559408453990029,0.0,0.0
2023-06-05,0.05837485716062529,,,,-5.829063176509855,-1.2705547052247956,0.0,0.0
2023-06-06,-0.0327116189155523,,,,-4.396040598737748,-1.2851685650505966,0.0,1.0
2023-06-07,0.006046848554291717,,,,-5.807725317127584,-1.2997824248763976,0.0,1.0
2023-06-08,-0.000784946833060296,,,,-1.4755199608173726,-1.3241548935170786,0.0,1.0
2023-06-09,-0.024042773930321393,,,,-0.926322789196611,-1.2559408453990029,1.0,1.0
2023-06-10,0.003263779056785765,,,,-3.4066889686283446,-1.2705547052247956,0.0,1.0
2023-06-11,-0.0007853256729365432,,,,-2.894046100035532,-1.2851685650505966,0.0,1.0
2023-06-12,0.0011217829323004747,,,,-6.533932349123397,-1.2997824248763976,0.0,1.0
2023-06-13,-0.03106509731339835,,,,-5.504880292113008,-1.3241548935170786,0.0,1.0
2023-06-14,0.018699410233757652,,,,-3.413868717584684,-1.3485273621577734,0.0,1.0
2023-06-15,0.029162266993092212,,,,-4.913375770583173,-1.3728998307984543,0.0,1.0
2023-06-16,0.006528373505409135,,,,-2.4206878141622568,-1.3972722994391493,0.0,1.0
2023-06-17,-0.006675719981792838,,,,-0.917284332759607,-1.2997824248763976,1.0,1.0
2023-06-18,0.019148844892382,,,,-3.319375520071766,-1.3241548935170786,0.0,1.0
2023-06-19,0.05452320506922326,,,,-2.709408323617673,-1.3485273621577734,0.0,1.0
2023-06-20,0.0595556236949355,,,,-6.569473067509158,-1.3728998307984543,0.0,1.0
2023-06-21,-0.003633073269255882,-11.550523999763785,,,-5.487473710529677,-1.3972722994391493,0.0,1.0
2023-06-22,0.026889146766998273,-9.391792902853508,,,-0.9186793894490392,-1.2997824248763976,1.0,1.0
2023-06-23,-0.005248545872232224,-10.282108512815036,,,-3.069622979911749,-1.3241548935170786,0.0,1.0
2023-06-24,-0.002121698420076701,-8.829608340506876,,,0.4874606592229824,-1.2559408453990029,1.0,1.0
2023-06-25,-0.0063904465335593574,-8.468252935655656,,,0.0395068359839854,-1.2223704842006033,1.0,1.0
2023-06-26,0.014023065291087988,-7.823139985833636,,,0.0522900266182233,-1.2145878873588172,1.0,1.0
2023-06-27,-0.020038485047132126,-7.837729786465093,,,-1.555317154730929,-1.2158565218803972,0.0,1.0
2023-06-28,0.012298266373334643,-7.626727528091667,,,-0.7284926040968571,-1.2107819837940776,1.0,1.0
2023-06-29,0.0008109090753829484,-6.552968416907181,,,4.37871096236794,-1.112846703029094,1.0,1.0
2023-06-30,0.003737857705434555,-7.34178626488869,,,1.4430350117507729,-1.0322152746797932,1.0,1.0
2023-07-01,0.00101778924275564,-7.433565604096678,,,0.6899427638428861,-0.9941267134709246,1.0,1.0
2023-07-02,0.017610133967925767,-7.720923116942627,,,-0.9475819680132248,-0.9475819680132248,1.0,1.0
2023-07-03,-0.012507622880839175,-8.216574035657029,,,-1.776647512893888,-0.959652530090425,0.0,1.0
2023-07-04,-0.008506002143239377,-7.466553060920176,,,0.8630838826757028,-0.9423694594598826,1.0,1.0
2023-07-05,-0.019976521735424746,-7.371804100776913,,,-2.550833850453955,-0.944106962310996,0.0,1.0
2023-07-06,0.015028049437656454,-7.698721188169838,,,-8.147249631071155,-0.9458444651621104,0.0,1.0
2023-07-07,-0.001979587868721766,-6.671856005429673,,,-6.601145859149618,-0.9475819680132248,0.0,1.0
2023-07-08,-0.004091844608965056,-6.317547186205045,,,-5.622484804782978,-0.959652530090425,0.0,1.0
2023-07-09,0.008317443455409412,-6.381620428674593,,,-5.476828361619027,-0.971723092167632,0.0,1.0
2023-07-10,0.006922694224599457,-6.508904704402546,,,-6.685272974811305,-0.9837936542448321,0.0,1.0
2023-07-11,-0.007906054777431892,-6.232692540037583,,,-6.325455885938553,-0.995864216322039,0.0,1.0
2023-07-12,0.03535977616853181,-5.469563018378103,,,-3.5247480570305214,-1.007934778399246,0.0,1.0
2023-07-13,-0.036313716787853334,-7.646539716656058,,,-5.5178444629395145,-1.016028277159427,0.0,1.0
2023-07-14,-0.0007419501379155591,-6.895243492668058,,,-2.0104097881813843,-1.0241217759196124,0.0,1.0
2023-07-15,-0.0018993368003190625,-6.955445415175799,,,-3.302383317964967,-1.0322152746797932,0.0,1.0
2023-07-16,-0.0031089584245033164,-6.648274261656207,,,-3.704402395232705,-1.0403087734399785,0.0,1.0
2023-07-17,-0.009253102395646695,-6.975922925867723,,,-4.5561631448270745,-1.048402272200164,0.0,1.0
2023-07-18,0.0016772089474810237,-6.425800464790788,,,-4.260292830776969,-1.0806244876146198,0.0,1.0
2023-07-19,-0.003651383637347849,-5.483027036916999,,,-2.6898850226939715,-1.112846703029094,0.0,1.0
2023-07-20,0.003413422818792089,-5.589013777077172,,,-8.595834941773361,-1.1450689184435499,0.0,0.0
2023-07-21,-0.0036024683529910506,-4.3034990378686135,,,-12.590523268867546,-1.177291133858024,0.0,0.0
2023-07-22,0.009725112438746075,-4.474279808586829,,,-12.90104084462747,-1.2095133492724983,0.0,0.0
2023-07-23,-0.03015747704325422,-4.592652367937127,,,-14.56067461607114,-1.2107819837940776,0.0,0.0
2023-07-24,0.001796308673075897,-4.950851583450152,,,-11.39360490002895,-1.2120506183156576,0.0,0.0
2023-07-25,0.0042098730332400525,-4.7344935267567365,,,-10.916527615711257,-1.213319252837237,0.0,0.0
2023-07-26,-0.004401068957575638,-5.054063337333504,,,-11.349707094181309,-1.2145878873588172,0.0,0.0
2023-07-27,0.003126328159059444,-4.392723557467724,,,-9.95869955323035,-1.2158565218803972,0.0,0.0
2023-07-28,0.0013222287947045608,-4.271314200439155,,,-10.007032777018722,-1.2180278426537987,0.0,0.0
2023-07-29,-0.0024464362976061027,-3.9535273588948874,,,-9.852288984212002,-1.2201991634272016,0.0,0.0
2023-07-30,-0.0016679706937139382,-4.321178274480456,,,-11.209347558126524,-1.2223704842006033,0.0,0.0
2023-07-31,0.01620607377126304,-4.347908139287943,,,-11.676321648832182,-1.2245418049740062,0.0,0.0
2023-08-01,-0.01750421379661149,-4.735710681310225,,,-10.849872330570667,-1.226713125747409,0.0,0.0
2023-08-02,0.00026142662186434684,-4.910376901826856,,,-11.09306460848575,-1.2413269855732019,0.0,0.0
2023-08-03,-0.002728333979592712,-4.671974880288966,,,-10.860264665403475,-1.2559408453990029,0.0,0.0
2023-08-04,-0.0014377967430778682,-3.938286195539744,,,-9.177959173922796,-1.2705547052247956,0.0,0.0
2023-08-05,0.0005603304608226001,-3.6269052103120254,,,-9.595985700083848,-1.2851685650505966,0.0,0.0
2023-08-06,0.004216110740975276,-3.616548206552636,,,-10.401238898765456,-1.2997824248763976,0.0,0.0
2023-08-07,0.019148911405474367,-4.180297493012064,,,-12.625802657485185,-1.3241548935170786,0.0,0.0
2023-08-08,-0.006329437072100319,-5.655851050826636,,,-15.319976273766692,-1.3485273621577734,0.0,0.0
2023-08-09,-0.0042674613844437825,-4.95603241664527,,,-14.270239762316663,-1.3728998307984543,0.0,0.0
2023-08-10,-0.0010089710837443144,-4.236492721940087,,,-11.81323194575004,-1.3972722994391493,0.0,0.0
2023-08-11,0.0001406917616817438,-3.3640137336087044,,,-8.508346798450283,-1.421644768079844,0.0,0.0
2023-08-12,-0.004292533818187172,-3.2200314434066417,,,-11.397531648299466,-1.4324198066273461,0.0,0.0
2023-08-13,0.004336974266853755,-3.3049837643114763,,,-17.14529030428765,-1.4431948451748542,0.0,0.0
2023-08-14,-0.007846507059070196,-3.599601149735268,,,-18.32886883536692,-1.4539698837223562,0.0,0.0
2023-08-15,-0.016078424657534285,-3.5688790588734154,,,-17.6870924001705,-1.4647449222698645,0.0,0.0
2023-08-16,-0.07334015302895769,-4.530387955141407,,,-18.77920419294387,-1.4755199608173726,0.0,0.0
2023-08-17,-0.0213875683092436,-11.097855251398045,,,-20.495712103967097,-1.4769645261204853,0.0,0.0
2023-08-18,0.001765947647194288,-7.539244756953281,,,-10.899135621442902,-1.4784090914235988,0.0,0.0
2023-08-19,0.003447508257659715,-7.284813485651625,,,-10.34825513703708,-1.4798536567267113,0.0,0.0
2023-08-20,-0.0024081719771562593,-8.578775667311119,,,-10.51782180565369,-1.481298222029825,0.0,0.0
2023-08-21,-0.0027144416563451568,-8.152356386387138,,,-9.981255799816218,-1.4827427873329384,0.0,0.0
2023-08-22,0.014458090267116974,-6.380667068731775,,,-9.642412348414211,-1.4972576608125316,0.0,0.0
2023-08-23,-0.009558985984038038,-7.365454056506126,,,-12.29256269215941,-1.511772534292133,0.0,0.0
2023-08-24,-0.0045851707693453925,-6.736932249218334,,,-10.458821488419735,-1.5262874077717261,0.0,0.0
2023-08-25,-0.0016362234703670708,-5.216819280028098,,,-5.042066023670969,-1.5408022812513276,0.0,0.0
2023-08-26,0.003243986613558514,-5.326729969641901,,,-4.2847165323058505,-1.555317154730929,0.0,0.0
2023-08-27,0.0006984200688304742,-5.6556097799446015,,,-4.813263758400414,-1.5809782765957292,0.0,0.0
2023-08-28,0.061115620214395205,-5.635678806945844,,,-5.185714833294966,-1.606639398460544,0.0,0.0
2023-08-29,-0.015021824670934159,-8.920211648705164,,,-3.143481300474626,-1.6323005203253442,0.0,1.0
2023-08-30,-0.04978793032524931,-7.852917952693014,,,-0.3577230825221065,-1.5408022812513276,1.0,1.0
2023-08-31,-0.005232302189833948,-8.025281118975645,,,5.449532273988289,-1.4827427873329384,1.0,1.0
2023-09-01,0.002497960670488908,-7.931987686352784,,,4.919913346636299,-1.4769645261204853,1.0,1.0
2023-09-02,0.003931268895313478,-7.762738046775453,,,5.449043921327878,-1.4431948451748542,1.0,1.0
2023-09-03,-0.005590421085501895,-7.886156481541893,,,3.190803081621546,-1.3728998307984543,1.0,1.0
2023-09-04,-0.0013134040785224288,-7.883677784674936,,,2.7743072303820497,-1.2851685650505966,1.0,1.0
2023-09-05,-0.0012465057129895651,-7.657499186578895,,,1.28640065548106,-1.226713125747409,1.0,1.0
2023-09-06,0.01921781680476853,-7.323132223145233,,,1.642482943618269,-1.2180278426537987,1.0,1.0
2023-09-07,-0.01312131022662355,-7.777164689503756,,,1.316290137821461,-1.2120506183156576,1.0,1.0
2023-09-08,-0.0003431041469674767,-7.618201023284157,,,1.2545651890491314,-1.1450689184435499,1.0,1.0
2023-09-09,-0.002316458320544501,-7.462737294264966,,,1.4777610927516491,-1.0403087734399785,1.0,1.0
2023-09-10,-0.026278935406888304,-7.698677370124528,,,0.714193050818551,-1.007934778399246,1.0,1.0
2023-09-11,0.026928145511657675,-9.03036590121539,,,-2.0625231210577866,-1.016028277159427,0.0,1.0
2023-09-12,0.01477935456906132,-8.743355732061,,,-0.3242693672500962,-0.971723092167632,1.0,1.0
2023-09-13,0.011468614140797806,-8.75229997155811,,,-0.5287100190718377,-0.944106962310996,1.0,1.0
2023-09-14,0.0029133501717206745,-8.019404181532447,,,1.9062106929522715,-0.9371544056655532,1.0,1.0
2023-09-15,-0.001516165413533943,-7.199664498981049,,,4.120114087809505,-0.930194213297149,1.0,1.0
2023-09-16,-0.0012108584180451354,-6.655884505401143,,,-5.37549465236124,-0.9319342613892496,0.0,0.0
2023-09-17,0.00885872816559119,-6.58965723274287,,,-6.525976220543633,-0.9336743094813511,0.0,0.0
2023-09-18,0.016730493514995448,-7.043982862710674,,,-8.039853716721225,-0.9354143575734517,0.0,0.0
2023-09-19,-0.0031333768953327734,-7.167045187052279,,,-8.613974417595095,-0.9371544056655532,0.0,0.0
2023-09-20,-0.020531612903225693,-7.187511742777655,,,-9.086736727861355,-0.9388944537576548,0.0,0.0
2023-09-21,0.00045392817245337724,-6.89085974999213,,,-6.696518088922964,-0.9406319566087682,0.0,0.0
2023-09-22,-0.00015726027026197187,-5.504800609367285,,,-2.9795708840724657,-0.9423694594598826,0.0,0.0
2023-09-23,-0.012326177492741452,-5.801540591559989,,,-3.4934899128897428,-0.944106962310996,0.0,0.0
2023-09-24,0.0021498469619840588,-6.25937433743028,,,-4.2178779146643,-0.9458444651621104,0.0,0.0
2023-09-25,-0.0031606386816709353,-6.382098172901548,,,-4.864462726580733,-0.9475819680132248,0.0,0.0
2023-09-26,0.005770799495226742,-6.063985466297227,,,-4.285290895871199,-0.959652530090425,0.0,0.0
2023-09-27,0.024585759900564774,-5.59965910990856,,,-1.617621835003085,-0.971723092167632,0.0,0.0
2023-09-28,-0.004234793250828317,-6.761664036486876,,,-9.82181426624053,-0.9837936542448321,0.0,0.0
2023-09-29,0.002066379851161315,-4.556231562065323,,,-4.681053412232409,-0.995864216322039,0.0,0.0
2023-09-30,0.03820149125305594,-5.672028639345856,,,-13.812343938066782,-1.007934778399246,0.0,0.0
2023-10-01,-0.017792578530660186,-6.929113510995921,,,-11.905548586856153,-1.016028277159427,0.0,0.0
2023-10-02,-0.0024750395624435484,-6.98192732741415,,,-11.835003129444097,-1.0241217759196124,0.0,0.0
2023-10-03,0.012838332034101452,-6.470753353584016,,,-11.646386799113692,-1.0322152746797932,0.0,0.0
2023-10-04,-0.013254101993011136,-6.720664926808023,,,-10.66456411754778,-1.0403087734399785,0.0,0.0
2023-10-05,0.01899644623808716,-6.359005987239952,,,-9.734608602655143,-1.048402272200164,0.0,0.0
2023-10-06,0.0009158253401495564,-5.856461104629497,,,-7.262022283619945,-1.0806244876146198,0.0,0.0
2023-10-07,-0.0014171931063320375,-6.337098674655611,,,-10.614747999969715,-1.112846703029094,0.0,0.0
2023-10-08,-0.01171076456860598,-6.269593661407177,,,-11.246185712005564,-1.1450689184435499,0.0,0.0
2023-10-09,-0.007248971733359588,-6.042978100851265,,,-9.89101526127716,-1.177291133858024,0.0,0.0
2023-10-10,-0.018787796475517426,-6.532669479767103,,,-11.503766298928635,-1.2095133492724983,0.0,0.0
2023-10-11,-0.004312102612340163,-5.974830167350811,,,-10.652132533311825,-1.2107819837940776,0.0,0.0
2023-10-12,0.0038255386939205493,-5.22207151523651,,,-10.608136054598836,-1.2120506183156576,0.0,0.0
2023-10-13,-0.00035440399076769324,-5.346411990645459,,,-11.289847182466575,-1.213319252837237,0.0,0.0
2023-10-14,0.011234344090378379,-5.701129201065843,,,-12.780306155921444,-1.2145878873588172,0.0,0.0
2023-10-15,0.04959205130707445,-6.312437951325359,,,-14.11414470856842,-1.2158565218803972,0.0,0.0
2023-10-16,-0.003679548419376566,-8.605795642744518,,,-13.253938973034774,-1.2180278426537987,0.0,0.0
2023-10-17,-0.00267327231280845,-7.445423113469814,,,-11.67884872665234,-1.2201991634272016,0.0,0.0
2023-10-18,0.013902189265536657,-6.826245205609382,,,-9.985336058152566,-1.2223704842006033,0.0,0.0
2023-10-19,0.0332708660775638,-7.600023948542385,,,-10.10195486401387,-1.2245418049740062,0.0,0.0
2023-10-20,0.00811485642946308,-9.589259306180152,,,-13.040372066420732,-1.226713125747409,0.0,0.0
2023-10-21,0.002763642685674972,-8.965755708886975,,,-15.39998307598059,-1.2413269855732019,0.0,0.0
2023-10-22,0.10261012267749958,-9.71852208725392,,,-18.295205741668152,-1.2559408453990029,0.0,0.0
2023-10-23,0.02578591647593509,-15.12470830791196,,,-9.631364340853189,-1.2705547052247956,0.0,1.0
2023-10-24,0.0169007624091575,-13.827655567554515,,,-7.798546978199901,-1.2851685650505966,0.0,1.0
2023-10-25,-0.009983461874620403,-14.51774734222352,,,-11.607676332606909,-1.2997824248763976,0.0,1.0
2023-10-26,-0.007602558704320916,-12.871001146619198,,,-8.149869328950992,-1.3241548935170786,0.0,1.0
2023-10-27,0.005575943835746777,-10.47034548277882,,,-0.2872635505336021,-1.2559408453990029,1.0,1.0
2023-10-28,0.013053901000557477,-10.058245751709684,,,-4.057994234702072,-1.2705547052247956,0.0,1.0
2023-10-29,-0.0014817865665446295,-11.27213746434412,,,-7.840527050412483,-1.2851685650505966,0.0,1.0
2023-10-30,0.004787274621149917,-10.242256276915125,,,-7.523232544081971,-1.2997824248763976,0.0,1.0
2023-10-31,0.022565392322177802,-10.538734668957796,,,-10.244263841076226,-1.3241548935170786,0.0,1.0
2023-11-01,-0.013546601591183705,-12.671856849461149,,,-15.02488838680442,-1.3485273621577734,0.0,1.0
2023-11-02,-0.006433880083877019,-11.964141064527766,,,-15.001042035594502,-1.3728998307984543,0.0,1.0
2023-11-03,0.009945910882288134,-10.85111028410454,,,-13.055011394257072,-1.3972722994391493,0.0,1.0
2023-11-04,-0.0014314614054447006,-12.340535391433944,,,-17.7338008799779,-1.421644768079844,0.0,1.0
2023-11-05,0.00097709691681791,-11.054120967324549,,,-15.85525931229408,-1.4324198066273461,0.0,1.0
2023-11-06,0.010073306323187703,-9.711732847107866,,,-13.115100071436316,-1.4431948451748542,0.0,1.0
2023-11-07,0.006373039781779832,-9.34694062361706,,,-11.09994887006036,-1.4539698837223562,0.0,1.0
2023-11-08,0.030214132209319677,-10.151867234311728,,,-13.335044748705664,-1.4647449222698645,0.0,1.0
2023-11-09,0.016363001752808914,-10.853570059318734,,,-13.494020910064464,-1.4755199608173726,0.0,1.0
2023-11-10,-0.004601139414014854,-10.269829453117872,,,-11.593306814461153,-1.4769645261204853,0.0,1.0
2023-11-11,-0.0017740371667116506,-10.646801485321244,,,-12.839819932371732,-1.4784090914235988,0.0,1.0
2023-11-12,-0.016220534516795504,-10.564873398448626,,,-13.095183609880364,-1.4798536567267113,0.0,1.0
2023-11-13,-0.025004573137704433,-9.84276831521494,,,-10.667110203744343,-1.481298222029825,0.0,1.0
2023-11-14,0.06489262384747163,-9.790639164759051,,,-9.963192329366455,-1.4827427873329384,0.0,1.0
2023-11-15,-0.044764146208747246,-12.48350679060163,,,-12.162529221934626,-1.4972576608125316,0.0,1.0
2023-11-16,0.012454819789339933,-10.54255832201122,,,-4.448093876052205,-1.511772534292133,0.0,1.0
2023-11-17,-0.0012514366120863762,-10.778192121024237,,,-4.323850254066947,-1.5262874077717261,0.0,1.0
2023-11-18,0.021651658139197894,-9.585309459903485,,,-3.5295130637340435,-1.5408022812513276,0.0,1.0
2023-11-19,0.0023800945720888755,-10.40279954579878,,,-6.427456477867061,-1.555317154730929,0.0,1.0
2023-11-20,-0.04558573069670091,-9.600262857717802,,,-7.899943235671351,-1.567778090785356,0.0,1.0
2023-11-21,0.046631590875071405,-9.528961675758216,,,-3.1087941434498703,-1.5802390268397901,0.0,1.0
2023-11-22,-0.003049052697874255,-9.864393604984317,,,-12.374607342320232,-1.592699962894217,0.0,1.0
2023-11-23,0.011242742854936427,-8.510518702332444,,,-11.655380617351852,-1.605160898948651,0.0,1.0
2023-11-24,0.001779200431038408,-8.39776061992338,,,-11.660625616335238,-1.617621835003085,0.0,1.0
2023-11-25,-0.008820383545342092,-7.910981116034858,,,-10.282140076636914,-1.6308220208134583,0.0,1.0
2023-11-26,-0.005467130855174918,-8.408946995823776,,,-11.312714050195844,-1.644022206623839,0.0,1.0
2023-11-27,0.0154706828452289,-6.798749300235414,,,-8.743970495431796,-1.6572223924342122,0.0,1.0
2023-11-28,0.0009458241348827556,-7.242557934342086,,,-8.60604972860726,-1.670422578244593,0.0,1.0
2023-11-29,-0.0034521527611939273,-7.378498949853889,,,-9.927941429399922,-1.6836227640549737,0.0,1.0
2023-11-30,0.025409845625962824,-6.703195527716465,,,-7.843670309154355,-1.698344884779994,0.0,1.0
2023-12-01,0.019849534104810163,-7.750802359397348,,,-9.31316564979008,-1.7130670055050228,0.0,1.0
2023-12-02,0.013229540422328379,-8.19984610086052,,,-9.9150507647582,-1.7277891262300433,0.0,1.0
2023-12-03,0.05050602592898157,-8.85622284056503,,,-12.097566875216993,-1.742511246955072,0.0,1.0
2023-12-04,0.04958717442505667,-9.92825624093715,,,-9.262840295363382,-1.7572333676801009,0.0,1.0
2023-12-05,-0.007048028149456376,-10.93041701303814,,,-6.875032059413442,-1.761116196722857,0.0,1.0
2023-12-06,-0.011186469570312108,-9.622875687893115,,,-4.8139400508714445,-1.7649990257656152,0.0,1.0
2023-12-07,0.02074843655902936,-9.2973106250637,,,-3.471487903355168,-1.7688818548083713,0.0,1.0
2023-12-08,-0.010354986383596998,-9.887791072746872,,,-4.319597282801084,-1.7727646838511295,0.0,1.0
2023-12-09,0.0017365305076681992,-9.301174364705028,,,-5.546761282556645,-1.776647512893888,0.0,1.0
2023-12-10,-0.05791592552645597,-8.99348696882413,,,-6.924968617770404,-1.7835624604072882,0.0,1.0
2023-12-11,0.005793219467971067,-10.555456356969874,,,-3.201380434373853,-1.7904774079206922,0.0,1.0
2023-12-12,0.033178132182793085,-9.714082107650563,,,-1.4463064877938407,-1.7688818548083713,1.0,1.0
2023-12-13,0.0035743752541170792,-10.30641450568393,,,-0.1184374671029218,-1.742511246955072,1.0,1.0
2023-12-14,-0.02514884155318664,-9.846914952427158,,,-0.5100892985786913,-1.6836227640549737,1.0,1.0
2023-12-15,0.008052636724105389,-9.99546755423118,,,-5.500017903295543,-1.698344884779994,0.0,1.0
2023-12-16,-0.02136759919986808,-9.23320379596163,,,-7.7723229295183955,-1.7130670055050228,0.0,1.0
2023-12-17,0.03101295116695857,-9.648725988824856,,,-8.150162249119475,-1.7277891262300433,0.0,1.0
2023-12-18,-0.00895053190741213,-10.364889014978605,,,-8.366172719610297,-1.742511246955072,0.0,1.0
2023-12-19,0.03294872574243679,-10.294095216799104,,,-10.4511920858656,-1.7572333676801009,0.0,1.0
2023-12-20,0.004416641305385882,-10.786211687199067,,,-9.601875541586132,-1.761116196722857,0.0,1.0
2023-12-21,0.0024449520995490914,-10.562736443627475,,,-12.918157347280392,-1.7649990257656152,0.0,1.0
2023-12-22,-0.006069725424980743,-9.285861272687775,,,-14.37317787105097,-1.7688818548083713,0.0,1.0
2023-12-23,-0.016261438793872096,-8.910818592156748,,,-14.063827606295256,-1.7727646838511295,0.0,1.0
2023-12-24,0.013598734633590404,-9.462947378387142,,,-15.620417201415847,-1.776647512893888,0.0,1.0
2023-12-25,-0.024490472192000512,-9.052314744171078,,,-14.898164755368668,-1.7835624604072882,0.0,1.0
2023-12-26,0.021640629392459365,-9.758051631857802,,,-15.872168047725792,-1.7904774079206922,0.0,1.0
2023-12-27,-0.01991970775187457,-11.327938480924816,,,-19.655327103356925,-1.7973923554340925,0.0,1.0
2023-12-28,-0.011672136108276221,-10.75330719873736,,,-18.82568274920761,-1.8043073029474967,0.0,1.0
2023-12-29,0.0017431736790995966,-10.05905410677412,,,-17.390612677829374,-1.8112222504609008,0.0,1.0
2023-12-30,0.0034005469351414686,-10.141068604421385,,,-18.012650660094387,-1.8282595873569305,0.0,1.0
2023-12-31,0.04483939155577654,-10.161133556329755,,,-20.45428430868024,-1.84529692425297,0.0,1.0
2024-01-01,0.017369122139089255,-11.48589340672048,,,-20.488840545794417,-1.8623342611489997,0.0,1.0
2024-01-02,-0.04675916542427505,-10.065488079781058,,,-17.266544931993252,-1.879371598045039,0.0,1.0
2024-01-03,0.030478772082679795,-11.182475858457629,,,-18.862896179179643,-1.8964089349410784,0.0,1.0
2024-01-04,-0.00013567045894657959,-11.160783677163044,,,-20.9660836848852,-1.9192091055891318,0.0,1.0
2024-01-05,-0.00400474707164622,-11.278816546737424,,,-23.3346948989145,-1.942009276237198,0.0,1.0
2024-01-06,-0.0008938253724500855,-11.912895449636428,,,-27.236607144519404,-1.9648094468852515,0.0,1.0
2024-01-07,0.06879324874536241,-11.706637514723742,,,-28.24041613451756,-1.987609617533318,0.0,1.0
2024-01-08,-0.01791312822889546,-11.798912790820474,,,-17.92936131779844,-2.0104097881813843,0.0,1.0
2024-01-09,0.011797657774886172,-10.345582879468038,,,-14.540966561703756,-2.013739673990631,0.0,1.0
2024-01-10,-0.006748190240534524,-9.945726865615391,,,-17.45935017037654,-2.0170695597998796,0.0,1.0
2024-01-11,-0.07674783056058854,-8.099361087266434,,,-12.04257286334127,-2.0203994456091263,0.0,1.0
2024-01-12,0.0015253818538460973,-10.235723229795877,,,-5.512167625017767,-2.0237293314183753,0.0,1.0
2024-01-13,-0.0260371606696137,-8.980259625340254,,,-3.174365995065692,-2.027059217227624,0.0,1.0
2024-01-14,0.018660583456239666,-9.948552306009775,,,-4.9189827565025865,-2.034151997993654,0.0,1.0
2024-01-15,0.014745560571238991,-9.762893043520757,,,-3.685044709439637,-2.041244778759688,0.0,1.0
2024-01-16,-0.008388205744593757,-9.88653511310738,,,-3.179429640476052,-2.0483375595257183,0.0,1.0
2024-01-17,-0.0338647048234878,-7.411754697569435,,,0.171967802060962,-2.0237293314183753,1.0,1.0
2024-01-18,0.008022019236585853,-7.508835105670249,,,3.955602996277456,-2.0104097881813843,1.0,1.0
2024-01-19,0.0008884028264701804,-7.259667540144949,,,3.063828361522688,-1.9192091055891318,1.0,1.0
2024-01-20,-0.00277508367701107,-7.12393025999548,,,3.1216438333697027,-1.84529692425297,1.0,1.0
2024-01-21,-0.048395719803089654,-6.943076913669291,,,3.2637389561772494,-1.7973923554340925,1.0,1.0
2024-01-22,0.008329453937801379,-8.618254477305937,,,4.912769044493096,-1.7727646838511295,1.0,1.0
2024-01-23,0.004694016682707636,-8.447877700338868,,,4.07654491658905,-1.7572333676801009,1.0,1.0
2024-01-24,-0.003088196846292135,-7.771090385546604,,,5.944289344395351,-1.698344884779994,1.0,1.0
2024-01-25,0.04660583582680067,-7.074257329526069,,,7.781394288572578,-1.644022206623839,1.0,1.0
2024-01-26,0.007104138318376307,-7.947034324297464,,,10.89254690783789,-1.592699962894217,1.0,1.0
2024-01-27,-0.0021265114030820653,-6.866817098074832,,,11.796040079736528,-1.5408022812513276,1.0,1.0
2024-01-28,0.03025476873531141,-7.838125464311542,,,8.826274793862034,-1.4827427873329384,1.0,1.0
2024-01-29,-0.008350518558888909,-8.605946721236748,,,9.703269835858066,-1.4769645261204853,1.0,1.0
2024-01-30,-0.008409193057467013,-8.863465956149586,,,8.218185939317024,-1.4579918770032527,1.0,1.0
2024-01-31,0.011811648661343321,-7.966942002011224,,,7.254408989712047,-1.43644179990824,1.0,1.0
2024-02-01,0.0027170847671955656,-7.945423104272208,,,8.102157287461345,-1.3972722994391493,1.0,1.0
2024-02-02,-0.004372916666666726,-6.916479362753609,,,7.752671721636268,-1.2997824248763976,1.0,1.0
2024-02-03,-0.00995580442160382,-6.329271398493455,,,7.561143358868456,-1.2413269855732019,1.0,1.0
2024-02-04,0.0029547085589325395,-6.74925262597917,,,6.515049758538389,-1.2201991634272016,1.0,1.0
2024-02-05,0.009137482526979213,-6.611607122757388,,,6.82590273065837,-1.213319252837237,1.0,1.0
2024-02-06,0.029018108329785353,-7.0158343417144025,,,6.4271184912743,-1.177291133858024,1.0,1.0
2024-02-07,0.021173809910348673,-8.123445213262897,,,0.803202590686233,-1.048402272200164,1.0,1.0
2024-02-08,0.04071925305788526,-8.519855558562343,,,-0.1339723340594645,-1.016028277159427,1.0,1.0
2024-02-09,0.013118685789101692,-9.95091438479378,,,-1.0784612730795544,-1.0241217759196124,0.0,1.0
2024-02-10,0.011495025558578842,-10.329114343553558,,,-3.0372236605844947,-1.0322152746797932,0.0,1.0
2024-02-11,0.03348406490353306,-10.366950460512545,,,-13.380297908451332,-1.0403087734399785,0.0,1.0
2024-02-12,-0.004360815405169416,-11.347078790103456,,,-14.671391384339104,-1.048402272200164,0.0,1.0
2024-02-13,0.04216493536465804,-9.767506595122718,,,-13.635056442082686,-1.05441407237604,0.0,1.0
2024-02-14,0.001637797501195637,-11.261431544494148,,,-14.480002228006342,-1.0604258725519196,0.0,1.0
2024-02-15,0.004705281418658558,-10.361977017217493,,,-14.74789309417286,-1.0664376727277955,0.0,1.0
2024-02-16,-0.00923699224792518,-10.889338660305718,,,-14.98174851218647,-1.0724494729036749,0.0,1.0
2024-02-17,0.009585683458475325,-10.797038565619646,,,-17.68097580535408,-1.0784612730795544,0.0,1.0
2024-02-18,-0.0069611856456185395,-11.223380098211369,,,-18.63813138412077,-1.1046716883181342,0.0,1.0
2024-02-19,0.009349928044047662,-9.839711320079344,,,-18.15254713212591,-1.130882103556729,0.0,1.0
2024-02-20,-0.007834658340927003,-9.39466646453806,,,-16.82866722374731,-1.157092518795309,0.0,1.0
2024-02-21,-0.010819220824005882,-8.421098634939945,,,-19.172110180375302,-1.1833029340339036,0.0,0.0
2024-02-22,-0.010611947102289299,-8.603228073780398,,,-20.45573163386718,-1.2095133492724983,0.0,0.0
2024-02-23,0.016239704478250294,-6.956975477834025,,,-17.146037884565708,-1.2107819837940776,0.0,0.0
2024-02-24,0.0031149029382824267,-8.608552284491076,,,-18.66529961738648,-1.2120506183156576,0.0,0.0
2024-02-25,0.05311581448263403,-8.523799475789918,,,-23.38934618954731,-1.213319252837237,0.0,0.0
2024-02-26,0.04700873606531397,-10.77447142363112,,,-19.58379210137348,-1.2145878873588172,0.0,0.0
2024-02-27,0.09458295215029322,-12.694366694105572,-6.319892028662728,0.0,-18.53566051549945,-1.2158565218803972,0.0,1.0
2024-02-28,-0.020840561185672013,-20.41920166618557,-6.322236871120409,0.0,-18.04497468404402,-1.2180278426537987,0.0,1.0
2024-02-29,0.02056109684484042,-17.702688492525944,-6.324581713578091,0.0,-15.370343001229514,-1.2201991634272016,0.0,1.0
2024-03-01,-0.006421437490282567,-17.754989758583662,-6.326926556035773,0.0,-14.786251549960769,-1.2223704842006033,0.0,1.0
2024-03-02,0.018176148396896963,-17.032494008205244,-6.329271398493455,0.0,-15.352298067401222,-1.2245418049740062,0.0,1.0
2024-03-03,0.08130909844524137,-19.238604344093467,-6.330836853725886,0.0,-20.871501036914715,-1.226713125747409,0.0,1.0
2024-03-04,-0.0662561793261438,-21.153483862473426,-6.332402308958318,0.0,-17.1321921984944,-1.2413269855732019,0.0,1.0
2024-03-05,0.03687825044280779,-20.13063456777649,-6.333967764190748,0.0,-10.849597058117944,-1.2559408453990029,0.0,1.0
2024-03-06,0.011337735667442228,-21.80247725218363,-6.335533219423179,0.0,-11.251009850062218,-1.2705547052247956,0.0,1.0
2024-03-07,0.01946959415424332,-18.72535621749855,-6.337098674655611,0.0,-6.038588402955092,-1.2851685650505966,0.0,1.0
2024-03-08,0.002775519239201163,-19.102298700348417,-6.3414801371724785,0.0,-8.656765413138295,-1.2997824248763976,0.0,1.0
2024-03-09,0.009406810711886537,-18.959128117007985,-6.345861599689346,0.0,-12.243234010459943,-1.3241548935170786,0.0,1.0
2024-03-10,0.04527851721999632,-19.991321986849584,-6.350243062206215,0.0,-18.79881468893237,-1.3485273621577734,0.0,1.0
2024-03-11,-0.008686272251904659,-21.431764567785947,-6.354624524723083,0.0,-19.9469408299394,-1.3728998307984543,0.0,1.0
2024-03-12,0.02267815838910625,-17.943801652098948,-6.359005987239952,0.0,-15.059547314715765,-1.3972722994391493,0.0,1.0
2024-03-13,-0.02303838069662678,-17.66373328768674,-6.363338203538317,0.0,-15.043764740233456,-1.421644768079844,0.0,1.0
2024-03-14,-0.026461942143979122,-15.568871882725109,-6.3676704198366805,0.0,-11.615295797977735,-1.4265771120226418,0.0,1.0
2024-03-15,-0.06042056205876711,-15.749499688874517,-6.372002636135045,0.0,-14.695711332269504,-1.4315094559654422,0.0,1.0
2024-03-16,0.04736324902225286,-15.06425555956184,-6.37633485243341,0.0,-10.027815992819852,-1.43644179990824,0.0,1.0
2024-03-17,-0.011455624132592601,-16.93857701813903,-6.380667068731775,0.0,-8.293921253272885,-1.4413741438510403,0.0,1.0
2024-03-18,-0.08390165417862072,-15.50865472638447,-6.380857740720338,0.0,-6.401990869672247,-1.4463064877938407,0.0,1.0
2024-03-19,0.09530768162693293,-18.11385367145293,-6.3810484127089016,0.0,-2.424062464697812,-1.452149182398545,0.0,1.0
2024-03-20,-0.034481462477213065,-21.43467275557884,-6.381239084697466,0.0,2.929283542150287,-1.4315094559654422,1.0,1.0
2024-03-21,-0.026024380901316868,-19.374640704933118,-6.381429756686029,0.0,6.258043051852084,-1.3728998307984543,1.0,1.0
2024-03-22,0.003031037371247214,-18.01662464173205,-6.381620428674593,0.0,9.529402377048273,-1.2851685650505966,1.0,1.0
2024-03-23,0.05032004214407837,-18.621093509469237,-6.381715977519984,0.0,8.228358014776333,-1.226713125747409,1.0,1.0
2024-03-24,0.039726534701165495,-18.56391193051457,-6.381811526365375,0.0,10.97656398660088,-1.2180278426537987,1.0,1.0
2024-03-25,0.0015453632591067024,-19.626236638804023,-6.381907075210766,0.0,8.25719571390114,-1.2120506183156576,1.0,1.0
2024-03-26,-0.007401411670572067,-18.32401255132395,-6.382002624056157,0.0,9.111949197399213,-1.157092518795309,1.0,1.0
2024-03-27,0.018865844086057848,-18.043190901784318,-6.382098172901548,0.0,6.811904590907574,-1.0724494729036749,1.0,1.0
2024-03-28,-0.01314004119772949,-17.97427117668954,-6.390838631279395,0.0,4.754550757056222,-1.048402272200164,1.0,1.0
2024-03-29,-0.0038419173280550556,-14.552435888152516,-6.399579089657243,0.0,1.9551028393140228,-1.016028277159427,1.0,1.0
2024-03-30,0.024400356528065048,-14.577778275833046,-6.408319548035092,0.0,-0.2131589452375522,-0.971723092167632,1.0,1.0
2024-03-31,-0.022870507453632394,-15.739769147481628,-6.417060006412939,0.0,-1.7873617189582802,-0.9837936542448321,0.0,1.0
2024-04-01,-0.0600979471584987,-14.165275170976257,-6.425800464790788,0.0,1.4428653290542712,-0.9458444651621104,1.0,1.0
2024-04-02,0.007626941162614864,-14.914991216298972,-6.434791042549433,0.0,3.674193440571728,-0.9388944537576548,1.0,1.0
2024-04-03,0.03827144435510177,-13.622365932330268,-6.443781620308078,0.0,0.7239261248587496,-0.9319342613892496,1.0,1.0
2024-04-04,-0.009741444423889245,-14.325836391214322,-6.452772198066724,0.0,-1.923472630499262,-0.9336743094813511,0.0,1.0
2024-04-05,0.01585623959202964,-13.180407662902498,-6.4617627758253695,0.0,-2.632100839208732,-0.9354143575734517,0.0,1.0
2024-04-06,0.006740449372967916,-13.959230797341949,-6.470753353584016,0.0,-2.866543119665039,-0.9371544056655532,0.0,1.0
2024-04-07,0.03257781566683815,-14.965230334871862,-6.478383623747721,0.0,-8.283356832162141,-0.9388944537576548,0.0,1.0
2024-04-08,-0.034543423624685876,-14.872339435846314,-6.486013893911427,0.0,-6.211685546742061,-0.9406319566087682,0.0,1.0
2024-04-09,0.02147745350417951,-13.168752943782556,-6.493644164075134,0.0,-2.661433352065359,-0.9423694594598826,0.0,1.0
2024-04-10,-0.008846672031632585,-12.743126714769147,-6.501274434238839,0.0,-2.596207162922539,-0.944106962310996,0.0,1.0
2024-04-11,-0.04127789769567636,-10.953459478305886,-6.508904704402546,0.0,1.306279095525127,-0.9371544056655532,1.0,1.0
2024-04-12,-0.047559229828960214,-10.512492524141711,-6.513657659475458,0.0,3.889147417797787,-0.930194213297149,1.0,1.0
2024-04-13,0.027177838359652595,-13.967731983005311,-6.518410614548368,0.0,-0.5652533724775992,-0.9270970740167184,1.0,1.0
2024-04-14,-0.034142357265650736,-13.731361676427731,-6.52316356962128,0.0,0.3945986851714025,-0.9217367493480677,1.0,1.0
2024-04-15,0.005887733504845949,-13.29035040930694,-6.5279165246941915,0.0,-0.381606680515091,-0.9181213667732662,1.0,1.0
2024-04-16,-0.03944013635268473,-13.374836954900871,-6.532669479767103,0.0,-2.634601135015515,-0.9184003781111526,0.0,1.0
2024-04-17,0.03578335689015377,-13.456441617287853,-6.536729267195118,0.0,-1.1622343492162202,-0.9186793894490392,0.0,1.0
2024-04-18,0.005481795516879773,-12.678033382833757,-6.540789054623134,0.0,-6.3061466661892,-0.920208069398553,0.0,1.0
2024-04-19,0.017590332258871744,-11.710610173407122,-6.54484884205115,0.0,-15.175983346376952,-0.9217367493480677,0.0,1.0
2024-04-20,8.623266280816111e-06,-11.933074498658083,-6.548908629479165,0.0,-17.787035203726006,-0.9232654292975816,0.0,1.0
2024-04-21,0.028921107802987844,-11.678226484624814,-6.552968416907181,0.0,-18.64326238958239,-0.9247941092470963,0.0,1.0
2024-04-22,-0.0060659102786441155,-10.68080152001449,-6.560306180074318,0.0,-15.055510356550002,-0.926322789196611,0.0,1.0
2024-04-23,-0.031987382178456425,-8.349604603537795,-6.567643943241456,0.0,-12.572081575991769,-0.9270970740167184,0.0,1.0
2024-04-24,0.003247026462604552,-8.034754580923781,-6.574981706408594,0.0,-11.398350398063386,-0.9278713588368261,0.0,1.0
2024-04-25,-0.0112922286061935,-6.858236525002827,-6.582319469575731,0.0,-8.238668132882168,-0.9286456436569335,0.0,1.0
2024-04-26,-0.004830326982856015,-5.569832117269721,-6.552968416907181,1.0,-3.980826295763947,-0.9294199284770412,0.0,1.0
2024-04-27,-0.0054104835682718955,-5.7814481854073225,-6.536729267195118,1.0,-3.939955131324872,-0.930194213297149,0.0,1.0
2024-04-28,0.01184087991784355,-6.86734661038324,-6.540789054623134,0.0,-6.214694161513307,-0.9319342613892496,0.0,1.0
2024-04-29,-0.05001096044843889,-6.106477461954768,-6.52316356962128,1.0,-4.606066510369999,-0.9336743094813511,0.0,1.0
2024-04-30,-0.03802462420886077,-9.229239707099149,-6.5279165246941915,0.0,-6.683190008031012,-0.9354143575734517,0.0,1.0
2024-05-01,0.011918793070569533,-10.551047570065837,-6.532669479767103,0.0,-6.996597681311656,-0.9371544056655532,0.0,1.0
2024-05-02,0.06470302287768459,-8.77967447266753,-6.536729267195118,0.0,-6.871320765667839,-0.9388944537576548,0.0,1.0
2024-05-03,0.016062304624168355,-9.505856795959078,-6.540789054623134,0.0,-1.464019411521825,-0.9406319566087682,0.0,1.0
2024-05-04,0.0018775421789631874,-9.620556381276472,-6.54484884205115,0.0,-3.782795631601012,-0.9423694594598826,0.0,1.0
2024-05-05,-0.013228925826407556,-9.301822030114542,-6.548908629479165,0.0,-5.648640450686891,-0.944106962310996,0.0,1.0
2024-05-06,-0.013506014942723965,-7.737034670922302,-6.552968416907181,0.0,-2.6492095077352573,-0.9458444651621104,0.0,1.0
2024-05-07,-0.01795879707433945,-7.453547502407568,-6.560306180074318,0.0,-0.678775899840943,-0.9388944537576548,1.0,1.0
2024-05-08,0.030738468090238502,-7.79866036689717,-6.567643943241456,0.0,-3.156386327843528,-0.9406319566087682,0.0,1.0
2024-05-09,-0.03605320162773862,-7.1080091671308985,-6.574981706408593,0.0,-0.2691938959743254,-0.9336743094813511,1.0,1.0
2024-05-10,0.0004276316492815013,-8.242561829902556,-6.582319469575733,0.0,-1.3285593488233405,-0.9354143575734517,0.0,1.0
2024-05-11,0.010817744191257805,-8.529730717611757,-6.58965723274287,0.0,-1.3191591517412604,-0.9371544056655532,0.0,1.0
2024-05-12,0.02368242529478004,-8.91863301783453,-6.5940472107457735,0.0,-3.6171541041747233,-0.9388944537576548,0.0,1.0
2024-05-13,-0.021649003306001613,-9.206440790203466,-6.598437188748677,0.0,-7.4589021896787955,-0.9406319566087682,0.0,1.0
2024-05-14,0.0751737363767182,-9.062660352233117,-6.60282716675158,0.0,-7.859826748766935,-0.9423694594598826,0.0,1.0
2024-05-15,-0.014670613912531216,-11.52861271117906,-6.607217144754484,0.0,-5.3930327199196455,-0.944106962310996,0.0,1.0
2024-05-16,0.027420621471134998,-10.721113332390145,-6.611607122757388,0.0,-4.063152610216321,-0.9458444651621104,0.0,1.0
2024-05-17,-0.0016232991167343114,-10.35144644746576,-6.618940550537151,0.0,-2.853306831063996,-0.9475819680132248,0.0,1.0
2024-05-18,-0.009582127827459264,-10.008411303380637,-6.626273978316914,0.0,-5.715194370027888,-0.959652530090425,0.0,1.0
2024-05-19,0.07804884599558704,-9.457402090496211,-6.633607406096678,0.0,-6.290252342654796,-0.971723092167632,0.0,1.0
2024-05-20,-0.018171328468722492,-12.67079182251832,-6.640940833876443,0.0,-4.894343711990828,-0.9837936542448321,0.0,1.0
2024-05-21,-0.013994914206095221,-10.930442655548507,-6.648274261656207,0.0,-1.1868357907183835,-0.995864216322039,0.0,1.0
2024-05-22,-0.017305602037514634,-10.664849767240776,-6.649796310405194,0.0,-0.0515033719649693,-0.9475819680132248,1.0,1.0
2024-05-23,0.008538222574340226,-9.409592632532412,-6.651318359154181,0.0,3.8547765698693865,-0.9406319566087682,1.0,1.0
2024-05-24,0.010803502670095222,-9.332018863980704,-6.652840407903168,0.0,3.684721919252617,-0.9336743094813511,1.0,1.0
2024-05-25,-0.011298795781301996,-8.488932226207776,-6.654362456652155,0.0,3.878674346420517,-0.9286456436569335,1.0,1.0
2024-05-26,0.01355702215532939,-9.436317011027546,-6.655884505401143,0.0,2.358838019868962,-0.9247941092470963,1.0,1.0
2024-05-27,-0.014949501292044975,-9.660600674738443,-6.659078805406849,0.0,2.349819353252564,-0.9186793894490392,1.0,1.0
2024-05-28,-0.010906250863507161,-9.842585555078823,-6.662273105412554,0.0,1.7129089726824134,-0.9175633440974933,1.0,1.0
2024-05-29,0.01034331070492378,-9.332651865554574,-6.66546740541826,0.0,3.2131845300898263,-0.8767099991872782,1.0,1.0
2024-05-30,-0.011881992919902995,-9.25318129850415,-6.6686617054239665,0.0,0.3918654513858755,-0.8011933077221688,1.0,1.0
2024-05-31,0.0033586018124664996,-8.30979239464061,-6.671856005429673,0.0,0.1073535495233173,-0.728477325419496,1.0,1.0
2024-06-01,-1.8002902599123516e-05,-7.654725433418037,-6.678123909887031,0.0,1.266339356999481,-0.7284162107100514,1.0,1.0
2024-06-02,0.015410024226145236,-7.209229994599251,-6.684391814344389,0.0,-3.991238516426258,-0.7284314893874125,0.0,1.0
2024-06-03,0.025111793506457758,-7.551446171403946,-6.690659718801747,0.0,-5.67713573463196,-0.7284467680647737,0.0,1.0
2024-06-04,0.00808303741651284,-8.217152359939407,-6.696927623259107,0.0,-6.073599347238854,-0.7284620467421348,0.0,1.0
2024-06-05,-0.004344658828823844,-8.872999724715754,-6.703195527716465,0.0,-7.8868064277901695,-0.728477325419496,0.0,1.0
2024-06-06,-0.020388123797123736,-7.398751393810851,-6.7066894075347765,0.0,-4.348769405962777,-0.7284926040968571,0.0,1.0
2024-06-07,-0.0006508486697541782,-6.93224276606096,-6.710183287353088,0.0,-2.376157462118101,-0.7527261719719565,0.0,1.0
2024-06-08,0.004871991904252138,-6.920820457352672,-6.7136771671714,0.0,-3.8806964649309705,-0.7769597398470695,0.0,1.0
2024-06-09,-0.0015526617078359672,-7.050238139403784,-6.717171046989712,0.0,-7.098861052745342,-0.8011933077221688,0.0,1.0
2024-06-10,-0.032006902502156986,-6.37527216750054,-6.703195527716465,1.0,-6.185823356195904,-0.8254268755972818,0.0,1.0
2024-06-11,0.014109198885703833,-7.746354031176796,-6.7066894075347765,0.0,-6.530948733534586,-0.8496604434723949,0.0,1.0
2024-06-12,-0.021841383722223218,-6.75738541816284,-6.710183287353088,0.0,-5.068668873502702,-0.8631852213298327,0.0,1.0
2024-06-13,-0.010917884336799966,-6.365542255480027,-6.690659718801747,1.0,-3.727107078061636,-0.8767099991872782,0.0,1.0
2024-06-14,0.0027899586321176173,-5.285106061697551,-6.6686617054239665,1.0,-10.53397816895638,-0.890234777044716,0.0,1.0
2024-06-15,0.006773846508098869,-4.68764222083237,-6.655884505401143,1.0,-10.342503435513102,-0.9037595549021615,0.0,1.0
2024-06-16,-0.002587703951910103,-4.170830381311422,-6.649796310405194,1.0,-11.3369120364705,-0.917284332759607,0.0,0.0
2024-06-17,-0.019983811580388866,-4.181104788824083,-6.626273978316914,1.0,-12.240134053113962,-0.9175633440974933,0.0,0.0
2024-06-18,-0.0030832222994838787,-4.516039930300096,-6.60282716675158,1.0,-12.97020332839992,-0.9178423554353798,0.0,0.0
2024-06-19,-0.0016064796011104887,-2.9036172570107226,-6.582319469575733,1.0,-22.338867964061905,-0.9181213667732662,0.0,0.0
2024-06-20,-0.011198244365383747,-2.3098040565669784,-6.552968416907181,1.0,-22.80363474663244,-0.9184003781111526,0.0,0.0
2024-06-21,0.0018466390078755168,-1.9749109069827409,-6.536729267195118,1.0,-21.805697479272272,-0.9186793894490392,0.0,0.0
2024-06-22,-0.016370480786393027,-1.8095410968127328,-6.518410614548368,1.0,-21.86083395982305,-0.920208069398553,0.0,0.0
2024-06-23,-0.04614316624851034,-2.3172175403555144,-6.493644164075133,1.0,-23.170129972210347,-0.9217367493480677,0.0,0.0
2024-06-24,0.025089189014368074,-4.588352395877482,-6.46176277582537,1.0,-21.20295931484563,-0.9232654292975816,0.0,0.0
2024-06-25,-0.015225380185519222,-3.994713657609204,-6.425800464790788,1.0,-17.407626556734584,-0.9247941092470963,0.0,0.0
2024-06-26,0.013825353458531753,-3.6640283511171594,-6.390838631279395,1.0,-16.2108032462135,-0.926322789196611,0.0,0.0
2024-06-27,-0.020721165868020086,-4.317744944670077,-6.381811526365375,1.0,-17.176533804807224,-0.9270970740167184,0.0,0.0
2024-06-28,0.009248055201046546,-3.20606427488012,-6.381239084697466,1.0,-14.01365483107678,-0.9278713588368261,0.0,0.0
2024-06-29,0.029274097229099905,-1.8080635472013444,-6.379588088485528,1.0,-12.12466639841719,-0.9286456436569335,0.0,0.0
2024-06-30,0.002038806786655245,-3.4510969624196344,-6.37527216750054,1.0,-12.783622086170602,-0.9294199284770412,0.0,0.0
2024-07-01,-0.01215453293394797,-2.8403721126889554,-6.367488237884129,1.0,-12.0668399915018,-0.930194213297149,0.0,0.0
2024-07-02,-0.031011111688702075,-1.6121987407146232,-6.361620494535981,1.0,-9.40932372949657,-0.9319342613892496,0.0,0.0
2024-07-03,-0.05246046327616427,-3.383969515739677,-6.350243062206214,1.0,-11.066297691408558,-0.9336743094813511,0.0,0.0
2024-07-04,-0.007383346646214428,-5.298541856516706,-6.33553321942318,1.0,-9.391964605685466,-0.9354143575734517,0.0,1.0
2024-07-05,0.02827784241902398,-5.583313626130936,-6.329271398493455,1.0,-10.85774679071696,-0.9371544056655532,0.0,1.0
2024-07-06,-0.040740420809639244,-5.937106486326771,-6.319892028662728,1.0,-8.895790396711128,-0.9388944537576548,0.0,1.0
2024-07-07,0.015339126256471713,-7.630489463507425,-6.322236871120409,0.0,-9.7047872424642,-0.9406319566087682,0.0,1.0
2024-07-08,0.023545604290392763,-7.110668426216309,-6.324581713578091,0.0,-9.405355822498969,-0.9423694594598826,0.0,1.0
2024-07-09,-0.005583979328165345,-6.062137564072579,-6.316525339229108,1.0,-7.67507913318839,-0.944106962310996,0.0,1.0
2024-07-10,-0.0066860860429079905,-5.312908542669453,-6.312437951325359,1.0,-6.273551383029897,-0.9458444651621104,0.0,1.0
2024-07-11,0.009578148824491928,-5.1892688106483895,-6.278162519390813,1.0,-7.602482606046003,-0.9475819680132248,0.0,1.0
2024-07-12,0.02271446610847283,-3.5810746665723974,-6.263462067021039,1.0,-5.539448185604293,-0.959652530090425,0.0,1.0
2024-07-13,0.026921989418961845,-5.253467883556271,-6.2487016184732,1.0,-8.374412256163737,-0.971723092167632,0.0,1.0
2024-07-14,0.06457837119729937,-5.033009291811234,-6.207449524421014,1.0,-7.631070407544279,-0.9837936542448321,0.0,1.0
2024-07-15,0.0049417419837483045,-9.405740561079952,-6.232692540037583,0.0,-7.490059922053845,-0.995864216322039,0.0,1.0
2024-07-16,-0.014697745325894074,-9.457714244672006,-6.238028899516122,0.0,-9.48758778216486,-1.007934778399246,0.0,1.0
2024-07-17,-0.001561447004345129,-9.990498618483905,-6.243365258994661,0.0,-11.003320810543038,-1.016028277159427,0.0,1.0
2024-07-18,0.041759132036171875,-8.927384737248255,-6.2487016184732,0.0,-10.34741190008026,-1.0241217759196124,0.0,1.0
2024-07-19,0.007200120012001321,-10.703321065511386,-6.254037977951739,0.0,-11.930002923137394,-1.0322152746797932,0.0,1.0
2024-07-20,0.015272276003738927,-9.969657895559362,-6.25937433743028,0.0,-13.719187534190311,-1.0403087734399785,0.0,1.0
2024-07-21,-0.009291085469536275,-11.0320724250469,-6.261418202225659,0.0,-16.941411361994675,-1.048402272200164,0.0,1.0
2024-07-22,-0.023633237038257815,-10.928282610238329,-6.263462067021039,0.0,-18.46769535486085,-1.05441407237604,0.0,1.0
2024-07-23,-0.00849323457697837,-9.35883551027018,-6.265505931816418,0.0,-14.37838854134916,-1.0604258725519196,0.0,1.0
2024-07-24,0.006484795643661334,-7.6863456212782735,-6.267549796611798,0.0,-14.585094205107666,-1.0664376727277955,0.0,1.0
2024-07-25,0.0320371064111753,-7.66308870432684,-6.269593661407177,0.0,-15.754862667757912,-1.0724494729036749,0.0,1.0
2024-07-26,-0.00016919953012906053,-7.385847526340708,-6.278162519390813,0.0,-13.0529422708331,-1.0784612730795544,0.0,1.0
2024-07-27,0.005204686544961978,-5.063339538839214,-6.263462067021039,1.0,-8.237316317856227,-1.0952158883068819,0.0,1.0
2024-07-28,-0.02146802309396001,-4.817224817525007,-6.2487016184732,1.0,-6.385252202609969,-1.111970503534219,0.0,1.0
2024-07-29,-0.008934532749946156,-4.94843355487419,-6.207449524421014,1.0,-4.96016168014507,-1.1287251187615461,0.0,1.0
2024-07-30,-0.023569227050220576,-4.384063629232006,-6.106477461954768,1.0,-4.838727895004929,-1.1454797339888831,0.0,1.0
2024-07-31,0.011233830537847433,-4.001197571545818,-6.072483865428735,1.0,-2.204360057680581,-1.1622343492162202,0.0,1.0
2024-08-01,-0.05899698289408972,-5.180281236405333,-6.062876724962438,1.0,-3.316736197991567,-1.167154637516651,0.0,1.0
2024-08-02,-0.013014011925201907,-7.130072464375621,-6.063246305407368,0.0,-1.4923502078438844,-1.1720749258170848,0.0,1.0
2024-08-03,-0.04179693594466638,-6.966198433155444,-6.063615885852298,0.0,-4.991855014991344,-1.176995214117516,0.0,1.0
2024-08-04,-0.07121937380719046,-9.094966196297417,-6.063985466297227,0.0,-7.411780910124087,-1.1819155024179497,0.0,1.0
2024-08-05,0.03708337891930613,-13.049570661461622,-6.072483865428735,0.0,-8.830634309732005,-1.1868357907183835,0.0,1.0
2024-08-06,-0.01584823536320812,-12.542165391175644,-6.080982264560243,0.0,-7.745761890586714,-1.191371302429205,0.0,1.0
2024-08-07,0.11883431252058596,-11.200745016393206,-6.0894806636917505,0.0,-7.059220478526861,-1.1959068141400289,0.0,1.0
2024-08-08,-0.013747043696631933,-13.675079430988475,-6.097979062823257,0.0,9.256689533824684,-1.176995214117516,1.0,1.0
2024-08-09,0.0014057006156844576,-12.501002629756638,-6.106477461954768,0.0,11.194087137359864,-1.1454797339888831,1.0,1.0
2024-08-10,-0.03629009556409346,-11.982723521108216,-6.13172047757133,0.0,9.894540913769347,-1.0784612730795544,1.0,1.0
2024-08-11,0.0107992169992841,-12.725183709510906,-6.156963493187891,0.0,10.226916751695768,-1.05441407237604,1.0,1.0
2024-08-12,0.02090278404977952,-12.736501104622722,-6.182206508804453,0.0,9.504483291204489,-1.0241217759196124,1.0,1.0
2024-08-13,-0.031421844400999266,-11.532534287306412,-6.207449524421014,0.0,9.811729792003206,-0.9837936542448321,1.0,1.0
2024-08-14,-0.019465985179111134,-10.20281022700397,-6.232692540037583,0.0,8.72651848197387,-0.9458444651621104,1.0,1.0
2024-08-15,0.023175450712934476,-10.049246930873805,-6.238028899516122,0.0,8.73961897912902,-0.9388944537576548,1.0,1.0
2024-08-16,0.010486525598475405,-9.02619053573174,-6.243365258994661,0.0,11.547807186446027,-0.9319342613892496,1.0,1.0
2024-08-17,-0.017895518371464747,-9.471831351860285,-6.2487016184732,0.0,11.057804988394912,-0.9278713588368261,1.0,1.0
2024-08-18,0.017306107499313272,-9.59545532522539,-6.254037977951739,0.0,8.169439069335773,-0.9232654292975816,1.0,1.0
2024-08-19,-0.007145200501358473,-8.785479701038739,-6.25937433743028,0.0,10.041779144671452,-0.9184003781111526,1.0,1.0
2024-08-20,0.03630049242719502,-8.626666565730215,-6.261418202225659,0.0,9.491325337022523,-0.917284332759607,1.0,1.0
2024-08-21,-0.012757368324922358,-9.8095442172796,-6.263462067021039,0.0,9.995039247763096,-0.8631852213298327,1.0,1.0
2024-08-22,0.06064346268308651,-9.58360681227835,-6.265505931816418,0.0,10.300913799955588,-0.7769597398470695,1.0,1.0
2024-08-23,0.0018703179587378216,-11.599321786413478,-6.267549796611798,0.0,11.99558843521367,-0.7284620467421348,1.0,1.0
2024-08-24,0.0009818100937060148,-11.297533107141962,-6.269593661407177,0.0,12.251033292228485,-0.7263123241462973,1.0,1.0
2024-08-25,-0.021582061663033336,-10.807278932279656,-6.278162519390813,0.0,12.288188865155163,-0.7178967778912835,1.0,1.0
2024-08-26,-0.05441321577489899,-10.018780431495152,-6.2867313773744495,0.0,15.342298813073953,-0.7088991746675695,1.0,1.0
2024-08-27,-0.006397374400403888,-11.588935576940962,-6.295300235358085,0.0,16.996265925602273,-0.7061718317427278,1.0,1.0
2024-08-28,0.0054901422717748005,-11.383478809217364,-6.303869093341721,0.0,16.400070616715794,-0.7057076199294329,1.0,1.0
2024-08-29,-0.003959297838693754,-11.4883986858285,-6.312437951325359,0.0,16.285672980587712,-0.7001465754309111,1.0,1.0
2024-08-30,-0.0025370412247210927,-11.27395744176423,-6.313459798301296,0.0,16.818145370565652,-0.678775899840943,1.0,1.0
2024-08-31,-0.028353686091105557,-10.7056683181932,-6.314481645277233,0.0,18.19339304225721,-0.6745980723789412,1.0,1.0
2024-09-01,0.03194084799341579,-11.548478839979582,-6.31550349225317,0.0,11.721796664026511,-0.662207780451504,1.0,1.0
2024-09-02,-0.0278089086254798,-10.959830155215856,-6.316525339229108,0.0,13.9096418427239,-0.6495685144211865,1.0,1.0
2024-09-03,0.008404750022309004,-11.879664734831616,-6.317547186205045,0.0,10.597689756775786,-0.6266150348456357,1.0,1.0
2024-09-04,-0.030893086013844884,-11.465792272848384,-6.319892028662728,0.0,4.978930086467578,-0.5652533724775992,1.0,1.0
2024-09-05,-0.03946297614809535,-11.559718832140724,-6.322236871120409,0.0,3.576131112552993,-0.5400232870494314,1.0,1.0
2024-09-06,0.0036671443399056702,-12.444389362153984,-6.324581713578091,0.0,2.2672408147913075,-0.5312849112736784,1.0,1.0
2024-09-07,0.013092295801802267,-11.009527591727748,-6.326926556035773,0.0,-11.11312641067687,-0.532095196079916,0.0,1.0
2024-09-08,0.03958541970605056,-10.000088632543877,-6.329271398493455,0.0,-11.62171385060214,-0.5329054808861541,0.0,1.0
2024-09-09,0.010413204305599333,-10.365931638542516,-6.330836853725886,0.0,-9.239196760969804,-0.5337157656923921,0.0,1.0
2024-09-10,-0.005170207018218909,-9.356183954995284,-6.332402308958318,0.0,-9.168891443835683,-0.5400232870494314,0.0,1.0
2024-09-11,0.013853291011196811,-7.6631969366281085,-6.333967764190748,0.0,-6.941165947873785,-0.5463308084064742,0.0,1.0
2024-09-12,0.04069474605520651,-7.645632363436464,-6.335533219423179,0.0,-6.365259766027066,-0.5526383297635135,0.0,1.0
2024-09-13,-0.008346887500413236,-7.480873085992998,-6.337098674655611,0.0,-4.189916729517606,-0.5589458511205564,0.0,1.0
2024-09-14,-0.014352167243428138,-7.274870170756911,-6.3414801371724785,0.0,-4.559627462251854,-0.5652533724775992,0.0,1.0
2024-09-15,-0.01552475816816612,-7.781147418992843,-6.345861599689346,0.0,-5.692385883155296,-0.5805937880696039,0.0,1.0
2024-09-16,0.03607380287796791,-7.941514813499666,-6.350243062206214,0.0,-5.598607050802173,-0.5959342036616175,0.0,1.0
2024-09-17,0.023974537250810224,-8.618322223850528,-6.354624524723082,0.0,-4.2569777760528,-0.6112746192536223,0.0,1.0
2024-09-18,0.019235754409934414,-8.203128988948539,-6.359005987239952,0.0,-2.3958210095063563,-0.6266150348456357,0.0,1.0
2024-09-19,0.004020144249244684,-8.571744448572723,-6.360313240887967,0.0,-2.371996221462723,-0.6419554504376492,0.0,1.0
2024-09-20,0.0023403092195461994,-7.446082734117931,-6.361620494535981,0.0,-2.137023110982589,-0.6444931384321612,0.0,1.0
2024-09-21,0.003627526008319615,-7.763280246759697,-6.3629277481839965,0.0,-3.229395925197231,-0.6470308264266745,0.0,1.0
2024-09-22,-0.0037554994781276996,-7.019519526493381,-6.364235001832012,0.0,-7.936144583724072,-0.6495685144211865,0.0,1.0
2024-09-23,0.014567574134444872,-6.382947580925428,-6.365542255480027,0.0,-7.241126310595142,-0.6521062024156998,0.0,1.0
2024-09-24,-0.017283587524333677,-6.950475790783981,-6.367488237884129,0.0,-8.018990504068121,-0.6546438904102132,0.0,1.0
2024-09-25,0.03201766657941674,-6.538949719763277,-6.369434220288232,0.0,-6.490291755491782,-0.6584258354308596,0.0,1.0
2024-09-26,0.009144138635673427,-8.242726166590957,-6.371380202692334,0.0,-12.237916999947934,-0.6622077804515019,0.0,1.0
2024-09-27,0.0013387572896133015,-7.507234951603165,-6.373326185096437,0.0,-11.7048219035929,-0.6659897254721483,0.0,1.0
2024-09-28,-0.0038869993015275828,-7.718918078876274,-6.37527216750054,0.0,-12.437493714902764,-0.6697716704927947,0.0,1.0
2024-09-29,-0.03466997428889751,-8.085098848718577,-6.376351147746787,0.0,-13.858358046250205,-0.6735536155134412,0.0,1.0
2024-09-30,-0.03982166382772501,-8.538657122510752,-6.377430127993034,0.0,-12.21412829295882,-0.6745980723789418,0.0,1.0
2024-10-01,-0.002573768480562233,-9.263849114210116,-6.378509108239281,0.0,-13.467057486849,-0.6756425292444412,0.0,1.0
2024-10-02,0.001705378860227258,-8.796178641652887,-6.379588088485527,0.0,-14.583549333067758,-0.6766869861099418,0.0,1.0
2024-10-03,0.021946181495442696,-8.808855487249351,-6.380667068731775,0.0,-16.854242112384405,-0.6777314429754424,0.0,1.0
2024-10-04,-0.00045098734014104025,-7.579008380025998,-6.380857740720338,0.0,-14.337391648956078,-0.678775899840943,0.0,1.0
2024-10-05,0.012277385671468632,-6.993285485817529,-6.3810484127089016,0.0,-15.697943261114853,-0.6841185687384366,0.0,1.0
2024-10-06,-0.009486005312646983,-6.947594767134408,-6.381239084697466,0.0,-19.781076307969364,-0.689461237635924,0.0,1.0
2024-10-07,-0.001020667266649511,-5.249425384924306,-6.379588088485527,1.0,-19.085279131515065,-0.6948039065334176,0.0,1.0
2024-10-08,-0.02452474232426416,-4.73441902409639,-6.37527216750054,1.0,-18.38894347977685,-0.7001465754309111,0.0,0.0
2024-10-09,-0.005106370767738344,-5.075543160745701,-6.367488237884129,1.0,-20.35331388802303,-0.7054892443284047,0.0,0.0
2024-10-10,0.036693891346722296,-4.3805946411449845,-6.361620494535981,1.0,-19.351570550044062,-0.7055620361954141,0.0,0.0
2024-10-11,0.010652702270546932,-6.341139805354182,-6.351859514485644,1.0,-19.7819601446274,-0.7056348280624234,0.0,1.0
2024-10-12,-0.005319096759781039,-5.8525122348338,-6.340331579214467,1.0,-19.23633009864584,-0.7057076199294329,0.0,1.0
2024-10-13,0.051120868102157546,-5.574411280366082,-6.337098674655611,1.0,-22.1555231678241,-0.7057804117964422,0.0,0.0
2024-10-14,0.014983205463229288,-6.879525916286685,-6.337906900795325,0.0,-18.89109689514784,-0.7058532036634517,0.0,1.0
2024-10-15,0.008138307848598592,-7.041772743304998,-6.338715126935039,0.0,-19.17205482668432,-0.7060125177030898,0.0,1.0
2024-10-16,-0.0029315286998625734,-6.3464893330322365,-6.339523353074753,0.0,-18.742614295857926,-0.7061718317427277,0.0,1.0
2024-10-17,0.014924257413553965,-5.608440470859004,-6.335533219423179,1.0,-19.71570173709136,-0.7063311457823658,0.0,0.0
2024-10-18,-0.000730695037119311,-5.131512194472766,-6.329271398493455,1.0,-19.067022612362933,-0.7064904598220039,0.0,0.0
2024-10-19,0.00956433355757702,-4.209756627895456,-6.319892028662728,1.0,-19.20289168380312,-0.706649773861642,0.0,0.0
2024-10-20,-0.023967004283086846,-4.987174467569462,-6.314481645277233,1.0,-21.035424673562623,-0.7088991746675708,0.0,0.0
2024-10-21,0.0007198248673518926,-4.657657417393439,-6.295300235358085,1.0,-19.08336674610733,-0.7111485754734971,0.0,0.0
2024-10-22,-0.011232313944175898,-4.51704978589372,-6.267549796611798,1.0,-19.184300913777705,-0.7133979762794258,0.0,0.0
2024-10-23,0.022943767422919148,-4.825728321880457,-6.25937433743028,1.0,-19.516161175808293,-0.7156473770853546,0.0,0.0
2024-10-24,-0.02199395644582236,-5.554692777687281,-6.238028899516122,1.0,-20.024336112076,-0.7178967778912835,0.0,0.0
2024-10-25,0.005913641316056761,-5.643378374745248,-6.156963493187891,1.0,-20.494528450681702,-0.7200006644550375,0.0,1.0
2024-10-26,0.013845607186230069,-3.836773387015437,-6.0894806636917505,1.0,-19.35926817690684,-0.7221045510187892,0.0,0.0
2024-10-27,0.028527808037729363,-4.720181175820478,-6.063615885852298,1.0,-21.00022011702292,-0.7242084375825433,0.0,0.0
2024-10-28,0.03965297837218107,-5.235052815457778,-6.062137564072579,1.0,-20.2963679868749,-0.7263123241462973,0.0,1.0
2024-10-29,-0.00538492271134583,-6.654431130366223,-6.062507144517508,0.0,-19.990807157778384,-0.7284162107100514,0.0,1.0
2024-10-30,-0.028374281253896405,-5.852915251325387,-6.05064188613979,1.0,-21.172847625345,-0.7284314893874125,0.0,1.0
2024-10-31,-0.011324188908526045,-5.48810790330066,-6.015718927451081,1.0,-21.63592649537689,-0.7284467680647737,0.0,0.0
2024-11-01,-0.0017449922664622974,-5.763659307466563,-5.967285431146001,1.0,-22.971916945162874,-0.7284620467421348,0.0,0.0
2024-11-02,-0.008630662976178316,-5.485083396953991,-5.937106486326771,1.0,-23.461674004972863,-0.728477325419496,0.0,0.0
2024-11-03,-0.01346371022794457,-5.615376532068681,-5.872590180968952,1.0,-26.352483039689176,-0.7284926040968571,0.0,0.0
2024-11-04,0.022431831623900944,-6.271685812022891,-5.888719257308405,0.0,-28.52482581055174,-0.7527261719719702,0.0,0.0
2024-11-05,0.0893729329739763,-5.489432200065537,-5.855042763307853,1.0,-26.696360438183383,-0.7769597398470557,0.0,0.0
2024-11-06,0.0037831476979763856,-5.207116026371681,-5.852834648027069,1.0,-8.530577770791552,-0.8011933077221688,0.0,1.0
2024-11-07,0.008593568843003663,-4.850512074504252,-5.8525122348338,1.0,-6.093634169448471,-0.8254268755972818,0.0,1.0
2024-11-08,0.0021916152418686163,-3.385897696701564,-5.81173492021475,1.0,-3.095309035900094,-0.8496604434723949,0.0,1.0
2024-11-09,0.04815691599591321,-3.728869387590766,-5.789485147868389,1.0,-3.8131822339646746,-0.8631852213298403,0.0,1.0
2024-11-10,0.10299836966550102,-5.9557237447252165,-5.793503629098922,0.0,-5.378679173367317,-0.8767099991872704,0.0,1.0
2024-11-11,-0.00785105223479976,-12.732088269695154,-5.797522110329455,0.0,-2.7821792113097388,-0.890234777044716,0.0,1.0
2024-11-12,0.027551274837266382,-10.843595080166091,-5.801540591559989,0.0,1.0826945209407055,-0.8254268755972818,1.0,1.0
2024-11-13,-0.03374388106471693,-11.780753926031643,-5.81173492021475,0.0,-1.6043230902471706,-0.8496604434723949,0.0,1.0
2024-11-14,0.04244437398018164,-11.614298939184383,-5.8219292488695125,0.0,-1.5107043169818937,-0.8631852213298403,0.0,1.0
2024-11-15,-0.004890034907478302,-10.793703242883296,-5.832123577524274,0.0,3.3787404211552428,-0.7769597398470557,1.0,1.0
2024-11-16,-0.008068824947354392,-9.52356107237405,-5.842317906179035,0.0,2.844449914202293,-0.7284620467421348,1.0,1.0
2024-11-17,0.006767384122082332,-9.911045383680708,-5.8525122348338,0.0,2.297463532019826,-0.7263123241462973,1.0,1.0
2024-11-18,0.020413737695668788,-10.245261617569076,-5.852592838132118,0.0,1.273387174961094,-0.7178967778912835,1.0,1.0
2024-11-19,0.02140345673566446,-9.945627646934538,-5.852673441430435,0.0,1.6469897253121673,-0.7088991746675708,1.0,1.0
2024-11-20,0.04274798019993509,-11.036847685312512,-5.852754044728752,0.0,-0.4253700244118832,-0.7061718317427277,1.0,1.0
2024-11-21,0.0058472013826280644,-11.96886539679047,-5.852834648027069,0.0,0.2221083482756611,-0.7057076199294329,1.0,1.0
2024-11-22,-0.012332645714516866,-11.420024049505814,-5.852915251325387,0.0,0.6394656814027257,-0.7001465754309111,1.0,1.0
2024-11-23,0.002330648166728677,-11.123598050321457,-5.853624421986209,0.0,0.1712663749834462,-0.678775899840943,1.0,1.0
2024-11-24,-0.04994921350389636,-12.27651356098929,-5.854333592647031,0.0,-3.5180410511043902,-0.6841185687384366,0.0,1.0
2024-11-25,-0.011233737099909935,-10.869366667702932,-5.855042763307853,0.0,2.4702881850327074,-0.6756425292444412,1.0,1.0
2024-11-26,0.04238507278190995,-11.124413912706109,-5.855751933968675,0.0,1.831036203707434,-0.6659897254721483,1.0,1.0
2024-11-27,-0.002285863665387078,-11.31715351062182,-5.856461104629497,0.0,4.223781322519237,-0.6521062024156998,1.0,1.0
2024-11-28,0.018987290156683212,-9.940186854623336,-5.872590180968952,0.0,4.953914357027905,-0.6419554504376492,1.0,1.0
2024-11-29,-0.010794274574184248,-9.41481518391728,-5.888719257308405,0.0,6.709077815065541,-0.5805937880696127,1.0,1.0
2024-11-30,0.008061468764155144,-8.854238843872391,-5.904848333647859,0.0,6.956965626691556,-0.5463308084064706,1.0,1.0
2024-12-01,-0.01383503122595442,-9.7054270777117,-5.920977409987312,0.0,4.863053712855539,-0.532095196079916,1.0,1.0
2024-12-02,9.463628261174861e-05,-8.886012193219628,-5.937106486326771,0.0,6.3100267160336685,-0.5294734771433297,1.0,1.0
2024-12-03,0.028561699051921963,-9.339349640579831,-5.94082993800646,0.0,5.676565730272756,-0.5287100190718377,1.0,1.0
2024-12-04,-0.016652141472148774,-10.198615376986655,-5.944553389686149,0.0,5.599894126198599,-0.5138134426773214,1.0,1.0
2024-12-05,0.028832759145512643,-11.469019891961068,-5.948276841365837,0.0,1.6059017673489038,-0.5053875832177784,1.0,1.0
2024-12-06,0.0009138683812970338,-10.231899159296932,-5.9520002930455265,0.0,-2.5718187953692606,-0.506954821671416,0.0,1.0
2024-12-07,0.012797501081567075,-9.208098120196768,-5.9557237447252165,0.0,-1.3464375769256804,-0.5085220601250537,0.0,1.0
2024-12-08,-0.0379105483466009,-9.742907691820724,-5.959545029250335,0.0,-2.2001468381859013,-0.5100892985786913,0.0,1.0
2024-12-09,-0.007026056763778543,-10.37277607207688,-5.963366313775454,0.0,-2.194095525810731,-0.5138134426773214,0.0,1.0
2024-12-10,0.04691851376393741,-9.243051353705884,-5.967187598300573,0.0,-3.9673470798490698,-0.5175375867759473,0.0,1.0
2024-12-11,-0.011082422744128628,-9.494509634661362,-5.971008882825691,0.0,-13.734333824126487,-0.5212617308745775,0.0,1.0
2024-12-12,0.014198990863292016,-8.36628678225582,-5.974830167350811,0.0,-13.852687653837336,-0.5249858749732076,0.0,1.0
2024-12-13,-4.19031937628489e-05,-7.587066587515983,-5.9884597540509015,0.0,-13.42776314976772,-0.5287100190718377,0.0,1.0
2024-12-14,0.030013705383553635,-6.622888496383604,-6.002089340750991,0.0,-14.108766359110042,-0.5289008835897108,0.0,1.0
2024-12-15,0.01526526030644626,-8.070379425171295,-6.015718927451081,0.0,-17.875741349492117,-0.5290917481075836,0.0,1.0
2024-12-16,0.0007079101319968917,-6.556000038415943,-6.029348514151171,0.0,-15.474485926118184,-0.5292826126254566,0.0,1.0
2024-12-17,-0.0558703575319216,-6.884122060092597,-6.042978100851265,0.0,-16.536591739265667,-0.5294734771433297,0.0,1.0
2024-12-18,-0.027365671293993032,-8.258825493417486,-6.046809993495527,0.0,-13.126250077594245,-0.5296643416612028,0.0,1.0
2024-12-19,0.0035252764517319513,-8.345090308835998,-6.05064188613979,0.0,-11.774159359087186,-0.5304746264674408,0.0,1.0
2024-12-20,-0.005249707991702657,-7.70091283736398,-6.054473778784052,0.0,-11.602132826441917,-0.5312849112736779,0.0,1.0
2024-12-21,-0.02164330280426996,-7.185095084840164,-6.058305671428315,0.0,-12.876274288207137,-0.532095196079916,0.0,1.0
2024-12-22,-0.003202142493870186,-8.532975411365083,-6.062137564072579,0.0,-15.838872660472743,-0.5329054808861541,0.0,1.0
2024-12-23,0.03986141867321402,-7.107342963146057,-6.062507144517508,0.0,-14.811026182554556,-0.5337157656923921,0.0,1.0
2024-12-24,0.0077639591022340415,-8.071657632442658,-6.062876724962438,0.0,-13.434922867005938,-0.5400232870494349,0.0,1.0
2024-12-25,-0.03658870195595676,-8.06576221782549,-6.063246305407368,0.0,-16.75122803848363,-0.5463308084064706,0.0,1.0
2024-12-26,-0.01558142885179914,-8.525702177446732,-6.063615885852298,0.0,-15.979195134611558,-0.5526383297635135,0.0,1.0
2024-12-27,0.01061484937862045,-7.510030464508079,-6.063985466297227,0.0,-16.929351080768704,-0.5589458511205564,0.0,1.0
2024-12-28,-0.01638824763903468,-7.548012299285217,-6.072483865428735,0.0,-16.60162351851187,-0.5652533724775992,0.0,1.0
2024-12-29,-0.010093537106537043,-7.274666797371167,-6.080982264560243,0.0,-16.763841533336596,-0.5805937880696127,0.0,1.0
2024-12-30,0.008448460832582105,-7.4294380486771,-6.0894806636917505,0.0,-17.33453773795752,-0.5959342036616088,0.0,1.0
2024-12-31,0.010855240659998211,-6.498413544535509,-6.097979062823257,0.0,-16.325752547916302,-0.6112746192536223,0.0,1.0
2025-01-01,0.025298178626284695,-7.152934771775692,-6.106477461954768,0.0,-17.503789367700854,-0.6266150348456357,0.0,1.0
2025-01-02,0.012263675572221189,-6.950383479948455,-6.13172047757133,0.0,-15.391371226380612,-0.6419554504376492,0.0,1.0
2025-01-03,0.0004718144831972193,-6.331260717131311,-6.156963493187891,0.0,-15.172161814477526,-0.6444931384321626,0.0,1.0
2025-01-04,0.0014570278098766654,-6.450917868573585,-6.182206508804453,0.0,-16.69737356101551,-0.6470308264266731,0.0,1.0
2025-01-05,0.039364049367443865,-5.634031151635982,-6.097979062823257,1.0,-17.52822161481081,-0.6495685144211865,0.0,1.0
2025-01-06,-0.05165509861535522,-6.20966939713451,-6.106477461954768,0.0,-14.71413817995451,-0.6521062024156998,0.0,1.0
2025-01-07,-0.01953491432743626,-6.84085021524837,-6.127115848990715,0.0,-10.95908324486146,-0.6546438904102132,0.0,1.0
2025-01-08,-0.026384429891623817,-7.271950529717765,-6.147754236026662,0.0,-12.260889560163015,-0.6584258354308596,0.0,1.0
2025-01-09,0.02348526765730452,-7.446519093749302,-6.168392623062609,0.0,-12.39325264195066,-0.6622077804515019,0.0,1.0
2025-01-10,-0.0013314174940783907,-5.75008484913955,-6.097979062823257,1.0,-12.178880598728211,-0.6659897254721483,0.0,1.0
2025-01-11,-0.0005806554525006336,-6.148270126829135,-6.106477461954768,0.0,-13.674638861694106,-0.6697716704927947,0.0,1.0
2025-01-12,-9.476962625010188e-05,-5.779013922247374,-6.072483865428735,1.0,-14.994649213729744,-0.6735536155134412,0.0,1.0
2025-01-13,0.021417849900725594,-6.143298116205866,-6.080982264560243,0.0,-16.674639351940982,-0.6745980723789418,0.0,1.0
2025-01-14,0.04076693186038316,-5.474972156816923,-6.063246305407368,1.0,-16.879055197092015,-0.6756425292444412,0.0,1.0
2025-01-15,-0.005075258203325772,-6.638801150359978,-6.063615885852298,0.0,-15.387496123184931,-0.6766869861099418,0.0,1.0
2025-01-16,0.04090699518838892,-6.751707488579069,-6.063985466297227,0.0,-16.6838173678968,-0.6777314429754424,0.0,1.0
2025-01-17,0.0045999384304846735,-7.653835725867713,-6.072483865428735,0.0,-19.62342927475185,-0.678775899840943,0.0,1.0
2025-01-18,-0.030841395103859304,-7.720398873100814,-6.080982264560243,0.0,-22.531913362253,-0.6841185687384366,0.0,1.0
2025-01-19,0.009162396279856155,-8.014979097042922,-6.0894806636917505,0.0,-22.14709173839724,-0.689461237635924,0.0,1.0
2025-01-20,0.03797975376689289,-6.620950485941046,-6.097979062823257,0.0,-19.12022889989217,-0.6948039065334176,0.0,1.0
2025-01-21,-0.022960922265658046,-6.838889681922908,-6.106477461954768,0.0,-16.727194490934423,-0.7001465754309111,0.0,1.0
2025-01-22,0.0019640011547956693,-6.360528617722547,-6.113841592804987,0.0,-15.140264485114578,-0.7054892443284047,0.0,1.0
2025-01-23,0.009240273874573157,-5.699801718928059,-6.080982264560243,1.0,-16.246585283511912,-0.7055620361954141,0.0,1.0
2025-01-24,-0.0011790732379457491,-4.068138952116907,-6.063246305407368,1.0,-13.502200061557964,-0.7056348280624234,0.0,1.0
2025-01-25,-0.020304667873067395,-4.407554031017954,-6.058305671428315,1.0,-15.151220530384514,-0.7057076199294329,0.0,1.0
2025-01-26,-0.0052345546677060595,-4.15174397992371,-6.042978100851265,1.0,-14.589069480313045,-0.7057804117964422,0.0,1.0
2025-01-27,-0.0073206238502596666,-4.998713313585066,-5.9884597540509015,1.0,-17.02039694505134,-0.7058532036634517,0.0,1.0
2025-01-28,0.023661199942527578,-3.821548066706711,-5.963366313775454,1.0,-14.488663060801926,-0.7060125177030898,0.0,1.0
2025-01-29,0.00954081835292131,-4.727848904927365,-5.948276841365837,1.0,-13.796111011584172,-0.7061718317427277,0.0,1.0
2025-01-30,-0.021899499765762886,-4.187921139883342,-5.920977409987312,1.0,-12.258272732816692,-0.7063311457823658,0.0,1.0
2025-01-31,-0.01751359666096397,-3.671406674236064,-5.856461104629497,1.0,-10.405176822552534,-0.7064904598220039,0.0,1.0
2025-02-01,-0.029165211334154395,-3.865482759414416,-5.853624421986209,1.0,-11.299734556116874,-0.706649773861642,0.0,1.0
2025-02-02,0.03713314320824468,-5.6280593801747685,-5.852673441430435,1.0,-13.540126215649856,-0.7088991746675708,0.0,1.0
2025-02-03,-0.03518644109279401,-6.223334920931501,-5.852754044728752,0.0,-11.619474014373786,-0.7111485754734971,0.0,1.0
2025-02-04,-0.011770285996367091,-5.039008828647137,-5.842317906179035,1.0,-7.021460500335117,-0.7133979762794258,0.0,1.0
2025-02-05,-0.0006011648811647952,-5.409178224605221,-5.801540591559989,1.0,-9.302843774079648,-0.7156473770853546,0.0,1.0
2025-02-06,-0.0004924687494659574,-4.814940713811927,-5.785466666637856,1.0,-12.638940503628548,-0.7178967778912835,0.0,1.0
2025-02-07,-0.0006430634939713631,-4.058457930789492,-5.779987627511353,1.0,-13.476305475365372,-0.7200006644550375,0.0,1.0
2025-02-08,0.00018673905907151678,-3.551383241056044,-5.772872076335049,1.0,-13.8788871707562,-0.7221045510187892,0.0,1.0
2025-02-09,0.010035687350816946,-2.9405829924501976,-5.76094441580116,1.0,-15.435251896079045,-0.7242084375825433,0.0,1.0
2025-02-10,-0.016961983897908373,-2.3587393887353514,-5.75008484913955,1.0,-13.471900433673396,-0.7263123241462973,0.0,1.0
2025-02-11,0.021839938524633062,-3.347791745477757,-5.710920330680584,1.0,-14.847724837445789,-0.7284162107100514,0.0,1.0
2025-02-12,-0.0128931248485874,-2.5041808646372736,-5.700332711783172,1.0,-11.393206237095818,-0.7284314893874125,0.0,1.0
2025-02-13,0.009236695789816451,-2.608407341948448,-5.688692487095177,1.0,-12.09133968154282,-0.7284467680647737,0.0,1.0
2025-02-14,0.0007095349684433927,-2.3244519966611943,-5.668793121642012,1.0,-14.32224733455658,-0.7284620467421348,0.0,0.0
2025-02-15,-0.014876960727340904,-1.879886075837872,-5.655851050826636,1.0,-13.373698458324824,-0.728477325419496,0.0,0.0
2025-02-16,-0.0035177550289164916,-1.232766230183767,-5.655658034121008,1.0,-15.935723056627914,-0.7284926040968571,0.0,0.0
2025-02-17,-0.0011302986009604776,-1.464881695402024,-5.648270936824989,1.0,-16.840792022398922,-0.7527261719719702,0.0,0.0
2025-02-18,0.01016632497746972,-1.299653123598663,-5.640298547625487,1.0,-18.55374961850034,-0.7769597398470557,0.0,0.0
2025-02-19,0.017182894357943512,-0.3577599200581218,-5.635349275883872,1.0,-15.978654916113308,-0.8011933077221688,0.0,0.0
2025-02-20,-0.02159625654849706,-0.6533375645248238,-5.634031151635982,1.0,-17.969899042103176,-0.8254268755972818,0.0,0.0
2025-02-21,0.0038367893861199764,-0.4503000683689908,-5.629253734467011,1.0,-17.743209084356092,-0.8496604434723949,0.0,0.0
2025-02-22,-0.003034768875022631,-0.3249980484898653,-5.620449671311116,1.0,-17.611970759079888,-0.8631852213298403,0.0,0.0
2025-02-23,-0.04888030085811046,-0.2958168230590345,-5.61260210758481,1.0,-17.630271489805445,-0.8767099991872704,0.0,0.0
2025-02-24,-0.0313750916410277,-0.873404821574681,-5.606684198668915,1.0,-11.622978724357566,-0.890234777044716,0.0,0.0
2025-02-25,-0.04995816437454048,-2.33898243954752,-5.59965910990856,1.0,-12.13550722181852,-0.9037595549021615,0.0,0.0
2025-02-26,0.005442011990729023,-4.135185967662743,-5.59114284364345,1.0,-10.739740842335188,-0.917284332759607,0.0,1.0
2025-02-27,-0.0042338096093689215,-4.665107048127816,-5.58559368650943,1.0,-11.156550348996843,-0.9175633440974935,0.0,1.0
2025-02-28,0.02032710396711601,-4.066989261899066,-5.579752687824994,1.0,-11.038441229580677,-0.9178423554353796,0.0,1.0
2025-03-01,0.09534090292481712,-4.550141678141603,-5.57349544774681,1.0,-11.669248618478782,-0.9181213667732662,0.0,1.0
2025-03-02,-0.08538654927336375,-8.937230741672643,-5.574411280366082,0.0,-4.820002588991159,-0.9184003781111526,0.0,1.0
2025-03-03,0.012309933784973248,-11.728542829747465,-5.576191749519053,0.0,-0.3473966277037732,-0.917284332759607,1.0,1.0
2025-03-04,0.038083806073143656,-13.15310633102058,-5.5779722186720235,0.0,-3.689480986252569,-0.9175633440974935,0.0,1.0
2025-03-05,-0.007440124556858829,-11.384071480643131,-5.579752687824994,0.0,0.8509684975490472,-0.8767099991872704,1.0,1.0
2025-03-06,-0.034805673493573885,-12.383592812937763,-5.581533156977965,0.0,-2.9906572798075146,-0.890234777044716,0.0,1.0
2025-03-07,-0.006673828580645025,-9.134988599256957,-5.583313626130936,0.0,4.013734393856652,-0.8254268755972818,1.0,1.0
2025-03-08,-0.0636502442229373,-7.358874599570772,-5.584453656320183,0.0,5.720099278792709,-0.7284926040968571,1.0,1.0
2025-03-09,-0.026488223045525672,-10.999430832538897,-5.58559368650943,0.0,3.625101181274964,-0.7284314893874125,1.0,1.0
2025-03-10,0.055182677560879245,-11.675073337802898,-5.586733716698677,0.0,3.849790886429631,-0.7221045510187892,1.0,1.0
2025-03-11,0.009008839546240877,-12.640061388113953,-5.587873746887925,0.0,6.22939072550961,-0.7133979762794258,1.0,1.0
2025-03-12,-0.030644554525017353,-11.661146411207232,-5.589013777077172,0.0,9.221652905522577,-0.7064904598220039,1.0,1.0
2025-03-13,0.03534971863674374,-11.3121435370118,-5.59114284364345,0.0,11.310811699480324,-0.7058532036634517,1.0,1.0
2025-03-14,0.004229893597767154,-10.176013716986812,-5.593271910209727,0.0,14.13207848438811,-0.7055620361954141,1.0,1.0
2025-03-15,-0.020914662400679962,-10.102857793409296,-5.595400976776005,0.0,13.806031661376686,-0.689461237635924,1.0,1.0
2025-03-16,0.017384295133135996,-10.501615174812803,-5.5975300433422825,0.0,12.322814317688902,-0.6766869861099418,1.0,1.0
2025-03-17,-0.015414826063030795,-10.07312037851367,-5.59965910990856,0.0,14.999173980399007,-0.6697716704927947,1.0,1.0
2025-03-18,0.04994146771149088,-9.518830366018149,-5.601415382098649,0.0,15.874116460501623,-0.6546438904102132,1.0,1.0
2025-03-19,-0.030197727147636355,-11.719100414425888,-5.6031716542887375,0.0,15.939619896742975,-0.6444931384321626,1.0,1.0
2025-03-20,-0.0015981308755205204,-9.406535304664535,-5.604927926478826,0.0,21.761369283274583,-0.5959342036616088,1.0,1.0
2025-03-21,-0.0029516419489445944,-9.064970306153858,-5.606684198668915,0.0,23.12557030254999,-0.5526383297635135,1.0,1.0
2025-03-22,0.02674015056430301,-9.813009363293872,-5.608440470859004,0.0,21.56287285702144,-0.5329054808861541,1.0,1.0
2025-03-23,0.01644538669299811,-9.794774503123389,-5.609827683100939,0.0,22.97234647211312,-0.5296643416612028,1.0,1.0
2025-03-24,-0.0012033395902268929,-9.408538677323223,-5.611214895342875,0.0,23.52854205779949,-0.5289008835897108,1.0,1.0
2025-03-25,-0.005534776464029556,-9.484572978175294,-5.61260210758481,0.0,23.85185459231139,-0.5175375867759473,1.0,1.0
2025-03-26,0.003714682811951864,-9.834012800357694,-5.613989319826746,0.0,21.4085584970482,-0.506954821671416,1.0,1.0
2025-03-27,-0.0321857767578666,-9.258303339772992,-5.615376532068681,0.0,21.174805314563383,-0.4980506803748104,1.0,1.0
2025-03-28,-0.02103468216171689,-10.836504202116917,-5.617913101689898,0.0,16.443498746675637,-0.4812409766320371,1.0,1.0
2025-03-29,-0.0031283069247198814,-11.702939967569524,-5.620449671311116,0.0,14.06960310846,-0.43654421485591655,1.0,1.0
2025-03-30,0.0019422262340362817,-11.9531326830114,-5.622986240932334,0.0,13.022144892442649,-0.3991120180738019,1.0,1.0
2025-03-31,0.031596967704788925,-10.51198005800667,-5.625522810553551,0.0,15.365529326956654,-0.372053241317895,1.0,1.0
2025-04-01,-0.0310251468030025,-9.815889163809995,-5.6280593801747685,0.0,9.744190053224706,-0.35565779155843935,1.0,1.0
2025-04-02,0.008444393222235336,-9.700613495315698,-5.629253734467011,0.0,-0.9628605117937852,-0.3577230825221065,0.0,1.0
2025-04-03,0.00813309540602325,-8.460435399336545,-5.630448088759254,0.0,-1.0859717777875773,-0.3624998021207045,0.0,1.0
2025-04-04,-0.004194546969735313,-9.423416311084075,-5.631642443051497,0.0,-5.371698141990024,-0.36727652171929703,0.0,1.0
2025-04-05,-0.061145713465215135,-9.840019857802448,-5.632836797343739,0.0,-7.188115617416685,-0.372053241317895,0.0,1.0
2025-04-06,0.009348973607038236,-11.920754368980962,-5.634031151635982,0.0,-6.459423182982242,-0.376829960916493,0.0,1.0
2025-04-07,-0.03588559538492875,-8.790046924374707,-5.634360682697954,0.0,0.388362789971346,-0.3577230825221065,1.0,1.0
2025-04-08,0.0824502158081466,-10.727866695491937,-5.634690213759927,0.0,-7.199295382242106,-0.3624998021207045,0.0,1.0
2025-04-09,-0.036408787630172745,-10.7968253384322,-5.635019744821899,0.0,2.9976029464499376,-0.3515272096311051,1.0,1.0
2025-04-10,0.047942085713244875,-10.904811392897978,-5.635349275883872,0.0,0.8140592247634899,-0.3381457235223003,1.0,1.0
2025-04-11,0.022212595344448305,-12.10187052535371,-5.635678806945844,0.0,0.538217579397049,-0.3168682039067957,1.0,1.0
2025-04-12,-0.017787935537056265,-13.55198408034061,-5.637218720505724,0.0,-1.2857838944361646,-0.3242693672500962,0.0,1.0
2025-04-13,0.009928127984718316,-12.036002098423518,-5.6387586340656055,0.0,-1.0923315271234486,-0.32889481934083264,0.0,1.0
2025-04-14,-0.011201942320973268,-10.766011189283038,-5.640298547625487,0.0,1.97552555123044,-0.3020658772201947,1.0,1.0
2025-04-15,0.004619459210398746,-9.269780134250084,-5.641838461185367,0.0,4.542455375577212,-0.28003568870988976,1.0,1.0
2025-04-16,0.010919027142326287,-8.744273330471415,-5.643378374745248,0.0,5.046173675571431,-0.2579869058269682,1.0,1.0
2025-04-17,-0.005570707978571843,-8.336665632071362,-5.645824655785118,0.0,6.078582998662796,-0.2131589452375522,1.0,1.0
2025-04-18,0.007130183016948566,-7.388777368618799,-5.648270936824989,0.0,4.905780116273292,-0.14980965629508564,1.0,1.0
2025-04-19,0.0012016172171542827,-8.610788650004272,-5.650717217864861,0.0,2.460237454716349,-0.12465141388553676,1.0,1.0
2025-04-20,0.02743614523914495,-8.681153282958384,-5.65316349890473,0.0,2.5488997583868738,-0.09166382904773471,1.0,1.0
2025-04-21,0.0677218385664009,-9.723126149908344,-5.6556097799446015,0.0,2.4493041920293592,-0.045817852071924466,1.0,1.0
2025-04-22,0.0026549878166355345,-13.103109173280984,-5.655658034121008,0.0,2.998507004087841,-0.0230757724997516,1.0,1.0
2025-04-23,0.0030887678955136,-11.454852729570351,-5.655706288297416,0.0,5.984814045124985,0.021771750051942967,1.0,1.0
2025-04-24,0.007003689170739236,-10.445449387504034,-5.655754542473822,0.0,8.453664512425398,0.03689755386634005,1.0,1.0
2025-04-25,-0.0001128502637609552,-10.29411900928365,-5.65580279665023,0.0,8.98331846161652,0.04395208497807729,1.0,1.0
2025-04-26,-0.009285835059390402,-10.520685765419024,-5.655851050826636,0.0,7.998243370251536,0.05095397209901482,1.0,1.0
2025-04-27,0.013460153835815225,-9.481753942919028,-5.659086568530479,0.0,6.208201858566142,0.0522900266182233,1.0,1.0
2025-04-28,-0.007939697201950202,-9.44250801634876,-5.662322086234324,0.0,6.971444826019351,0.05751460500411236,1.0,1.0
2025-04-29,-0.0008998818334843284,-9.213048151749373,-5.6655576039381685,0.0,7.911911577893569,0.0756623965902146,1.0,1.0
2025-04-30,0.024613579407891883,-8.960549259254122,-5.668793121642012,0.0,9.008588243292778,0.09311573108479931,1.0,1.0
2025-05-01,0.004116803508263045,-9.17715770863403,-5.672028639345856,0.0,7.543428794679968,0.10343397857430592,1.0,1.0
2025-05-02,-0.010638357164841517,-7.464370554547118,-5.677583255262295,0.0,7.994682007693967,0.1073535495233173,1.0,1.0
2025-05-03,-0.016470466975503584,-7.627872781294611,-5.683137871178737,0.0,7.685237879199079,0.15848380989141753,1.0,1.0
2025-05-04,0.0048374152847727725,-8.025351919326127,-5.688692487095179,0.0,6.477847998569139,0.17168723122995577,1.0,1.0
2025-05-05,0.022170995574119168,-7.481721110337093,-5.694247103011618,0.0,7.834318767430624,0.18905217281875464,1.0,1.0
2025-05-06,0.0020290389679165077,-8.351954115461828,-5.699801718928059,0.0,1.977629589334029,0.2161646528194797,1.0,1.0
2025-05-07,0.06421795208723036,-7.39276382625888,-5.700067215355616,0.0,3.734352812223932,0.2221083482756611,1.0,1.0
2025-05-08,-0.002804624371499198,-9.386479820248464,-5.700332711783172,0.0,5.737903445984344,0.30600640027653814,1.0,1.0
2025-05-09,0.017845046988020696,-8.4244287239722,-5.70059820821073,0.0,-2.171831327355399,0.28503188727633677,0.0,1.0
2025-05-10,-0.006597968715249425,-8.469521613279186,-5.700863704638286,0.0,-5.03035293975416,0.26405737427611153,0.0,1.0
2025-05-11,-0.01274208110028996,-7.228429060411889,-5.701129201065843,0.0,-8.259572372119756,0.24308286127588632,0.0,1.0
2025-05-12,0.012767615008738131,-6.098696577382663,-5.710920330680581,0.0,-7.070803293919411,0.2221083482756611,0.0,1.0
2025-05-13,-0.005724099004339123,-5.865912447977464,-5.720711460295325,0.0,-7.597202468962813,0.2206224244116153,0.0,1.0
2025-05-14,0.0024721803627976158,-5.427728100444078,-5.70059820821073,1.0,-6.780523517222072,0.21913650054757122,0.0,1.0
2025-05-15,-0.002889353127408567,-4.937369572277578,-5.694247103011618,1.0,-5.7543670033431695,0.21765057668352547,0.0,1.0
2025-05-16,-0.00325959102643536,-4.563890125877178,-5.672028639345856,1.0,-4.825074313697648,0.2161646528194797,0.0,1.0
2025-05-17,0.0322672170578604,-4.911731865972663,-5.659086568530479,1.0,-5.508138990200081,0.2146787289554339,0.0,1.0
2025-05-18,-0.008271345834351629,-6.378140215248232,-5.662322086234324,0.0,-5.759683629964833,0.2061365435765376,0.0,1.0
2025-05-19,0.012088706907607882,-5.656586269051725,-5.65629218176169,0.0,-4.820953480244697,0.19759435819765098,0.0,1.0
2025-05-20,0.02614880918566298,-7.458051044272083,-5.656439225406707,0.0,-7.879736342391979,0.18905217281875464,0.0,1.0
2025-05-21,0.018717122570968137,-8.397160060633013,-5.656586269051725,0.0,-9.812179209585691,0.18050998743985833,0.0,1.0
2025-05-22,-0.03919479452346686,-7.533680783261397,-5.65967474311055,0.0,-16.360831102661322,0.171967802060962,0.0,0.0
2025-05-23,0.004133591381898505,-6.330383818510099,-5.662763217169377,0.0,-12.198075399849508,0.1718275166454588,0.0,0.0
2025-05-24,0.011528006509906819,-6.755516043592458,-5.665851691228204,0.0,-12.035210305374328,0.17168723122995577,0.0,0.0
2025-05-25,0.003950306864350717,-7.095719562528088,-5.6689401652870295,0.0,-13.323808954712916,0.1715469458144526,0.0,0.0
2025-05-26,-0.004538044985511469,-5.871600185413909,-5.672028639345856,0.0,-11.467306765580863,0.1714066603989494,0.0,0.0
2025-05-27,-0.010615103962183348,-5.287692004823002,-5.65967474311055,1.0,-10.610660770156253,0.1712663749834462,0.0,0.0
2025-05-28,-0.02033766746104948,-4.524643592421011,-5.656145138116671,1.0,-9.80185717245744,0.15848380989141753,0.0,0.0
2025-05-29,-0.015193425498213675,-4.494925631738791,-5.655754542473822,1.0,-8.56145399049273,0.14570124479940336,0.0,0.0
2025-05-30,0.005831583409529939,-4.144244943660249,-5.65316349890473,1.0,-7.269399653560974,0.13291867970737467,0.0,0.0
2025-05-31,0.0100490592577549,-4.8823296986892295,-5.643378374745248,1.0,-10.382168878372012,0.12013611461534598,0.0,0.0
2025-06-01,0.0020357254385126033,-4.165411762418032,-5.637218720505724,1.0,-9.490044136683288,0.1073535495233173,0.0,0.0
2025-06-02,-0.004544767948078454,-3.2845165305030264,-5.634690213759927,1.0,-7.518735876059679,0.10637365678606418,0.0,0.0
2025-06-03,-0.00645331248625769,-3.143083675446423,-5.631642443051497,1.0,-7.81915330969894,0.10539376404881216,0.0,0.0
2025-06-04,-0.030451534076571196,-2.827675219745044,-5.625522810553551,1.0,-7.136801565823824,0.10441387131155905,0.0,0.0
2025-06-05,0.027384456186406947,-2.584948148245844,-5.615376532068681,1.0,-6.90090242393169,0.10343397857430592,0.0,0.0
2025-06-06,0.012117450409652175,-2.4786790733555204,-5.609827683100939,1.0,-3.460113011526083,0.1024540858370528,0.0,0.0
2025-06-07,0.0017228450581063814,-2.756508213849962,-5.6031716542887375,1.0,-11.650102636950862,0.09934130091963733,0.0,0.0
2025-06-08,0.042834093101556725,-1.5541580120811211,-5.595400976776006,1.0,-12.189979060243411,0.09622851600221832,0.0,0.0
2025-06-09,0.00010311707406529536,-2.338357256156492,-5.587873746887925,1.0,-9.505999651662885,0.09311573108479931,0.0,0.0
2025-06-10,-0.014774690660270262,-1.8737714945169888,-5.583313626130936,1.0,-9.486607755434754,0.0900029461673803,0.0,0.0
2025-06-11,-0.027367911232460296,-1.2927521630680765,-5.576191749519052,1.0,-7.821576241978711,0.0868901612499613,0.0,0.0
2025-06-12,0.003736666372359032,-0.6908436783800092,-5.571663782508265,1.0,-5.541409066316035,0.08127627892009115,0.0,0.0
2025-06-13,-0.0061466103511010894,-1.4189366630375115,-5.563776381436745,1.0,-6.525270607854736,0.0756623965902146,0.0,0.0
2025-06-14,0.0017015663099546607,-1.2050668594641092,-5.544714344023279,1.0,-6.748535134908167,0.07004851426033806,0.0,0.0
2025-06-15,0.011369205507016922,-1.87732002797056,-5.504800609367285,1.0,-8.078273233425065,0.06443463193046153,0.0,0.0
2025-06-16,-0.02100631933114927,-1.7694761683396525,-5.492505881925886,1.0,-7.2807842838134675,0.058820749600585,0.0,0.0
2025-06-17,0.0032100071190022117,-1.234398564843266,-5.488637622006611,1.0,-8.170342063674575,0.057514605004113845,0.0,0.0
2025-06-18,-0.002175583996381625,-0.3129828874240843,-5.486898100761993,1.0,-6.347293832705489,0.05620846040764121,0.0,0.0
2025-06-19,-0.013000366238452021,-0.4135938629320819,-5.484672124946592,1.0,-7.12305728924494,0.05490231581116858,0.0,0.0
2025-06-20,-0.011403706887229914,-0.183424884690277,-5.483027036916999,1.0,-8.506157979216859,0.05359617121469594,0.0,0.0
2025-06-21,-0.01132138549535977,0.4182151401750111,-5.476583132836938,1.0,-9.250309822427518,0.0522900266182233,0.0,0.0
2025-06-22,0.043283404251441615,0.1248123813570014,-5.471726673753631,1.0,-12.94125447452326,0.051956012988421466,0.0,0.0
2025-06-23,0.007111383767794521,-0.3623128082073723,-5.452829051204494,1.0,-7.5131137495491345,0.05162199935861925,0.0,0.0
2025-06-24,0.01185467982617383,-0.1308719276175338,-5.424018125276306,1.0,-6.856117976631872,0.05128798572881703,0.0,0.0
2025-06-25,-0.0036660878858676416,-0.091769014683404,-5.409178224605221,1.0,-5.973889639743803,0.05095397209901482,0.0,0.0
2025-06-26,0.0009399977895605538,0.0042452189944715,-5.358965237437407,1.0,-5.837396444452139,0.0506199584692126,0.0,0.0
2025-06-27,0.002327936574751499,0.0277121444815264,-5.334602778043323,1.0,-5.90018846716734,0.04839733397216918,0.0,0.0
2025-06-28,0.009880444699230884,0.2570725388999442,-5.3212013988529225,1.0,-6.30746962053534,0.046174709475123234,0.0,0.0
2025-06-29,-0.011170766835125301,-0.797591772968925,-5.310035205438902,1.0,-8.205424307647071,0.04395208497807729,0.0,0.0
2025-06-30,-0.013676228341569674,0.3003539543131257,-5.298541856516706,1.0,-6.425436391773342,0.04172946048103134,0.0,0.0
2025-07-01,0.02998131927797143,0.2332009535795816,-5.289861975161743,1.0,-6.121756039609174,0.0395068359839854,0.0,0.0
2025-07-02,0.006754090047184302,-1.6296559558797306,-5.286140438947731,1.0,-6.476309807893948,0.03820219492516346,0.0,0.0
2025-07-03,-0.014605495398174795,-1.357912790136627,-5.27245079044104,1.0,-5.911230499199689,0.03689755386634005,0.0,0.0
2025-07-04,0.001980659399927198,-1.2909669903521603,-5.2526593838298785,1.0,-5.722603146945083,0.035592912807516634,0.0,0.0
2025-07-05,0.009295170747883663,-0.949739379359002,-5.249425384924306,1.0,-6.829955915279655,0.034288271748693214,0.0,0.0
2025-07-06,-0.00861599738617247,-1.0554334803783476,-5.237927329351082,1.0,-8.53101799492606,0.0329836306898698,0.0,0.0
2025-07-07,0.006096638424931022,0.4450010452662187,-5.227264035325017,1.0,-8.401579040795056,0.021771750051955713,0.0,0.0
2025-07-08,0.02121691859697572,1.067561428782856,-5.219970621153145,1.0,-7.393451759446467,0.010559869414028884,0.0,0.0
2025-07-09,0.04293660597808269,0.558749471703825,-5.214878629296814,1.0,-11.159578622430333,-0.0006520112238979428,0.0,0.0
2025-07-10,0.013082148090681978,-0.5554674094356216,-5.207116026371681,1.0,-7.357129093600026,-0.011863891861824771,0.0,0.0
2025-07-11,-0.000916039679510372,-0.5924196559585138,-5.192838253793046,1.0,-6.77970969397273,-0.0230757724997516,0.0,0.0
2025-07-12,0.014193834099812674,-0.74819356950516,-5.183876266102555,1.0,-8.57941477255655,-0.028761292392789968,0.0,0.0
2025-07-13,0.006336059191862198,-1.3396018309441935,-5.160773619632307,1.0,-9.242421345040274,-0.0344468122858348,0.0,0.0
2025-07-14,-0.01738208852749945,-1.358417726927362,-5.12031838772735,1.0,-9.638612319435229,-0.04013233217887963,0.0,0.0
2025-07-15,0.007407898684498093,-1.0793327282173948,-5.075543160745701,1.0,-9.317242720016605,-0.045817852071924466,0.0,0.0
2025-07-16,0.004612054428193568,-0.8555405016217446,-5.0657802632205104,1.0,-8.603314248312138,-0.0515033719649693,0.0,0.0
2025-07-17,-0.010511374792368633,-0.9699522206210583,-5.0577738179357885,1.0,-9.873415328629353,-0.06489019099254761,0.0,0.0
2025-07-18,-0.0007194412983727583,-0.3473564910233158,-5.0480415338589575,1.0,-8.795744075288876,-0.07827701002014116,0.0,0.0
2025-07-19,-0.004878479293957905,-0.462083196302995,-5.0378089212799555,1.0,-9.054370003893542,-0.09166382904773471,0.0,0.0
2025-07-20,0.00098273041463659,-0.3119828874694619,-5.033009291811234,1.0,-9.736678783420988,-0.10505064807532825,0.0,0.0
2025-07-21,0.02192922223104432,-0.0507600924949152,-5.005572509230297,1.0,-10.057252681491503,-0.1184374671029218,0.0,0.0
2025-07-22,-0.009990711471907332,-0.5874121436686934,-4.991790005975703,1.0,-9.955984452380749,-0.12154444049422751,0.0,0.0
2025-07-23,-0.0034945605691132364,-0.0957670269000363,-4.974717647199785,1.0,-13.326129936855365,-0.12465141388553676,0.0,0.0
2025-07-24,-0.0061405604262733116,0.0095702911914692,-4.954996250006246,1.0,-14.054234918911504,-0.127758387276846,0.0,0.0
2025-07-25,0.0025990034716014687,0.2678292141521705,-4.950851583450152,1.0,-14.129988530142302,-0.13086536066815524,0.0,0.0
2025-07-26,0.01268283689644134,0.7388952491582437,-4.9489171605893825,1.0,-13.035834746318464,-0.1339723340594645,0.0,0.0
2025-07-27,-0.011332108758030257,0.4665979840707113,-4.941795165316222,1.0,-13.087652077891434,-0.14980965629506762,0.0,0.0
2025-07-28,-0.0009449246804570377,1.1238158411221946,-4.92711448975561,1.0,-11.70109074152425,-0.16564697853068877,0.0,0.0
2025-07-29,-0.000936492482117024,2.5862726020610687,-4.911460873143501,1.0,-8.831290551421816,-0.1814843007663099,0.0,0.0
2025-07-30,-0.017618930026484958,1.8938149352424265,-4.910376901826856,1.0,-10.072224949998583,-0.19732162300193104,0.0,0.0
2025-07-31,-0.021303240176054672,1.4553948300671156,-4.887939139316753,1.0,-10.37889045126078,-0.2131589452375522,0.0,0.0
2025-08-01,-0.00663366047376146,0.9283127856420884,-4.863239124178242,1.0,-13.030555545159864,-0.22436593538489663,0.0,0.0
2025-08-02,0.014771247579330682,1.4022963702731808,-4.840598573454732,1.0,-12.282981302841794,-0.23557292553225384,0.0,0.0
2025-08-03,0.00740949909288946,0.581939800059974,-4.824027621009367,1.0,-12.646500519484048,-0.24677991567961102,0.0,0.0
2025-08-04,-0.008042064740672372,1.3638162755993957,-4.817224817525007,1.0,-11.38556678396656,-0.2579869058269682,0.0,0.0
2025-08-05,0.007557363439418818,2.09297517709552,-4.815397534554543,1.0,-10.554283668111264,-0.2691938959743254,0.0,0.0
2025-08-06,0.021564406024856986,2.9426008987522625,-4.7674026943109045,1.0,-9.467802828656264,-0.27280782688617744,0.0,0.0
2025-08-07,-0.006786893320374743,1.9303949723829523,-4.735223819488829,1.0,-9.265560968890089,-0.27642175779803363,0.0,0.0
2025-08-08,-0.0018212168289383213,3.131413640592468,-4.734478626224667,1.0,-8.930811416521614,-0.28003568870988976,0.0,0.0
2025-08-09,0.024314831629991707,2.279781667346702,-4.73441902409639,1.0,-14.236113449718031,-0.28364961962174595,0.0,0.0
2025-08-10,-0.005096735368355865,1.9163923643393,-4.729162928761169,1.0,-13.436421723207353,-0.2872635505336021,0.0,0.0
2025-08-11,0.012200933555769122,1.5758693604003842,-4.723248267463233,1.0,-14.49663712046577,-0.2946647138768942,0.0,0.0
2025-08-12,0.02640674486373884,1.4987419099306385,-4.7071655938252315,1.0,-15.019302857391155,-0.3020658772201947,0.0,0.0
2025-08-13,-0.0406413517932519,-0.0009339841786299,-4.684508752723688,1.0,-15.371286805325798,-0.30946704056349517,0.0,0.0
2025-08-14,-0.008056462867562786,0.6374297958484032,-4.671974880288966,1.0,-9.925026835975974,-0.3168682039067957,0.0,0.0
2025-08-15,0.00032903805583761603,0.992196412219819,-4.6664806145600455,1.0,-8.320366584293623,-0.3242693672500962,0.0,0.0
2025-08-16,0.0002074447357851561,1.1489007233993167,-4.66063726968719,1.0,-8.377782603431328,-0.32889481934082737,0.0,0.0
2025-08-17,-0.010033302667407429,0.8896233442175987,-4.631655397610909,1.0,-9.08043040766269,-0.3335202714315639,0.0,0.0
2025-08-18,-0.028858256318128994,1.1248899003243764,-4.591792373525198,1.0,-9.011335858510012,-0.3381457235223003,0.0,0.0
2025-08-19,0.012388265956393196,0.2950769277894611,-4.588352395877482,1.0,-9.073023521251123,-0.34277117561303677,0.0,0.0
2025-08-20,-0.01550031311465605,0.6952833139898598,-4.5687825798772375,1.0,-6.906569598105463,-0.3473966277037732,0.0,0.0
2025-08-21,0.03943102222222228,0.4009701728178232,-4.559294987590064,1.0,-8.6137915751209,-0.349461918667438,0.0,0.0
2025-08-22,-0.012809914210329953,0.7608271517550715,-4.553795608495834,1.0,-3.0699442813807565,-0.3515272096311051,0.0,0.0
2025-08-23,-0.01684418612407268,0.4953543571481642,-4.546190933541563,1.0,-3.213620283930144,-0.35359250059477226,0.0,0.0
2025-08-24,-0.029795603434519924,0.6940020361105859,-4.530387955141407,1.0,-2.8370610828543263,-0.35565779155843935,0.0,0.0
2025-08-25,0.01499600679235824,-0.996693919886269,-4.52579246496509,1.0,-4.026249555871132,-0.3577230825221065,0.0,0.0
2025-08-26,-0.004484570147495814,-0.62154070544379,-4.520087308504636,1.0,-2.903904790530717,-0.36249980212069904,0.0,0.0
2025-08-27,0.011728082208833035,-1.134647114647354,-4.51664584365627,1.0,-4.090631391721487,-0.36727652171929703,0.0,0.0
2025-08-28,-0.03721786777462999,-0.8390584252724214,-4.511817070587834,1.0,-2.8885588878397925,-0.372053241317895,0.0,0.0
2025-08-29,0.004050014117334522,-1.8552585021186712,-4.494925631738791,1.0,-2.4410110062381776,-0.376829960916493,0.0,0.0
2025-08-30,-0.005238000583184466,-1.5420073975583204,-4.47840897321722,1.0,-2.8133468531479338,-0.381606680515091,0.0,0.0
2025-08-31,0.009155689776144893,-1.7066454582790147,-4.434244342045502,1.0,-4.327215724332746,-0.3903593492944415,0.0,0.0
2025-09-01,0.018332454208457083,-1.6234304466719998,-4.40162184159786,1.0,-4.140458142425239,-0.3991120180738019,0.0,0.0
2025-09-02,0.004186443348935365,-1.5716220390817792,-4.39099157182058,1.0,-3.2431434833508206,-0.40786468685316235,0.0,0.0
2025-09-03,-0.008726859173089796,-0.9791039273464291,-4.384063629232006,1.0,-3.356576721729418,-0.4166173556325228,0.0,0.0
2025-09-04,-0.0006401105671796081,-0.7665279555425784,-4.381288438762389,1.0,-2.966650540560736,-0.4253700244118832,0.0,0.0
2025-09-05,-0.004265498307021387,-0.2702948281830899,-4.360982740030759,1.0,-2.073179298588677,-0.43654421485590383,0.0,0.0
2025-09-06,0.008615913334277803,-0.2722461916895362,-4.337216193364946,1.0,-3.101770510070552,-0.4477184052999371,0.0,0.0
2025-09-07,0.008349039125823854,-0.2760324374725496,-4.32049160851838,1.0,-3.1940208437977304,-0.45889259574397046,0.0,0.0
2025-09-08,-0.0046298035528057335,-0.205672781672785,-4.317744944670077,1.0,-2.258865796077586,-0.47006678618800374,0.0,0.0
2025-09-09,0.02163772399985331,-0.1191882468030645,-4.306348219228905,1.0,-3.523457409566639,-0.4812409766320371,0.0,0.0
2025-09-10,0.013361618111618068,-0.4254870919701261,-4.284188135410938,1.0,-2.345237296304916,-0.48544340256772683,0.0,0.0
2025-09-11,0.004734302604139096,0.2154702738455665,-4.257385609039525,1.0,-0.6041019257626772,-0.48964582850342137,0.0,0.0
2025-09-12,-0.0009577743299932218,0.5965064635924939,-4.23114550313116,1.0,-1.1772781067001503,-0.49384825443911584,0.0,0.0
2025-09-13,-0.005609813602322822,0.6109979181233509,-4.209756627895456,1.0,-4.0846033006744165,-0.4980506803748104,0.0,0.0
2025-09-14,0.000708782948538822,0.75175273993489,-4.192288237485763,1.0,-4.2827472351370695,-0.5022531063105049,0.0,0.0
2025-09-15,0.012477274541912609,0.3249161162610168,-4.183831329247786,1.0,-5.431952105900134,-0.5038203447641407,0.0,0.0
2025-09-16,-0.0029229646363835293,-0.3604275477921135,-4.180781870499276,1.0,-6.083151809216499,-0.5053875832177784,0.0,0.0
2025-09-17,0.005375293726559649,0.1193961148411411,-4.178404070671935,1.0,-5.299836437329667,-0.506954821671416,0.0,0.0
2025-09-18,-0.01230978514101344,0.7281985108835975,-4.170830381311422,1.0,-5.275079922596923,-0.5085220601250537,0.0,0.0
2025-09-19,0.0004605111474831336,0.4027344378804596,-4.166495486196709,1.0,-6.241182790274788,-0.5100892985786913,0.0,0.0
2025-09-20,-0.003918723526854739,0.7309037854743075,-4.157211092921438,1.0,-6.465742000264431,-0.5138134426773172,0.0,0.0
2025-09-21,-0.022400839209218093,1.1903979501809872,-4.148744365418325,1.0,-9.919246385640498,-0.5175375867759473,0.0,0.0
2025-09-22,-0.005789474198140687,0.9312849235935624,-4.142433148460747,1.0,-9.735182436210966,-0.5212617308745775,0.0,0.0
2025-09-23,0.011680482290881589,-0.1528088210891987,-4.135185967662743,1.0,-12.322243167427924,-0.5249858749732076,0.0,0.0
2025-09-24,-0.03806040226993912,0.4357372657220182,-4.08154835522607,1.0,-13.344422239687663,-0.5287100190718377,0.0,0.0
2025-09-25,0.0059541541962351285,-0.3762650113858399,-4.067449137986203,1.0,-11.666023783985192,-0.5289008835897105,0.0,0.0
2025-09-26,-6.940678449951498e-05,-0.1423930257171974,-4.063576729455236,1.0,-10.490889992350866,-0.5290917481075836,0.0,0.0
2025-09-27,0.02305906325348861,0.0996862028422214,-4.0470058589407545,1.0,-10.68020617475755,-0.5292826126254566,0.0,0.0
2025-09-28,0.01915062727373651,0.0635501498558106,-4.001197571545818,1.0,-12.392021448438635,-0.5294734771433297,0.0,0.0
2025-09-29,-0.002300984079006363,-0.2864619675467281,-3.9960104403965264,1.0,-12.047866302822635,-0.5296643416612028,0.0,0.0
2025-09-30,0.03986061070454605,0.2671632405881041,-3.970001878380613,1.0,-12.323595766361908,-0.5304746264674399,0.0,0.0
2025-10-01,0.01631063841735636,-1.2012836064362382,-3.947430893552829,1.0,-9.45049348092858,-0.5312849112736779,0.0,0.0
2025-10-02,0.014126434764644369,-1.539107931758183,-3.9237255083146754,1.0,-9.870972498546433,-0.532095196079916,0.0,0.0
2025-10-03,0.0013008050265068682,-1.90544763339134,-3.865482759414416,1.0,-10.117383902950458,-0.5329054808861541,0.0,0.0
2025-10-04,0.008916587003946264,-1.7553113571102656,-3.842515261495231,1.0,-10.281624760543531,-0.5337157656923921,0.0,0.0
2025-10-05,0.009525493975614863,-1.817073738050512,-3.827638194830201,1.0,-10.030292546160748,-0.5400232870494278,0.0,0.0
2025-10-06,-0.02667759465175834,-2.127006203398724,-3.7844765950603247,1.0,-11.18470646172035,-0.5463308084064706,0.0,0.0
2025-10-07,0.016261452474369165,-1.965789835664136,-3.7173768449198232,1.0,-9.81434454398827,-0.5526383297635135,0.0,0.0
2025-10-08,-0.013329440578722873,-2.8155738520447144,-3.671406674236064,1.0,-9.582478644510084,-0.5589458511205564,0.0,0.0
2025-10-09,-0.07305379476321361,-2.7289951805503225,-3.66550401574094,1.0,-9.551195698810504,-0.5652533724775992,0.0,0.0
2025-10-10,-0.01888813517240162,-6.009562907958118,-3.666979680364721,0.0,-4.674472155078725,-0.5730230831346077,0.0,1.0
2025-10-11,0.03899338782622541,-7.264601316854854,-3.6684553449885016,0.0,-6.4263749696579495,-0.5807927937916251,0.0,1.0
2025-10-12,0.0018023848543999854,-7.81031872953608,-3.6699310096122826,0.0,-4.367813015440092,-0.5885625044486424,0.0,1.0
2025-10-13,-0.018563291249153346,-6.167584815866592,-3.671406674236064,0.0,-1.5044359889551515,-0.5963322151056598,0.0,1.0
2025-10-14,-0.020038018850880857,-6.815207092461447,-3.6828992169070007,0.0,-2.672900521661824,-0.6041019257626772,0.0,1.0
2025-10-15,-0.023193607123227156,-5.654345339903341,-3.6943917595779436,0.0,-2.328933029785844,-0.6116726306976648,0.0,1.0
2025-10-16,-0.016291064555353674,-6.403626756365714,-3.70588430224888,0.0,-4.299992351876668,-0.6192433356326609,0.0,1.0
2025-10-17,0.007078061719969053,-7.059234547965829,-3.7173768449198232,0.0,-6.15604108911198,-0.626814040567657,0.0,1.0
2025-10-18,0.01360050253295686,-6.769973663756089,-3.728869387590766,0.0,-5.2069030685200985,-0.6343847455026531,0.0,1.0
2025-10-19,0.017390110967337113,-6.005275950963167,-3.747405123413949,0.0,-3.7666117487223545,-0.6419554504376492,0.0,1.0
2025-10-20,-0.0202151248565009,-5.303080411586993,-3.765940859237142,0.0,-1.6270487245643608,-0.6444931384321597,0.0,1.0
2025-10-21,-0.006742804346575482,-6.167177585774011,-3.7844765950603247,0.0,-4.399167684256334,-0.6470308264266731,0.0,1.0
2025-10-22,0.02334107793213258,-6.29819479696433,-3.803012330883518,0.0,-6.4675184542635975,-0.6495685144211865,0.0,1.0
2025-10-23,0.008418652997351561,-4.187518936360191,-3.821548066706711,0.0,-0.2169657904746813,-0.6343847455026531,1.0,1.0
2025-10-24,0.005777943656356088,-3.530493979209049,-3.747405123413949,1.0,1.985483587661129,-0.6041019257626772,1.0,1.0
2025-10-25,0.026092497313165763,-3.843084073713864,-3.765940859237142,0.0,-0.1195558827611833,-0.5730230831346077,1.0,1.0
2025-10-26,-0.0039433691168074825,-4.259916370440859,-3.7844765950603247,0.0,-0.2453609012633535,-0.5463308084064706,1.0,1.0
2025-10-27,-0.010597010805147522,-3.503671635571682,-3.7173768449198232,1.0,0.8663771132062763,-0.532095196079916,1.0,1.0
2025-10-28,-0.02548449513700146,-3.5701152386544592,-3.671406674236064,1.0,0.7270120292159916,-0.5294734771433297,1.0,1.0
2025-10-29,-0.015437103127948992,-4.865828607787723,-3.6828992169070007,0.0,-1.5226105916619872,-0.5296643416612028,0.0,1.0
2025-10-30,0.011863883235009975,-4.576691914403178,-3.6943917595779436,0.0,-0.973159351094047,-0.5304746264674399,0.0,1.0
2025-10-31,0.004471297307560018,-3.663870085509199,-3.6684553449885016,1.0,-1.4026917037085482,-0.5312849112736779,0.0,1.0
2025-11-01,0.004019869552698729,-3.5589953466302617,-3.663996697995567,1.0,-1.935260034726717,-0.532095196079916,0.0,1.0
2025-11-02,-0.03580256607793619,-3.6791897981357184,-3.6640283511171594,0.0,-2.830608427789201,-0.5329054808861541,0.0,1.0
2025-11-03,-0.04771697260652341,-4.107564702795666,-3.66550401574094,0.0,-2.52888328752286,-0.5337157656923921,0.0,1.0
2025-11-04,0.023527146851904046,-5.478798532245369,-3.666979680364721,0.0,-1.4478375802260215,-0.5400232870494278,0.0,1.0
2025-11-05,-0.024441604556416086,-5.558783407635257,-3.6684553449885016,0.0,0.3803268448883443,-0.5312849112736779,1.0,1.0
2025-11-06,0.01966569192047385,-5.688930904698885,-3.6699310096122826,0.0,-0.1639577603389028,-0.5292826126254566,1.0,1.0
2025-11-07,-0.009929834869828569,-4.51370126418305,-3.671406674236064,0.0,2.320641016921193,-0.5249858749732076,1.0,1.0
2025-11-08,0.023555378234659363,-4.247180039576745,-3.6729632990159944,0.0,1.946201067547868,-0.5100892985786913,1.0,1.0
2025-11-09,0.012300740926345144,-4.069953085557403,-3.6745199237959256,0.0,-5.6323009666725525,-0.5138134426773172,0.0,1.0
2025-11-10,-0.027847453375886122,-3.172439738763396,-3.6684553449885016,1.0,-5.153688999154781,-0.5175375867759473,0.0,1.0
2025-11-11,-0.013629281637633106,-3.795044006044576,-3.6699310096122826,0.0,-8.512070375810843,-0.5212617308745775,0.0,1.0
2025-11-12,-0.0193041381300183,-3.552114036479515,-3.6640283511171594,1.0,-7.677681677937223,-0.5249858749732076,0.0,1.0
2025-11-13,-0.05113769386957956,-3.740890821032247,-3.66550401574094,0.0,-8.08196437959311,-0.5287100190718377,0.0,1.0
2025-11-14,0.010595175169672455,-5.665984834726825,-3.666979680364721,0.0,-7.723457428333795,-0.5289008835897105,0.0,1.0
2025-11-15,-0.013962892264381965,-5.4679835222953646,-3.6684553449885016,0.0,-7.155306302722394,-0.5290917481075836,0.0,1.0
2025-11-16,-0.02170877083991085,-5.440052216614792,-3.6699310096122826,0.0,-8.401481401824064,-0.5292826126254566,0.0,1.0
2025-11-17,0.0080864161785148,-5.740946178602997,-3.671406674236064,0.0,-8.749116894270067,-0.5294734771433297,0.0,1.0
2025-11-18,-0.015123251373723723,-5.631225776347518,-3.6729632990159944,0.0,-8.820360046303271,-0.5296643416612028,0.0,1.0
2025-11-19,-0.05371341978632305,-4.894186802322819,-3.6745199237959256,0.0,-9.435321157021107,-0.5304746264674399,0.0,1.0
2025-11-20,-0.01740360350856096,-7.035944014242624,-3.676076548575856,0.0,-9.361358138754277,-0.5312849112736779,0.0,1.0
2025-11-21,-0.00457761786963673,-8.037684008713478,-3.677633173355787,0.0,-11.740162991893868,-0.532095196079916,0.0,1.0
2025-11-22,0.02466682102163631,-8.441612344535272,-3.6791897981357184,0.0,-14.20684729796173,-0.5329054808861541,0.0,1.0
2025-11-23,0.01692974778302414,-7.45656375538651,-3.689125716026725,0.0,-10.8439195671776,-0.5337157656923921,0.0,1.0
2025-11-24,-0.010532841389259029,-6.002358053709849,-3.6990616339177365,0.0,-7.323811416156204,-0.5400232870494278,0.0,1.0
2025-11-25,0.035642227603171595,-4.648020366431968,-3.7089975518087424,0.0,-7.309046411955819,-0.5463308084064706,0.0,1.0
2025-11-26,0.009393150304329856,-4.1144955615892,-3.7189334696997545,0.0,-3.069425961058592,-0.5526383297635135,0.0,1.0
2025-11-27,-0.004853069422706469,-3.893676078284698,-3.728869387590766,0.0,-2.49331325556777,-0.5589458511205564,0.0,1.0
2025-11-28,-0.000971056444718732,-3.8128964684409303,-3.7312736742790613,0.0,-2.726070412313632,-0.5652533724775992,0.0,1.0
2025-11-29,-0.004872556288134988,-4.3731075676709406,-3.7336779609673583,0.0,-3.476200980032438,-0.5730230831346077,0.0,1.0
2025-11-30,-0.0450862107127048,-4.078584387348743,-3.7360822476556534,0.0,-3.280018939241806,-0.5807927937916251,0.0,1.0
2025-12-01,0.05785259974357393,-6.450780715534814,-3.7384865343439504,0.0,-4.893314112313874,-0.5885625044486424,0.0,1.0
2025-12-02,0.023577125147954625,-6.408255608500458,-3.740890821032247,0.0,2.814370615014468,-0.5589458511205564,1.0,1.0
2025-12-03,-0.014469557138797606,-6.30783365017126,-3.751721458034709,0.0,3.687298015648736,-0.5337157656923921,1.0,1.0
2025-12-04,-0.029844460232980596,-6.387995720586942,-3.762552095037177,0.0,0.4364843548706218,-0.5304746264674399,1.0,1.0
2025-12-05,-0.0010438817669845557,-6.5343092364686415,-3.7733827320396394,0.0,-0.0023051092083505,-0.5290917481075836,1.0,1.0
2025-12-06,0.01298253780755676,-5.923097986333522,-3.7842133690421074,0.0,-0.8281117957198134,-0.5292826126254566,0.0,1.0
2025-12-07,0.0026442743544992098,-6.201977368658328,-3.795044006044576,0.0,-1.7477053484750726,-0.5294734771433297,0.0,1.0
2025-12-08,0.022557233825501566,-5.901134699642224,-3.7986144985238455,0.0,-1.2254673914822902,-0.5296643416612028,0.0,1.0
2025-12-09,-0.007158379262571457,-4.42226852335875,-3.8021849910031174,0.0,1.287874250688155,-0.5289008835897105,1.0,1.0
2025-12-10,0.005412247975528528,-3.350745340583323,-3.7733827320396394,1.0,2.682984664608064,-0.5175375867759473,1.0,1.0
2025-12-11,-0.02426632774632176,-3.237926775122305,-3.7384865343439504,1.0,2.1505406272632044,-0.506954821671416,1.0,1.0
2025-12-12,-0.00031472800786813693,-3.200555975649179,-3.728869387590766,1.0,2.929254119521964,-0.4980506803748104,1.0,1.0
2025-12-13,-0.022914891077693733,-3.6523162544325514,-3.689125716026725,1.0,2.006555497978809,-0.4812409766320371,1.0,1.0
2025-12-14,-0.019735138649757622,-4.731365023222562,-3.6990616339177365,0.0,-3.071023687345914,-0.48544340256772683,0.0,1.0
2025-12-15,0.016560286412174774,-4.435632145523511,-3.7089975518087424,0.0,-2.614101678959223,-0.48964582850342137,0.0,1.0
2025-12-16,-0.018439983328670806,-4.405220814434341,-3.7189334696997545,0.0,-1.5247486583196164,-0.49384825443911584,0.0,1.0
2025-12-17,-0.008427445079160933,-4.839958979132266,-3.728869387590766,0.0,-3.0215035296751864,-0.4980506803748104,0.0,1.0
2025-12-18,0.03064359226492308,-4.8409457393897455,-3.7312736742790613,0.0,-3.492154050201023,-0.5022531063105049,0.0,1.0
2025-12-19,0.002541045786250251,-4.1858715608779455,-3.7336779609673583,0.0,-0.1431831211107521,-0.48544340256772683,1.0,1.0
2025-12-20,0.003372079732098854,-4.165564971150441,-3.7360822476556534,0.0,-4.521221182501009,-0.48964582850342137,0.0,1.0
2025-12-21,-0.00042939870871350205,-3.870370590344933,-3.7384865343439504,0.0,-4.928687350626298,-0.49384825443911584,0.0,1.0
2025-12-22,-0.012805008847246668,-3.582994035925557,-3.728869387590766,1.0,-4.980322490718237,-0.4980506803748104,0.0,1.0
2025-12-23,0.002096906933680698,-2.8178190454216594,-3.689125716026725,1.0,-3.9443094903344544,-0.5022531063105049,0.0,1.0
2025-12-24,-0.00506653115766087,-2.7002705024054228,-3.6745199237959256,1.0,-3.784430782247597,-0.5038203447641407,0.0,1.0
2025-12-25,0.0016542224518192317,-2.6430409317646246,-3.6684553449885016,1.0,-3.659220185335698,-0.5053875832177784,0.0,1.0
2025-12-26,0.005808086935541468,-2.00409384421192,-3.663996697995567,1.0,-4.113069059146127,-0.506954821671416,0.0,0.0
2025-12-27,0.0008614312207482211,-2.3842417062453,-3.663870085509199,1.0,-4.991922243212386,-0.5085220601250537,0.0,0.0
2025-12-28,-0.008135963064696994,-2.505736650990678,-3.65462702064788,1.0,-5.309800502751941,-0.5100892985786913,0.0,0.0
2025-12-29,0.014309961824741313,-2.6234451082833594,-3.6370696279602353,1.0,-5.341200880253048,-0.5138134426773172,0.0,0.0
2025-12-30,-0.009462229344042727,-3.187256510844472,-3.622762408808269,1.0,-5.588936643126431,-0.5175375867759473,0.0,0.0
2025-12-31,0.013586356916318376,-3.2635701794484824,-3.613158795189162,1.0,-9.305917303188052,-0.5212617308745775,0.0,0.0
2026-01-01,0.013013310364452524,-2.531869569111194,-3.599601149735268,1.0,-14.412009383562516,-0.5249858749732076,0.0,0.0
2026-01-02,0.007032380529924165,-2.5303672303967657,-3.586315458687498,1.0,-16.456831147516347,-0.5287100190718377,0.0,0.0
2026-01-03,0.00994968332637991,-2.5698551157770178,-3.581842414313661,1.0,-17.797742783678594,-0.5289008835897105,0.0,0.0
2026-01-04,0.025455991184503812,-2.4906904711419795,-3.5766908954052212,1.0,-19.73410311521597,-0.5290917481075836,0.0,0.0
2026-01-05,-0.0011905001624232803,-2.5272884784812994,-3.5698680026982506,1.0,-17.77398685106193,-0.5292826126254566,0.0,0.0
2026-01-06,-0.02542785726453589,-1.5215576037025134,-3.5688790588734154,1.0,-18.31036625036449,-0.5294734771433297,0.0,0.0
2026-01-07,-0.0028913963637382523,-1.4147383615109916,-3.560972089078892,1.0,-17.35528198439348,-0.5296643416612028,0.0,0.0
2026-01-08,-0.0050352365571061375,-0.4714145584152174,-3.5548665605398133,1.0,-17.0687064981006,-0.5304746264674399,0.0,0.0
2026-01-09,-0.0015068189681346489,0.9086913966290596,-3.5518217183101264,1.0,-14.40951395038429,-0.5312849112736779,0.0,0.0
2026-01-10,0.005623464858730998,0.556821570643077,-3.547205388686644,1.0,-14.982170443369643,-0.532095196079916,0.0,0.0
2026-01-11,0.003104479383037706,0.0908660743275255,-3.530493979209049,1.0,-17.00423572245718,-0.5329054808861541,0.0,0.0
2026-01-12,0.04510373925749378,0.5596616015306175,-3.509036104299154,1.0,-16.570804559041274,-0.5337157656923921,0.0,0.0
2026-01-13,0.01611692204498283,-0.4284099438025261,-3.4721268316804523,1.0,-13.735383256351168,-0.5400232870494278,0.0,0.0
2026-01-14,-0.013893298297359746,-0.987454895976498,-3.4250172561324,1.0,-13.165405626417282,-0.5463308084064706,0.0,0.0
2026-01-15,-0.0005633608354392861,-0.4819551406154492,-3.3855120605091864,1.0,-13.12879391138508,-0.5526383297635135,0.0,0.0
2026-01-16,-0.00421942473825998,0.5960967411378135,-3.383969515739677,1.0,-11.565905662853918,-0.5589458511205564,0.0,0.0
2026-01-17,-0.015498313833314237,0.0794261503499278,-3.368004890034898,1.0,-12.498624005106386,-0.5652533724775992,0.0,0.0
2026-01-18,-0.011125280950334271,-0.1782025980736428,-3.3560526977934755,1.0,-15.22180637035071,-0.5730230831346077,0.0,0.0
2026-01-19,-0.045377249516900364,0.6457526143624754,-3.3495639025410964,1.0,-14.404658111202943,-0.5807927937916251,0.0,0.0
2026-01-20,0.01161480468893994,-0.6450674482243599,-3.3392301492444987,1.0,-12.215670510991853,-0.5885625044486424,0.0,0.0
2026-01-21,0.0011731073359675381,-0.9653778150342288,-3.3049837643114763,1.0,-9.856965389825923,-0.5963322151056598,0.0,0.0
2026-01-22,0.0004532173912654702,-0.3354278140962918,-3.288609977264715,1.0,-8.929683361251662,-0.6041019257626772,0.0,0.0
2026-01-23,-0.004184362857875601,0.2615302140857061,-3.2719487198702994,1.0,-8.118179822734291,-0.6116726306976648,0.0,0.0
2026-01-24,-0.02863513885181046,0.0922176016740383,-3.253312817718009,1.0,-8.344881063809567,-0.6192433356326609,0.0,0.0
2026-01-25,0.019345944795891024,-0.6389514044822775,-3.2343477087791714,1.0,-9.570805003000832,-0.626814040567657,0.0,0.0
2026-01-26,0.010220145363038613,-0.3414064039584961,-3.2200314434066417,1.0,-6.524750084548515,-0.6343847455026531,0.0,0.0
2026-01-27,0.0005601120448179842,-0.4813511610681811,-3.2088577085854233,1.0,-5.781546906365627,-0.6419554504376492,0.0,0.0
2026-01-28,-0.052069770668507376,-0.6047677102212745,-3.202759295341555,1.0,-5.706430315551572,-0.6444931384321597,0.0,0.0
2026-01-29,-0.004603299036883057,-2.166039025494488,-3.1952361897272947,1.0,-4.587597662254559,-0.6470308264266731,0.0,0.0
2026-01-30,-0.06550401024252306,-1.7461440954860308,-3.1842931564282564,1.0,-3.6014991883172343,-0.6495685144211865,0.0,0.0
2026-01-31,-0.02251530935119128,-5.266578093109828,-3.187256510844472,0.0,-4.058985009614986,-0.6521062024156998,0.0,1.0
2026-02-01,0.023001704210088736,-6.289884506869808,-3.1899164038054124,0.0,-4.26050713106428,-0.6546438904102132,0.0,1.0
2026-02-02,-0.03769942090671896,-5.600623194761838,-3.1925762967663545,0.0,-1.6382173551448034,-0.6584258354308553,0.0,1.0
2026-02-03,-0.03437208369885747,-7.290205616059563,-3.1952361897272947,0.0,-5.247781166745078,-0.6622077804515019,0.0,1.0
2026-02-04,-0.14017431361060217,-8.031834306279059,-3.1978960826882368,0.0,-6.210186354861754,-0.6659897254721483,0.0,1.0
2026-02-05,0.12192683309102881,-24.29830955590345,-3.200555975649179,0.0,-11.850092989857515,-0.6697716704927947,0.0,1.0
2026-02-06,-0.01828953307907888,-18.102474444433952,-3.2016576354953665,0.0,22.00813948799017,-0.6546438904102132,1.0,1.0
2026-02-07,0.015023947392803993,-19.597292464728937,-3.202759295341555,0.0,21.75779257698756,-0.6444931384321597,1.0,1.0
2026-02-08,-0.0027353755233514576,-18.225700181446776,-3.203860955187743,0.0,23.965333439056373,-0.6192433356326609,1.0,1.0
2026-02-09,-0.01848798083777703,-16.583535876457354,-3.2049626150339314,0.0,26.799248035243032,-0.5885625044486424,1.0,1.0
2026-02-10,-0.025548184817570818,-12.861483472503837,-3.20606427488012,0.0,26.656060248646497,-0.5589458511205564,1.0,1.0
2026-02-11,-0.01207989801217968,-14.52761696317409,-3.2088577085854233,0.0,26.697373356131244,-0.5337157656923921,1.0,1.0
2026-02-12,0.03895737833844892,-14.040445153358297,-3.2116511422907283,0.0,25.361852800573416,-0.5304746264674399,1.0,1.0
2026-02-13,0.014073119396473155,-13.542025253494032,-3.2144445759960316,0.0,29.50576718840407,-0.5290917481075836,1.0,1.0
2026-02-14,-0.014184018291979905,-13.146762546432514,-3.2172380097013367,0.0,31.6554396242218,-0.5212617308745775,1.0,1.0
2026-02-15,0.0008695010415125104,-13.685748178515473,-3.2200314434066417,0.0,30.417304290352973,-0.5085220601250537,1.0,1.0
2026-02-16,-0.02016056045635184,-13.845248469440689,-3.223610509749773,0.0,29.49455275712156,-0.5022531063105049,1.0,1.0
2026-02-17,-0.015443935368111283,-13.58615746121041,-3.2271895760929064,0.0,29.80167142468036,-0.48544340256772683,1.0,1.0
2026-02-18,0.008166142549765887,-14.362932493588596,-3.230768642436038,0.0,28.22868960496183,-0.4477184052999371,1.0,1.0
2026-02-19,0.01516751380855963,-14.09426070525123,-3.2343477087791714,0.0,27.670931652736712,-0.40786468685316235,1.0,1.0
2026-02-20,-0.0006480445974648141,-13.446338636151506,-3.237926775122305,0.0,28.97152394216653,-0.376829960916493,1.0,1.0
2026-02-21,-0.004891878639983305,-13.407275872593496,-3.2430554559875384,0.0,28.70080187151254,-0.3577230825221065,1.0,1.0
2026-02-22,-0.04416365824308055,-13.34797945037672,-3.248184136852775,0.0,28.418839896032395,-0.349461918667438,1.0,1.0
2026-02-23,-0.009246934778849636,-15.157026292282335,-3.253312817718009,0.0,25.834577107039657,-0.3335202714315639,1.0,1.0
2026-02-24,0.06134879012272432,-15.733474188686175,-3.2584414985832457,0.0,23.60000841539844,-0.30946704056349517,1.0,1.0
2026-02-25,-0.007396300878801609,-15.34845394754984,-3.2635701794484824,0.0,30.12216046742654,-0.28364961962174595,1.0,1.0
2026-02-26,-0.023902729458526895,-14.606312601729805,-3.2677594496593896,0.0,31.48706738628981,-0.2691938959743254,1.0,1.0
2026-02-27,0.016716637240956178,-14.708287490783553,-3.2719487198702994,0.0,31.551280111343587,-0.25012750020554353,1.0,1.0
2026-02-28,-0.01786966917841526,-15.415913351755124,-3.276137990081207,0.0,27.0004486684059,-0.2283238347901463,1.0,1.0
2026-03-01,0.04642374393153048,-14.654921177142786,-3.2803272602921165,0.0,27.36497332684417,-0.21544305237982933,1.0,1.0
2026-03-02,-0.007148911391331003,-14.78425602906052,-3.2845165305030264,0.0,27.16586858239432,-0.20331870825782009,1.0,1.0
2026-03-03,,-15.31568154823741,-3.288609977264715,0.0,24.782294851993555,-0.1639577603389028,1.0,1.0
