date,close,ret,rv_30d,iv_30d,bvrp_30d,ret_fut_1d,ret_fut_5d,ret_fut_20d,bvrp_fut_1d
2021-03-24,52303.65,-0.038210823911918,77.6395212016376,95.04,-17.4004787983624,-0.0193078303330647,0.1019397307836069,0.2154983447617899,-20.222347646977127
2021-03-25,51293.78,-0.0194966610483523,69.51765235302287,89.74,-20.222347646977127,0.0727536555114478,0.1452961743119731,0.2274301094596655,-11.0224470984935
2021-03-26,55025.59,0.0702288524916593,73.4975529015065,84.52,-11.0224470984935,0.0143851251753956,0.0675133151684517,0.1478292190960606,-8.455102510172821
2021-03-27,55817.14,0.0142826409255236,71.23489748982718,79.69,-8.455102510172821,-0.00070784708783,0.0520144887394804,0.0988524313499401,-8.084029214455327
2021-03-28,55777.63,-0.0007080977298643,70.98597078554467,79.07,-8.084029214455327,0.0333079766924482,0.0568754893314757,0.075819463824476,-11.821416129736278
2021-03-29,57635.47,0.0327652838371849,71.88858387026372,83.71,-11.821416129736278,0.0192780591535037,-0.0101244945170049,-0.0257733649087965,-13.26611359507858
2021-03-30,58746.57,0.0190945915543977,71.81388640492142,85.08,-13.26611359507858,-0.0001024740678476,-0.0092696475726157,-0.052997647352007,-22.568141078283816
2021-03-31,58740.55,-0.0001024793186737,63.88185892171619,86.45,-22.568141078283816,-0.000342352940175,0.0066298323730369,-0.039419957763419,-19.021153255360545
2021-04-01,58720.44,-0.0003424115563215,63.35884674463945,82.38,-19.021153255360545,0.0039095415497567,-0.0124196957652225,-0.0840049904258211,-19.35683946856728
2021-04-02,58950.01,0.0039019191524524,61.92316053143273,81.28,-19.35683946856728,-0.0321979589146804,-0.050832222081048,-0.1231390800442613,-19.890351805406738
2021-04-03,57051.94,-0.0327277156301856,61.39964819459327,81.29,-19.890351805406738,0.0201582978598098,0.0179762511143353,-0.1038842850917953,-20.6865264206603
2021-04-04,58202.01,0.0199578092350454,61.7334735793397,82.42,-20.6865264206603,0.0159441228919756,-0.0010217860173558,-0.1401011751999631,-18.24745859473829
2021-04-05,59129.99,0.0158183504903239,61.97254140526171,80.22,-18.24745859473829,-0.019259938992041,0.0108090666005524,-0.1701880889883459,-20.40109966488246
2021-04-06,57991.15,-0.0194478280167704,60.608900335117546,81.01,-20.40109966488246,-0.0351381202131705,0.0346825334555358,-0.0687994633663929,-17.629719229073643
2021-04-07,55953.45,-0.0357703176417728,61.15028077092636,78.78,-17.629719229073643,0.0379613768230555,0.0698178575226371,-0.0168261295773539,-13.962719780323248
2021-04-08,58077.52,0.037258574825073,60.34728021967676,74.31,-13.962719780323248,0.0011195381620978,0.0946576231216485,-0.0556377062932438,-17.02979300983263
2021-04-09,58142.54,0.0011189119465875,60.04020699016736,77.07,-17.02979300983263,0.0279759019815784,0.0828479457553796,-0.078901609733596,-21.889029204239435
2021-04-10,59769.13,0.0275917251060524,59.65097079576057,81.54,-21.889029204239435,0.0039033527842884,0.0567324637316957,-0.0347145759023094,-23.037408893884496
2021-04-11,60002.43,0.0038957544689943,59.5725911061155,82.61,-23.037408893884496,-0.0023737371969768,0.0222052673533388,-0.0366995136696963,-29.70009952672521
2021-04-12,59860.0,-0.0023765589774449,54.79990047327479,84.5,-29.70009952672521,0.0620614767791514,0.0024500501169395,-0.0548244236551954,-31.38661886369333
2021-04-13,63575.0,0.0602118088836305,57.25338113630667,88.64,-31.38661886369333,-0.0096810066850177,-0.1167910342115611,-0.1007567440031459,-30.27852346592169
2021-04-14,62959.53,-0.0097281722840783,53.5714765340783,83.85,-30.27852346592169,0.0031837912385941,-0.1163666564855233,-0.1550125930101447,-24.10271527655101
2021-04-15,63159.98,0.0031787337071748,52.97728472344899,77.08,-24.10271527655101,-0.02889772922664,-0.1066336626452383,-0.0906249495329163,-25.09370761207317
2021-04-16,61334.8,-0.0293234910328378,52.57629238792683,77.67,-25.09370761207317,-0.0216539387101613,-0.1230487423126839,-0.0805598127001311,-21.8441808783678
2021-04-17,60006.66,-0.0218918256363854,52.58581912163221,74.43,-21.8441808783678,-0.0642703659893751,-0.1385796176624395,-0.0448601871858891,-30.98177420788584
2021-04-18,56150.01,-0.0664286967832301,57.41822579211416,88.4,-30.98177420788584,-0.0092051630979229,-0.0894900998236688,0.0482999023508634,-25.692875926999868
2021-04-19,55633.14,-0.0092477924199963,57.507124073000135,83.2,-25.692875926999868,0.0142336024894513,-0.1003951961007414,0.0468731407215194,-25.420491334585503
2021-04-20,56425.0,0.0141332558447691,57.53950866541449,82.96,-25.420491334585503,-0.0467411608329642,-0.1304072662826761,-0.010790607000443,-26.69095258925664
2021-04-21,53787.63,-0.0478688076233732,56.30904741074336,83.0,-26.69095258925664,-0.0389805239606206,0.0039741479592985,0.0535883436396062,-29.42186743712504
2021-04-22,51690.96,-0.0397606037870505,57.96813256287496,87.39,-29.42186743712504,-0.0109462080023277,0.0642474041882759,-0.0398452650134568,-32.76442433768136
2021-04-23,51125.14,-0.0110065585476512,56.54557566231864,89.31,-32.76442433768136,-0.0210718249377899,0.0727837615701394,-0.0284433450940182,-37.45546781024844
2021-04-24,50047.84,-0.0212970047587351,56.62453218975156,94.08,-37.45546781024844,-0.0196026441900389,0.0700761511385907,-0.0041238542962094,-41.943480359055805
2021-04-25,49066.77,-0.0197973243840799,51.51651964094419,93.46,-41.943480359055805,0.1005694892897983,0.1758318307889432,-0.046951939163715,-21.45221693262041
2021-04-26,54001.39,0.0958277633710184,61.20778306737959,82.66,-21.45221693262041,0.0187139627331816,0.0703496706288486,-0.1401795398229564,-15.981994809270809
2021-04-27,55011.97,0.0185410109430216,61.54800519072919,77.53,-15.981994809270809,-0.0030129806294884,0.028470894607119,-0.2085715163445337,-16.47324240524057
2021-04-28,54846.22,-0.0030175287936096,60.48675759475943,76.96,-16.47324240524057,-0.0235425522488149,0.0423578871980603,-0.2187286562319154,-19.509438102283184
2021-04-29,53555.0,-0.0238241059065467,60.69056189771682,80.2,-19.509438102283184,0.0772900756231911,-0.006628512743908,-0.314908225189058,-9.077169778607768
2021-04-30,57694.27,0.0744486986071194,66.01283022139224,75.09,-9.077169778607768,0.0018390041160067,-0.004474621136553,-0.2975621322533416,-10.1341670322537
2021-05-01,57800.37,0.0018373152182137,66.0158329677463,76.15,-10.1341670322537,-0.0211445013241264,-0.0243370414410842,-0.3555056827490896,-12.668567629072328
2021-05-02,56578.21,-0.0213712482896674,66.42143237092768,79.09,-12.668567629072328,0.0104488989665809,0.0130180859380315,-0.3380891689574483,-16.25653431284117
2021-05-03,57169.39,0.0103946865349147,65.53346568715884,81.79,-16.25653431284117,-0.0694319110279119,0.0296078023571706,-0.3938145920395512,-18.13025342253718
2021-05-04,53200.01,-0.0719600309696674,69.82974657746281,87.96,-18.13025342253718,0.0796259248823449,0.094752425798416,-0.2707465656491418,-9.825202945380155
2021-05-05,57436.11,0.0766146152879421,74.56479705461985,84.39,-9.825202945380155,-0.0181493837239326,-0.0282047304387431,-0.3327417194514043,-7.610078975751136
2021-05-06,56393.68,-0.0183161041178487,74.52992102424886,82.14,-7.610078975751136,0.0163328585756417,0.0049001944898789,-0.3041434784890788,-6.864894850674304
2021-05-07,57314.75,0.0162009122099635,73.6951051493257,80.56,-6.864894850674304,0.0269965410300141,-0.1340567654923035,-0.3277475693429701,-10.437196562295584
2021-05-08,58862.05,0.0266385629076569,73.13280343770441,83.57,-10.437196562295584,-0.0105536589364455,-0.1561461077213587,-0.3941174321995242,-12.824661305261472
2021-05-09,58240.84,-0.0106097437438779,73.22533869473853,86.05,-12.824661305261472,-0.0416322978858134,-0.1442182152592579,-0.4058267360154832,-16.16997966496764
2021-05-10,55816.14,-0.0425237519861877,74.09002033503236,90.26,-16.16997966496764,0.0152980840308913,-0.1621959168082923,-0.361452260941011,-12.003393525917003
2021-05-11,56670.02,0.0151822482267277,74.26660647408299,86.27,-12.003393525917003,-0.1242050029274738,-0.1806690733477771,-0.3426187250330951,-6.368130138277607
2021-05-12,49631.32,-0.13262323703978,87.49186986172239,93.86,-6.368130138277607,0.000798890700469,-0.1227708632371655,-0.2606868001898802,-7.96586662153382
2021-05-13,49670.97,0.0007985717571492,84.93413337846619,92.9,-7.96586662153382,0.0034321858421528,-0.1373274973289228,-0.2436491576468106,-13.585262174126854
2021-05-14,49841.45,0.0034263093346637,84.87473782587314,98.46,-13.585262174126854,-0.0617650569957334,-0.263863912466431,-0.212567250752135,-15.117289221672465
2021-05-15,46762.99,-0.06375488905286,87.73271077832753,102.85,-15.117289221672465,-0.0070887255070729,-0.133360805200865,-0.2124327379408374,-18.11023030199576
2021-05-16,46431.5,-0.0071139698928193,87.16976969800425,105.28,-18.11023030199576,-0.062316746174472,-0.1976996220238415,-0.2351485521682479,-33.33185432708831
2021-05-17,43538.04,-0.0643430694922586,89.68814567291169,123.02,-33.33185432708831,-0.0158082449278837,-0.1398388627508265,-0.177815308176482,-30.18852496480342
2021-05-18,42849.78,-0.0159345278743997,86.82147503519658,117.01,-30.18852496480342,-0.1437507963868193,-0.1912385547837117,-0.2169670416044142,-22.56602856417682
2021-05-19,36690.09,-0.1551938194929308,102.26397143582318,124.83,-22.56602856417682,0.104566382911571,0.0574051467303569,-0.0901954724014032,-11.89504443753522
2021-05-20,40526.64,0.0994528443006428,107.87495556246478,119.77,-11.89504443753522,-0.0808019120262621,-0.0543326562478408,-0.0774451077118655,-29.427350341403
2021-05-21,37252.01,-0.084253632547951,110.552649658597,139.98,-29.427350341403,0.005307633064632,0.0534172518476183,-0.0154700377241389,-30.35517699347659
2021-05-22,37449.73,0.0052935972230838,109.69482300652342,140.05,-30.35517699347659,-0.0746194965891611,0.0288453347994765,-0.003144214924914,-43.28443987133584
2021-05-23,34655.25,-0.077550271014256,112.91556012866415,156.2,-43.28443987133584,0.1194924289970496,0.0290934274027743,0.0257063504086683,-5.768093422242288
2021-05-24,38796.29,0.112875394190615,119.35190657775772,125.12,-5.768093422242288,-0.012155028225637,-0.1080294017804279,0.0057809651386768,-9.881694400157713
2021-05-25,38324.72,-0.0122295047056648,119.2283055998423,129.11,-9.881694400157713,0.0239320730849437,-0.070018776392887,0.0571842403545284,-2.276021118744368
2021-05-26,39241.91,0.023650189539076,114.74397888125564,117.02,-2.276021118744368,-0.0181420832981881,-0.0506626716181757,0.0229889421794198,7.479439652611944
2021-05-27,38529.98,-0.0183086687723054,114.73943965261196,107.26,7.479439652611944,-0.0743963531774479,-0.0476743045285776,-0.0046968620279584,-4.68907703920577
2021-05-28,35663.49,-0.0773091631552114,117.86092296079424,122.55,-4.68907703920577,-0.0296757271932723,0.0534213000466303,0.0681223290261274,-11.263756679567804
2021-05-29,34605.15,-0.0301249614885199,118.0362433204322,129.3,-11.263756679567804,0.0299412081727719,0.134131480429936,0.0351014227651085,-8.006813273913266
2021-05-30,35641.27,0.0295017211685401,115.60318672608672,123.61,-8.006813273913266,0.045243617862102,0.0333245700840627,-0.004420437318872,10.15725602495536
2021-05-31,37253.81,0.0442499853876325,116.62725602495536,106.47,10.15725602495536,-0.0150513464260434,-0.0467230063180115,-0.0443887484259997,8.27893268379593
2021-06-01,36693.09,-0.015165767520091,116.50893268379592,108.23,8.27893268379593,0.0238625310651134,-0.0244400239936184,-0.1385590583949184,13.572653141398291
2021-06-02,37568.68,0.0235822705986549,116.74265314139828,103.17,13.572653141398291,0.0446677924270961,-0.1068946260555334,-0.1346632354397332,15.83678555479571
2021-06-03,39246.79,0.0436989328915869,115.02678555479572,99.19,15.83678555479571,-0.0616047834740115,-0.1494639434205957,-0.1418898207980831,11.146533888750085
2021-06-04,36829.0,-0.0635840791345629,114.05653388875008,102.91,11.146533888750085,-0.0357272801325043,0.015179613891227,-0.0588099052377203,6.062339445072681
2021-06-05,35513.2,-0.0363811199546403,114.58233944507268,108.52,6.062339445072681,0.0079719653537275,0.0327348704143812,-0.1106278792111101,8.546415524429676
2021-06-06,35796.31,0.007940357113332,114.47641552442968,105.93,8.546415524429676,-0.0626746164618642,0.0429002318954105,-0.0981291088383131,7.990840126866971
2021-06-07,33552.79,-0.0647247960449863,116.31084012686696,108.32,7.990840126866971,-0.0051256542302444,0.0594084724399968,0.0342013287121576,5.225768172472471
2021-06-08,33380.81,-0.0051388354567866,116.26576817247248,111.04,5.225768172472471,0.1200462181714585,0.1689521614364661,0.033374864180947,16.087643145261197
2021-06-09,37388.05,0.1133699506800925,121.9076431452612,105.82,16.087643145261197,-0.0190523442650794,0.0836695147246244,-0.0394864134395882,22.517250326568217
2021-06-10,36675.72,-0.0192361789087449,121.9772503265682,99.46,22.517250326568217,0.017893581911957,0.0945671959541625,-0.0444632034490393,15.814213550158811
2021-06-11,37331.98,0.017735376231755,113.0342135501588,97.22,15.814213550158811,-0.0478375376821695,0.0272428625537675,-0.1025204127935351,14.929776570191152
2021-06-12,35546.11,-0.0490196050552571,114.31977657019117,99.39,14.929776570191152,0.0977451541110967,0.0716494716299476,-0.049500775190309,15.991712395627404
2021-06-13,39020.57,0.0932582160669782,118.8517123956274,102.86,15.991712395627404,0.0383315774218573,-0.0820267361548025,-0.1115165667749087,18.607612412181894
2021-06-14,40516.29,0.0376151724833831,117.48761241218187,98.88,18.607612412181894,-0.0091876625426464,-0.1242110272189285,-0.1290784521485061,20.73551953609233
2021-06-15,40144.04,-0.0092301294285584,117.50551953609232,96.77,20.73551953609233,-0.0447147322491706,-0.1131894049527649,-0.1607685723708924,21.190743389157305
2021-06-16,38349.01,-0.0457452734195306,116.4407433891573,95.25,21.190743389157305,-0.0066765739193789,-0.1757562972290549,-0.1076690115338049,21.05148482697011
2021-06-17,38092.97,-0.0066989619448759,116.33148482697013,95.28,21.05148482697011,-0.0596732152940556,-0.1465732391042231,-0.1110664251172853,10.451976034400673
2021-06-18,35819.84,-0.0615278208278235,105.18197603440068,94.73,10.451976034400673,-0.0093836265041942,-0.0597928410623832,-0.0821927177787504,7.461263506731939
2021-06-19,35483.72,-0.0094279300974428,99.35126350673194,91.89,7.461263506731939,0.0032815048704026,-0.0231269438491794,-0.0470049363482747,-0.7178967778912835
2021-06-20,35600.16,0.0032761324830971,94.91210322210873,95.63,-0.7178967778912835,-0.112112698369895,-0.1128003357288283,-0.058912375674716,-2.6673245889100343
2021-06-21,31608.93,-0.1189104566227603,103.56267541108996,106.23,-2.6673245889100343,0.0284928974185461,0.0213458665003845,0.0838389657606251,-6.563244123770232
2021-06-22,32509.56,0.0280945243199381,100.44675587622976,107.01,-6.563244123770232,0.0359435809035864,0.0673887927120513,0.01775077854022,-8.98376956940389
2021-06-23,33678.07,0.0353126837670968,93.2262304305961,102.21,-8.98376956940389,0.0292481130896158,0.0242537651355911,-0.0281577893270011,-7.320107055232256
2021-06-24,34663.09,0.0288285483794497,93.66989294476774,100.99,-7.320107055232256,-0.088816086505848,0.0360221780574094,-0.0531709665814559,-6.514728032692105
2021-06-25,31584.45,-0.0930105212036937,98.78527196730788,105.3,-6.514728032692105,0.0221374758781616,0.109564991633541,0.0093574527971833,-7.825950682605281
2021-06-26,32283.65,0.0218959992498128,98.87404931739472,106.7,-7.825950682605281,0.0748580163643204,0.0378222412893214,-0.0278710740576112,-8.008070104518069
2021-06-27,34700.34,0.0721885750559531,98.40192989548191,106.41,-8.008070104518069,-0.0059206912670018,-0.0263337477384946,-0.0916495342696929,-6.438791892171594
2021-06-28,34494.89,-0.0059382880506683,97.8612081078284,104.3,-6.438791892171594,0.0410739097877976,0.0050511829433286,-0.0787458664167358,-0.5337157656923921
2021-06-29,35911.73,0.0402527859480743,98.3262842343076,98.86,-0.5337157656923921,-0.0241350110395685,-0.0174099103551959,-0.1412374174120824,-7.029503340486158
2021-06-30,35045.0,-0.0244310331208218,97.48049665951385,104.51,-7.029503340486158,-0.043952346982451,-0.0386605792552432,-0.1499400770438008,-3.788598126261718
2021-07-01,33504.69,-0.0449475209203527,98.59140187373828,102.38,-3.788598126261718,0.0084125535857815,0.0213498468423376,-0.0405967045210686,-0.9388944537576548
2021-07-02,33786.55,0.0083773652682027,98.29110554624236,99.23,-0.9388944537576548,0.0261222291118801,0.0022366888599161,-0.0443584799276635,-0.5022531063105049
2021-07-03,34669.13,0.025786871340954,97.51774689368948,98.02,-0.5022531063105049,0.0178077730822783,-0.0517295934452349,-0.0298548016636125,-0.7284162107100514
2021-07-04,35286.51,0.017651072284598,95.16158378928996,95.89,-0.7284162107100514,-0.0452402348659587,-0.0416788172023814,-0.0291434318667389,-0.7058532036634517
2021-07-05,33690.14,-0.0462955249800956,95.68414679633656,96.39,-0.7058532036634517,0.0157277470500272,-0.0055585996377574,0.0501891651385242,0.058820749600585
2021-07-06,34220.01,0.0156053477451782,95.79882074960058,95.74,0.058820749600585,-0.010458500742694,0.001139099608679,0.0881820315072963,-1.7572333676801009
2021-07-07,33862.12,-0.0105135751956069,93.1727666323199,94.93,-1.7572333676801009,-0.0291301903129516,-0.0229014013298637,0.1652510238579274,-0.7054892443284047
2021-07-08,32875.71,-0.0295628982722732,93.7245107556716,94.43,-0.7054892443284047,0.0285955801410828,-0.0044391436717259,0.2172987290616688,-5.349081886478203
2021-07-09,33815.81,0.0281943573837486,85.5409181135218,90.89,-5.349081886478203,-0.0092542511919718,-0.0294474685065949,0.1833660054276389,-5.230998301462947
2021-07-10,33502.87,-0.0092973378034347,85.33900169853705,90.57,-5.230998301462947,0.022568812761414,-0.0484397306857592,0.2597837140519603,-3.24025939816633
2021-07-11,34258.99,0.0223179052145445,85.46974060183366,88.71,-3.24025939816633,-0.0342205067925236,-0.0839230812116761,0.210246711884968,-5.891848977558922
2021-07-12,33086.63,-0.034819738727865,84.61815102244108,90.51,-5.891848977558922,-0.0107856254928349,-0.0473472215212005,0.2042761683495721,-12.602630989069835
2021-07-13,32729.77,-0.0108442119936659,78.20736901093017,90.81,-12.602630989069835,0.0027574284817766,-0.0290625323673218,0.1960921204151449,-9.865079325722874
2021-07-14,32820.02,0.0027536337500608,77.10492067427712,86.97,-9.865079325722874,-0.0286416644474926,-0.0603403044848843,0.1641385349551891,-7.848341417041212
2021-07-15,31880.0,-0.0290598411242663,77.70165858295879,85.55,-7.848341417041212,-0.0155624215809284,-0.065547365119197,0.246021957340025,-6.347781039157397
2021-07-16,31383.87,-0.015684787261425,76.2422189608426,82.59,-6.347781039157397,0.0043398089528154,0.0242366540519063,0.3020210700592374,-6.558627764531664
2021-07-17,31520.07,0.0043304191388057,76.22137223546834,82.78,-6.558627764531664,0.0082008066606451,0.0243578139261746,0.3590347356462089,-10.326945160738148
2021-07-18,31778.56,0.0081673627658999,73.19305483926185,83.52,-10.326945160738148,-0.0295453916099407,0.0583893669190798,0.4025978521367865,-14.596337913720731
2021-07-19,30839.65,-0.029990648832101,73.86366208627926,88.46,-14.596337913720731,-0.0340243809511457,0.1108472372416677,0.4200670241069533,-16.65464944152815
2021-07-20,29790.35,-0.034616684167991,74.83535055847184,91.49,-16.65464944152815,0.079024247784937,0.1876671472473468,0.5526302980663202,-20.156203623389374
2021-07-21,32144.51,0.0760571584840489,67.70379637661063,87.86,-20.156203623389374,0.0044586151725443,0.1584435413698948,0.4181267656592058,-17.631193366385446
2021-07-22,32287.83,0.0044487049941116,67.00880663361455,84.64,-17.631193366385446,0.0416955862317163,0.2220663327327974,0.4095403748099515,-14.359428932668196
2021-07-23,33634.09,0.0408497569173238,67.3905710673318,81.75,-14.359428932668196,0.0185540919941642,0.189851130207477,0.3200594991569567,-14.366039460718852
2021-07-24,34258.14,0.0183840647434535,66.94396053928115,81.31,-14.366039460718852,0.0327770275911067,0.1680867671157864,0.3952888277063495,-24.27188565072448
2021-07-25,35381.02,0.0322513174592975,59.62811434927553,83.9,-24.27188565072448,0.0524738970216234,0.1929099274130594,0.3303321950582545,-25.91092240599116
2021-07-26,37237.6,0.0511434853372773,61.76907759400885,87.68,-25.91092240599116,0.0596244118847617,0.1134399101982943,0.2614620705953123,-31.92779848907042
2021-07-27,39457.87,0.0579145169242299,59.912201510929584,91.84,-31.92779848907042,0.014235182993912,0.0098223751053971,0.1632987284919331,-35.600971455482544
2021-07-28,40019.56,0.0141348141674527,60.07902854451746,95.68,-35.600971455482544,-7.696236540322143e-05,-0.0217828481872364,0.1168526090741626,-34.8246295876303
2021-07-29,40016.48,-7.696532715802908e-05,58.4153704123697,93.24,-34.8246295876303,0.05472470342219,-0.0452171205463348,0.1171719751462396,-32.78485038865849
2021-07-30,42206.37,0.053279788252541,60.705149611341504,93.49,-32.78485038865849,-0.0176404651714895,-0.0588344839890282,0.107904328185532,-30.5766642798771
2021-07-31,41461.83,-0.0177979125551537,58.9733357201229,89.55,-30.5766642798771,-0.0389850134448961,-0.0144559465899117,0.1895873867603046,-28.78798097858036
2021-08-01,39845.44,-0.0397652753830731,60.51201902141964,89.3,-28.78798097858036,-0.0175081514973859,0.0750758430575744,0.2252812366986034,-28.363874781181902
2021-08-02,39147.82,-0.0176632319625898,60.15612521881809,88.52,-28.363874781181902,-0.0240312231945482,0.1385701681472939,0.2577768059626308,-28.60125520228457
2021-08-03,38207.05,-0.0243246840587875,60.43874479771544,89.04,-28.60125520228457,0.0396819435156599,0.1462379325281591,0.2952805830337592,-32.13762202465973
2021-08-04,39723.18,0.0389148428370904,59.80237797534027,91.94,-32.13762202465973,0.0286804832845708,0.1643931830231115,0.2001559291073877,-35.72463001857395
2021-08-05,40862.46,0.0282768967619541,60.365369981426056,96.09,-35.72463001857395,0.0483184321257212,0.1155713581610113,0.1984917207627734,-31.15850418299575
2021-08-06,42836.87,0.0471873871947704,62.461495817004256,93.62,-31.15850418299575,0.0405181330942245,0.0624258961964308,0.0935409146373205,-34.126945965795656
2021-08-07,44572.54,0.0397187939887179,63.14305403420434,97.27,-34.126945965795656,-0.0174585069641531,-0.0038934285548904,0.1008997916654514,-33.31566967277225
2021-08-08,43794.37,-0.0176127040329166,62.67433032722774,95.99,-33.31566967277225,0.0561494548271843,0.0914644964638147,0.1164757022420917,-41.54326756980322
2021-08-09,46253.4,0.0546297044621678,65.42673243019678,106.97,-41.54326756980322,-0.0144510457609603,0.017622704493075,0.05436205770819,-38.18991572265352
2021-08-10,45584.99,-0.0145564791035267,65.16008427734647,103.35,-38.18991572265352,-0.0016231219969555,0.0304668269094716,0.0306662346531172,-36.5093217546255
2021-08-11,45511.0,-0.0016244406865866,64.0206782453745,100.53,-36.5093217546255,-0.0244336534024741,0.0085757289446508,0.0349341917338665,-33.5713154606089
2021-08-12,44399.0,-0.0247371083178277,64.4886845393911,98.06,-33.5713154606089,0.0766008243428906,0.0066882136985066,0.0993607964143334,-30.868924742625296
2021-08-13,47800.0,0.0738086928353895,69.4310752573747,100.3,-30.868924742625296,-0.0153031380753138,-0.0647428870292886,0.0302644351464436,-28.58250589480889
2021-08-14,47068.51,-0.0154214395673306,68.89749410519111,97.48,-28.58250589480889,-0.0020117484067373,-0.0065413160518571,0.0622630714250354,-30.00647533565156
2021-08-15,46973.82,-0.0020137746906016,68.68352466434844,98.69,-30.00647533565156,-0.0228325054253624,0.0499991271733915,0.0626267993533418,-29.16208104733083
2021-08-16,45901.29,-0.0230972039927412,69.13791895266917,98.3,-29.16208104733083,-0.0262593927098782,0.0636274056785768,0.1275691816068784,-26.98000508761352
2021-08-17,44695.95,-0.026610327758852,69.69999491238649,96.68,-26.98000508761352,0.0002089674791565,0.1016483596388488,0.1782700669747483,-26.89945758861572
2021-08-18,44705.29,0.000208945648494,68.91054241138428,95.81,-26.89945758861572,0.0459750960121274,0.1070021019883775,0.0482815344671738,-24.867458473694867
2021-08-19,46760.62,0.0449495565754806,69.63254152630513,94.5,-24.867458473694867,0.054786484866967,0.0195333167096587,-0.0152331170972498,-26.044881794896497
2021-08-20,49322.47,0.0533383624332684,67.0151182051035,93.06,-26.044881794896497,-0.0101495322517303,-0.0070789236629876,-0.0593508394855326,-25.618422167791863
2021-08-21,48821.87,-0.010201389940111,67.09157783220813,92.71,-25.618422167791863,0.008548423073512,-0.0405146300213408,-0.0813356800958259,-29.201730380169167
2021-08-22,49239.22,0.0085120922059157,65.62826961983083,94.83,-29.201730380169167,0.0050697391225937,-0.0034387222218386,-0.0825669049997136,-28.30194867790732
2021-08-23,49488.85,0.0050569312652992,65.33805132209268,93.64,-28.30194867790732,-0.0366716947352786,-0.0119926003534129,-0.069987684094498,-27.18160992976415
2021-08-24,47674.01,-0.0373610060057764,65.66839007023584,92.85,-27.18160992976415,0.0272540530993721,0.0229437381080384,-0.0573327060173876,-29.728933952591163
2021-08-25,48973.32,0.0268892743558539,63.89106604740884,93.62,-29.728933952591163,-0.0434818386827765,-0.0406427418030878,-0.0380166180279385,-31.304545909826693
2021-08-26,46843.87,-0.0444555030189138,62.56545409017331,93.87,-31.304545909826693,0.0475201984806121,0.0054867371120275,0.0272722983818374,-26.48118319248644
2021-08-27,49069.9,0.0464256551873065,64.43881680751356,90.92,-26.48118319248644,-0.0035571704853688,-0.0052859288484387,-0.0271465806940711,-25.65920179267448
2021-08-28,48895.35,-0.0035635122599486,64.45079820732552,90.11,-25.65920179267448,-0.0026080189629483,0.0071845277720683,-0.032628256061159,-28.88002289312936
2021-08-29,48767.83,-0.0026114257690363,61.71997710687064,90.6,-28.88002289312936,-0.0366003572436993,0.025248406582782,-0.0097418728698817,-29.310811775548864
2021-08-30,46982.91,-0.0372869556016338,62.769188224451135,92.08,-29.310811775548864,0.0025111258540604,0.0624212080520341,0.0055092372950078,-29.8562501053037
2021-08-31,47100.89,0.0025079782457921,61.2237498946963,91.08,-29.8562501053037,0.0362971909872615,0.0988514229773576,-0.0867344544869533,-31.480456715623035
2021-09-01,48810.52,0.0356539665870315,62.16954328437697,93.65,-31.480456715623035,0.0089349591030787,0.0789456862987734,-0.165459003509899,-31.15404403161537
2021-09-02,49246.64,0.0088952785436187,61.66595596838462,92.82,-31.15404403161537,0.0152802302857615,-0.0483872605318859,-0.1158054640885144,-29.764391575995383
2021-09-03,49999.14,0.0151646633396987,60.38560842400462,90.15,-29.764391575995383,-0.001670028724494,-0.0790179591088967,-0.1026793660850966,-31.72249572931422
2021-09-04,49915.64,-0.0016714247769793,59.57750427068578,91.3,-31.72249572931422,0.0368870358068131,-0.0705289965229335,-0.1423415586778011,-34.733753269460394
2021-09-05,51756.88,0.0362229896654862,58.63624673053961,93.37,-34.733753269460394,0.0175246266776514,-0.1334309564255031,-0.1755561772657083,-35.56260813927873
2021-09-06,52663.9,0.017372841164721,57.29739186072127,92.86,-35.56260813927873,-0.1101355957306617,-0.1422266486150855,-0.1804461879959517,-25.146988197948943
2021-09-07,46863.73,-0.1166861826166685,70.01301180205105,95.16,-25.146988197948943,-0.0173998100449965,-0.0178920884018409,-0.1006403032793165,-24.662342499344177
2021-09-08,46048.31,-0.0175529659288582,67.64765750065582,92.31,-24.662342499344177,0.0075318725052015,-0.0240525656641903,-0.1090543822346573,-24.442401201381983
2021-09-09,46395.14,0.0075036495792122,67.50759879861802,91.95,-24.442401201381983,-0.0332843052095541,0.0154408414329603,-0.1049864274577035,-22.039932758220147
2021-09-10,44850.91,-0.0338508342130965,68.53006724177985,90.57,-22.039932758220147,0.0071967324631763,0.0729193677452697,-0.0228938498683751,-21.42930308778513
2021-09-11,45173.69,0.0071709595640012,68.03069691221486,89.46,-21.42930308778513,0.0188505743055305,0.0567615795831599,0.0657001896457871,-28.822798087757512
2021-09-12,46025.24,0.0186751039448091,63.30720191224248,92.13,-28.822798087757512,-0.0235633752262888,0.0276965421581725,0.0349734189327421,-28.51573438601148
2021-09-13,44940.73,-0.0238454311568689,63.62426561398853,92.14,-28.51573438601148,0.0483033987209373,0.074587350939782,0.072523966566631,-25.18624065139167
2021-09-14,47111.52,0.0471730465973742,65.71375934860833,90.9,-25.18624065139167,0.0214361582899471,0.0027642920457671,0.0448599408382495,-24.683707322122785
2021-09-15,48121.41,0.0212096353194695,65.63629267787721,90.32,-24.683707322122785,-0.0079712959366735,-0.1061022526147924,0.069627635599206,-19.133375263071144
2021-09-16,47737.82,-0.008003236568181,65.03662473692886,84.17,-19.133375263071144,-0.0091717636037841,-0.1467063221571493,0.1587248852167946,-17.234052154795265
2021-09-17,47299.98,-0.0092140831898283,65.11594784520473,82.35,-17.234052154795265,0.0209885923841828,-0.0794158898164439,0.1371087260502013,-21.085876170557142
2021-09-18,48292.74,0.0207713661369396,63.61412382944286,84.7,-21.085876170557142,-0.021762898522635,-0.0709729868299043,0.1171747554601374,-24.40506525287765
2021-09-19,47241.75,-0.0220032032815168,61.31493474712234,85.72,-24.40506525287765,-0.0894575243296448,-0.0937979647239994,0.1631601284880428,-22.36698115542984
2021-09-20,43015.62,-0.0937147299741435,69.39301884457016,91.76,-22.36698115542984,-0.0530328285399583,-0.0080198774305706,0.2706779537293662,-24.372346461235665
2021-09-21,40734.38,-0.054490852225822,71.88765353876434,96.26,-24.372346461235665,0.0689645945267856,0.0595693367617231,0.4108806860445648,-13.192916213247829
2021-09-22,43543.61,0.0666905113136797,75.53708378675218,88.73,-13.192916213247829,0.0303523295381342,-0.0320657841644274,0.2859964986825851,-8.708113520901435
2021-09-23,44865.26,0.0299008112625428,75.13188647909857,83.84,-8.708113520901435,-0.0457969038850996,-0.085561077769303,0.2786507868225882,-10.603501124111958
2021-09-24,42810.57,-0.0468787411821704,76.31649887588804,86.92,-10.603501124111958,-0.0032685853049843,-0.0300460844132652,0.3395743154085546,-11.146719082177173
2021-09-25,42670.64,-0.0032739387986825,74.73328091782282,85.88,-11.146719082177173,0.0114893987997368,0.0270317014228049,0.4453127490002493,-16.05353556314222
2021-09-26,43160.9,0.0114238968982114,73.06646443685779,89.12,-16.05353556314222,-0.0234830598991216,0.1153986594348124,0.4104332856821799,-15.72539848916722
2021-09-27,42147.35,-0.0237631810423174,73.52460151083278,89.25,-15.72539848916722,-0.0265926564778093,0.1301991702918452,0.4598386375418621,-18.15238119850376
2021-09-28,41026.54,-0.0269526374133869,74.11761880149623,92.27,-18.15238119850376,0.0121321466543364,0.1748494998603342,0.5114567302043993,-18.68129160357134
2021-09-29,41524.28,0.012059142038448,73.08870839642866,91.77,-18.68129160357134,0.055384945867815,0.1854495731172221,0.5480241921112179,-15.506536015478815
2021-09-30,43824.1,0.0539055779762114,75.46346398452118,90.97,-15.506536015478815,0.0985190796844659,0.1745133385511625,0.5060528339429675,-4.511830348298133
2021-10-01,48141.61,0.0939629815441862,81.32816965170187,85.84,-4.511830348298133,-0.0105254061922731,0.1490060261798473,0.291879311888406,-2.6172730806190145
2021-10-02,47634.9,-0.0105811900571929,81.35272691938098,83.97,-2.6172730806190145,0.0118633606872271,0.1291137380366076,0.2740284959137102,-4.275258579866673
2021-10-03,48200.01,0.0117935426656091,81.28474142013333,85.56,-4.275258579866673,0.0212641034721776,0.1193240416340162,0.2715090723010223,-8.006674411297965
2021-10-04,49224.94,0.0210411771061945,81.61332558870204,89.62,-8.006674411297965,0.0456486082055151,0.1162983642031865,0.2362070933961524,-10.561088162001866
2021-10-05,51471.99,0.0446373705846586,82.11891183799814,92.68,-10.561088162001866,0.0746621609150919,0.0619173651533582,0.2254972073160568,-3.720056495346512
2021-10-06,55315.0,0.072006343270608,85.65994350465348,89.38,-3.720056495346512,-0.027655789568833,0.0389830968091837,0.0906410557714905,-12.125068319316796
2021-10-07,53785.22,-0.0280454112515052,76.0049316806832,88.13,-12.125068319316796,0.0030902541627606,0.0411211481518527,0.0860500338196998,-12.424429775279336
2021-10-08,53951.43,0.0030854891415925,75.76557022472066,88.19,-12.424429775279336,0.0185034947173781,0.0633082385397383,0.1227856240325788,-11.430070123410673
2021-10-09,54949.72,0.018334387918285,75.98992987658933,87.42,-11.430070123410673,-0.0052906548022446,0.0436438984584452,0.1329213324471898,-14.14020144019672
2021-10-10,54659.0,-0.0053046998766927,75.08979855980328,89.23,-14.14020144019672,0.0514526427486781,0.1283122633052196,0.1317292669093837,-13.428384223353165
2021-10-11,57471.35,0.0501726773419895,77.06161577664683,90.49,-13.428384223353165,-0.025654869774244,0.0592333397423237,0.0666149307437533,-16.050909845025288
2021-10-12,55996.93,-0.0259896949567152,77.31909015497472,93.37,-16.050909845025288,0.0244668770234368,0.0987804152834808,0.0877580253060301,-17.668559701464446
2021-10-13,57367.0,0.0241723573039213,77.33144029853555,95.0,-17.668559701464446,-0.0003322467620757,0.0809322432757508,0.1020271236076488,-22.30929124606773
2021-10-14,57347.94,-0.0003323019682596,75.56070875393227,97.87,-22.30929124606773,0.0754077653007239,0.1208875157503477,0.0967522111517869,-11.351754797422773
2021-10-15,61672.42,0.0726999062161001,79.35824520257722,90.71,-11.351754797422773,-0.012920686426769,0.0701932889936864,-0.0044981208780195,-7.361248535795966
2021-10-16,60875.57,-0.0130048845469812,79.43875146420403,86.8,-7.361248535795966,0.0107228564759229,0.0216438219798189,0.0010110788285022,-10.199151383766576
2021-10-17,61528.33,0.0106657743435406,79.46084861623342,89.66,-10.199151383766576,0.0078258259244154,-0.013654035466264,-0.0009381044471709,-13.223445241260904
2021-10-18,62009.84,0.0077953629773126,79.1765547587391,92.4,-13.223445241260904,0.0366191881804565,-0.0116608912391967,0.0203798300398776,-14.354051593241763
2021-10-19,64280.59,0.035964637291379,79.79594840675824,94.15,-14.354051593241763,0.0267704450130281,-0.0533344513483774,0.0504855353692306,-19.665775345631047
2021-10-20,66001.41,0.0264183860137485,73.37422465436896,93.04,-19.665775345631047,-0.0576996764160038,-0.0442813267171111,0.0143368149256204,-18.680625689377862
2021-10-21,62193.15,-0.0594312403714209,73.83937431062213,92.52,-18.680625689377862,-0.024197680934315,-0.0299766131800689,0.0432407749084906,-16.131645154098877
2021-10-22,60688.22,-0.0244952550243301,70.59835484590113,86.73,-16.131645154098877,0.0098623752682152,-0.037483056843651,0.0673283876178936,-16.40242526333597
2021-10-23,61286.75,0.0098140594579652,69.90757473666403,86.31,-16.40242526333597,-0.0070901132789713,-0.0115989182001003,0.0462657915454809,-21.866382671781068
2021-10-24,60852.22,-0.0071153675734619,68.01361732821893,89.88,-21.866382671781068,0.0365896264754186,0.0230310414311918,0.0579729055078024,-15.300387278187756
2021-10-25,63078.78,0.0359361194644907,69.14961272181225,84.45,-15.300387278187756,-0.0435958019479768,-0.0193343942289307,0.0386868610965525,-18.246094984915047
2021-10-26,60328.81,-0.0445746539763763,70.76390501508496,89.01,-18.246094984915047,-0.0317488443746859,0.0160949635837339,0.0543344050711427,-17.277846387313886
2021-10-27,58413.44,-0.0322637670684276,71.17215361268612,88.45,-17.277846387313886,0.0370197338146836,0.0427584816097117,0.0281686885757799,-18.1911277014036
2021-10-28,60575.89,0.0363509587815479,71.6788722985964,89.87,-18.1911277014036,0.0276978183894616,0.0436493793157639,-0.0038137285312687,-15.392845537540992
2021-10-29,62253.71,0.0273211728379008,72.187154462459,87.58,-15.392845537540992,-0.006337292990249,0.0103250071361209,-0.0861328585878656,-17.439358771066864
2021-10-30,61859.19,-0.0063574588746964,69.73064122893314,87.17,-17.439358771066864,-0.0090429570771941,-0.0075038163286651,-0.0615421896083671,-26.01044335808613
2021-10-31,61299.8,-0.0090840927936784,61.62955664191387,87.64,-26.01044335808613,-0.006340803722035,-0.0059164956492516,-0.0259754517959275,-23.891059442018246
2021-11-01,60911.11,-0.0063609920031545,61.55894055798176,85.45,-23.891059442018246,0.0379057285280139,0.0091855164025085,-0.0375808288504347,-24.452671800725582
2021-11-02,63219.99,0.0372049603187191,62.77732819927442,87.23,-24.452671800725582,-0.0051172105531809,0.0008478330983601,-0.110294386316733,-23.46749292477721
2021-11-03,62896.48,-0.0051303483133919,62.37250707522279,85.84,-23.46749292477721,-0.0238720831436035,0.0736026880995566,-0.0851432385405353,-23.746915614391824
2021-11-04,61395.01,-0.0241616388040991,60.98308438560818,84.73,-23.746915614391824,-0.0074580979789725,0.0904413892920614,-0.0693333220403417,-30.077961077676505
2021-11-05,60937.12,-0.0074860486509893,55.63203892232349,85.71,-30.077961077676505,0.0087547622861072,0.0647439524545958,-0.0324393407499402,-32.22046316137326
2021-11-06,61470.61,0.0087166615684314,54.84953683862673,87.07,-32.22046316137326,0.0293307647345617,0.0537435694879226,-0.1259802041983966,-30.831656731325506
2021-11-07,63273.59,0.0289088480909455,55.7583432686745,86.59,-30.831656731325506,0.0672040261979762,0.0134122309165642,-0.1351679270924883,-26.83347592454618
2021-11-08,67525.83,0.0650421688463713,59.85652407545382,86.69,-26.83347592454618,-0.0085622050110305,-0.0465870615733268,-0.1518078341280663,-24.776942339888663
2021-11-09,66947.66,-0.0085990712768805,59.903057660111344,84.68,-24.776942339888663,-0.0308484269651845,-0.0213384605227427,-0.1369937351059021,-28.037090362005408
2021-11-10,64882.43,-0.0313342572034824,58.32290963799459,86.36,-28.037090362005408,-0.0016671693708142,-0.0196615632306004,-0.1222498910722055,-27.61299697883344
2021-11-11,64774.26,-0.0016685606442103,57.61700302116657,85.23,-27.61299697883344,-0.010066189872335,-0.0727972808952197,-0.1171791078740228,-31.33411263142416
2021-11-12,64122.23,-0.0101171965455318,57.10588736857584,88.44,-31.33411263142416,0.0040199787187686,-0.0589087435043977,-0.1191769219504688,-30.61708670387948
2021-11-13,64380.0,0.0040119201938321,57.12291329612052,87.74,-30.61708670387948,0.0176933830382106,-0.1163153153153152,-0.1674269959614787,-35.66992177102777
2021-11-14,65519.1,0.0175386773160723,51.55007822897223,87.22,-35.66992177102777,-0.0291878246190805,-0.1139646301612812,-0.2497993714809879,-32.66067842413027
2021-11-15,63606.74,-0.0296222636128275,52.37932157586974,85.04,-32.66067842413027,-0.0557782084099891,-0.0613021513128954,-0.2234104436102211,-31.32882462115033
2021-11-16,60058.87,-0.0573941917145322,55.95117537884967,87.28,-31.32882462115033,0.0047619943565371,-0.023924026542624,-0.1601253903045462,-33.97037177098345
2021-11-17,60344.87,0.004750691928607,55.90962822901655,89.88,-33.97037177098345,-0.0572252454931131,-0.0679045294156736,-0.1616694177980664,-31.887679692790563
2021-11-18,56891.62,-0.0589278854245312,58.23232030720944,90.12,-31.887679692790563,0.020400544052006,0.0114190807011647,-0.1128537032343252,-27.851512619606304
2021-11-19,58052.24,0.0201952404606085,57.9284873803937,85.78,-27.851512619606304,0.0285134561560416,-0.015743578542361,-0.1809861255999768,-30.465981931780668
2021-11-20,59707.51,0.02811451330778,54.97401806821933,85.44,-30.465981931780668,-0.0181801250797429,-0.012513501232927,-0.2104755331448254,-31.258221589487995
2021-11-21,58622.02,-0.018347414213866,54.681778410512,85.94,-31.258221589487995,-0.0405110571078921,-0.0835094048277421,-0.1574839966278882,-32.53133278257832
2021-11-22,56247.18,-0.0413544874234942,56.448667217421686,88.98,-32.53133278257832,0.0230071978719643,-0.0271329158190686,-0.1101082756504414,-32.96052157696174
2021-11-23,57541.27,0.0227465229877125,56.94947842303826,89.91,-32.96052157696174,-0.0070033212683695,-0.0046295467583526,-0.1883608060788369,-34.813061799837584
2021-11-24,57138.29,-0.0070279596236954,55.60693820016242,90.42,-34.813061799837584,0.0318887737102386,0.0111651923780007,-0.153924977453823,-32.0197162728466
2021-11-25,58960.36,0.0313908838384089,54.5002837271534,86.52,-32.0197162728466,-0.0887686235294357,-0.0340873088291863,-0.1712231743496817,-23.650173189557023
2021-11-26,53726.53,-0.0929584332118025,62.40982681044298,86.06,-23.650173189557023,0.0185104081726477,0.0643544260163462,-0.1134290638163306,-22.27778642050354
2021-11-27,54721.03,0.0183411757514558,61.44221357949646,83.72,-22.27778642050354,0.0466703568993491,0.0321505278683533,-0.1569749326721372,-23.57071688243507
2021-11-28,57274.88,0.0456140369458521,62.74928311756492,86.32,-23.57071688243507,0.0087537503352255,-0.0641438271018637,-0.1822858467796003,-20.06626624442491
2021-11-29,57776.25,0.0087156583995471,62.783733755575085,82.85,-20.06626624442491,-0.0142911663529564,-0.1492616775924363,-0.1920342701369507,-21.175581063876805
2021-11-30,56950.56,-0.0143942685501055,62.90441893612319,84.08,-21.175581063876805,0.0041002230706774,-0.1326454033112228,-0.1762300493621132,-20.758523377562305
2021-12-01,57184.07,0.004091840063051,62.881476622437695,83.64,-20.758523377562305,-0.0123063993171524,-0.1179025907040195,-0.145043715846039,-23.58080210812591
2021-12-02,56480.34,-0.012382750098007,61.6791978918741,85.26,-23.58080210812591,-0.0509786237122509,-0.1043086851106066,-0.1397332239855495,-20.25210204682554
2021-12-03,53601.05,-0.0523239555597734,64.29789795317446,84.55,-20.25210204682554,-0.0829942697018062,-0.0583917665791995,-0.0515333188435674,-16.745581780794524
2021-12-04,49152.47,-0.0866415577831535,70.54441821920548,87.29,-16.745581780794524,0.0049612969602546,-0.0326917446875,0.0339256602974378,-18.87279217803504
2021-12-05,49396.33,0.0049490302821823,70.51720782196496,89.39,-18.87279217803504,0.0211673620287173,-0.0456671578637521,0.0203118328831313,-16.010528535352464
2021-12-06,50441.92,0.0209464454638685,70.82947146464754,86.84,-16.010528535352464,0.0029148375002379,-0.0208542815182293,0.0066129520842981,-15.884628734152898
2021-12-07,50588.95,0.0029105975984963,70.1153712658471,86.0,-15.884628734152898,-0.0023277810668138,-0.010576420344759,0.0022236081199551,-20.81154688509276
2021-12-08,50471.19,-0.002330494560926,66.34845311490724,87.16,-20.81154688509276,-0.0579657424364277,-0.0746651703674908,-0.0580023970110473,-20.823746483945456
2021-12-09,47545.59,-0.0597136382267212,69.47625351605454,90.3,-20.823746483945456,-0.0085191917904478,0.0167773709401861,-0.0227346006222657,-21.303955390279786
2021-12-10,47140.54,-0.008555687528783,68.67604460972022,89.98,-21.303955390279786,0.0477179514702206,0.036580828306167,-0.0004172629333477,-18.147835727720302
2021-12-11,49389.99,0.0466144194002914,70.5721642722797,88.72,-18.147835727720302,0.0134421974979141,-0.0355863607180321,-0.0642450018718368,-21.612409371700902
2021-12-12,50053.9,0.013352652721007,70.6375906282991,92.25,-21.612409371700902,-0.0669508270084848,-0.0783695176599627,-0.046574792373821,-15.644373102609336
2021-12-13,46702.75,-0.0692973753526391,74.64562689739067,90.29,-15.644373102609336,0.0351270535460974,0.0028206047823737,0.0124924121170595,-16.977137156857083
2021-12-14,48343.28,0.0345241762326719,75.36286284314292,92.34,-16.977137156857083,0.0107915722722993,-0.0343801661782153,-0.039243923871115,-14.594974322103852
2021-12-15,48864.98,0.0107337588163948,74.74502567789615,89.34,-14.594974322103852,-0.0252246087075039,-0.0399226603592184,-0.0620683769849081,-14.216574999290655
2021-12-16,47632.38,-0.0255482024281838,72.56342500070934,86.78,-14.216574999290655,-0.0315159561625936,0.0264001084976228,-0.087781672887225,-11.94059480455492
2021-12-17,46131.2,-0.0320232713999651,73.39940519544508,85.34,-11.94059480455492,0.0152452136514984,0.0532602663706993,-0.0660917123335183,-16.769983709977595
2021-12-18,46834.48,0.0151301731200651,70.66001629002241,87.43,-16.769983709977595,-0.0032721618773177,0.0854996148137012,-0.1124812317762469,-17.512694924238616
2021-12-19,46681.23,-0.0032775271061218,70.31730507576138,87.83,-17.512694924238616,0.0049897999688526,0.0886602602373587,-0.1071413499601446,-17.65822948174491
2021-12-20,46914.16,0.0049773921748109,69.65177051825509,87.31,-17.65822948174491,0.0421135111446095,0.0742952660774487,-0.1076336014542305,-15.206074653261824
2021-12-21,48889.88,0.0412508732374541,70.83392534673818,86.04,-15.206074653261824,-0.0061714203430238,0.0385685135655886,-0.1445573194288879,-13.606759727636032
2021-12-22,48588.16,-0.0061905422711137,69.38324027236396,82.99,-13.606759727636032,0.0463209555578971,0.0434937235738088,-0.1205822570766211,-12.27553564670633
2021-12-23,50838.81,0.0452801594542274,70.71446435329366,82.99,-12.27553564670633,-0.0003699929246966,-0.0648140662615824,-0.1364341533564612,-11.89792104281949
2021-12-24,50820.0,-0.0003700613889668,70.6720789571805,82.57,-11.89792104281949,-0.0082711530893347,-0.0857012987012986,-0.1625322707595434,-11.201199579678118
2021-12-25,50399.66,-0.0083055488691955,69.87880042032188,81.08,-11.201199579678118,0.0074569947495677,-0.0650557960113222,-0.1456299506782388,-18.305116599842712
2021-12-26,50775.49,0.007429328815574,61.95488340015729,80.26,-18.305116599842712,-0.0014583808053845,-0.0897787495502259,-0.1514746583440159,-21.664208217201875
2021-12-27,50701.44,-0.0014594452777345,61.62579178279813,83.29,-21.664208217201875,-0.062280282374623,-0.0587515857537773,-0.1504844832809482,-13.078551538244753
2021-12-28,47543.74,-0.0643041831297982,63.62144846175525,76.7,-13.078551538244753,-0.0226965737234806,-0.0054173272864103,-0.1123622163506697,-16.67866131021519
2021-12-29,46464.66,-0.0229581057839618,64.05133868978481,80.73,-16.67866131021519,0.0141227763207565,-0.0003994433619013,-0.0885089872604254,-16.638656384166055
2021-12-30,47120.87,0.0140239790234345,64.04134361583395,80.68,-16.638656384166055,-0.0191834318848527,-0.0273522114511043,-0.1158904748575312,-11.129065531395938
2021-12-31,46216.93,-0.0193698214926749,64.38093446860407,75.51,-11.129065531395938,0.0325794032619648,-0.0598438710662955,-0.1197833780824472,-5.707981945473847
2022-01-01,47722.65,0.0320599467817787,65.20201805452615,70.91,-5.707981945473847,-0.0091459715669603,-0.0972355893899438,-0.2363100121221265,-9.382446254142684
2022-01-02,47286.18,-0.0091880527435928,62.67755374585732,72.06,-9.382446254142684,-0.0177658673210651,-0.1209592316401958,-0.2583156431752365,-16.674748487824303
2022-01-03,46446.1,-0.0179255747295972,55.265251512175695,71.94,-16.674748487824303,-0.0132215621979024,-0.1026213180439261,-0.2196427687147036,-17.086966328504936
2022-01-04,45832.01,-0.0133097451918317,55.43303367149506,72.52,-17.086966328504936,-0.0519479726069183,-0.0865637356947687,-0.200114723312375,-17.625547673674276
2022-01-05,43451.13,-0.0533458970167032,58.01445232632573,75.64,-17.625547673674276,-0.008488156694659,-0.0374821092109687,-0.1494278744879591,-15.108273975804366
2022-01-06,43082.31,-0.0085243862571746,58.08172602419563,73.19,-15.108273975804366,-0.0351845107655554,-0.0081940824435828,-0.1456043095182222,-14.455292381795251
2022-01-07,41566.48,-0.0358183987906099,59.404707618204746,73.86,-14.455292381795251,0.0027247917071639,0.056203460095731,-0.1060080141498631,-15.918369454345816
2022-01-08,41679.74,0.0027210861918856,55.64163054565419,71.56,-15.918369454345816,0.0044357282459057,0.0211222526819985,-0.095086485664258,-17.917013620349522
2022-01-09,41864.62,0.0044259193989263,55.58298637965048,73.5,-17.917013620349522,-0.001006339004152,0.0285525104491572,-0.088327088601306,-20.94718526092204
2022-01-10,41822.49,-0.0010068457032168,53.15281473907796,74.1,-20.94718526092204,0.0216821140969847,0.030170370056876,-0.0942251405882336,-21.89560812331944
2022-01-11,42729.29,0.021450400439678,53.47439187668056,75.37,-21.89560812331944,0.0274605545750936,0.0080125365996017,-0.099753354198022,-23.183453687685017
2022-01-12,43902.66,0.0270902769434108,48.626546312314986,71.81,-23.183453687685017,-0.030580151635459,-0.0387457160910068,-0.1186276640185357,-19.16871441711364
2022-01-13,42560.11,-0.0310574808840993,48.34128558288637,67.51,-19.16871441711364,0.0117445655098165,-0.004886970451909,-0.133076488759075,-16.762145893987217
2022-01-14,43059.96,0.0116761333829025,48.36785410601278,65.13,-16.762145893987217,0.0005650260706233,-0.0325116419058447,-0.1334964082641971,-15.409753863125609
2022-01-15,43084.29,0.0005648665034966,47.5402461368744,62.95,-15.409753863125609,-0.00029314629532,-0.0557832100749483,-0.0350485060795942,-16.010503984306453
2022-01-16,43071.66,-0.0002931892710942,46.209496015693546,62.22,-16.010503984306453,-0.0201998251286344,-0.1538447786781379,-0.0392153448462401,-18.774310879955067
2022-01-17,42201.62,-0.0204066313010858,46.45568912004494,65.23,-18.774310879955067,0.0035662138088536,-0.1689555993348124,0.0042474672773225,-20.81178298821458
2022-01-18,42352.12,0.0035598699462948,46.458217011785415,67.27,-20.81178298821458,-0.016341802960513,-0.1442093099471761,0.0351309450388785,-19.179850526248032
2022-01-19,41660.01,-0.0164768030058258,46.78014947375196,65.96,-19.179850526248032,-0.0235021547042355,-0.1200110129594305,0.0572006583771822,-19.96122904776492
2022-01-20,40680.91,-0.0237827352261948,45.27877095223508,65.24,-19.96122904776492,-0.1041176315869041,-0.0915070483919854,0.0907504281492228,-18.50218900553299
2022-01-21,36445.31,-0.109946159879111,59.29781099446701,77.8,-18.50218900553299,-0.0376973059084968,0.0099883908244984,0.1934440947271405,-22.293713779335164
2022-01-22,35071.42,-0.0384262269858507,58.70628622066484,81.0,-22.293713779335164,0.0334497434093059,0.0595550451051027,0.2082125559786289,-17.472574590142713
2022-01-23,36244.55,0.0329024713901343,59.81742540985729,77.29,-17.472574590142713,0.0114720695939112,0.0406132784101331,0.1648060191118388,-18.71043649658651
2022-01-24,36660.35,0.0114067643862018,59.87956350341349,78.59,-18.71043649658651,0.0081278547531598,0.0410931701415835,0.1471156167357923,-21.369938688575463
2022-01-25,36958.32,0.0080950016385566,59.89006131142454,81.26,-21.369938688575463,-0.0040310273843616,0.0249859842114035,0.1509164918751719,-20.485532062539207
2022-01-26,36809.34,-0.0040391738751032,59.9044679374608,80.39,-20.485532062539207,0.0095291032113045,0.0450309622503419,0.2101510105859003,-24.494751845602977
2022-01-27,37160.1,0.0094839876878423,55.645248154397024,80.14,-24.494751845602977,0.0149746636849739,0.0412940223519311,0.1806631306159025,-19.460454572173127
2022-01-28,37716.56,0.0148636502954723,55.30954542782687,74.77,-19.460454572173127,0.0119385224951586,-0.0217464158979503,0.0742151458139341,-19.931890966198203
2022-01-29,38166.84,0.0118678204974371,55.2481090338018,75.18,-19.931890966198203,-0.0074693110564038,-0.0224076711616679,0.0473604836030441,-19.42424110728673
2022-01-30,37881.76,-0.0074973460488602,54.89575889271327,74.32,-19.42424110728673,0.0154464840070789,0.0974740877931752,0.0580070725330605,-16.980026459809466
2022-01-31,38466.9,0.0153284014936499,54.00997354019053,70.99,-16.980026459809466,0.0059191148753863,0.0757973738460857,-0.0020799700521747,-17.855911071071823
2022-02-01,38694.59,0.0059016657367129,53.95408892892818,71.81,-17.855911071071823,-0.046472388000493,0.0952660307293604,-0.0435830952078828,-18.897729754081222
2022-02-02,36896.36,-0.0475868957877958,56.10227024591877,75.0,-18.897729754081222,0.0112544977336517,0.1881928190206296,0.0361545149711246,-18.094030981160053
2022-02-03,37311.61,0.0111916370777332,56.04596901883995,74.14,-18.094030981160053,0.1142443330641589,0.1804097973794214,-0.0016509606527297,-5.18867734039506
2022-02-04,41574.25,0.108176446956934,64.95132265960494,70.14,-5.18867734039506,-0.004610065124446,0.0673125793008893,-0.0781021906588814,-2.466755831738169
2022-02-05,41382.59,-0.0046207242467869,64.90324416826184,67.37,-2.466755831738169,0.0241231880363217,0.0510564950139662,-0.0522785064927061,-6.460192376353973
2022-02-06,42380.87,0.0238368201984735,64.22980762364602,70.69,-6.460192376353973,0.0344287410805865,-0.000168472237592,-0.0770194193748264,-3.880916983170764
2022-02-07,43839.99,0.0338493333568956,65.29908301682924,69.18,-3.880916983170764,0.0046304755087762,-0.03700092084875,-0.1400757618785952,-4.969283258987261
2022-02-08,44042.99,0.0046197878370261,65.30071674101274,70.27,-4.969283258987261,0.0074865489377538,-0.0451679143491392,-0.0200483663802116,-4.458421686286712
2022-02-09,44372.72,0.0074586638193073,65.35157831371329,69.81,-4.458421686286712,-0.0197707059652867,-0.0413943522055894,0.0010925631784572,-5.515572083424004
2022-02-10,43495.44,-0.0199687611802417,65.294427916576,70.81,-5.515572083424004,-0.0257891401949261,0.0241271268896232,0.0091398086787948,-7.09332525236475
2022-02-11,42373.73,-0.0261275102636211,65.24667474763525,72.34,-7.09332525236475,-0.003678222332563,0.03539527910335,0.0018943340602772,-6.966095364863975
2022-02-12,42217.87,-0.003685003626171,64.35390463513602,71.32,-6.966095364863975,-0.0038895851448687,-0.0403187086416251,-0.0726993095577772,-8.810714236999587
2022-02-13,42053.66,-0.0038971692535803,64.23928576300041,73.05,-8.810714236999587,0.0114682051455212,-0.0494420699648973,-0.0631502703926365,-7.79800048400277
2022-02-14,42535.94,0.0114029437609088,64.36199951599723,72.16,-7.79800048400277,0.0472287670144353,-0.0577575104723206,-0.0967447762997597,-4.245777990289568
2022-02-15,44544.86,0.0461474056472828,66.34422200971044,70.59,-4.245777990289568,-0.015070201141052,-0.1382419879644925,-0.1471967809529539,-1.8964089349410784
2022-02-16,43873.56,-0.0151849105438506,66.17359106505891,68.07,-1.8964089349410784,-0.07653493356819,-0.1564814890790716,-0.1172216250516255,0.2146787289554339
2022-02-17,40515.7,-0.079622307419647,71.75467872895544,71.54,0.2146787289554339,-0.0133592656673831,-0.0564070224628969,0.0351964793894712,2.847826170212272
2022-02-18,39974.44,-0.0134493034485351,71.67782617021227,68.83,2.847826170212272,0.0026199241315199,-0.0681543005980821,-0.0138198308719271,3.4820139125573064
2022-02-19,40079.17,0.0026164981129269,71.2020139125573,67.72,3.4820139125573064,-0.0422234292776022,-0.0437124820698632,-0.0336733520180183,-12.069877055255157
2022-02-20,38386.89,-0.0431407529280498,61.85012294474485,73.92,-12.069877055255157,-0.0359166892655278,0.0216813604853114,0.0109534791695811,-15.976404858537776
2022-02-21,37008.16,-0.0365775661820244,61.71359514146222,77.69,-15.976404858537776,0.0330243384161763,0.0569755426911253,0.0207840649197363,-13.532950274793286
2022-02-22,38230.33,0.0324907507662171,61.68704972520671,75.22,-13.532950274793286,-0.0256424676428375,-0.0138962964745531,0.0376936322548091,-11.55811848843291
2022-02-23,37250.01,-0.0259769663535837,62.22188151156709,73.78,-11.55811848843291,0.0289181130421172,0.1586574070718369,0.0545052202670548,-16.93186098912416
2022-02-24,38327.21,0.0285078745231434,62.94813901087584,79.88,-16.93186098912416,0.0232722392263877,0.1589990505439869,0.072710484274749,-7.998089037537078
2022-02-25,39219.17,0.0230055700671098,63.44191096246292,71.44,-7.998089037537078,-0.0026122429413982,0.1191715683937217,0.0433137672214889,-9.127826438719431
2022-02-26,39116.72,-0.0026156608014754,63.36217356128056,72.49,-9.127826438719431,-0.0362415355888735,0.0853159467358204,0.0675105172417318,-16.20095916202237
2022-02-27,37699.07,-0.0369145713560052,64.44904083797763,80.65,-16.20095916202237,0.1448558280084892,0.0384516116710571,0.1194209830640384,2.2989346285226304
2022-02-28,43160.0,0.1352787146752529,79.76893462852263,77.47,2.2989346285226304,0.0292215013901759,-0.0871649675625579,-0.0439733549582946,3.366568460726328
2022-03-01,44421.2,0.0288026925696246,80.35656846072632,76.99,3.366568460726328,-0.0118911690814293,-0.1350794215374641,-0.0769666285467298,6.486996384567036
2022-03-02,43892.98,-0.0119624345490484,80.28699638456703,73.8,6.486996384567036,-0.0327838301249995,-0.134531307739871,-0.0348313101548358,7.398389523233362
2022-03-03,42454.0,-0.0333332615882579,81.09838952323337,73.7,7.398389523233362,-0.0778569746078107,-0.0877036321665803,0.0100994017053752,4.986074771919434
2022-03-04,39148.66,-0.0810549423019875,84.26607477191943,79.28,4.986074771919434,0.0063680340527618,0.0713447152469586,0.123702829164523,6.814719862223143
2022-03-05,39397.96,0.0063478437934202,84.20471986222314,77.39,6.814719862223143,-0.0248020455881472,0.0006101838775409,0.1247577285727485,-3.934673845793768
2022-03-06,38420.81,-0.0251147984261219,75.78532615420623,79.72,-3.934673845793768,-0.0112649889473959,0.0080362699276772,0.1585198229813478,-4.828838275254498
2022-03-07,37988.0,-0.0113289195068569,75.8711617247455,80.7,-4.828838275254498,0.0195490681267767,0.0215689164999473,0.2326987469727282,-5.214038559706268
2022-03-08,38730.63,0.0193604394737655,75.71596144029374,80.93,-5.214038559706268,0.0829080239593313,-0.0246133357500252,0.2166652078729418,-1.226713125747409
2022-03-09,41941.71,0.0796500373203137,79.7832868742526,81.01,-1.226713125747409,-0.0600764727999884,-0.0541308401588775,0.1309696242713995,2.512669147235925
2022-03-10,39422.0,-0.0619567610700479,82.64266914723592,80.13,2.512669147235925,-0.0175645578610927,-0.0035936786565876,0.1939523616254883,3.1026515627326745
2022-03-11,38729.57,-0.0177206451442286,82.83265156273268,79.73,3.1026515627326745,0.0020085428265792,0.0615661366754136,0.1750799195550065,1.4122513470923508
2022-03-12,38807.36,0.002006528401358,82.54225134709235,81.13,1.4122513470923508,-0.0265418724695523,0.0543850444864066,0.1926472194965078,0.1024540858370528
2022-03-13,37777.34,-0.0269004673903178,82.57245408583705,82.47,0.1024540858370528,0.0501366692308142,0.1053586620974373,0.2126581702152667,1.8773566311879928
2022-03-14,39671.37,0.0489203168714056,84.307356631188,82.43,1.8773566311879928,-0.0098569825040073,0.0637679011337393,0.1697944890736062,2.387181099760312
2022-03-15,39280.33,-0.0099058841699839,84.36718109976032,81.98,2.387181099760312,0.0466816342938054,0.0504522237975086,0.1858482349817325,3.972844298708196
2022-03-16,41114.0,0.0456248114305101,85.7628442987082,81.79,3.972844298708196,-0.0047696648343629,-0.0027180522449773,0.1066193997178577,9.075251062999754
2022-03-17,40917.9,-0.0047810759850474,84.25525106299976,75.18,9.075251062999754,0.0205193814931852,0.0353446780015591,0.055050967913798,13.636543074656302
2022-03-18,41757.51,0.0203116952414414,84.3865430746563,70.75,13.636543074656302,0.010623717745622,0.026947248530863,0.0403922551895454,8.110572778177172
2022-03-19,42201.13,0.0105676825747715,79.77057277817717,71.66,8.110572778177172,-0.0222510629454708,0.0424237455252975,0.0012056549196668,7.348394056230077
2022-03-20,41262.11,-0.0225023524813114,80.01839405623008,72.67,7.348394056230077,-0.0062977874859041,0.0739431405713377,0.0361556885966325,8.243529253509323
2022-03-21,41002.25,-0.006317702205992,80.04352925350932,71.8,8.243529253509323,0.0332147626044911,0.0855811571316207,0.0282082080861416,8.248205002820512
2022-03-22,42364.13,0.0326750703725588,79.43820500282051,71.19,8.248205002820512,0.0122421964053081,0.1053634289197018,-0.0668886626492742,8.941729144135564
2022-03-23,42882.76,0.0121678667429053,78.52172914413556,69.58,8.941729144135564,0.0258542127419036,0.0988614072415114,-0.0654766624163183,12.738040613307646
2022-03-24,43991.46,0.0255256438082847,78.20804061330765,65.47,12.738040613307646,0.0073127829810604,0.0782729193347981,-0.064641409946385,15.31294186597681
2022-03-25,44313.16,0.0072861742275436,77.72294186597681,62.41,15.31294186597681,0.0044706809444416,0.0621673110200218,-0.098633904691067,10.479923786945136
2022-03-26,44511.27,0.004460717136023,77.09992378694514,66.62,10.479923786945136,0.0520427747849028,0.022445326767805,-0.0889520788780009,10.076665504133842
2022-03-27,46827.76,0.0507337739308275,78.69666550413385,68.62,10.076665504133842,0.0062879368989674,-0.0116228066428973,-0.1377185242258011,15.681745136017575
2022-03-28,47122.21,0.0062682503060158,78.72174513601757,63.04,15.681745136017575,0.0066336022864803,-0.0278257322820809,-0.1579741272745908,15.655806494801505
2022-03-29,47434.8,0.0066116967684651,77.6958064948015,62.04,15.655806494801505,-0.0077329302537378,-0.0216602578697496,-0.1398481705414591,-0.6546438904102132
2022-03-30,47067.99,-0.0077629843968783,61.785356109589785,62.44,-0.6546438904102132,-0.0330936162772194,-0.0103569325989912,-0.1184416415487468,-2.027059217227624
2022-03-31,45510.34,-0.033653599256926,62.082940782772376,64.11,-2.027059217227624,0.0169884470210506,-0.000281035035115,-0.0912353104810905,2.680636171520014
2022-04-01,46283.49,0.016845757140592,62.22063617152001,59.54,2.680636171520014,-0.0102086078642729,-0.0672598371471122,-0.1253898528395329,1.9693491677431112
2022-04-02,45811.0,-0.0102610730714463,61.22934916774311,59.26,1.9693491677431112,0.0130176158564536,-0.051664665691646,-0.1331955207264631,-4.97186127832083
2022-04-03,46407.35,0.0129336149045398,54.49813872167917,59.47,-4.97186127832083,0.003731305493634,-0.0895405576918311,-0.1501001457743224,-6.071365232963451
2022-04-04,46580.51,0.0037243614415168,54.46863476703655,60.54,-6.071365232963451,-0.0232492087355848,-0.0821489502798488,-0.1530764691069291,-8.497863633615879
2022-04-05,45497.55,-0.0235237349480631,54.38213636638413,62.88,-8.497863633615879,-0.0511473694737408,-0.0733819733150467,-0.111466881183712,-8.803445261957144
2022-04-06,43170.47,-0.0525017816550028,57.24655473804285,66.05,-8.803445261957144,0.0063404452163713,-0.0843173586018406,-0.1171592526094804,-4.850418853466202
2022-04-07,43444.19,0.0063204291562023,56.8895811465338,61.74,-4.850418853466202,-0.0274416440955626,-0.077553523267438,-0.0968707208029427,-11.605863252970138
2022-04-08,42252.01,-0.027825199218427,50.58413674702986,62.19,-11.605863252970138,0.0118801448735812,-0.0261341413106738,-0.0594040378197392,-13.79952207137623
2022-04-09,42753.97,0.0118101299320372,45.92047792862377,59.72,-13.79952207137623,-0.0139196430179466,-0.0657620801062451,-0.0972508517922429,-15.315489146433087
2022-04-10,42158.85,-0.0140174297468784,45.76451085356691,61.08,-15.315489146433087,-0.0623451541016892,-0.0381165520406746,-0.1074044951415893,-17.30864743555057
2022-04-11,39530.45,-0.0643733658182636,50.97135256444943,68.28,-17.30864743555057,0.0137739388243747,0.0214583947311504,-0.0268678955083991,-14.893016189703047
2022-04-12,40074.94,0.0136799402987624,50.32698381029695,65.22,-14.893016189703047,0.0267710943547263,-0.0099019486991122,-0.0386720479182252,-15.375655730184503
2022-04-13,41147.79,0.0264190184253026,48.23434426981549,63.61,-15.375655730184503,-0.0292946474160581,-0.0084247537960119,-0.0830868437891805,-12.884476261249816
2022-04-14,39942.38,-0.0297323041306666,49.215523738750186,62.1,-12.884476261249816,0.015259982004077,0.0388259287503649,-0.0063186019461033,-13.529866982808478
2022-04-15,40551.9,0.0151447196010202,46.87013301719152,60.4,-13.529866982808478,-0.0042708233153071,0.0198829154737509,-0.098612642071025,-14.185760590255567
2022-04-16,40378.71,-0.00427996933117,46.86423940974443,61.05,-14.185760590255567,-0.0173504799930457,0.0025087478029883,-0.1081000358852475,-16.863843326297875
2022-04-17,39678.12,-0.0175027636042262,46.72615667370213,63.59,-16.863843326297875,0.0283030042754039,0.0007827991850419,-0.1059962014329308,-15.88302611697666
2022-04-18,40801.13,0.0279098748430257,47.58697388302334,63.47,-15.88302611697666,0.0169615400357785,-0.0333208908674833,-0.1657485956884036,-15.159560323426431
2022-04-19,41493.18,0.0168192992773752,47.30043967657357,62.46,-15.159560323426431,-0.0032533057239767,-0.0492382121592031,-0.2751505187117496,-14.927251564911188
2022-04-20,41358.19,-0.0032586092287824,47.26274843508881,62.19,-14.927251564911188,-0.0212335210994485,-0.022537494991923,-0.2500372961195837,-17.035151563543778
2022-04-21,40480.01,-0.021462195138858,46.47484843645622,63.51,-17.035151563543778,-0.0190422383788937,-0.0584821989915516,-0.2810293278089606,-14.356016896719524
2022-04-22,39709.18,-0.0192258767952012,46.76398310328048,61.12,-14.356016896719524,-0.0067384922075953,-0.011923187534973,-0.268941086166977,-15.37088888800652
2022-04-23,39441.6,-0.0067612983566554,45.969111111993485,61.34,-15.37088888800652,0.0002162691168714,0.0076180986572553,-0.2574578617500304,-16.721135252743828
2022-04-24,39450.13,0.0002162457340772,45.89886474725617,62.62,-16.721135252743828,0.0247388284905525,-0.0216480908934899,-0.2373475068396479,-18.912258875656093
2022-04-25,40426.08,0.0244377786503293,46.6577411243439,65.57,-18.912258875656093,-0.0572261767650982,-0.0691454625330973,-0.2250327016618974,-18.96487490525365
2022-04-26,38112.65,-0.058928873224046,47.81512509474635,66.78,-18.96487490525365,0.0294671191848374,0.0093328592999961,-0.2161654988566789,-16.26255729618577
2022-04-27,39235.72,0.029041308349954,48.82744270381424,65.09,-16.26255729618577,0.0129053321820014,-0.018110028310937,-0.2240506864663118,-14.022398959210484
2022-04-28,39742.07,0.0128227679696394,48.97760104078952,63.0,-14.022398959210484,-0.0288349348687675,-0.050654633742027,-0.2774578676953666,-10.583723235010147
2022-04-29,38596.11,-0.0292588301525011,49.95627676498985,60.54,-10.583723235010147,-0.0250105515814935,0.0283419753959659,-0.2144485545304955,-12.875282044423258
2022-04-30,37630.8,-0.0253286301777147,49.35471795557674,62.23,-12.875282044423258,0.0222570341316155,-0.028642229237752,-0.2240130425077331,-12.838409827500612
2022-05-01,38468.35,0.0220129612676668,49.601590172499385,62.44,-12.838409827500612,0.0014767984589929,-0.0638077796422253,-0.2345639987158273,-12.945031924535378
2022-05-02,38525.16,0.0014757090645608,49.47496807546462,62.42,-12.945031924535378,-0.0206672730236553,-0.0792409428020546,-0.2136582949947516,-15.115549646585356
2022-05-03,37728.95,-0.0208838300694292,49.80445035341464,64.92,-15.115549646585356,0.0519773277549469,-0.0978174584768459,-0.2284664693822646,-7.748306217680756
2022-05-04,39690.0,0.0506715625195411,52.83169378231924,60.58,-7.748306217680756,-0.0790382968002015,-0.2422194507432602,-0.2528450491307633,-3.559177303300117
2022-05-05,36552.97,-0.082336825350552,59.570822696699885,63.13,-3.559177303300117,-0.0147511953201068,-0.1514478850829358,-0.1917989153822521,-5.267362308756191
2022-05-06,36013.77,-0.0148610761227884,56.92263769124381,62.19,-5.267362308756191,-0.0150325833701941,-0.1918663333497159,-0.1891615346019036,-7.745228643956182
2022-05-07,35472.39,-0.0151467179208379,57.12477135604382,64.87,-7.745228643956182,-0.0404255253170141,-0.1816240743857405,-0.1928990406341383,-10.484771154210913
2022-05-08,34038.4,-0.041265348325587,58.10522884578909,68.59,-10.484771154210913,-0.1164005946225439,-0.1395879359781894,-0.1471006275265581,-12.643111526133085
2022-05-09,30076.31,-0.1237514803908422,72.26688847386691,84.91,-12.643111526133085,0.0312801005176497,0.000346784562335,-0.0202222280592268,-8.712666025236913
2022-05-10,31017.1,0.0308008466215324,72.89733397476309,81.61,-8.712666025236913,-0.0616808147763653,0.0100521970139053,0.0231201498528232,-28.428382293847733
2022-05-11,29103.94,-0.0636651051045502,72.82161770615227,101.25,-28.428382293847733,-0.0025491393948722,0.0264593041354537,0.0926713015488625,-41.909429369670846
2022-05-12,29029.75,-0.0025523939828082,72.67057063032915,114.58,-41.909429369670846,0.00886332124803,0.0487493002867747,0.0267339539610227,-27.51038647781936
2022-05-13,29287.05,0.0088242725805584,72.14961352218064,99.66,-27.51038647781936,0.0273052424194311,-0.0195215974295805,0.0397981360362345,-21.553977066798023
2022-05-14,30086.74,0.0269391043317336,72.01602293320197,93.57,-21.553977066798023,0.0412856294832872,0.0077273243960627,-0.0128471878309183,-19.1448263307564
2022-05-15,31328.89,0.0404561319046455,73.1951736692436,92.34,-19.1448263307564,-0.0464389258604438,-0.0679206955624665,-0.0467571624784662,-21.333913708304763
2022-05-16,29874.01,-0.0475518034081956,75.03608629169524,96.37,-21.333913708304763,0.0191109261863406,-0.0143586348133376,0.0015130208498959,-16.381750939928622
2022-05-17,30444.93,0.0189306062024952,75.07824906007137,91.46,-16.381750939928622,-0.0568111012244074,-0.0049594464497044,0.0304868495345529,-23.4007340122438
2022-05-18,28715.32,-0.0584886995742189,77.1892659877562,100.59,-23.4007340122438,0.0558555502776914,0.0137149786246506,0.0839276734509664,-11.84350718637134
2022-05-19,30319.23,0.0543513864177695,79.26649281362866,91.11,-11.84350718637134,-0.0368815434956626,-0.0219217308618984,-0.0037751618362339,-8.225081508319548
2022-05-20,29201.01,-0.0375788669561836,80.33491849168045,88.56,-8.225081508319548,0.0083575876313868,0.0116824726268029,0.0311263206306906,-4.081983011643857
2022-05-21,29445.06,0.0083228563747151,80.03801698835615,84.12,-4.081983011643857,0.0288292840972304,-0.0082767703648762,-0.011994541699015,-2.1196550117701207
2022-05-22,30293.94,0.0284215384207963,80.37034498822987,82.49,-2.1196550117701207,-0.0391098021584513,-0.0549330988309872,-0.0617034297948697,-1.007934778399246
2022-05-23,29109.15,-0.0398951347692112,81.53206522160076,82.54,-1.007934778399246,0.0187374073100725,-0.0026733862033071,-0.0870729650298961,-0.4812409766320371
2022-05-24,29654.58,0.0185640245739104,81.78875902336796,82.27,-0.4812409766320371,-0.0037913199242747,-0.0062884046916193,-0.2416884676835754,-1.2158565218803972
2022-05-25,29542.15,-0.0037985251950821,81.3541434781196,82.57,-1.2158565218803972,-0.0115360594946543,0.0742014376069446,-0.2506838534094506,-2.81137411955406
2022-05-26,29201.35,-0.0116031160400314,78.81862588044594,81.63,-2.81137411955406,-0.0195727252335936,0.0890263635071666,-0.2266206870572763,-6.251529735975907
2022-05-27,28629.8,-0.0197668076759755,78.46847026402409,84.72,-6.251529735975907,0.0140248971351528,0.0410771294245857,-0.2874099714283717,-2.4186236419966463
2022-05-28,29031.33,0.0139274582552866,78.49137635800335,80.91,-2.4186236419966463,0.015044780931497,0.0489571094400427,-0.2949406727146155,-3.200834078401485
2022-05-29,29468.1,0.0149327306648619,77.99916592159852,81.2,-3.200834078401485,0.0769007842378708,0.0078766530587313,-0.3562262242899948,6.302318946665281
2022-05-30,31734.22,0.0740872715889181,81.69231894666528,75.39,6.302318946665281,0.002105613435591,-0.0589325970513848,-0.3516777787511399,8.273985457888969
2022-05-31,31801.04,0.0021033997385364,81.33398545788897,73.06,8.273985457888969,-0.0627404009428622,-0.0591751087385822,-0.3530434853702898,9.66419495125102
2022-06-01,29805.83,-0.0647949816931547,84.41419495125102,74.75,9.66419495125102,0.0217001170576358,0.0525826658744277,-0.3047158894753141,11.002023156282064
2022-06-02,30452.62,0.02146802118667,84.43202315628207,73.43,11.002023156282064,-0.0247075621079565,0.0220903817142827,-0.3436364424473164,11.691232331168491
2022-06-03,29700.21,-0.0250179166566577,83.02123233116849,71.33,11.691232331168491,0.0055161226132744,0.0169884320683255,-0.2892262377942781,6.959095650668772
2022-06-04,29864.04,0.0055009645259624,77.91909565066877,70.96,6.959095650668772,0.0018473722912237,0.0082336482270986,-0.2888540867210197,5.709145637422253
2022-06-05,29919.21,0.0018456679976862,77.74914563742226,72.04,5.709145637422253,0.0485938632737963,-0.0276521338631601,-0.2816925981668634,10.80551133160597
2022-06-06,31373.1,0.0474500888349519,79.31551133160598,68.51,10.80551133160597,-0.0078975300496284,-0.0939785995008462,-0.3294232957533682,6.537560175297315
2022-06-07,31125.33,-0.0079288807110227,78.04756017529732,71.51,6.537560175297315,-0.0295759113236711,-0.1462088916005067,-0.3335794351417318,-5.837814266250874
2022-06-08,30204.77,-0.0300220982099308,65.86218573374913,71.7,-5.837814266250874,-0.0031399014129225,-0.2555013661749452,-0.3285401610407892,-7.580719466360321
2022-06-09,30109.93,-0.0031448412464677,64.98928053363967,72.57,-7.580719466360321,-0.0338111048414924,-0.2648136345717177,-0.3316819401439991,-10.305297250399228
2022-06-10,29091.88,-0.0343959202434377,62.24470274960077,72.55,-10.305297250399228,-0.0229335470928657,-0.223710533660939,-0.314509409498458,-12.287752445589533
2022-06-11,28424.7,-0.0232006119472735,62.76224755441047,75.05,-12.287752445589533,-0.0650902208290677,-0.282268238539017,-0.3217237121236108,-27.05140609336084
2022-06-12,26574.53,-0.0673052472144992,66.93859390663916,93.99,-27.05140609336084,-0.153798392671479,-0.2297583437976136,-0.275516443752721,-17.764260061929235
2022-06-13,22487.41,-0.1669976412315109,88.23573993807076,106.0,-17.764260061929235,-0.015608733953799,-0.1563817264860648,-0.1410380297241877,-15.817292407756511
2022-06-14,22136.41,-0.0157318328672523,87.27270759224349,103.09,-15.817292407756511,0.0202069802646409,-0.0705810020685377,-0.085817890073413,-3.184253552999465
2022-06-15,22583.72,0.0200055285384097,85.96574644700054,89.15,-3.184253552999465,-0.0966364265940243,-0.0889946386157817,-0.1066206098906645,-26.89674774232995
2022-06-16,20401.31,-0.1016301782416361,92.75325225767006,119.65,-26.89674774232995,0.0033086110646816,0.0157935936466824,0.0079994863074968,-18.18088252845814
2022-06-17,20468.81,0.0033031496542327,90.48911747154186,108.67,-18.18088252845814,-0.073185495395189,-0.0234903738908124,0.0564844756485598,-22.66307535689248
2022-06-18,18970.79,-0.0760018363469714,92.36692464310752,115.03,-22.66307535689248,0.0845093957605349,0.1127702114672082,0.1383158002381554,-14.258930389373702
2022-06-19,20574.0,0.0811277149268706,95.7110696106263,109.97,-14.258930389373702,-5.346553903051721e-06,0.0322586759988334,0.0494716632643141,-3.602968024491659
2022-06-20,20573.89,-5.346568195921985e-06,95.66703197550834,99.27,-3.602968024491659,0.0072728103435957,0.0445856374268551,0.0140265161328267,-2.77444671465338
2022-06-21,20723.52,0.0072464909918425,95.1855532853466,97.96,-2.77444671465338,-0.035492522505829,0.0151784059850836,-0.0366689635737558,-4.757206653451874
2022-06-22,19987.99,-0.0361376939508315,95.00279334654812,99.76,-4.757206653451874,0.056140712497855,0.0377511695773311,-0.0329818055742474,5.217785164568454
2022-06-23,21110.13,0.0546214268784678,96.67778516456843,91.46,5.217785164568454,0.0060425966112003,-0.0392626667860406,-0.0414616110843467,6.031542324470038
2022-06-24,21237.69,0.0060244133369918,96.69154232447003,90.66,6.031542324470038,0.0119363264083804,-0.0524859342047087,-0.0305518161344288,10.035418654058716
2022-06-25,21491.19,0.0118656503170236,96.69541865405871,86.66,10.035418654058716,-0.0210839883691875,-0.0720751154310207,-0.0307637687815331,6.47527491165468
2022-06-26,21038.07,-0.0213094300901077,96.73527491165468,90.26,6.47527491165468,-0.0140464405717823,-0.0835756321753848,0.007487854161527,7.649133508362212
2022-06-27,20742.56,-0.0141460254601218,96.73913350836222,89.09,7.649133508362212,-0.0222378529940373,-0.0718209324210704,0.0026804791693983,9.416781877746558
2022-06-28,20281.29,-0.0224888419964654,96.91678187774656,87.5,9.416781877746558,-0.0078042373044319,-0.047603480843674,0.1060726413359307,2.077910829390646
2022-06-29,20123.01,-0.0078348497395383,93.44791082939064,91.37,2.077910829390646,-0.0089847393605628,0.005650248148761,0.1626799370471912,-0.6419554504376492
2022-06-30,19942.21,-0.0090253455381861,93.49804454956237,94.14,-0.6419554504376492,-0.033216479016117,0.0117148500592463,0.164529909172554,-1.4827427873329384
2022-07-01,19279.8,-0.0337806752051056,91.48725721266706,92.97,-1.4827427873329384,-0.0013999107874561,0.0666350273343083,0.2008521872633533,-1.048402272200164
2022-07-02,19252.81,-0.0014008915780156,91.18159772779984,92.23,-1.048402272200164,0.0032732884186776,0.123211624692707,0.1782607318100579,-1.2997824248763976
2022-07-03,19315.83,0.0032679428719761,90.7702175751236,92.07,-1.2997824248763976,0.0476748863496934,0.1179819867952864,0.1623145368332605,5.202486961594062
2022-07-04,20236.71,0.0465733148209915,92.19248696159406,86.99,5.202486961594062,-0.0030083941510253,0.066963454039713,0.1157782070306883,6.116229065793604
2022-07-05,20175.83,-0.0030129284649952,92.1962290657936,86.08,6.116229065793604,0.0192646349617338,0.0340328006332328,0.0562588998816901,8.692342913254947
2022-07-06,20564.51,0.0190814211736067,90.94234291325496,82.25,8.692342913254947,0.0515679683104532,-0.0292202440028961,0.0335607315710415,11.226846807186718
2022-07-07,21624.98,0.0502823534538491,92.57684680718673,81.35,11.226846807186718,-0.0013979203680187,-0.1061841444477635,0.0613859527268927,13.593962080033336
2022-07-08,21594.75,-0.0013988983702488,91.98396208003334,78.39,13.593962080033336,-0.0001352180506835,-0.0629727132752173,0.1041077113650308,18.42743320093412
2022-07-09,21591.83,-0.0001352271934683,91.97743320093412,73.55,18.42743320093412,-0.0337794434283708,-0.0464522923716981,0.1010530371904556,16.115942965147724
2022-07-10,20862.47,-0.0343631513982055,91.97594296514772,75.86,16.115942965147724,-0.0430850230102188,-0.0015544659860505,0.1333034870751162,12.378158027359843
2022-07-11,19963.61,-0.044040734746846,92.89815802735984,80.52,12.378158027359843,-0.0318008616678046,0.0617117845920651,0.1667889725355282,4.726915973278693
2022-07-12,19328.75,-0.0323174914457519,90.58691597327868,85.86,4.726915973278693,0.0468793895104442,0.0760219879712862,0.2038031429864837,-9.698080337121482
2022-07-13,20234.87,0.0458137289877042,71.19191966287852,80.89,-9.698080337121482,0.0174930701309177,0.1086100380185295,0.1360483165940775,-10.112594214331992
2022-07-14,20588.84,0.0173418276292754,71.237405785668,81.35,-10.112594214331992,0.0117150844826614,0.1363738802186038,0.1082882765614769,-7.688882621621147
2022-07-15,20830.04,0.0116469941538032,71.01111737837886,78.7,-7.688882621621147,0.0175496542493436,0.1148946425450934,0.0860747266927954,-20.16164018066184
2022-07-16,21195.6,0.0173974373889749,61.82835981933816,81.99,-20.16164018066184,-0.0187510615410745,0.0923111400479343,0.0998707278869199,-19.120770928691464
2022-07-17,20798.16,-0.0189290917114029,62.16922907130854,81.29,-19.120770928691464,0.078584836350908,0.0907133131007744,0.1036654204025739,-21.27302590817444
2022-07-18,22432.58,0.0756498451821771,62.11697409182556,83.39,-21.27302590817444,0.0429749944054582,0.0008242475898891,0.0330684210197844,-25.688515624541907
2022-07-19,23396.62,0.0420772010480724,57.2114843754581,82.9,-25.688515624541907,-0.0074079076379408,-0.0349170093799873,0.0176683640628432,-26.719759448051192
2022-07-20,23223.3,-0.0074354824512422,57.2702405519488,83.99,-26.719759448051192,-0.0030620109975757,-0.0823483312018532,-0.0031584658511063,-25.155566614017907
2022-07-21,23152.19,-0.0030667085449958,57.22443338598209,82.38,-25.155566614017907,-0.0201864272883038,-0.0819585533809112,0.034634304573347,-28.009713730449384
2022-07-22,22684.83,-0.0203929573407481,56.27028626955062,84.28,-28.009713730449384,-0.0103046837908858,0.0117973112427995,0.0550835073483026,-27.3801748513864
2022-07-23,22451.07,-0.0103581446266968,53.0698251486136,80.45,-27.3801748513864,0.0057284574855451,0.0619952634774201,0.0869718013439895,-30.10437654301137
2022-07-24,22579.68,0.0057121122651888,53.06562345698863,83.17,-30.10437654301137,-0.0561912303451598,0.0528825032064228,0.0824502384444776,-24.73069721744556
2022-07-25,21310.9,-0.0578317078758032,56.61930278255444,81.35,-24.73069721744556,-0.0026385558563929,0.1094561937787703,0.1405074398547221,-25.253141417385564
2022-07-26,21254.67,-0.0026420429802279,56.13685858261444,81.39,-25.253141417385564,0.079877975052071,0.0959153917703734,0.1336247516428155,-14.477762617016602
2022-07-27,22952.45,0.0768480486898251,62.01223738298339,76.49,-14.477762617016602,0.0387967297608751,0.0137484233709255,0.0393112717814438,-13.95944233591971
2022-07-28,23842.93,0.0380630527083889,62.93055766408029,76.89,-13.95944233591971,-0.0029014890367921,-0.0358655584695337,-0.0209819011337952,-12.15064056569419
2022-07-29,23773.75,-0.0029057065160629,62.87935943430581,75.03,-12.15064056569419,-0.0054783111625217,-0.0401863399758136,-0.024503917135496,-15.720271290516663
2022-07-30,23643.51,-0.0054933721401181,62.82972870948333,78.55,-15.720271290516663,-0.0148112526439602,-0.0431632189975176,-0.118811462426687,-16.72593826463551
2022-07-31,23293.32,-0.0149220344858788,61.93406173536449,78.66,-16.72593826463551,-0.0010865776110919,0.0008199775729693,-0.0924406653924816,-15.756704958933923
2022-08-01,23268.01,-0.0010871683645161,61.93329504106608,77.69,-15.756704958933923,-0.0120431442138798,-0.0134863273653397,-0.0753137032346126,-15.7231425240804
2022-08-02,22987.79,-0.0121162504204261,62.066857475919605,77.79,-15.7231425240804,-0.0073699994649334,0.0081173527337772,-0.0690784107563188,-15.911277304392712
2022-08-03,22818.37,-0.0073972920914354,59.95872269560729,75.87,-15.911277304392712,-0.0085628377487085,0.0434575300514454,-0.0565005300553895,-13.645489773868334
2022-08-04,22622.98,-0.0085997094791793,60.02451022613167,73.67,-13.645489773868334,0.030475207068211,0.0232935714039441,-0.0554701458428552,-11.283594968182436
2022-08-05,23312.42,0.0300200619305776,60.56640503181756,71.85,-11.283594968182436,-0.0153656291367433,0.0275230971301994,-0.0752122688249438,-13.477570830658046
2022-08-06,22954.21,-0.015484903813883,58.22242916934196,71.7,-13.477570830658046,0.0095921401782068,0.0427015349254014,-0.1181987966477609,-15.284468868761778
2022-08-07,23174.39,0.0095464276895303,58.31553113123822,73.6,-15.284468868761778,0.0274272591425275,0.0530451934225668,-0.1353558820749975,-16.095686078528672
2022-08-08,23810.0,0.0270578708603665,59.07431392147133,75.17,-16.095686078528672,-0.0277215455690885,0.026517429651407,-0.1786808063838723,-15.999174371578547
2022-08-09,23149.95,-0.0281130397960745,58.670825628421454,74.67,-15.999174371578547,0.0347344162730371,0.049904643422556,-0.1237246732714325,-13.006972937430971
2022-08-10,23954.05,0.0341447911544965,57.86302706256903,70.87,-13.006972937430971,-0.0008207380380352,0.0058766680373465,-0.1729306735186743,-14.72490513327481
2022-08-11,23934.39,-0.0008210750278983,56.7550948667252,71.48,-14.72490513327481,0.0196073515974295,-0.0033278475031115,-0.1622924168946857,-15.391511458130196
2022-08-12,24403.68,0.0194176037698489,54.8784885418698,70.27,-15.391511458130196,0.0015448489735974,-0.043477868911574,-0.1750645804239361,-16.053244721623855
2022-08-13,24441.38,0.001543656921957,54.54675527837614,70.6,-16.053244721623855,-0.0055700619195806,-0.051150139640233,-0.1836852092639613,-16.459860913668194
2022-08-14,24305.24,-0.0055856325610175,54.430139086331806,70.89,-16.459860913668194,-0.0086573923976888,-0.1428025396992583,-0.1840483780452281,-16.024233841820028
2022-08-15,24094.82,-0.008695085325241,54.175766158179975,70.2,-16.024233841820028,-0.0099639673589592,-0.1226300922770952,-0.1699336205873295,-17.664753375076522
2022-08-16,23854.74,-0.0100139399087299,53.88524662492348,71.55,-17.664753375076522,-0.0214665932221437,-0.0980572414538997,-0.1701087498752869,-27.731900389621543
2022-08-17,23342.66,-0.0217003519236227,47.58809961037845,75.32,-27.731900389621543,-0.0064885492912974,-0.0832308742876775,-0.1950099088964153,-29.49480544564049
2022-08-18,23191.2,-0.0065096914314182,45.3251945543595,74.82,-29.49480544564049,-0.1016251854151575,-0.0716685639380455,-0.168096519369416,-22.5460168994044
2022-08-19,20834.39,-0.107167909583041,58.6939831005956,81.24,-22.5460168994044,0.0146718958414429,0.0256158207655707,-0.0726980727537498,-18.79625846708216
2022-08-20,21140.07,0.014565304906857,58.90374153291784,77.7,-18.79625846708216,0.0177643688029416,0.0198187612434586,0.0104086694131098,-20.22564241761568
2022-08-21,21515.61,0.0176084265060965,58.79435758238432,79.02,-20.22564241761568,-0.0053812092708502,-0.0592388503044999,0.0061690093843493,-21.63658645206546
2022-08-22,21399.83,-0.0053957401299649,58.713413547934536,80.35,-21.63658645206546,0.0060416367793574,-0.0636561131560392,0.0199552987103166,-19.06280081286966
2022-08-23,21529.12,0.0060234592697346,58.71719918713034,77.78,-19.06280081286966,-0.0074801013696795,-0.0916670072905905,0.0402533870404364,-20.384445152068032
2022-08-24,21368.08,-0.007508217623966,55.20555484793197,75.59,-20.384445152068032,0.0089366943590625,-0.0506526557369685,-0.0559016065083994,-18.54496836833164
2022-08-25,21559.04,0.0088969984309869,55.28503163166836,73.83,-18.54496836833164,-0.0611339837024283,-0.0810509187793149,-0.0617991339131984,-19.476767568029416
2022-08-26,20241.05,-0.0630824976037437,53.12323243197058,72.6,-19.476767568029416,-0.0100513560314312,-0.0094377515000456,-0.0266374521084626,-21.47202971565441
2022-08-27,20037.6,-0.0101022119782678,51.55797028434559,73.03,-21.47202971565441,-0.0240542779574398,0.0046841937158141,-0.0116930171277996,-23.927049047738123
2022-08-28,19555.61,-0.0243483067767972,52.24295095226188,76.17,-23.927049047738123,0.0373355778725388,0.0202627276776332,0.0285345228300215,-19.449384520949955
2022-08-29,20285.73,0.0366554814045687,53.75061547905005,73.2,-19.449384520949955,-0.0233696297840896,-0.0223718840781178,-0.0428651076397053,-21.64986687688196
2022-08-30,19811.66,-0.0236470299311744,54.13013312311804,75.78,-21.64986687688196,0.0120312987402368,0.0095216655242418,-0.0138625435728252,-20.750687575176663
2022-08-31,20050.02,0.0119594979959549,54.28931242482334,75.04,-20.750687575176663,0.0040618413348214,-0.0126274188255174,-0.0586044303197702,-23.68697137101696
2022-09-01,20131.46,0.0040536143276475,54.14302862898304,77.83,-23.68697137101696,-0.0089213599013682,-0.0666047072591853,-0.0829597058534253,-20.48823068484556
2022-09-02,19951.86,-0.0089613935133172,54.17176931515444,74.66,-20.48823068484556,-0.0060124720201524,-0.0330305044241489,-0.0275778799570566,-23.73045584096185
2022-09-03,19831.9,-0.0060306197082573,54.12954415903815,77.86,-23.73045584096185,0.0084913699645519,-0.0258235469117936,-0.0273292019423253,-22.82109410851201
2022-09-04,20000.3,0.0084555210771039,53.18890589148799,76.01,-22.82109410851201,-0.0101728474072888,0.0679894801577976,-0.0539891901621475,-23.845988355402525
2022-09-05,19796.84,-0.0102249444373888,53.03401164459747,76.88,-23.845988355402525,-0.0508278088826297,0.0935250272265675,-0.0499807039911419,-25.49039372725689
2022-09-06,18790.61,-0.0521650520290394,55.9696062727431,81.46,-25.49039372725689,0.0267277113409303,0.1615838974892245,0.0232674724237265,-20.18996499634345
2022-09-07,19292.84,0.02637676564806,55.93003500365656,76.12,-20.18996499634345,0.0013958546279344,0.16083168678121,-0.0110771664513881,-20.65415629929437
2022-09-08,19319.77,0.001394881328481,55.06584370070562,75.72,-20.65415629929437,0.1056089177045067,0.0441930726918591,0.0048163099250146,-10.95826976108158
2022-09-09,21360.11,0.1003962399398629,64.16173023891842,75.12,-10.95826976108158,0.0134938443669063,-0.0530615244958945,-0.0827991990677952,-13.818795644666622
2022-09-10,21648.34,0.0134036132525054,64.33120435533338,78.15,-13.818795644666622,0.0082468216962592,-0.0899126676687449,-0.1028129639501227,-14.872221467293445
2022-09-11,21826.87,0.0082130024690838,64.03777853270655,78.91,-14.872221467293445,0.026062829897278,-0.0927100404226534,-0.1152670996803481,-14.48866588861705
2022-09-12,22395.74,0.0257289825902706,64.66133411138296,79.15,-14.48866588861705,-0.0992228879242214,-0.1018997362891336,-0.1490881748046727,-6.868535788374089
2022-09-13,20173.57,-0.1044974303611422,74.2014642116259,81.07,-6.868535788374089,0.0026341396193136,-0.037543677197442,-0.0269902649853247,-4.044867107521611
2022-09-14,20226.71,0.0026306763540297,74.14513289247839,78.19,-4.044867107521611,-0.0259473735471561,-0.0340979823213957,0.0054932314746194,-1.421644768079844
2022-09-15,19701.88,-0.0262899455334847,74.62835523192015,76.05,-1.421644768079844,0.005147732094602,-0.0419695988403138,0.0231642868599339,3.695102664267949
2022-09-16,19803.3,0.0051345278170794,74.26510266426794,70.57,3.695102664267949,0.0156701155867962,-0.0677634535658198,0.0079466553554206,5.288245651358963
2022-09-17,20113.62,0.0155486070502051,74.42824565135896,69.14,5.288245651358963,-0.034675011261026,-0.0353984016800554,-0.0290116846196755,-9.33326868397404
2022-09-18,19416.18,-0.0352904584441141,65.52673131602596,74.86,-9.33326868397404,0.0062236753058531,-0.0065033389678093,9.167611754734573e-05,-4.864683100943765
2022-09-19,19537.02,0.0062043882216964,65.36531689905624,70.23,-4.864683100943765,-0.0338854134356212,-0.031556501452115,-0.005016118118321,-9.682308471957043
2022-09-20,18875.0,-0.0344728321725092,66.17769152804296,75.86,-9.682308471957043,-0.0219147019867549,-0.0035825165562913,0.0136090066225165,-10.099081711632875
2022-09-21,18461.36,-0.0221583959680229,66.60091828836713,76.7,-10.099081711632875,0.0509317840072454,0.0415169846641849,0.0324266467909188,-6.023956719692535
2022-09-22,19401.63,0.0496771839912393,68.78604328030747,74.81,-6.023956719692535,-0.0057582790724285,-0.0166223147230413,-0.0126845012506682,-5.464321464991585
2022-09-23,19289.91,-0.0057749218814111,68.76567853500842,74.23,-5.464321464991585,-0.0191504263109574,0.006371724906959,0.0044178536862018,-4.184081145854847
2022-09-24,18920.5,-0.0193361709410392,69.02591885414515,73.21,-4.184081145854847,-0.0059787003514705,0.035464707592294,0.0135530244972383,-10.42167692760158
2022-09-25,18807.38,-0.0059966443373075,65.45832307239841,75.88,-10.42167692760158,0.0223550542393464,0.032712158737687,0.0139312333775356,-10.893237812539112
2022-09-26,19227.82,0.0221088426413156,65.81676218746088,76.71,-10.893237812539112,-0.0077330659429929,0.0043234230401574,0.0018286004341625,-11.557341738426814
2022-09-27,19079.13,-0.0077631211435955,65.32265826157318,76.88,-11.557341738426814,0.0174897912011711,-0.0011703887965541,0.024672508652124,-15.055989378094054
2022-09-28,19412.82,0.0173386050667576,64.34401062190595,79.4,-15.055989378094054,0.0092047420209944,0.0111400610524385,-0.0043981245383205,-13.626868270799228
2022-09-29,19591.51,0.0091626365658333,63.89313172920077,77.52,-13.626868270799228,-0.0086210812744906,0.0380935415391667,-0.0238644188222345,-10.231702486318383
2022-09-30,19422.61,-0.0086584577678962,63.82829751368162,74.06,-10.231702486318383,-0.0057489698861274,0.0378759600280291,-0.0196003523728274,-8.415683373596266
2022-10-01,19310.95,-0.0057655588235913,63.84431662640374,72.26,-8.415683373596266,-0.0131609268316681,0.0336451598704361,-0.007590512118772,-12.485027148948348
2022-10-02,19056.8,-0.0132482992774978,63.93497285105165,76.42,-12.485027148948348,0.0300302254313422,0.0248357541664918,0.0077426430460516,-5.341566955627258
2022-10-03,19629.08,0.029588146889959,64.72843304437274,70.07,-5.341566955627258,0.0361066336272508,-0.0107554709645079,-0.0029894421949474,-4.035789010900416
2022-10-04,20337.82,0.0354700667521785,65.83421098909959,69.87,-4.035789010900416,-0.0088288715309704,-0.0441935271331932,-0.0495677511159012,-5.349732148213306
2022-10-05,20158.26,-0.0088680769475327,65.81026785178669,71.16,-5.349732148213306,-0.0098019372703794,-0.0509165969681907,-0.0038788070002072,-5.391875457955024
2022-10-06,19960.67,-0.0098502925002542,63.33812454204498,68.73,-5.391875457955024,-0.0215714201978188,-0.0451222328709406,0.0406258908142864,-2.863690212400819
2022-10-07,19530.09,-0.0218074842813223,63.126309787599176,65.99,-2.863690212400819,-0.0057413969930503,-0.0191786110560678,0.0391713504648467,-1.6836227640549737
2022-10-08,19417.96,-0.0057579421714504,63.15637723594503,64.84,-1.6836227640549737,0.0010845629510001,-0.0022056899900915,0.0604533122943913,-14.950097635430197
2022-10-09,19439.02,0.0010839752375059,52.55990236456981,67.51,-14.950097635430197,-0.0158006936563674,-0.0134826755669781,0.0705102417714471,-16.334509900907584
2022-10-10,19131.87,-0.0159268553425899,52.64549009909242,68.98,-16.334509900907584,-0.0037565590817834,-0.0032657549941537,0.0781737488285254,-18.01612227877364
2022-10-11,19060.0,-0.0037636326703097,52.58387772122636,70.6,-18.01612227877364,0.0050120671563482,0.0106495278069254,0.0750650577124869,-18.35827599977239
2022-10-12,19155.53,0.0049995485596987,51.841724000227615,70.2,-18.35827599977239,0.0114640524172393,0.0205857003173497,0.0693319370437675,-29.0315986245824
2022-10-13,19375.13,0.0113988381085654,37.0784013754176,66.11,-29.0315986245824,-0.0102296087819798,-0.0024614028396198,0.0400879890870409,-24.83984520448152
2022-10-14,19176.93,-0.0102822908155797,37.240154795518485,62.08,-24.83984520448152,-0.00560777976454,-0.0027616516303704,0.0537567796305247,-26.51327833172468
2022-10-15,19069.39,-0.0056235623928088,36.14672166827532,62.66,-26.51327833172468,0.0101518716644843,-0.0014405285119241,0.1090297067709036,-26.99616852677165
2022-10-16,19262.98,0.0101006875336738,36.27383147322835,63.27,-26.99616852677165,0.0148928151303693,-0.0051191456358258,0.105715211249765,-23.77513395914245
2022-10-17,19549.86,0.0147830060608086,36.23486604085755,60.01,-23.77513395914245,-0.0113770635697647,-0.0176732723405692,0.0693467881611429,-27.94718689508722
2022-10-18,19327.44,-0.0114422774576837,34.31281310491278,62.26,-27.94718689508722,-0.0105275194231619,0.0125707284565366,0.0653832064670749,-26.45710311407231
2022-10-19,19123.97,-0.0105833257695788,34.44289688592769,60.9,-26.45710311407231,-0.0042904271445731,0.0107587493600962,-0.0301579640629012,-29.12937267318818
2022-10-20,19041.92,-0.0042996574378428,32.31062732681182,61.44,-29.12937267318818,0.0064305490202669,0.0545191871407926,-0.1638022846435652,-30.7378464271288
2022-10-21,19164.37,0.0064099612532107,31.452153572871204,62.19,-30.7378464271288,0.0020861630202297,0.0838650057372092,-0.0815690784513134,-35.88138972354173
2022-10-22,19204.35,0.0020839900038091,26.258610276458267,62.14,-35.88138972354173,0.0190607857074049,0.056797548472091,-0.1111227404207899,-37.07310875894557
2022-10-23,19570.4,0.0188814047749087,26.99689124105442,64.07,-37.07310875894557,-0.0122981645750726,0.0521931079589583,-0.1409434656419899,-37.81523011588253
2022-10-24,19329.72,-0.0123744127879885,26.49476988411747,64.31,-37.81523011588253,0.0388184619332301,0.0765634473753369,-0.1551946950085154,-36.045465094571874
2022-10-25,20080.07,0.0380839730139803,29.564534905428125,65.61,-36.045465094571874,0.0344381269587208,0.0272613591486483,-0.1723405346694508,-35.39199903790757
2022-10-26,20771.59,0.0338584068050516,30.88800096209244,66.28,-35.39199903790757,-0.0229390239264302,-0.0135208715365553,-0.1863612751840374,-29.59401024010016
2022-10-27,20295.11,-0.0232062173479073,31.815989759899843,61.41,-29.59401024010016,0.0146207633267323,0.0092884443592569,-0.1789766106219676,-23.436454926393893
2022-10-28,20591.84,0.0145149104854409,31.643545073606106,55.08,-23.436454926393893,0.0105784621481128,-0.0213676873946184,-0.1893604456911086,-26.10501805887748
2022-10-29,20809.67,0.0105229017033011,31.69498194112252,57.8,-26.10501805887748,-0.0087550643522938,-0.0289216503673531,-0.1974668507477532,-28.660491098133782
2022-10-30,20627.48,-0.0087936151026691,31.699508901866214,60.36,-28.660491098133782,-0.0066290210922516,0.0252595081900455,-0.1903674127910922,-27.90939737708496
2022-10-31,20490.74,-0.0066510906396394,31.720602622915045,59.63,-27.90939737708496,-0.0003474740297325,0.039463191666089,-0.2054835501304492,-28.53757331601721
2022-11-01,20483.62,-0.0003475344128213,31.38242668398279,59.92,-28.53757331601721,-0.0161973323074728,0.0205998744362569,-0.2295653795569336,-26.2307507631354
2022-11-02,20151.84,-0.0163299430037902,30.179249236864603,56.41,-26.2307507631354,0.0027779101064715,0.0217990019769906,-0.1947663339923302,-26.43637267604247
2022-11-03,20207.82,0.0027740588448488,27.543627323957526,53.98,-26.43637267604247,0.0465512855914196,-0.0821756132032055,-0.17838193333076,-22.551943969530008
2022-11-04,21148.52,0.0455002684794452,31.63805603046999,54.19,-22.551943969530008,0.0071328868403084,-0.2470957778605784,-0.2151247463179456,-24.35150109791769
2022-11-05,21299.37,0.0071075681286795,31.5484989020823,55.9,-24.35150109791769,-0.018488340265463,-0.173630487662311,-0.2242897325132151,-25.45796654189624
2022-11-06,20905.58,-0.0186613858307954,31.30203345810376,56.76,-25.45796654189624,-0.0150414386972282,-0.1834567613048765,-0.2127188052185111,-27.79830402310682
2022-11-07,20591.13,-0.0151557084383836,31.681695976893177,59.48,-27.79830402310682,-0.099261186734288,-0.1835280530985914,-0.2021428644275472,-28.35644585283444
2022-11-08,18547.23,-0.104539948786357,48.30355414716556,76.66,-28.35644585283444,-0.1414992966604716,-0.1195531623859734,-0.12585814701171,-43.06529354194137
2022-11-09,15922.81,-0.1525677793793299,71.65470645805863,114.72,-43.06529354194137,0.1054047620991522,0.0437516996057856,0.0326399674429325,-13.404920901623951
2022-11-10,17601.15,0.1002115684402702,79.71507909837605,93.12,-13.404920901623951,-0.0301593929942077,-0.0398030810486815,-0.0248568985549241,-21.70134442259437
2022-11-11,17070.31,-0.0306235436615994,80.40865557740563,102.11,-21.70134442259437,-0.0151274347097386,-0.0238747861052319,-0.0054445408431365,-22.43389853644004
2022-11-12,16812.08,-0.0152430215195955,80.48610146355996,102.92,-22.43389853644004,-0.0286835418342049,-0.007109173879734,0.0166939486369324,-26.83557558245564
2022-11-13,16329.85,-0.0291029542452625,81.04442441754436,107.88,-26.83557558245564,0.0177350067514396,0.0226946358968391,0.0340082731929565,-16.92760841807494
2022-11-14,16619.46,0.0175795765326142,81.25239158192507,98.18,-16.92760841807494,0.0169145086543125,0.004887042057925,0.0292572682866953,-8.603469460956063
2022-11-15,16900.57,0.0167730512461791,81.38653053904393,89.99,-8.603469460956063,-0.0140711230449624,-0.0367052708873132,0.0038921764177184,-17.26671431576787
2022-11-16,16662.76,-0.0141710598868462,81.37328568423213,98.64,-17.26671431576787,0.001788419205462,-0.0529005999006165,0.0255779954821411,4.307738508345295
2022-11-17,16692.56,0.001786821888,81.2777385083453,76.97,4.307738508345295,0.0004726656666202,-0.0278938640927455,0.0086313902720731,6.484029669599906
2022-11-18,16700.45,0.0004725539953914,81.1940296695999,74.71,6.484029669599906,1.3772083985674756e-05,-0.0058285854572781,0.0313554425180158,8.770177499296977
2022-11-19,16700.68,1.377198915139681e-05,81.18017749929697,72.41,8.770177499296977,-0.0251756215914562,-0.0060913687346861,0.0256205136557314,1.3753063976227793
2022-11-20,16280.23,-0.0254979489178795,81.63530639762278,80.26,1.3753063976227793,-0.030646987174014,0.0148591266830997,0.0520422623021912,1.540908578927457
2022-11-21,15781.29,-0.0311264271128395,82.35090857892746,80.81,1.540908578927457,0.0282391363443672,0.0429166436964278,0.0826142856509193,2.949841007317815
2022-11-22,16226.94,0.0278477628835421,82.65984100731781,79.71,2.949841007317815,0.0231818198625248,0.0124385743707684,0.0605714940709709,7.663214629818086
2022-11-23,16603.11,0.0229172032029526,82.93321462981808,75.27,7.663214629818086,-0.0002505554682225,-0.0235016210818335,0.0705644906285629,9.652456191348236
2022-11-24,16598.95,-0.0002505868624879,81.86245619134823,72.21,9.652456191348236,-0.0046274011307945,-0.0094234876302418,0.0725467574756235,16.132227883902274
2022-11-25,16522.14,-0.0046381406950624,81.02222788390227,64.89,16.132227883902274,-0.0038475645406708,0.0388266895208488,0.05048982758892,15.138087653335546
2022-11-26,16458.57,-0.0038549854582066,80.62808765333554,65.49,15.138087653335546,-0.0018099992891241,0.0315215720442298,0.0105446584970625,13.35145320086356
2022-11-27,16428.78,-0.0018116393171025,80.47145320086356,67.12,13.35145320086356,-0.0131397462258304,0.0404144434340225,0.0211665138859977,13.079984716990252
2022-11-28,16212.91,-0.0132268364279651,80.51998471699025,67.44,13.079984716990252,0.0141627875563361,0.0414663376284702,0.0324001058415792,15.810935909695488
2022-11-29,16442.53,0.0140634322802119,80.61093590969548,64.8,15.810935909695488,0.0438563894972368,0.0403326008831974,-0.0002219853027483,17.906612129794155
2022-11-30,17163.64,0.0429219220456457,81.95661212979415,64.05,17.906612129794155,-0.0108525930397048,-0.011494647988422,-0.0156190644874861,21.994856056812964
2022-12-01,16977.37,-0.0109119119942652,82.04485605681296,60.05,21.994856056812964,0.0067955166200655,0.006572867293344,-0.0089943259762849,23.13097717058456
2022-12-02,17092.74,0.0067725311702464,81.88097717058456,58.75,23.13097717058456,-0.0121419971286055,-0.0149829693776423,-0.0158728208584464,20.836068794616143
2022-12-03,16885.2,-0.0122163133533219,81.98606879461614,61.15,20.836068794616143,0.0130587733636557,0.020070831260512,-0.0063191433918461,18.722474860572007
2022-12-04,17105.7,0.0129742426986612,80.56247486057201,61.84,18.722474860572007,-0.008146407337905,0.0013363966397166,-0.0157596590610148,24.564850970662256
2022-12-05,16966.35,-0.008179770631694,80.57485097066225,56.01,24.564850970662256,0.0072266574719961,0.009497623236583,-0.0079121319553113,23.6107616183054
2022-12-06,17088.96,0.0072006703080002,80.3507616183054,56.74,23.6107616183054,-0.0147650881036646,-0.0002288026889875,-0.0099227805553995,18.5143831189468
2022-12-07,16836.64,-0.0148751770092267,80.3443831189468,61.83,18.5143831189468,0.0230129051877334,0.02216534890572,-0.0077378859439887,16.321626370094656
2022-12-08,17224.1,0.0227521019316931,72.03162637009466,55.71,16.321626370094656,-0.005546879082216,0.0319668371642061,-0.0392931996446836,-10.127149770414846
2022-12-09,17128.56,-0.0055623201422599,48.58285022958516,58.71,-10.127149770414846,-6.246876561721848e-05,0.0393839295305618,-0.0289043562330983,-25.80872656148997
2022-12-10,17127.49,-6.247071687181942e-05,33.74127343851003,59.55,-25.80872656148997,-0.0024778878866665,0.0133615608591801,-0.0303611328922102,-29.772454191735008
2022-12-11,17085.05,-0.0024809629316508,32.01754580826499,61.79,-29.772454191735008,0.0073034612131659,-0.0265103116467321,-0.0317616863866361,-29.475140736962725
2022-12-12,17209.83,0.007276920090016,31.67485926303728,61.15,-29.475140736962725,0.0328225206175771,-0.0251780523108015,-0.0344617000865203,-28.6109058694432
2022-12-13,17774.7,0.032295365713004,32.0490941305568,60.66,-28.6109058694432,0.0016005896020749,-0.0583126578788953,-0.0619886692883706,-23.7280295885638
2022-12-14,17803.15,0.0015993100237424,31.4619704114362,55.19,-23.7280295885638,-0.0250972440270402,-0.0766308209502251,-0.0633578889129171,-25.5805622286766
2022-12-15,17356.34,-0.0254175504220324,32.159437771323404,57.74,-25.5805622286766,-0.041726539120575,-0.0265482238766928,-0.029152459562327,-28.22693668267523
2022-12-16,16632.12,-0.042622091974556,35.08306331732477,63.31,-28.22693668267523,0.0086819960413946,0.0115769967989649,0.0120086916159816,-27.08311480870592
2022-12-17,16776.52,0.0086445242442314,35.20688519129408,62.29,-27.08311480870592,-0.0022835486739801,0.0026769556499202,0.0103793873818884,-31.26447089739886
2022-12-18,16738.21,-0.0022861599473239,35.215529102601145,66.48,-31.26447089739886,-0.0178830352827451,0.0024070674223828,0.0122689343723134,-27.846403056588336
2022-12-19,16438.88,-0.0180448690471703,35.77359694341166,63.62,-27.846403056588336,0.0277804813953261,0.0241646632860632,0.0419097894747086,-24.1555653684481
2022-12-20,16895.56,0.0274016047314584,35.9444346315519,60.1,-24.1555653684481,-0.0041957768786594,-0.0037554245020585,0.0167322065678792,-24.82311974134517
2022-12-21,16824.67,-0.0042046038497872,34.296880258654824,59.12,-24.82311974134517,-0.0001925743565845,0.0056298281036122,0.03661230799772,-23.24732202861187
2022-12-22,16821.43,-0.0001925929014068,32.89267797138813,56.14,-23.24732202861187,-0.002552101694089,-0.0068406788245707,0.0666905251218237,-21.75098343075065
2022-12-23,16778.5,-0.0025553638570472,31.919016569249344,53.67,-21.75098343075065,0.0034341568078195,-0.0137789432905205,0.1232601245641742,-20.4087111340052
2022-12-24,16836.12,0.0034282735568192,31.9412888659948,52.35,-20.4087111340052,-0.0002381783926461,-0.0120366212642816,0.1837650242454911,-21.77960028026288
2022-12-25,16832.11,-0.0002382067616242,31.90039971973712,53.68,-21.77960028026288,0.0051853273297286,-0.0133453262841082,0.2449372063276675,-21.29693829009153
2022-12-26,16919.39,0.0051719298136836,31.923061709908467,53.22,-21.29693829009153,-0.01259087945842,-0.0222815361546721,0.233584662331207,-21.828639270256687
2022-12-27,16706.36,-0.0126708162731763,32.22136072974331,54.05,-21.828639270256687,-0.0095203263906679,-0.0053638255131579,0.2681188481512431,-25.126563425162928
2022-12-28,16547.31,-0.0095659343975275,32.06343657483707,57.19,-25.126563425162928,0.0052068886121068,0.0075879402754888,0.2772353935473499,-22.852290391706813
2022-12-29,16633.47,0.0051933796404468,31.73770960829319,54.59,-22.852290391706813,-0.0015625122118235,0.0025075946269779,0.2431242548908916,-21.830104221749263
2022-12-30,16607.48,-0.0015637342071172,27.98989577825073,49.82,-21.830104221749263,-0.0039187161447732,0.0146247353602111,0.2688011667031964,-20.54629816915869
2022-12-31,16542.4,-0.0039264144310654,27.76370183084132,48.31,-20.54629816915869,0.0044945110745719,0.0174974610697358,0.3702491778701999,-19.25279200454389
2023-01-01,16616.75,0.0044844409220061,27.707207995456105,46.96,-19.25279200454389,0.0033773150586005,0.0200941820753155,0.3711195029112191,-22.61716920138473
2023-01-02,16672.87,0.0033716247385011,27.40283079861528,50.02,-22.61716920138473,0.0001385484322735,0.0162359569768133,0.3619658763008408,-21.92339824410349
2023-01-03,16675.18,0.0001385388353259,27.026601755896507,48.95,-21.92339824410349,0.0105054338244026,0.0271451342654172,0.3742850152142285,-19.74833762846448
2023-01-04,16850.36,0.0104506352091812,27.12166237153552,46.87,-19.74833762846448,-0.0010984928511914,0.0194595249003581,0.3431695227876437,-18.442164649365417
2023-01-05,16831.85,-0.0010990966366733,27.007835350634583,45.45,-18.442164649365417,0.0070580476893509,0.0361701179608897,0.3700775612900542,-16.99195487461201
2023-01-06,16950.65,0.0070332562551536,26.61804512538799,43.61,-16.99195487461201,-0.0004176830976984,0.0585588163285772,0.3574494193438009,-16.61213073899678
2023-01-07,16943.57,-0.0004177703515806,25.407869261003224,42.02,-16.61213073899678,0.0108749218730175,0.1123169438317899,0.3618239839655988,-17.176929675222233
2023-01-08,17127.83,0.0108162151473543,25.61307032477777,42.79,-17.176929675222233,0.0029443309514396,0.1636039124629329,0.3441632711207429,-18.42641776592169
2023-01-09,17178.26,0.0029400048985379,25.633582234078307,44.06,-18.42641776592169,0.0152751209959565,0.2198511374260257,0.3821132058776617,-19.31101661960753
2023-01-10,17440.66,0.0151596309333654,26.15898338039247,45.47,-19.31101661960753,0.0288177167607188,0.1967150325733087,0.3087893462747397,-19.69228376954734
2023-01-11,17943.26,0.0284102951545734,27.857716230452656,47.55,-19.69228376954734,0.0503453664495749,0.1807023918730488,0.2887920032368702,-20.71661599711468
2023-01-12,18846.62,0.0491190305151335,30.70338400288533,51.42,-20.71661599711468,0.0574845781365571,0.1214111601974254,0.2592528527661724,-24.75411960105213
2023-01-13,19930.01,0.0558930485095537,36.365880398947866,61.12,-24.75411960105213,0.0514254634092004,0.0375042461092594,0.1785714106515752,-34.25212003631213
2023-01-14,20954.92,0.0501468276844181,39.36787996368788,73.62,-34.25212003631213,-0.0039809266749765,0.0055676662091768,0.1182051756818924,-33.72067766264149
2023-01-15,20871.5,-0.0039888716561739,36.47932233735851,70.2,-33.72067766264149,0.0150516254222266,0.0860364612030759,0.1176408020506432,-28.193938400632646
2023-01-16,21185.65,0.0149394736852506,36.72606159936736,64.92,-28.193938400632646,-0.0023997375582056,0.0754236948122903,0.0824737499203469,-26.623033908822784
2023-01-17,21134.81,-0.002402621543175,36.72696609117722,63.35,-26.623033908822784,-0.0216391819940656,0.0744302882306489,0.0770155965442793,-26.36051997305607
2023-01-18,20677.47,-0.0218767424205475,36.97948002694393,63.34,-26.36051997305607,0.0190603589317261,0.1082811388433884,0.12395085085361,-20.575050924745675
2023-01-19,21071.59,0.0188809859816687,36.32494907525432,56.9,-20.575050924745675,0.0757237588620507,0.0740950255770922,0.0897611428468379,-15.14490369854468
2023-01-20,22667.21,0.0729936990967774,44.33509630145532,59.48,-15.14490369854468,0.0051325240292035,0.0173700248067583,-0.0384193731826723,-21.41900813254881
2023-01-21,22783.55,0.0051193975233281,44.37099186745119,65.79,-21.41900813254881,-0.0033212559061251,0.0099238266205223,-0.0508419451753567,-17.61278744139254
2023-01-22,22707.88,-0.0033267835189935,44.37721255860746,61.99,-17.61278744139254,0.009184917306239,0.0161300834776296,-0.0372262844439904,-19.9044147862004
2023-01-23,22916.45,0.0091429924751451,44.4755852137996,64.38,-19.9044147862004,-0.0123736442599093,0.0046320437938685,-0.0494365401272884,-16.642955520584806
2023-01-24,22632.89,-0.0124508352125872,44.68704447941519,61.33,-16.642955520584806,0.0189127415897836,0.0490176022593666,-0.0379500806127718,-16.363648169518306
2023-01-25,23060.94,0.0187361191606464,45.126351830481696,61.49,-16.363648169518306,-0.0022241070832323,-0.0101812848912489,-0.0373401951524958,-12.08388618013489
2023-01-26,23009.65,-0.0022265840828143,44.91611381986511,57.0,-12.08388618013489,0.0028036063130034,0.0050187638664647,0.0571238589026776,-10.19734865211688
2023-01-27,23074.16,0.0027996835390564,44.80265134788312,55.0,-10.19734865211688,-0.0022345342148967,0.0285384169997955,0.0192232349953367,-9.717185345231542
2023-01-28,23022.6,-0.0022370345118359,44.77281465476846,54.49,-9.717185345231542,0.0312605874227933,0.0202557486991044,0.0672109144927159,-12.880996244853314
2023-01-29,23742.3,0.0307819252058522,46.03900375514669,58.92,-12.880996244853314,-0.0385872472338398,-0.0130737123193623,0.037471095892142,-8.3779265599267
2023-01-30,22826.15,-0.0393514588233174,48.0220734400733,56.4,-8.3779265599267,0.0130981352527692,0.021934929894003,0.0633313107992366,-10.609255231192712
2023-01-31,23125.13,0.0130130964408873,48.21074476880729,58.82,-10.609255231192712,0.0262714198795854,-0.0083121694883445,0.0742512582631966,-9.0021428054253
2023-02-01,23732.66,0.0259322535565358,49.0378571945747,58.04,-9.0021428054253,-0.0102693924743371,-0.0408778451298758,0.0303168713494399,-8.540160261386255
2023-02-02,23488.94,-0.0103224864935691,49.16983973861375,57.71,-8.540160261386255,-0.0024283769297378,-0.0105785957135571,0.0295147418316876,-5.208135876090928
2023-02-03,23431.9,-0.0024313302190962,49.04186412390907,54.25,-5.208135876090928,-0.0044836312889693,-0.0200111813382611,0.0216926497637834,-5.094591286449635
2023-02-04,23326.84,-0.0044937129098707,49.06540871355036,54.16,-5.094591286449635,-0.0168874138117293,-0.0656106870883498,-0.0060681172417695,-5.8671746702419725
2023-02-05,22932.91,-0.0170316321398212,49.36282532975802,55.23,-5.8671746702419725,-0.0074299336630195,-0.0570237270368217,0.0097745990369297,-5.128896318253098
2023-02-06,22762.52,-0.0074576731070363,49.4311036817469,54.56,-5.128896318253098,0.0209967964882622,-0.0395373622955631,0.034808536137475,-3.4929965925674864
2023-02-07,23240.46,0.0207794015559237,49.81700340743252,53.31,-3.4929965925674864,-0.0119386621435203,-0.062688948497577,0.0108272383593095,-3.0076745107498724
2023-02-08,22963.0,-0.0120105003106417,49.98232548925013,52.99,-3.0076745107498724,-0.0508056438618648,-0.0517802551931367,0.0077764229412533,0.974986532795704
2023-02-09,21796.35,-0.0521417003525174,52.92498653279571,51.95,0.974986532795704,-0.0078526909321973,0.0185118150516028,0.3053896638657389,3.371631371255347
2023-02-10,21625.19,-0.0078836856777029,52.06163137125535,48.69,3.371631371255347,0.0109760885337886,0.12480167804306,0.3027339875395314,2.1789168550571105
2023-02-11,21862.55,0.0109162884567473,49.30891685505711,47.13,2.1789168550571105,-0.003613942563882,0.0757080029548247,0.2715808540174866,-2.1913538662081606
2023-02-12,21783.54,-0.0036204886304742,45.30864613379184,47.5,-2.1913538662081606,-0.0004393225343538,0.1279144712016504,0.2929702885756859,-8.853574149327152
2023-02-13,21773.97,-0.0004394190647714,41.79642585067285,50.65,-8.853574149327152,0.0195586748764693,0.1312567253468246,0.293747075062563,-6.853884046842403
2023-02-14,22199.84,0.01936986197704,42.3161159531576,49.17,-6.853884046842403,0.095685824762701,0.0933304023812784,0.2627937859011595,0.0506199584692126
2023-02-15,24324.05,0.0913804911936594,52.720619958469214,52.67,0.0506199584692126,-0.0331494960748722,0.0213019624610211,0.1472731720252178,-4.790459193181199
2023-02-16,23517.72,-0.0337113932826645,54.0095408068188,58.8,-4.790459193181199,0.044742857726004,0.0397334435480989,0.1879714530150031,-5.165137238251695
2023-02-17,24569.97,0.0437707859750721,55.60486276174831,60.77,-5.165137238251695,0.0025225916026758,-0.0157818670515268,0.1527795923234745,-3.1495337969286226
2023-02-18,24631.95,0.0025194152091865,55.220466203071375,58.37,-3.1495337969286226,-0.0146228780100642,-0.0280834444694796,0.2032072166434244,-10.67082562528718
2023-02-19,24271.76,-0.0147308461197347,49.26917437471282,59.94,-10.67082562528718,0.0235022099757085,-0.0447627201323677,0.2442616439846141,-10.850903569107835
2023-02-20,24842.2,0.0232302853505922,49.899096430892165,60.75,-10.850903569107835,-0.0157007028363027,-0.0678333641947975,0.2031168737068376,-10.629927698057152
2023-02-21,24452.16,-0.0158252643940644,50.19007230194285,60.82,-10.629927698057152,-0.0110399244892884,-0.036696553596901,0.2421741065002027,-6.591898691144664
2023-02-22,24182.21,-0.0111013167175208,50.238101308855335,56.83,-6.591898691144664,-0.0100077701748516,-0.0285383345856312,0.2598902250869546,-4.757155589760089
2023-02-23,23940.2,-0.0100581845457686,50.17284441023991,54.93,-4.757155589760089,-0.0315331534406563,-0.0333593704313247,0.265448492493797,0.4953952914662736
2023-02-24,23185.29,-0.0320410284614873,50.98539529146628,50.49,0.4953952914662736,-0.0012171510470647,0.2271888770854278,0.3070636597601324,0.6912496174365188
2023-02-25,23157.07,-0.0012178923770018,50.98124961743652,50.29,0.6912496174365188,0.0171774753887257,0.2165558941610488,0.2708978294749724,-0.0230757724997445
2023-02-26,23554.85,0.0170316105816872,51.31692422750026,51.34,-0.0230757724997445,-0.0026644194295442,0.1802240302952471,0.2897560375039536,0.8794299206695229
2023-02-27,23492.09,-0.0026679753126395,51.31942992066952,50.44,0.8794299206695229,-0.0149207669475129,0.1989341944458751,0.2258211168099559,0.0868901612499613
2023-02-28,23141.57,-0.0150332013979481,50.45689016124996,50.37,0.0868901612499613,0.2295073324757135,0.2172903567044068,0.2204725089957164,28.728445881667568
2023-04-01,28452.73,0.2066135464429991,86.89844588166757,58.17,28.728445881667568,-0.0098711090289052,-0.0147230160339623,-0.0418198886363452,26.56877618540433
2023-04-02,28171.87,-0.0099201514277657,86.84877618540433,60.28,26.56877618540433,-0.0132000467132639,-0.0094257143739481,-0.0126019323530883,24.670716289338216
2023-04-03,27800.0,-0.0132879416650637,86.50071628933821,61.83,24.670716289338216,0.0131464028776979,0.0049776978417266,-0.0075323741007194,26.895734352457616
2023-04-04,28165.47,0.0130607388888046,86.54573435245761,59.65,26.895734352457616,0.000161190280155,0.0056200020805616,-0.0232390938265898,28.521597391101245
2023-04-05,28170.01,0.0001611772903976,86.54159739110125,58.02,28.521597391101245,-0.0048345740736336,0.0520883734155579,0.0046425258634981,29.48391224067996
2023-04-06,28033.82,-0.0048462984303144,86.54391224067996,57.06,29.48391224067996,-0.0045477212880726,0.0772852219212365,0.0136074926642177,31.85440856745184
2023-04-07,27906.33,-0.0045580936314943,86.35440856745184,54.5,31.85440856745184,0.001148484949472,0.0710139957493514,0.0561320675273315,31.056148280660217
2023-04-08,27938.38,0.0011478259451552,86.31614828066022,55.26,31.056148280660217,0.0137939279228072,0.0871725561754117,0.0491553196713625,27.58393923309258
2023-04-09,28323.76,0.0136996576150219,86.14393923309258,58.56,27.58393923309258,0.0463773171358605,0.0756668606145511,0.0320116396975542,25.322991115351726
2023-04-10,29637.34,0.0453340244367836,87.48299111535172,62.16,25.322991115351726,0.0189990059836677,0.0221932872518249,-0.0136358391137666,25.64300751064844
2023-04-11,30200.42,0.0188207787579409,85.82300751064844,60.18,25.64300751064844,-0.0103425713947024,0.0034512765054262,-0.0706003426442414,29.985559854739726
2023-04-12,29888.07,-0.0103964274481094,85.85555985473972,55.87,29.985559854739726,0.0162529731762539,-0.0153171482802335,-0.0407590720979975,30.485240545344524
2023-04-13,30373.84,0.0161223075102938,85.95524054534452,55.47,30.485240545344524,0.0030648084009134,0.0002031353296125,-0.0443697602937264,32.49259104021939
2023-04-14,30466.93,0.0030601214496096,85.95259104021939,53.46,32.49259104021939,-0.0056402138318498,-0.0548079507846704,-0.0534602600261988,32.16509417944978
2023-04-15,30295.09,-0.0056561799008825,85.97509417944978,53.81,32.16509417944978,0.0003155626868909,-0.0677152634304766,-0.0260596684149146,29.30927969170235
2023-04-16,30304.65,0.0003155129074583,85.70927969170235,56.4,29.30927969170235,-0.0288529978072672,-0.1003743649901913,-0.048060281177971,24.61474153904512
2023-04-17,29430.27,-0.0292774295720322,80.21474153904512,55.6,24.61474153904512,0.0322708558229332,-0.0548217872279119,-0.0339843976966572,24.487844430578
2023-04-18,30380.01,0.0317610898162718,80.117844430578,55.63,24.487844430578,-0.0521036694852964,-0.0918172837994457,-0.0892435519277313,25.124042789190803
2023-04-19,28797.1,-0.0535101387040663,80.8340427891908,55.71,25.124042789190803,-0.0192189491302943,-0.0446631778894401,-0.0405884620326352,25.002201030988203
2023-04-20,28243.65,-0.0194060340625738,81.1122010309882,56.11,25.002201030988203,-0.0347267438875641,0.0020231096193303,-0.0228334510589106,27.0626842986832
2023-04-21,27262.84,-0.0353440507714546,81.8826842986832,54.82,27.0626842986832,0.0203210670641795,0.0422718249456035,-0.0107919791188298,27.252372680940027
2023-04-22,27816.85,0.0201173493975318,81.78237268094003,54.53,27.252372680940027,-0.0081335593354388,0.0595293859657006,-0.0367345691550266,27.42558281798765
2023-04-23,27590.6,-0.0081668171884152,81.64558281798764,54.22,27.42558281798765,-0.0028875776532586,0.0623799409943968,-0.0295506440599334,28.83994417336841
2023-04-24,27510.93,-0.0028917547486732,81.55994417336841,52.72,28.83994417336841,0.0287107705919065,0.0625031578358128,-0.02156633745206,29.70045509137295
2023-04-25,28300.79,0.0283063392000716,82.08045509137295,52.38,29.70045509137295,0.0040458234558116,0.0329467834643484,-0.0402338591961567,25.85821317131333
2023-04-26,28415.29,0.0040376611202662,81.32821317131334,55.47,25.85821317131333,0.037215175351017,-0.012212791071286,-0.048616431505714,27.249732674232582
2023-04-27,29472.77,0.0365394056503652,82.31973267423258,55.07,27.249732674232582,-0.00546504451397,-0.0272424342876492,-0.0701379612435478,31.397337585509867
2023-04-28,29311.7,-0.0054800325013604,82.12733758550986,50.73,31.397337585509867,-0.0027719306624999,-0.0097415025399414,-0.0849633422831156,31.447772283089087
2023-04-29,29230.45,-0.0027757795765594,82.12777228308909,50.68,31.447772283089087,9.442208382015592e-05,-0.0134205939354338,-0.080402114917834,28.660208306126563
2023-04-30,29233.21,9.441762633578725e-05,81.96020830612656,53.3,28.660208306126563,-0.0398502251377799,0.0093181693012844,-0.0728890190300688,-11.658913011785522
2023-05-01,28068.26,-0.0406659912079254,41.53108698821448,53.19,-11.658913011785522,0.0214334625659018,0.0277872586330609,-0.0470453102543584,-11.167450056725407
2023-05-02,28669.86,0.0212069961651957,42.042549943274594,53.21,-11.167450056725407,0.0124276853810936,-0.0083627893543952,-0.0635018796743339,-10.91221985219734
2023-05-03,29026.16,0.0123510956020622,42.00778014780266,52.92,-10.91221985219734,-0.0064769159957775,-0.0467636780063225,-0.062238684000915,-10.078515499884546
2023-05-04,28838.16,-0.0064979822282647,41.82148450011545,51.9,-10.078515499884546,0.0231446805205326,-0.041954479758764,-0.087007978317618,-9.09382989845345
2023-05-05,29505.61,0.0228809046533425,42.57617010154655,51.67,-9.09382989845345,-0.0222808476083022,-0.0646270319440946,-0.1027540186425564,-7.267472696893201
2023-05-06,28848.2,-0.0225328154308164,43.2625273031068,50.53,-7.267472696893201,-0.0144931052890648,-0.0651541517321705,-0.0742604391261847,-8.147828393957866
2023-05-07,28430.1,-0.0145991562586498,43.53217160604213,51.68,-8.147828393957866,-0.0267783089049985,-0.0575126362552365,-0.0554282257185165,-6.791945323205496
2023-05-08,27668.79,-0.027143379896367,44.54805467679451,51.34,-6.791945323205496,-0.0014644659199046,-0.0322930637732984,0.0143197443762448,-7.686027311483969
2023-05-09,27628.27,-0.0014655392981985,44.29397268851603,51.98,-7.686027311483969,-0.0010684708090662,-0.0257218421566026,0.0039137448707429,-9.483087099560812
2023-05-10,27598.75,-0.0010690420309266,41.37691290043919,50.86,-9.483087099560812,-0.0228318311517732,-0.0158199193804067,0.0034657366728565,-9.57041663808289
2023-05-11,26968.62,-0.0230965139643067,41.63958336191711,51.21,-9.57041663808289,-0.0064374817843849,0.0024183662345349,0.0089633804028532,-8.547502061098932
2023-05-12,26795.01,-0.0064582917274088,41.54249793890107,50.09,-8.547502061098932,-0.0007363311303112,0.0227878250465292,0.0008553831478324,-7.189090405195387
2023-05-13,26775.28,-0.000736602355227,41.160909594804615,48.35,-7.189090405195387,0.005316097534741,0.0017180025755099,0.0174530387730773,-6.831392732730677
2023-05-14,26917.62,0.0053020169686387,41.188607267269326,48.02,-6.831392732730677,0.0090840126281594,-0.0013879384581549,0.0056319986685302,-11.01793072331916
2023-05-15,27162.14,0.0090430011641092,41.26206927668084,52.28,-11.01793072331916,-0.0047234864410535,-0.002198280400587,-0.0017277725540034,-9.275040603206271
2023-05-16,27033.84,-0.0047346773571329,41.29495939679373,50.57,-9.275040603206271,0.0137520233899439,-0.01058155260222,-0.0482965054169144,-9.425064818101724
2023-05-17,27405.61,0.0136583223911844,40.29493518189828,49.72,-9.425064818101724,-0.0213215469387473,-0.0203002232024757,-0.0064048930127809,-6.815306884705791
2023-05-18,26821.28,-0.021552134669642,39.46469311529421,46.28,-6.815306884705791,0.0021990001968585,0.0148512673518936,-0.0179685682413366,-11.739594238942033
2023-05-19,26880.26,0.0021965859345866,34.78040576105797,46.52,-11.739594238942033,0.0082651730303204,-0.0205076141376608,-0.0141981513571668,-12.104040606522624
2023-05-20,27102.43,0.0082312035351917,34.23595939347738,46.34,-12.104040606522624,-0.0130855425140845,-0.0231949681264742,-0.0230466419431762,-14.752000985736808
2023-05-21,26747.78,-0.0131719125185136,32.2679990142632,47.02,-14.752000985736808,0.0037943335858154,-0.0015649896926025,-0.0338932801152095,-16.05652738588417
2023-05-22,26849.27,0.0037871532594394,31.52347261411583,47.58,-16.05652738588417,0.0137932986632411,0.0001862248023876,-0.0344039148922857,-18.323946372833408
2023-05-23,27219.61,0.0136990369171227,31.75605362716659,50.08,-18.323946372833408,-0.0327190580614491,0.0310581231692885,-0.0482894501427464,-17.505451287507157
2023-05-24,26329.01,-0.0332662963152895,33.79454871249284,51.3,-17.505451287507157,0.0054988774739348,0.0534539657966632,-0.0149933476420115,-15.393387555974876
2023-05-25,26473.79,0.005483813844004,32.37661244402513,47.77,-15.393387555974876,0.0087682949815646,0.0461063565133665,-0.0508121428779182,-12.75101310006567
2023-05-26,26705.92,0.0087300767265965,32.48898689993433,45.24,-12.75101310006567,0.0055549481163728,0.0188883213909125,-0.0414675847152989,-13.142925855040406
2023-05-27,26854.27,0.0055395762922677,29.9470741449596,43.09,-13.142925855040406,0.0450851950174031,-0.0013532298587897,-0.0189642094162306,-16.327874524713664
2023-05-28,28065.0,0.0440984084261267,33.612125475286334,49.94,-16.327874524713664,-0.011708533760912,-0.0293037591305896,-0.0551580260110456,-13.27159965728992
2023-05-29,27736.4,-0.0117776184252097,33.84840034271008,47.12,-13.27159965728992,-0.0015142556351941,-0.0240543113021156,-0.0503464761108146,-10.827488686900104
2023-05-30,27694.4,-0.0015154032789555,33.852511313099896,44.68,-10.827488686900104,-0.0174782627534809,-0.020913614304697,-0.0306939309029985,-12.583266628918777
2023-05-31,27210.35,-0.0176328110595242,31.346733371081225,43.93,-12.583266628918777,-0.0144217182064911,-0.0544700821562382,0.0403390621583332,-11.249998104420412
2023-06-01,26817.93,-0.0145267219636169,30.88000189557959,42.13,-11.249998104420412,0.0158349283483103,0.0153684493918808,0.1184267391256521,-10.33481925246383
2023-06-02,27242.59,0.0157108638581493,31.065180747536168,41.4,-10.33481925246383,-0.0063639323573859,-0.0331558049363147,0.096992613404232,-8.687688000668572
2023-06-03,27069.22,-0.0063842684993772,31.062311999331428,39.75,-8.687688000668572,0.0016989776580189,-0.0210796616969384,0.1337046283564875,-11.664661209363048
2023-06-04,27115.21,0.0016975360281114,30.02533879063695,41.69,-11.664661209363048,-0.0511524712513751,-0.0235071017336763,0.1258415479725216,-5.829063176509855
2023-06-05,25728.2,-0.0525071584555573,34.280936823490144,40.11,-5.829063176509855,0.0583748571606252,0.0043924565263018,0.1840183145342464,-4.396040598737748
2023-06-06,27230.08,0.0567345780192702,39.25395940126225,43.65,-4.396040598737748,-0.0327116189155523,-0.0479076815051591,0.1115644904458599,-5.807725317127584
2023-06-07,26339.34,-0.0332586055638562,39.82227468287242,45.63,-5.807725317127584,0.0060468485542917,-0.0164829490792101,0.1652698966640773,-1.4755199608173726
2023-06-08,26498.61,0.0060286397326937,39.87448003918263,41.35,-1.4755199608173726,-0.0007849468330602,-0.0212977208993226,0.1350561406805865,-0.926322789196611
2023-06-09,26477.81,-0.0007852550651334,39.873677210803386,40.8,-0.926322789196611,-0.0240427739303213,-0.0509562535572241,0.1499179879302705,-3.4066889686283446
2023-06-10,25841.21,-0.0243365192777008,39.96331103137165,43.37,-3.4066889686283446,0.0032637790567857,-0.0093927490237492,0.1792017479057677,-2.894046100035532
2023-06-11,25925.55,0.0032584644904937,39.91595389996447,42.81,-2.894046100035532,-0.0007853256729365,0.0161790203100802,0.17975896364783,-6.533932349123397
2023-06-12,25905.19,-0.0007856342026842,39.916067650876606,46.45,-6.533932349123397,0.0011217829323004,0.0236168891253065,0.1818878765220406,-5.504880292113008
2023-06-13,25934.25,0.0011211542039807,39.875119707887,45.38,-5.504880292113008,-0.0310650973133983,0.015644177101709,0.2013534225975304,-3.413868717584677
2023-06-14,25128.6,-0.0315578492380286,41.24613128241532,44.66,-3.413868717584677,0.0186994102337576,0.0682787739866128,0.2243622804294707,-4.913375770583173
2023-06-15,25598.49,0.0185267256736528,41.71662422941683,46.63,-4.913375770583173,0.0291622669930922,0.1058460870152888,0.1916644302066255,-2.4206878141622568
2023-06-16,26345.0,0.028745138290379,42.63931218583775,45.06,-2.4206878141622568,0.0065283735054091,0.1385040804706774,0.1347667489087114,-0.917284332759607
2023-06-17,26516.99,0.0065071559690337,42.0327156672404,42.95,-0.917284332759607,-0.0066757199817928,0.1270102677566345,0.1443493398006334,-3.319375520071766
2023-06-18,26339.97,-0.0066981022679604,42.09062447992823,45.41,-3.319375520071766,0.019148844892382,0.1650924431576801,0.1497594720115473,-2.709408323617673
2023-06-19,26844.35,0.0189678131440085,42.510591676382326,45.22,-2.709408323617673,0.0545232050692232,0.1372013105178557,0.1235403353033319,-6.569473067509158
2023-06-20,28307.99,0.0530887264501151,46.14052693249084,52.71,-6.569473067509158,0.0595556236949355,0.076115259331376,0.0743104685284967,-5.487473710529677
2023-06-21,29993.89,0.0578495972961705,50.34252628947032,55.83,-5.487473710529677,-0.0036330732692558,0.0091385278801783,0.0209445990500065,-0.9186793894490392
2023-06-22,29884.92,-0.003639688908207,50.13132061055096,51.05,-0.9186793894490392,0.0268891467669982,0.0270209858349963,0.016566214666126,-3.069622979911749
2023-06-23,30688.5,0.0265339862374442,49.64037702008825,52.71,-3.069622979911749,-0.0052485458722322,-0.0199126708701956,0.0249516920018899,0.4874606592229824
2023-06-24,30527.43,-0.0052623678739379,49.63746065922298,49.15,0.4874606592229824,-0.0021216984200767,-0.0026245248944964,-0.0070566045029012,0.0395068359839854
2023-06-25,30462.66,-0.0021239524109264,49.54950683598398,49.51,0.0395068359839854,-0.0063904465335593,0.0003066048729822,-0.005683679626139,0.0522900266182233
2023-06-26,30267.99,-0.0064109528466902,49.56229002661822,49.51,0.0522900266182233,0.0140230652910879,0.0105031751365056,-0.0011893753103525,-1.555317154730929
2023-06-27,30692.44,0.0139256517456785,47.36468284526907,48.92,-1.555317154730929,-0.0200384850471321,-0.0024569568271535,-0.0180643832813552,-0.7284926040968571
2023-06-28,30077.41,-0.0202419785448812,47.71150739590314,48.44,-0.7284926040968571,0.0122982663733346,0.0358671175476879,-0.0072572738144673,4.37871096236794
2023-06-29,30447.31,0.0122232570589516,47.89871096236794,43.52,4.37871096236794,0.0008109090753829,0.0104836847655833,-0.0176731540487485,1.4430350117507729
2023-06-30,30472.0,0.0008105804662547,47.503035011750775,46.06,1.4430350117507729,0.0037378577054345,0.0010767261748489,-0.0220530322919401,0.689942763842879
2023-07-01,30585.9,0.0037308892745919,47.24994276384288,46.56,0.689942763842879,0.0010177892427556,-0.0225747811900255,-0.0223691308740302,-0.9475819680132248
2023-07-02,30617.03,0.0010172716464571,46.93241803198678,47.88,-0.9475819680132248,0.0176101339679257,-0.0088947229695368,-0.0268814447384347,-1.776647512893888
2023-07-03,31156.2,0.0174568722490287,47.27335248710611,49.05,-1.776647512893888,-0.0125076228808391,-0.0279742073808744,-0.0344217202354587,0.8630838826757028
2023-07-04,30766.51,-0.0125865016096563,47.4730838826757,46.61,0.8630838826757028,-0.0085060021432393,-0.01969024110957,-0.0516798947946971,-2.550833850453948
2023-07-05,30504.81,-0.0085423846394389,43.899166149546055,46.45,-2.550833850453948,-0.0199765217354247,-0.0030565671446569,-0.0418261906892716,-8.147249631071155
2023-07-06,29895.43,-0.0201787501916617,39.812750368928846,47.96,-8.147249631071155,0.0150280494376564,0.0243070596408883,-0.0181790327150337,-6.601145859149618
2023-07-07,30344.7,0.0149162470258607,38.43885414085038,45.04,-6.601145859149618,-0.0019795878687217,0.0011633003456945,-0.0369725190890007,-5.622484804782978
2023-07-08,30284.63,-0.0019815498424806,38.38751519521702,44.01,-5.622484804782978,-0.004091844608965,0.0386202506023682,-0.0320456284260366,-5.476828361619027
2023-07-09,30160.71,-0.0041002391122778,38.41317163838097,43.89,-5.476828361619027,0.0083174434554094,0.0050164601562761,-0.0267835206797186,-6.685272974811305
2023-07-10,30411.57,0.0082830441339089,37.57472702518869,44.26,-6.685272974811305,0.0069226942245994,-0.0040132752107174,-0.037172694471216,-6.325455885938553
2023-07-11,30622.1,0.0068988423929568,37.63454411406145,43.96,-6.325455885938553,-0.0079060547774318,-0.0127394920661874,-0.0453871550285577,-3.5247480570305214
2023-07-12,30380.0,-0.0079374733359648,37.73525194296948,41.26,-3.5247480570305214,0.0353597761685318,-0.007965766951942,-0.0221859776168531,-5.5178444629395145
2023-07-13,31454.23,0.0347489761397029,39.63215553706048,45.15,-5.5178444629395145,-0.0363137167878533,-0.0507117802597615,-0.0721117636642194,-2.0104097881813843
2023-07-14,30312.01,-0.0369894696887356,40.19959021181862,42.21,-2.0104097881813843,-0.0007419501379155,-0.0132884622299873,-0.0368952768226191,-3.302383317964967
2023-07-15,30289.52,-0.0007422255191403,39.67761668203503,42.98,-3.302383317964967,-0.001899336800319,-0.0161613653831423,-0.0388097929580923,-3.704402395232705
2023-07-16,30231.99,-0.001901142827658,38.395597604767296,42.1,-3.704402395232705,-0.0031089584245033,-0.0109245206815694,-0.0383653209729164,-4.5561631448270745
2023-07-17,30138.0,-0.003113801275833,38.34383685517293,42.9,-4.5561631448270745,-0.0092531023956466,-0.0114141615236578,-0.0348258013139558,-4.260292830776969
2023-07-18,29859.13,-0.0092961782772288,38.40970716922303,42.67,-4.260292830776969,0.001677208947481,0.0075226572241053,-0.021704249253076,-2.6898850226939715
2023-07-19,29909.21,0.0016758040032582,37.84011497730603,40.53,-2.6898850226939715,-0.0036513836373478,-0.02449780519111,-0.0046403766598984,-8.595834941773361
2023-07-20,29800.0,-0.0036580662106333,33.02416505822664,41.62,-8.595834941773361,0.003413422818792,-0.0191640939597315,-0.0073157718120804,-12.590523268867544
2023-07-21,29901.72,0.0034076103143899,26.16947673113245,38.76,-12.590523268867544,-0.003602468352991,-0.0183855644424468,-0.0149145266559916,-12.90104084462747
2023-07-22,29794.0,-0.0036089728683473,26.16895915537253,39.07,-12.90104084462747,0.009725112438746,-0.0191723165738068,-0.0123504732496476,-14.56067461607114
2023-07-23,30083.75,0.0096781279070757,24.709325383928864,39.27,-14.56067461607114,-0.0301574770432542,-0.0255822495533303,-0.0217253500644035,-11.39360490002895
2023-07-24,29176.5,-0.0306215681317574,26.85639509997105,38.25,-11.39360490002895,0.0017963086730758,0.0060459616472161,0.0043644714067827,-10.916527615711257
2023-07-25,29228.91,0.0017946972401168,26.853472384288747,37.77,-10.916527615711257,0.00420987303324,0.0017852188124702,0.0069116501436421,-11.349707094181309
2023-07-26,29351.96,0.0042010363100691,26.80029290581869,38.15,-11.349707094181309,-0.0044010689575756,-0.0040784329223669,-0.0051771670443813,-9.95869955323035
2023-07-27,29222.78,-0.0044107821710519,26.40130044676965,36.36,-9.95869955323035,0.0031263281590594,0.0165353878036245,-0.016845419908715,-10.007032777018722
2023-07-28,29314.14,0.0031214513568593,25.46296722298128,35.47,-10.007032777018722,0.0013222287947045,-0.0043709281595845,-0.0917894913512727,-9.852288984212002
2023-07-29,29352.9,0.0013213554199944,25.107711015788,34.96,-9.852288984212002,-0.0024464362976061,-0.0054256989939666,-0.1123875324073601,-11.209347558126524
2023-07-30,29281.09,-0.0024494337125396,25.120652441873474,36.33,-11.209347558126524,-0.0016679706937139,-0.0057067547690334,-0.1086393983284093,-11.676321648832182
2023-07-31,29232.25,-0.0016693633056041,25.09367835116782,36.77,-11.676321648832182,0.016206073771263,-0.0054775119944581,-0.1040720437188378,-10.849872330570667
2023-08-01,29705.99,0.0160761571043905,25.710127669429333,36.56,-10.849872330570667,-0.0175042137966114,-0.0207894098126338,-0.120483107952302,-11.09306460848575
2023-08-02,29186.01,-0.0176592240994308,25.72693539151425,36.82,-11.09306460848575,0.0002614266218643,0.0008582879263046,-0.1072435046791253,-10.860264665403475
2023-08-03,29193.64,0.0002613924558795,25.349735334596524,36.21,-10.860264665403475,-0.0027283339795927,0.0197570429723734,-0.0945726534957613,-9.177959173922796
2023-08-04,29113.99,-0.0027320626663575,25.1920408260772,34.37,-9.177959173922796,-0.0014377967430778,0.0160747461959009,-0.100774232594021,-9.595985700083848
2023-08-05,29072.13,-0.001438831364651,24.19401429991615,33.79,-9.595985700083848,0.0005603304608226,0.0131954555789342,-0.1036085075293761,-10.401238898765456
2023-08-06,29088.42,0.0005601735343276,23.628761101234545,34.03,-10.401238898765456,0.0042161107409752,0.0116063368171939,-0.1055763771287681,-12.625802657485185
2023-08-07,29211.06,0.0042072478486427,23.66419734251481,36.29,-12.625802657485185,0.0191489114054743,0.0075009260191172,-0.1064422174340815,-15.319976273766692
2023-08-08,29770.42,0.0189678784073805,24.53002372623331,39.85,-15.319976273766692,-0.0063294370721003,-0.0156726038799586,-0.1226190292243105,-14.270239762316663
2023-08-09,29581.99,-0.0063495528850291,24.459760237683334,38.73,-14.270239762316663,-0.0042674613844437,-0.0051064853987172,-0.0630670891309206,-11.81323194575004
2023-08-10,29455.75,-0.0042765929862094,24.386768054249963,36.2,-11.81323194575004,-0.0010089710837443,-0.0086825152983712,-0.0731863897541226,-8.508346798450283
2023-08-11,29426.03,-0.0010094804377126,24.23165320154972,32.74,-8.508346798450283,0.0001406917616817,-0.0236362159625338,-0.1184410537201247,-11.397531648299466
2023-08-12,29430.17,0.000140681865524,20.982468351700536,32.38,-11.397531648299466,-0.0042925338181871,-0.095370159261737,-0.1231769982980051,-17.14529030428765
2023-08-13,29303.84,-0.0043017731911709,16.61470969571235,33.76,-17.14529030428765,0.0043369742668537,-0.1109015064237315,-0.1171972683443535,-18.32886883536692
2023-08-14,29430.93,0.0043275966976988,16.681131164633076,35.01,-18.32886883536692,-0.0078465070590701,-0.1131775312570823,-0.1175538795410134,-17.6870924001705
2023-08-15,29200.0,-0.0078774528796102,16.8929075998295,34.58,-17.6870924001705,-0.0160784246575342,-0.1030825342465753,-0.1155472602739725,-18.77920419294387
2023-08-16,28730.51,-0.0162090849613036,17.780795807056133,36.56,-18.77920419294387,-0.0733401530289576,-0.0906210853897129,-0.1022748987052439,-20.495712103967097
2023-08-17,26623.41,-0.0761687203764116,31.8042878960329,52.3,-20.495712103967097,-0.0213875683092436,-0.0213124464522013,-0.0324323593408958,-10.899135621442902
2023-08-18,26054.0,-0.0216195966611484,32.6808643785571,43.58,-10.899135621442902,0.0017659476471942,0.0145359637675597,0.0077147462961542,-10.34825513703708
2023-08-19,26100.01,0.0017643901949644,32.66174486296292,43.01,-10.34825513703708,0.0034475082576597,0.003066665491699,-0.0072609167582693,-10.51782180565369
2023-08-20,26189.99,0.0034415792240868,32.66217819434631,43.18,-10.51782180565369,-0.0024081719771562,-0.0049629648579477,-0.0110110771329046,-9.981255799816218
2023-08-21,26126.92,-0.0024110762869472,32.648744200183785,42.63,-9.981255799816218,-0.0027144416563451,-0.0041929932804938,-0.0109201543848259,-9.642412348414211
2023-08-22,26056.0,-0.0027181324335439,32.48758765158579,42.13,-9.642412348414211,0.0144580902671169,0.0017566011667178,-0.034290758366595,-12.29256269215941
2023-08-23,26432.72,0.0143545687030841,31.08743730784059,43.38,-12.29256269215941,-0.009558985984038,-0.0118307915341289,-0.0224199401348027,-10.458821488419735
2023-08-24,26180.05,-0.0096049663422354,31.261178511580265,41.72,-10.458821488419735,-0.0045851707693453,0.0586817061082771,0.0016023651597303,-5.042066023670969
2023-08-25,26060.01,-0.0045957149083015,31.26793397632904,36.31,-5.042066023670969,-0.001636223470367,0.0475817162004159,0.0177559409992551,-4.2847165323058505
2023-08-26,26017.37,-0.0016375635459644,31.23528346769416,35.52,-4.2847165323058505,0.0032439866135585,-0.0029438025442233,0.0223938853158487,-4.813263758400414
2023-08-27,26101.77,0.0032387362406793,31.236736241599584,36.05,-4.813263758400414,0.0006984200688304,-0.011367811454932,0.0175428716136873,-5.185714833294966
2023-08-28,26120.0,0.0006981762870356,31.234285166705035,36.42,-5.185714833294966,0.0611156202143952,-0.0095899693721287,0.0156014548238896,-3.143481300474626
2023-08-29,27716.34,0.0593208265640982,37.456518699525375,40.6,-3.143481300474626,-0.0150218246709341,-0.0629639411264257,-0.0344139954986841,-0.3577230825221065
2023-08-30,27299.99,-0.0151357950818478,37.82227691747789,38.18,-0.3577230825221065,-0.0497879303252493,-0.053991594868716,-0.0032868143907746,5.449532273988289
2023-08-31,25940.78,-0.0510700880633559,41.429532273988286,35.98,5.449532273988289,-0.0052323021898339,-0.0057315161687505,0.0456509017847575,4.919913346636299
2023-09-01,25805.05,-0.005246038619321,41.0099133466363,36.09,4.919913346636299,0.0024979606704889,-0.0017477199230382,0.0295690184673156,5.449043921327878
2023-09-02,25869.51,0.0024948459526167,41.01904392132788,35.57,5.449043921327878,0.0039312688953134,0.0149013259238386,0.0274697897254336,3.190803081621546
2023-09-03,25971.21,0.003923561650647,41.03080308162155,37.84,3.190803081621546,-0.0055904210855018,-0.0023375884296495,0.0232853994865853,2.7743072303820497
2023-09-04,25826.02,-0.0056061059735256,41.07430723038205,38.3,2.7743072303820497,-0.0013134040785224,0.0029268931101269,0.0163540491333933,1.28640065548106
2023-09-05,25792.1,-0.0013142673496244,41.07640065548106,39.79,1.28640065548106,-0.0012465057129895,0.0019195800264422,0.0198785674683334,1.642482943618269
2023-09-06,25759.95,-0.001247283247437,41.052482943618266,39.41,1.642482943618269,0.0192178168047685,-0.0231922034010159,0.0179239478337496,1.316290137821461
2023-09-07,26255.0,0.0190354868493421,41.05629013782146,39.74,1.316290137821461,-0.0131213102266235,-0.0158027042468101,0.0044940011426395,1.2545651890491314
2023-09-08,25910.5,-0.0132081551334933,41.25456518904913,40.0,1.2545651890491314,-0.0003431041469674,0.0120221531811428,0.0428741243897261,1.4777610927516491
2023-09-09,25901.61,-0.0003431630206622,41.22776109275165,39.75,1.4777610927516491,-0.0023164583205445,0.0239799765342771,0.0388141895426576,0.714193050818551
2023-09-10,25841.61,-0.0023191454606873,41.23419305081856,40.52,0.714193050818551,-0.0262789354068883,0.0293476296562016,0.0433777152429744,-2.0625231210577866
2023-09-11,25162.52,-0.0266303976758038,42.26747687894221,44.33,-2.0625231210577866,0.0269281455116576,0.0555250428017541,0.1124708495015602,-0.3242693672500962
2023-09-12,25840.1,0.0265719630767771,43.245730632749904,43.57,-0.3242693672500962,0.0147793545690613,0.0266024512289038,0.0640249070243537,-0.5287100190718377
2023-09-13,26222.0,0.014671204201257,43.52128998092816,44.05,-0.5287100190718377,0.0114686141407978,0.0206128441766455,0.0459331858744564,1.9062106929522715
2023-09-14,26522.73,0.0114033481188429,43.61621069295227,41.71,1.9062106929522715,0.0029133501717206,0.0259222938211864,0.0473495752511148,4.120114087809505
2023-09-15,26600.0,0.0029091145916004,43.26011408780951,39.14,4.120114087809505,-0.0015161654135339,0.019736842105263,0.0304657894736841,-5.37549465236124
2023-09-16,26559.67,-0.0015173159554027,34.14450534763876,39.52,-5.37549465236124,-0.0012108584180451,0.0003166455004901,0.0516354307113002,-6.525976220543633
2023-09-17,26527.51,-0.0012115920994153,33.304023779456365,39.83,-6.525976220543633,0.0088587281655911,0.0019839781419364,0.0538746380644092,-8.039853716721225
2023-09-18,26762.51,0.0088197198400656,33.44014628327877,41.48,-8.039853716721225,0.0167304935149954,-0.0069705718932939,0.043140198733228,-8.613974417595095
2023-09-19,27210.26,0.0165920804871499,33.916025582404906,42.53,-8.613974417595095,-0.0031333768953327,-0.0353499011034806,0.0139601753162226,-9.086736727861355
2023-09-20,27125.0,-0.0031382961994271,33.92326327213864,43.01,-9.086736727861355,-0.0205316129032256,-0.0302374193548387,0.0097740092165898,-6.696518088922964
2023-09-21,26568.08,-0.020745316649489,34.67348191107703,41.37,-6.696518088922964,0.0004539281724533,-0.0130385786251774,0.0115717808738906,-2.9795708840724657
2023-09-22,26580.14,0.0004538251782273,34.31042911592753,37.29,-2.9795708840724657,-0.0001572602702619,-0.0077934126757797,0.0067527861027067,-3.4934899128897428
2023-09-23,26575.96,-0.0001572726369548,34.14651008711026,37.64,-3.4934899128897428,-0.0123261774927414,0.0167606363043892,0.0107631107211179,-4.2178779146643
2023-09-24,26248.38,-0.0124027749048935,34.3821220853357,38.6,-4.2178779146643,0.002149846961984,0.0250903103353425,0.023014753672417,-4.864462726580733
2023-09-25,26304.81,0.0021475393477571,34.38553727341927,39.25,-4.864462726580733,-0.0031606386816709,0.0250049325579617,0.0322883913626443,-4.285290895871199
2023-09-26,26221.67,-0.0031656440496646,34.3847091041288,38.67,-4.285290895871199,0.0057707994952267,0.0675357442908861,0.0869170422783904,-1.617621835003085
2023-09-27,26372.99,0.0057542122158011,34.44237816499692,36.06,-1.617621835003085,0.0245857599005647,0.0425253261006808,0.0767042341425829,-9.82181426624053
2023-09-28,27021.39,0.0242883942227579,28.80818573375948,38.63,-9.82181426624053,-0.0042347932508283,0.0149907166137641,0.0480585935808632,-4.681053412232409
2023-09-29,26906.96,-0.004243785383294,28.35894658776759,33.04,-4.681053412232409,0.0020663798511613,0.0323934773753704,0.0671480538864293,-13.812343938066782
2023-09-30,26962.56,0.0020642478248622,22.07765606193322,35.89,-13.812343938066782,0.0382014912530559,0.0166093278976475,0.1003791924802393,-11.905548586856153
2023-10-01,27992.57,0.037489880793177,25.594451413143847,37.5,-11.905548586856153,-0.0177925785306601,-0.0021962970888346,0.0684906744896949,-11.835003129444097
2023-10-02,27494.51,-0.0179527694400128,26.334996870555905,38.17,-11.835003129444097,-0.0024750395624435,0.0168091739041722,0.090852682953797,-11.646386799113692
2023-10-03,27426.46,-0.0024781075361443,26.31361320088631,37.96,-11.646386799113692,0.0128383320341014,0.0178874707125893,0.2057695378842183,-10.66456411754778
2023-10-04,27778.57,0.0127566192765861,26.61543588245222,37.28,-10.66456411754778,-0.0132541019930111,-0.0067840065201341,0.2211834518479534,-9.734608602655143
2023-10-05,27410.39,-0.013342721522066,27.015391397344857,36.75,-9.734608602655143,0.0189964462380871,-0.0007395006054273,0.2585027064554719,-7.262022283619945
2023-10-06,27931.09,0.0188182667350826,27.797977716380057,35.06,-7.262022283619945,0.0009158253401495,-0.0377919372283717,0.2227113227589758,-10.614747999969715
2023-10-07,27956.67,0.0009154062279922,26.995252000030284,37.61,-10.614747999969715,-0.001417193106332,-0.0428176889450709,0.2123053282096902,-11.246185712005564
2023-10-08,27917.05,-0.0014181982742726,26.60381428799444,37.85,-11.246185712005564,-0.0117107645686059,-0.0377923168816188,0.2207951771408511,-9.89101526127716
2023-10-09,27590.12,-0.0117798756643824,26.91898473872284,36.81,-9.89101526127716,-0.0072489717333595,-0.0267356575469769,0.2513860033954183,-11.503766298928635
2023-10-10,27390.12,-0.007275373195296,27.02623370107137,38.53,-11.503766298928635,-0.0187877964755174,-0.008615150280466,0.2586556758422382,-10.652132533311825
2023-10-11,26875.52,-0.0189665293285473,26.227867466688178,36.88,-10.652132533311825,-0.0043121026123401,0.0604736206034337,0.2888967357654846,-10.608136054598836
2023-10-12,26759.63,-0.0043214265402864,24.58186394540116,35.19,-10.608136054598836,0.0038255386939205,0.0611473327546008,0.3236890794080485,-11.289847182466575
2023-10-13,26862.0,0.00381823992932,24.08015281753342,35.37,-11.289847182466575,-0.0003544039907676,0.0542774179137814,0.3007814012359466,-12.780306155921444
2023-10-14,26852.48,-0.0003544668067039,23.74969384407856,36.53,-12.780306155921444,0.0112343440903783,0.0693131509640823,0.2928705281597825,-14.11414470856842
2023-10-15,27154.15,0.0111717075306749,24.04585529143157,38.16,-14.11414470856842,0.0495920513070744,0.09261530926212,0.291223256850242,-13.253938973034774
2023-10-16,28500.78,0.0484015661102945,29.37606102696523,42.63,-13.253938973034774,-0.0036795484193765,0.0494379452071136,0.2284533967140547,-11.67884872665234
2023-10-17,28395.91,-0.0036863346095197,29.40115127334765,41.08,-11.67884872665234,-0.0026732723128084,0.0562246464367579,0.2341949949834323,-9.985336058152566
2023-10-18,28320.0,-0.0026768518861103,29.25466394184744,39.24,-9.985336058152566,0.0139021892655366,0.1677256355932201,0.2499689265536724,-10.10195486401387
2023-10-19,28713.71,0.0138064402260006,29.07804513598613,39.18,-10.10195486401387,0.0332708660775638,0.1814122939877851,0.2406867660082936,-13.040372066420732
2023-10-20,29669.04,0.0327293688126812,31.219627933579265,44.26,-13.040372066420732,0.008114856429463,0.1626951866322605,0.2370164319438712,-15.39998307598059
2023-10-21,29909.8,0.0080821080284522,30.50001692401941,45.9,-15.39998307598059,0.0027636426856749,0.1418217440437583,0.2471373930952396,-18.295205741668152
2023-10-22,29992.46,0.0027598308466535,30.51479425833185,48.81,-18.295205741668152,0.1026101226774995,0.1300180111934799,0.2379778117566882,-9.631364340853189
2023-10-23,33069.99,0.0976802078654768,45.73863565914681,55.37,-9.631364340853189,0.025785916475935,0.0305718266017014,0.120778385478798,-7.798546978199901
2023-10-24,33922.73,0.0254590665708626,46.391453021800096,54.19,-7.798546978199901,0.0169007624091575,0.0177804085932942,0.0748819449378042,-11.607676332606909
2023-10-25,34496.05,0.0167595335532492,46.75232366739309,58.36,-11.607676332606909,-0.0099834618746204,-0.0006180417757974,0.0305872701367257,-8.149869328950992
2023-10-26,34151.66,-0.0100336308158802,46.87013067104901,55.02,-8.149869328950992,-0.0076025587043209,0.0142924238528958,0.1085317668306604,-0.2872635505336021
2023-10-27,33892.02,-0.0076316054672112,46.9027364494664,47.19,-0.2872635505336021,0.0055759438357467,0.0451259618045782,0.0670213814343319,-4.057994234702072
2023-10-28,34081.0,0.0055604558078266,46.172005765297925,50.23,-4.057994234702072,0.0130539010005574,0.0252513130483258,0.0743205891845895,-7.840527050412483
2023-10-29,34525.89,0.0129694331309013,46.36947294958752,54.21,-7.840527050412483,-0.0014817865665446,0.0055288944035909,0.059150104457843,-7.523232544081971
2023-10-30,34474.73,-0.001482885497981,46.36676745591803,53.89,-7.523232544081971,0.0047872746211499,0.0170368266843568,0.0836882551364432,-10.244263841076226
2023-10-31,34639.77,0.0047758520627768,44.51573615892377,54.76,-10.244263841076226,0.0225653923221778,0.0107422768684666,0.0810920511308246,-15.02488838680442
2023-11-01,35421.43,0.0223145602612131,44.75511161319558,59.78,-15.02488838680442,-0.0135466015911837,-0.0105964101392858,0.0090402900165238,-15.001042035594502
2023-11-02,34941.59,-0.01363919395731,44.9989579644055,60.0,-15.001042035594502,-0.006433880083877,0.0130941379599498,0.070596386712797,-13.055011394257072
2023-11-03,34716.78,-0.0064546666973641,44.83498860574293,57.89,-13.055011394257072,0.0099459108822881,0.0261527710807281,0.074243636650634,-17.7338008799779
2023-11-04,35062.07,0.0098967758372308,44.7261991200221,62.46,-17.7338008799779,-0.0014314614054447,0.0467462417364403,0.0756230308136398,-15.85525931229408
2023-11-05,35011.88,-0.0014324869251003,44.24474068770592,60.1,-15.85525931229408,0.0009770969168179,0.0653992302041479,0.0790814432129893,-13.115100071436316
2023-11-06,35046.09,0.0009766198683485,44.24489992856368,57.36,-13.115100071436316,0.0100733063231877,0.0594619827775366,0.0685194839138974,-11.09994887006036
2023-11-07,35399.12,0.0100229087373373,44.38005112993964,55.48,-11.09994887006036,0.0063730397817798,0.0470353500313001,0.0520798257131813,-13.335044748705664
2023-11-08,35624.72,0.0063528178351219,44.244955251294336,57.58,-13.335044748705664,0.0302141322093196,0.0235288866831795,0.0615906595195696,-13.494020910064464
2023-11-09,36701.09,0.029766675983155,45.375979089935534,58.87,-13.494020910064464,0.0163630017528089,-0.0313314945141954,0.0314309466013136,-11.593306814461153
2023-11-10,37301.63,0.016230570534908,45.24669318553885,56.84,-11.593306814461153,-0.0046011394140148,0.0149207956864083,0.0113220253377668,-12.839819932371732
2023-11-11,37130.0,-0.0046117572378791,45.25018006762827,58.09,-12.839819932371732,-0.0017740371667116,-0.0260298949636411,0.0418130891462429,-13.095183609880364
2023-11-12,37064.13,-0.0017756126342137,45.23481639011963,58.33,-13.095183609880364,-0.0162205345167955,-0.0121467845056661,0.0643808447682436,-10.667110203744343
2023-11-13,36462.93,-0.0163535274925213,45.592889796255655,56.26,-10.667110203744343,-0.0250045731377044,0.0028842992046991,0.096243774156383,-9.963192329366455
2023-11-14,35551.19,-0.0253224983929354,46.276807670633545,56.24,-9.963192329366455,0.0648926238474716,0.0508750902571755,0.1811447099239151,-12.162529221934626
2023-11-15,37858.2,0.0628739714000101,48.34747077806537,60.51,-12.162529221934626,-0.0447641462087472,-0.0108145659328757,0.1641683968070326,-4.448093876052205
2023-11-16,36163.51,-0.0457970016721318,50.9019061239478,55.35,-4.448093876052205,0.0124548197893399,-0.0116653499618815,0.2101339167575271,-4.323850254066947
2023-11-17,36613.92,0.0123778965726653,51.07614974593305,55.4,-4.323850254066947,-0.0012514366120863,0.0216972124263121,0.1818767288506666,-3.5295130637340435
2023-11-18,36568.1,-0.0012522203127861,50.85048693626596,54.38,-3.5295130637340435,0.0216516581391978,0.0198582917898386,0.2079104465367356,-6.427456477867061
2023-11-19,37359.86,0.0214205903732043,50.11254352213294,56.54,-6.427456477867061,0.0023800945720888,0.0094676478980382,0.17006862445416,-7.899943235671351
2023-11-20,37448.78,0.0023772666332884,50.04005676432865,57.94,-7.899943235671351,-0.0455857306967009,0.0088625050001629,0.1693173983237905,-3.1087941434498703
2023-11-21,35741.65,-0.0466574572380058,52.61120585655013,55.72,-3.1087941434498703,0.0466315908750714,0.0477252728959072,0.1542108436515941,-12.374607342320232
2023-11-22,37408.34,0.0455769987877179,43.12539265767977,55.5,-12.374607342320232,-0.0030490526978742,-0.0044278896096431,0.1091748524526885,-11.655380617351852
2023-11-23,37294.28,-0.0030537105294436,42.21461938264815,53.87,-11.655380617351852,0.0112427428549364,0.014066232140693,0.1494800275001957,-11.660625616335238
2023-11-24,37713.57,0.0111800129543677,41.98937438366476,53.65,-11.660625616335238,0.0017792004310384,0.0037405634099343,0.1407633910022308,-10.282140076636914
2023-11-25,37780.67,0.0017776195288349,41.84785992336309,52.13,-10.282140076636914,-0.008820383545342,-0.0015010321415687,0.1100994238588146,-11.312714050195844
2023-11-26,37447.43,-0.0088595133917138,41.87728594980416,53.19,-11.312714050195844,-0.0054671308551749,0.0329819696571966,0.1289968363650055,-8.743970495431796
2023-11-27,37242.7,-0.0054821303093678,41.8760295045682,50.62,-8.743970495431796,0.0154706828452289,0.0592773885889046,0.1109465747649876,-8.60604972860726
2023-11-28,37818.87,0.0153522319467537,41.97395027139274,50.58,-8.60604972860726,0.0009458241348827,0.0569395648257073,0.1279501476379383,-9.927941429399922
2023-11-29,37854.64,0.0009453771250752,41.97205857060008,51.9,-9.927941429399922,-0.0034521527611939,0.1092722054680745,0.1167980992554678,-7.843670309154355
2023-11-30,37723.96,-0.0034581251896556,41.95632969084564,49.8,-7.843670309154355,0.0254098456259628,0.1683110680851109,0.157591355732537,-9.31316564979008
2023-12-01,38682.52,0.0250923820630897,42.14683435020992,51.46,-9.31316564979008,0.0198495341048101,0.1313298616532741,0.1338920008313835,-9.9150507647582
2023-12-02,39450.35,0.0196551008311664,42.4349492352418,52.35,-9.9150507647582,0.0132295404223283,0.096901294918803,0.1145411891149255,-12.097566875216993
2023-12-03,39972.26,0.0131427942891877,42.62243312478301,54.72,-12.097566875216993,0.0505060259289815,0.105041096000076,0.0933122120190352,-9.262840295363382
2023-12-04,41991.1,0.0492719775349014,45.82715970463662,55.09,-9.262840295363382,0.0495871744250566,0.0410205972217923,0.0238240960584505,-6.875032059413442
2023-12-05,44073.32,0.0483969196447064,48.83496794058656,55.71,-6.875032059413442,-0.0070480281494563,-0.0064394967295405,-0.0112809745215473,-4.8139400508714445
2023-12-06,43762.69,-0.0070729828231434,48.89605994912856,53.71,-4.8139400508714445,-0.0111864695703121,-0.0573385685386341,-0.0286490615636287,-3.471487903355168
2023-12-07,43273.14,-0.0112495086853494,48.92851209664483,52.4,-3.471487903355168,0.0207484365590293,-0.041151393219905,0.0035983060161568,-4.319597282801084
2023-12-08,44170.99,0.0205361195573296,49.40040271719892,53.72,-4.319597282801084,-0.0103549863835969,-0.0294754543649575,-0.0363865514447376,-5.546761282556645
2023-12-09,43713.6,-0.0104089722604937,48.43323871744335,53.98,-5.546761282556645,0.0017365305076681,-0.0158152154020715,-0.0376690549394239,-6.924968617770404
2023-12-10,43789.51,0.0017350244818206,48.1050313822296,55.03,-6.924968617770404,-0.0579159255264559,-0.0422295202663833,-0.0376626730922543,-3.201380434373853
2023-12-11,41253.4,-0.0596607573549242,52.38861956562615,55.59,-3.201380434373853,0.005793219467971,0.0248374679420362,0.0249720023076884,-1.4463064877938263
2023-12-12,41492.39,0.0057765033012788,52.42369351220617,53.87,-1.4463064877938263,0.033178132182793,-0.0028376287796387,0.064762719139582,-0.1184374671029075
2023-12-13,42869.03,0.0326396168808299,53.34156253289709,53.46,-0.1184374671029075,0.003574375254117,-0.0049273333219808,0.0484704225871217,-0.5100892985786913
2023-12-14,43022.26,0.0035680023564587,52.61991070142131,53.13,-0.5100892985786913,-0.0251488415531866,-0.0173461366278759,-0.0041148465933681,-5.500017903295543
2023-12-15,41940.3,-0.0254704776409772,48.649982096704456,54.15,-5.500017903295543,0.0080526367241053,0.0412164433730801,0.0527130230351235,-7.7723229295183955
2023-12-16,42278.03,0.0080203872581405,46.03767707048161,53.81,-7.7723229295183955,-0.021367599199868,0.0374608277632615,0.0441619441587037,-8.150162249119475
2023-12-17,41374.65,-0.0215991913352078,46.449837750880526,54.6,-8.150162249119475,0.0310129511669585,0.0627048204637381,0.0626874185038421,-8.366172719610297
2023-12-18,42657.8,0.0305417667085518,47.653827280389706,56.02,-8.366172719610297,-0.0089505319074121,0.0244822752228197,0.0298004116480454,-10.4511920858656
2023-12-19,42275.99,-0.008990828549252,47.1688079141344,57.62,-10.4511920858656,0.0329487257424367,0.0169247367122569,0.1105840454593731,-9.601875541586132
2023-12-20,43668.93,0.0324175526446297,48.49812445841387,58.1,-9.601875541586132,0.0044166413053858,-0.0021250806923824,0.0558994690275214,-12.918157347280392
2023-12-21,43861.8,0.0044069165684448,45.71184265271961,58.63,-12.918157347280392,0.002444952099549,-0.0308439234139958,0.063658810171949,-14.37317787105097
2023-12-22,43969.04,0.0024419680670525,42.86682212894903,57.24,-14.37317787105097,-0.0060697254249807,-0.0122856901128612,0.0539042926568331,-14.063827606295249
2023-12-23,43702.16,-0.0060882210887275,42.90617239370475,56.97,-14.063827606295249,-0.016261438793872,-0.0260490556988487,-0.0210385482090588,-15.620417201415847
2023-12-24,42991.5,-0.0163951070628506,43.10958279858415,58.73,-15.620417201415847,0.0135987346335904,-0.0215054138608795,-0.0033381017177814,-14.898164755368654
2023-12-25,43576.13,0.0135071016356846,43.361835244631344,58.26,-14.898164755368654,-0.0244904721920005,-0.0329503790263154,-0.0423116967936344,-15.872168047725792
2023-12-26,42508.93,-0.0247953518646705,44.1078319522742,59.98,-15.872168047725792,0.0216406293924593,-0.0053012390572991,5.104809742317862e-05,-19.655327103356925
2023-12-27,43428.85,0.021409795298211,44.69467289664307,64.35,-19.655327103356925,-0.0199197077518745,0.0172857443842056,-0.00669831229701,-18.82568274920761
2023-12-28,42563.76,-0.0201207798082353,44.92431725079239,63.75,-18.82568274920761,-0.0116721361082762,0.0559901192939722,0.0049887509938031,-17.390612677829374
2023-12-29,42066.95,-0.0117407902387348,45.10938732217063,62.5,-17.390612677829374,0.0017431736790995,0.0185009847398018,-0.0175779323197902,-18.012650660094387
2023-12-30,42140.28,0.0017416561151908,45.09734933990561,63.11,-18.012650660094387,0.0034005469351414,0.0477172909150105,-0.0114201898990704,-20.45428430868024
2023-12-31,42283.58,0.0033947781497301,44.25571569131976,64.71,-20.45428430868024,0.0448393915557765,0.0440248909860516,-0.0138952283605124,-20.488840545794417
2024-01-01,44179.55,0.0438631813137809,46.32115945420559,66.81,-20.488840545794417,0.0173691221390892,-0.0047811713790657,-0.0588331026459074,-17.266544931993252
2024-01-02,44946.91,0.0172200031711351,46.48345506800675,63.75,-17.266544931993252,-0.046759165424275,-0.0226464956100431,-0.1196720753440003,-18.862896179179643
2024-01-03,42845.23,-0.0478876952125601,46.30710382082036,65.17,-18.862896179179643,0.0304787720826797,0.0958288705650547,-0.0687971566496434,-20.9660836848852
2024-01-04,44151.1,0.0300235215075549,44.373916315114805,65.34,-20.9660836848852,-0.0001356704589465,0.0443680904892516,-0.0920978186273955,-23.3346948989145
2024-01-05,44145.11,-0.0001356796630157,44.3053051010855,67.64,-23.3346948989145,-0.0040047470716462,0.0568325687714901,-0.0947787875033044,-27.236607144519404
2024-01-06,43968.32,-0.0040127875450878,44.1533928554806,71.39,-27.236607144519404,-0.00089382537245,0.0539215507892956,-0.0487808039970596,-28.24041613451756
2024-01-07,43929.02,-0.0008942250725407,43.56958386548244,71.81,-28.24041613451756,0.0687932487453624,-0.0260941400468299,-0.0411661812624092,-17.92936131779844
2024-01-08,46951.04,0.066530207112407,49.23063868220156,67.16,-17.92936131779844,-0.0179131282288954,-0.0873899704884066,-0.1047895850656344,-14.540966561703756
2024-01-09,46110.0,-0.0180755104150301,49.62903343829625,64.17,-14.540966561703756,0.0117976577748861,-0.0949392756451963,-0.0608826718716114,-17.45935017037654
2024-01-10,46653.99,0.0117286079638338,45.24064982962346,62.7,-17.45935017037654,-0.0067481902405345,-0.0888003362627719,-0.0795835468734827,-12.04257286334127
2024-01-11,46339.16,-0.0067710622307292,45.25742713665873,57.3,-12.04257286334127,-0.0767478305605885,-0.0690821758529935,-0.081122748017012,-5.512167625017767
2024-01-12,42782.73,-0.0798528754667809,51.90783237498224,57.42,-5.512167625017767,0.001525381853846,-0.0001549690728012,0.0070170837625369,-3.174365995065692
2024-01-13,42847.99,0.0015242196406752,51.89563400493431,55.07,-3.174365995065692,-0.0260371606696137,-0.035485678558084,0.0082153211854278,-4.9189827565025865
2024-01-14,41732.35,-0.0263821287056394,51.95101724349741,56.87,-4.9189827565025865,0.0186605834562396,-0.0017569104064353,0.0306414568074886,-3.685044709439637
2024-01-15,42511.1,0.0184886108803488,52.27495529056037,55.96,-3.685044709439637,0.0147455605712389,-0.0191728748491569,0.0016885001799529,-3.179429640476052
2024-01-16,43137.95,0.0146379018282994,51.980570359523945,55.16,-3.179429640476052,-0.0083882057445937,-0.0361078818070862,-0.0099506351136297,0.171967802060962
2024-01-17,42776.1,-0.0084235847254326,50.96196780206096,50.79,0.171967802060962,-0.0338647048234878,-0.0749970193636166,0.0075474388735765,3.955602996277456
2024-01-18,41327.5,-0.0344513974581589,52.26560299627746,48.31,3.955602996277456,0.0080220192365858,-0.0345992377956566,0.0731256427318371,3.063828361522688
2024-01-19,41659.03,0.0079900138913296,51.10382836152269,48.04,3.063828361522688,0.0008884028264701,-0.0377865255143963,0.087126848608813,3.1216438333697027
2024-01-20,41696.04,0.0008880084302503,51.0816438333697,47.96,3.1216438333697027,-0.002775083677011,-0.0416094669901507,0.130389600547198,3.2637389561772494
2024-01-21,41580.33,-0.0027789413603004,51.08373895617725,47.82,3.2637389561772494,-0.0483957198030896,0.0058484384323067,0.1484057485835248,4.912769044493096
2024-01-22,39568.02,-0.0496060026684201,53.89276904449309,48.98,4.912769044493096,0.0083294539378013,0.0645119467691333,0.2206825107751158,4.07654491658905
2024-01-23,39897.6,0.0082949554728822,53.666544916589054,49.59,4.07654491658905,0.0046940166827076,0.053473391883221,0.2511346547160731,5.944289344395351
2024-01-24,40084.88,0.0046830341411442,53.48428934439535,47.54,5.944289344395351,-0.0030881968462921,0.080275156118716,0.2398587696907164,7.781394288572578
2024-01-25,39961.09,-0.0030929751663039,52.791394288572576,45.01,7.781394288572578,0.0466058358268006,0.074572790682136,0.296140070253339,10.89254690783789
2024-01-26,41823.51,0.0455523909262842,54.62254690783789,43.73,10.89254690783789,0.0071041383183763,0.0180876736553197,0.2404506460600748,11.796040079736528
2024-01-27,42120.63,0.0070790228069771,54.22604007973653,42.43,11.796040079736528,-0.002126511403082,0.0228465243753477,0.2374959728759993,8.826274793862034
2024-01-28,42031.06,-0.0021287756389742,54.076274793862034,45.25,8.826274793862034,0.0302547687353114,0.0278113376155633,0.2286780300092361,9.703269835858066
2024-01-29,43302.7,0.0298061199427104,55.06326983585807,45.36,9.703269835858066,-0.0083505185588889,-0.0067342221154801,0.2040281552882383,8.218185939317024
2024-01-30,42941.1,-0.0083855794598922,55.12818593931702,46.91,8.218185939317024,-0.008409193057467,-0.0083421244448791,0.2057150375747245,7.254408989712047
2024-01-31,42580.0,-0.0084447497973837,53.044408989712046,45.79,7.254408989712047,0.0118116486613433,0.0030225457961483,0.227309065288868,8.102157287461345
2024-02-01,43082.94,0.0117424356196099,52.86215728746134,44.76,8.102157287461345,0.0027170847671955,0.0003716088084981,0.2034784534203095,7.752671721636268
2024-02-02,43200.0,0.0027134001651212,50.162671721636265,42.41,7.752671721636268,-0.0043729166666667,0.0266111111111111,0.1872319444444443,7.561143358868456
2024-02-03,43011.09,-0.0043825058320451,49.08114335886846,41.52,7.561143358868456,-0.0099558044216038,0.0529528547172371,0.1797922349793972,6.515049758538389
2024-02-04,42582.88,-0.0100056948515458,49.20504975853839,42.69,6.515049758538389,0.0029547085589325,0.106847869378492,0.2110082737475718,6.82590273065837
2024-02-05,42708.7,0.0029503519870888,49.19590273065837,42.37,6.82590273065837,0.0091374825269792,0.1180647034444972,0.2112016989512675,6.4271184912743
2024-02-06,43098.95,0.0090959883104264,49.2971184912743,42.87,6.4271184912743,0.0290181083297853,0.1206767218226894,0.2639860135803773,0.803202590686233
2024-02-07,44349.6,0.0286050546851993,44.62320259068623,43.82,0.803202590686233,0.0211738099103486,0.1255404783808646,0.2860846546530295,-0.1339723340594645
2024-02-08,45288.65,0.0209527596700549,44.77602766594053,44.91,-0.1339723340594645,0.0407192530578852,0.0973961467166717,0.3785374481244197,-1.078461273079547
2024-02-09,47132.77,0.0399120635942179,46.71153872692045,47.79,-1.078461273079547,0.0131186857891016,0.0989205599416287,0.2969952752617766,-3.0372236605844947
2024-02-10,47751.09,0.0130333810778715,46.8727763394155,49.91,-3.0372236605844947,0.0114950255585788,0.0864673455621642,0.3065230552852303,-13.380297908451332
2024-02-11,48299.99,0.011429459727835,37.90970209154867,51.29,-13.380297908451332,0.033484064903533,0.0791743435143568,0.2833808040125889,-14.671391384339104
2024-02-12,49917.27,0.0329356814465882,39.6086086156609,54.28,-14.671391384339104,-0.0043608154051694,0.0345645905715596,0.2643714289663679,-13.63505644208268
2024-02-13,49699.59,-0.0043703514941825,38.55494355791732,52.19,-13.63505644208268,0.042164935364658,0.0490563403038133,0.373164446628232,-14.480002228006342
2024-02-14,51795.17,0.0413002181031989,40.64999777199366,55.13,-14.480002228006342,0.0016377975011956,-0.0003946313913053,0.2303079611477287,-14.74789309417286
2024-02-15,51880.0,0.0016364577734705,40.33210690582714,55.08,-14.74789309417286,0.0047052814186585,0.0073018504240554,0.2735936777178103,-14.98174851218647
2024-02-16,52124.11,0.0046942461844267,40.25825148781353,55.24,-14.98174851218647,-0.0092369922479251,-0.0052704976641327,0.282001169900071,-17.680975805354073
2024-02-17,51642.64,-0.0092799178006313,38.55902419464593,56.24,-17.680975805354073,0.0095856834584753,-0.0068590606522052,0.3191461551926857,-18.63813138412077
2024-02-18,52137.67,0.0095400322946761,38.60186861587923,57.24,-18.63813138412077,-0.0069611856456185,-0.0267276999528363,0.3102478495874481,-18.15254713212591
2024-02-19,51774.73,-0.0069855277307065,38.67745286787409,56.83,-18.15254713212591,0.0093499280440476,-0.0039886253390408,0.3318443186473401,-16.82866722374731
2024-02-20,52258.82,0.0093064880309006,38.80133277625269,55.63,-16.82866722374731,-0.007834658340927,-0.0101412546245782,0.3792523443889473,-19.172110180375302
2024-02-21,51849.39,-0.0078655105264593,34.83788981962469,54.01,-19.172110180375302,-0.0108192208240058,0.0506675199071773,0.3780684787227004,-20.45573163386717
2024-02-22,51288.42,-0.010878174198953,34.92426836613283,55.38,-20.45573163386717,-0.0106119471022892,0.1120900195404732,0.4247350571532522,-17.146037884565708
2024-02-23,50744.15,-0.010668655359765,35.08396211543429,52.23,-17.146037884565708,0.0162397044782502,0.2303309839656393,0.4068407885440981,-18.66529961738648
2024-02-24,51568.22,0.0161092509338547,35.514700382613526,54.18,-18.66529961738648,0.0031149029382824,0.1854390165105564,0.3477263710091216,-23.38934618954731
2024-02-25,51728.85,0.0031100616788884,31.78065381045269,55.17,-23.38934618954731,0.053115814482634,0.2060561949473069,0.262363845320358,-19.58379210137348
2024-02-26,54476.47,0.0517532123675628,36.46620789862652,56.05,-19.58379210137348,0.0470087360653139,0.1378725530490503,0.2554682783227326,-18.53566051549945
2024-02-27,57037.34,0.0459372757555132,39.82433948450055,58.36,-18.53566051549945,0.0945829521502932,0.1065377522864847,0.1853636582631659,-18.04497468404402
2024-02-28,62432.1,0.0903734251045635,49.715025315955984,67.76,-18.04497468404402,-0.020840561185672,0.0931189243994676,-0.0079238084254733,-15.370343001229514
2024-02-29,61130.98,-0.0210607908615077,50.16965699877049,65.54,-15.370343001229514,0.0205610968448404,0.0424176088785097,0.1097566242190128,-14.786251549960769
2024-03-01,62387.9,0.0203525709953411,50.58374845003924,65.37,-14.786251549960769,-0.0064214374902825,0.0590842134452351,0.0499034267862839,-15.352298067401222
2024-03-02,61987.28,-0.0064421436096346,50.46770193259877,65.82,-15.352298067401222,0.0181761483968969,0.0780142313068099,0.0291892143033216,-20.871501036914715
2024-03-03,63113.97,0.018012936948412,50.84849896308528,71.72,-20.871501036914715,0.0813090984452413,0.0793836927070188,0.0138802867257439,-17.1321921984944
2024-03-04,68245.71,0.0781724352918946,57.6778078015056,74.81,-17.1321921984944,-0.0662561793261438,0.0009899523354655,-0.0151763385566653,-10.849597058117944
2024-03-05,63724.01,-0.0685531603092363,62.34040294188205,73.19,-10.849597058117944,0.0368782504428077,0.0821020208866329,0.0966040900439253,-11.251009850062218
2024-03-06,66074.04,0.0362145168030425,63.59899014993778,74.85,-11.251009850062218,0.0113377356674422,0.0908686679367571,0.0592359722517346,-6.038588402955092
2024-03-07,66823.17,0.0112739452488642,63.64141159704492,69.68,-6.038588402955092,0.0194695941542433,0.0692699852461353,0.0396093151522145,-8.656765413138295
2024-03-08,68124.19,0.0192824863151763,63.21323458686171,71.87,-8.656765413138295,0.0027755192392011,0.0726352856452312,0.0389936379427044,-12.243234010459943
2024-03-09,68313.27,0.0027716745979517,62.79676598954006,75.04,-12.243234010459943,0.0094068107118865,0.0450230240771667,0.0225032413175358,-18.79881468893237
2024-03-10,68955.88,0.0093628421886472,61.32118531106763,80.12,-18.79881468893237,0.0452785172199963,0.0078886673623772,0.0090826192052075,-19.9469408299394
2024-03-11,72078.1,0.0442833735611532,63.0730591700606,83.02,-19.9469408299394,-0.0086862722519046,-0.0940295318550296,-0.0110725726677036,-15.059547314715765
2024-03-12,71452.01,-0.0087242178114949,63.02045268528423,78.08,-15.059547314715765,0.0226781583891062,-0.0428053738446265,-0.0252226634352202,-15.043764740233456
2024-03-13,73072.41,0.0224248317904923,62.456235259766544,77.5,-15.043764740233456,-0.0230383806966267,-0.0747535218832935,-0.1041216513866177,-11.615295797977735
2024-03-14,71388.94,-0.023307911945009,62.96470420202226,74.58,-11.615295797977735,-0.0264619421439791,-0.1323950180518158,-0.0760014086215596,-14.695711332269504
2024-03-15,69499.85,-0.0268183610911704,62.0042886677305,76.7,-14.695711332269504,-0.0604205620587671,-0.0238754472131955,-0.0145620458173651,-10.027815992819852
2024-03-16,65300.63,-0.0623229102797109,65.70218400718015,75.73,-10.027815992819852,0.0473632490222528,0.0030725584117641,0.0385905924644218,-8.293921253272885
2024-03-17,68393.48,0.0462758144323566,67.63607874672712,75.93,-8.293921253272885,-0.0114556241325926,-0.0672116698843222,0.0073474839999367,-6.401990869672247
2024-03-18,67609.99,-0.0115217452522204,67.67800913032775,74.08,-6.401990869672247,-0.0839016541786207,-0.0535420874932832,0.0258896651219737,-2.424062464697812
2024-03-19,61937.4,-0.0876315556373349,74.18593753530219,76.61,-2.424062464697812,0.0953076816269329,0.085127725735985,0.1563288094107922,2.929283542150287
2024-03-20,67840.51,0.0910353115859427,80.65928354215029,77.73,2.929283542150287,-0.034481462477213,0.0300631584284964,0.0192435168898348,6.258043051852084
2024-03-21,65501.27,-0.0350899773778561,81.51804305185209,75.26,6.258043051852084,-0.0260243809013168,0.0684983665202216,0.0783161914265173,9.529402377048273
2024-03-22,63796.64,-0.0263690073790988,81.98940237704826,72.46,9.529402377048273,0.0030310373712472,0.0889286645817084,0.0973341229255959,8.228358014776333
2024-03-23,63990.01,0.0030264530386604,81.90835801477634,73.68,8.228358014776333,0.0503200421440783,0.1061195333459081,0.0488593453884442,10.97656398660088
2024-03-24,67209.99,0.0490949197687059,83.59656398660088,72.62,10.97656398660088,0.0397265347011654,0.0392880582187258,-0.0488838043273032,8.25719571390114
2024-03-25,69880.01,0.0389577311738261,84.50719571390114,76.25,8.25719571390114,0.0015453632591067,-0.0042620199968489,-0.0603630423063763,9.111949197399198
2024-03-26,69988.0,0.0015441704140665,84.5019491973992,75.39,9.111949197399198,-0.007401411670572,0.0184604503629193,-0.0938448019660513,6.811904590907574
2024-03-27,69469.99,-0.0074289380246216,82.59190459090757,75.78,6.811904590907574,0.0188658440860578,0.0025883118739473,-0.0817129813895181,4.754550757056222
2024-03-28,70780.6,0.018690091094532,81.28455075705622,76.53,4.754550757056222,-0.0131400411977294,-0.0751139436512265,-0.1342632020638423,1.9551028393140089
2024-03-29,69850.54,-0.0132271353273706,75.06510283931401,73.11,1.9551028393140089,-0.003841917328055,-0.0556511087816929,-0.0913444620471078,-0.2131589452375522
2024-03-30,69582.18,-0.0038493164497219,74.71684105476245,74.93,-0.2131589452375522,0.024400356528065,-0.0157280211686382,-0.0828397443138457,-1.7873617189582802
2024-03-31,71280.01,0.0241074233791595,74.85263828104172,76.64,-1.7873617189582802,-0.0228705074536323,-0.0485324005987092,-0.0889368562097564,1.4428653290542712
2024-04-01,69649.8,-0.0231360947330178,75.25286532905427,73.81,1.4428653290542712,-0.0600979471584987,-0.0108227159302682,-0.0676046449523186,3.674193440571728
2024-04-02,65463.99,-0.0619796082519771,78.04419344057173,74.37,3.674193440571728,0.0076269411626148,0.059519745130109,0.0207034432212276,0.7239261248587496
2024-04-03,65963.28,0.0075980030930285,73.17392612485875,72.45,0.7239261248587496,0.0382714443551017,0.0857555900798141,0.0068328924819991,-1.923472630499262
2024-04-04,68487.79,0.0375572576425187,70.38652736950074,72.31,-1.923472630499262,-0.0097414444238892,0.0096106181846429,-0.0612985175897776,-2.632100839208732
2024-04-05,67820.62,-0.0097892027031338,69.32789916079126,71.96,-2.632100839208732,0.0158562395920296,0.0414396093695399,-0.0489862817532484,-2.866543119665039
2024-04-06,68896.0,0.0157318426801832,69.43345688033496,72.3,-2.866543119665039,0.0067404493729679,0.0161145784951231,-0.0744018520668834,-8.283356832162141
2024-04-07,69360.39,0.006717834111896,69.14664316783787,77.43,-8.283356832162141,0.0325778156668381,-0.0323508849935819,-0.0850400350978418,-6.211685546742061
2024-04-08,71620.0,0.0320584092764381,70.03831445325794,76.25,-6.211685546742061,-0.0345434236246858,-0.1074488969561574,-0.1187012007819044,-2.661433352065359
2024-04-09,69146.0,-0.0351541533965402,71.02856664793464,73.69,-2.661433352065359,0.0214774535041795,-0.0503884534174067,-0.0763601654470251,-2.596207162922539
2024-04-10,70631.08,0.0212500630830319,69.72379283707745,72.32,-2.596207162922539,-0.0088466720316325,-0.1020951399865328,-0.1410013835269119,1.306279095525127
2024-04-11,70006.23,-0.0088860361676844,69.72627909552513,68.42,1.306279095525127,-0.0412778976956763,-0.0887469586635359,-0.1662889145723173,3.889147417797787
2024-04-12,67116.52,-0.0421540247116934,70.82914741779778,66.94,3.889147417797787,-0.0475592298289602,-0.0870001901171276,-0.1200287202018222,-0.5652533724775992
2024-04-13,63924.51,-0.0487273574622227,72.3847466275224,72.95,-0.5652533724775992,0.0271778383596525,-0.0071088538652858,-0.0163082986478895,0.3945986851714025
2024-04-14,65661.84,0.026815078915186,72.3845986851714,71.99,0.3945986851714025,-0.0341423572656507,-0.0280806934438632,-0.0269532501678295,-0.381606680515091
2024-04-15,63419.99,-0.0347388233991405,70.09839331948491,70.48,-0.381606680515091,0.0058877335048459,0.0239766672937034,0.0093347539159183,-2.634601135015515
2024-04-16,63793.39,0.0058704685364765,68.24539886498448,70.88,-2.634601135015515,-0.0394401363526847,0.0179918326961461,-0.0098474152259347,-1.1622343492162202
2024-04-17,61277.37,-0.0402389732109262,69.55776565078378,70.72,-1.1622343492162202,0.0357833568901537,0.0904404023867213,0.0168856790035212,-6.3061466661892
2024-04-18,63470.08,0.0351580069988131,63.6738533338108,69.98,-6.3061466661892,0.0054817955168797,0.0463827995805268,-0.0358759591921107,-15.175983346376952
2024-04-19,63818.01,0.0054668251605374,55.22401665362305,70.4,-15.175983346376952,0.0175903322588717,0.0073894500941034,-0.0116581510454494,-17.787035203726006
2024-04-20,64940.59,0.0174374130268211,54.192964796274,71.98,-17.787035203726006,8.623266280816111e-06,-0.0068100705583364,-0.0637598149323867,-18.64326238958239
2024-04-21,64941.15,8.623229100669178e-06,53.40673761041761,72.05,-18.64326238958239,0.0289211078029878,-0.0180338660464127,-0.0633675258291546,-15.055510356550002
2024-04-22,66819.32,0.0285107851109486,54.31448964345,69.37,-15.055510356550002,-0.0060659102786441,-0.0502450488870585,-0.0798471160736147,-12.572081575991769
2024-04-23,66414.0,-0.0060843826514526,51.58791842400823,64.16,-12.572081575991769,-0.0319873821784564,-0.0496187550817598,-0.0523070436956063,-11.398350398063386
2024-04-24,64289.59,-0.0325101568509029,51.04164960193661,62.44,-11.398350398063386,0.0032470264626045,-0.0065887805475194,-0.0421856788945146,-8.238668132882168
2024-04-25,64498.34,0.0032417662557915,51.05133186711783,59.29,-8.238668132882168,-0.0112922286061935,-0.0593246275795624,0.0264837823733139,-3.980826295763947
2024-04-26,63770.01,-0.0113564698957138,51.13917370423605,55.12,-3.980826295763947,-0.004830326982856,-0.0847583370302121,0.0229763175511497,-3.939955131324872
2024-04-27,63461.98,-0.0048420307160186,50.750044868675126,54.69,-3.939955131324872,-0.0054104835682718,-0.0693544386733601,0.0561284094823388,-6.214694161513307
2024-04-28,63118.62,-0.0054251732439513,50.57530583848669,56.79,-6.214694161513307,0.0118408799178435,-0.0037486561017968,0.0601499208949751,-4.606066510369999
2024-04-29,63866.0,0.011771325220062,50.72393348963,55.33,-4.606066510369999,-0.0500109604484388,0.0004077286819277,0.037704099207716,-6.683190008031012
2024-04-30,60672.0,-0.051304831768252,53.12680999196899,59.81,-6.683190008031012,-0.0380246242088607,0.0550501054852321,0.1775880142405062,-6.996597681311656
2024-05-01,58364.97,-0.0387664255347442,54.22340231868834,61.22,-6.996597681311656,0.0119187930705695,0.0822448807906524,0.2018911343567895,-6.871320765667839
2024-05-02,59060.61,0.0118483236441381,49.89867923433216,56.77,-6.871320765667839,0.0647030228776845,0.0550531056147236,0.1711125232197905,-1.464019411521825
2024-05-03,62882.01,0.0626959085169651,54.41598058847818,55.88,-1.464019411521825,0.0160623046241683,-0.0268595103750659,0.0809077190757736,-3.782795631601012
2024-05-04,63892.04,0.0159346707250689,53.10720436839899,56.89,-3.782795631601012,0.0018775421789631,-0.0128033163442582,0.0729034477534291,-5.648640450686891
2024-05-05,64012.0,0.0018757817997593,53.00135954931311,58.65,-5.648640450686891,-0.0132289258264075,-0.0501782478285321,0.0824621945885146,-2.6492095077352573
2024-05-06,63165.19,-0.0133172075113331,52.92079049226474,55.57,-2.6492095077352573,-0.0135060149427239,-0.0370330557067904,0.0845794970299305,-0.678775899840943
2024-05-07,62312.08,-0.0135980507937309,53.081224100159055,53.76,-0.678775899840943,-0.0179587970743394,-0.013289397497243,0.1143333684255121,-3.156386327843528
2024-05-08,61193.03,-0.0181220133351202,52.27361367215647,55.43,-3.156386327843528,0.0307384680902385,0.028549820134744,0.1177480507175408,-0.2691938959743254
2024-05-09,63074.01,0.0302755046599091,51.90080610402568,52.17,-0.2691938959743254,-0.0360532016277386,-0.0237264128283584,0.072587901102213,-1.3285593488233405
2024-05-10,60799.99,-0.036719174305045,52.94144065117666,54.27,-1.3285593488233405,0.0004276316492815,0.0889228764675784,0.1242135072719583,-1.3191591517412604
2024-05-11,60825.99,0.0004275402409262,52.85084084825874,54.17,-1.3191591517412604,0.0108177441912578,0.0724890790926706,0.1103807763753619,-3.6171541041747233
2024-05-12,61483.99,0.0107596509793828,50.90284589582528,54.52,-3.6171541041747233,0.02368242529478,0.0901049199962462,0.1021869270358024,-7.4589021896787955
2024-05-13,62940.08,0.0234063469685158,48.67109781032121,56.13,-7.4589021896787955,-0.0216490033060016,0.0631572123835875,0.0766689524385733,-7.859826748766935
2024-05-14,61577.49,-0.0218867810086137,48.37017325123306,56.23,-7.859826748766935,0.0751737363767182,0.0762700785627994,0.1174521728638176,-5.3930327199196455
2024-05-15,66206.5,0.0724822637554475,53.216967280080354,58.61,-5.3930327199196455,-0.0146706139125312,0.0791481198975929,0.0654216730985628,-4.063152610216321
2024-05-16,65235.21,-0.0147792915907175,53.42684738978368,57.49,-4.063152610216321,0.0274206214711349,0.0753140826863283,0.0900248500771285,-2.853306831063996
2024-05-17,67024.0,0.0270514103613143,52.406693168936,55.26,-2.853306831063996,-0.0016232991167343,0.0319679517784674,0.0563240033420864,-5.715194370027888
2024-05-18,66915.2,-0.0016246180943355,50.954805629972114,56.67,-5.715194370027888,-0.0095821278274592,0.0157580041604896,0.0364700396920283,-6.290252342654796
2024-05-19,66274.01,-0.0096283318061598,51.0297476573452,57.32,-6.290252342654796,0.078048845995587,0.0343419690463879,0.0458166029187008,-4.894343711990828
2024-05-20,71446.62,0.07515278314448,57.04565628800917,61.94,-4.894343711990828,-0.0181713284687224,-0.030177074856725,-0.0251723594482146,-1.1868357907183835
2024-05-21,70148.34,-0.0183384547582277,57.40316420928162,58.59,-1.1868357907183835,-0.0139949142060952,-0.0233885791167688,-0.008672193811001,-0.0515033719649693
2024-05-22,69166.62,-0.0140937663868154,56.74849662803503,56.8,-0.0515033719649693,-0.0173056020375146,0.0039008701017917,-0.0267814156597502,3.8547765698693865
2024-05-23,67969.65,-0.0174570942889185,57.034776569869386,53.18,3.8547765698693865,0.0085382225743402,0.0063078153263993,0.0043304621989375,3.684721919252617
2024-05-24,68549.99,0.0085019781146903,55.974721919252616,52.29,3.684721919252617,0.0108035026700952,-0.0130936561770469,-0.0259223961958274,3.878674346420517
2024-05-25,69290.57,0.0107455617713425,56.08867434642052,52.21,3.878674346420517,-0.0112987957813019,-0.0135429684010394,-0.0468545719857694,2.358838019868962
2024-05-26,68507.67,-0.0113631120978981,56.08883801986896,53.73,2.358838019868962,0.0135570221553293,-0.0141248417877881,-0.0332724788333919,2.349819353252564
2024-05-27,69436.43,0.0134659479373295,56.25981935325256,53.91,2.349819353252564,-0.0149495012920449,-0.024044726953848,-0.0397422505736542,1.7129089726824134
2024-05-28,68398.39,-0.0150623714003808,56.47290897268241,54.76,1.7129089726824134,-0.0109062508635071,-0.0092510949453633,-0.0276915874774245,3.2131845300898263
2024-05-29,67652.42,-0.0109661600050804,56.45318453008983,53.24,3.2131845300898263,0.0103433107049237,0.0171092179703253,-0.0366150981738716,0.3918654513858755
2024-05-30,68352.17,0.0102901846853451,53.66186545138588,53.27,0.3918654513858755,-0.0118819929199029,0.0319766000113821,-0.0494175971296887,0.1073535495233173
2024-05-31,67540.01,-0.0119531480022309,52.09735354952332,51.99,0.1073535495233173,0.0033586018124664,0.0528277979230384,-0.0395324193763074,1.266339356999481
2024-06-01,67766.85,0.0033529743062472,51.94633935699948,50.68,1.266339356999481,-1.8002902599123516e-05,0.0447447387623889,-0.0534669975068932,-3.991238516426258
2024-06-02,67765.63,-1.800306465331948e-05,47.11876148357374,51.11,-3.991238516426258,0.0154100242261452,0.0234627789928316,-0.0517020206260903,-5.67713573463196
2024-06-03,68809.9,0.0152924956767793,47.09286426536804,52.77,-5.67713573463196,0.0251117935064577,0.0072745346236517,-0.0813820395030365,-6.073599347238854
2024-06-04,70537.84,0.0248016734785851,47.87640065276115,53.95,-6.073599347238854,0.0080830374165128,-0.0126130882374623,-0.1452346712062631,-7.8868064277901695
2024-06-05,71108.0,0.0080505446456613,47.73319357220983,55.62,-7.8868064277901695,-0.0043446588288238,-0.0220509647297069,-0.1308149575293918,-4.348769405962777
2024-06-06,70799.06,-0.0043541242850611,47.52123059403722,51.87,-4.348769405962777,-0.0203881237971237,-0.0492212749717297,-0.1403135860843349,-2.376157462118101
2024-06-07,69355.6,-0.0205988304548735,47.6438425378819,50.02,-2.376157462118101,-0.0006508486697541,-0.0157393202567637,-0.1102885707859206,-3.8806964649309705
2024-06-08,69310.46,-0.0006510605636952,46.45930353506903,50.34,-3.8806964649309705,0.0048719919042521,-0.0366099142899933,-0.1281569910227116,-7.098861052745342
2024-06-09,69648.14,0.0048601621590837,44.69113894725466,51.79,-7.098861052745342,-0.0015526617078359,-0.0517479720205018,-0.1243602485292499,-6.185823356195904
2024-06-10,69540.0,-0.0015538683361776,44.6941766438041,50.88,-6.185823356195904,-0.0320069025021569,-0.0476236698303135,-0.0973251366120218,-6.530948733534586
2024-06-11,67314.24,-0.0325303224150299,45.959051266465416,52.49,-6.530948733534586,0.0141091988857038,-0.0094685760397801,-0.0655767635495848,-5.068668873502702
2024-06-12,68263.99,0.0140105905794903,45.4913311264973,50.56,-5.068668873502702,-0.0218413837222232,-0.0257772802322279,-0.0897767622431681,-3.727107078061636
2024-06-13,66773.01,-0.0220834377646717,45.50289292193836,49.23,-3.727107078061636,-0.0109178843367999,-0.0239271825547476,-0.0983096313914857,-10.53397816895638
2024-06-14,66043.99,-0.010977921824138,38.02602183104362,48.56,-10.53397816895638,0.0027899586321176,-0.0161955690442082,-0.1361816571046056,-10.342503435513102
2024-06-15,66228.25,0.0027860739213107,37.6874965644869,48.03,-10.342503435513102,0.0067738465080988,-0.0205087708039998,-0.1449450951821919,-11.3369120364705
2024-06-16,66676.87,0.0067510070922938,36.5630879635295,47.9,-11.3369120364705,-0.0025877039519101,-0.0379938350435465,-0.1266817113640757,-12.240134053113962
2024-06-17,66504.33,-0.0025910578449524,36.56986594688604,48.81,-12.240134053113962,-0.0199838115803888,-0.0337169023430504,-0.1600876213623985,-12.97020332839992
2024-06-18,65175.32,-0.0201861886584316,37.08979667160008,50.06,-12.97020332839992,-0.0030832222994838,-0.0301542056103445,-0.1298144757862331,-22.338867964061905
2024-06-19,64974.37,-0.0030879852219766,26.261132035938097,48.6,-22.338867964061905,-0.0016064796011104,-0.0720448693846511,-0.1065707909134017,-22.80363474663244
2024-06-20,64869.99,-0.0016077713731205,25.476365253367568,48.28,-22.80363474663244,-0.0111982443653837,-0.0472326263654425,-0.1101301233436292,-21.805697479272272
2024-06-21,64143.56,-0.0112614167598417,25.304302520727727,47.11,-21.805697479272272,0.0018466390078755,-0.0511130033942612,-0.1060694167894641,-21.86083395982305
2024-06-22,64262.01,0.0018449360662195,24.56916604017695,46.43,-21.86083395982305,-0.016370480786393,-0.0397675080502462,-0.0991707231068559,-23.170129972210347
2024-06-23,63210.01,-0.0165059576898561,25.05987002778965,48.23,-23.170129972210347,-0.0461431662485103,-0.0440147058986386,-0.0633758798645974,-21.20295931484563
2024-06-24,60293.3,-0.047241688238279,29.75704068515437,50.96,-21.20295931484563,0.025089189014368,0.0115001169284147,0.0083692549586769,-17.407626556734584
2024-06-25,61806.01,0.0247796224774557,30.732373443265416,48.14,-17.407626556734584,-0.0152253801855192,0.0156295480002672,0.0472143404824223,-16.210803246213494
2024-06-26,60864.99,-0.0153424763626781,30.839196753786503,47.05,-16.210803246213494,0.0138253534585317,0.0334346559491753,0.068660160791943,-17.176533804807224
2024-06-27,61706.47,0.0137306550868014,30.763466195192773,47.94,-17.176533804807224,-0.02072116586802,0.0069522693487409,0.0385943321664647,-14.01365483107678
2024-06-28,60427.84,-0.0209388617515131,31.386345168923217,45.4,-14.01365483107678,0.0092480552010465,-0.0036284599945983,0.0589145665309234,-12.12466639841719
2024-06-29,60986.68,0.0092055537746166,31.34533360158281,43.47,-12.12466639841719,0.0292740972290999,-0.0645496688785157,0.0930255590237081,-12.783622086170602
2024-06-30,62772.01,0.0288537938097445,32.656377913829395,45.44,-12.783622086170602,0.0020388067866552,-0.0978655932795524,0.0695843577416113,-12.0668399915018
2024-07-01,62899.99,0.0020367312407112,32.6431600084982,44.71,-12.0668399915018,-0.0121545329339479,-0.0742426191164736,0.0837098702241447,-9.40932372949657
2024-07-02,62135.47,-0.0122290033197398,32.92067627050343,42.33,-9.40932372949657,-0.031011111688702,-0.1010318261051216,0.0868511978745794,-11.066297691408558
2024-07-03,60208.58,-0.0315021343281225,34.29370230859144,45.36,-11.066297691408558,-0.0524604632761642,-0.0580309318040718,0.0951264753295957,-9.391964605685466
2024-07-04,57050.01,-0.0538866154831006,38.138035394314535,47.53,-9.391964605685466,-0.0073833466462144,0.0175283054288684,0.1459419551372558,-10.85774679071696
2024-07-05,56628.79,-0.0074107384621975,38.12225320928304,48.98,-10.85774679071696,0.0282778424190239,0.0193728313813521,0.1619522507897484,-8.895790396711128
2024-07-06,58230.13,0.0278854052420161,39.31420960328887,48.21,-8.895790396711128,-0.0407404208096392,-0.0152883052124389,0.1662002128451372,-9.7047872424642
2024-07-07,55857.81,-0.0415935637799837,41.2852127575358,50.99,-9.7047872424642,0.0153391262564717,0.0363653712882765,0.2155238452778582,-9.405355822498969
2024-07-08,56714.62,0.0152226712283136,41.62464417750103,51.03,-9.405355822498969,0.0235456042903927,0.0438934440537552,0.2033912948724685,-7.67507913318839
2024-07-09,58050.0,0.0232726823228449,42.37492086681161,50.05,-7.67507913318839,-0.0055839793281653,0.0473369509043928,0.1504683893195522,-6.273551383029897
2024-07-10,57725.85,-0.0055996280225802,42.4164486169701,48.69,-6.273551383029897,-0.0066860860429079,0.121233208346001,0.146592038055741,-7.602482606046003
2024-07-11,57339.89,-0.0067085380495201,40.937517393954,48.54,-7.602482606046003,0.0095781488244919,0.1343584719119621,0.1271036620405097,-5.539448185604293
2024-07-12,57889.1,0.009532569171711,40.78055181439571,46.32,-5.539448185604293,0.0227144661084728,0.1070821622723448,0.1289520825163976,-8.374412256163737
2024-07-13,59204.02,0.0224603337463863,40.80558774383626,49.18,-8.374412256163737,0.0269219894189618,0.0808036346180547,0.0387526049751352,-7.631070407544279
2024-07-14,60797.91,0.0265659683913898,41.66892959245572,49.3,-7.631070407544279,0.0645783711972993,0.0964192683597182,-0.0016434775471723,-7.490059922053845
2024-07-15,64724.14,0.0625788251846498,47.02994007794616,54.52,-7.490059922053845,0.0049417419837483,0.0373248682794395,-0.101401733572667,-9.48758778216486
2024-07-16,65043.99,0.0049295716554446,47.00241221783514,56.49,-9.48758778216486,-0.014697745325894,0.04798829223115,-0.1695034391340384,-11.003320810543038
2024-07-17,64087.99,-0.0148068273440296,47.27667918945696,58.28,-11.003320810543038,-0.0015614470043451,0.0537389298681389,-0.1258579025492919,-10.34741190008026
2024-07-18,63987.92,-0.0015626673332034,46.75258809991974,57.1,-10.34741190008026,0.0417591320361718,0.0304446526781929,-0.138366116604509,-11.930002923137394
2024-07-19,66660.0,0.0409107573354448,48.8699970768626,60.8,-11.930002923137394,0.0072001200120013,-0.0192619261926192,-0.0746176117611761,-13.719187534190311
2024-07-20,67139.96,0.0071743229020851,48.93081246580969,62.65,-13.719187534190311,0.0152722760037389,-0.0199584569308651,-0.0938631777558403,-16.941411361994675
2024-07-21,68165.34,0.0151568287409893,49.058588638005325,66.0,-16.941411361994675,-0.0092910854695362,-0.0037753791002874,-0.1062391825523058,-18.46769535486085
2024-07-22,67532.01,-0.0093345168297836,49.16230464513914,67.63,-18.46769535486085,-0.0236332370382578,0.0053972923358864,-0.130596142481173,-14.37838854134916
2024-07-23,65936.01,-0.0239169814342164,49.53161145865084,63.91,-14.37838854134916,-0.0084932345769783,0.0350926602929113,-0.0999358317253348,-14.585094205107666
2024-07-24,65376.0,-0.0085295076234562,46.804905794892335,61.39,-14.585094205107666,0.0064847956436613,0.0215475097895252,-0.0732508871757219,-15.754862667757912
2024-07-25,65799.95,0.0064638598173518,46.05513733224209,61.81,-15.754862667757912,0.0320371064111753,0.0058974208946966,-0.1081544894790953,-13.0529422708331
2024-07-26,67907.99,0.031534622237758,47.0470577291669,60.1,-13.0529422708331,-0.000169199530129,-0.0483005018997029,-0.1526614173089205,-8.237316317856227
2024-07-27,67896.5,-0.0001692138459844,46.80268368214377,55.04,-8.237316317856227,0.0052046865449619,-0.0374464073994977,-0.1328772469862217,-6.385252202609969
2024-07-28,68249.88,0.0051911889774283,46.26474779739003,52.65,-6.385252202609969,-0.02146802309396,-0.0989239834560882,-0.1283209582199999,-4.96016168014507
2024-07-29,66784.69,-0.0217018131643439,46.76983831985493,51.73,-4.96016168014507,-0.0089345327499461,-0.0911391518026063,-0.1251385609486246,-4.838727895004929
2024-07-30,66188.0,-0.0089746850278234,45.78127210499507,50.62,-4.838727895004929,-0.0235692270502205,-0.1212757599564875,-0.1019746781893998,-2.204360057680581
2024-07-31,64628.0,-0.0238514242150137,46.525639942319415,48.73,-2.204360057680581,0.0112338305378474,-0.1641577953828062,-0.0868694683418951,-3.316736197991567
2024-08-01,65354.02,0.0111711996833452,46.49326380200844,49.81,-3.316736197991567,-0.0589969828940897,-0.142791675248133,-0.0642346102045443,-1.4923502078438844
2024-08-02,61498.33,-0.060808933125691,49.907649792156114,51.4,-1.4923502078438844,-0.0130140119252019,-0.1034852491116424,-0.0182523655520402,-4.991855014991344
2024-08-03,60697.99,-0.0130994361288609,46.45814498500866,51.45,-4.991855014991344,-0.0417969359446663,0.0162773100064763,0.0550141775699657,-7.411780910124087
2024-08-04,58161.0,-0.042695556818197,48.71821908987592,56.13,-7.411780910124087,-0.0712193738071904,0.0460272347449322,0.1030933099499664,-8.830634309732005
2024-08-05,54018.81,-0.0738827077815432,54.24936569026799,63.08,-8.830634309732005,0.0370833789193061,0.1278202907468715,0.1888451448671306,-7.745761890586714
2024-08-06,56022.01,0.036412329987494,53.794238109413286,61.54,-7.745761890586714,-0.0158482353632081,0.0480271950256692,0.1215948874379908,-7.059220478526861
2024-08-07,55134.16,-0.0159751614680071,53.82077952147314,60.88,-7.059220478526861,0.1188343125205859,0.0764041748346215,0.0776440595086602,9.256689533824684
2024-08-08,61685.99,0.1122873509141612,66.06668953382469,56.81,9.256689533824684,-0.0137470436966319,-0.0178134451599139,-0.0429771816906885,11.194087137359864
2024-08-09,60837.99,-0.0138424093072877,66.21408713735987,55.02,11.194087137359864,0.0014057006156844,-0.0354153712178854,-0.0243101391088035,9.894540913769347
2024-08-10,60923.51,0.0014047135434843,66.17454091376935,56.28,9.894540913769347,-0.0362900955640934,-0.0555196179602915,-0.029537365788675,10.226916751695768
2024-08-11,58712.59,-0.0369649586682071,67.33691675169577,57.11,10.226916751695768,0.0107992169992841,0.0027593740967652,0.0044521967094282,9.504483291204489
2024-08-12,59346.64,0.0107413218969405,66.98448329120448,57.48,9.504483291204489,0.0209027840497795,0.002449169826632,-0.0344548570904772,9.811729792003206
2024-08-13,60587.15,0.020687318243458,66.73172979200321,56.92,9.811729792003206,-0.0314218444009992,-0.0356478230119753,-0.024015323381278,8.72651848197387
2024-08-14,58683.39,-0.0319261018184248,64.03651848197387,55.31,8.72651848197387,-0.0194659851791111,0.012867525206025,-0.0203747602174992,8.73961897912902
2024-08-15,57541.06,-0.0196579426462018,64.37961897912902,55.64,8.73961897912902,0.0231754507129344,0.0255945928003413,0.0074701439285269,11.547807186446027
2024-08-16,58874.6,0.0229109783372539,64.66780718644603,53.12,11.547807186446027,0.0104865255984754,0.038750666671196,-0.0457684638197116,11.057804988394912
2024-08-17,59491.99,0.0104319233822097,64.76780498839491,53.71,11.057804988394912,-0.0178955183714647,0.0148566218746422,-0.0929372172623574,8.169439069335773
2024-08-18,58427.35,-0.0180575795170035,63.48943906933577,55.32,8.169439069335773,0.0173061074993132,0.0960147944413019,-0.0730221377488453,10.041779144671452
2024-08-19,59438.5,0.0171580624359473,63.72177914467145,53.68,10.041779144671452,-0.0071452005013584,0.0793847422125391,-0.0768617983293656,9.491325337022523
2024-08-20,59013.8,-0.0071708496985934,63.551325337022526,54.06,9.491325337022523,0.036300492427195,0.0882200434474647,-0.0334125238503536,9.995039247763096
2024-08-21,61156.03,0.0356571523861472,64.6750392477631,54.68,9.995039247763096,-0.0127573683249223,0.0274375233317138,-0.0575583470673293,10.300913799955588
2024-08-22,60375.84,-0.0128394423275779,64.29091379995559,53.99,10.300913799955588,0.0606434626830865,-0.0159143127449654,-0.0503154904345843,11.99558843521367
2024-08-23,64037.24,0.058875764216626,67.42558843521367,55.43,11.99558843521367,0.0018703179587378,-0.0781161086892563,-0.0922107198873655,12.251033292228485
2024-08-24,64157.01,0.0018685710918962,67.39103329222849,55.14,12.251033292228485,0.000981810093706,-0.0747852806731486,-0.0570321154305664,12.288188865155163
2024-08-25,64220.0,0.0009813284334161,66.48818886515517,54.2,12.288188865155163,-0.0215820616630333,-0.0793523824353784,-0.0658201494861414,15.342298813073953
2024-08-26,62834.0,-0.021818360418123,66.92229881307395,51.58,15.342298813073953,-0.0544132157748989,-0.0614318680968902,-0.0589171467676735,16.996265925602273
2024-08-27,59415.0,-0.0559496085012552,69.68626592560227,52.69,16.996265925602273,-0.0063973744004038,-0.0355657662206513,-0.0202139190440124,16.400070616715794
2024-08-28,59034.9,-0.0064179252947433,69.31007061671579,52.91,16.400070616715794,0.0054901422717748,0.0016469918641346,0.0216666751362328,16.285672980587712
2024-08-29,59359.01,0.0054751263752269,69.26567298058771,52.98,16.285672980587712,-0.0039592978386937,-0.0315247845272351,0.0404484508754441,16.818145370565652
2024-08-30,59123.99,-0.0039671566087142,68.77814537056565,51.96,16.818145370565652,-0.002537041224721,-0.0195029124387579,0.064677637622224,18.19339304225721
2024-08-31,58973.99,-0.0025402649674755,68.6733930422572,50.48,18.19339304225721,-0.0283536860911055,-0.0473766485869447,0.0716766832293356,11.721796664026511
2024-09-01,57301.86,-0.0287634153194433,66.08179666402651,54.36,11.721796664026511,0.0319408479934157,-0.0582684401518553,0.1055306058127956,13.9096418427239
2024-09-02,59132.13,0.0314413475808036,66.8296418427239,52.92,13.9096418427239,-0.0278089086254798,-0.0840705383012585,0.0751982044279482,10.597689756775786
2024-09-03,57487.73,-0.0282028977798505,65.88768975677579,55.29,10.597689756775786,0.008404750022309,-0.0455363257515996,0.1018001580511178,4.978930086467578
2024-09-04,57970.9,0.0083696267750248,60.708930086467575,55.73,4.978930086467578,-0.0308930860138448,-0.0160235566465244,0.1085337643541846,3.576131112552993
2024-09-05,56180.0,-0.0313803388267203,60.36613111255299,56.79,3.576131112552993,-0.0394629761480953,0.0259165183339267,0.1241012815948736,2.2672408147913075
2024-09-06,53962.97,-0.0402627510802886,61.72724081479131,59.46,2.2672408147913075,0.0036671443399056,0.0625434441432708,0.2077539468268703,-11.11312641067687
2024-09-07,54160.86,0.0036604367595428,47.726873589323134,58.84,-11.11312641067687,0.0130922958018022,0.0733271222059619,0.2143446392837926,-11.62171385060214
2024-09-08,54869.95,0.0130073324703566,47.69828614939786,59.32,-11.62171385060214,0.0395854197060505,0.1025707149359531,0.2002562422601077,-9.239196760969804
2024-09-09,57042.0,0.03882199877924,49.5808032390302,58.82,-9.239196760969804,0.0104132043055993,0.051734336103222,0.1500650397952385,-9.168891443835683
2024-09-10,57635.99,0.0103593603630522,48.01110855616432,57.18,-9.168891443835683,-0.0051702070182189,0.0259561777285339,0.098750797895551,-6.941165947873785
2024-09-11,57338.0,-0.0051836187862416,47.89883405212622,54.84,-6.941165947873785,0.0138532910111968,0.0152776518190378,0.0604796121245945,-6.365259766027066
2024-09-12,58132.32,0.0137582112804251,47.594740233972935,53.96,-6.365259766027066,0.0406947460552065,0.037529381246095,0.0432970849950595,-4.189916729517606
2024-09-13,60498.0,0.0398885151769493,48.32008327048239,52.51,-4.189916729517606,-0.0083468875004132,0.0208600284306919,0.0042102218255148,-4.559627462251854
2024-09-14,59993.03,-0.008381917831569,47.92037253774814,52.48,-4.559627462251854,-0.0143521672434281,0.0492550551289041,0.0348868860265934,-5.692385883155296
2024-09-15,59132.0,-0.0144561557687207,47.51761411684471,53.21,-5.692385883155296,-0.0155247581681661,0.0688129946560238,0.0494825136981669,-5.598607050802173
2024-09-16,58213.99,-0.0156465291807425,47.69139294919783,53.29,-5.598607050802173,0.0360738028779679,0.0882085216972758,0.0791205000722337,-4.2569777760528
2024-09-17,60313.99,0.035438379599161,48.8630222239472,53.12,-4.2569777760528,0.0239745372508102,0.0541295643017483,0.0316677772437208,-2.3958210095063563
2024-09-18,61759.99,0.0236916603421471,49.19417899049365,51.59,-2.3958210095063563,0.0192357544099344,0.025582905696714,0.006484780842743,-2.371996221462723
2024-09-19,62947.99,0.0190530860779139,49.57800377853728,51.95,-2.371996221462723,0.0040201442492446,0.020885654966902,-0.0367282577251474,-2.137023110982589
2024-09-20,63201.05,0.0040120850615298,48.01297688901741,50.15,-2.137023110982589,0.0023403092195461,-0.0007759364757389,-0.0454843709083947,-3.229395925197231
2024-09-21,63348.96,0.0023375749611005,47.81060407480277,51.04,-3.229395925197231,0.0036275260083196,0.0288091548779962,-0.0127699018263283,-7.936144583724072
2024-09-22,63578.76,0.0036209624041565,43.19385541627593,51.13,-7.936144583724072,-0.0037554994781276,0.0344641826924587,-0.0058595040230416,-7.241126310595142
2024-09-23,63339.99,-0.0037625690717466,43.20887368940486,50.45,-7.241126310595142,0.0145675741344448,0.0397538742901601,-0.0074197990874327,-8.018990504068121
2024-09-24,64262.7,0.0144624863793905,43.50100949593188,51.52,-8.018990504068121,-0.0172835875243336,0.0208411722507768,0.0283413239717598,-6.490291755491782
2024-09-25,63152.01,-0.0174346923431625,43.25970824450822,49.75,-6.490291755491782,0.0320176665794167,0.0027802757188566,0.06210617840984,-12.237916999947934
2024-09-26,65173.99,0.0315157856913509,40.14208300005207,52.38,-12.237916999947934,0.0091441386356734,-0.0670238234608622,0.0375306161246227,-11.7048219035929
2024-09-27,65769.95,0.0091025841280016,40.205178096407096,51.91,-11.7048219035929,0.0013387572896133,-0.0778572889290625,0.02511526920729,-12.437493714902764
2024-09-28,65858.0,0.0013378619530761,40.16250628509724,52.6,-12.437493714902764,-0.0038869993015275,-0.0775196635184791,0.0390233532752284,-13.858358046250205
2024-09-29,65602.01,-0.0038945733164771,40.1616419537498,54.02,-13.858358046250205,-0.0346699742888975,-0.0535960712179397,0.0423156241706619,-12.21412829295882
2024-09-30,63327.59,-0.0352852405547545,41.99587170704118,54.21,-12.21412829295882,-0.039821663827725,-0.0200479759296066,0.0900776423040889,-13.467057486849
2024-10-01,60805.78,-0.0406362449266593,43.172942513151,56.64,-13.467057486849,-0.0025737684805622,0.033123989199711,0.1080772255532287,-14.583549333067758
2024-10-02,60649.28,-0.0025770863167755,41.76645066693224,56.35,-14.583549333067758,0.0017053788602272,0.0259643642925357,0.111736198681996,-16.854242112384405
2024-10-03,60752.71,0.0017039263528479,40.5957578876156,57.45,-16.854242112384405,0.0219461814954426,0.0231722996389791,0.0973773844821077,-14.337391648956078
2024-10-04,62086.0,0.0217088304100372,41.19260835104392,55.53,-14.337391648956078,-0.000450987340141,-0.0233543794092065,0.0984486035499145,-15.697943261114853
2024-10-05,62058.0,-0.0004510890655172,39.712056738885146,55.41,-15.697943261114853,0.0122773856714686,-0.0279030906571272,0.074774082310097,-19.781076307969364
2024-10-06,62819.91,0.0122026298209962,37.38892369203064,57.17,-19.781076307969364,-0.0094860053126469,-0.0044557529611233,0.0680174486082516,-19.085279131515065
2024-10-07,62224.0,-0.0095312840313263,37.514720868484936,56.6,-19.085279131515065,-0.0010206672666495,0.0157852275649268,0.0931746592954485,-18.38894347977685
2024-10-08,62160.49,-0.0010211885021863,37.241056520223154,55.63,-18.38894347977685,-0.0245247423242641,0.0114144853105244,0.1255093066351311,-20.35331388802303
2024-10-09,60636.02,-0.0248304829764271,35.75668611197697,56.11,-20.35331388802303,-0.0051063707677383,0.0898470908875617,0.1995579525173321,-19.351570550044062
2024-10-10,60326.39,-0.0051194528325319,35.61842944995593,54.97,-19.351570550044062,0.0366938913467222,0.1118540327044266,0.199222098322144,-19.7819601446274
2024-10-11,62540.0,0.0360366989274491,37.7280398553726,57.51,-19.7819601446274,0.0106527022705469,0.08122817396866,0.1239528301886792,-19.23633009864584
2024-10-12,63206.22,0.0105963620019293,37.603669901354166,56.84,-19.23633009864584,-0.005319096759781,0.066695334731297,0.0995121999069077,-22.1555231678241
2024-10-13,62870.02,-0.0053332935199566,34.9844768321759,57.14,-22.1555231678241,0.0511208681021575,0.0884042982648964,0.1034629860146378,-18.89109689514784
2024-10-14,66083.99,0.0498570882341062,38.95890310485216,57.85,-18.89109689514784,0.0149832054632292,0.03471355164844,0.0407360390920705,-19.17205482668432
2024-10-15,67074.14,0.0148720660152124,38.97794517331568,58.15,-19.17205482668432,0.0081383078485985,0.0291893418238387,0.0115673492049244,-18.742614295857926
2024-10-16,67620.01,0.0081053704039833,38.69738570414207,57.44,-18.742614295857926,-0.0029315286998625,-0.0035863644504045,0.0259094904008443,-19.71570173709136
2024-10-17,67421.78,-0.0029358340463448,36.68429826290864,56.4,-19.71570173709136,0.0149242574135539,6.259104995454123e-05,0.1208839339453808,-19.067022612362933
2024-10-18,68428.0,0.0148139864714204,36.112977387637066,55.18,-19.067022612362933,-0.0007306950371193,-0.0257109662711171,0.1085796749868475,-19.20289168380312
2024-10-19,68378.0,-0.0007309621248523,35.497108316196886,54.7,-19.20289168380312,0.009564333557577,-0.0026283307496562,0.118923922899178,-21.035424673562623
2024-10-20,69031.99,0.0095188848804481,35.62457532643737,56.66,-21.035424673562623,-0.0239670042830868,-0.0338054864128936,0.1107525655858971,-19.08336674610733
2024-10-21,67377.5,-0.02425888605349,36.60663325389267,55.69,-19.08336674610733,0.0007198248673518,-0.0042260398500983,0.1928315832436644,-19.184300913777705
2024-10-22,67426.0,0.0007195659176902,36.5856990862223,55.77,-19.184300913777705,-0.0112323139441758,0.0088348708213448,0.3147449055260582,-19.516161175808293
2024-10-23,66668.65,-0.011295872772437,36.77383882419171,56.29,-19.516161175808293,0.0229437674229191,0.0494019302925738,0.3192409025831482,-20.024336112076
2024-10-24,68198.28,0.0226845171526348,37.275663887924,57.3,-20.024336112076,-0.0219939564458223,0.0665433204473777,0.3251829811543634,-20.494528450681702
2024-10-25,66698.33,-0.0222394294631636,37.58547154931829,58.08,-20.494528450681702,0.0059136413160567,0.0846559426600337,0.3092620160054982,-19.35926817690684
2024-10-26,67092.76,0.0058962243705628,36.00073182309316,55.36,-19.35926817690684,0.01384560718623,0.047683982593651,0.3568091400622066,-21.00022011702292
2024-10-27,68021.7,0.0137506324185205,36.17977988297708,57.18,-21.00022011702292,0.0285278080377293,0.0216741128198794,0.331735607901596,-20.2963679868749
2024-10-28,69962.21,0.0281284672152079,37.4836320131251,57.78,-20.2963679868749,0.039652978372181,-0.0083969617311975,0.2843503657188644,-19.990807157778384
2024-10-29,72736.42,0.0388869828293775,39.839192842221614,59.83,-19.990807157778384,-0.0053849227113458,-0.054449064168954,0.2437246705295641,-21.172847625345
2024-10-30,72344.74,-0.0053994736683439,37.937152374655,59.11,-21.172847625345,-0.0283742812538964,-0.0621293268867925,0.2759848193524503,-21.63592649537689
2024-10-31,70292.01,-0.028784611695911,36.59407350462311,58.23,-21.63592649537689,-0.011324188908526,-0.0130882585374924,0.3413552977073781,-22.971916945162874
2024-11-01,69496.01,-0.0113887957455068,36.79808305483713,59.77,-22.971916945162874,-0.0017449922664622,0.087429191978072,0.4147160390934674,-23.461674004972863
2024-11-02,69374.74,-0.0017465165389545,36.798325995027135,60.26,-23.461674004972863,-0.0086306629761783,0.093451161042189,0.4254756125932868,-26.352483039689176
2024-11-03,68775.99,-0.0086681228392535,36.137516960310826,62.49,-26.352483039689176,-0.0134637102279445,0.1124489811051792,0.4201525852263266,-28.52482581055174
2024-11-04,67850.01,-0.0135551678077721,36.44517418944826,64.97,-28.52482581055174,0.0224318316239009,0.1301024126599246,0.4428891020060277,-26.696360438183383
2024-11-05,69372.01,0.0221839383739041,37.01363956181662,63.71,-26.696360438183383,0.0893729329739763,0.1585365625127484,0.3407426136275999,-8.530577770791552
2024-11-06,75571.99,0.0856022398482151,47.439422229208446,55.97,-8.530577770791552,0.0037831476979763,0.173027069950123,0.2169212429102369,-6.093634169448471
2024-11-07,75857.89,0.0037760095920657,47.456365830551526,53.55,-6.093634169448471,0.0085935688430036,0.1594312733981921,0.2637197000865698,-3.095309035900094
2024-11-08,76509.78,0.0085568543195202,46.75469096409991,49.85,-3.095309035900094,0.0021916152418686,0.1812241519973001,0.2500882893664051,-3.8131822339646746
2024-11-09,76677.46,0.0021892171563324,46.726817766035325,50.54,-3.8131822339646746,0.0481569159959132,0.1388691018194916,0.271038451195436,-5.378679173367317
2024-11-10,80370.01,0.0470333036943159,47.90132082663269,53.28,-5.378679173367317,0.102998369665501,0.1326621708769231,0.19955179799032,-2.7821792113097388
2024-11-11,88647.99,0.0980322621791588,58.73782078869026,61.52,-2.7821792113097388,-0.0078510522347997,0.0218722387275784,0.0963043832127494,1.0826945209407055
2024-11-12,87952.01,-0.0078820340116355,58.7726945209407,57.69,1.0826945209407055,0.0275512748372663,0.0216479418719368,0.08969220828495,-1.6043230902471706
2024-11-13,90375.2,0.0271785686611841,56.93567690975283,58.54,-1.6043230902471706,-0.0337438810647169,0.0009834556382724,0.0605751356566846,-1.5107043169818937
2024-11-14,87325.59,-0.0343263464379091,57.94929568301811,59.46,-1.5107043169818937,0.0424443739801816,0.0570875043615508,0.1289625412207351,3.3787404211552428
2024-11-15,91032.07,0.0415683149748234,59.66874042115524,56.29,3.3787404211552428,-0.0048900349074783,0.0357510270830927,0.0649612823261076,2.844449914202293
2024-11-16,90586.92,-0.0049020302492469,59.6844499142023,56.84,2.844449914202293,-0.0080688249473543,0.0853346156376659,0.1010512334451816,2.297463532019826
2024-11-17,89855.99,-0.0081015540914193,59.52746353201982,57.23,2.297463532019826,0.0067673841220823,0.1005610199164239,0.1110220921276365,1.273387174961094
2024-11-18,90464.08,0.0067445881663555,59.57338717496109,58.3,1.273387174961094,0.0204137376956687,0.0796815708511045,0.1176766513294558,1.6469897253121673
2024-11-19,92310.79,0.020208170244353,59.89698972531217,58.25,1.6469897253121673,0.0214034567356644,0.0605481764374458,0.0537930614611792,-0.4253700244118832
2024-11-20,94286.56,0.0211776195370802,59.75462997558812,60.18,-0.4253700244118832,0.042747980199935,-0.0135390452255337,0.0244620230073087,0.2221083482756611
2024-11-21,98317.12,0.0418595170994526,61.51210834827566,61.29,0.2221083482756611,0.005847201382628,-0.0646068558558264,0.0285594207804298,0.6394656814027257
2024-11-22,98892.0,0.005830172847894,61.41946568140273,60.78,0.6394656814027257,-0.0123326457145168,-0.0306282611333575,0.0112475225498522,0.1712663749834462
2024-11-23,97672.4,-0.0124093238715747,61.06126637498345,60.89,0.1712663749834462,0.0023306481667286,-0.0207675863396414,0.0384125914792716,-3.5180410511043902
2024-11-24,97900.04,0.0023279364188929,60.57195894889561,64.09,-3.5180410511043902,-0.0499492135038963,-0.004494788766174,0.035954632909241,2.4702881850327074
2024-11-25,93010.01,-0.0512398363468742,63.12028818503271,60.65,2.4702881850327074,-0.0112337370999099,0.0365334870945612,0.1231478203260059,1.831036203707434
2024-11-26,91965.16,-0.0112973120961308,63.06103620370743,61.23,1.831036203707434,0.0423850727819099,0.0567608429105108,0.1532482518379787,4.223781322519237
2024-11-27,95863.11,0.0415114266779128,63.953781322519234,59.73,4.223781322519237,-0.002285863665387,-0.0002346053659223,0.1071385019743258,4.953914357027905
2024-11-28,95643.98,-0.0022884802399176,62.5039143570279,57.55,4.953914357027905,0.0189872901566832,0.0021507887898433,0.0476771251049987,6.709077815065541
2024-11-29,97460.0,0.0188092813038051,62.81907781506554,56.11,6.709077815065541,-0.0107942745741842,0.0115670018469116,1.9084752719056297e-05,6.956965626691556
2024-11-30,96407.99,-0.0108529554161065,62.12696562669156,55.17,6.956965626691556,0.0080614687641551,0.0055767162037088,0.0144951678797575,4.863053712855539
2024-12-01,97185.18,0.0080291487067369,62.06305371285554,57.2,4.863053712855539,-0.0138350312259544,0.0262968078054699,0.0010990358818083,6.310026716033661
2024-12-02,95840.62,-0.013931627244584,62.25002671603366,55.94,6.310026716033661,9.46362826117486e-05,0.0416459117230252,-0.0068274808739758,5.676565730272749
2024-12-03,95849.69,9.463180488125696e-05,62.17656573027275,56.5,5.676565730272749,0.0285616990519219,0.0548765468099061,-0.0101014411209885,5.599894126198599
2024-12-04,98587.32,0.0281614176668814,62.7698941261986,57.17,5.599894126198599,-0.0166521414721487,-0.0132963346604817,0.0007735274678324,1.605901767348897
2024-12-05,96945.63,-0.0167923470412215,62.5659017673489,60.96,1.605901767348897,0.0288327591455126,-0.0036373996434909,0.0256222998396111,-2.571818795369268
2024-12-06,99740.84,0.0284249160874968,55.86818120463073,58.44,-2.571818795369268,0.000913868381297,0.0138775650977072,-0.0395950144394211,-1.3464375769256804
2024-12-07,99831.99,0.0009134510578209,55.85356242307432,57.2,-1.3464375769256804,0.012797501081567,0.001725899684059,-0.0554227157046554,-2.2001468381859013
2024-12-08,101109.59,0.0127163050682054,55.9498531618141,58.15,-2.2001468381859013,-0.0379105483466009,0.0031120687958481,-0.0574583479173439,-2.194095525810731
2024-12-09,97276.47,-0.0386478475525823,57.54590447418927,59.74,-2.194095525810731,-0.0070260567637785,0.0425953984555567,-0.0363733387940578,-3.9673470798490698
2024-12-10,96593.0,-0.0070508557281579,55.21265292015093,59.18,-3.9673470798490698,0.0469185137639374,0.081486132535484,-0.0393501599494786,-13.734333824126487
2024-12-11,101125.0,0.0458511005539251,46.20566617587351,59.94,-13.734333824126487,-0.0110824227441286,0.0487877379480841,-0.0746501854140915,-13.852687653837336
2024-12-12,100004.29,-0.0111442903107431,46.287312346162665,60.14,-13.852687653837336,0.014198990863292,0.0612918705787521,-0.0541226781371079,-13.42776314976772
2024-12-13,101424.25,0.0140991293706865,45.57223685023228,59.0,-13.42776314976772,-4.19031937628489e-05,-0.0120310478016845,-0.0437711888429049,-14.108766359110042
2024-12-14,101420.0,-4.190407172619906e-05,43.97123364088996,58.08,-14.108766359110042,0.0300137053835536,-0.0390272135673437,-0.0320037467955038,-17.875741349492117
2024-12-15,104463.99,0.0295721083506426,42.77425865050788,60.65,-17.875741349492117,0.0152652603064462,-0.0637401462456106,-0.0597669110666747,-15.474485926118184
2024-12-16,106058.66,0.0151499185537435,43.065514073881815,58.54,-15.474485926118184,0.0007079101319968,-0.0826586909546094,-0.0725546598457872,-16.536591739265667
2024-12-17,106133.74,0.0007076596818099,42.97340826073433,59.51,-16.536591739265667,-0.0558703575319216,-0.1031478773856456,-0.0367285652988389,-13.126250077594245
2024-12-18,100204.01,-0.0574917891430019,47.36374992240576,60.49,-13.126250077594245,-0.027365671293993,-0.0531170359349889,-0.0324278439555462,-11.774159359087186
2024-12-19,97461.86,-0.0277470858240993,47.825840640912816,59.6,-11.774159359087186,0.0035252764517319,0.0123301566376836,-0.0246378429469743,-11.602132826441917
2024-12-20,97805.44,0.0035190772297435,47.26786717355808,58.87,-11.602132826441917,-0.0052497079917026,0.0166060292760812,-0.0537081577466447,-12.876274288207137
2024-12-21,97291.99,-0.0052635361257102,44.99372571179286,57.87,-12.876274288207137,-0.0216433028042699,-0.0154215162008711,-0.0263729830174097,-15.838872660472743
2024-12-22,95186.27,-0.021880954382849,45.59112733952725,61.43,-15.838872660472743,-0.0032021424938701,-0.0093210922121437,-0.006159291670952,-14.811026182554556
2024-12-23,94881.47,-0.0032072803231183,45.39897381744544,60.21,-14.811026182554556,0.039861418673214,0.0044110825854615,-0.0035455816609923,-13.434922867005938
2024-12-24,98663.58,0.0390874529987855,47.39507713299406,60.83,-13.434922867005938,0.007763959102234,-0.0499209536082109,-0.0418338762895081,-16.75122803848363
2024-12-25,99429.6,0.007733974670366,43.978771961516365,60.73,-16.75122803848363,-0.0365887019559567,-0.0667562778086203,-0.0288519716462704,-15.979195134611558
2024-12-26,95791.6,-0.0372748575929543,45.69080486538844,61.67,-15.979195134611558,-0.0155814288517991,-0.0231293766885615,0.0491248710742904,-16.929351080768704
2024-12-27,94299.03,-0.015704095193978,43.680648919231295,60.61,-16.929351080768704,0.0106148493786204,0.0031045918499903,0.0603216173061378,-16.60162351851187
2024-12-28,95300.0,0.0105589073939037,43.82837648148813,60.43,-16.60162351851187,-0.0163882476390346,0.0176788037775446,0.0921036726128017,-16.763841533336596
2024-12-29,93738.2,-0.0165240203981765,43.7161584666634,60.48,-16.763841533336596,-0.010093537106537,0.0473230763978824,0.1154068458750008,-17.33453773795752
2024-12-30,92792.05,-0.0101448222429947,43.69546226204248,61.03,-17.33453773795752,0.0084484608325821,0.0585012401385678,0.0920285735685331,-16.325752547916302
2024-12-31,93576.0,0.0084129723294208,43.7042474520837,60.03,-16.325752547916302,0.0108552406599982,0.0511627981533726,0.0928016799179276,-17.503789367700854
2025-01-01,94591.79,0.0107967454739184,43.59621063229915,61.1,-17.503789367700854,0.0252981786262846,0.0808083872818139,0.1221250808341825,-15.391371226380612
2025-01-02,96984.79,0.0249834762622952,44.45862877361939,59.85,-15.391371226380612,0.0122636755722211,-0.0003111828153671,0.069308496724074,-15.172161814477526
2025-01-03,98174.18,0.0121890859126901,43.56783818552248,58.74,-15.172161814477526,0.0004718144831972,-0.0317147543274616,0.0584283973647654,-16.69737356101551
2025-01-04,98220.5,0.0004717032137415,43.17262643898449,59.87,-16.69737356101551,0.0014570278098766,-0.0577069959937079,0.0677048070413,-17.52822161481081
2025-01-05,98363.61,0.0014559673747879,42.02177838518919,59.55,-17.52822161481081,0.0393640493674438,-0.0369801393015161,0.064894324232305,-14.71413817995451
2025-01-06,102235.6,0.0386090351235702,44.12586182004549,58.84,-14.71413817995451,-0.0516550986153552,-0.0746864106045251,0.0037599427205394,-10.95908324486146
2025-01-07,96954.61,-0.0530370228675763,47.64091675513854,58.6,-10.95908324486146,-0.0195349143274362,-0.0248523510124996,0.0528929980740473,-12.260889560163015
2025-01-08,95060.61,-0.019728242676769,46.20911043983698,58.47,-12.260889560163015,-0.0263844298916238,-0.0055176376419212,0.0660095701047995,-12.39325264195066
2025-01-09,92552.49,-0.0267387451314608,47.07674735804934,59.47,-12.39325264195066,0.0234852676573045,0.0433091535408718,0.1208044213613268,-12.178880598728211
2025-01-10,94726.11,0.0232137319338375,45.011119401271785,57.19,-12.178880598728211,-0.0013314174940783,0.0609255462934137,0.1055340496933738,-13.674638861694106
2025-01-11,94599.99,-0.001332304617859,44.8453611383059,58.52,-13.674638861694106,-0.0005806554525006,0.0569483146879825,0.0827650193197693,-14.994649213729744
2025-01-12,94545.06,-0.0005808240981644,44.575350786270256,59.57,-14.994649213729744,-9.476962625010188e-05,0.1008240938236222,0.0644199707525701,-16.674639351940982
2025-01-13,94536.1,-9.47741171748694e-05,44.57536064805902,61.25,-16.674639351940982,0.0214178499007255,0.1059926313863168,0.0334738792905566,-16.879055197092015
2025-01-14,96560.86,0.021191710994825,43.99094480290798,60.87,-16.879055197092015,0.0407669318603831,0.0494062501100343,0.0493746638130605,-15.387496123184931
2025-01-15,100497.35,0.0399578758632127,45.842503876815066,61.23,-15.387496123184931,-0.0050752582033257,0.0175393679534832,-0.0272068865497449,-16.6838173678968
2025-01-16,99987.3,-0.0050881810693719,45.8761826321032,62.56,-16.6838173678968,0.0409069951883889,0.0615730197735113,-0.033752986629302,-19.62342927475185
2025-01-17,104077.48,0.0400924438437183,43.56657072524815,63.19,-19.62342927475185,0.0045999384304846,-0.0035629225457802,-0.0722839369285266,-22.531913362253
2025-01-18,104556.23,0.004589391046213,42.50808663774701,65.04,-22.531913362253,-0.0308413951038593,-0.0061774415546543,-0.0769866128493729,-22.14709173839724
2025-01-19,101331.57,-0.0313270015419219,43.87290826160276,66.02,-22.14709173839724,0.0091623962798561,0.0349242590438496,-0.0482261352508404,-19.12022889989217
2025-01-20,102260.01,0.0091206761708775,43.94977110010783,63.07,-19.12022889989217,0.0379797537668928,0.0243187928497172,-0.0566913693828114,-16.727194490934423
2025-01-21,106143.82,0.037276279511942,45.19280550906558,61.92,-16.727194490934423,-0.022960922265658,-0.0331985413752774,-0.0820867385402183,-15.140264485114578
2025-01-22,103706.66,-0.0232286300582351,45.89973551488542,61.04,-15.140264485114578,0.0019640011547956,-0.0156579143518844,-0.076450827748189,-16.246585283511912
2025-01-23,103910.34,0.0019620750260613,43.833414716488086,60.08,-16.246585283511912,0.0092402738745731,-0.0247792471856024,-0.0581304035767757,-13.502200061557964
2025-01-24,104870.5,0.009197843721146,43.86779993844203,57.37,-13.502200061557964,-0.0011790732379457,-0.0108444224066824,-0.0787863126427356,-15.151220530384514
2025-01-25,104746.85,-0.0011797688916675,41.89877946961549,57.05,-15.151220530384514,-0.0203046678730673,-0.0002282646208454,-0.0691798369115634,-14.589069480313045
2025-01-26,102620.0,-0.0205136412372235,42.15093051968696,56.74,-14.589069480313045,-0.005234554667706,-0.0018557786006626,-0.0492139933736113,-17.02039694505134
2025-01-27,102082.83,-0.005248302947392,42.02960305494866,59.05,-17.02039694505134,-0.0073206238502596,-0.014176527041815,-0.0584301003410662,-14.488663060801926
2025-01-28,101335.52,-0.0073475511137683,41.71133693919808,56.2,-14.488663060801926,0.0236611999425275,-0.0358702456946982,-0.0548230275030907,-13.796111011584172
2025-01-29,103733.24,0.0233856124401332,42.35388898841583,56.15,-13.796111011584172,0.0095408183529213,-0.0231817689296122,-0.0777137588684205,-12.258272732816692
2025-01-30,104722.94,0.0094955921810713,42.38172726718331,54.64,-12.258272732816692,-0.0218994997657628,-0.0664592686187,-0.0771423147593068,-10.405176822552534
2025-01-31,102429.56,-0.0221428532511645,42.91482317744747,53.32,-10.405176822552534,-0.0175135966609639,-0.0567915160428298,-0.0402672822181409,-11.299734556116874
2025-02-01,100635.65,-0.0176687741751541,42.47026544388313,53.77,-11.299734556116874,-0.0291652113341543,-0.0405552108025335,-0.0442553906095901,-13.540126215649856
2025-02-02,97700.59,-0.029598970722466,43.49987378435014,57.04,-13.540126215649856,0.0371331432082446,-0.0122188617284705,-0.0117663567845394,-11.619474014373786
2025-02-03,101328.52,0.036460313684873,45.32052598562621,56.94,-11.619474014373786,-0.035186441092794,-0.0481974867490416,-0.0500404032349431,-7.021460500335117
2025-02-04,97763.13,-0.0358203995142624,47.00853949966488,54.03,-7.021460500335117,-0.011770285996367,-0.0133013335395461,-0.0635234366984772,-9.302843774079648
2025-02-05,96612.43,-0.0118401042068875,45.22715622592035,54.53,-9.302843774079648,-0.0006011648811647,0.0084708561827915,-0.0821015473888815,-12.638940503628548
2025-02-06,96554.35,-0.0006013456532248,41.27105949637145,53.91,-12.638940503628548,-0.0004924687494659,-0.0080384778106838,-0.1274335128349992,-13.476305475365372
2025-02-07,96506.8,-0.0004925900520273,40.69369452463463,54.17,-13.476305475365372,-0.0006430634939713,0.0141253258837719,-0.1222527324499413,-13.8788871707562
2025-02-08,96444.74,-0.0006432703479849,39.6111128292438,53.49,-13.8788871707562,0.0001867390590715,0.0016942344393275,-0.1254065281320682,-15.435251896079045
2025-02-09,96462.75,0.0001867216255037,38.77474810392096,54.21,-15.435251896079045,0.0100356873508169,0.0107578313908736,-0.1077951851880648,-13.471900433673396
2025-02-10,97430.82,0.0099856642396464,38.9280995663266,52.4,-13.471900433673396,-0.0169619838979083,0.0014250111001836,-0.0324416852901372,-14.847724837445789
2025-02-11,95778.2,-0.0171074860302891,39.38227516255421,54.23,-14.847724837445789,0.021839938524633,0.0035490330785084,-0.0997887828336718,-11.393206237095818
2025-02-12,97869.99,0.0216048635909414,40.09679376290418,51.49,-11.393206237095818,-0.0128931248485874,-0.0213547584913414,-0.1081844393771779,-12.09133968154282
2025-02-13,96608.14,-0.0129769625826388,39.66866031845718,51.76,-12.09133968154282,0.0092366957898164,-0.0096927650195934,-0.062128615663235,-14.32224733455658
2025-02-14,97500.48,0.0091942983898785,37.27775266544342,51.6,-14.32224733455658,0.0007095349684433,-0.0087805721571831,-0.0776261819428991,-13.373698458324824
2025-02-15,97569.66,0.0007092833675137,37.236301541675175,50.61,-13.373698458324824,-0.0148769607273409,0.0075365641327436,-0.1103612536930025,-15.935723056627914
2025-02-16,96118.12,-0.0149887326438566,34.90427694337209,50.84,-15.935723056627914,-0.0035177550289164,0.0006643908557513,-0.1029532204749739,-16.840792022398922
2025-02-17,95780.0,-0.0035239568777999,34.889207977601075,51.73,-16.840792022398922,-0.0011302986009604,0.0080498016287324,-0.1570852996450199,-18.55374961850034
2025-02-18,95671.74,-0.0011309378701796,33.13625038149966,51.69,-18.55374961850034,0.0101663249774697,0.0061278283430403,-0.1784840539118448,-15.978654916113308
2025-02-19,96644.37,0.010114995490717,33.17134508388669,49.15,-15.978654916113308,0.0171828943579435,-0.052682737752856,-0.141874586176101,-17.969899042103176
2025-02-20,98305.0,0.0170369380244533,31.090100957896823,49.06,-17.969899042103176,-0.021596256548497,-0.097905498194395,-0.1487704592848787,-17.743209084356092
2025-02-21,96181.98,-0.0218328685213355,30.96679091564391,48.71,-17.743209084356092,0.0038367893861199,-0.1240553583945766,-0.1566426476144491,-17.611970759079888
2025-02-22,96551.01,0.0038294476827775,30.98802924092012,48.6,-17.611970759079888,-0.0030347688750226,-0.1226546464920459,-0.1301675663465353,-17.630271489805445
2025-02-23,96258.0,-0.0030393831239023,30.83972851019456,48.47,-17.630271489805445,-0.0488803008581104,-0.123709821521328,-0.1238292921107855,-11.622978724357566
2025-02-24,91552.88,-0.0501153577517212,35.447021275642435,47.07,-11.622978724357566,-0.0313750916410277,-0.0599473222469899,-0.0980673682794032,-12.13550722181852
2025-02-25,88680.4,-0.0318778335074248,36.45449277818148,48.59,-12.13550722181852,-0.0499581643745404,0.0630308388324816,-0.052665188700096,-10.739740842335188
2025-02-26,84250.09,-0.051249257856689,40.56025915766481,51.3,-10.739740842335188,0.005442011990729,0.0233889364391184,-0.0182202772721072,-11.156550348996843
2025-02-27,84708.58,0.0054272577477817,40.52344965100316,51.68,-11.156550348996843,-0.0042338096093689,0.0303794491655979,0.0252319186557017,-11.038441229580677
2025-02-28,84349.94,-0.0042427975590892,39.72155877041932,50.76,-11.038441229580677,0.020327103967116,0.0741680432730598,-0.0015002974513081,-11.669248618478782
2025-03-01,86064.53,0.0201232660499191,40.200751381521215,51.87,-11.669248618478782,0.0953409029248171,0.0449355849616561,-0.0229564955504899,-4.820002588991159
2025-03-02,94270.0,0.0910656416882886,50.64999741100884,55.47,-4.820002588991159,-0.0853865492733637,-0.079221915773841,-0.1106333934443619,-0.3473966277037732
2025-03-03,86220.61,-0.0892537611894861,59.132603372296224,59.48,-0.3473966277037732,0.0123099337849732,2.134060522185344e-05,-0.0016018211886925,-3.689480986252569
2025-03-04,87281.98,0.0122347826584605,58.38051901374743,62.07,-3.689480986252569,0.0380838060731436,-0.0750167445788925,0.0024767999076098,0.8509684975490472
2025-03-05,90606.01,0.0373765195126344,58.45096849754905,57.6,0.8509684975490472,-0.0074401245568588,-0.132553569018214,-0.0354627689708442,-2.9906572798075146
2025-03-06,89931.89,-0.007467940338037,57.15934272019248,60.15,-2.9906572798075146,-0.0348056734935738,-0.0778244513709207,-0.0336112139976153,4.013734393856652
2025-03-07,86801.75,-0.0354258232982397,58.33373439385665,54.32,4.013734393856652,-0.006673828580645,-0.0359627542071444,0.0049568125066601,5.720099278792709
2025-03-08,86222.45,-0.0066961981573037,58.38009927879271,52.66,5.720099278792709,-0.0636502442229373,-0.0592266863212539,-0.0208538495484643,3.625101181274964
2025-03-09,80734.37,-0.0657662016000647,62.725101181274965,59.1,3.625101181274964,-0.0264882230455256,0.0402409779131243,0.0237094808567899,3.849790886429631
2025-03-10,78595.86,-0.0268453567037924,63.41979088642963,59.57,3.849790886429631,0.0551826775608792,0.0730646626934294,0.0482739167177508,6.22939072550961
2025-03-11,82932.99,0.0537139060247328,66.12939072550961,59.9,6.22939072550961,0.0090088395462408,-0.004322284774732,-0.0046179451627151,9.221652905522577
2025-03-12,83680.12,0.0089685020330386,66.11165290552258,56.89,9.221652905522577,-0.0306445545250173,0.003942513466759,0.01766512763127,11.310811699480324
2025-03-13,81115.78,-0.0311239175565561,66.73081169948033,55.42,11.310811699480324,0.0353497186367437,0.0197156459569272,0.0172655678093707,14.13207848438811
2025-03-14,83983.2,0.0347392620472014,67.40207848438811,53.27,14.13207848438811,0.0042298935977671,0.0340870555063395,-0.0091698101525067,13.806031661376686
2025-03-15,84338.44,0.004220972745167,67.26603166137669,53.46,13.806031661376686,-0.0209146624006799,-0.0013641466453494,-0.0053186897931715,12.322814317688902
2025-03-16,82574.53,-0.0211364721204962,67.5928143176889,55.27,12.322814317688902,0.0173842951331359,0.0183381001381417,0.0116677624444245,14.999173980399007
2025-03-17,84010.03,0.0172349170117196,67.859173980399,52.86,14.999173980399007,-0.0154148260630307,-0.0020169020294362,-0.0664209975880261,15.874116460501623
2025-03-18,82715.03,-0.0155348697269551,67.87411646050163,52.0,15.874116460501623,0.0499414677114908,0.040711706203818,-0.0429400799346865,15.939619896742975
2025-03-19,86845.94,0.0487344175789443,69.95961989674298,54.02,15.939619896742975,-0.0301977271476363,0.0075100804942638,-0.1211745764971857,21.761369283274583
2025-03-20,84223.39,-0.0306630706836421,70.77136928327458,49.01,21.761369283274583,-0.0015981308755205,0.0376318265033026,-0.0190941020065803,23.12557030254999
2025-03-21,84088.79,-0.0015994092488549,70.68557030254999,47.56,23.12557030254999,-0.0029516419489445,0.0335404992746357,-0.0532947376219825,21.56287285702144
2025-03-22,83840.59,-0.0029560066348178,70.44287285702144,48.88,21.56287285702144,0.026740150564303,0.0404508126672296,-0.0049707426915769,22.97234647211312
2025-03-23,86082.5,0.0263888809809596,70.63234647211311,47.66,22.97234647211312,0.0164453866929981,-0.0192619870473091,-0.0093584642639329,23.52854205779949
2025-03-24,87498.16,0.0163116258283656,70.84854205779949,47.32,23.52854205779949,-0.0012033395902268,-0.0554253940882871,-0.0427227269693443,23.85185459231139
2025-03-25,87392.87,-0.0012040641846587,70.84185459231139,46.99,23.85185459231139,-0.0055347764640295,-0.057245859988349,-0.0320539879283057,21.4085584970482
2025-03-26,86909.17,-0.0055501500919203,68.6785584970482,47.27,21.4085584970482,0.0037146828119518,-0.0501576530992069,-0.0375700285712082,21.174805314563383
2025-03-27,87232.01,0.0037078004164337,67.78480531456339,46.61,21.174805314563383,-0.0321857767578666,-0.0237718929094949,-0.0367024673626114,16.443498746675637
2025-03-28,84424.38,-0.0327151282624945,66.37349874667564,49.93,16.443498746675637,-0.0210346821617168,-0.0226011727891872,0.0062011707992406,14.06960310846
2025-03-29,82648.54,-0.0212590631891735,66.75960310846,52.69,14.06960310846,-0.0031283069247198,0.0068307316741469,0.0220953691377974,13.022144892442649
2025-03-30,82389.99,-0.0031332103056849,66.75214489244264,53.73,13.022144892442649,0.0019422262340362,0.0182046386945791,0.0326134279176388,15.365529326956654
2025-03-31,82550.01,0.0019403425512951,66.38552932695666,51.02,15.365529326956654,0.0315969677047889,0.0119682602097808,0.0318501475650943,9.744190053224706
2025-04-01,85158.34,0.031108055610873,59.2941900532247,49.55,9.744190053224706,-0.0310251468030025,-0.0790097599366074,0.0276883039288928,-0.9628605117937852
2025-04-02,82516.29,-0.0315166187211996,51.64713948820621,52.61,-0.9628605117937852,0.0084443932222353,-0.0406350067362455,0.1324187018102729,-1.0859717777875773
2025-04-03,83213.09,0.0084089387880866,51.55402822221242,52.64,-1.0859717777875773,0.0081330954060232,-0.0828075246334441,0.1259175689786307,-5.371698141990024
2025-04-04,83889.87,0.00810020002606,49.958301858009975,55.33,-5.371698141990024,-0.0041945469697353,-0.0151943256080858,0.1202838912493249,-7.188115617416685
2025-04-05,83537.99,-0.0042033687594591,49.91188438258332,57.1,-7.188115617416685,-0.0611457134652151,-0.0470527241558003,0.1328819379063344,-6.459423182982242
2025-04-06,78430.0,-0.0630949912246192,53.13057681701776,59.59,-6.459423182982242,0.0093489736070382,0.0636725742700496,0.2065281142419992,0.388362789971346
2025-04-07,79163.24,0.0093055424346964,53.17836278997135,52.79,0.388362789971346,-0.0358855953849287,0.0772285217229611,0.1842529436642561,-7.199295382242106
2025-04-08,76322.42,-0.0365453144265594,49.6407046177579,56.84,-7.199295382242106,0.0824502158081466,0.0974494781480985,0.2448659253729113,2.9976029464499376
2025-04-09,82615.22,0.0792271898213657,56.03760294644994,53.04,2.9976029464499376,-0.0364087876301727,0.0239224685233543,0.1409135023788594,0.8140592247634899
2025-04-10,79607.3,-0.0370881278659981,54.37405922476349,53.56,0.8140592247634899,0.0479420857132448,0.0507075356154522,0.1829568393853327,0.538217579397049
2025-04-11,83423.84,0.0468283226478621,56.68821757939705,56.15,0.538217579397049,0.0222125953444483,0.0072705835646023,0.1566227351797759,-1.2857838944361646
2025-04-12,85276.9,0.021969489076607,56.16421610556384,57.45,-1.2857838944361646,-0.0177879355370562,-0.0038579029021926,0.1361475381961587,-1.0923315271234486
2025-04-13,83760.0,-0.0179480423502672,55.19766847287655,56.29,-1.0923315271234486,0.0099281279847183,0.0085325931232091,0.1444176217765043,1.97552555123044
2025-04-14,84591.58,0.0098791679099759,55.28552555123044,53.31,1.97552555123044,-0.0112019423209732,0.0057385144006056,0.1145035948022248,4.542455375577212
2025-04-15,83643.99,-0.0112651566020126,54.93245537557721,50.39,4.542455375577212,0.0046194592103987,0.0183545763419463,0.1325820301016245,5.046173675571431
2025-04-16,84030.38,0.0046088222541115,54.62617367557143,49.58,5.046173675571431,0.0109190271423262,0.0414832111910001,0.1523691788612642,6.078582998662796
2025-04-17,84947.91,0.0108598449834582,54.48858299866279,48.41,6.078582998662796,-0.0055707079785718,0.1000034020848776,0.1422352827750559,4.905780116273292
2025-04-18,84474.69,-0.0055862822389649,51.80578011627329,46.9,4.905780116273292,0.0071301830169485,0.1091023832108766,0.2223969096542408,2.460237454716349
2025-04-19,85077.01,0.007104883451191,50.75023745471635,48.29,2.460237454716349,0.0012016172171542,0.1046517737282963,0.2103386096902091,2.5488997583868738
2025-04-20,85179.24,0.0012008958529972,50.74889975838688,48.2,2.5488997583868738,0.0274361452391449,0.1110533505581874,0.2304586187902122,2.4493041920293592
2025-04-21,87516.23,0.0270665197044683,51.60930419202936,49.16,2.4493041920293592,0.0677218385664009,0.0812622984331021,0.1896993277704033,2.998507004087841
2025-04-22,93442.99,0.0655272558342847,55.68850700408784,52.69,2.998507004087841,0.0026549878166355,0.0032780415095878,0.1000431386024784,5.984814045124985
2025-04-23,93691.08,0.0026514695623879,55.404814045124986,49.42,5.984814045124985,0.0030887678955136,0.0140899219007828,0.1111380080152775,8.453664512425398
2025-04-24,93980.47,0.0030840074520417,55.4136645124254,46.96,8.453664512425398,0.0070036891707392,0.0029405045537653,0.1013758496845143,8.98331846161652
2025-04-25,94638.68,0.0069792772557713,55.43331846161652,46.45,8.98331846161652,-0.0001128502637609,-0.0049311761322113,0.0964196668846186,7.998243370251536
2025-04-26,94628.0,-0.000112856631831,55.41824337025154,47.42,7.998243370251536,-0.0092858350593904,0.0196761000972227,0.0933751109608149,6.208201858566142
2025-04-27,93749.3,-0.009329217194183,54.32820185856614,48.12,6.208201858566142,0.0134601538358152,0.0334705432467228,0.1000258135260743,6.971444826019351
2025-04-28,95011.18,0.0133703707308457,54.02144482601935,47.05,6.971444826019351,-0.0079396972019502,0.0088962162137129,0.1204392998802879,7.911911577893569
2025-04-29,94256.82,-0.00797138443391,54.08191157789357,46.17,7.911911577893569,-0.0008998818334843,0.0002206736870604,0.1200647337773541,9.008588243292778
2025-04-30,94172.0,-0.0009002869702098,54.07858824329278,45.07,9.008588243292778,0.0246135794078918,0.0059644055557914,0.1346258972943126,7.543428794679968
2025-05-01,96489.91,0.0243155458100097,53.65342879467997,46.11,7.543428794679968,0.004116803508263,0.0035662796244706,0.1363259640308505,7.994682007693967
2025-05-02,96887.14,0.0041083526584195,52.53468200769397,44.54,7.994682007693967,-0.0106383571648415,0.00147965973606,0.1528486649518192,7.685237879199079
2025-05-03,95856.42,-0.0106953490468046,52.58523787919908,44.9,7.685237879199079,-0.0164704669755035,0.0772528329349251,0.1195734203301146,6.477847998569139
2025-05-04,94277.62,-0.0166076131092112,52.82784799856914,46.35,6.477847998569139,0.0048374152847727,0.0922209321788141,0.1430274756617744,7.834318767430624
2025-05-05,94733.68,0.00482575258787,52.834318767430624,45.0,7.834318767430624,0.0221709955741191,0.1063597444963608,0.150638189079111,1.977629589334029
2025-05-06,96834.02,0.0219287924377574,48.637629589334026,46.66,1.977629589334029,0.0020290389679165,0.0752212910297434,0.1301275109718669,3.734352812223932
2025-05-07,97030.5,0.0020269832486365,48.53435281222393,44.8,3.734352812223932,0.0642179520872303,0.0593712286342955,0.1227208970375293,5.737903445984344
2025-05-08,103261.6,0.062240212129403,51.617903445984346,45.88,5.737903445984344,-0.0028046243714991,0.0081552096810431,0.043774065092929,-2.171831327355399
2025-05-09,102971.99,-0.002808564699583,43.6081686726446,45.78,-2.171831327355399,0.0178450469880206,0.0052036480988664,0.0254220589502056,-5.03035293975416
2025-05-10,104809.53,0.0176876933678977,42.09964706024584,47.13,-5.03035293975416,-0.0065979687152494,-0.0099782910962389,-0.0078623575546994,-8.259572372119756
2025-05-11,104118.0,-0.0066198315306769,38.87042762788025,47.13,-8.259572372119756,-0.0127420811002899,-0.0062822950882652,0.0045513744021206,-7.070803293919411
2025-05-12,102791.32,-0.0128239576779249,38.36919670608059,45.44,-7.070803293919411,0.0127676150087381,0.0032622404304174,0.0277417392830443,-7.597202468962813
2025-05-13,104103.72,0.0126867961942682,38.11279753103719,45.71,-7.597202468962813,-0.0057240990043391,0.0225788281148837,0.0168511749628159,-6.780523517222072
2025-05-14,103507.82,-0.0057405444459628,38.00947648277793,44.79,-6.780523517222072,0.0024721803627976,0.0199590716913948,0.018057283014945,-5.7543670033431695
2025-05-15,103763.71,0.002469129551993,37.81563299665683,43.57,-5.7543670033431695,-0.0028893531274085,0.0297433466864283,0.0089930284875126,-4.825074313697648
2025-05-16,103463.9,-0.0028935353660749,37.79492568630235,42.62,-4.825074313697648,-0.0032595910264353,0.059731848499815,-0.0188976058315992,-5.508138990200081
2025-05-17,103126.65,-0.003264915065874,37.62186100979992,43.13,-5.508138990200081,0.0322672170578604,0.0830974340774184,0.0112656621736477,-5.759683629964833
2025-05-18,106454.26,0.0317575648000751,39.17031637003517,44.93,-5.759683629964833,-0.0082713458343516,0.0081165375627054,-0.0084741559426555,-4.820953480244697
2025-05-19,105573.74,-0.0083057432217508,39.199046519755306,44.02,-4.820953480244697,0.0120887069076078,0.020726460955158,0.0015179911216558,-7.879736342391979
2025-05-20,106849.99,0.012016222070838,39.42026365760802,47.3,-7.879736342391979,0.0261488091856629,0.0201609752139424,0.0319422584878108,-9.812179209585691
2025-05-21,109643.99,0.02581277442421,39.31782079041431,49.13,-9.812179209585691,0.0187171225709681,-0.0019079933154567,0.0057495171417967,-16.360831102661322
2025-05-22,111696.21,0.0185441127291967,32.63916889733868,49.0,-16.360831102661322,-0.0391947945234668,-0.0246923328911519,-0.0273159671218925,-12.198075399849508
2025-05-23,107318.3,-0.0399835903745315,35.48192460015049,47.68,-12.198075399849508,0.0041335913818985,0.0043187415380228,-0.0153428632395407,-12.035210305374328
2025-05-24,107761.91,0.0041250715632717,35.49478969462567,47.53,-12.035210305374328,0.0115280065099068,-0.0201570295107056,-0.0157320893811181,-13.323808954712916
2025-05-25,109004.19,0.0114620653391485,35.636191045287084,48.96,-13.323808954712916,0.0039503068643507,-0.0460414411592802,-0.0329303855200429,-11.467306765580863
2025-05-26,109434.79,0.0039425248895826,35.66269323441914,47.13,-11.467306765580863,-0.0045380449855114,-0.0442538428592953,-0.0350965172958251,-10.610660770156253
2025-05-27,108938.17,-0.0045483731700125,35.549339229843746,46.16,-10.610660770156253,-0.0106151039621833,-0.0302487181490198,-0.0196775840827875,-9.80185717245744
2025-05-28,107781.78,-0.0106718460844975,35.43814282754256,45.24,-9.80185717245744,-0.0203376674610494,-0.0178489351354189,-0.0299736189177799,-8.56145399049273
2025-05-29,105589.75,-0.0205473253252083,36.04854600950727,44.61,-8.56145399049273,-0.0151934254982136,-0.0020159153705733,-0.0066575590907261,-7.269399653560974
2025-05-30,103985.48,-0.0153100281575464,36.44060034643903,43.71,-7.269399653560974,0.0058315834095299,0.006841147437123,0.0064731152849417,-10.382168878372012
2025-05-31,104591.88,0.0058146455448111,35.49783112162799,45.88,-10.382168878372012,0.0100490592577549,-0.0294783878060133,-0.0123708456144013,-9.490044136683288
2025-06-01,105642.93,0.0099989031960423,35.639955863316715,45.13,-9.490044136683288,0.0020357254385126,-0.0128213975133024,-0.0333474279821659,-7.518735876059679
2025-06-02,105857.99,0.0020336561573317,35.45126412394032,42.97,-7.518735876059679,-0.0045447679480784,-0.0028891536670969,-0.0462328823738293,-7.81915330969894
2025-06-03,105376.89,-0.0045551268035746,35.01084669030106,42.83,-7.81915330969894,-0.0064533124862576,0.003388883463917,-0.0004076795206235,-7.136801565823824
2025-06-04,104696.86,-0.0064742251263659,35.043198434176176,42.18,-7.136801565823824,-0.0304515340765711,0.0531645361666053,0.0132395565635874,-6.90090242393169
2025-06-05,101508.68,-0.0309248149110365,35.85909757606831,42.76,-6.90090242393169,0.0273844561864069,0.0863542900961771,0.0574522297009478,-3.460113011526083
2025-06-06,104288.44,0.0270162096650293,37.06988698847392,40.53,-3.460113011526083,0.0121174504096521,0.0417752916814173,0.0254929501294678,-11.650102636950862
2025-06-07,105552.15,0.0120446218481455,30.33989736304914,41.99,-11.650102636950862,0.0017228450581063,0.0011328997088169,0.0141677834132227,-12.189979060243411
2025-06-08,105734.0,0.0017213626629398,30.33002093975659,42.52,-12.189979060243411,0.0428340931015567,0.0031455350218472,0.0147803923052187,-9.505999651662885
2025-06-09,110263.02,0.0419420963494116,33.10400034833712,42.61,-9.505999651662885,0.0001031170740652,-0.0439710430568653,-0.0172867567022925,-9.486607755434754
2025-06-10,110274.39,0.0001031117578652,33.023392244565244,42.51,-9.486607755434754,-0.0147746906602702,-0.042443036864679,-0.028364609407497,-7.821576241978711
2025-06-11,108645.12,-0.0148849235207292,33.12842375802129,40.95,-7.821576241978711,-0.0273679112324602,-0.0170333467347635,-0.0272812989667644,-5.541409066316035
2025-06-12,105671.73,-0.0277493887872792,34.22859093368397,39.77,-5.541409066316035,0.003736666372359,-0.0106041606397472,0.0300730384559806,-6.525270607854736
2025-06-13,106066.59,0.0037297023772628,34.19472939214526,40.72,-6.525270607854736,-0.006146610351101,-0.0111232952808231,0.0331696342835194,-6.748535134908167
2025-06-14,105414.64,-0.0061655785271072,34.25146486509183,41.0,-6.748535134908167,0.0017015663099546,-0.0071721536970577,0.0243761208120618,-8.078273233425065
2025-06-15,105594.01,0.0017001202861056,34.241726766574935,42.32,-8.078273233425065,0.0113692055070169,-0.0217438470231406,0.0246615314637639,-7.2807842838134675
2025-06-16,106794.53,0.0113050618075081,34.44921571618653,41.73,-7.2807842838134675,-0.0210063193311492,-0.0437711556949593,0.0225602378698608,-8.170342063674575
2025-06-17,104551.17,-0.0212300913561666,33.44965793632542,41.62,-8.170342063674575,0.0032100071190022,-0.0343114285569449,0.0355019460805652,-6.347293832705489
2025-06-18,104886.78,0.0032048660451346,33.34270616729451,39.69,-6.347293832705489,-0.0021755839963816,0.0042631683420921,0.0384814940452933,-7.12305728924494
2025-06-19,104658.59,-0.0021779540173212,33.08694271075506,40.21,-7.12305728924494,-0.013000366238452,0.0136100629675979,0.062827141087989,-8.506157979216859
2025-06-20,103297.99,-0.0130856106109857,32.16384202078314,40.67,-8.506157979216859,-0.0114037068872299,0.0391352242187867,0.1230615426302099,-9.250309822427518
2025-06-21,102120.01,-0.0114692277493546,31.75969017757248,41.01,-9.250309822427518,-0.0113213854953597,0.04726840508535,0.150877873983757,-12.94125447452326
2025-06-22,100963.87,-0.0113859602263607,28.80874552547674,41.75,-12.94125447452326,0.0432834042514416,0.0602564065739557,0.1629902855348155,-7.5131137495491345
2025-06-23,105333.93,0.0423728593887924,32.346886250450865,39.86,-7.5131137495491345,0.0071113837677945,0.0186346412784561,0.1305629629503049,-6.856117976631872
2025-06-24,106083.0,0.0070862171209309,32.193882023368126,39.05,-6.856117976631872,0.0118546798261738,0.0214353855000328,0.1296925991911992,-5.973889639743803
2025-06-25,107340.58,0.0117849635445264,32.4261103602562,38.4,-5.973889639743803,-0.0036660878858676,-0.0018080766845121,0.0970509941347437,-5.837396444452139
2025-06-26,106947.06,-0.0036728244556723,32.41260355554786,38.25,-5.837396444452139,0.0009399977895605,-0.011836884529598,0.1092444242974046,-5.90018846716734
2025-06-27,107047.59,0.0009395562683027,32.19981153283266,38.1,-5.90018846716734,0.0023279365747514,0.0168337278774797,0.1133138074383552,-6.30746962053534
2025-06-28,107296.79,0.0023252311283283,31.40253037946466,37.71,-6.30746962053534,0.0098804446992308,0.0213239370907554,0.0990528234814853,-8.205424307647071
2025-06-29,108356.93,0.0098319522617791,31.13457569235293,39.34,-8.205424307647071,-0.0111707668351253,-0.0034394662159585,0.0875169682271361,-6.425436391773342
2025-06-30,107146.5,-0.0112336284308603,31.31456360822666,37.74,-6.425436391773342,-0.0136762283415696,0.0098147862972659,0.0944372424670894,-6.121756039609174
2025-07-01,105681.14,-0.0137706094588064,31.488243960390825,37.61,-6.121756039609174,0.0299813192779714,0.0333332891753439,0.1107030071780073,-6.476309807893948
2025-07-02,108849.6,0.0295406654537451,33.123690192106054,39.6,-6.476309807893948,0.0067540900471843,-0.0053896385471329,0.1020198512442855,-5.911230499199689
2025-07-03,109584.78,0.0067313833656431,33.16876950080031,39.08,-5.911230499199689,-0.0146054953981747,-0.0060391598176315,0.0836905453476295,-5.722603146945083
2025-07-04,107984.24,-0.0147132057075679,33.48739685305492,39.21,-5.722603146945083,0.0019806593999271,0.030094669370271,0.0959098290639448,-6.829955915279655
2025-07-05,108198.12,0.0019787004803064,31.710044084720344,38.54,-6.829955915279655,0.0092951707478836,0.0721997757447172,0.0870272977016606,-8.53101799492606
2025-07-06,109203.84,0.0092522364973247,30.448982005073937,38.98,-8.53101799492606,-0.0086159973861724,0.0762227775140509,0.07981541674725,-8.401579040795056
2025-07-07,108262.94,-0.0086533296829764,30.308420959204945,38.71,-8.401579040795056,0.006096638424931,0.0845816675586308,0.1030141062121534,-7.393451759446467
2025-07-08,108922.98,0.0060781291164992,30.376548240553536,37.77,-7.393451759446467,0.0212169185969757,0.0933105208836555,0.0839064447190116,-11.159578622430333
2025-07-09,111233.99,0.0209949736167124,27.610421377569672,38.77,-11.159578622430333,0.0429366059780826,0.0773791356401041,0.0603841505640496,-7.357129093600026
2025-07-10,116010.0,0.042040393709379,31.26287090639997,38.62,-7.357129093600026,0.0130821480906819,0.0150684423756572,0.0157770881820533,-6.77970969397273
2025-07-11,117527.66,0.0129973158489833,31.160290306027267,37.94,-6.77970969397273,-0.0009160396795103,0.0093830677816608,-0.0150056590933572,-8.57941477255655
2025-07-12,117420.0,-0.0009164595002588,29.620585227443453,38.2,-8.57941477255655,0.0141938340998126,0.0149681485266564,-0.0351053483222619,-9.242421345040274
2025-07-13,119086.64,0.0140940447900117,29.997578654959728,39.24,-9.242421345040274,0.0063360591918621,-0.0097559222428309,-0.0549204343996941,-9.638612319435229
2025-07-14,119841.18,0.0063160707563308,30.00138768056477,39.64,-9.638612319435229,-0.0173820885274994,-0.0166986005978913,-0.0469987027831334,-9.317242720016605
2025-07-15,117758.09,-0.0175349307627005,30.612757279983395,39.93,-9.317242720016605,0.007407898684498,-0.0041862941221277,-0.0229543464911837,-8.603314248312138
2025-07-16,118630.43,0.0073805949622627,30.466685751687866,39.07,-8.603314248312138,0.0046120544281935,-0.0105375155430187,-0.0379386637981502,-9.873415328629353
2025-07-17,119177.56,0.0046014514935447,29.59658467137065,39.47,-9.873415328629353,-0.0105113747923686,0.0065185090213291,-0.0351181044485219,-8.795744075288876
2025-07-18,117924.84,-0.0105670095006571,29.804255924711125,38.6,-8.795744075288876,-0.0007194412983727,0.007048133370374,-0.003839988250143,-9.054370003893542
2025-07-19,117840.0,-0.0007197002204572,29.79562999610646,38.85,-9.054370003893542,-0.0048784792939579,0.00425144263408,-0.0098884928716903,-9.736678783420988
2025-07-20,117265.12,-0.0048904179181156,29.49332121657901,39.23,-9.736678783420988,0.0009827304146365,0.0029777823107162,-0.006846622422763,-10.057252681491503
2025-07-21,117380.36,0.0009822478512299,29.222747318508496,39.28,-10.057252681491503,0.0219292222310443,0.0045972767505568,0.0163029828840191,-9.955984452380749
2025-07-22,119954.42,0.021692235206271,29.924015547619256,39.88,-9.955984452380749,-0.0099907114719073,-0.0044922896546871,-0.0105741830938784,-13.326129936855365
2025-07-23,118755.99,-0.0100409535459066,26.253870063144635,39.58,-13.326129936855365,-0.0034945605691132,-0.005841136939703,0.0116043830715402,-14.054234918911504
2025-07-24,118340.99,-0.0035006808084234,26.16576508108849,40.22,-14.054234918911504,-0.0061405604262733,-0.003297504947356,0.0419587498803244,-14.129988530142302
2025-07-25,117614.31,-0.0061594912042918,25.9300114698577,40.06,-14.129988530142302,0.0025990034716014,0.0019214498643915,0.0057882412437737,-13.035834746318464
2025-07-26,117919.99,0.0025956319026282,25.91416525368154,38.95,-13.035834746318464,0.0126828368964413,-0.0182828204106869,-0.0049011198186159,-13.087652077891434
2025-07-27,119415.55,0.0126030833468208,26.282347922108563,39.37,-13.087652077891434,-0.0113321087580302,-0.0512296765371009,-0.0170404105662955,-11.70109074152425
2025-07-28,118062.32,-0.0113968063402202,26.568909258475752,38.27,-11.70109074152425,-0.000944924680457,-0.0467208335394392,-0.0055674833426957,-8.831290551421816
2025-07-29,117950.76,-0.0009453714032179,26.348709448578184,35.18,-8.831290551421816,-0.000936492482117,-0.0317247637912633,-0.0146138100339496,-10.072224949998583
2025-07-30,117840.3,-0.0009369312651676,26.057775050001418,36.13,-10.072224949998583,-0.0176189300264849,-0.0236359717346272,-0.0421533210624888,-10.37889045126078
2025-07-31,115764.08,-0.017775990938679,26.351109548739217,36.73,-10.37889045126078,-0.0213032401760546,-0.0141177643358804,-0.012895537199449,-13.030555545159864
2025-08-01,113297.93,-0.0215334292496769,25.38944445484013,38.42,-13.030555545159864,-0.0066336604737614,0.0149547304174049,-0.0070427588571123,-12.282981302841794
2025-08-02,112546.35,-0.0066557609918463,25.387018697158208,37.67,-12.282981302841794,0.0147712475793306,0.0437656130118835,0.0390029530055839,-12.646500519484048
2025-08-03,114208.8,0.0146632152506765,25.383499480515955,38.03,-12.646500519484048,0.0074094990928894,0.0215915060835942,0.0107631811208943,-11.38556678396656
2025-08-04,115055.03,0.0073821836009087,25.50443321603344,36.89,-11.38556678396656,-0.0080420647406723,0.0122308429279449,-0.0135712449946777,-10.554283668111264
2025-08-05,114129.75,-0.0080745765687901,25.45571633188873,36.01,-10.554283668111264,0.0075573634394188,0.045249025779869,-0.035203529316414,-9.467802828656264
2025-08-06,114992.27,0.0075289496341813,25.41219717134374,34.88,-9.467802828656264,0.0215644060248569,0.0321215504311724,-0.0280805831557199,-9.265560968890089
2025-08-07,117472.01,0.0213351837283328,26.394439031109908,35.66,-9.265560968890089,-0.0067868933203747,0.0226613131076927,-0.0528636566276511,-8.930811416521614
2025-08-08,116674.74,-0.0068100290199484,25.469188583478385,34.4,-8.930811416521614,-0.0018212168289383,0.0568391238754848,-0.0352076207754995,-14.236113449718031
2025-08-09,116462.25,-0.0018228772606176,20.833886550281967,35.07,-14.236113449718031,0.0243148316299917,0.0157376317218669,-0.0694203486537483,-13.436421723207353
2025-08-10,119294.01,0.0240239321270641,21.993578276792647,35.43,-13.436421723207353,-0.0050967353683558,-0.0163625985914966,-0.0878307301431143,-14.49663712046577
2025-08-11,118686.0,-0.0051097680255928,22.063362879534232,36.56,-14.49663712046577,0.0122009335557691,-0.0109982643277218,-0.087960248049475,-15.019302857391155
2025-08-12,120134.08,0.0121271021010796,21.92069714260884,36.94,-15.019302857391155,0.0264067448637388,-0.022716867686505,-0.0907041532261286,-15.371286805325798
2025-08-13,123306.43,0.0260641056770228,23.6287131946742,39.0,-15.371286805325798,-0.0406413517932519,-0.0574129021495471,-0.0978571839278779,-9.925026835975974
2025-08-14,118295.09,-0.0414902925662938,27.02497316402403,36.95,-9.925026835975974,-0.0080564628675627,-0.0458357992711278,-0.0557029036454512,-8.320366584293623
2025-08-15,117342.05,-0.0080890915304361,27.04963341570637,35.37,-8.320366584293623,0.0003290380558376,-0.0261697319929214,-0.0563410985235046,-8.377782603431328
2025-08-16,117380.66,0.0003289839346881,27.002217396568675,35.38,-8.377782603431328,0.0002074447357851,-0.0415797627990845,-0.0572553434271029,-9.08043040766269
2025-08-17,117405.01,0.0002074232221011,26.74956959233731,35.83,-9.08043040766269,-0.0100333026674074,-0.0039948891448499,-0.0614713119993771,-9.011335858510012
2025-08-18,116227.05,-0.0100839754772945,26.97866414148999,35.99,-9.011335858510012,-0.0288582563181289,-0.0067884369430352,-0.0437910968229857,-9.073023521251123
2025-08-19,112872.94,-0.0292828443291047,28.796976478748874,37.87,-9.073023521251123,0.0123882659563931,0.0054986607064544,-0.0071559224026591,-6.906569598105463
2025-08-20,114271.24,0.0123121592980693,29.11343040189454,36.02,-6.906569598105463,-0.015500313114656,-0.0363981348237755,-0.0238454575271959,-8.6137915751209
2025-08-21,112500.0,-0.0156216989473507,28.6362084248791,37.25,-8.6137915751209,0.0394310222222222,-0.0065491555555555,0.0129777777777777,-3.0699442813807565
2025-08-22,116935.99,0.0386734694256492,31.460055718619245,34.53,-3.0699442813807565,-0.0128099142103299,-0.0485221017070964,-0.0124281668971204,-3.213620283930144
2025-08-23,115438.05,-0.01289266863907,31.75637971606985,34.97,-3.213620283930144,-0.0168441861240726,-0.0248717818778124,0.0051228342821105,-2.8370610828543263
2025-08-24,113493.59,-0.0169876628753381,32.232938917145674,35.07,-2.8370610828543263,-0.0297956034345199,-0.0450791097541279,0.0213642021545004,-4.026249555871132
2025-08-25,110111.98,-0.0302485115739085,33.90375044412887,37.93,-4.026249555871132,0.0149960067923582,-0.0117666579058881,0.0468253318122151,-2.903904790530717
2025-08-26,111763.22,0.0148846782912907,34.016095209469285,36.92,-2.903904790530717,-0.0044845701474958,-0.0314671499264247,0.03209007399751,-4.090631391721487
2025-08-27,111262.01,-0.0044946559972962,33.81936860827851,37.91,-4.090631391721487,0.011728082208833,-0.01819659738306,0.0496750867614201,-2.8885588878397925
2025-08-28,112566.9,0.0116598412911834,34.06144111216021,36.95,-2.8885588878397925,-0.0372178677746299,-0.0117875681039453,0.034474521373512,-2.4410110062381776
2025-08-29,108377.4,-0.0379281313827635,36.53898899376182,38.98,-2.4410110062381776,0.0040500141173345,0.0307103695050814,0.0802393303400894,-2.8133468531479338
2025-08-30,108816.33,0.0040418348867215,36.03665314685207,38.85,-2.8133468531479338,-0.0052380005831844,0.0175942342477457,0.0626381169076368,-4.327215724332746
2025-08-31,108246.35,-0.0052517670016201,35.29278427566725,39.62,-4.327215724332746,0.0091556897761448,0.0222976571496407,0.0687254581794212,-4.140458142425239
2025-09-01,109237.42,0.0091140305348327,35.35954185757476,39.5,-4.140458142425239,0.018332454208457,0.0087016884873334,0.0548792712240915,-3.2431434833508206
2025-09-02,111240.01,0.0181664406573254,35.55685651664918,38.8,-3.2431434833508206,0.0041864433489353,-0.0009229592841639,0.0126841052962869,-3.356576721729418
2025-09-03,111705.71,0.0041777045760736,35.49342327827058,38.85,-3.356576721729418,-0.0087268591730897,0.0032184567825583,0.0026237691878059,-2.966650540560736
2025-09-04,110730.87,-0.0087651612090672,35.51334945943926,38.48,-2.966650540560736,-0.0006401105671796,0.0073648838846835,0.0232647860528867,-2.073179298588677
2025-09-05,110659.99,-0.0006403155254173,35.416820701411325,37.49,-2.073179298588677,-0.0042654983070213,0.0298211666203838,-0.0150506068182366,-3.101770510070552
2025-09-06,110187.97,-0.00427462149747,34.65822948992945,37.76,-3.101770510070552,0.0086159133342778,0.0480517065519947,-0.004941646533646,-3.1940208437977304
2025-09-07,111137.34,0.0085790081825398,34.70597915620227,37.9,-3.1940208437977304,0.0083490391258238,0.0440183290332485,-0.0135102207772832,-2.258865796077579
2025-09-08,112065.23,0.0083143786859431,34.82113420392242,37.08,-2.258865796077579,-0.0046298035528057,0.0343822968105271,0.0008809155167932,-3.523457409566639
2025-09-09,111546.39,-0.0046405542886385,33.83654259043336,37.36,-3.523457409566639,0.0216377239998533,0.0333638766794692,0.0247930031621821,-2.345237296304916
2025-09-10,113960.0,0.021406951444263,34.60476270369509,36.95,-2.345237296304916,0.013361618111618,0.0121947174447174,0.0007803615303614,-0.6041019257626772
2025-09-11,115482.69,0.0132731389706203,34.65589807423732,35.26,-0.6041019257626772,0.004734302604139,0.0113113922095164,0.0269503594001836,-1.1772781067001503
2025-09-12,116029.42,0.0047231310394015,33.482721893299846,34.66,-1.1772781067001503,-0.0009577743299932,0.0036039997442027,0.0387826639140316,-4.0846033006744165
2025-09-13,115918.29,-0.0009582332889029,30.195396699325585,34.28,-4.0846033006744165,-0.0056098136023228,0.0099659855230784,0.054466900779851,-4.2827472351370695
2025-09-14,115268.01,-0.0056256077023168,30.127252764862927,34.41,-4.2827472351370695,0.0007087829485388,0.0031610678452764,0.0617950288202251,-5.431952105900134
2025-09-15,115349.71,0.0007085318805328,30.12804789409987,35.56,-5.431952105900134,0.0124772745419126,0.0029121876422575,0.0705038616915465,-6.083151809216492
2025-09-16,116788.96,0.0124000748497902,30.43684819078351,36.52,-6.083151809216492,-0.0029229646363835,-0.0133289139658406,0.0673829101654812,-5.299836437329667
2025-09-17,116447.59,-0.0029272448401405,30.25016356267033,35.55,-5.299836437329667,0.0053752937265596,-0.0326035085827022,0.0419532941815283,-5.275079922596923
2025-09-18,117073.53,0.0053608983982732,28.53492007740308,33.81,-5.275079922596923,-0.0123097851410134,-0.0433465190637029,0.0532355178835044,-6.241182790274781
2025-09-19,115632.38,-0.0123861781142075,28.53881720972522,34.78,-6.241182790274781,0.0004605111474831,-0.0201101110259946,0.0521481958600176,-6.465742000264431
2025-09-20,115685.63,0.000460405144767,28.01425799973557,34.48,-6.465742000264431,-0.0039187235268547,-0.0578389900284072,-0.0251641452788907,-9.919246385640498
2025-09-21,115232.29,-0.003926421842189,24.5907536143595,34.51,-9.919246385640498,-0.022400839209218,-0.0485005548358015,-0.0398142742802386,-9.735182436210966
2025-09-22,112650.99,-0.0226555490034091,25.43481756378904,35.17,-9.735182436210966,-0.0057894741981406,-0.0267653218138607,0.0204863712249665,-12.322243167427924
2025-09-23,111998.8,-0.0058062981699451,24.81775683257208,37.14,-12.322243167427924,0.0116804822908815,0.0014745693703861,0.0282788744165116,-13.344422239687663
2025-09-24,113307.0,0.0116127920508121,22.82557776031234,36.17,-13.344422239687663,-0.0380604022699391,0.0088693549383533,-0.00246110125588,-11.666023783985192
2025-09-25,108994.49,-0.0388036185100834,26.023976216014805,37.69,-11.666023783985192,0.0059541541962351,0.0463733533685968,0.0162282515382199,-10.49088999235087
2025-09-26,109643.46,0.0059364982695478,26.059110007649128,36.55,-10.49088999235087,-6.940678449951498e-05,0.0816421699935407,-0.0132172041998674,-10.68020617475755
2025-09-27,109635.85,-6.94091932618392e-05,25.73979382524245,36.42,-10.68020617475755,0.0230590632534886,0.0993607474197537,-0.029225568096567,-12.392021448438635
2025-09-28,112163.95,0.0227972206435223,23.46797855156136,35.86,-12.392021448438635,0.0191506272737365,0.0897619065662362,-0.0443898418342079,-12.047866302822635
2025-09-29,114311.96,0.0189695620345703,24.342133697177363,36.39,-12.047866302822635,-0.0023009840790063,0.0706753694014168,-0.0495939357526544,-12.323595766361908
2025-09-30,114048.93,-0.0023036354107678,24.28640423363809,36.61,-12.323595766361908,0.039860610704546,0.0827134458867786,-0.0308362384460774,-9.45049348092858
2025-10-01,118594.99,0.0390866760019979,27.66950651907142,37.12,-9.45049348092858,0.0163106384173563,0.0511282137634987,-0.086827613881497,-9.870972498546433
2025-10-02,120529.35,0.0161790488991379,27.519027501453568,37.39,-9.870972498546433,0.0141264347646443,0.0066672557348064,-0.1075415241183994,-10.117383902950458
2025-10-03,122232.0,0.0140275865129558,27.912616097049543,38.03,-10.117383902950458,0.0013008050265068,0.0087865698016886,-0.0994323908632764,-10.281624760543531
2025-10-04,122391.0,0.0012999597126279,27.748375239456468,38.03,-10.281624760543531,0.0089165870039462,-0.0059530521035043,-0.0930306149962006,-10.030292546160748
2025-10-05,123482.31,0.0088770689789275,27.91970745383925,37.95,-10.030292546160748,0.0095254939756148,-0.0867153359861829,-0.0958521103144247,-11.18470646172035
2025-10-06,124658.54,0.0094804125139022,28.07529353827965,39.26,-11.18470646172035,-0.0266775946517583,-0.1124202160557953,-0.081014425485811,-9.814344543988277
2025-10-07,121332.95,-0.0270398998328903,29.465655456011724,39.28,-9.814344543988277,0.0162614524743691,-0.0525343692706721,-0.0595493639609026,-9.582478644510084
2025-10-08,123306.0,0.0161306511638574,29.857521355489915,39.44,-9.582478644510084,-0.0133294405787228,-0.066014630269411,-0.0844042463464875,-9.551195698810504
2025-10-09,121662.4,-0.0134190749805211,30.17880430118949,39.73,-9.551195698810504,-0.0730537947632136,-0.0709690093241626,-0.0956837116479701,-4.674472155078725
2025-10-10,112774.5,-0.075859746128425,39.43552784492128,44.11,-4.674472155078725,-0.0188881351724016,-0.0178339961604795,-0.0394736398742623,-6.4263749696579495
2025-10-11,110644.4,-0.0190687944931956,39.72362503034205,46.15,-6.4263749696579495,0.0389933878262254,-0.0221440940526587,-0.0093668545357921,-4.367813015440092
2025-10-12,114958.8,0.0382523481182313,41.87218698455991,46.24,-4.367813015440092,0.0018023848543999,-0.0741754437241865,-0.0422821045452805,-1.5044359889551515
2025-10-13,115166.0,0.0018007625079209,41.87556401104485,43.38,-1.5044359889551515,-0.0185632912491533,-0.0692998801729677,-0.0401622006494972,-2.672900521661824
2025-10-14,113028.14,-0.0187377515517996,42.337099478338175,45.01,-2.672900521661824,-0.0200380188508808,-0.0387988336355884,-0.0570220831732699,-2.328933029785844
2025-10-15,110763.28,-0.0202415028158518,42.92106697021416,45.25,-2.328933029785844,-0.0231936071232271,-0.0020872440758344,-0.083656424764597,-4.299992351876668
2025-10-16,108194.28,-0.0234668114929177,43.48000764812333,47.78,-4.299992351876668,-0.0162910645553536,0.0009555958041405,-0.0398276138073102,-6.15604108911198
2025-10-17,106431.68,-0.0164252229988888,43.84395891088802,50.0,-6.15604108911198,0.007078061719969,0.0106712587830992,-0.0477831412601962,-5.2069030685200985
2025-10-18,107185.01,0.0070531298183406,43.8730969314799,49.08,-5.2069030685200985,0.0136005025329568,0.0269923005091849,-0.0358812300339385,-3.7666117487223545
2025-10-19,108642.78,0.0135088458148793,43.913388251277645,47.68,-3.7666117487223545,0.0173901109673371,0.0217419878246856,-0.0582628684575265,-1.6270487245643608
2025-10-20,110532.09,0.0172406334529956,44.32295127543564,45.95,-1.6270487245643608,-0.0202151248565009,0.010080149574662,-0.052556049559906,-4.399167684256334
2025-10-21,108297.67,-0.0204222465741934,44.87083231574367,49.27,-4.399167684256334,-0.0067428043465754,0.0578196188339046,-0.0211134736324428,-6.4675184542635975
2025-10-22,107567.44,-0.0067656397595052,44.232481545736405,50.7,-6.4675184542635975,0.0233410779321325,0.0608010193419124,-0.0419127758362567,-0.2169657904746884
2025-10-23,110078.18,0.0230728409142147,44.913034209525314,45.13,-0.2169657904746884,0.0084186529973515,0.0256206089163175,-0.0765257020056109,1.985483587661129
2025-10-24,111004.89,0.0083834137779145,44.82548358766113,42.84,1.985483587661129,0.005777943656356,-0.0088608709039755,-0.1019132580555685,-0.1195558827611833
2025-10-25,111646.27,0.0057613153607323,42.780444117238815,42.9,-0.1195558827611833,0.0260924973131657,-0.0297671386603421,-0.1527347935582622,-0.2453609012633535
2025-10-26,114559.4,0.0257578960116831,43.66463909873664,43.91,-0.2453609012633535,-0.0039433691168074,-0.0432211586303699,-0.1655312440533032,0.8663771132062763
2025-10-27,114107.65,-0.0039511646974532,43.68637711320628,42.82,0.8663771132062763,-0.0105970108051475,-0.03513831018341,-0.1739253240251639,0.7270120292159916
2025-10-28,112898.45,-0.0106535589733105,43.11701202921599,42.39,0.7270120292159916,-0.0254844951370014,-0.0208839891070249,-0.1832027809062038,-1.5226105916619872
2025-10-29,110021.29,-0.025814849578232,43.54738940833801,45.07,-1.5226105916619872,-0.0154371031279489,-0.0312507697373845,-0.1550650787679366,-0.973159351094047
2025-10-30,108322.88,-0.0155574958212031,43.876840648905954,44.85,-0.973159351094047,0.0118638832350099,-0.0630121724976293,-0.1547957365978451,-1.4026917037085482
2025-10-31,109608.01,0.0117940590867665,41.907308296291454,43.31,-1.4026917037085482,0.00447129730756,-0.0522119688150527,-0.2095720924045605,-1.935260034726717
2025-11-01,110098.1,0.0044613307556547,41.554739965273285,43.49,-1.935260034726717,0.0040198695526987,-0.0794932882583805,-0.2267856575181589,-2.830608427789201
2025-11-02,110540.68,0.0040118114648444,41.2893915722108,44.12,-2.830608427789201,-0.0358025660779361,-0.0651488664625546,-0.2334067422056748,-2.52888328752286
2025-11-03,106583.04,-0.0364591983685811,43.20111671247714,45.73,-2.52888328752286,-0.0477169726065234,-0.0400635973603303,-0.1853300487582264,-1.4478375802260215
2025-11-04,101497.22,-0.0488929906927473,46.34216241977398,47.79,-1.4478375802260215,0.023527146851904,0.0317815601254891,-0.1300253346840436,0.3803268448883443
2025-11-05,103885.16,0.023254649315978,46.93032684488834,46.55,0.3803268448883443,-0.024441604556416,0.0204646168904201,-0.1589755456891051,-0.1639577603389028
2025-11-06,101346.04,-0.0247452586464772,46.776042239661095,46.94,-0.1639577603389028,0.0196656919204738,0.0169019924212137,-0.1071775473417608,2.3206410169211864
2025-11-07,103339.08,0.0194748205542768,46.93064101692119,44.61,2.3206410169211864,-0.0099298348698285,-0.0163027385186708,-0.1161722167451074,1.946201067547868
2025-11-08,102312.94,-0.0099794644960753,46.82620106754787,44.88,1.946201067547868,0.0235553782346593,-0.0256167010741749,-0.1116402284989562,-5.6323009666725525
2025-11-09,104722.96,0.0232822313820756,39.47769903332745,45.11,-5.6323009666725525,0.0123007409263451,-0.0967214830444059,-0.1329271059565161,-5.153688999154781
2025-11-10,106011.13,0.0122257015459849,39.146311000845216,44.3,-5.153688999154781,-0.0278474533758861,-0.0982433636920953,-0.1476366679611849,-8.512070375810843
2025-11-11,103058.99,-0.0282425458643332,38.09792962418916,46.61,-8.512070375810843,-0.0136292816376331,-0.0853642171342839,-0.1627512553732576,-7.677681677937215
2025-11-12,101654.37,-0.0137230129311303,38.39231832206279,46.07,-7.677681677937215,-0.0193041381300183,-0.0928561162692759,-0.1020761822634874,-8.08196437959311
2025-11-13,99692.02,-0.0194928961604392,38.43803562040689,46.52,-8.08196437959311,-0.0511376938695795,-0.0675198476267208,-0.0628141550346759,-7.723457428333795
2025-11-14,94594.0,-0.0524915845448105,41.986542571666206,49.71,-7.723457428333795,0.0105951751696724,-0.0321271962280904,-0.0265972471826966,-7.155306302722394
2025-11-15,95596.24,0.0105394396407166,41.344693697277606,48.5,-7.155306302722394,-0.0139628922643819,-0.0937171796715018,-0.0655486031668192,-8.401481401824064
2025-11-16,94261.44,-0.0140612904673639,41.238518598175936,49.64,-8.401481401824064,-0.0217087708399108,-0.0968795936068874,-0.0533054661588027,-8.749116894270067
2025-11-17,92215.14,-0.0219478729477921,41.87088310572993,50.62,-8.749116894270067,0.0080864161785148,-0.0810647796012671,-0.0197346119086302,-8.820360046303271
2025-11-18,92960.83,0.0080538963103698,41.69963995369673,50.52,-8.820360046303271,-0.0151232513737237,-0.0659506805178051,-0.0250265622628369,-9.435321157021107
2025-11-19,91554.96,-0.0152387739374434,41.60467884297889,51.04,-9.435321157021107,-0.053713419786323,-0.035551869609249,0.0122750313036017,-9.361358138754277
2025-11-20,86637.23,-0.055209816891895,45.28864186124572,54.65,-9.361358138754277,-0.0174036035085609,0.008457449528338,0.0620765460760921,-11.740162991893868
2025-11-21,85129.43,-0.0175568265742415,45.63983700810613,57.38,-11.740162991893868,-0.0045776178696367,0.0628993991854522,0.08673792365343,-14.20684729796173
2025-11-22,84739.74,-0.0045881272465222,44.95315270203827,59.16,-14.20684729796173,0.0246668210216363,0.0778172083133603,0.0652430606938372,-10.8439195671776
2025-11-23,86830.0,0.0243675070874857,45.6560804328224,56.5,-10.8439195671776,0.0169297477830241,0.0467660946677415,0.039272256132673,-7.323811416156197
2025-11-24,88300.01,0.016788036787637,45.986188583843806,53.31,-7.323811416156197,-0.010532841389259,0.0283400873907035,-0.0014477914555162,-7.309046411955819
2025-11-25,87369.96,-0.0105887043733438,45.25095358804418,52.56,-7.309046411955819,0.0356422276031715,0.0342227465824638,-0.0107345820004953,-3.069425961058592
2025-11-26,90484.02,0.0350217440422705,46.85057403894141,49.92,-3.069425961058592,0.0093931503043298,-0.0463950430142251,-0.0289620200340348,-2.49331325556777
2025-11-27,91333.95,0.0093493089928668,46.81668674443223,49.31,-2.49331325556777,-0.0048530694227064,-0.0006139009645371,-0.0557375433779004,-2.726070412313632
2025-11-28,90890.7,-0.0048648838036232,45.97392958768637,48.7,-2.726070412313632,-0.0009710564447187,0.0279374017363711,-0.0591291518274146,-3.476200980032438
2025-11-29,90802.44,-0.00097152822547,45.653799019967565,49.13,-3.476200980032438,-0.0048725562881349,0.0140483009046892,-0.0293549380391099,-3.280018939241806
2025-11-30,90360.0,-0.0048844658930887,45.4999810607582,48.78,-3.280018939241806,-0.0450862107127048,-0.011398406374502,-0.0221237273129704,-4.893314112313874
2025-12-01,86286.01,-0.0461342155738557,48.23668588768613,53.13,-4.893314112313874,0.0578525997435739,0.0341976642563492,0.027499822972461,2.814370615014468
2025-12-02,91277.88,0.0562410040171468,52.05437061501447,49.24,2.814370615014468,0.0235771251479546,-0.0096690457753839,-0.0291099004490464,3.687298015648736
2025-12-03,93429.95,0.0233034776016145,51.127298015648734,47.44,3.687298015648736,-0.0144695571387976,-0.0299219896831797,-0.0636193212133796,0.4364843548706218
2025-12-04,92078.06,-0.0145752620889966,48.46648435487062,48.03,0.4364843548706218,-0.0298444602329805,0.0065242469270097,-0.0478790495803235,-0.0023051092083505
2025-12-05,89330.04,-0.030298870064162,48.93769489079165,48.94,-0.0023051092083505,-0.0010438817669845,0.0300607723896686,-0.0235617268278396,-0.8281117957198134
2025-12-06,89236.79,-0.0010444269910222,48.17188820428019,49.0,-0.8281117957198134,0.0129825378075567,0.0367179276618983,-0.0209244415896178,-1.7477053484750726
2025-12-07,90395.31,0.0128989870207887,47.902294651524926,49.65,-1.7477053484750726,0.0026442743544992,-0.0014037232683863,-0.0278587462115015,-1.2254673914822902
2025-12-08,90634.34,0.0026407844119582,47.78453260851771,49.01,-1.2254673914822902,0.0225572338255015,-0.0043507791859024,-0.029587350666425,1.287874250688155
2025-12-09,92678.8,0.0223065817697799,47.72787425068815,46.44,1.287874250688155,-0.0071583792625714,-0.0486263309408409,-0.0587153696422482,2.682984664608064
2025-12-10,92015.37,-0.0071841233904618,47.60298466460807,44.92,2.682984664608064,0.0054122479755285,-0.0606777976331561,-0.0383618519384314,2.1505406272632044
2025-12-11,92513.38,0.0053976543938289,46.610540627263205,44.46,2.1505406272632044,-0.0242663277463217,-0.0502625674253822,-0.0525887174374128,2.929254119521964
2025-12-12,90268.42,-0.024565606595954,47.14925411952196,44.22,2.929254119521964,-0.0003147280078681,-0.044591452913433,-0.0158347736672471,2.006555497978809
2025-12-13,90240.01,-0.0003147775451217,46.65655549797881,44.65,2.006555497978809,-0.0229148910776937,-0.0523448523554018,-0.0027136521815543,-3.071023687345914
2025-12-14,88172.17,-0.0231815182233915,43.66897631265409,46.74,-3.071023687345914,-0.0197351386497576,-0.0003995591806348,0.0278527793973994,-2.614101678959223
2025-12-15,86432.08,-0.0199324771490597,44.06589832104078,46.68,-2.614101678959223,0.0165602864121747,0.0223160197000926,0.0589786801382079,-1.5247486583196164
2025-12-16,87863.42,0.0164246601605556,44.16525134168038,45.69,-1.5247486583196164,-0.0184399833286708,0.0090531417966657,0.0682455793321044,-3.0215035296751864
2025-12-17,86243.22,-0.0186121192274582,43.978496470324814,47.0,-3.0215035296751864,-0.0084274450791609,0.0275681960854428,0.0870184346085407,-3.492154050201023
2025-12-18,85516.41,-0.0084631567748879,43.987845949798974,47.48,-3.492154050201023,0.030643592264923,0.0230317198769218,0.0683816123712395,-0.1431831211107521
2025-12-19,88136.94,0.0301834539651766,44.91681687888925,45.06,-0.1431831211107521,0.0025410457862502,-0.0053041324103152,0.033618707434136,-4.521221182501009
2025-12-20,88360.9,0.0025378227881089,40.58877881749899,45.11,-4.521221182501009,0.0033720797320988,-0.0128521778297866,0.025807568732324,-4.928687350626298
2025-12-21,88658.86,0.0033664070202197,40.1413126493737,45.07,-4.928687350626298,-0.0004293987087135,-0.0145422578183387,0.0208195774229444,-4.980322490718237
2025-12-22,88620.79,-0.0004294909267388,40.10967750928177,45.09,-4.980322490718237,-0.0128050088472466,-0.0083928387458518,0.0270011133956264,-3.9443094903344544
2025-12-23,87486.0,-0.0128876996356668,39.45569050966554,43.4,-3.9443094903344544,0.0020969069336806,0.0053346821205679,0.0435521111949339,-3.784430782247597
2025-12-24,87669.45,0.0020947114928907,39.025569217752405,42.81,-3.784430782247597,-0.0050665311576608,-0.0049312502815974,0.0883380698749678,-3.659220185335698
2025-12-25,87225.27,-0.0050794095442267,38.8907798146643,42.55,-3.659220185335698,0.0016542224518192,0.0144478773181211,0.1115102309227589,-4.113069059146127
2025-12-26,87369.56,0.0016528557328896,36.92693094085387,41.04,-4.113069059146127,0.0058080869355414,0.0031894403497052,0.0942575423293881,-4.991922243212386
2025-12-27,87877.01,0.0057912850251953,36.83807775678761,41.83,-4.991922243212386,0.0008614312207482,0.0109474594094631,0.0873257977257078,-5.309800502751941
2025-12-28,87952.71,0.0008610604018155,36.80019949724806,42.11,-5.309800502751941,-0.0081359630646969,0.0232217972590043,0.08180600688711,-5.341200880253048
2025-12-29,87237.13,-0.0081692406318066,36.90879911974695,42.25,-5.341200880253048,0.0143099618247413,0.0388696877121013,0.0737760400875178,-5.588936643126431
2025-12-30,88485.49,0.0142085407306048,37.20106335687357,42.79,-5.588936643126431,-0.0094622293440427,0.0344038327639932,0.0468496021212063,-9.305917303188052
2025-12-31,87648.22,-0.0095072806518879,33.704082696811945,43.01,-9.305917303188052,0.0135863569163183,0.0708684101057615,0.0088928217823476,-14.412009383562516
2026-01-01,88839.04,0.013494889906895,27.807990616437483,42.22,-14.412009383562516,0.0130133103644525,0.055256450317338,0.0069303990677973,-16.45683114751635
2026-01-02,89995.13,0.0129293647305218,26.97316885248365,43.43,-16.45683114751635,0.0070323805299241,0.0152122675971466,-0.0048387062722172,-17.797742783678594
2026-01-03,90628.01,0.0070077686612814,26.602257216321405,44.4,-17.797742783678594,0.0099496833263799,0.0052078821988921,-0.0113403130003626,-19.734103115215973
2026-01-04,91529.73,0.0099005111234531,24.655896884784028,44.39,-19.734103115215973,0.0254559911845038,-0.0097066821894918,-0.0251764098943588,-17.773986851061938
2026-01-05,93859.71,0.0251373831135929,26.16601314893806,43.94,-17.773986851061938,-0.0011905001624232,-0.0357449431710369,-0.0765967634035946,-18.31036625036449
2026-01-06,93747.97,-0.0011912093706725,25.77963374963551,44.09,-18.31036625036449,-0.0254278572645358,-0.0291667115565276,-0.0576107407979074,-17.35528198439348
2026-01-07,91364.16,-0.0257567322610848,27.28471801560652,44.64,-17.35528198439348,-0.0028913963637382,-0.0007438365328374,-0.0231399270786268,-17.068706498100607
2026-01-08,91099.99,-0.0028955845252425,26.171293501899395,43.24,-17.068706498100607,-0.0050352365571061,0.0473546704011711,-0.0197585093038978,-14.40951395038429
2026-01-09,90641.28,-0.0050479560758538,26.110486049615712,40.52,-14.40951395038429,-0.0015068189681346,0.0696205967082548,-0.0660970365820076,-14.982170443369643
2026-01-10,90504.7,-0.0015079553615388,26.04782955663036,41.03,-14.982170443369643,0.0056234648587309,0.0563517695766075,-0.0689932125071957,-17.00423572245718
2026-01-11,91013.65,0.0056077122089449,24.67576427754281,41.68,-17.00423572245718,0.0031044793830377,0.0498528517425684,-0.1348430702427603,-16.570804559041274
2026-01-12,91296.2,0.003099670437196,24.69919544095873,41.27,-16.570804559041274,0.0451037392574937,0.0421876266482066,-0.1569396097537465,-13.735383256351168
2026-01-13,95414.0,0.0441161525063742,27.95461674364883,41.69,-13.735383256351168,0.0161169220449828,-0.0182453308738759,-0.174768797031882,-13.165405626417282
2026-01-14,96951.78,0.0159884232879441,27.64459437358272,40.81,-13.165405626417282,-0.0138932982973597,-0.0445662782055161,-0.2184753080345713,-13.12879391138508
2026-01-15,95604.8,-0.0139907134975526,27.48120608861492,40.61,-13.12879391138508,-0.0005633608354392,-0.0750709169414087,-0.2347054750389101,-11.565905662853918
2026-01-16,95550.94,-0.0005635195827788,26.704094337146085,38.27,-11.565905662853918,-0.0042194247382599,-0.063800628230345,-0.3416091981931313,-12.498624005106386
2026-01-17,95147.77,-0.0042283516305704,26.58137599489361,39.08,-12.498624005106386,-0.0154983138333142,-0.0587307511253285,-0.2582037392994077,-15.22180637035071
2026-01-18,93673.14,-0.0156196681906746,25.008193629649288,40.23,-15.22180637035071,-0.0111252809503342,-0.0434796997303603,-0.2603068499678775,-14.404658111202943
2026-01-19,92631.0,-0.0111876297516868,25.29534188879705,39.7,-14.404658111202943,-0.0453772495169003,-0.0367658775140071,-0.2407468342131683,-12.215670510991856
2026-01-20,88427.66,-0.0464390422167479,30.01432948900814,42.23,-12.215670510991856,0.0116148046889399,-0.0198727411762338,-0.2068318894789255,-9.856965389825923
2026-01-21,89454.73,0.0115478706304071,30.28303461017408,40.14,-9.856965389825923,0.0011731073359675,-0.0123822407154993,-0.2304343213600891,-8.929683361251662
2026-01-22,89559.67,0.0011724197832196,29.95031663874834,38.88,-8.929683361251662,0.0004532173912654,-0.0034576947413942,-0.2509740154245766,-8.118179822734298
2026-01-23,89600.26,0.0004531147192842,29.941820177265704,38.06,-8.118179822734298,-0.0041843628578756,-0.0033512179540549,-0.2603573918200683,-8.344881063809567
2026-01-24,89225.34,-0.004193141802223,29.92511893619044,38.27,-8.344881063809567,-0.0286351388518104,-0.0512766888868116,-0.2283138399920918,-9.570805003000832
2026-01-25,86670.36,-0.029053123136142,31.589194996999165,41.16,-9.570805003000832,0.019345944795891,-0.0278050073866082,-0.1943849085200523,-6.524750084548515
2026-01-26,88347.08,0.0191611910276511,32.225249915451485,38.75,-6.524750084548515,0.0102201453630386,-0.1087301357328391,-0.220884493296213,-5.781546906365627
2026-01-27,89250.0,0.0101682728080736,32.418453093634376,38.2,-5.781546906365627,0.0005601120448179,-0.1376110924369746,-0.2280960224089636,-5.706430315551572
2026-01-28,89299.99,0.0005599552406158,32.29356968444843,38.0,-5.706430315551572,-0.0520697706685073,-0.1182685462786726,-0.2440814383069919,-4.587597662254559
2026-01-29,84650.16,-0.0534743771871527,36.96240233774544,41.55,-4.587597662254559,-0.004603299036883,-0.1049017509240384,-0.2148744904912171,-3.6014991883172343
2026-01-30,84260.49,-0.0046139268457584,36.84850081168277,40.45,-3.6014991883172343,-0.065504010242523,-0.1316709646478439,-0.2048025118296844,-4.058985009614986
2026-01-31,78741.09,-0.0677479434199895,43.52101499038501,47.58,-4.058985009614986,-0.0225153093511912,-0.2010542399146366,-0.1361561035032662,-4.26050713106428
2026-02-01,76968.21,-0.0227726489856116,44.00949286893572,48.27,-4.26050713106428,0.0230017042100887,-0.0829946545463381,-0.1168310916935707,-1.6382173551447965
2026-02-02,78738.61,0.0227411528626167,44.6517826448552,46.29,-1.6382173551447965,-0.0376994209067189,-0.12000757950896,-0.140911936342285,-5.247781166745071
2026-02-03,75770.21,-0.0384284248395607,46.49221883325493,51.74,-5.247781166745071,-0.0343720836988574,-0.0717937828072536,-0.1466828454085056,-6.210186354861747
2026-02-04,73165.83,-0.0349766987828992,47.25981364513825,53.47,-6.210186354861747,-0.1401743136106021,-0.0413831155882465,-0.1244799655795608,-11.850092989857515
2026-02-05,62909.86,-0.1510256005239137,70.76990701014249,82.62,-11.850092989857515,0.1219268330910288,0.0942845843243014,0.0807215275951971,22.00813948799017
2026-02-06,70580.26,0.1150475938253494,80.85813948799017,58.85,22.00813948799017,-0.0182895330790788,-0.0495569157722002,-0.0438519212028972,21.75779257698756
2026-02-07,69289.38,-0.0184588543043171,81.10779257698756,59.35,21.75779257698756,0.0150239473928039,-0.0435450569769856,-0.0493189576815379,23.965333439056373
2026-02-08,70330.38,0.0149122057058759,81.25533343905637,57.29,23.965333439056373,-0.0027353755233514,-0.0209926350461919,-0.047733568338462,26.799248035243032
2026-02-09,70138.0,-0.0027391234992863,81.25924803524303,54.46,26.799248035243032,-0.018487980837777,-0.0044918589067267,-0.0621849781858621,26.656060248646497
2026-02-10,68841.29,-0.0186610196327817,81.4960602486465,54.84,26.656060248646497,-0.0255481848175708,-0.0001265229050761,-0.0001631288431694,26.697373356131244
2026-02-11,67082.52,-0.0258802069394735,81.98737335613124,55.29,26.697373356131244,-0.0120798980121796,0.0269803519605402,0.0187154567240466,25.361852800573416
2026-02-12,66272.17,-0.0121534529376775,80.64185280057342,55.28,25.361852800573416,0.0389573783384489,0.0185801973890398,0.0964899746001979,29.505767188404057
2026-02-13,68853.96,0.0382176894647478,81.54576718840406,52.04,29.505767188404057,0.0140731193964731,-0.0347541375978956,0.0295808694227608,31.6554396242218
2026-02-14,69822.95,0.0139750124276553,81.5454396242218,49.89,31.6554396242218,-0.0141840182919799,-0.0403766956280134,-0.0244751904638803,30.417304290352973
2026-02-15,68832.58,-0.0142855729250263,81.69730429035297,51.28,30.417304290352973,0.0008695010415125,-0.0118050202389625,-0.0228041720940868,29.494552757121568
2026-02-16,68892.43,0.0008691232444626,81.68455275712157,52.19,29.494552757121568,-0.0201605604563518,-0.0133033484230415,-0.0424027719736406,29.80167142468036
2026-02-17,67503.52,-0.0203665579406587,81.81167142468036,52.01,29.80167142468036,-0.0154439353681112,0.002072188235517,0.0137569122321323,28.22868960496183
2026-02-18,66461.0,-0.0155644352091181,81.89868960496183,53.67,28.22868960496183,0.0081661425497658,-0.0271584839229022,0.0524763395073804,27.670931652736712
2026-02-19,67003.73,0.0081329800253017,80.33093165273671,52.66,27.670931652736712,0.0151675138085596,-0.0439614331918535,0.0475813809171519,28.97152394216655
2026-02-20,68020.01,0.0150536371114734,80.40152394216655,51.43,28.97152394216655,-0.0006480445974648,-0.0004700087518364,0.0370674747033998,28.70080187151254
2026-02-21,67975.93,-0.000648254669127,80.40080187151254,51.7,28.70080187151254,-0.0048918786399833,-0.0072194672437728,0.0434575885905497,28.418839896032395
2026-02-22,67643.4,-0.0049038830436894,80.4188398960324,52.0,28.418839896032395,-0.0441636582430805,-0.0261858510955982,0.0527553316361981,25.834577107039657
2026-02-23,64656.02,-0.0451685712163617,81.93457710703966,56.1,25.834577107039657,-0.0092469347788496,0.0358395088345988,0.1261942816770969,23.60000841539844
2026-02-24,64058.15,-0.0092899530772159,81.37000841539844,57.77,23.60000841539844,0.0613487901227243,0.026824377538221,0.1690108128317786,30.12216046742654
2026-02-25,67988.04,0.0595405427658225,83.71216046742654,53.59,30.12216046742654,-0.0073963008788016,0.0123848253310436,0.0870935535132357,31.48706738628981
2026-02-26,67485.18,-0.0074237891369714,83.6770673862898,52.19,31.48706738628981,-0.0239027294585268,0.0126371449257451,0.055736089019841,31.551280111343587
2026-02-27,65872.1,-0.0241930350949816,84.10128011134358,52.55,31.551280111343587,0.0167166372409561,0.1031494365596359,0.0616027119220428,27.0004486684059
2026-02-28,66973.26,0.0165784521278679,82.2104486684059,55.21,27.0004486684059,-0.0178696691784152,0.0584928970159135,0.0528191400567927,27.36497332684417
2026-03-01,65776.47,-0.0180312596565804,82.43497332684417,55.07,27.36497332684417,0.0464237439315304,0.0355377842562849,0.0477625205487615,27.16586858239432
2026-03-02,68830.06,0.0453783925294239,80.54586858239432,53.38,27.16586858239432,-0.007148911391331,-0.0227683950878437,-0.0141080801033733,24.782294851993555
