date,ret,rv_30d,iv_30d,vrp_30d,ret_fut_1d,ret_fut_5d,ret_fut_20d,ret_fut_10d,ret_fut_30d,ret_fut_60d,vrp_regime,month,weekday,is_month_start,is_month_end,ret_lag_1,ret_lag_5,ret_lag_20,d_iv_1d,d_vrp_1d,vrp_regime_num
2021-11-30,-0.0143942685501055,62.90441893612319,84.08,-21.175581063876805,0.0041002230706774,-0.1326454033112228,-0.1762300493621132,-0.1722550226020603,-0.1726004098993934,-0.3298250271814711,Médio,11,1,0,1,0.0087156583995471,0.011103321723461415,-0.14733332848809727,1.230000000000004,-1.109314819451896,1.0
2021-12-01,0.004091840063051,62.881476622437695,83.64,-20.758523377562305,-0.0123063993171524,-0.1179025907040195,-0.145043715846039,-0.1362980984039786,-0.1917866286887239,-0.3375469776810219,Médio,12,2,1,0,-0.0143942685501055,-0.03468183066505298,-0.13039333983472035,-0.4399999999999977,0.41705768631450013,1.0
2021-12-02,-0.012382750098007,61.6791978918741,85.26,-23.58080210812591,-0.0509786237122509,-0.1043086851106066,-0.1397332239855495,-0.1137818929560267,-0.1550573172895204,-0.3189329242706399,Médio,12,3,0,0,0.004091840063051,0.06236844260980052,-0.12463293912745908,1.6200000000000045,-2.8222787305636032,1.0
2021-12-03,-0.0523239555597734,64.29789795317446,84.55,-20.25210204682554,-0.0829942697018062,-0.0583917665791995,-0.0515333188435674,-0.1286971057469956,-0.1178124309132004,-0.2781001491575259,Médio,12,4,0,0,-0.012382750098007,0.03164451676033772,-0.12689849267993428,-0.710000000000008,3.328700061300367,1.0
2021-12-04,-0.0866415577831535,70.54441821920548,87.29,-16.745581780794524,0.0049612969602546,-0.0326917446875,0.0339256602974378,-0.0164628552746179,-0.0550607121066347,-0.2493488119722162,Médio,12,5,0,0,-0.0523239555597734,-0.06629347574528778,-0.18323436843353974,2.740000000000009,3.5065202660310177,1.0
2021-12-05,0.0049490302821823,70.51720782196496,89.39,-18.87279217803504,0.0211673620287173,-0.0456671578637521,0.0203118328831313,-0.0107568720186297,-0.0721575874159071,-0.2446481347905805,Médio,12,6,0,0,-0.0866415577831535,-0.16165069192798837,-0.28741460353276554,2.0999999999999943,-2.1272103972405176,1.0
2021-12-06,0.0209464454638685,70.82947146464754,86.84,-16.010528535352464,0.0029148375002379,-0.0208542815182293,0.0066129520842981,-0.0556985142516383,-0.1385908783805216,-0.1757996127030849,Médio,12,0,0,0,0.0049490302821823,-0.14230739309570056,-0.25284330963775575,-2.549999999999997,2.862263642682578,1.0
2021-12-07,0.0029105975984963,70.1153712658471,86.0,-15.884628734152898,-0.0023277810668138,-0.010576420344759,0.0022236081199551,-0.0881170690437338,-0.1483849733983409,-0.1819836149989276,Médio,12,1,0,0,0.0209464454638685,-0.12545278769488308,-0.17450267245935505,-0.8400000000000034,0.1258998011995658,1.0
2021-12-08,-0.002330494560926,66.34845311490724,87.16,-20.81154688509276,-0.0579657424364277,-0.0746651703674908,-0.0580023970110473,-0.0720551665217325,-0.1764315444117723,-0.1602958043985093,Médio,12,2,0,0,0.0029105975984963,-0.11015943999837978,-0.17634276678946575,1.1599999999999966,-4.926918150939862,1.0
2021-12-09,-0.0597136382267212,69.47625351605454,90.3,-20.823746483945456,-0.0085191917904478,0.0167773709401861,-0.0227346006222657,-0.0181796040389864,-0.1233731666806532,-0.0779378276723455,Médio,12,3,0,0,-0.002330494560926,-0.06016597899953238,-0.11974537592586054,3.1400000000000006,-0.01219959885269617,1.0
2021-12-10,-0.008555687528783,68.67604460972022,89.98,-21.303955390279786,0.0477179514702206,0.036580828306167,-0.0004172629333477,-0.0048022360371773,-0.111918955531693,-0.065708835749442,Médio,12,4,0,0,-0.0597136382267212,-0.033238059443100085,-0.19965425461319025,-0.3199999999999932,-0.48020890633432955,1.0
2021-12-11,0.0466144194002914,70.5721642722797,88.72,-18.147835727720302,0.0134421974979141,-0.0355863607180321,-0.0642450018718368,-0.0101257360044009,-0.153219306179248,-0.1015847543196505,Médio,12,5,0,0,-0.008555687528783,-0.04674277725406538,-0.23632445544975325,-1.2600000000000051,3.156119662559483,1.0
2021-12-12,0.013352652721007,70.6375906282991,92.25,-21.612409371700902,-0.0669508270084848,-0.0783695176599627,-0.046574792373821,-0.029283232675176,-0.1463344514613247,-0.1310279518678864,Médio,12,6,0,0,0.0466144194002914,-0.02107480331764247,-0.17136262183559586,3.530000000000001,-3.4645736439806,1.0
2021-12-13,-0.0692973753526391,74.64562689739067,90.29,-15.644373102609336,0.0351270535460974,0.0028206047823737,0.0124924121170595,0.0885613802185096,-0.0599555700681436,-0.0926930427009115,Médio,12,0,0,0,0.013352652721007,-0.010632748195131776,-0.11665548169109465,-1.9599999999999937,5.9680362690915665,1.0
2021-12-14,0.0345241762326719,75.36286284314292,92.34,-16.977137156857083,0.0107915722722993,-0.0343801661782153,-0.039243923871115,0.051231939578779,-0.1196271746559191,-0.1267065453564589,Médio,12,1,0,0,-0.0692973753526391,-0.07759962898684489,-0.20869938003144625,2.049999999999997,-1.3327640542477468,1.0
2021-12-15,0.0107337588163948,74.74502567789615,89.34,-14.594974322103852,-0.0252246087075039,-0.0399226603592184,-0.0620683769849081,0.0314065410443225,-0.118797142657175,-0.139390622895988,Médio,12,2,0,0,0.0345241762326719,0.01663818547254821,-0.16714724417507895,-3.0,2.382162834753231,1.0
2021-12-16,-0.0255482024281838,72.56342500070934,86.78,-14.216574999290655,-0.0315159561625936,0.0264001084976228,-0.087781672887225,0.0659868350059351,-0.0954831566258078,-0.1069952834605366,Médio,12,3,0,0,0.0107337588163948,0.035927631817726007,-0.18780436919709306,-2.5600000000000023,0.37839932281319655,1.0
2021-12-17,-0.0320232713999651,73.39940519544508,85.34,-11.94059480455492,0.0152452136514984,0.0532602663706993,-0.0660917123335183,0.0990704772475028,-0.0663225756104327,-0.034387572835738,Alto,12,4,0,0,-0.0255482024281838,-0.036234990010749195,-0.12039413841347435,-1.4399999999999977,2.2759801947357357,2.0
2021-12-18,0.0151301731200651,70.66001629002241,87.43,-16.769983709977595,-0.0032721618773177,0.0854996148137012,-0.1124812317762469,0.0151439708522438,-0.098919855627734,-0.0632209432025295,Médio,12,5,0,0,-0.0320232713999651,-0.08161091413172131,-0.17075858556489526,2.0900000000000034,-4.829388905422675,1.0
2021-12-19,-0.0032775271061218,70.31730507576138,87.83,-17.512694924238616,0.0049897999688526,0.0886602602373587,-0.1071413499601446,-0.0046393379094766,-0.0927377020699754,-0.1320772824537829,Médio,12,6,0,0,0.0151301731200651,0.002816634340982907,-0.20124244939068225,0.3999999999999915,-0.7427112142610213,1.0
2021-12-20,0.0049773921748109,69.65177051825509,87.31,-17.65822948174491,0.0421135111446095,0.0742952660774487,-0.1076336014542305,0.0044061323915849,-0.1119949712410922,-0.1479237824997825,Médio,12,0,0,0,-0.0032775271061218,-0.03498506899781079,-0.21323563489635114,-0.519999999999996,-0.14553455750629496,1.0
2021-12-21,0.0412508732374541,70.83392534673818,86.04,-15.206074653261824,-0.0061714203430238,0.0385685135655886,-0.1445573194288879,-0.0546728689045666,-0.1679073460601661,-0.1802154147238651,Médio,12,1,0,0,0.0049773921748109,-0.040741435639394696,-0.19386397417143478,-1.269999999999996,2.4521548284830867,1.0
2021-12-22,-0.0061905422711137,69.38324027236396,82.99,-13.606759727636032,0.0463209555578971,0.0434937235738088,-0.1205822570766211,-0.0178131874102662,-0.2499137649995391,-0.2099538241415193,Médio,12,2,0,0,0.0412508732374541,0.026057640026243202,-0.15670494099703167,-3.0500000000000114,1.5993149256257926,1.0
2021-12-23,0.0452801594542274,70.71446435329366,82.99,-12.27553564670633,-0.0003699929246966,-0.0648140662615824,-0.1364341533564612,-0.0698802745382907,-0.3101447496509064,-0.2720490507153884,Alto,12,3,0,0,-0.0061905422711137,0.0518903691550946,-0.15051273317013836,0.0,1.331224080929701,2.0
2021-12-24,-0.0003700613889668,70.6720789571805,82.57,-11.89792104281949,-0.0082711530893347,-0.0857012987012986,-0.1625322707595434,-0.0860665092483274,-0.2868053915781188,-0.2477306178669814,Alto,12,4,0,0,0.0452801594542274,0.0820403554892569,-0.05290861815613757,-0.4200000000000017,0.3776146038868404,2.0
2021-12-25,-0.0083055488691955,69.87880042032188,81.08,-11.201199579678118,0.0074569947495677,-0.0650557960113222,-0.1456299506782388,-0.0906285875738051,-0.2726071961596567,-0.2609075140586265,Alto,12,5,0,0,-0.0003700613889668,0.0849478212064119,0.03336287823804912,-1.4899999999999949,0.6967214631413725,2.0
2021-12-26,0.007429328815574,61.95488340015729,80.26,-18.305116599842712,-0.0014583808053845,-0.0897787495502259,-0.1514746583440159,-0.1442499127039443,-0.2721228293414794,-0.2451631682924182,Médio,12,6,0,0,-0.0083055488691955,0.07166488016240549,0.020108299086671326,-0.8199999999999932,-7.1039170201645945,1.0
2021-12-27,-0.0014594452777345,61.62579178279813,83.29,-21.664208217201875,-0.062280282374623,-0.0587515857537773,-0.1504844832809482,-0.1502744300753589,-0.2739981349642141,-0.2264683212153343,Médio,12,0,0,0,0.007429328815574,0.037843335740525404,0.006591182438376824,3.030000000000001,-3.3590916173591623,1.0
2021-12-28,-0.0643041831297982,63.62144846175525,76.7,-13.078551538244753,-0.0226965737234806,-0.0054173272864103,-0.1123622163506697,-0.1257212831804985,-0.2184018337640244,-0.1772477301953947,Alto,12,1,0,0,-0.0014594452777345,0.042574432733904606,0.0022211395621460238,-6.590000000000003,8.585656678957122,2.0
2021-12-29,-0.0229581057839618,64.05133868978481,80.73,-16.67866131021519,0.0141227763207565,-0.0003994433619013,-0.0885089872604254,-0.1029797700015453,-0.1882742712418428,-0.1886506863495827,Médio,12,2,0,0,-0.0643041831297982,-0.067009909850121,-0.05975254900672618,4.030000000000001,-3.6001097719704376,1.0
2021-12-30,0.0140239790234345,64.04134361583395,80.68,-16.638656384166055,-0.0191834318848527,-0.0273522114511043,-0.1158904748575312,-0.1115482375431523,-0.1900225950836647,-0.0840576585279516,Médio,12,3,0,0,-0.0229581057839618,-0.089597954245116,-0.02299701656396678,-0.04999999999999716,0.04000492604913575,1.0
2021-12-31,-0.0193698214926749,64.38093446860407,75.51,-11.129065531395938,0.0325794032619648,-0.0598438710662955,-0.1197833780824472,-0.0950829057663501,-0.1803488461912117,-0.0388543765239275,Alto,12,4,0,1,0.0140239790234345,-0.067268426352486,-0.00041735001174928246,-5.170000000000002,5.509590852770117,2.0
2022-01-01,0.0320599467817787,65.20201805452615,70.91,-5.707981945473847,-0.0091459715669603,-0.0972355893899438,-0.2363100121221265,-0.1046329153976152,-0.1939487853252072,-0.0802484774001442,Alto,1,5,1,0,-0.0193698214926749,-0.0940675766607349,-0.06640159090471558,-4.6000000000000085,5.421083585922091,2.0
2022-01-02,-0.0091880527435928,62.67755374585732,72.06,-9.382446254142684,-0.0177658673210651,-0.1209592316401958,-0.2583156431752365,-0.0715540988931648,-0.1816934673090531,-0.1021901113602324,Alto,1,6,0,0,0.0320599467817787,-0.0605481846012217,-0.04769429684394387,1.1500000000000057,-3.6744643086688367,2.0
2022-01-03,-0.0179255747295972,55.265251512175695,71.94,-16.674748487824303,-0.0132215621979024,-0.1026213180439261,-0.2196427687147036,-0.0836666587722111,-0.2056090823556767,-0.157116313318018,Médio,1,0,0,0,-0.0091880527435928,-0.005432054215016302,0.012415025765102436,-0.12000000000000455,-7.292302233681619,1.0
2022-01-04,-0.0133097451918317,55.43303367149506,72.52,-17.086966328504936,-0.0519479726069183,-0.0865637356947687,-0.200114723312375,-0.0604828372135545,-0.185905003948114,-0.1403833259767574,Médio,1,1,0,0,-0.0179255747295972,-0.00039952316065169913,-0.040034725197166665,0.5799999999999983,-0.4122178406806327,1.0
2022-01-05,-0.0533458970167032,58.01445232632573,75.64,-17.625547673674276,-0.008488156694659,-0.0374821092109687,-0.1494278744879591,-0.0084425882594997,-0.0431951942331533,-0.1157696013889627,Médio,1,2,0,0,-0.0133097451918317,-0.027733247375917897,-0.06407822920539316,3.1200000000000045,-0.5385813451693409,1.0
2022-01-06,-0.0085243862571746,58.08172602419563,73.19,-15.108273975804366,-0.0351845107655554,-0.0081940824435828,-0.1456043095182222,-0.0002472012294604,-0.0394528519942408,-0.1182459807749398,Médio,1,3,0,0,-0.0533458970167032,-0.0617093228999462,-0.09187592379391256,-2.450000000000003,2.5172736978699106,1.0
2022-01-07,-0.0358183987906099,59.404707618204746,73.86,-14.455292381795251,0.0027247917071639,0.056203460095731,-0.1060080141498631,0.0152801006965228,0.0195924697015479,-0.0682244443118591,Médio,1,4,0,0,-0.0085243862571746,-0.1022936559388995,-0.06837703865112206,0.6700000000000017,0.6529815940091144,1.0
2022-01-08,0.0027210861918856,55.64163054565419,71.56,-15.918369454345816,0.0044357282459057,0.0211222526819985,-0.095086485664258,0.0161320584053548,0.051829737901436,0.0062853079217863,Médio,1,5,0,0,-0.0358183987906099,-0.12892400198591658,-0.11932561056179707,-2.299999999999997,-1.4630770725505648,1.0
2022-01-09,0.0044259193989263,55.58298637965048,73.5,-17.917013620349522,-0.001006339004152,0.0285525104491572,-0.088327088601306,-0.0048874204519233,0.0520336742576428,-0.0583456866442356,Médio,1,6,0,0,0.0027210861918856,-0.10827734106443379,-0.11332699726378966,1.9399999999999977,-1.9986441660037055,1.0
2022-01-10,-0.0010068457032168,53.15281473907796,74.1,-20.94718526092204,0.0216821140969847,0.030170370056876,-0.0942251405882336,-0.0272958401089938,0.060977478863645,-0.0739535116154012,Médio,1,0,0,0,0.0044259193989263,-0.0905416764736758,-0.11387847003967426,0.5999999999999943,-3.0301716405725188,1.0
2022-01-11,0.021450400439678,53.47439187668056,75.37,-21.89560812331944,0.0274605545750936,0.0080125365996017,-0.099753354198022,-0.1470649289983522,0.0179303236725909,-0.0917855176156683,Médio,1,1,0,0,-0.0010068457032168,-0.0382026251601894,-0.15613618898034515,1.2700000000000102,-0.9484228623974005,1.0
2022-01-12,0.0270902769434108,48.626546312314986,71.81,-23.183453687685017,-0.030580151635459,-0.0387457160910068,-0.1186276640185357,-0.2011550097420066,-0.0348254524896669,-0.1395204755247178,Médio,1,2,0,0,0.021450400439678,-0.0082278384633368,-0.12849524626955347,-3.5600000000000023,-1.2878455643655755,1.0
2022-01-13,-0.0310574808840993,48.34128558288637,67.51,-19.16871441711364,0.0117445655098165,-0.004886970451909,-0.133076488759075,-0.1483915337624831,-0.0080413325999392,-0.0678743546480494,Médio,1,3,0,0,0.0270902769434108,0.0546808372706839,-0.14668512878037004,-4.299999999999997,4.014739270571376,1.0
2022-01-14,0.0116761333829025,48.36785410601278,65.13,-16.762145893987217,0.0005650260706233,-0.0325116419058447,-0.1334964082641971,-0.1486208997871805,-0.0233697383834076,-0.0877759756395499,Médio,1,4,0,0,-0.0310574808840993,0.020902270194698997,-0.17737254827550256,-2.3800000000000097,2.406568523126424,1.0
2022-01-15,0.0005648665034966,47.5402461368744,62.95,-15.409753863125609,-0.00029314629532,-0.0557832100749483,-0.0350485060795942,-0.1421857015631452,-0.0127273769626933,-0.0457310541731104,Médio,1,5,0,0,0.0116761333829025,0.028152484178675198,-0.15739086602340457,-2.1799999999999926,1.3523920308616084,1.0
2022-01-16,-0.0002931892710942,46.209496015693546,62.22,-16.010503984306453,-0.0201998251286344,-0.1538447786781379,-0.0392153448462401,-0.1453930496293852,0.0342034646447337,-0.0500041094306558,Médio,1,6,0,0,0.0005648665034966,0.029724196385388597,-0.16425532833548195,-0.730000000000004,-0.6007501211808446,1.0
2022-01-17,-0.0204066313010858,46.45568912004494,65.23,-18.774310879955067,0.0035662138088536,-0.1689555993348124,0.0042474672773225,-0.1194627125688541,0.0396179104024916,-0.0105235296654488,Médio,1,0,0,0,-0.0002931892710942,0.007980606674616399,-0.16308907232884168,3.010000000000005,-2.7638068956486137,1.0
2022-01-18,0.0035598699462948,46.458217011785415,67.27,-20.81178298821458,-0.016341802960513,-0.1442093099471761,0.0351309450388785,-0.1094528443912608,-0.0433607573835738,-0.0035651107902038,Médio,1,1,0,0,-0.0204066313010858,-0.0395163015698802,-0.11919152050012925,2.039999999999992,-2.0374721082595144,1.0
2022-01-19,-0.0164768030058258,46.78014947375196,65.96,-19.179850526248032,-0.0235021547042355,-0.1200110129594305,0.0572006583771822,-0.0838494757922526,-0.0404601439125914,-0.0095511258878718,Médio,1,2,0,0,0.0035598699462948,-0.0048989507394861034,-0.09267354476987265,-1.3100000000000023,1.6319324619665494,1.0
2022-01-20,-0.0237827352261948,45.27877095223508,65.24,-19.96122904776492,-0.1041176315869041,-0.0915070483919854,0.0907504281492228,-0.0688074578469361,-0.0147917045120181,0.0078990366734665,Médio,1,3,0,0,-0.0164768030058258,-0.0330518871282144,-0.12317432679913295,-0.7199999999999989,-0.7813785215168885,1.0
2022-01-21,-0.109946159879111,59.29781099446701,77.8,-18.50218900553299,-0.0376973059084968,0.0099883908244984,0.1934440947271405,0.055469139925,0.0532737957229614,0.1624027892752182,Médio,1,4,0,0,-0.0237827352261948,-0.0573994888579058,-0.12758724053265286,12.560000000000002,1.4590400422319298,1.0
2022-01-22,-0.0384262269858507,58.70628622066484,81.0,-22.293713779335164,0.0334497434093059,0.0595550451051027,0.2082125559786289,0.1033083348207741,0.0552227426206297,0.2227266532122167,Médio,1,5,0,0,-0.109946159879111,-0.1670524594659226,-0.26959334719354255,3.200000000000003,-3.7915247738021733,1.0
2022-01-23,0.0329024713901343,59.81742540985729,77.29,-17.472574590142713,0.0114720695939112,0.0406132784101331,0.1648060191118388,0.0179836692688968,0.0547883750798394,0.2137399967719284,Médio,1,6,0,0,-0.0384262269858507,-0.18507205515068748,-0.29883152143580044,-3.7099999999999937,4.821139189192451,1.0
2022-01-24,0.0114067643862018,59.87956350341349,78.59,-18.71043649658651,0.0081278547531598,0.0410931701415835,0.1471156167357923,0.0177646967363924,0.016084407268343,0.2087489617529567,Médio,1,0,0,0,0.0329024713901343,-0.155729453706848,-0.24800347531606892,1.2999999999999972,-1.237861906443797,1.0
2022-01-25,0.0080950016385566,59.89006131142454,81.26,-21.369938688575463,-0.0040310273843616,0.0249859842114035,0.1509164918751719,0.1248955580232002,0.0370387506791434,0.2043639970648014,Médio,1,1,0,0,0.0114067643862018,-0.12784588631482038,-0.22328696573803544,2.6700000000000017,-2.6595021919889525,1.0
2022-01-26,-0.0040391738751032,59.9044679374608,80.39,-20.485532062539207,0.0095291032113045,0.0450309622503419,0.2101510105859003,0.1242415647767658,0.0654678948332136,0.2721705958324709,Médio,1,2,0,0,0.0080950016385566,-0.095968149450069,-0.16184606708277566,-0.8700000000000045,0.884406626036256,1.0
2022-01-27,0.0094839876878423,55.645248154397024,80.14,-24.494751845602977,0.0149746636849739,0.0412940223519311,0.1806631306159025,0.1404939706836097,0.0526537872610677,0.2680861999833155,Baixo,1,3,0,0,-0.0040391738751032,0.0099388365539388,-0.15736085470070424,-0.25,-4.00921978306377,0.0
2022-01-28,0.0148636502954723,55.30954542782687,74.77,-19.460454572173127,0.0119385224951586,-0.0217464158979503,0.0742151458139341,0.162353883811249,-0.0004637220361559,0.257665068076198,Médio,1,4,0,0,0.0094839876878423,0.0578490512276318,-0.11205846822225204,-5.3700000000000045,5.03429727342985,1.0
2022-01-29,0.0118678204974371,55.2481090338018,75.18,-19.931890966198203,-0.0074693110564038,-0.0224076711616679,0.0473604836030441,0.1539595628037322,0.1308245587006942,0.2332168447793949,Médio,1,5,0,0,0.0148636502954723,0.039810230132969804,-0.09991590411866534,0.4100000000000108,-0.4714363940250763,1.0
2022-01-30,-0.0074973460488602,54.89575889271327,74.32,-19.42424110728673,0.0154464840070789,0.0974740877931752,0.0580070725330605,0.1713478993584247,0.172627670942427,0.2013787110208182,Médio,1,6,0,0,0.0118678204974371,0.040271286244205104,-0.09247400302015454,-0.8600000000000136,0.5076498589114742,1.0
2022-01-31,0.0153284014936499,54.00997354019053,70.99,-16.980026459809466,0.0059191148753863,0.0757973738460857,-0.0020799700521747,0.1307238170998963,0.1410584164567458,0.2032030134999181,Médio,1,0,0,1,-0.0074973460488602,0.0246789385567883,-0.09896450336579794,-3.3299999999999983,2.4442146474772635,1.0
2022-02-01,0.0059016657367129,53.95408892892818,71.81,-17.855911071071823,-0.046472388000493,0.0952660307293604,-0.0435830952078828,0.0950815088104048,0.0971559590113244,0.1839122730076738,Médio,2,1,1,0,0.0153284014936499,0.0440465139255414,-0.10508650231182604,0.8200000000000074,-0.8758846112623573,1.0
2022-02-02,-0.0475868957877958,56.10227024591877,75.0,-18.897729754081222,0.0112544977336517,0.1881928190206296,0.0361545149711246,0.1442285905709941,0.0610439620602141,0.2577758347977956,Médio,2,2,0,0,0.0059016657367129,0.040464191974412006,-0.12627511351852397,3.1899999999999977,-1.0418186830093994,1.0
2022-02-03,0.0111916370777332,56.04596901883995,74.14,-18.094030981160053,0.1142443330641589,0.1804097973794214,-0.0016509606527297,0.127093148754503,0.055916911652968,0.2484186557481706,Médio,2,3,0,0,-0.0475868957877958,-0.021986354108856097,-0.14280452842222044,-0.8599999999999994,0.8036987729211695,1.0
2022-02-04,0.108176446956934,64.95132265960494,70.14,-5.18867734039506,-0.004610065124446,0.0673125793008893,-0.0781021906588814,0.0231318664798523,-0.0758507970678966,0.0943685093537467,Alto,2,4,0,0,0.0111916370777332,-0.022662537528559998,-0.14328902472738975,-4.0,12.905353640764993,2.0
2022-02-05,-0.0046207242467869,64.90324416826184,67.37,-2.466755831738169,0.0241231880363217,0.0510564950139662,-0.0522785064927061,0.0764154684373308,-0.0820294234846102,0.0432036757486664,Alto,2,5,0,0,0.108176446956934,0.09301125547723421,-0.035677444273952336,-2.769999999999996,2.721921508656891,2.0
2022-02-06,0.0238368201984735,64.22980762364602,70.69,-6.460192376353973,0.0344287410805865,-0.000168472237592,-0.0770194193748264,0.0352208437438872,-0.0861294258470862,0.0250896218034222,Alto,2,6,0,0,-0.0046207242467869,0.07306212973679739,-0.04000497924964505,3.319999999999993,-3.993436544615804,2.0
2022-02-07,0.0338493333568956,65.29908301682924,69.18,-3.880916983170764,0.0046304755087762,-0.03700092084875,-0.1400757618785952,-0.0758278001432025,-0.0433001923586204,-0.0362221797952051,Alto,2,0,0,0,0.0238368201984735,0.09099728419855799,0.0042384722499142526,-1.509999999999991,2.579275393183209,2.0
2022-02-08,0.0046197878370261,65.30071674101274,70.27,-4.969283258987261,0.0074865489377538,-0.0451679143491392,-0.0200483663802116,-0.0923767891326178,-0.1049199884022406,-0.029267313595194,Alto,2,1,0,0,0.0338493333568956,0.17243351334324938,0.03452793566051505,1.0899999999999892,-1.088366275816497,2.0
2022-02-09,0.0074586638193073,65.35157831371329,69.81,-4.458421686286712,-0.0197707059652867,-0.0413943522055894,0.0010925631784572,-0.0967610279469007,-0.1271761118092378,-0.0498925916644281,Alto,2,2,0,0,0.0046197878370261,0.1658616641025423,0.05562452650336695,-0.45999999999999375,0.5108615727005485,2.0
2022-02-10,-0.0199687611802417,65.294427916576,70.81,-5.515572083424004,-0.0257891401949261,0.0241271268896232,0.0091398086787948,-0.1174502430599622,-0.1077832526812005,-0.091158751354165,Alto,2,3,0,0,0.0074586638193073,0.06514388096491558,0.08686592554886904,1.0,-1.057150397137292,2.0
2022-02-11,-0.0261275102636211,65.24667474763525,72.34,-7.09332525236475,-0.003678222332563,0.03539527910335,0.0018943340602772,-0.1266249159561832,-0.1084726315101363,-0.0542503574738405,Alto,2,4,0,0,-0.0199687611802417,0.049795844031460784,0.17684332424773835,1.5300000000000011,-1.5777531689407454,2.0
2022-02-12,-0.003685003626171,64.35390463513602,71.32,-6.966095364863975,-0.0038895851448687,-0.0403187086416251,-0.0726993095577772,-0.0944514728004989,-0.0603180596273568,-0.0253466127021567,Alto,2,5,0,0,-0.0261275102636211,-0.0001684864306338192,0.18914204096996792,-1.0200000000000102,0.1272298875007749,2.0
2022-02-13,-0.0038971692535803,64.23928576300041,73.05,-8.810714236999587,0.0114682051455212,-0.0494420699648973,-0.0631502703926365,-0.1142266808644004,-0.0659474109982342,-0.0502044292934313,Alto,2,6,0,0,-0.003685003626171,-0.037702823413700425,0.15255456595366265,1.730000000000004,-1.8446188721356123,2.0
2022-02-14,0.0114029437609088,64.36199951599723,72.16,-7.79800048400277,0.0472287670144353,-0.0577575104723206,-0.0967447762997597,-0.0989452684012626,-0.0334291425086644,-0.0466438498831811,Alto,2,0,0,0,-0.0038971692535803,-0.046219780504306814,0.13725063231388054,-0.8900000000000006,1.0127137529968167,2.0
2022-02-15,0.0461474056472828,66.34422200971044,70.59,-4.245777990289568,-0.015070201141052,-0.1382419879644925,-0.1471967809529539,-0.1195579018544452,-0.0814226377633693,-0.093527064626536,Alto,2,1,0,0,0.0114029437609088,-0.042275500562705313,0.14055857443623274,-1.5699999999999932,3.5522224937132023,2.0
2022-02-16,-0.0151849105438506,66.17359106505891,68.07,-1.8964089349410784,-0.07653493356819,-0.1564814890790716,-0.1172216250516255,-0.1084215641493417,-0.0482306427834895,-0.0956257025871617,Alto,2,2,0,0,0.0461474056472828,0.02384066626481919,0.19074515395861874,-2.5200000000000102,2.3493690553484896,2.0
2022-02-17,-0.079622307419647,71.75467872895544,71.54,0.2146787289554339,-0.0133592656673831,-0.0564070224628969,0.0351964793894712,-0.0695194702300588,0.0415994293570147,0.0070449233260192,Alto,2,3,0,0,-0.0151849105438506,0.034783265984589695,0.16607625572692583,3.470000000000013,2.1110876638965124,2.0
2022-02-18,-0.0134493034485351,71.67782617021227,68.83,2.847826170212272,0.0026199241315199,-0.0681543005980821,-0.0138198308719271,0.0796899218600686,0.0322123336812223,0.0379927773847488,Alto,2,4,0,0,-0.079622307419647,-0.04115403780888631,0.07159029801180655,-2.710000000000008,2.633147441256838,2.0
2022-02-19,0.0026164981129269,71.2020139125573,67.72,3.4820139125573064,-0.0422234292776022,-0.0437124820698632,-0.0336733520180183,0.1083363253280944,0.0230314150717192,0.0319123375059913,Alto,2,5,0,0,-0.0134493034485351,-0.05070617200384111,0.046273174065834345,-1.1099999999999994,0.6341877423450346,2.0
2022-02-20,-0.0431407529280498,61.85012294474485,73.92,-12.069877055255157,-0.0359166892655278,0.0216813604853114,0.0109534791695811,0.1434367306129775,0.1036093312065655,0.054526949174575,Alto,2,6,0,0,0.0026164981129269,-0.05949261765182301,0.05638701822762144,6.200000000000003,-15.551890967812463,2.0
2022-02-21,-0.0365775661820244,61.71359514146222,77.69,-15.976404858537776,0.0330243384161763,0.0569755426911253,0.0207840649197363,0.1471524117924261,0.158737964816408,0.0729844445116967,Médio,2,0,0,0,-0.0431407529280498,-0.1487807762271556,-0.0020821361940782587,3.769999999999996,-3.9065278032826196,1.0
2022-02-22,0.0324907507662171,61.68704972520671,75.22,-13.532950274793286,-0.0256424676428375,-0.0138962964745531,0.0376936322548091,0.0240209802007986,0.1506952725754655,0.0316834827217027,Médio,2,1,0,0,-0.0365775661820244,-0.1701734318653294,-0.04456136811281556,-2.469999999999999,2.44345458374449,1.0
2022-02-23,-0.0259769663535837,62.22188151156709,73.78,-11.55811848843291,0.0289181130421172,0.1586574070718369,0.0545052202670548,0.0576630717683028,0.1896147141973923,0.0590636083050715,Alto,2,2,0,0,0.0324907507662171,-0.05806037367946531,0.03551627844119734,-1.4399999999999977,1.974831786360376,2.0
2022-02-24,0.0285078745231434,62.94813901087583,79.88,-16.931860989124168,0.0232722392263877,0.1589990505439869,0.072710484274749,0.002442129234035,0.1613490781092597,0.0547618780495633,Médio,2,3,0,0,-0.0259769663535837,-0.0705880365845139,-0.0016523249901195594,6.099999999999994,-5.373742500691257,1.0
2022-02-25,0.0230055700671098,63.44191096246292,71.44,-7.998089037537078,-0.0026122429413982,0.1191715683937217,0.0433137672214889,-0.0313920462875679,0.1940018108491332,-0.028213753631196,Alto,2,4,0,0,0.0285078745231434,-0.04469666017429741,-0.08132089742391016,-8.439999999999998,8.93377195158709,2.0
2022-02-26,-0.0026156608014754,63.36217356128056,72.49,-9.127826438719431,-0.0362415355888735,0.0853159467358204,0.0675105172417318,-0.0098702038412219,0.2046564742647134,0.003042177360474,Alto,2,5,0,0,0.0230055700671098,0.021449662820862192,-0.05369460311001345,1.0499999999999972,-1.1297374011823536,2.0
2022-02-27,-0.0369145713560052,64.44904083797763,80.65,-16.20095916202237,0.1448558280084892,0.0384516116710571,0.1194209830640384,0.112539646203474,0.2582485456537788,0.0541923182720422,Médio,2,6,0,0,-0.0026156608014754,0.055411568201411195,-0.08014708410996235,8.16000000000001,-7.07313272330294,1.0
2022-02-28,0.1352787146752529,79.76893462852263,77.47,2.2989346285226304,0.0292215013901759,-0.0871649675625579,-0.0439733549582946,-0.0866079703429101,0.0905465708989805,-0.1057435125115847,Alto,2,0,0,1,-0.0369145713560052,-0.013993753920811106,-0.15091098882286313,-3.180000000000007,18.499893790545002,2.0
2022-03-01,0.0288026925696246,80.35656846072632,76.99,3.366568460726328,-0.0118911690814293,-0.1350794215374641,-0.0769666285467298,-0.1281286863029364,0.0245184731614633,-0.1528639478447226,Alto,3,1,1,0,0.1352787146752529,0.1472619271080255,-0.02025206198463636,-0.480000000000004,1.0676338322036978,2.0
2022-03-02,-0.0119624345490484,80.28699638456703,73.8,6.486996384567036,-0.0327838301249995,-0.134531307739871,-0.0348313101548358,-0.1158640857831936,0.054462239747677,-0.1235876443112315,Alto,3,2,0,0,0.0288026925696246,0.14755674515450667,0.0010919667656809386,-3.1899999999999977,3.120427923840708,2.0
2022-03-03,-0.0333332615882579,81.09838952323337,73.7,7.398389523233362,-0.0778569746078107,-0.0877036321665803,0.0100994017053752,-0.1101582889715928,0.0790738210769304,-0.0925434588024685,Alto,3,3,0,0,-0.0119624345490484,0.1125887405383485,0.009098293396874244,-0.09999999999999432,0.9113931386663259,2.0
2022-03-04,-0.0810549423019875,84.26607477191943,79.28,4.986074771919434,0.0063680340527618,0.0713447152469586,0.123702829164523,0.0133519257108671,0.185413498188699,-0.0362645873447522,Alto,3,4,0,0,-0.0333332615882579,0.081871139751566,0.0018925420722374492,5.579999999999998,-2.4123147513139287,2.0
2022-03-05,0.0063478437934202,84.20471986222314,77.39,6.814719862223143,-0.0248020455881472,0.0006101838775409,0.1247577285727485,-0.0029856875838241,0.182307662630248,0.0074125665389781,Alto,3,5,0,0,-0.0810549423019875,0.037730768805583695,-0.07547739660357905,-1.8900000000000006,1.8286450903037093,2.0
2022-03-06,-0.0251147984261219,75.78532615420623,79.72,-3.934673845793768,-0.0112649889473959,0.0080362699276772,0.1585198229813478,0.0700971686958187,0.1841902864619462,-0.0486153207077101,Alto,3,6,0,0,0.0063478437934202,-0.09120010207624901,-0.06523238355657855,2.3299999999999983,-10.74939370801691,2.0
2022-03-07,-0.0113289195068569,75.8711617247455,80.7,-4.828838275254498,0.0195490681267767,0.0215689164999473,0.2326987469727282,0.0771269874697273,0.1364238706960092,-0.0519698325787091,Alto,3,0,0,0,-0.0251147984261219,-0.1451175930719955,-0.10175012574360925,0.980000000000004,-0.8941644294607296,2.0
2022-03-08,0.0193604394737655,75.71596144029374,80.93,-5.214038559706268,0.0829080239593313,-0.0246133357500252,0.2166652078729418,0.0781520982230343,0.1217010929076032,-0.0841256648807415,Alto,3,1,0,0,-0.0113289195068569,-0.144484078029804,-0.15922645089774895,0.23000000000000398,-0.3852002844517708,2.0
2022-03-09,0.0796500373203137,79.7832868742526,81.01,-1.226713125747409,-0.0600764727999884,-0.0541308401588775,0.1309696242713995,0.0061852509113242,0.0073983631091818,-0.188435569269827,Alto,3,2,0,0,0.0193604394737655,-0.09179037696778061,-0.12468110088013284,0.0799999999999983,3.9873254339588593,2.0
2022-03-10,-0.0619567610700479,82.64266914723592,80.13,2.512669147235925,-0.0175645578610927,-0.0035936786565876,0.1939523616254883,0.0466772360610827,0.0845205722692912,-0.2370678808786971,Alto,3,3,0,0,0.0796500373203137,0.06891460265452058,0.03459124385982784,-0.8800000000000097,3.739382272983334,2.0
2022-03-11,-0.0177206451442286,82.83265156273268,79.73,3.1026515627326745,0.0020085428265792,0.0615661366754136,0.1750799195550065,0.058680744454431,0.0885442311907929,-0.1991364737589392,Alto,3,4,0,0,-0.0619567610700479,0.0006099977910524884,-0.013916213761684955,-0.3999999999999915,0.5899824154967495,2.0
2022-03-12,0.002006528401358,82.54225134709235,81.13,1.4122513470923508,-0.0265418724695523,0.0543850444864066,0.1926472194965078,0.0916519443734382,0.0186328057358191,-0.2500407139264304,Alto,3,5,0,0,-0.0177206451442286,0.008004151072945782,-0.034253357018840455,1.3999999999999915,-1.6904002156403237,2.0
2022-03-13,-0.0269004673903178,82.57245408583705,82.47,0.1024540858370528,0.0501366692308142,0.1053586620974373,0.2126581702152667,0.1351450366807194,0.0608195283204164,-0.2315565362728026,Alto,3,6,0,0,0.002006528401358,0.021339598981160682,0.010893924310567345,1.3400000000000034,-1.309797261255298,2.0
2022-03-14,0.0489203168714056,84.307356631188,82.43,1.8773566311879928,-0.0098569825040073,0.0637679011337393,0.1697944890736062,0.1088969198694169,0.0372162594838545,-0.2617585427475785,Alto,3,0,0,0,-0.0269004673903178,-0.024921307882922617,0.02057102310227395,-0.03999999999999204,1.77490254535094,2.0
2022-03-15,-0.0099058841699839,84.36718109976032,81.98,2.387181099760312,0.0466816342938054,0.0504522237975086,0.1858482349817325,0.1281259602452424,0.0168544918028945,-0.2340507322621779,Alto,3,1,0,0,0.0489203168714056,-0.055651028331830714,0.03700058920746245,-0.45000000000000284,0.5098244685723192,2.0
2022-03-16,0.0456248114305101,85.7628442987082,81.79,3.972844298708196,-0.0047696648343629,-0.0027180522449773,0.1066193997178577,0.0826304908303741,-0.0136717419856983,-0.2379994649024663,Alto,3,2,0,0,-0.0099058841699839,-0.003600151431766717,0.05307167139106224,-0.18999999999999773,1.5856631989478842,2.0
2022-03-17,-0.0047810759850474,84.25525106299976,75.18,9.075251062999754,0.0205193814931852,0.0353446780015591,0.055050967913798,0.1444321433895679,-0.0131773624746138,-0.2699036363058711,Alto,3,3,0,0,0.0456248114305101,0.05974530514297199,0.07018860829842895,-6.609999999999999,5.102406764291558,2.0
2022-03-18,0.0203116952414414,84.3865430746563,70.75,13.636543074656302,0.010623717745622,0.026947248530863,0.0403922551895454,0.1284726986834223,-0.0497967910442935,-0.2709112684161484,Alto,3,4,0,0,-0.0047810759850474,0.052957700756566584,0.04240196224627175,-4.430000000000007,4.561292011656548,2.0
2022-03-19,0.0105676825747715,79.77057277817717,71.66,8.110572778177172,-0.0222510629454708,0.0424237455252975,0.0012056549196668,0.1240172952714775,-0.0331744671291976,-0.3195604003968614,Alto,3,5,0,0,0.0203116952414414,0.10016986338832579,0.06532931828918855,0.9099999999999966,-5.52597029647913,2.0
2022-03-20,-0.0225023524813114,80.01839405623008,72.67,7.348394056230077,-0.0062977874859041,0.0739431405713377,0.0361556885966325,0.1407072978090553,0.0056000529299156,-0.265204081904682,Alto,3,6,0,0,0.0105676825747715,0.06181722909169168,0.11281157221996524,1.0100000000000051,-0.7621787219470946,2.0
2022-03-21,-0.006317702205992,80.04352925350932,71.8,8.243529253509323,0.0332147626044911,0.0855811571316207,0.0282082080861416,0.1099473809364119,0.0086809870190052,-0.2878193269881531,Alto,3,0,0,0,-0.0225023524813114,0.04922076078036419,-0.04496949493659907,-0.8700000000000045,0.8951351972792452,2.0
2022-03-22,0.0326750703725588,79.43820500282051,71.19,8.248205002820512,0.0122421964053081,0.1053634289197018,-0.0668886626492742,0.0925160035152379,-0.0444744173903723,-0.3049530345601337,Alto,3,1,0,0,-0.006317702205992,-0.002721752856137916,-0.08008988971221566,-0.6099999999999994,0.0046757493111897475,2.0
2022-03-23,0.0121678667429053,78.52172914413556,69.58,8.941729144135564,0.0258542127419036,0.0988614072415114,-0.0654766624163183,0.0682847839084983,-0.0740059641683511,-0.2935636605479685,Alto,3,2,0,0,0.0326750703725588,0.03473439350146828,-0.03545238479060847,-1.6099999999999994,0.6935241413150521,2.0
2022-03-24,0.0255256438082847,78.20804061330765,65.47,12.738040613307646,0.0073127829810604,0.0782729193347981,-0.064641409946385,0.0549172498480385,-0.1034259831339992,-0.3382999791323133,Alto,3,3,0,0,0.0121678667429053,0.02659056500293218,0.010048743540554725,-4.109999999999999,3.796311469172082,2.0
2022-03-25,0.0072861742275436,77.72294186597681,62.41,15.31294186597681,0.0044706809444416,0.0621673110200218,-0.098633904691067,0.0511665157709357,-0.1097423429067122,-0.330795185899629,Alto,3,4,0,0,0.0255256438082847,0.04154852623644538,0.11662932965082692,-3.0600000000000023,2.5749012526691644,2.0
2022-03-26,0.004460717136023,77.09992378694514,66.62,10.479923786945136,0.0520427747849028,0.022445326767805,-0.0889520788780009,0.0221579838094938,-0.0917787787227818,-0.3362995484065045,Alto,3,5,0,0,0.0072861742275436,0.07133705294530038,0.11756766008495033,4.210000000000008,-4.833018079031675,2.0
2022-03-27,0.0507337739308275,78.69666550413385,68.62,10.076665504133842,0.0062879368989674,-0.0116228066428973,-0.1377185242258011,-0.0781008957080159,-0.1861099057482143,-0.3764094203950819,Alto,3,6,0,0,0.004460717136023,0.08211547228731539,0.14714317564709523,2.0,-0.4032582828112936,2.0
2022-03-28,0.0062682503060158,78.72174513601757,63.04,15.681745136017575,0.0066336022864803,-0.0278257322820809,-0.1579741272745908,-0.078052790817748,-0.1673624815134943,-0.3924351171135649,Alto,3,0,0,0,0.0507337739308275,0.10017417584558408,0.20920586908477962,-5.580000000000005,5.605079631883733,2.0
2022-03-29,0.0066116967684651,77.6958064948015,62.04,15.655806494801505,-0.0077329302537378,-0.0216602578697496,-0.1398481705414591,-0.1092613439921745,-0.1621748168011672,-0.3879740190746035,Alto,3,1,0,0,0.0062682503060158,0.09427455940869459,0.19611367991702994,-1.0,-0.02593864121607048,2.0
2022-03-30,-0.0077629843968783,61.785356109589785,62.44,-0.6546438904102132,-0.0330936162772194,-0.0103569325989912,-0.1184416415487468,-0.0916550717377138,-0.1799923897323849,-0.3739248266178352,Alto,3,2,0,0,0.0066116967684651,0.07536061236887498,0.12307533936518132,0.3999999999999986,-16.310450385211716,2.0
2022-03-31,-0.033653599256926,62.082940782772376,64.11,-2.027059217227624,0.0169884470210506,-0.000281035035115,-0.0912353104810905,-0.0736423854447142,-0.1731373573565917,-0.3027030780257848,Alto,3,3,0,1,-0.0077629843968783,0.060311453744453083,0.1772691160383509,1.6700000000000017,-1.3724153268174106,2.0
2022-04-01,0.016845757140592,62.22063617152001,59.54,2.680636171520014,-0.0102086078642729,-0.0672598371471122,-0.1253898528395329,-0.1459060239407184,-0.1688537316438324,-0.3129074752141638,Alto,4,4,1,0,-0.033653599256926,0.02219713735150408,0.16133616192565353,-4.57,4.707695388747638,2.0
2022-04-02,-0.0102610730714463,61.22934916774311,59.26,1.9693491677431112,0.0130176158564536,-0.051664665691646,-0.1331955207264631,-0.1252114121062626,-0.1590412782956057,-0.3493739494881142,Alto,4,5,0,0,0.016845757140592,-0.01169087943873142,0.17617539066488752,-0.28000000000000114,-0.7112870037769028,2.0
2022-04-03,0.0129336149045398,54.49813872167917,59.47,-4.97186127832083,0.003731305493634,-0.0895405576918311,-0.1501001457743224,-0.11333463341475,-0.1870048602214951,-0.3437974803560212,Alto,4,6,0,0,-0.0102610730714463,-0.02822020281619352,0.19281478498375904,0.21000000000000085,-6.941210446063941,2.0
2022-04-04,0.0037243614415168,54.46863476703655,60.54,-6.071365232963451,-0.0232492087355848,-0.0821489502798488,-0.1530764691069291,-0.1425087445371466,-0.1479268904526808,-0.3623897634439812,Alto,4,0,0,0,0.0129336149045398,-0.02189828468011882,0.15682808301689324,1.0700000000000003,-1.0995039546426213,2.0
2022-04-05,-0.0235237349480631,54.38213636638413,62.88,-8.497863633615879,-0.0511473694737408,-0.0733819733150467,-0.111466881183712,-0.108701457551011,-0.1965947616959594,-0.3436121285651645,Alto,4,1,0,0,0.0037243614415168,-0.01041093884172372,0.1704583286283939,2.3400000000000034,-2.4264984006524273,2.0
2022-04-06,-0.0525017816550028,57.24655473804285,66.05,-8.803445261957144,0.0063404452163713,-0.0843173586018406,-0.1171592526094804,-0.0646682790342565,-0.1657776716352637,-0.3069519511832973,Alto,4,2,0,0,-0.0235237349480631,-0.00028107453286082065,0.10130978224982072,3.1699999999999946,-0.30558162834126534,2.0
2022-04-07,0.0063204291562023,56.8895811465338,61.74,-4.850418853466202,-0.0274416440955626,-0.077553523267438,-0.0968707208029427,-0.0866875409577206,-0.1834951923375715,-0.2778528037926361,Alto,4,3,0,0,-0.0525017816550028,-0.06962861332845562,0.05358907657986532,-4.309999999999995,3.953026408490942,2.0
2022-04-08,-0.027825199218427,50.58413674702986,62.19,-11.605863252970138,0.0118801448735812,-0.0261341413106738,-0.0594040378197392,-0.0343387214004731,-0.194395722239013,-0.2633408446130728,Médio,4,4,0,0,0.0063204291562023,-0.05304711110080701,0.039597810494626226,0.44999999999999574,-6.755444399503936,1.0
2022-04-09,0.0118101299320372,45.92047792862377,59.72,-13.79952207137623,-0.0139196430179466,-0.0657620801062451,-0.0972508517922429,-0.029489425192561,-0.2965259132660662,-0.2935212800121252,Médio,4,5,0,0,-0.027825199218427,-0.09380592522377382,0.0012049287014277224,-2.469999999999999,-2.1936588184060923,1.0
2022-04-10,-0.0140174297468784,45.76451085356691,61.08,-15.315489146433087,-0.0623451541016892,-0.0381165520406746,-0.1074044951415893,-0.0189915047492993,-0.2642802163721259,-0.2857981183073067,Médio,4,6,0,0,0.0118101299320372,-0.08572015673325342,0.035517411114776326,1.3599999999999994,-1.5159670750568566,1.0
2022-04-11,-0.0643733658182636,50.97135256444943,68.28,-17.30864743555057,0.0137739388243747,0.0214583947311504,-0.0268678955083991,0.024020976234776,-0.2637589503787586,-0.2640640316515495,Médio,4,0,0,0,-0.0140174297468784,-0.07621385153206872,0.027817683573889924,7.200000000000003,-1.9931582891174813,1.0
2022-04-12,0.0136799402987624,50.32698381029695,65.22,-14.893016189703047,0.0267710943547263,-0.0099019486991122,-0.0386720479182252,-0.0091269007514421,-0.2756133883169881,-0.2907113522815006,Médio,4,1,0,0,-0.0643733658182636,-0.0880854356953295,-0.06923075261693247,-3.0600000000000023,2.4156312458475213,1.0
2022-04-13,0.0264190184253026,48.23434426981549,63.61,-15.375655730184503,-0.0292946474160581,-0.0084247537960119,-0.0830868437891805,-0.0414649243616729,-0.2882473153479202,-0.3541687172020661,Médio,4,2,0,0,0.0136799402987624,-0.0807259245527694,-0.06771867906107537,-1.6099999999999994,-0.48263954048145585,1.0
2022-04-14,-0.0297323041306666,49.215523738750186,62.1,-12.884476261249816,0.015259982004077,0.0388259287503649,-0.0063186019461033,-0.0123240027259267,-0.2467464382442907,-0.4370037539075037,Médio,4,3,0,0,0.0264190184253026,-0.026481706909039802,-0.06682530444405746,-1.509999999999998,2.4911794689346873,1.0
2022-04-15,0.0151447196010202,46.87013301719152,60.4,-13.529866982808478,-0.0042708233153071,0.0198829154737509,-0.098612642071025,-0.0031026906260865,-0.2274371854339747,-0.4541215084866554,Médio,4,4,0,0,-0.0297323041306666,-0.06802414097174361,-0.10384378280226766,-1.7000000000000028,-0.6453907215586625,1.0
2022-04-16,-0.00427996933117,46.86423940974443,61.05,-14.185760590255567,-0.0173504799930457,0.0025087478029883,-0.1081000358852475,-0.0561201682767973,-0.2601544229620015,-0.4407022908854691,Médio,4,5,0,0,0.0151447196010202,-0.038861991623845,-0.09315978033727047,0.6499999999999986,-0.6558936074470889,1.0
2022-04-17,-0.0175027636042262,46.72615667370213,63.59,-16.863843326297875,0.0283030042754039,0.0007827991850419,-0.1059962014329308,-0.0111497218114164,-0.232702305451972,-0.4858297217710919,Médio,4,6,0,0,-0.00427996933117,0.021231404863248593,-0.14817352359926797,2.5400000000000063,-2.678082736042308,1.0
2022-04-18,0.0279098748430257,47.58697388302334,63.47,-15.88302611697666,0.0169615400357785,-0.0333208908674833,-0.1657485956884036,-0.0259566340442041,-0.2962126294051169,-0.4983273747565324,Médio,4,0,0,0,-0.0175027636042262,-0.009951299039740008,-0.17194453750950997,-0.12000000000000455,0.9808172093212146,1.0
2022-04-19,0.0168192992773752,47.30043967657357,62.46,-15.159560323426431,-0.0032533057239767,-0.0492382121592031,-0.2751505187117496,-0.0698203897604377,-0.2692960626300514,-0.542797394656182,Médio,4,1,0,0,0.0279098748430257,-0.008460442622016909,-0.15064635943494936,-1.009999999999998,0.7234657935502291,1.0
2022-04-20,-0.0032586092287824,47.26274843508881,62.19,-14.927251564911188,-0.0212335210994485,-0.022537494991923,-0.2500372961195837,-0.0901245920094665,-0.2939485504563909,-0.5025410928282887,Médio,4,2,0,0,0.0168192992773752,0.03809116078602489,-0.1260640757606959,-0.2700000000000031,0.23230875851524324,1.0
2022-04-21,-0.021462195138858,46.47484843645622,63.51,-17.035151563543778,-0.0190422383788937,-0.0584821989915516,-0.2810293278089606,-0.049695145826298,-0.2726024524203427,-0.4917518548043837,Médio,4,3,0,0,-0.0032586092287824,0.01968783195622229,-0.09566908573255227,1.3200000000000003,-2.1078999986325897,1.0
2022-04-22,-0.0192258767952012,46.76398310328048,61.12,-14.356016896719524,-0.0067384922075953,-0.011923187534973,-0.268941086166977,-0.029817286582095,-0.2371048709643463,-0.4781176544063614,Médio,4,4,0,0,-0.021462195138858,0.002505606148534286,-0.13397703801200228,-2.3900000000000006,2.679134666824254,1.0
2022-04-23,-0.0067612983566554,45.969111111993485,61.34,-15.37088888800652,0.0002162691168714,0.0076180986572553,-0.2574578617500304,-0.0434224270820656,-0.2619683278568819,-0.4932256804997768,Médio,4,5,0,0,-0.0192258767952012,0.000782492957559288,-0.1429418417357572,0.22000000000000597,-1.0148719912869968,1.0
2022-04-24,0.0002162457340772,45.89886474725617,62.62,-16.721135252743828,0.0247388284905525,-0.0216480908934899,-0.2373475068396479,0.0060803348430031,-0.2483020968498709,-0.4648907367352147,Médio,4,6,0,0,-0.0067612983566554,-0.03388868024212181,-0.16263675499695238,1.279999999999994,-1.3502463647373073,1.0
2022-04-25,0.0244377786503293,46.6577411243439,65.57,-18.912258875656093,-0.0572261767650982,-0.0691454625330973,-0.2250327016618974,-0.0958072115822261,-0.2692304076972093,-0.4746537383787892,Médio,4,0,0,0,0.0002162457340772,-0.050491733785419816,-0.16614487070439196,2.9499999999999957,-2.191123622912265,1.0
2022-04-26,-0.058928873224046,47.81512509474635,66.78,-18.96487490525365,0.0294671191848374,0.0093328592999961,-0.2161654988566789,-0.0550704293718753,-0.2338147570426092,-0.4361139936477783,Médio,4,1,0,0,0.0244377786503293,-0.022795345906308107,-0.11818335710599957,1.210000000000008,-0.05261602959755862,1.0
2022-04-27,0.029041308349954,48.82744270381424,65.09,-16.26255729618577,0.0129053321820014,-0.018110028310937,-0.2240506864663118,-0.095915915395461,-0.2703128679682698,-0.4638031365296724,Médio,4,2,0,0,-0.058928873224046,-0.060262023991496105,-0.12461044867504277,-1.6899999999999977,2.702317609067883,1.0
2022-04-28,0.0128227679696394,48.97760104078952,63.0,-14.022398959210484,-0.0288349348687675,-0.050654633742027,-0.2774578676953666,-0.1435171846861525,-0.2695063442845327,-0.4780704678946013,Médio,4,3,0,0,0.029041308349954,-0.011994838846340904,-0.10188956948129108,-2.0900000000000034,2.240158336975284,1.0
2022-04-29,-0.0292588301525011,49.95627676498985,60.54,-10.583723235010147,-0.0250105515814935,0.0283419753959659,-0.2144485545304955,-0.220742453060684,-0.2365007768917645,-0.4745250233767082,Alto,4,4,0,0,0.0128227679696394,0.0075892274799538965,-0.061241602293224666,-2.460000000000001,3.438675724200337,2.0
2022-04-30,-0.0253286301777147,49.35471795557674,62.23,-12.875282044423258,0.0222570341316155,-0.028642229237752,-0.2240130425077331,-0.1757523092785697,-0.1566955791532468,-0.4652516024107912,Médio,4,5,0,1,-0.0292588301525011,-0.021885848406624407,-0.10231056237776298,1.6899999999999977,-2.291558809413111,1.0
2022-05-01,0.0220129612676668,49.601590172499385,62.44,-12.838409827500612,0.0014767984589929,-0.0638077796422253,-0.2345639987158273,-0.2434315482728009,-0.1733193651404335,-0.4815943496406786,Médio,5,6,1,0,-0.0253286301777147,-0.0716522572346684,-0.11362176280859927,0.21000000000000085,0.03687221692264586,1.0
2022-05-02,0.0014757090645608,49.47496807546462,62.42,-12.945031924535378,-0.0206672730236553,-0.0792409428020546,-0.2136582949947516,-0.2464729542979186,-0.2263281969497336,-0.4995530193774666,Médio,5,0,0,0,0.0220129612676668,0.009289577257044386,-0.02723543572266887,-0.01999999999999602,-0.10662209703476577,1.0
2022-05-03,-0.0208838300694292,49.80445035341464,64.92,-15.115549646585356,0.0519773277549469,-0.0978174584768459,-0.2284664693822646,-0.2237512573236201,-0.1928580042646296,-0.4897072407262857,Médio,5,1,0,0,0.0014757090645608,-0.018276022028348816,-0.03943966695687047,2.5,-2.1705177220499774,1.0
2022-05-04,0.0506715625195411,52.83169378231924,60.58,-7.748306217680756,-0.0790382968002015,-0.2422194507432602,-0.2528450491307633,-0.2419566641471403,-0.2516953892668179,-0.5133325774754346,Alto,5,2,0,0,-0.0208838300694292,-0.05198262006741741,-0.08674251545160228,-4.340000000000003,7.3672434289046,2.0
2022-05-05,-0.082336825350552,59.570822696699885,63.13,-3.559177303300117,-0.0147511953201068,-0.1514478850829358,-0.1917989153822521,-0.1429180720472236,-0.1829927910098686,-0.4463730307003781,Alto,5,3,0,0,0.0506715625195411,0.027947772604624783,-0.006338648801394564,2.5500000000000043,4.189128914380639,2.0
2022-05-06,-0.0148610761227884,56.92263769124381,62.19,-5.267362308756191,-0.0150325833701941,-0.1918663333497159,-0.1891615346019036,-0.1704836788817165,-0.1692286033925356,-0.4397745640070449,Alto,5,4,0,0,-0.082336825350552,-0.02906042256821252,-0.10382019375296678,-0.9400000000000048,-1.7081850054560737,2.0
2022-05-07,-0.0151467179208379,57.12477135604382,64.87,-7.745228643956182,-0.0404255253170141,-0.1816240743857405,-0.1928990406341383,-0.1417288206405037,-0.1155628363355274,-0.4202671429807803,Alto,5,5,0,0,-0.0148610761227884,-0.06593445995866773,-0.11440130054458518,2.680000000000007,-2.477866335199991,2.0
2022-05-08,-0.041265348325587,58.10522884578909,68.59,-10.484771154210913,-0.1164005946225439,-0.1395879359781894,-0.1471006275265581,-0.1563845539155777,-0.085581872238413,-0.3646887045219517,Alto,5,6,0,0,-0.0151467179208379,-0.08255688694406643,-0.11204525486119687,3.719999999999999,-2.739542510254731,2.0
2022-05-09,-0.1237514803908422,72.26688847386691,84.91,-12.643111526133085,0.0312801005176497,0.000346784562335,-0.0202222280592268,0.0080767886752064,0.0042711356546065,-0.2820013492346634,Médio,5,0,0,0,-0.041265348325587,-0.10293840520022424,-0.1812204780298096,16.319999999999993,-2.158340371922172,1.0
2022-05-10,0.0308008466215324,72.89733397476309,81.61,-8.712666025236913,-0.0616808147763653,0.0100521970139053,0.0231201498528232,-0.0585512507616766,-0.0292474151355219,-0.3038733472826278,Alto,5,1,0,0,-0.1237514803908422,-0.2773614481106075,-0.32179125769802697,-3.299999999999997,3.9304455008961714,2.0
2022-05-11,-0.0636651051045502,72.82161770615227,101.25,-28.428382293847733,-0.0025491393948722,0.0264593041354537,0.0926713015488625,0.01172074983662,-0.0004143768850539,-0.2831736871365182,Baixo,5,2,0,0,0.0308008466215324,-0.16422377613852313,-0.2877318018477122,19.64,-19.71571626861082,0.0
2022-05-12,-0.0025523939828082,72.67057063032915,114.58,-41.909429369670846,0.00886332124803,0.0487493002867747,0.0267339539610227,0.0435480842928375,-0.0208424116638964,-0.312305135249184,Baixo,5,3,0,0,-0.0636651051045502,-0.2130278051202849,-0.3299347118134044,13.329999999999998,-13.481047075823113,0.0
2022-05-13,0.0088242725805584,72.14961352218064,99.66,-27.51038647781936,0.0273052424194311,-0.0195215974295805,0.0397981360362345,-0.0060743570963958,-0.0926184098432584,-0.340024003783242,Baixo,5,4,0,0,-0.0025523939828082,-0.20043348118225524,-0.31326122900101133,-14.920000000000002,14.399042891851487,0.0
2022-05-14,0.0269391043317336,72.01602293320197,93.57,-21.553977066798023,0.0412856294832872,0.0077273243960627,-0.0128471878309183,-0.0143638027915287,-0.2525807049883105,-0.3274489027392134,Baixo,5,5,0,0,0.0088242725805584,-0.15034386027610983,-0.29767565806379753,-6.090000000000003,5.956409411021337,0.0
2022-05-15,0.0404561319046455,73.1951736692436,92.34,-19.1448263307564,-0.0464389258604438,-0.0679206955624665,-0.0467571624784662,-0.0570317046023653,-0.2934186305355855,-0.3428161674416169,Médio,5,6,0,0,0.0269391043317336,0.0003467244464660027,-0.27095279946614115,-1.2299999999999898,2.4091507360416244,1.0
2022-05-16,-0.0475518034081956,75.03608629169524,96.37,-21.333913708304763,0.0191109261863406,-0.0143586348133376,0.0015130208498959,-0.0225165620551107,-0.2440345303492901,-0.3027370614122442,Baixo,5,0,0,0,0.0404561319046455,0.010002009729579098,-0.2549344462118249,4.030000000000001,-2.189087377548365,0.0
2022-05-17,0.0189306062024952,75.07824906007137,91.46,-16.381750939928622,-0.0568111012244074,-0.0049594464497044,0.0304868495345529,-0.0596201075187231,-0.3298946655485822,-0.3038052641277218,Médio,5,1,0,0,-0.0475518034081956,0.0261153114259337,-0.24355737639597455,-4.910000000000011,4.952162768376141,1.0
2022-05-18,-0.0584886995742189,77.1892659877562,100.59,-23.4007340122438,0.0558555502776914,0.0137149786246506,0.0839276734509664,0.0110049269867096,-0.2871815462965413,-0.2757120589288226,Baixo,5,2,0,0,0.0189306062024952,0.0475983116112371,-0.2536680785434334,9.13000000000001,-7.0189830723151765,0.0
2022-05-19,0.0543513864177695,79.26649281362866,91.11,-11.84350718637134,-0.0368815434956626,-0.0219217308618984,-0.0037751618362339,-0.0280722828383175,-0.3742984238056177,-0.2601203922395126,Médio,5,3,0,0,-0.0584886995742189,-0.0197146605435402,-0.3249795460872917,-9.480000000000004,11.557226825872458,1.0
2022-05-20,-0.0375788669561836,80.33491849168045,88.56,-8.225081508319548,0.0083575876313868,0.0116824726268029,0.0311263206306906,0.0867507664974602,-0.2954353291204653,-0.198773604063695,Alto,5,4,0,0,0.0543513864177695,0.007697621542495703,-0.2413693295170211,-2.549999999999997,3.6184256780517927,2.0
2022-05-21,0.0083228563747151,80.03801698835615,84.12,-4.081983011643857,0.0288292840972304,-0.0082767703648762,-0.011994541699015,0.0800127423751215,-0.3012787204373162,-0.2113006392243724,Alto,5,5,0,0,-0.0375788669561836,-0.0703373773183334,-0.25361956629549,-4.439999999999998,4.143098496675691,2.0
2022-05-22,0.0284215384207963,80.37034498822987,82.49,-2.1196550117701207,-0.0391098021584513,-0.0549330988309872,-0.0617034297948697,-0.0161124634167756,-0.3159186292704085,-0.2357484698259784,Alto,5,6,0,0,0.0083228563747151,-0.014462717535422696,-0.2673096711884417,-1.6300000000000097,1.962327999873736,2.0
2022-05-23,-0.0398951347692112,81.53206522160076,82.54,-1.007934778399246,0.0187374073100725,-0.0026733862033071,-0.0870729650298961,0.0461528419758048,-0.3133433988969104,-0.2206976156981567,Alto,5,0,0,0,0.0284215384207963,-0.004971785317121596,-0.2403638418322062,0.05000000000001137,1.1117202333708747,2.0
2022-05-24,0.0185640245739104,81.78875902336796,82.27,-0.4812409766320371,-0.0037913199242747,-0.0062884046916193,-0.2416884676835754,0.0015387167850631,-0.2881325582759897,-0.2429139107685896,Alto,5,1,0,0,-0.0398951347692112,0.0136217794878861,-0.2593751465319882,-0.27000000000001023,0.5266938017672089,2.0
2022-05-25,-0.0037985251950821,81.3541434781196,82.57,-1.2158565218803972,-0.0115360594946543,0.0742014376069446,-0.2506838534094506,0.010895957132436,-0.2811054713350248,-0.2356791905802387,Alto,5,2,0,0,0.0185640245739104,-0.022165582355973,-0.2914826844776189,0.29999999999999716,-0.73461554524836,2.0
2022-05-26,-0.0116031160400314,78.81862588044594,81.63,-2.81137411955406,-0.0195727252335936,0.0890263635071666,-0.2266206870572763,0.0245831100274473,-0.2640343682740695,-0.2702083978994121,Alto,5,3,0,0,-0.0037985251950821,0.011614759405128499,-0.212944384322149,-0.9399999999999977,-1.5955175976736626,2.0
2022-05-27,-0.0197668076759755,78.46847026402409,84.72,-6.251529735975907,0.0140248971351528,0.0410771294245857,-0.2874099714283717,0.0958197402706271,-0.2651688101209229,-0.2576032665264864,Alto,5,4,0,0,-0.0116031160400314,-0.008311213009618,-0.20968642423939196,3.0900000000000034,-3.4401556164218476,2.0
2022-05-28,0.0139274582552866,78.49137635800335,80.91,-2.4186236419966463,0.015044780931497,0.0489571094400427,-0.2949406727146155,0.072128972389484,-0.2855112046192855,-0.2093903379555811,Alto,5,5,0,0,-0.0197668076759755,-0.056499559106389804,-0.21430651399452957,-3.8100000000000023,3.832906093979261,2.0
2022-05-29,0.0149327306648619,77.99916592159852,81.2,-3.200834078401485,0.0769007842378708,0.0078766530587313,-0.3562262242899948,0.0249988971124708,-0.3117544056114917,-0.1908901490085889,Alto,5,6,0,0,0.0139274582552866,-0.0026769660818919943,-0.15911370741365596,0.29000000000000625,-0.7822104364048386,2.0
2022-05-30,0.0740872715889181,81.69231894666528,75.39,6.302318946665281,0.002105613435591,-0.0589325970513848,-0.3516777787511399,-0.0511841790975168,-0.3658892514137736,-0.2508481380667305,Alto,5,0,0,0,0.0149327306648619,-0.006308259990940493,-0.020429496357951854,-5.810000000000002,9.503153025066766,2.0
2022-05-31,0.0021033997385364,81.33398545788897,73.06,8.273985457888969,-0.0627404009428622,-0.0591751087385822,-0.3530434853702898,-0.0851909245735359,-0.3729069866897435,-0.2565177113704457,Alto,5,1,0,1,0.0740872715889181,0.07157753679305971,0.02285692860943385,-2.3299999999999983,1.9716665112236882,2.0
2022-06-01,-0.0647949816931547,84.41419495125102,74.75,9.66419495125102,0.0217001170576358,0.0525826658744277,-0.3047158894753141,-0.046337578923318,-0.3531533931448982,-0.2184978576338925,Alto,6,2,1,0,0.0021033997385364,0.08528405257162752,0.08862543345252046,1.6899999999999977,1.3902094933620504,2.0
2022-06-02,0.02146802118667,84.43202315628207,73.43,11.002023156282064,-0.0247075621079565,0.0220903817142827,-0.3436364424473164,-0.1273483201117013,-0.3677782075893633,-0.2359274834152201,Alto,6,3,0,0,-0.0647949816931547,0.040255878554448316,0.02638284574217395,-1.3199999999999932,1.3378282050310446,2.0
2022-06-03,-0.0250179166566577,83.02123233116849,71.33,11.691232331168491,0.0055161226132744,0.0169884320683255,-0.2892262377942781,-0.2428535017092471,-0.349639952040743,-0.2260058093865329,Alto,6,4,0,0,0.02146802118667,0.04779644148583172,0.03902659434828555,-2.1000000000000085,0.6892091748864271,2.0
2022-06-04,0.0055009645259624,77.91909565066877,70.96,6.959095650668772,0.0018473722912237,0.0082336482270986,-0.2888540867210197,-0.2587603686574221,-0.3223719898580367,-0.2359248782147359,Alto,6,5,0,0,-0.0250179166566577,0.007845794164312112,-0.012930426640105751,-0.37000000000000455,-4.732136680499719,2.0
2022-06-05,0.0018456679976862,77.74914563742226,72.04,5.709145637422253,0.0485938632737963,-0.0276521338631601,-0.2816925981668634,-0.2451765939007079,-0.3256563258187631,-0.2438643934783037,Alto,6,6,0,0,0.0055009645259624,-0.060740512898643594,-0.04788559401878884,1.0800000000000125,-1.2499500132465187,2.0
2022-06-06,0.0474500888349519,79.31551133160598,68.51,10.80551133160597,-0.0078975300496284,-0.0939785995008462,-0.3294232957533682,-0.3497196642983957,-0.3445177556569163,-0.2569296626727994,Alto,6,0,0,0,0.0018456679976862,-0.06099824463949379,0.0015118773870929473,-3.530000000000001,5.096365694183717,2.0
2022-06-07,-0.0079288807110227,78.04756017529732,71.51,6.537560175297315,-0.0295759113236711,-0.1462088916005067,-0.3335794351417318,-0.3423745226155031,-0.305228892352306,-0.2625231603970143,Alto,6,1,0,0,0.0474500888349519,0.05124682588861281,0.030031360019549647,3.0,-4.267951156308655,2.0
2022-06-08,-0.0300220982099308,65.86218573374913,71.7,-5.837814266250874,-0.0031399014129225,-0.2555013661749452,-0.3285401610407892,-0.3719273478990239,-0.2850549764159766,-0.2327572764169367,Alto,6,2,0,0,-0.0079288807110227,0.02184992399092011,0.08059117888274585,0.18999999999999773,-12.375374441548189,2.0
2022-06-09,-0.0031448412464677,64.98928053363967,72.57,-7.580719466360321,-0.0338111048414924,-0.2648136345717177,-0.3316819401439991,-0.3167038249507721,-0.2829000266689427,-0.2092309746319569,Alto,6,3,0,0,-0.0300220982099308,0.016845742437647013,-0.003782305744954452,0.8699999999999903,-1.7429052001094476,2.0
2022-06-10,-0.0343959202434377,62.24470274960077,72.55,-10.305297250399228,-0.0229335470928657,-0.223710533660939,-0.314509409498458,-0.2927961341790218,-0.2828765277458864,-0.2042470270054737,Médio,6,4,0,0,-0.0031448412464677,0.008199936665216914,0.03065171996476145,-0.01999999999999602,-2.7245777840389067,1.0
2022-06-11,-0.0232006119472735,62.76224755441047,75.05,-12.287752445589533,-0.0650902208290677,-0.282268238539017,-0.3217237121236108,-0.2709326747511847,-0.2976668179435491,-0.1572804638219577,Médio,6,5,0,0,-0.0343959202434377,-0.028041651575906983,-0.012067056653391348,2.5,-1.9824551951903047,1.0
2022-06-12,-0.0673052472144992,66.93859390663916,93.99,-27.05140609336084,-0.153798392671479,-0.2297583437976136,-0.275516443752721,-0.2478516082880862,-0.2726588203065114,-0.0993485115258858,Baixo,6,6,0,0,-0.0232006119472735,-0.09869235235813237,-0.06368920702146114,18.939999999999998,-14.763653647771307,0.0
2022-06-13,-0.1669976412315109,88.23573993807076,106.0,-17.764260061929235,-0.015608733953799,-0.1563817264860648,-0.1410380297241877,-0.0612467153842971,-0.1001689389751866,0.0852152382155171,Médio,6,0,0,0,-0.0673052472144992,-0.1580687188616089,-0.09109931946674915,12.010000000000005,9.287146031431604,1.0
2022-06-14,-0.0157318328672523,87.27270759224349,103.09,-15.817292407756511,0.0202069802646409,-0.0705810020685377,-0.085817890073413,-0.0405991757471062,-0.0699106133289002,0.1041257367387034,Médio,6,1,0,0,-0.1669976412315109,-0.295044261883189,-0.2766609852721704,-2.9099999999999966,1.9469676541727239,1.0
2022-06-15,0.0200055285384097,85.96574644700054,89.15,-3.184253552999465,-0.0966364265940243,-0.0889946386157817,-0.1066206098906645,-0.0483768838791838,-0.0776523973906867,0.0762283627320918,Alto,6,2,0,0,-0.0157318328672523,-0.3076312535039736,-0.28859429294434064,-13.939999999999998,12.633038854757046,2.0
2022-06-16,-0.1016301782416361,92.75325225767006,119.65,-26.89674774232995,0.0033086110646816,0.0157935936466824,0.0079994863074968,0.0312117212080988,0.0389332841861624,0.1810427859779591,Baixo,6,3,0,0,0.0200055285384097,-0.2532298047221262,-0.25698564836589954,30.5,-23.712494189330485,0.0
2022-06-17,0.0033031496542327,90.48911747154186,108.67,-18.18088252845814,-0.073185495395189,-0.0234903738908124,0.0564844756485598,0.0133740065983318,0.0160903345138285,0.1654189960237062,Médio,6,4,0,0,-0.1016301782416361,-0.3316593710164888,-0.33884901893156016,-10.980000000000004,8.715865213871808,1.0
2022-06-18,-0.0760018363469714,92.36692464310752,115.03,-22.66307535689248,0.0845093957605349,0.1127702114672082,0.1383158002381554,0.0690798854449392,0.1824800126931984,0.2304527117742592,Baixo,6,5,0,0,0.0033031496542327,-0.2610509741477569,-0.349473327532614,6.359999999999999,-4.482192828434339,0.0
2022-06-19,0.0811277149268706,95.7110696106263,109.97,-14.258930389373702,-5.346553903051721e-06,0.0322586759988334,0.0494716632643141,-0.021920384951881,0.137193545251288,0.1272090988626422,Médio,6,6,0,0,-0.0760018363469714,-0.1700551692632174,-0.4404078945444474,-5.060000000000002,8.404144967518778,1.0
2022-06-20,-5.346568195921985e-06,95.66703197550834,99.27,-3.602968024491659,0.0072728103435957,0.0445856374268551,0.0140265161328267,-0.0307029929682719,0.1287753555598867,0.0126616794393281,Alto,6,0,0,0,0.0811277149268706,-0.0731956214690945,-0.4333674512064948,-10.700000000000003,10.655962364882043,2.0
2022-06-21,0.0072464909918425,95.1855532853466,97.96,-2.77444671465338,-0.035492522505829,0.0151784059850836,-0.0366689635737558,-0.0696657710659193,0.117193893701456,0.0201003497475331,Alto,6,1,0,0,-5.346568195921985e-06,-0.09320649657570013,-0.4354761975132272,-1.3100000000000023,0.8285213098382789,2.0
2022-06-22,-0.0361376939508315,95.00279334654812,99.76,-4.757206653451874,0.056140712497855,0.0377511695773311,-0.0329818055742474,-0.0367810870427691,0.1349230212742751,0.0764268943500572,Alto,6,2,0,0,0.0072464909918425,0.015670172657778477,-0.36343472482822997,1.8000000000000114,-1.9827599387984938,2.0
2022-06-23,0.0546214268784678,96.67778516456843,91.46,5.217785164568454,0.0060425966112003,-0.0392626667860406,-0.0414616110843467,-0.0849971080234939,0.0635211625887666,0.0137232693498334,Alto,6,3,0,0,-0.0361376939508315,-0.023770670947285726,-0.4210404399657315,-8.300000000000011,9.974991818020328,2.0
2022-06-24,0.0060244133369918,96.69154232447003,90.66,6.031542324470038,0.0119363264083804,-0.0524859342047087,-0.0305518161344288,-0.0471322446085238,0.0631890756480577,0.0137223021901158,Alto,6,4,0,0,0.0546214268784678,0.10685259227815347,-0.34140109643060595,-0.7999999999999972,0.8137571599015843,2.0
2022-06-25,0.0118656503170236,96.69541865405871,86.66,10.035418654058716,-0.0210839883691875,-0.0720751154310207,-0.0307637687815331,-0.0612046145420517,-0.0083890189421803,-0.0057283938209097,Alto,6,5,0,0,0.0060244133369918,0.03174929068827467,-0.34087764761957656,-4.0,4.003876329588678,2.0
2022-06-26,-0.0213094300901077,96.73527491165468,90.26,6.47527491165468,-0.0140464405717823,-0.0835756321753848,0.007487854161527,-0.0225096693755654,0.0102956212238098,0.0247632030884963,Alto,6,6,0,0,0.0118656503170236,0.0436202875734942,-0.3308576653002392,3.6000000000000085,-3.560143742404036,2.0
2022-06-27,-0.0141460254601218,96.73913350836222,89.09,7.649133508362212,-0.0222378529940373,-0.0718209324210704,0.0026804791693983,0.0425415185010913,0.1065389228716224,-0.0241778256878612,Alto,6,0,0,0,-0.0213094300901077,0.015064366491543989,-0.39961718422529874,-1.1700000000000017,1.1738585967075315,2.0
2022-06-28,-0.0224888419964654,96.91678187774656,87.5,9.416781877746558,-0.0078042373044319,-0.047603480843674,0.1060726413359307,0.0647621527033044,0.1756121035693487,-0.0120155078892911,Alto,6,1,0,0,-0.0141460254601218,0.03705603498225369,-0.4058343289743979,-1.5900000000000034,1.7676483693843466,2.0
2022-06-29,-0.0078348497395383,93.44791082939064,91.37,2.077910829390646,-0.0089847393605628,0.005650248148761,0.1626799370471912,0.0729920623206967,0.1814211690994538,-0.0281965769534476,Alto,6,2,0,0,-0.0224888419964654,-0.04005423389267951,-0.3983010727609325,3.8700000000000045,-7.338871048355912,2.0
2022-06-30,-0.0090253455381861,93.49804454956237,94.14,-0.6419554504376492,-0.033216479016117,0.0117148500592463,0.164529909172554,0.0461463398489938,0.185601294941734,0.0172257738736079,Alto,6,3,0,1,-0.0078348497395383,-0.05391349696920961,-0.40299108125400307,2.769999999999996,-2.7198662798282953,2.0
2022-07-01,-0.0337806752051056,91.48725721266706,92.97,-1.4827427873329384,-0.0013999107874561,0.0666350273343083,0.2008521872633533,0.0354676915735641,0.2081722839448543,0.0275863857508895,Alto,7,4,1,0,-0.0090253455381861,-0.07480449282441931,-0.37762050654875146,-1.1700000000000017,-0.8407873368952892,2.0
2022-07-02,-0.0014008915780156,91.18159772779984,92.23,-1.048402272200164,0.0032732884186776,0.123211624692707,0.1782607318100579,0.0039443592909294,0.2085513750979726,0.0414074620795612,Alto,7,5,0,0,-0.0337806752051056,-0.0872757379394172,-0.3882005698065836,-0.7399999999999949,0.4343405151327744,2.0
2022-07-03,0.0032679428719761,90.7702175751236,92.07,-1.2997824248763976,0.0476748863496934,0.1179819867952864,0.1623145368332605,0.047579627693969,0.1901010725399838,0.0422259877002435,Alto,7,6,0,0,-0.0014008915780156,-0.07453060405731102,-0.3222962141701,-0.1600000000000108,-0.2513801526762336,2.0
2022-07-04,0.0465733148209915,92.19248696159406,86.99,5.202486961594062,-0.0030083941510253,0.066963454039713,0.1157782070306883,0.0174005557227434,0.1275731084746483,-0.0140759046307428,Alto,7,0,0,0,0.0032679428719761,-0.04877381918886951,-0.152030630066613,-5.079999999999998,6.502269386470459,2.0
2022-07-05,-0.0030129284649952,92.1962290657936,86.08,6.116229065793604,0.0192646349617338,0.0340328006332328,0.0562588998816901,0.0324254318161878,0.1212911686904576,-0.0170466345126817,Alto,7,1,0,0,0.0465733148209915,0.005634345371660285,-0.08972548237836918,-0.9099999999999966,0.9137421041995424,2.0
2022-07-06,0.0190814211736067,90.94234291325496,82.25,8.692342913254947,0.0515679683104532,-0.0292202440028961,0.0335607315710415,0.0306883071855346,0.1336238986486912,-0.0274361022946814,Alto,7,2,0,0,-0.0030129284649952,0.011646762444851189,-0.11274393938177407,-3.8299999999999983,2.576113847461343,2.0
2022-07-07,0.0502823534538491,92.57684680718673,81.35,11.226846807186718,-0.0013979203680187,-0.1061841444477635,0.0613859527268927,-0.0382344862284265,0.0614673400854011,-0.0845383440817054,Alto,7,3,0,0,0.0190814211736067,0.0645088588235635,0.007967660033468722,-0.9000000000000057,2.5345038939317703,2.0
2022-07-08,-0.0013988983702488,91.98396208003334,78.39,13.593962080033336,-0.0001352180506835,-0.0629727132752173,0.1041077113650308,0.0387978559603607,0.0731492608157073,-0.1298528577547782,Alto,7,4,0,0,0.0502823534538491,0.11619210385542819,0.05494686383308512,-2.9599999999999937,2.3671152728466183,2.0
2022-07-09,-0.0001352271934683,91.97743320093412,73.55,18.42743320093412,-0.0337794434283708,-0.0464522923716981,0.1010530371904556,0.0835867084911281,0.1027319129504076,-0.106474995403354,Alto,7,5,0,0,-0.0013988983702488,0.11152526261320328,0.1295498018098077,-4.840000000000003,4.833471120900786,2.0
2022-07-10,-0.0343631513982055,91.97594296514772,75.86,16.115942965147724,-0.0430850230102188,-0.0015544659860505,0.1333034870751162,0.1131615767452272,0.1096456939183134,-0.0739461818279427,Alto,7,6,0,0,-0.0001352271934683,0.06481672059874348,0.04828685968946882,2.3100000000000023,-2.3114902357863976,2.0
2022-07-11,-0.044040734746846,92.89815802735984,80.52,12.378158027359843,-0.0318008616678046,0.0617117845920651,0.1667889725355282,0.1597196098300857,0.1998856920166241,0.0699522781701305,Alto,7,0,0,0,-0.0343631513982055,0.03346649766553318,0.013929054859459243,4.659999999999997,-3.7377849377878807,2.0
2022-07-12,-0.0323174914457519,90.58691597327868,85.86,4.726915973278693,0.0468793895104442,0.0760219879712862,0.2038031429864837,0.1736315074694432,0.2382792472353359,0.1200072430964236,Alto,7,1,0,0,-0.044040734746846,-0.02965565825491951,-0.03735817087922926,5.340000000000003,-7.65124205408115,2.0
2022-07-13,0.0458137289877042,71.19191966287852,80.89,-9.698080337121482,0.0174930701309177,0.1086100380185295,0.1360483165940775,0.1095238071704933,0.2060210913141522,0.0786760676001376,Médio,7,2,0,0,-0.0323174914457519,-0.1122555031545205,-0.03353796837414966,-4.969999999999999,-14.424996310400175,1.0
2022-07-14,0.0173418276292754,71.237405785668,81.35,-10.112594214331992,0.0117150844826614,0.1363738802186038,0.1082882765614769,0.0966951027838383,0.1871178755092564,0.0877611366157589,Médio,7,3,0,0,0.0458137289877042,-0.0650428757965675,-0.042345666264913255,0.45999999999999375,-0.4145138772105099,1.0
2022-07-15,0.0116469941538032,71.01111737837886,78.7,-7.688882621621147,0.0175496542493436,0.1148946425450934,0.0860747266927954,0.0230849292656183,0.1668359734306799,-0.0315155419768757,Alto,7,4,0,0,0.0173418276292754,-0.0475658209738238,-0.031028251972629657,-2.6499999999999915,2.423711592710845,2.0
2022-07-16,0.0173974373889749,61.82835981933816,81.99,-20.16164018066184,-0.0187510615410745,0.0923111400479343,0.0998707278869199,0.0027868991677517,0.1367840495197116,-0.0457118458548,Baixo,7,5,0,0,0.0116469941538032,-0.00155567542181511,-0.031246908135850057,3.289999999999992,-12.472757559040694,0.0
2022-07-17,-0.0189290917114029,62.16922907130854,81.29,-19.120770928691464,0.078584836350908,0.0907133131007744,0.1036654204025739,0.1035807975320894,0.1469639621966558,-0.0527104320766836,Baixo,7,6,0,0,0.0173974373889749,0.05988249671400579,0.007459959343232545,-0.6999999999999886,1.0408692519703777,0.0
2022-07-18,0.0756498451821771,62.11697409182556,83.39,-21.27302590817444,0.0429749944054582,0.0008242475898891,0.0330684210197844,0.062870610513815,0.0405695644459975,-0.1172080964383054,Baixo,7,0,0,0,-0.0189290917114029,0.07327089644835479,0.0026768930919514426,2.0999999999999943,-2.1522549794829757,0.0
2022-07-19,0.0420772010480724,57.2114843754581,82.9,-25.688515624541907,-0.0074079076379408,-0.0349170093799873,0.0176683640628432,0.0161189949659394,-0.0087799006865093,-0.140319413658896,Baixo,7,1,0,0,0.0756498451821771,0.10310701264282768,0.10081558027059394,-0.4899999999999949,-4.415489716367468,0.0
2022-07-20,-0.0074354824512422,57.2702405519488,83.99,-26.719759448051192,-0.0030620109975757,-0.0823483312018532,-0.0031584658511063,0.0180943276795286,-0.1028669482803907,-0.1639353580240533,Baixo,7,2,0,0,0.0420772010480724,0.12784238606162468,0.15072763105820464,1.0899999999999892,-1.0312438235092856,0.0
2022-07-21,-0.0030667085449958,57.22443338598209,82.38,-25.155566614017907,-0.0201864272883038,-0.0819585533809112,0.034634304573347,0.0060957516329989,-0.0869084090965044,-0.1561480792961701,Baixo,7,3,0,0,-0.0074354824512422,0.10875990945657928,0.15231749414514853,-1.6099999999999994,1.5641928340332854,0.0
2022-07-22,-0.0203929573407481,56.27028626955062,84.28,-28.009713730449384,-0.0103046837908858,0.0117973112427995,0.0550835073483026,0.0257079290433297,-0.0515419335300286,-0.1679461560875704,Baixo,7,4,0,0,-0.0030667085449958,0.08829576352260858,0.18303146080525834,1.9000000000000057,-2.854147116431477,0.0
2022-07-23,-0.0103581446266968,53.0698251486136,80.45,-27.3801748513864,0.0057284574855451,0.0619952634774201,0.0869718013439895,0.0239062102608027,-0.0468236035075387,-0.1777068977113339,Baixo,7,5,0,0,-0.0203929573407481,0.08683189789326339,0.16403939504252585,-3.8299999999999983,0.6295388790629843,0.0
2022-07-24,0.0057121122651888,53.06562345698863,83.17,-30.10437654301137,-0.0561912303451598,0.0528825032064228,0.0824502384444776,0.0105710089779835,-0.0465267886878822,-0.1407482302672137,Baixo,7,6,0,0,-0.0103581446266968,0.0008239080843894884,0.15041330754385293,2.719999999999999,-2.7242016916249696,0.0
2022-07-25,-0.0578317078758032,56.61930278255444,81.35,-24.73069721744556,-0.0026385558563929,0.1094561937787703,0.1405074398547221,0.0615684931185449,0.002683133983079,-0.0948336297387723,Baixo,7,0,0,0,0.0057121122651888,-0.035541180698494115,0.10955210498805024,-1.8200000000000074,5.37367932556581,0.0
2022-07-26,-0.0026420429802279,56.13685858261444,81.39,-25.253141417385564,0.079877975052071,0.0959153917703734,0.1336247516428155,0.096814017813497,0.0143201470547416,-0.1098191597423059,Baixo,7,1,0,0,-0.0578317078758032,-0.08593740612305512,0.054733325577242246,0.04000000000000625,-0.5224441999400042,0.0
2022-07-27,0.0768480486898251,62.01223738298339,76.49,-14.477762617016602,0.0387967297608751,0.0137484233709255,0.0393112717814438,7.668026724805266e-05,-0.1181311798958282,-0.1805937928195029,Médio,7,2,0,0,-0.0026420429802279,-0.08551274055828721,0.03300986142340764,-4.900000000000006,10.775378800368962,1.0
2022-07-28,0.0380630527083889,62.93055766408029,76.89,-13.95944233591971,-0.0029014890367921,-0.0358655584695337,-0.0209819011337952,-0.0280393391248475,-0.1595999317198012,-0.1935630394418807,Médio,7,3,0,0,0.0768480486898251,0.01172826547228599,0.05957555665938364,0.4000000000000057,0.5183202810968908,1.0
2022-07-29,-0.0029057065160629,62.87935943430581,75.03,-12.15064056569419,-0.0054783111625217,-0.0401863399758136,-0.024503917135496,0.0015247909984752,-0.1774284662705715,-0.1974707397865291,Médio,7,4,0,0,0.0380630527083889,0.06014946280737169,0.09903750773802134,-1.8599999999999994,1.8088017702255215,1.0
2022-07-30,-0.0054933721401181,62.82972870948333,78.55,-15.720271290516663,-0.0148112526439602,-0.0431632189975176,-0.118811462426687,-0.0208750731173162,-0.1420169847877915,-0.1789366299673779,Médio,7,5,0,0,-0.0029057065160629,0.05153164402611999,0.09626702841542674,3.519999999999996,-3.569630724822474,1.0
2022-07-31,-0.0149220344858788,61.93406173536449,78.66,-16.72593826463551,-0.0010865776110919,0.0008199775729693,-0.0924406653924816,0.0283656430255541,-0.1494703202463195,-0.1589215277169592,Médio,7,6,0,1,-0.0054933721401181,0.10386997976180509,0.12513680767351412,0.10999999999999943,-1.0056669741188458,1.0
2022-08-01,-0.0010871683645161,61.93329504106608,77.69,-15.756704958933923,-0.0120431442138798,-0.0134863273653397,-0.0753137032346126,0.0286393206810553,-0.1383010407851809,-0.1652655297982078,Médio,8,0,1,0,-0.0149220344858788,0.09158998825615419,0.15425550793448134,-0.9699999999999989,0.9692333057015858,1.0
2022-08-02,-0.0121162504204261,62.066857475919605,77.79,-15.7231425240804,-0.0073699994649334,0.0081173527337772,-0.0690784107563188,0.0615931327021865,-0.1242542236552536,-0.1599475199660341,Médio,8,1,0,0,-0.0010871683645161,0.013654771201812983,0.18548583101571714,0.10000000000000853,0.033562434853523726,1.0
2022-08-03,-0.0073972920914354,59.95872269560729,75.87,-15.911277304392712,-0.0085628377487085,0.0434575300514454,-0.0565005300553895,0.0711273416988156,-0.125622908209482,-0.1648483217688204,Médio,8,2,0,0,-0.0121162504204261,-0.036524531927002016,0.12755585160758684,-1.9200000000000017,-0.18813478031231234,1.0
2022-08-04,-0.0085997094791793,60.02451022613167,73.67,-13.645489773868334,0.030475207068211,0.0232935714039441,-0.0554701458428552,0.0743606722014518,-0.1233736669528062,-0.1323388872730293,Médio,8,3,0,0,-0.0073972920914354,-0.041016117502374515,0.10281673188687604,-2.200000000000003,2.2657875305243778,1.0
2022-08-05,0.0300200619305776,60.56640503181756,71.85,-11.283594968182436,-0.0153656291367433,0.0275230971301994,-0.0752122688249438,0.0335615092727397,-0.1420753400976818,-0.127597220708961,Médio,8,4,0,0,-0.0085997094791793,-0.04412245484143572,0.08257002825389353,-1.8200000000000074,2.361894805685898,1.0
2022-08-06,-0.015484903813883,58.22242916934196,71.7,-13.477570830658046,0.0095921401782068,0.0427015349254014,-0.1181987966477609,0.0392315832259093,-0.1375508022275652,-0.1218055424255507,Médio,8,5,0,0,0.0300200619305776,0.0008196415750206798,0.09519265279549624,-0.14999999999999147,-2.193975862475609,1.0
2022-08-07,0.0095464276895303,58.31553113123822,73.6,-15.284468868761778,0.0274272591425275,0.0530451934225668,-0.1353558820749975,0.0072610325449775,-0.1891648496465279,-0.138675494802668,Médio,8,6,0,0,-0.015484903813883,-0.01357809387434622,0.09863684069301613,1.8999999999999915,-1.806898038103732,1.0
2022-08-08,0.0270578708603665,59.07431392147133,75.17,-16.095686078528672,-0.0277215455690885,0.026517429651407,-0.1786808063838723,-0.0259890802183956,-0.1897169256614868,-0.179752624947501,Médio,8,0,0,0,0.0095464276895303,0.008084584235610181,0.03253342320036933,1.5700000000000074,-0.8112172097668946,1.0
2022-08-09,-0.0281130397960745,58.670825628421454,74.67,-15.999174371578547,0.0347344162730371,0.049904643422556,-0.1237246732714325,-0.1000244061002292,-0.165450897302154,-0.1612094194587894,Médio,8,1,0,0,0.0270578708603665,0.04253974718741208,0.01751409301266343,-0.5,0.09651170695012468,1.0
2022-08-10,0.0341447911544965,57.86302706256903,70.87,-13.006972937430971,-0.0008207380380352,0.0058766680373465,-0.1729306735186743,-0.1174740805834504,-0.1082881600397427,-0.1884871243067456,Médio,8,2,0,0,-0.0281130397960745,0.02302641687051688,-0.00316346433216887,-3.799999999999997,2.9922014341475762,1.0
2022-08-11,-0.0008210750278983,56.7550948667252,71.48,-14.72490513327481,0.0196073515974295,-0.0033278475031115,-0.1622924168946857,-0.1010587694108769,-0.0955131925233941,-0.2006535366056958,Médio,8,3,0,0,0.0341447911544965,0.027151146094435783,0.034048035367323426,0.6099999999999994,-1.7179321958438383,1.0
2022-08-12,0.0194176037698489,54.8784885418698,70.27,-15.391511458130196,0.0015448489735974,-0.043477868911574,-0.1750645804239361,-0.1230900421575761,-0.1055910420067793,-0.2189702536666601,Médio,8,4,0,0,-0.0008210750278983,0.041814974880420484,0.05361991768017323,-1.210000000000008,-0.6666063248553868,1.0
2022-08-13,0.001543656921957,54.54675527837614,70.6,-16.053244721623855,-0.0055700619195806,-0.051150139640233,-0.1836852092639613,-0.1191528465250326,-0.083695765132738,-0.2162664301279224,Médio,8,5,0,0,0.0194176037698489,0.051686150960739086,0.08339566607671893,0.3299999999999983,-0.6617332634936588,1.0
2022-08-14,-0.0055856325610175,54.430139086331806,70.89,-16.459860913668194,-0.0086573923976888,-0.1428025396992583,-0.1840483780452281,-0.120844723195492,-0.1699909155392006,-0.202841444890073,Médio,8,6,0,0,0.001543656921957,0.026171937022329582,0.07922721073348714,0.29000000000000625,-0.4066161920443392,1.0
2022-08-15,-0.008695085325241,54.175766158179975,70.2,-16.024233841820028,-0.0099639673589592,-0.1226300922770952,-0.1699336205873295,-0.1052417075537397,-0.1605369950885709,-0.2041056957470526,Médio,8,0,0,0,-0.0055856325610175,0.048699344257386576,0.13147328604827282,-0.6899999999999977,0.43562707184816674,1.0
2022-08-16,-0.0100139399087299,53.88524662492348,71.55,-17.664753375076522,-0.0214665932221437,-0.0980572414538997,-0.1701087498752869,-0.1514872935106399,-0.1740895100931723,-0.2006037374542754,Médio,8,1,0,0,-0.008695085325241,0.005859467777649084,0.12542024370325972,1.3499999999999943,-1.6405195332564944,1.0
2022-08-17,-0.0217003519236227,47.58809961037845,75.32,-27.731900389621543,-0.0064885492912974,-0.0832308742876775,-0.1950099088964153,-0.1415888334919842,-0.151626249964657,-0.1747735690791023,Baixo,8,2,0,0,-0.0100139399087299,-0.0033333971031825156,0.03855825510470472,3.769999999999996,-10.067147014545021,0.0
2022-08-18,-0.0065096914314182,45.3251945543595,74.82,-29.49480544564049,-0.1016251854151575,-0.0716685639380455,-0.168096519369416,-0.1567659284556211,-0.1327046465900859,-0.1570138673289868,Baixo,8,3,0,0,-0.0217003519236227,-0.04445135279665412,-0.02120514952730688,-0.5,-1.7629050560189476,0.0
2022-08-19,-0.107167909583041,58.6939831005956,81.24,-22.5460168994044,0.0146718958414429,0.0256158207655707,-0.0726980727537498,-0.0263343443220559,-0.0680706274577752,-0.072329931425878,Baixo,8,4,0,0,-0.0065096914314182,-0.052504701150029316,-0.024809134442662185,6.420000000000002,6.948788546236091,0.0
2022-08-20,0.014565304906857,58.90374153291784,77.7,-18.79625846708216,0.0177643688029416,0.0198187612434586,0.0104086694131098,-0.0628384863437064,-0.0758299286615418,-0.095368652989323,Médio,8,5,0,0,-0.107167909583041,-0.1540869781720528,-0.12648367188558507,-3.539999999999992,3.7497584323222384,1.0
2022-08-21,0.0176084265060965,58.79435758238432,79.02,-20.22564241761568,-0.0053812092708502,-0.0592388503044999,0.0061690093843493,-0.0681175202562233,-0.1227299621065821,-0.1149718739092222,Baixo,8,6,0,0,0.014565304906857,-0.13082658793995483,-0.09699633249284928,1.3199999999999932,-1.42938395053352,0.0
2022-08-22,-0.0053957401299649,58.713413547934536,80.35,-21.63658645206546,0.0060416367793574,-0.0636561131560392,0.0199552987103166,-0.0592700970054436,-0.1373127730453933,-0.1044615774985129,Baixo,8,0,0,0,0.0176084265060965,-0.10320422152512841,-0.07830073762223669,1.3299999999999983,-1.410944034449777,0.0
2022-08-23,0.0060234592697346,58.71719918713034,77.78,-19.06280081286966,-0.0074801013696795,-0.0916670072905905,0.0402533870404364,-0.0732617032187101,-0.0988191807189516,-0.1079825835891109,Baixo,8,1,0,0,-0.0053957401299649,-0.08689960973147061,-0.07158022733177548,-2.569999999999993,2.5737856391957976,0.0
2022-08-24,-0.007508217623966,55.20555484793197,75.59,-20.384445152068032,0.0089366943590625,-0.0506526557369685,-0.0559016065083994,-0.07189134447269,-0.097255813344016,-0.084129224525554,Baixo,8,2,0,0,0.0060234592697346,-0.07436645903031783,-0.05815947597060548,-2.1899999999999977,-1.3216443391983717,0.0
2022-08-25,0.0088969984309869,55.28503163166836,73.83,-18.54496836833164,-0.0611339837024283,-0.0810509187793149,-0.0617991339131984,-0.0723009929941222,-0.122386711096598,-0.1034053464347206,Médio,8,3,0,0,-0.007508217623966,0.025293232928757174,-0.057067984115392184,-1.7600000000000051,1.8394767837363908,1.0
2022-08-26,-0.0630824976037437,53.12323243197058,72.6,-19.476767568029416,-0.0100513560314312,-0.0094377515000456,-0.0266374521084626,-0.0219459958846007,-0.0708298235516436,-0.0079531447232232,Baixo,8,4,0,0,0.0088969984309869,0.019624926452887076,-0.07819104761498288,-1.230000000000004,-0.9317991996977746,0.0
2022-08-27,-0.0101022119782678,51.55797028434559,73.03,-21.47202971565441,-0.0240542779574398,0.0046841937158141,-0.0116930171277996,-0.0622325028945581,-0.0404130235157902,0.0366306344073144,Baixo,8,5,0,0,-0.0630824976037437,-0.06106599765695312,-0.12578864140484358,0.4300000000000068,-1.9952621476249952,0.0
2022-08-28,-0.0243483067767972,52.24295095226188,76.17,-23.927049047738123,0.0373355778725388,0.0202627276776332,0.0285345228300215,-0.0134370648627171,-0.0243653867100028,0.0378152356280372,Baixo,8,6,0,0,-0.0101022119782678,-0.06577246950525602,-0.1454372810726417,3.1400000000000006,-2.4550193320837117,0.0
2022-08-29,0.0366554814045687,53.75061547905005,73.2,-19.449384520949955,-0.0233696297840896,-0.0223718840781178,-0.0428651076397053,-0.047617709591915,-0.0430307413142144,0.0150899178880918,Baixo,8,0,0,0,-0.0243483067767972,-0.09614423555178782,-0.19684345870980538,-2.969999999999999,4.477664526788168,0.0
2022-08-30,-0.0236470299311744,54.13013312311804,75.78,-21.64986687688196,0.0120312987402368,0.0095216655242418,-0.0138625435728252,0.078158518771269,-0.0111121430511124,0.0503748802472885,Baixo,8,1,0,0,0.0366554814045687,-0.051980536523253115,-0.13207493750916216,2.5799999999999983,-2.200482355932003,0.0
2022-08-31,0.0119594979959549,54.28931242482334,75.04,-20.750687575176663,0.0040618413348214,-0.0126274188255174,-0.0586044303197702,0.0797166287115922,-0.0312922381124807,0.0288009687770884,Baixo,8,2,0,1,-0.0236470299311744,-0.08452456488541442,-0.18986675859483304,-0.7399999999999949,0.8991793017052956,0.0
2022-09-01,0.0040536143276475,54.14302862898304,77.83,-23.68697137101696,-0.0089213599013682,-0.0666047072591853,-0.0829597058534253,0.0842169420399712,-0.0407576002932722,0.0178466936824255,Baixo,9,3,1,0,0.0119594979959549,-0.009482569285715824,-0.17708618557097985,2.789999999999992,-2.9362837958402963,0.0
2022-09-02,-0.0089613935133172,54.17176931515444,74.66,-20.48823068484556,-0.0060124720201524,-0.0330305044241489,-0.0275778799570566,0.1224888306152911,-0.0448609803797741,0.0266521517292122,Baixo,9,4,0,0,0.0040536143276475,0.004673257020199476,-0.19245017501318126,-3.1700000000000017,3.198740686171398,0.0
2022-09-03,-0.0060306197082573,54.12954415903815,77.86,-23.73045584096185,0.0084913699645519,-0.0258235469117936,-0.0273292019423253,0.0172283038942309,-0.0102269575784468,0.0161325944564061,Baixo,9,5,0,0,-0.0089613935133172,0.020060170283679478,-0.20295522544845546,3.200000000000003,-3.2422251561162874,0.0
2022-09-04,0.0084555210771039,53.18890589148799,76.01,-22.82109410851201,-0.0101728474072888,0.0679894801577976,-0.0539891901621475,0.011320330195047,0.016875746863797,0.0103758443623345,Baixo,9,6,0,0,-0.0060306197082573,-0.022625930829146525,-0.20340021259569527,-1.8499999999999943,0.9093617324498382,0.0
2022-09-05,-0.0102249444373888,53.03401164459747,76.88,-23.845988355402525,-0.0508278088826297,0.0935250272265675,-0.0499807039911419,-0.0047967251339101,0.0182564490090337,0.0682775634899306,Baixo,9,0,0,0,0.0084555210771039,0.009476620179131777,-0.18624960619335038,0.8699999999999903,-1.024894246890515,0.0
2022-09-06,-0.0521650520290394,55.9696062727431,81.46,-25.49039372725689,0.0267277113409303,0.1615838974892245,0.0232674724237265,0.0538934073986954,0.0622683350886426,0.1335113655171385,Baixo,9,1,0,0,-0.0102249444373888,-0.012707822254211923,-0.18646061072200928,4.579999999999998,-1.644405371854365,0.0
2022-09-07,0.02637676564806,55.93003500365656,76.12,-20.18996499634345,0.0013958546279344,0.16083168678121,-0.0110771664513881,0.0425432440221344,0.0122973082241908,0.0835926696121462,Baixo,9,2,0,0,-0.0521650520290394,-0.06892648861089883,-0.21692531082742597,-5.339999999999989,5.300428730913442,0.0
2022-09-08,0.001394881328481,55.06584370070562,75.72,-20.65415629929437,0.1056089177045067,0.0441930726918591,0.0048163099250146,0.0049902250389108,0.0050823586409154,0.0658061664295175,Baixo,9,3,0,0,0.02637676564806,-0.03358832944952163,-0.18403885374794776,-0.4000000000000057,-0.4641913029509226,0.0
2022-09-09,0.1003962399398629,64.16173023891842,75.12,-10.95826976108158,0.0134938443669063,-0.0530615244958945,-0.0827991990677952,-0.085350215893083,-0.08993820724706,-0.1316884604058688,Médio,9,4,0,0,0.001394881328481,-0.026162828412783324,-0.07547606283642577,-0.5999999999999943,9.695886538212791,1.0
2022-09-10,0.0134036132525054,64.33120435533338,78.15,-13.818795644666622,0.0082468216962592,-0.0899126676687449,-0.1028129639501227,-0.1281086679163391,-0.1162430930038977,-0.2644789392627795,Médio,9,5,0,0,0.1003962399398629,0.06577789044997567,0.010354872196580114,3.030000000000001,-2.8605258835850425,1.0
2022-09-11,0.0082130024690838,64.03777853270655,78.91,-14.872221467293445,0.026062829897278,-0.0927100404226534,-0.1152670996803481,-0.1541911414692074,-0.126764396360999,-0.1936017395073136,Médio,9,6,0,0,0.0134036132525054,0.08940644813986987,0.00615005894298902,0.7599999999999909,-1.0534258226268225,1.0
2022-09-12,0.0257289825902706,64.66133411138296,79.15,-14.48866588861705,-0.0992228879242214,-0.1018997362891336,-0.1490881748046727,-0.1336910501729347,-0.1446797471304811,-0.2377876328266001,Médio,9,0,0,0,0.0082130024690838,0.14978450263799306,0.01975880154203772,0.2400000000000091,0.3835555786763951,1.0
2022-09-13,-0.1044974303611422,74.2014642116259,81.07,-6.868535788374089,0.0026341396193136,-0.037543677197442,-0.0269902649853247,-0.0438028569063383,-0.0395785178329863,-0.1666284152978375,Alto,9,1,0,0,0.0257289825902706,0.14913671958020366,0.03946432486257372,1.9199999999999875,7.62013010024296,2.0
2022-09-14,0.0026306763540297,74.14513289247839,78.19,-4.044867107521611,-0.0259473735471561,-0.0340979823213957,0.0054932314746194,-0.0645784707448714,-0.0519006798436324,-0.1926591126287962,Alto,9,2,0,0,-0.1044974303611422,0.04324440789058047,-0.05752488787460248,-2.8799999999999955,2.823668680852478,2.0
2022-09-15,-0.0262899455334847,74.62835523192015,76.05,-1.421644768079844,0.005147732094602,-0.0419695988403138,0.0231642868599339,-0.0454017586138987,-0.0321030277313637,-0.1564530897559015,Alto,9,3,0,0,0.0026306763540297,-0.054521155695252725,-0.06379120995155968,-2.1400000000000006,2.6232223394417673,2.0
2022-09-16,0.0051345278170794,74.26510266426794,70.57,3.695102664267949,0.0156701155867962,-0.0677634535658198,0.0079466553554206,-0.029059803164119,-0.0272843414986391,-0.1465780955699303,Alto,9,4,0,0,-0.0262899455334847,-0.09421471448124281,-0.02699865788130069,-5.480000000000004,5.116747432347793,2.0
2022-09-17,0.0155486070502051,74.42824565135896,69.14,5.288245651358963,-0.034675011261026,-0.0353984016800554,-0.0290116846196755,-0.0514323130296783,-0.0280287685657777,-0.1715683203719669,Alto,9,5,0,0,0.0051345278170794,-0.09729318913324723,-0.01176191808595349,-1.4299999999999926,1.593142987091014,2.0
2022-09-18,-0.0352904584441141,65.52673131602596,74.86,-9.33326868397404,0.0062236753058531,-0.0065033389678093,9.167611754734573e-05,-0.0001730515477298,-0.0045704149837919,-0.1402757906035069,Alto,9,6,0,0,0.0155486070502051,-0.10747356467331272,0.02813499574104881,5.719999999999999,-14.621514335333003,2.0
2022-09-19,0.0062043882216964,65.36531689905624,70.23,-4.864683100943765,-0.0338854134356212,-0.031556501452115,-0.005016118118321,0.0027890640435439,-0.0211419141711478,-0.1451894915396513,Alto,9,0,0,0,-0.0352904584441141,-0.03826659275628462,-0.043810944107633996,-4.6299999999999955,4.468585583030276,2.0
2022-09-20,-0.0344728321725092,66.17769152804296,75.86,-9.682308471957043,-0.0219147019867549,-0.0035825165562913,0.0136090066225165,0.0290124503311257,0.0088434437086091,-0.1151957615894039,Médio,9,1,0,0,0.0062043882216964,-0.03469288088861792,-0.013959525954763196,5.6299999999999955,-4.817625371013278,1.0
2022-09-21,-0.0221583959680229,66.60091828836713,76.7,-10.099081711632875,0.0509317840072454,0.0415169846641849,0.0324266467909188,0.0460199031923975,0.0380800764407387,-0.1181456837416096,Médio,9,2,0,0,-0.0344728321725092,-0.042875767527642425,-0.0603918561232273,0.8400000000000034,-0.41677323967583213,1.0
2022-09-22,0.0496771839912393,68.78604328030747,74.81,-6.023956719692535,-0.0057582790724285,-0.0166223147230413,-0.0126845012506682,-0.0177732489486709,-0.0101682178249973,-0.1865997856881097,Alto,9,3,0,0,-0.0221583959680229,-0.07016869131274471,-0.0866038664188977,-1.8900000000000006,4.07512499194034,2.0
2022-09-23,-0.0057749218814111,68.76567853500842,74.23,-5.464321464991585,-0.0191504263109574,0.006371724906959,0.0044178536862018,0.0175827673638706,0.0145407625022615,-0.1587861218637101,Alto,9,4,0,0,0.0496771839912393,-0.03604011437171051,-0.02796528891434119,-0.5799999999999983,0.5596352547009502,2.0
2022-09-24,-0.0193361709410392,69.02591885414515,73.21,-4.184081145854847,-0.0059787003514705,0.035464707592294,0.0135530244972383,0.0749092254433021,0.0216283924843423,-0.1224803784255172,Alto,9,5,0,0,-0.0057749218814111,-0.006524577809007511,-0.027709591087494996,-1.0200000000000102,1.2802403191367375,2.0
2022-09-25,-0.0059966443373075,65.45832307239841,75.88,-10.42167692760158,0.0223550542393464,0.032712158737687,0.0139312333775356,0.0718271231824951,0.0676697126340828,-0.1174235858476832,Médio,9,6,0,0,-0.0193361709410392,-0.03206513697174311,-0.055501283105638094,2.6700000000000017,-6.237595781746732,1.0
2022-09-26,0.0221088426413156,65.81676218746088,76.71,-10.893237812539112,-0.0077330659429929,0.0043234230401574,0.0018286004341625,0.038114045169967,0.0802883530218194,-0.140716940349972,Médio,9,0,0,0,-0.0059966443373075,-0.003588949136541411,-0.0512729830055568,0.8299999999999983,-0.47156088493753323,1.0
2022-09-27,-0.0077631211435955,65.32265826157318,76.88,-11.557341738426814,0.0174897912011711,-0.0011703887965541,0.024672508652124,0.0236362978815072,0.063733514054362,-0.1373521748633193,Médio,9,1,0,0,0.0221088426413156,0.040678289472797086,0.0230009116647982,0.1700000000000017,-0.6641039258877015,1.0
2022-09-28,0.0173386050667576,64.34401062190595,79.4,-15.055989378094054,0.0092047420209944,0.0111400610524385,-0.0043981245383205,0.0002647734847383,0.0607340922132899,-0.1537149162254634,Médio,9,2,0,0,-0.0077631211435955,-0.016762015662037708,-0.0111389751268573,2.5200000000000102,-3.49864763966724,1.0
2022-09-29,0.0091626365658333,63.89313172920077,77.52,-13.626868270799228,-0.0086210812744906,0.0380935415391667,-0.0238644188222345,-0.007783473555637,0.0621779536135804,-0.1724522510005609,Médio,9,3,0,0,0.0173386050667576,0.006351511286130991,0.0048047486114193,-1.8800000000000097,1.4291211072948258,1.0
2022-09-30,-0.0086584577678962,63.82829751368162,74.06,-10.231702486318383,-0.0057489698861274,0.0378759600280291,-0.0196003523728274,-0.014969151931692,0.0620344021735492,-0.1534335498679118,Médio,9,4,0,1,0.0091626365658333,0.034850318793003494,-0.0864288547626103,-3.4599999999999937,3.395165784480845,1.0
2022-10-01,-0.0057655588235913,63.84431662640374,72.26,-8.415683373596266,-0.0131609268316681,0.0336451598704361,-0.007590512118772,-0.0129952177391583,0.0610943532037522,-0.1111964973240571,Alto,10,5,1,0,-0.0086584577678962,0.0321885053624148,-0.1084909257830119,-1.7999999999999972,1.8160191127221168,2.0
2022-10-02,-0.0132482992774978,63.93497285105165,76.42,-12.485027148948348,0.0300302254313422,0.0248357541664918,0.0077426430460516,0.0051808278409806,0.0748719617144535,-0.1091174803744595,Médio,10,6,0,0,-0.0057655588235913,0.004314103897507892,-0.12246948707568699,4.159999999999997,-4.069343775352081,1.0
2022-10-03,0.029588146889959,64.72843304437274,70.07,-5.341566955627258,0.0361066336272508,-0.0107554709645079,-0.0029894421949474,-0.0129374377199542,0.0266319155049548,-0.1292133915598693,Alto,10,0,0,0,-0.0132482992774978,-0.0011710742363944086,-0.1614467689434554,-6.3500000000000085,7.14346019332109,2.0
2022-10-04,0.0354700667521785,65.83421098909959,69.87,-4.035789010900416,-0.0088288715309704,-0.0441935271331932,-0.0495677511159012,-0.0570803557116741,-0.0063920321843737,-0.1697635243108651,Alto,10,1,0,0,0.029588146889959,0.011078467586806993,-0.027361191692354195,-0.19999999999998863,1.3057779447268416,2.0
2022-10-05,-0.0088680769475327,65.81026785178669,71.16,-5.349732148213306,-0.0098019372703794,-0.0509165969681907,-0.0038788070002072,-0.0540160708315101,0.0491242795757174,-0.151429736495114,Alto,10,2,0,0,0.0354700667521785,0.037385897773152196,0.005478198705794607,1.289999999999992,-1.31394313731289,2.0
2022-10-06,-0.0098502925002542,63.33812454204498,68.73,-5.391875457955024,-0.0215714201978188,-0.0451222328709406,0.0406258908142864,-0.0349532355376848,0.067066887033351,-0.1500109966248628,Alto,10,3,0,0,-0.0088680769475327,0.037176278593515695,0.022900067291746602,-2.4299999999999926,-0.04214330974171787,2.0
2022-10-07,-0.0218074842813223,63.126309787599176,65.99,-2.863690212400819,-0.0057413969930503,-0.0191786110560678,0.0391713504648467,0.0010122841215784,0.0704292709352594,-0.1249932796008621,Alto,10,4,0,0,-0.0098502925002542,0.0330915449168528,0.007915246974413006,-2.740000000000009,2.528185245554205,2.0
2022-10-08,-0.0057579421714504,63.15637723594503,64.84,-1.6836227640549737,0.0010845629510001,-0.0022056899900915,0.0604533122943913,-0.0046616637381063,0.0604167482062998,-0.1329346646094646,Alto,10,5,0,0,-0.0218074842813223,0.024532359913028292,-0.029440844357114394,-1.1499999999999915,1.180067448345845,2.0
2022-10-09,0.0010839752375059,52.55990236456981,67.51,-14.950097635430197,-0.0158006936563674,-0.0134826755669781,0.0705102417714471,-0.0162070927443872,-0.0458762838867391,-0.1139419579793632,Médio,10,6,0,0,-0.0057579421714504,-0.010813729148381107,9.167191554930888e-05,2.6700000000000017,-13.266474871375223,1.0
2022-10-10,-0.0159268553425899,52.64549009909242,68.98,-16.334509900907584,-0.0037565590817834,-0.0032657549941537,0.0781737488285254,-0.0047015790928958,-0.1677337343396123,-0.1047106215963206,Médio,10,0,0,0,0.0010839752375059,-0.04519982066305371,-0.0050287410686411915,1.4699999999999989,-1.384412265477387,1.0
2022-10-11,-0.0037636326703097,52.58387772122636,70.6,-18.01612227877364,0.0050120671563482,0.0106495278069254,0.0750650577124869,0.0054758656873032,-0.0765398740818467,-0.1013908709338928,Médio,10,1,0,0,-0.0159268553425899,-0.05225859905811091,0.013517235761278109,1.6199999999999903,-1.681612377866056,1.0
2022-10-12,0.0049995485596987,51.841724000227615,70.2,-18.35827599977239,0.0114640524172393,0.0205857003173497,0.0693319370437675,0.0025486112887505,-0.1088573378027126,-0.1080878472169655,Médio,10,2,0,0,-0.0037636326703097,-0.04617193922816641,0.03191199905899131,-0.3999999999999915,-0.3421537209987484,1.0
2022-10-13,0.0113988381085654,37.0784013754176,66.11,-29.0315986245824,-0.0102296087819798,-0.0024614028396198,0.0400879890870409,0.0100783839901976,-0.1322855640194413,-0.1117566695036368,Baixo,10,3,0,0,0.0049995485596987,-0.019364906387145407,-0.01276563637254929,-4.090000000000003,-10.673322624810012,0.0
2022-10-14,-0.0102822908155797,37.240154795518485,62.08,-24.83984520448152,-0.00560777976454,-0.0027616516303704,0.0537567796305247,0.0079673858120148,-0.1484638052076113,-0.0731206715569176,Baixo,10,4,0,0,0.0113988381085654,-0.0022081261071296068,0.004408123617427209,-4.030000000000001,4.191753420100881,0.0
2022-10-15,-0.0056235623928088,36.14672166827532,62.66,-26.51327833172468,0.0101518716644843,-0.0014405285119241,0.1090297067709036,0.0530001221853451,-0.1284744818790743,-0.0664017045117855,Baixo,10,5,0,0,-0.0102822908155797,-0.013574392160215209,0.01346200374288671,0.5799999999999983,-1.673433127243161,0.0
2022-10-16,0.0101006875336738,36.27383147322835,63.27,-26.99616852677165,0.0148928151303693,-0.0051191456358258,0.105715211249765,0.0783165429232652,-0.1226399030679572,-0.098979493307889,Baixo,10,6,0,0,-0.0056235623928088,-0.003271099210434107,0.013835085687385411,0.6100000000000065,-0.48289019504696995,0.0
2022-10-17,0.0147830060608086,36.23486604085755,60.01,-23.77513395914245,-0.0113770635697647,-0.0176732723405692,0.0693467881611429,0.0381204775890977,-0.1476788069070572,-0.1492460815576173,Baixo,10,0,0,0,0.0101006875336738,0.010593220993549392,0.00182693057974361,-3.260000000000005,3.2210345676292,0.0
2022-10-18,-0.0114422774576837,34.31281310491278,62.26,-27.94718689508722,-0.0105275194231619,0.0125707284565366,0.0653832064670749,0.0654199418029497,-0.1363284532250519,-0.1319843704080829,Baixo,10,1,0,0,0.0147830060608086,0.020376678494659295,0.02437305778414771,2.25,-4.17205293594477,0.0
2022-10-19,-0.0105833257695788,34.44289688592769,60.9,-26.45710311407231,-0.0042904271445731,0.0107587493600962,-0.0301579640629012,0.0881459236758892,-0.1267268250263935,-0.1247523396031264,Baixo,10,2,0,0,-0.0114422774576837,-0.002464437071589807,-0.00440782474029359,-1.3599999999999994,1.49008378101491,0.0
2022-10-20,-0.0042996574378428,32.31062732681182,61.44,-29.12937267318818,0.0064305490202669,0.0545191871407926,-0.1638022846435652,0.0832668134305785,-0.1229518872046515,-0.1367005007898362,Baixo,10,3,0,0,-0.0105833257695788,-0.0027654720255889057,-0.024153787075705688,0.5399999999999991,-2.6722695591158683,0.0
2022-10-21,0.0064099612532107,31.452153572871204,62.19,-30.7378464271288,0.0020861630202297,0.0838650057372092,-0.0815690784513134,0.0692102062316686,-0.1504949027805244,-0.1183868814889296,Baixo,10,4,0,0,-0.0042996574378428,-0.0014415670706229063,-0.01979498674565229,0.75,-1.608473753940622,0.0
2022-10-22,0.0020839900038091,26.258610276458267,62.14,-35.88138972354173,0.0190607857074049,0.056797548472091,-0.1111227404207899,0.0666135537000731,-0.1782439915956539,-0.1239135924933674,Baixo,10,5,0,0,0.0064099612532107,-0.005132293351086006,-0.00761946666885029,-0.04999999999999716,-5.143543296412929,0.0
2022-10-23,0.0188814047749087,26.99689124105442,64.07,-37.07310875894557,-0.0122981645750726,0.0521931079589583,-0.1409434656419899,0.0297101745493193,-0.1708427012222541,-0.1404657033070351,Baixo,10,6,0,0,0.0020839900038091,-0.017831309408085506,0.007712822612456611,1.9299999999999926,-1.1917190354038425,0.0
2022-10-24,-0.0123744127879885,26.49476988411747,64.31,-37.81523011588253,0.0388184619332301,0.0765634473753369,-0.1551946950085154,0.045427455752075,-0.1410579149620378,-0.131984322587187,Baixo,10,0,0,0,0.0188814047749087,0.012492372824506893,-0.00299391950259369,0.2400000000000091,-0.7421213569369556,0.0
2022-10-25,0.0380839730139803,29.564534905428125,65.61,-36.045465094571874,0.0344381269587208,0.0272613591486483,-0.1723405346694508,0.0532094758633809,-0.1733619454513852,-0.1615507316458558,Baixo,10,1,0,0,-0.0123744127879885,0.010701285806097192,-0.0508383990427607,1.2999999999999972,1.7697650213106542,0.0
2022-10-26,0.0338584068050516,30.88800096209244,66.28,-35.39199903790757,-0.0229390239264302,-0.0135208715365553,-0.1863612751840374,0.0254087433845939,-0.2045799093858487,-0.1896571230223589,Baixo,10,2,0,0,0.0380839730139803,0.05308491625792029,-0.0038863490812476864,0.6700000000000017,0.6534660566643069,0.0
2022-10-27,-0.0232062173479073,31.815989759899843,61.41,-29.59401024010016,0.0146207633267323,0.0092884443592569,-0.1789766106219676,0.0300796595830228,-0.1890376548833685,-0.1663316927082435,Baixo,10,3,0,0,0.0338584068050516,0.0805333618097612,0.03982235022405811,-4.8700000000000045,5.797988797807406,0.0
2022-10-28,0.0145149104854409,31.643545073606106,55.08,-23.436454926393893,0.0105784621481128,-0.0213676873946184,-0.1893604456911086,-3.447967738667845e-05,-0.2021703742841825,-0.188690277313732,Baixo,10,4,0,0,-0.0232062173479073,0.0552431544580448,0.03842361715747311,-6.329999999999998,6.157555313706268,0.0
2022-10-29,0.0105229017033011,31.69498194112252,57.8,-26.10501805887748,-0.0087550643522938,-0.0289216503673531,-0.1974668507477532,-0.1087206092167727,-0.2208953818104755,-0.2048259294837446,Baixo,10,5,0,0,0.0145149104854409,0.050876660168577004,0.05869646981436441,2.719999999999999,-2.6685631324835875,0.0
2022-10-30,-0.0087936151026691,31.699508901866214,60.36,-28.660491098133782,-0.0066290210922516,0.0252595081900455,-0.1903674127910922,-0.2280777874951278,-0.2028822716104924,-0.1936256876748879,Baixo,10,6,0,0,0.0105229017033011,0.0737739746598666,0.0681353962801596,2.5600000000000023,-2.5554730392563023,0.0
2022-10-31,-0.0066510906396394,31.720602622915045,59.63,-27.90939737708496,-0.0003474740297325,0.039463191666089,-0.2054835501304492,-0.1410193092099162,-0.1623709051015239,-0.1895129214464681,Baixo,10,0,0,1,-0.0087936151026691,0.026896386543217195,0.07526863652008042,-0.7299999999999969,0.7510937210488215,0.0
2022-11-01,-0.0003475344128213,31.38242668398279,59.92,-28.53757331601721,-0.0161973323074728,0.0205998744362569,-0.2295653795569336,-0.1666360731159822,-0.171173357053099,-0.1924083731293588,Baixo,11,1,1,0,-0.0066510906396394,-0.013613110901473807,0.07238117855075071,0.28999999999999915,-0.6281759389322481,0.0
2022-11-02,-0.0163299430037902,30.179249236864603,56.41,-26.2307507631354,0.0027779101064715,0.0217990019769906,-0.1947663339923302,-0.1657297795139302,-0.1518025153038134,-0.175422690930456,Baixo,11,2,0,0,-0.0003475344128213,0.009245572033612193,0.06703409557823072,-3.510000000000005,2.3068225528818083,0.0
2022-11-03,0.0027740588448488,27.543627323957526,53.98,-26.43637267604247,0.0465512855914196,-0.0821756132032055,-0.17838193333076,-0.1919044211597292,-0.1644224859485089,-0.1749298044024541,Baixo,11,3,0,0,-0.0163299430037902,-0.02159928145561891,0.03930531446587511,-2.4299999999999997,-0.20562191290706977,0.0
2022-11-04,0.0455002684794452,31.63805603046999,54.19,-22.551943969530008,0.0071328868403084,-0.2470957778605784,-0.2151247463179456,-0.2141549385016068,-0.1911632587055737,-0.2115202387684812,Baixo,11,4,0,0,0.0027740588448488,-0.029348124314071203,0.05236166412630361,0.21000000000000085,3.8844287065124625,0.0
2022-11-05,0.0071075681286795,31.5484989020823,55.9,-24.35150109791769,-0.018488340265463,-0.173630487662311,-0.2242897325132151,-0.2065225403380475,-0.2034341860815601,-0.2088798870576922,Baixo,11,5,0,0,0.0455002684794452,0.0249457592680431,0.10348549499855761,1.7100000000000009,-1.7995571283876828,0.0
2022-11-06,-0.0186613858307954,31.30203345810376,56.76,-25.45796654189624,-0.0150414386972282,-0.1834567613048765,-0.2127188052185111,-0.202951556474396,-0.1825646549868504,-0.1948632853046891,Baixo,11,6,0,0,0.0071075681286795,0.038704418036361994,0.10049237559356332,0.8599999999999994,-1.10646544397855,0.0
2022-11-07,-0.0151557084383836,31.681695976893177,59.48,-27.79830402310682,-0.099261186734288,-0.1835280530985914,-0.2021428644275472,-0.1893324941370385,-0.1823353065130472,-0.1767984564227411,Baixo,11,0,0,0,-0.0186613858307954,0.020390566618387895,0.06704798370195932,2.719999999999999,-2.340337481210579,0.0
2022-11-08,-0.104539948786357,48.30355414716556,76.66,-28.35644585283444,-0.1414992966604716,-0.1195531623859734,-0.12585814701171,-0.0995717419797995,-0.0713384154938501,-0.0864635851283452,Baixo,11,1,0,0,-0.0151557084383836,0.0215648011837945,0.06333455272125942,17.18,-0.5581418297276208,0.0
2022-11-09,-0.1525677793793299,71.65470645805863,114.72,-43.06529354194137,0.1054047620991522,0.0437516996057856,0.0326399674429325,0.0488525580597898,0.0757246993464093,0.0756788531672489,Baixo,11,2,0,0,-0.104539948786357,-0.08574920644741131,-0.03062207029551879,38.06,-14.708847689106932,0.0
2022-11-10,0.1002115684402702,79.71507909837605,93.12,-13.404920901623951,-0.0301593929942077,-0.0398030810486815,-0.0248568985549241,-0.0750473690639532,-0.0269107416276777,-0.0240262710107012,Médio,11,3,0,0,-0.1525677793793299,-0.28381725430618643,-0.17889019223700586,-21.599999999999994,29.66037264031742,1.0
2022-11-11,-0.0306235436615994,80.40865557740563,102.11,-21.70134442259437,-0.0151274347097386,-0.0238747861052319,-0.0054445408431365,-0.0755123954983828,0.0008634875406479,0.0216955638181144,Baixo,11,4,0,0,0.1002115684402702,-0.1907132539945957,-0.08508858504994639,8.989999999999995,-8.29642352097042,0.0
2022-11-12,-0.0152430215195955,80.48610146355996,102.92,-22.43389853644004,-0.0286835418342049,-0.007109173879734,0.0166939486369324,-0.0348047356424666,0.0236585835898948,0.0672837626278246,Baixo,11,5,0,0,-0.0306235436615994,-0.20267541182539972,-0.11779611871535489,0.8100000000000023,-0.7325541138456693,0.0
2022-11-13,-0.0291029542452625,81.04442441754436,107.88,-26.83557558245564,0.0177350067514396,0.0226946358968391,0.0340082731929565,0.0167337728148146,0.0884790735983489,0.1541208278091959,Baixo,11,6,0,0,-0.0152430215195955,-0.2027627249066116,-0.1519205450098591,4.959999999999994,-4.4016770460156,0.0
2022-11-14,0.0175795765326142,81.25239158192507,98.18,-16.92760841807494,0.0169145086543125,0.004887042057925,0.0292572682866953,-0.001234095451958,0.0712231324002106,0.1991972061667466,Médio,11,0,0,0,-0.0291029542452625,-0.12732573036551711,-0.16864908646713309,-9.699999999999989,9.9079671643807,1.0
2022-11-15,0.0167730512461791,81.38653053904393,89.99,-8.603469460956063,-0.0140711230449624,-0.0367052708873132,0.0038921764177184,-0.0223915524742657,0.0269677294907804,0.2398942757551962,Alto,11,1,0,0,0.0175795765326142,0.042821625546426975,-0.1891534829484992,-8.190000000000012,8.324138957118876,2.0
2022-11-16,-0.0141710598868462,81.37328568423213,98.64,-17.26671431576787,0.001788419205462,-0.0529005999006165,0.0255779954821411,-0.0122542724014508,-0.0018388310219915,0.252583605597152,Médio,11,2,0,0,0.0167730512461791,-0.04061689164766412,-0.20623883850737168,8.650000000000006,-8.663244854811808,1.0
2022-11-17,0.001786821888,81.2777385083453,76.97,4.307738508345295,0.0004726656666202,-0.0278938640927455,0.0086313902720731,-0.0158022496249827,0.0050297857248977,0.2691672218042049,Alto,11,3,0,0,-0.0141710598868462,-0.02416440787291092,-0.1972036810463106,-21.67,21.574452824113166,2.0
2022-11-18,0.0004725539953914,81.1940296695999,74.71,6.484029669599906,1.3772083985674756e-05,-0.0058285854572781,0.0313554425180158,-0.0291932253322515,0.0022610169187056,0.2655233841004285,Alto,11,4,0,0,0.001786821888,-0.00713456446531542,-0.20993176964375151,-2.260000000000005,2.1762911612546105,2.0
2022-11-19,1.377198915139681e-05,81.18017749929697,72.41,8.770177499296977,-0.0251756215914562,-0.0060913687346861,0.0256205136557314,-0.0154574544270054,-0.015676008402053,0.2381214417616528,Alto,11,5,0,0,0.0004725539953914,0.02244094377533848,-0.2199821173516612,-2.299999999999997,2.2861478296970716,2.0
2022-11-20,-0.0254979489178795,81.63530639762278,80.26,1.3753063976227793,-0.030646987174014,0.0148591266830997,0.0520422623021912,0.0542627469022243,0.0377961490716041,0.2943054244319645,Alto,11,6,0,0,1.377198915139681e-05,0.004875139231875679,-0.2111747302598407,7.8500000000000085,-7.394871101674198,2.0
2022-11-21,-0.0311264271128395,82.35090857892746,80.81,1.540908578927457,0.0282391363443672,0.0429166436964278,0.0826142856509193,0.0757910158168311,0.0661150007382158,0.4363344187959284,Alto,11,0,0,0,-0.0254979489178795,-0.03739586093218292,-0.2300215885380808,0.5499999999999972,0.16560218130467774,2.0
2022-11-22,0.0278477628835421,82.65984100731781,79.71,2.949841007317815,0.0231818198625248,0.0124385743707684,0.0605714940709709,0.0533557158650985,0.0366359892869512,0.4040570803860739,Alto,11,1,0,0,-0.0311264271128395,-0.054351228158176224,-0.260800481238099,-1.1000000000000085,1.408932428390358,2.0
2022-11-23,0.0229172032029526,82.93321462981808,75.27,7.663214629818086,-0.0002505554682225,-0.0235016210818335,0.0705644906285629,0.016990190392041,0.0105636835508526,0.3676883427261519,Alto,11,2,0,0,0.0278477628835421,-0.028290287162634122,-0.2166227753507667,-4.439999999999998,4.713373622500271,2.0
2022-11-24,-0.0002505868624879,81.86245619134823,72.21,9.652456191348236,-0.0046274011307945,-0.0094234876302418,0.0725467574756235,0.0305290394874373,0.0142882531726402,0.3805963630229623,Alto,11,3,0,0,0.0229172032029526,-0.005845637955072921,-0.1964796309926629,-3.0600000000000023,1.9892415615301502,2.0
2022-11-25,-0.0046381406950624,81.02222788390227,64.89,16.132227883902274,-0.0038475645406708,0.0388266895208488,0.05048982758892,0.0268857424038289,0.018760886906902,0.3698522104279469,Alto,11,4,0,0,-0.0002505868624879,-0.006109996806712219,-0.24223048633459598,-7.319999999999993,6.4797716925540385,2.0
2022-11-26,-0.0038549854582066,80.62808765333554,65.49,15.138087653335546,-0.0018099992891241,0.0315215720442298,0.0105446584970625,0.0383016264474982,0.0279987872579452,0.4011508897796101,Alto,11,5,0,0,-0.0046381406950624,0.014749811416104885,-0.2539761951583379,0.5999999999999943,-0.9941402305667282,2.0
2022-11-27,-0.0018116393171025,80.47145320086356,67.12,13.35145320086356,-0.0131397462258304,0.0404144434340225,0.0211665138859977,0.024825945687994,0.0168959594078197,0.400569610159732,Alto,11,6,0,0,-0.0038549854582066,0.042021253070737785,-0.23916979478574912,1.6300000000000097,-1.7866344524719864,2.0
2022-11-28,-0.0132268364279651,80.51998471699025,67.44,13.079984716990252,0.0141627875563361,0.0414663376284702,0.0324001058415792,0.0623694327545147,0.020625538536882,0.4231966994204001,Alto,11,0,0,0,-0.0018116393171025,0.012361850870093186,-0.225825725664468,0.3199999999999932,-0.27146848387330813,2.0
2022-11-29,0.0140634322802119,80.61093590969548,64.8,15.810935909695488,0.0438563894972368,0.0403326008831974,-0.0002219853027483,0.0417228978752055,0.011612568138845,0.4001859811111794,Alto,11,1,0,0,-0.0132268364279651,-0.023782188760824514,-0.1345126133060761,-2.6400000000000006,2.730951192705236,2.0
2022-11-30,0.0429219220456457,81.95661212979415,64.05,17.906612129794155,-0.0108525930397048,-0.011494647988422,-0.0156190644874861,-0.00210619658767,-0.0324033829653849,0.3832904908282859,Alto,11,2,0,1,0.0140634322802119,-0.009468169618124713,0.032118598353465685,-0.75,2.0956762200986674,2.0
2022-12-01,-0.0109119119942652,82.04485605681296,60.05,21.994856056812964,0.0067955166200655,0.006572867293344,-0.0089943259762849,0.0063425607146454,-0.0256205760962974,0.3445044786088778,Alto,12,3,1,0,0.0429219220456457,0.03809189312258338,-0.025171048041158814,-4.0,4.088243927018809,2.0
2022-12-02,0.0067725311702464,81.88097717058456,58.75,23.13097717058456,-0.0121419971286055,-0.0149829693776423,-0.0158728208584464,0.0068502767841784,-0.0278474954863878,0.3529211817414879,Alto,12,4,0,0,-0.0109119119942652,0.031034966586524784,-0.0054594163738246135,-1.2999999999999972,1.1361211137715976,2.0
2022-12-03,-0.0122163133533219,81.98606879461614,61.15,20.836068794616143,0.0130587733636557,0.020070831260512,-0.0063191433918461,0.0526792694193731,-0.012574917679388,0.4055302868784496,Alto,12,5,0,0,0.0067725311702464,0.039619137073873684,0.016556136316017288,2.3999999999999986,-2.2949083759684186,2.0
2022-12-04,0.0129742426986612,80.56247486057201,61.84,18.722474860572007,-0.008146407337905,0.0013363966397166,-0.0157596590610148,0.0407729587213618,-0.0251682187808742,0.3731645007219815,Alto,12,6,0,0,-0.0122163133533219,0.04062966014851688,0.03344277720795788,0.6900000000000048,-2.113593934044136,2.0
2022-12-05,-0.008179770631694,80.57485097066225,56.01,24.564850970662256,0.0072266574719961,0.009497623236583,-0.0079121319553113,0.0229860871666565,-0.0068364733722926,0.3810807863800995,Alto,12,0,0,0,0.0129742426986612,0.039540470566966184,0.028837443374004887,-5.830000000000005,5.84237611009025,2.0
2022-12-06,0.0072006703080002,80.3507616183054,56.74,23.6107616183054,-0.0147650881036646,-0.0002288026889875,-0.0099227805553995,-0.0267330487051289,-0.0150453860270022,0.3650239686908976,Alto,12,1,0,0,-0.008179770631694,-0.011561222110373514,0.0038846214961317897,0.730000000000004,-0.9540893523568563,2.0
2022-12-07,-0.0148751770092267,80.3443831189468,61.83,18.5143831189468,0.0230129051877334,0.02216534890572,-0.0077378859439887,-0.0035707837193168,0.0067715411150919,0.3620835273546265,Alto,12,2,0,0,0.0072006703080002,0.006551360191891886,0.02525635169097819,5.089999999999996,-5.0963784993586,2.0
2022-12-08,0.0227521019316931,72.03162637009466,55.71,16.321626370094656,-0.005546879082216,0.0319668371642061,-0.0392931996446836,-0.028209891953716,-0.0162870628944327,0.3215506180293892,Alto,12,3,0,0,-0.0148751770092267,-0.015096347987581214,0.008594352793751488,-6.119999999999997,-2.192756748852144,2.0
2022-12-09,-0.0055623201422599,48.58285022958516,58.71,-10.127149770414846,-6.246876561721848e-05,0.0393839295305618,-0.0289043562330983,-0.040264914271836,-4.261887747714077e-05,0.3568250921268336,Médio,12,4,0,0,0.0227521019316931,0.019872067297433786,0.03087390073005319,3.0,-26.4487761405095,1.0
2022-12-10,-6.247071687181942e-05,33.74127343851003,59.55,-25.80872656148997,-0.0024778878866665,0.0133615608591801,-0.0303611328922102,-0.0135413887265443,0.0029642405279464,0.3407101682733429,Baixo,12,5,0,0,-0.0055623201422599,0.0013355044565126857,0.02529780859864189,0.8399999999999963,-15.681576791075123,0.0
2022-12-11,-0.0024809629316508,32.01754580826499,61.79,-29.772454191735008,0.0073034612131659,-0.0265103116467321,-0.0317616863866361,-0.015240224640841,0.0208141035583742,0.2757557045487135,Baixo,12,6,0,0,-6.247071687181942e-05,0.009452804371334866,0.05073328679964957,2.240000000000002,-3.963727630245039,0.0
2022-12-12,0.007276920090016,31.67485926303728,61.15,-29.475140736962725,0.0328225206175771,-0.0251780523108015,-0.0344617000865203,-0.0225684971902686,0.0426169230027255,0.2565603495211745,Baixo,12,0,0,0,-0.0024809629316508,-0.0002288288683161329,0.07937875098083827,-0.6400000000000006,0.2973134547722829,0.0
2022-12-13,0.032295365713004,32.0490941305568,60.66,-28.6109058694432,0.0016005896020749,-0.0583126578788953,-0.0619886692883706,-0.0560459529556054,0.0603059404659431,0.2299813780260706,Baixo,12,1,0,0,0.007276920090016,0.02192326823092657,0.05880790818731217,-0.490000000000002,0.8642348675195244,0.0
2022-12-14,0.0015993100237424,31.4619704114362,55.19,-23.7280295885638,-0.0250972440270402,-0.0766308209502251,-0.0633578889129171,-0.0543179156497587,0.1194653755093899,0.2235778499872214,Baixo,12,2,0,0,0.032295365713004,0.031466532012237466,0.06818607069736357,-5.469999999999999,4.882876280879401,0.0
2022-12-15,-0.0254175504220324,32.159437771323404,57.74,-25.5805622286766,-0.041726539120575,-0.0265482238766928,-0.029152459562327,-0.0302039485283187,0.2073351870267579,0.2545254356621269,Baixo,12,3,0,0,0.0015993100237424,0.03862816217823978,0.07003596758359387,2.5500000000000043,-1.852532640112802,0.0
2022-12-16,-0.042622091974556,35.08306331732477,63.31,-28.22693668267523,0.0086819960413946,0.0115769967989649,0.0120086916159816,0.0172720014045113,0.2548911383515753,0.3347570844847201,Baixo,12,4,0,0,-0.0254175504220324,0.013273082473079196,0.049256557856623875,5.57,-2.6463744539986287,0.0
2022-12-17,0.0086445242442314,35.20688519129408,62.29,-27.08311480870592,-0.0022835486739801,0.0026769556499202,0.0103793873818884,-0.0041820353684792,0.2628155302768393,0.4498865080481529,Baixo,12,5,0,0,-0.042622091974556,-0.026868046569826005,0.010489451340274472,-1.0200000000000031,1.143821873969312,0.0
2022-12-18,-0.0022861599473239,35.215529102601145,66.48,-31.26447089739886,-0.0178830352827451,0.0024070674223828,0.0122689343723134,-0.0114050427136472,0.2626684693285603,0.4050319598093226,Baixo,12,6,0,0,0.0086445242442314,-0.025500442415610607,0.020945614901608373,4.190000000000005,-4.18135608869294,0.0
2022-12-19,-0.0180448690471703,35.77359694341167,63.62,-27.84640305658833,0.0277804813953261,0.0241646632860632,0.0419097894747086,0.0118371811218283,0.2578393418529729,0.4946255462659257,Baixo,12,0,0,0,-0.0022861599473239,-0.06008196807593851,0.03188629138224957,-2.8600000000000065,3.4180678408105294,0.0
2022-12-20,0.0274016047314584,35.94443463155191,60.1,-24.15556536844809,-0.0041957768786594,-0.0037554245020585,0.0167322065678792,-0.0170506334208514,0.2471673031257915,0.4578948552163999,Baixo,12,1,0,0,-0.0180448690471703,-0.07972614714685121,-0.00022200994513262712,-3.519999999999996,3.6908376881402383,0.0
2022-12-21,-0.0042046038497872,34.296880258654824,59.12,-24.82311974134517,-0.0001925743565845,0.0056298281036122,0.03661230799772,-0.0167771492694951,0.3472603028766687,0.4426291867834555,Baixo,12,2,0,0,0.0274016047314584,-0.026906991993360413,-0.015742327259319924,-0.980000000000004,-0.6675543728970794,0.0
2022-12-22,-0.0001925929014068,32.89267797138813,56.14,-23.24732202861187,-0.002552101694089,-0.0068406788245707,0.0666905251218237,-0.012167812130122,0.3544359783918489,0.4768185582319695,Baixo,12,3,0,0,-0.0042046038497872,0.011510496131408393,-0.009035019114841924,-2.979999999999997,1.5757977127333014,0.0
2022-12-23,-0.0025553638570472,31.919016569249344,53.67,-21.75098343075065,0.0034341568078195,-0.0137789432905205,0.1232601245641742,-0.0062955568137795,0.35339154274816,0.4573507762910869,Baixo,12,4,0,0,-0.0001925929014068,0.0026733789857701935,-0.016000143186495126,-2.469999999999999,1.496338597861218,0.0
2022-12-24,0.0034282735568192,31.9412888659948,52.35,-20.4087111340052,-0.0002381783926461,-0.0120366212642816,0.1837650242454911,-0.0095592096041129,0.3611479366980041,0.4363291542231822,Baixo,12,5,0,0,-0.0025553638570472,0.0024041750760468938,-0.006339193690220424,-1.3200000000000003,1.3422722967454526,0.0
2022-12-25,-0.0002382067616242,31.90039971973712,53.68,-21.77960028026288,0.0051853273297286,-0.0133453262841082,0.2449372063276675,0.0010842372109023,0.3446258371647999,0.4222934617228617,Baixo,12,6,0,0,0.0034282735568192,0.023877317680036394,-0.015885162832062424,1.3299999999999983,-1.3708891462576815,0.0
2022-12-26,0.0051719298136836,31.923061709908467,53.22,-21.29693829009153,-0.01259087945842,-0.0222815361546721,0.233584662331207,-0.0051739453963766,0.3629888547991386,0.3703384105455338,Baixo,12,0,0,0,-0.0002382067616242,-0.003762493813046207,-0.007943598961992624,-0.46000000000000085,0.48266199017135136,0.0
2022-12-27,-0.0126708162731763,32.22136072974332,54.05,-21.82863927025668,-0.0095203263906679,-0.0053638255131579,0.2681188481512431,0.014622574875676,0.3772988251180988,0.386123009440716,Baixo,12,1,0,0,0.0051719298136836,0.005614039850424593,-0.009972339456309225,0.8299999999999983,-0.5317009801651515,0.0
2022-12-28,-0.0095659343975275,32.06343657483707,57.19,-25.126563425162928,0.0052068886121068,0.0075879402754888,0.2772353935473499,0.0239470947241575,0.3944357119072526,0.423485146528348,Baixo,12,2,0,0,-0.0126708162731763,-0.006864183521344908,-0.007767978720258823,3.1400000000000006,-3.297924154906248,0.0
2022-12-29,0.0051933796404468,31.7377096082932,54.59,-22.85229039170681,-0.0015625122118235,0.0025075946269779,0.2431242548908916,0.0297207978852278,0.3841128760264694,0.4123384958159661,Baixo,12,3,0,0,-0.0095659343975275,-0.013874754061825208,-0.04008601504947942,-2.5999999999999943,2.2742730334561188,0.0
2022-12-30,-0.0015637342071172,27.98989577825073,49.82,-21.830104221749263,-0.0039187161447732,0.0146247353602111,0.2688011667031964,0.0343688506624724,0.4296148482491022,0.3934425933374599,Baixo,12,4,0,0,0.0051933796404468,-0.012109647978197607,-0.029330315266772725,-4.770000000000003,1.0221861699575463,0.0
2022-12-31,-0.0039264144310654,27.76370183084132,48.31,-20.54629816915869,0.0044945110745719,0.0174974610697358,0.3702491778701999,0.0543004642615339,0.3798572153980075,0.4283882628880935,Baixo,12,5,0,1,-0.0015637342071172,-0.013435175423690607,-0.030831578757018106,-1.509999999999998,1.283806052590574,0.0
2023-01-01,0.0044844409220061,27.707207995456105,46.96,-19.2527920045439,0.0033773150586005,0.0200941820753155,0.3711195029112191,0.0798296899213142,0.3916758692283388,0.4121485850121111,Médio,1,6,1,0,-0.0039264144310654,-0.02253351966843961,-0.03227703025643271,-1.3500000000000014,1.29350616461479,1.0
2023-01-02,0.0033716247385011,27.40283079861528,50.02,-22.61716920138473,0.0001385484322735,0.0162359569768133,0.3619658763008408,0.1303764738764232,0.4234297994286526,0.3407613686186002,Baixo,1,0,0,0,0.0044844409220061,-0.005378262473257207,-0.035069509424442605,3.0600000000000023,-3.364377196840831,0.0
2023-01-03,0.0001385388353259,27.026601755896507,48.95,-21.92339824410349,0.0105054338244026,0.0271451342654172,0.3742850152142285,0.195190096898504,0.4086168784984629,0.3401096719795529,Baixo,1,1,0,0,0.0033716247385011,0.007559296662771393,-0.0639932503989455,-1.0700000000000003,0.6937709572812416,0.0
2023-01-04,0.0104506352091812,27.12166237153552,46.87,-19.74833762846448,-0.0010984928511914,0.0194595249003581,0.3431695227876437,0.2435888610094976,0.3905875008011699,0.3311430735011003,Médio,1,2,0,0,0.0001385388353259,0.002504455857650493,-0.06545402158736201,-2.0800000000000054,2.1750606156390084,1.0
2023-01-05,-0.0010990966366733,27.007835350634583,45.45,-18.442164649365417,0.0070580476893509,0.0361701179608897,0.3700775612900542,0.2400003564670552,0.385874992944923,0.3314044504911819,Médio,1,3,0,0,0.0104506352091812,0.014518825273948894,-0.029585835956148415,-1.4199999999999946,1.3061729790990633,1.0
2023-01-06,0.0070332562551536,26.618045125387983,43.61,-16.991954874612016,-0.0004176830976984,0.0585588163285772,0.3574494193438009,0.2498429263774544,0.3529221593272234,0.3095639400258985,Médio,1,4,0,0,-0.0010990966366733,0.017346143068340994,0.011937159381734293,-1.8400000000000034,1.4502097747534002,1.0
2023-01-07,-0.0004177703515806,25.40786926100323,42.02,-16.612130738996772,0.0108749218730175,0.1123169438317899,0.3618239839655988,0.247364634489662,0.3434311659231202,0.2810428970990175,Médio,1,5,0,0,0.0070332562551536,0.019894958401488493,0.010325891392656494,-1.5899999999999963,0.37982413561524453,1.0
2023-01-08,0.0108162151473543,25.61307032477777,42.79,-17.176929675222233,0.0029443309514396,0.1636039124629329,0.3441632711207429,0.20724399996964,0.3568829209537925,0.188838282491127,Médio,1,6,0,0,-0.0004177703515806,0.016105563311406796,0.012194280988399793,0.769999999999996,-0.5647989362254613,1.0
2023-01-09,0.0029400048985379,25.633582234078307,44.06,-18.42641776592169,0.0152751209959565,0.2198511374260257,0.3821132058776617,0.2266428613840985,0.3367477264868503,0.1730344051143713,Médio,1,0,0,0,0.0108162151473543,0.026783239623435193,0.041055365182924394,1.2700000000000031,-1.249488090699458,1.0
2023-01-10,0.0151596309333654,26.158983380392463,45.47,-19.31101661960753,0.0288177167607188,0.1967150325733087,0.3087893462747397,0.2996761590444399,0.2497434156734894,0.1728759118060898,Médio,1,1,0,0,0.0029400048985379,0.019272609312791893,0.016593765350003894,1.4099999999999966,-0.8845988536858371,1.0
2023-01-11,0.0284102951545734,27.857716230452656,47.55,-19.69228376954734,0.0503453664495749,0.1807023918730488,0.2887920032368702,0.2697553287418228,0.205198497931814,0.2259260580295889,Médio,1,2,0,0,0.0151596309333654,0.0355313368828306,0.03595800013315649,2.0799999999999983,-0.3812671499398128,1.0
2023-01-12,0.0491190305151335,30.70338400288533,51.42,-20.71661599711468,0.0574845781365571,0.1214111601974254,0.2592528527661724,0.204878116075986,0.160024980606602,0.2794591284803323,Baixo,1,3,0,0,0.0284102951545734,0.056908375782250394,0.06456088818913669,3.8700000000000045,-1.0243322275673385,0.0
2023-01-13,0.0558930485095537,36.365880398947866,61.12,-24.75411960105213,0.0514254634092004,0.0375042461092594,0.1785714106515752,0.1498463874328213,0.0930019603602809,0.2378523643490395,Baixo,1,4,0,0,0.0491190305151335,0.1064451766489645,0.1162352825613174,9.699999999999996,-4.037503603937449,0.0
2023-01-14,0.0501468276844181,39.36787996368788,73.62,-34.25212003631213,-0.0039809266749765,0.0055676662091768,0.1182051756818924,0.0800752281564425,0.0390862861800476,0.1589478747711754,Baixo,1,5,0,0,0.0558930485095537,0.1515220100111639,0.1687000575140519,12.500000000000007,-9.49800043526,0.0
2023-01-15,-0.0039888716561739,36.4793223373585,70.2,-33.7206776626415,0.0150516254222266,0.0860364612030759,0.1176408020506432,0.1049009414752173,0.0636437246963563,0.1977471671897084,Baixo,1,6,0,0,0.0501468276844181,0.1987288327970441,0.21908509196009418,-3.4200000000000017,0.5314423736706289,0.0
2023-01-16,0.0149394736852506,36.72606159936736,64.92,-28.193938400632646,-0.0023997375582056,0.0754236948122903,0.0824737499203469,0.0860960131032089,0.1481380085104775,0.2930983944320802,Baixo,1,0,0,0,-0.0039888716561739,0.1795803302075048,0.20992429049023667,-5.280000000000001,5.526739262008853,0.0
2023-01-17,-0.002402621543175,36.72696609117722,63.35,-26.623033908822784,-0.0216391819940656,0.0744302882306489,0.0770155965442793,0.0917609384707029,0.1127481155496548,0.2731361199840452,Baixo,1,1,0,0,0.0149394736852506,0.16610950873818198,0.2375345804486636,-1.5700000000000003,1.5709044918098627,0.0
2023-01-18,-0.0218767424205475,36.97948002694393,63.34,-26.36051997305607,0.0190603589317261,0.1082811388433884,0.12395085085361,0.1134147456144294,0.1882483688768499,0.352818792627918,Baixo,1,2,0,0,-0.002402621543175,0.11458785667987348,0.24469789330301608,-0.00999999999999801,0.26251393576671234,0.0
2023-01-19,0.0188809859816687,36.32494907525432,56.9,-20.575050924745675,0.0757237588620507,0.0740950255770922,0.0897611428468379,0.1267445883295943,0.1689649428448447,0.3153734483254466,Baixo,1,3,0,0,-0.0218767424205475,0.03681806574977229,0.21762777124202182,-6.440000000000005,5.7854690483103965,0.0
2023-01-20,0.0729936990967774,44.33509630145532,59.48,-15.14490369854468,0.0051325240292035,0.0173700248067583,-0.0384193731826723,0.0070118907443836,0.0707872737756432,0.2399174843308904,Médio,1,4,0,0,0.0188809859816687,0.005552224047022894,0.2380724914308077,2.5799999999999983,5.4301472262009955,1.0
2023-01-21,0.0051193975233281,44.37099186745119,65.79,-21.41900813254881,-0.0033212559061251,0.0099238266205223,-0.0508419451753567,0.0149923958294471,0.0903568583473604,0.196080944365562,Baixo,1,5,0,0,0.0729936990967774,0.08253479479997419,0.3149926049586505,6.310000000000009,-6.274104434004132,0.0
2023-01-22,-0.0033267835189935,44.37721255860746,61.99,-17.61278744139254,0.009184917306239,0.0161300834776296,-0.0372262844439904,0.0451288275259513,0.0768138637336466,0.2460612791682885,Médio,1,6,0,0,0.0051193975233281,0.07271471863805169,0.31562756155997246,-3.8000000000000043,3.8062206911562697,1.0
2023-01-23,0.0091429924751451,44.4755852137996,64.38,-19.9044147862004,-0.0123736442599093,0.0046320437938685,-0.0494365401272884,0.0249816180080246,0.0552336858457569,0.1980245631413242,Médio,1,0,0,0,-0.0033267835189935,0.07179055666223319,0.3089291533024779,2.3899999999999935,-2.2916273448078606,1.0
2023-01-24,-0.0124508352125872,44.6870444794152,61.33,-16.6429555205848,0.0189127415897836,0.0490176022593666,-0.0379500806127718,0.0353030479094804,0.0577615143271583,0.2134088929871529,Médio,1,1,0,0,0.0091429924751451,0.10281029155792579,0.3179336069422971,-3.049999999999997,3.2614592656156027,1.0
2023-01-25,0.0187361191606464,45.126351830481696,61.49,-16.363648169518306,-0.0022241070832323,-0.0101812848912489,-0.0373401951524958,0.0115303192324338,0.0053922346617267,0.2127888108637377,Médio,1,2,0,0,-0.0124508352125872,0.07147847036366989,0.2950321365205287,0.1600000000000037,0.2793073510664925,1.0
2023-01-26,-0.0022265840828143,44.91611381986511,57.0,-12.08388618013489,0.0028036063130034,0.0050187638664647,0.0571238589026776,-0.0033351224377599,0.0064068771146017,0.1788493088769276,Médio,1,3,0,0,0.0187361191606464,0.017220890427538903,0.3148673523178484,-4.490000000000002,4.279761989383417,1.0
2023-01-27,0.0027996835390564,44.80265134788313,55.0,-10.197348652116872,-0.0022345342148967,0.0285384169997955,0.0192232349953367,-0.0135060171204498,0.0208323943320145,0.18145449281794,Alto,1,4,0,0,-0.0022265840828143,0.009874908821396501,0.3056075119798805,-2.0,1.8865375280180174,2.0
2023-01-28,-0.0022370345118359,44.77281465476846,54.49,-9.717185345231542,0.0312605874227933,0.0202557486991044,0.0672109144927159,0.0094628756091841,0.0203925707782788,0.2313379027564219,Alto,1,5,0,0,0.0027996835390564,0.016001375879446403,0.3088249658705175,-0.509999999999998,0.4801633068853306,2.0
2023-01-29,0.0307819252058522,46.03900375514668,58.92,-12.88099624485332,-0.0385872472338398,-0.0130737123193623,0.037471095892142,-0.0328232732296365,-0.0253020979433331,0.1805313722764854,Médio,1,6,0,0,-0.0022370345118359,0.004621348892465403,0.2957717162113273,4.43,-3.1638108996217778,1.0
2023-01-30,-0.0393514588233174,48.0220734400733,56.4,-8.3779265599267,0.0130981352527692,0.021934929894003,0.0633313107992366,-0.045114923015927,0.0351710647656307,0.2470504224321665,Alto,1,0,0,0,0.0307819252058522,0.04785410931090481,0.32361363651864156,-2.520000000000003,4.50306968492662,2.0
2023-01-31,0.0130130964408873,48.21074476880728,58.82,-10.60925523119272,0.0262714198795854,-0.0083121694883445,0.0742512582631966,-0.0648619056411792,0.014710836220164,0.2303814075856005,Médio,1,1,0,1,-0.0393514588233174,-0.010233468673059,0.2691025467619588,2.4200000000000017,-2.23132867126602,1.0
2023-02-01,0.0259322535565358,49.0378571945747,58.04,-9.0021428054253,-0.0102693924743371,-0.0408778451298758,0.0303168713494399,-0.0787990052526771,-0.0580769285870188,0.1870506719432207,Alto,2,2,1,0,0.0130130964408873,0.0050062118506426015,0.2537053480482727,-0.7800000000000011,1.6071124257674185,2.0
2023-02-02,-0.0103224864935691,49.16983973861374,57.71,-8.540160261386262,-0.0024283769297378,-0.0105785957135571,0.0295147418316876,-0.0726043831692702,-0.048634378562847,0.1835357406507063,Alto,2,3,0,0,0.0259322535565358,0.028138781868122,0.230518571089675,-0.3299999999999983,0.4619825440390386,2.0
2023-02-03,-0.0024313302190962,49.04186412390907,54.25,-5.208135876090928,-0.0044836312889693,-0.0200111813382611,0.0216926497637834,-0.0707552524549866,-0.0427477071855034,0.2020139211929037,Alto,2,4,0,0,-0.0103224864935691,0.020053329886388797,0.1643030360865522,-3.460000000000001,3.332024385295334,2.0
2023-02-04,-0.0044937129098707,49.06540871355036,54.16,-5.094591286449635,-0.0168874138117293,-0.0656106870883498,-0.0060681172417695,-0.0483134449415351,-0.0393040806212928,0.2076222068655677,Alto,2,5,0,0,-0.0024313302190962,-0.013159925538559603,0.11172487818303792,-0.09000000000000341,0.11354458964129321,2.0
2023-02-05,-0.0170316321398212,49.36282532975802,55.23,-5.86717467024198,-0.0074299336630195,-0.0570237270368217,0.0097745990369297,0.0606612941837734,-0.032047829952675,0.2224275070193881,Alto,2,6,0,0,-0.0044937129098707,0.021697820374887097,0.11122003692934111,1.0700000000000003,-0.7725833837923446,2.0
2023-02-06,-0.0074576731070363,49.4311036817469,54.56,-5.128896318253098,0.0209967964882622,-0.0395373622955631,0.034808536137475,0.0331773459177631,-0.0464394979114791,0.2259771765164842,Alto,2,0,0,0,-0.0170316321398212,-0.008346908205821405,0.07924893110426931,-0.6699999999999946,0.7382783519888818,2.0
2023-02-07,0.0207794015559237,49.81700340743252,53.31,-3.4929965925674864,-0.0119386621435203,-0.062688948497577,0.0108272383593095,0.0572066990068182,-0.123846085662676,0.2021440195245705,Alto,2,1,0,0,-0.0074576731070363,-0.04173683486939351,0.07419387954040801,-1.25,1.6358997256856114,2.0
2023-02-08,-0.0120105003106417,49.98232548925012,52.99,-3.0076745107498795,-0.0508056438618648,-0.0517802551931367,0.0077764229412533,0.0726799634194139,-0.1224713669816661,0.2334520750772981,Alto,2,2,0,0,0.0207794015559237,-0.010634946819900709,0.1168500235168792,-0.3200000000000003,0.48532208181760694,2.0
2023-02-09,-0.0521417003525174,52.92498653279571,51.95,0.974986532795704,-0.0078526909321973,0.0185118150516028,0.0840792150979408,0.1135699325804548,-0.0615066284033793,0.3597386718418451,Alto,2,3,0,0,-0.0120105003106417,-0.020214116911446207,0.08595853722456881,-1.0399999999999991,3.9826610435455834,2.0
2023-02-10,-0.0078836856777029,52.06163137125535,48.69,3.371631371255347,0.0109760885337886,0.12480167804306,0.085091969134144,0.1487621611648268,0.0171984616088922,0.3965389437040785,Alto,2,4,0,0,-0.0521417003525174,-0.06786210435409291,-0.039176862224726,-3.260000000000005,2.3966448384596433,2.0
2023-02-11,0.0109162884567473,49.30891685505711,47.13,2.1789168550571105,-0.003613942563882,0.0757080029548247,0.0224946312301173,0.1184495861644685,0.1029582550983303,0.3670898408465619,Alto,2,5,0,0,-0.0078836856777029,-0.058714157891974615,-0.052179945425757004,-1.5599999999999952,-1.1927145161982367,2.0
2023-02-12,-0.0036204886304742,45.30864613379184,47.5,-2.1913538662081606,-0.0004393225343538,0.1279144712016504,0.0258465795733842,0.1101138749716528,0.1325252920324244,0.3943482097032897,Alto,2,6,0,0,0.0109162884567473,-0.04034019632819101,-0.0379368734500162,0.36999999999999744,-4.370270721265271,2.0
2023-02-13,-0.0004394190647714,41.79642585067285,50.65,-8.853574149327152,0.0195586748764693,0.1312567253468246,0.0301401168459403,0.0994871399198216,0.1153528731783868,0.3992363358634185,Alto,2,0,0,0,-0.0036204886304742,-0.06474008651458892,-0.0507003545556355,3.1499999999999986,-6.662220283118991,2.0
2023-02-14,0.01936986197704,42.3161159531576,49.17,-6.853884046842403,0.095685824762701,0.0933304023812784,0.0094667348953865,0.044389959567276,0.1260792870579246,0.3646535290344435,Alto,2,1,0,0,-0.0004394190647714,-0.05316900526871861,-0.0386889384078197,-1.4799999999999969,1.9996901024847489,2.0
2023-02-15,0.0913804911936594,52.720619958469214,52.67,0.0506199584692126,-0.0331494960748722,0.0213019624610211,-0.0874069079779066,-0.0479763855114587,0.1262569350087672,0.2458718839995808,Alto,2,2,0,0,0.01936986197704,0.01834255706083879,-0.0380551955914261,3.5,6.904504005311615,2.0
2023-02-16,-0.0337113932826645,54.0095408068188,58.8,-4.790459193181199,0.044742857726004,0.0397334435480989,-0.0770601912090118,0.0015788095104456,0.1441368465990751,0.2514082997841627,Alto,2,3,0,0,0.0913804911936594,0.11760673393220109,0.0555518796850476,6.1299999999999955,-4.841079151650412,2.0
2023-02-17,0.0437707859750721,55.60486276174831,60.77,-5.165137238251695,0.0025225916026758,-0.0157818670515268,-0.1712558053591436,-0.0438698134348556,0.1384983376048076,0.2364691531979892,Alto,2,4,0,0,-0.0337113932826645,0.07297905219278927,0.019040802863326697,1.970000000000006,-0.37467804507049607,2.0
2023-02-18,0.0025194152091865,55.220466203071375,58.37,-3.1495337969286226,-0.0146228780100642,-0.0280834444694796,-0.1819287551330691,-0.0605059688737594,0.1252462756704198,0.1690954228146775,Alto,2,5,0,0,0.0437707859750721,0.12037032679833559,0.0650486233502347,-2.4000000000000057,2.015603441323073,2.0
2023-02-19,-0.0147308461197347,49.26917437471282,59.94,-10.67082562528718,0.0235022099757085,-0.0447627201323677,-0.1572209843867935,-0.0264830403728446,0.1579494029275174,0.1636424387848265,Médio,2,6,0,0,0.0025194152091865,0.12332916107229348,0.036786113353568996,1.5700000000000003,-7.521291828358557,1.0
2023-02-20,0.0232302853505922,49.899096430892165,60.75,-10.850903569107835,-0.0157007028363027,-0.0678333641947975,-0.1145264912125335,-0.0554250428705992,0.0969628293790405,0.097440645353471,Médio,2,0,0,0,-0.0147308461197347,0.08922845297551879,0.06140672605715168,0.8100000000000023,-0.18007794382065612,1.0
2023-02-21,-0.0158252643940644,50.19007230194285,60.82,-10.629927698057152,-0.0110399244892884,-0.036696553596901,-0.0138507191184745,-0.0857928297540994,0.1571742537264602,0.1376029765877533,Médio,2,1,0,0,0.0232302853505922,0.021078247132451586,0.07162391496685659,0.07000000000000028,0.22097587105068328,1.0
2023-02-22,-0.0111013167175208,50.238101308855335,56.83,-6.591898691144664,-0.0100077701748516,-0.0285383345856312,0.0201883946918002,-0.0759086948628764,0.1353168300167768,0.1409461748946849,Alto,2,2,0,0,-0.0158252643940644,0.03896437602105168,0.02986639701625639,-3.990000000000002,4.038029006912488,2.0
2023-02-23,-0.0100581845457686,50.17284441023991,54.93,-4.757155589760089,-0.0315331534406563,-0.0333593704313247,0.0144301217199522,-0.0630721547856743,0.1471478935013075,0.1491520538675532,Alto,2,3,0,0,-0.0111013167175208,-0.015907726671541212,0.02908756679230469,-1.8999999999999986,1.834743101384575,2.0
2023-02-24,-0.0320410284614873,50.98539529146628,50.49,0.4953952914662736,-0.0012171510470647,0.0191362713168565,0.0782172662062885,-0.0334388743897532,0.2062842431558975,0.2206355840276312,Alto,2,4,0,0,-0.0100581845457686,-0.02848532642649631,0.02146071246563229,-4.439999999999998,5.252550881226362,2.0
2023-02-25,-0.0012178923770018,50.98124961743652,50.29,0.6912496174365188,0.0171774753887257,0.0133112695172574,0.1830136541453646,-0.0414175886673054,0.17134464766052,0.2270675867024627,Alto,2,5,0,0,-0.0320410284614873,-0.04579550876824891,-0.006086603085984309,-0.20000000000000284,0.1958543259702452,2.0
2023-02-26,0.0170316105816872,51.31692422750025,51.34,-0.0230757724997516,-0.0026644194295442,-0.0509665737629404,0.1423333198895344,-0.0785150404269184,0.1573442412072248,0.2512399781785916,Alto,2,6,0,0,-0.0012178923770018,-0.07024368649584291,0.009727136676835092,1.0500000000000043,-0.7143253899362704,2.0
2023-02-27,-0.0026679753126395,51.31942992066952,50.44,0.8794299206695229,-0.0149207669475129,-0.0487619449780756,0.1907356901833765,-0.1332308023679459,0.2067295842983745,0.2477263623628209,Alto,2,0,0,0,0.0170316105816872,-0.03738681152009131,0.034216420365558595,-0.9000000000000057,0.9025056931692744,2.0
2023-02-28,-0.0150332013979481,50.45689016124996,50.37,0.0868901612499613,0.0210616652197754,-0.0307381910561814,0.1977151939129453,-0.1292427436859297,0.2111766833451662,0.2631143867939816,Alto,2,1,0,1,-0.0026679753126395,-0.028953470115210007,0.010769043496995395,-0.07000000000000028,-0.7925397594195616,2.0
2023-03-01,0.0208429342438966,49.09529292409868,54.71,-5.614707075901322,-0.006925820296018,-0.051587944798271,0.1894496459219339,-0.1342944698816749,0.2046805256428867,0.2371766522197116,Alto,3,2,1,0,-0.0150332013979481,-0.03392848696738951,0.007746342409688996,4.340000000000003,-5.701597237151283,2.0
2023-03-02,-0.0069499151047281,48.9450848600347,53.72,-4.774915139965302,-0.0473456147199355,-0.0540099176145904,0.1613295706174047,-0.0625693576733664,0.2125438732563629,0.1961592682307336,Alto,3,3,0,0,0.0208429342438966,0.018955475737994394,0.080730977006103,-0.990000000000002,0.8397919359360202,2.0
2023-03-03,-0.0485031008319871,50.99048665072751,52.2,-1.2095133492724983,-0.0003475835117475,-0.0290279203054083,0.2657680790396852,0.0786934438681705,0.2602416354050265,0.2825187413271874,Alto,3,4,0,0,-0.0069499151047281,0.013223453010268093,0.0816647475790778,-1.519999999999996,3.5654017906928033,2.0
2023-03-04,-0.0003476439328977,50.86335022613836,51.57,-0.706649773861642,0.0037441987741295,-0.0887988626442446,0.2285764660974816,0.1039909033019386,0.2440387943205602,0.2989089600775421,Alto,3,5,0,0,-0.0485031008319871,-0.052311258403406204,0.02224535829034341,-0.6300000000000026,0.5028635754108564,2.0
2023-03-05,0.0037372067095843,50.87298363068987,50.84,0.0329836306898698,-0.0009023532516817,-0.1016284266240576,0.2243716518414424,0.0827195785689318,0.2556918695475394,0.2856821861914984,Alto,3,6,0,0,-0.0003476439328977,-0.0499909270236644,0.025518202987919902,-0.7299999999999969,0.7396334045515117,2.0
2023-03-06,-0.0009027606174541,50.84980578670285,51.78,-0.930194213297149,-0.0094618473895582,-0.0872052655064703,0.24801651048639,0.1155189647478802,0.2570285586791609,0.3166269522534584,Alto,3,0,0,0,0.0037372067095843,-0.031220518916132003,0.029694828762275603,0.9399999999999977,-0.9631778439870188,2.0
2023-03-07,-0.0095068950488123,50.610339556527606,51.46,-0.8496604434723949,-0.0221876244483727,-0.0090481287469659,0.2219550805569521,0.2341282712465471,0.2629007350224976,0.2995878900583657,Alto,3,1,0,0,-0.0009027606174541,-0.05296621377748271,0.009422206167781505,-0.3200000000000003,0.08053376982475413,2.0
2023-03-08,-0.0224374723911691,51.1457880539041,50.12,1.025788053904101,-0.0618840253871839,0.1109417731223141,0.2559556498278772,0.2396657243529734,0.2856836811416863,0.3098144981166011,Alto,3,2,0,0,-0.0095068950488123,-0.05552319372156691,-0.0914651800746902,-1.3400000000000034,1.875448497376496,2.0
2023-03-09,-0.0638816973065751,55.31603723274151,54.39,0.926037232741507,-0.0103883564758656,0.211577617764664,0.3922155835660355,0.3737632733562448,0.3720694501876513,0.3588297346752958,Alto,3,3,0,0,-0.0224374723911691,-0.02945756528074891,-0.08019125918319481,4.270000000000003,-0.09975082116259415,2.0
2023-03-10,-0.0104426920836925,55.27731025170812,54.2,1.07731025170812,0.0151379431672067,0.205202402498376,0.3909464142418946,0.3754868939971783,0.4055975254445381,0.3710830745746176,Alto,3,4,0,0,-0.0638816973065751,-0.0929916186544263,-0.18784374246484198,-0.18999999999999773,0.15127301896661294,2.0
2023-03-11,0.0150245078577906,52.46201925219338,59.82,-7.357980747806621,0.0753519918379839,0.2220918050834655,0.3915592354807187,0.3739656321236153,0.4488527175515124,0.3491940888934299,Alto,3,5,0,0,-0.0104426920836925,-0.1071715174477031,-0.20080584975772098,5.619999999999997,-8.435290999514741,2.0
2023-03-12,0.0726480422526171,58.19644638448656,58.87,-0.6735536155134412,0.0962112750265828,0.2453967816681372,0.2934758247788005,0.2388431934922361,0.3729267162822751,0.2260074164287944,Alto,3,6,0,0,0.0150245078577906,-0.0912442489724584,-0.1710504957801957,-0.9500000000000028,6.684427132293179,2.0
2023-03-13,0.0918599391330703,66.32481796345499,62.24,4.084817963454988,0.0230962100866403,0.115869215061451,0.1683037869274779,0.1734270623734111,0.2394755962225279,0.1112046042296672,Alto,3,0,0,0,0.0726480422526171,-0.009089311671029013,-0.12163273887817079,3.3700000000000045,4.758371578968429,2.0
2023-03-14,0.0228335295528605,66.78937069258946,63.46,3.329370692589457,-0.0155956062343511,0.1338631988686041,0.1268560190122498,0.1128501715212677,0.2311850512415481,0.0853196197387882,Alto,3,1,0,0,0.0918599391330703,0.10520809985321039,-0.013947535351036086,1.2199999999999989,-0.7554472708655311,2.0
2023-03-15,-0.0157184970805925,67.01385579349018,64.15,2.863855793490174,0.0293638303426795,0.1412911981803253,0.1597572394573587,0.1308298806785568,0.2545234512877146,0.1083750657795588,Alto,3,2,0,0,0.0228335295528605,0.191923326712646,0.01998731091934521,0.6900000000000048,-0.4655148990992828,2.0
2023-03-16,0.0289409709791094,67.43229274743315,62.45,4.982292747433149,0.0958586779034817,0.1242736645548303,0.1268553905430585,0.1187765962978992,0.2118627389016585,0.0865386230848066,Alto,3,3,0,0,-0.0157184970805925,0.18664752171574597,0.014326998384521308,-1.7000000000000028,2.1184369539429753,2.0
2023-03-17,0.0915382366931726,67.4583186042892,66.59,0.8683186042892004,-0.0178002440579767,-0.0052622491661838,0.0233139977798972,-0.0098637969595326,0.1062057380271603,-0.0131881104415274,Alto,3,4,0,0,0.0289409709791094,0.2005639848370648,0.075308997825118,4.140000000000001,-4.113974143143949,2.0
2023-03-18,-0.0179605738579611,66.7203356583388,67.25,-0.5296643416612028,0.0395941799105006,0.0515811768396086,0.0371212625183545,0.0131405790729643,0.0937575373994377,0.0185123175740287,Alto,3,5,0,0,0.0915382366931726,0.2194541792776203,0.1680651268952924,0.6599999999999966,-1.3979829459504032,2.0
2023-03-19,0.0388304253763957,66.34721912044097,73.34,-6.992780879559035,-0.0091467196608714,-0.018532242133181,-0.0012329803842079,0.0134319431649307,0.0860526645996637,-0.0411681032371723,Alto,3,6,0,0,-0.0179605738579611,0.10963366628658887,0.1330729424556441,6.090000000000003,-6.463116537897832,2.0
2023-03-20,-0.0091888077429893,66.4187777495391,68.23,-1.8112222504609008,0.0140152202564418,-0.0091662123728352,0.0218908893852547,0.0112393075587879,0.0389684890253314,-0.030189042757498,Alto,3,0,0,0,0.0388304253763957,0.12563056211012408,0.17457134314467931,-5.109999999999999,5.181558629098134,2.0
2023-03-21,0.0139179151711749,66.39744337100059,70.06,-3.662556628999411,-0.0304033342975584,-0.0048894396713522,0.0545043367002935,0.0128049806674643,0.0049164806708446,-0.0356884264877975,Alto,3,1,0,0,-0.0091888077429893,0.13216025144772728,0.1804157367996381,1.8299999999999983,-1.8513343785385104,2.0
2023-03-22,-0.0308751025112408,66.77533195909807,63.89,2.8853319590980675,0.0383267091042998,-0.0046258903811498,0.1082328445556248,0.0440997146156632,0.0004355808251963,-0.0184650307860602,Alto,3,2,0,0,0.0139179151711749,0.11713719563979279,0.1734907177269164,-6.170000000000002,6.547888588097479,2.0
2023-03-23,0.0376104838761249,67.82756284332602,66.43,1.397562843326014,-0.0297200146596213,-0.0365550455003126,0.0562868677287233,-0.0043660791626628,-0.016912990481495,-0.0511086427091884,Alto,3,3,0,0,-0.0308751025112408,-0.005276143564620611,0.1495655303204037,2.5400000000000063,-1.4877691157720534,2.0
2023-03-24,-0.0301706044537672,68.52979737550837,65.06,3.469797375508364,0.0003088750210802,0.0325677385139833,0.1063349611192638,0.0125855643907895,0.0049583911108099,-0.0085545268220439,Alto,3,4,0,0,0.0376104838761249,0.05029491416946539,0.2356791150285157,-1.3700000000000045,2.07223453218235,2.0
2023-03-25,0.0003088273290112,68.44001805411067,61.59,6.850018054110663,0.0183920518371114,0.0205942915819312,0.1093830051032391,0.0255806459247822,0.0017470810674016,-0.0412898104537204,Alto,3,5,0,0,-0.0301706044537672,-0.018706115660697513,0.20585615450764622,-3.469999999999999,3.380220678602299,2.0
2023-03-26,0.018224963671601,67.81991759865943,63.23,4.589917598659433,-0.0301465422151347,0.0177813612318342,0.0832035125795327,0.007221096930247,0.0118971469230069,-0.053427393043133,Alto,3,6,0,0,0.0003088273290112,-0.009208480588697013,0.2024277751270731,1.6399999999999935,-2.26010045545123,2.0
2023-03-27,-0.0306102933461951,68.6539235347228,62.12,6.533923534722796,0.0050197401576632,0.0489520518224759,0.1172258267400703,0.0335083139446361,0.0475717707450458,-0.0154466871963815,Alto,3,0,0,0,0.018224963671601,-0.004901432088270912,0.2215554994161282,-1.1099999999999994,1.9440059360633635,2.0
2023-03-28,0.0050071832660621,68.41870415768945,60.13,8.288704157689445,0.0398931516627922,0.0334102806676332,0.0795713447784698,0.0236696505309585,0.0811303444802422,-0.0149223783219073,Alto,3,1,0,0,-0.0306102933461951,-0.0046366229232252115,0.2004521011187454,-1.9899999999999949,1.7547806229666483,2.0
2023-03-29,0.039117969089514,69.75979690277762,64.49,5.269796902777628,-0.011290504645732,-0.0193519256682869,0.0716582123984959,-0.0144705558651925,0.0339734590067941,-0.0100040213626069,Alto,3,2,0,0,0.0050071832660621,-0.03723992353328801,0.22789675677597662,4.359999999999992,-3.0189072549118166,2.0
2023-03-30,-0.0113547262470763,69.67509888538524,62.74,6.935098885385237,0.015585191231934,0.0048857360696406,0.0274209885427454,0.0105331959970786,0.0428820205697553,-0.0104225944064849,Alto,3,3,0,0,0.039117969089514,0.03204865000999319,0.3308964231720657,-1.749999999999993,1.665301982607609,2.0
2023-03-31,0.0154649894422888,69.50440652845235,58.52,10.984406528452348,-0.0004436971814163,-0.0103757690048537,-0.0077887650112276,0.0411721474803059,0.0269748915875294,-0.0270841471880207,Alto,3,4,0,1,-0.0113547262470763,0.020385096433905694,0.32998438900868193,-4.219999999999999,4.049307643067111,2.0
2023-04-01,-0.0004437956441369,69.46229069850311,58.17,11.292290698503107,-0.0098711090289052,-0.0147230160339623,-0.0418198886363452,0.0614243343257394,-0.0135125873685935,-0.0436647028246498,Alto,4,5,1,0,0.0154649894422888,0.017625122204593488,0.3304248705931801,-0.3500000000000014,0.30788417005075885,2.0
2023-04-02,-0.0099201514277657,67.45929113515228,60.28,7.179291135152283,-0.0132000467132639,-0.0094257143739481,-0.0126019323530883,0.0609189237349172,0.0176768528322757,-0.0480599974371598,Alto,4,6,0,0,-0.0004437956441369,0.047791619906651685,0.25733303269642616,2.1099999999999994,-4.112999563350824,2.0
2023-04-03,-0.0132879416650637,67.61822140399502,61.83,5.788221403995024,0.0131464028776979,0.0049776978417266,-0.0075323741007194,0.0925841726618705,0.0441064748201438,-0.0200507194244604,Alto,4,0,0,0,-0.0099201514277657,0.03286428521282389,0.1555529421355901,1.5499999999999972,-1.391069731157259,2.0
2023-04-04,0.0130607388888046,67.75897604876178,59.65,8.108976048761782,0.000161190280155,0.0056200020805616,-0.0232390938265898,0.0817121106091962,0.0238834999025401,-0.0389217719427369,Alto,4,1,0,0,-0.0132879416650637,-0.01954162554175381,0.11943147091766591,-2.1799999999999997,2.320754644766758,2.0
2023-04-05,0.0001611772903976,67.75826768996804,58.02,9.738267689968032,-0.0048345740736336,0.0520883734155579,0.0046425258634981,0.0754376729010746,0.0474121237443652,-0.0374440761646871,Alto,4,2,0,0,0.0130607388888046,0.004873839594127089,0.148210706887063,-1.6299999999999955,1.6292916412062493,2.0
2023-04-06,-0.0048462984303144,67.69818325630678,57.06,10.638183256306776,-0.0045477212880726,0.0772852219212365,0.0136074926642177,0.0810032310972961,0.0290499118564648,-0.0822442321453158,Alto,4,3,0,0,0.0001611772903976,-0.01042997255776411,0.11943091319835121,-0.9600000000000009,0.8999155663387448,2.0
2023-04-07,-0.0045580936314943,67.26306491915248,54.5,12.763064919152484,0.001148484949472,0.0710139957493514,0.0561320675273315,0.0546091155662531,0.0187688599683295,-0.024232853263041,Alto,4,4,0,0,-0.0048462984303144,-0.014832475343941609,0.02304637807486421,-2.5600000000000023,2.1248816628457075,2.0
2023-04-08,0.0011478259451552,63.46632332591792,55.26,8.206323325917921,0.0137939279228072,0.0871725561754117,0.0491553196713625,0.0873933993309561,-0.0096494499681083,-0.057234528272577,Alto,4,5,0,0,-0.0045580936314943,-0.00947041754767021,0.03644885830133101,0.759999999999998,-4.5567415932345625,2.0
2023-04-09,0.0136996576150219,63.54164731845032,58.56,4.981647318450321,0.0463773171358605,0.0756668606145511,0.0320116396975542,0.0167117642572878,-0.0245550025844025,-0.0644388315675601,Alto,4,6,0,0,0.0011478259451552,0.0049653500625486905,-0.0012337411299094899,3.3000000000000043,-3.2246760074676004,2.0
2023-04-10,0.0453340244367836,65.26961436533617,62.16,3.1096143653361707,0.0189990059836677,0.0221932872518249,-0.0136358391137666,-0.0470248004712973,-0.0687845130500915,-0.1066063958506396,Alto,4,0,0,0,0.0136996576150219,0.005604268788765991,0.02165472422810171,3.5999999999999943,-1.8720329531141502,2.0
2023-04-11,0.0188207787579409,60.50698091327676,60.18,0.3269809132767634,-0.0103425713947024,0.0034512765054262,-0.0706003426442414,-0.0972695081724028,-0.1070117567901373,-0.1443426945717972,Alto,4,1,0,0,0.0453340244367836,0.050777115935151995,0.05307083349371042,-1.9799999999999969,-2.7826334520594074,2.0
2023-04-12,-0.0103964274481094,51.454753026857006,55.87,-4.415246973142992,0.0162529731762539,-0.0153171482802335,-0.0407590720979975,-0.0692992220641881,-0.1034881141539082,-0.1325786509466821,Alto,4,2,0,0,0.0188207787579409,0.0744441931234073,0.10276671476289212,-4.310000000000002,-4.742227886419755,2.0
2023-04-13,0.0161223075102938,51.14472525016328,55.47,-4.325274749836716,0.0030648084009134,0.0002031353296125,-0.0443697602937264,-0.0916327998040419,-0.1184756356127509,-0.1471216678562869,Alto,4,3,0,0,-0.0103964274481094,0.0686058593067922,0.054759803438657814,-0.3999999999999986,0.08997222330627608,2.0
2023-04-14,0.0030601214496096,50.8612025618778,53.46,-2.5987974381222045,-0.0056402138318498,-0.0548079507846704,-0.0534602600261988,-0.0970232314184592,-0.1164971331210594,-0.1487737688044053,Alto,4,4,0,0,0.0161223075102938,0.08358034087193081,0.10105271540271882,-2.009999999999998,1.7264773117145111,2.0
2023-04-15,-0.0056561799008825,49.88836325944518,53.81,-3.921636740554824,0.0003155626868909,-0.0677152634304766,-0.0260596684149146,-0.065829149211968,-0.1034144476877276,-0.1705388562965154,Alto,4,5,0,0,0.0030601214496096,0.0729408047065185,0.10380400952331721,0.3500000000000014,-1.3228393024326195,2.0
2023-04-16,0.0003155129074583,38.33256621427961,56.4,-18.06743378572039,-0.0288529978072672,-0.1003743649901913,-0.048060281177971,-0.0623455476304791,-0.1079309610901297,-0.1552949794833465,Médio,4,6,0,0,-0.0056561799008825,0.021950600368852394,0.07992286595083371,2.5899999999999963,-14.145797045165565,1.0
2023-04-17,-0.0292774295720322,39.1717613718321,55.6,-16.428238628167904,0.0322708558229332,-0.0548217872279119,-0.0339843976966572,0.0014440914065687,-0.0687951554640851,-0.1048332210339898,Médio,4,0,0,0,0.0003155129074583,0.003445334518369793,0.11084867220448712,-0.7999999999999972,1.6391951575524857,1.0
2023-04-18,0.0317610898162718,38.388943079478246,55.63,-17.241056920521757,-0.0521036694852964,-0.0918172837994457,-0.0892435519277313,-0.0351648995507242,-0.1171405144369603,-0.1271566401722711,Médio,4,1,0,0,-0.0292774295720322,-0.015435667605553007,0.07656405936639281,0.030000000000001137,-0.8128182923538532,1.0
2023-04-19,-0.0535101387040663,42.56536788031989,55.71,-13.14463211968011,-0.0192189491302943,-0.0446631778894401,-0.0405884620326352,0.0150483902892999,-0.0665636470339027,-0.085325605703352,Médio,4,2,0,0,0.0317610898162718,0.00020311470042499308,0.0692071800931506,0.0799999999999983,4.096424800841646,1.0
2023-04-20,-0.0194060340625738,42.8259459660255,56.11,-13.2840540339745,-0.0347267438875641,0.0020231096193303,-0.0228334510589106,0.0350365480382315,-0.0404062506085438,-0.0495438797747459,Médio,4,3,0,0,-0.0535101387040663,-0.0563671454532509,0.027051767636160608,0.3999999999999986,-0.13942191429439,1.0
2023-04-21,-0.0353440507714546,43.244265063520565,54.82,-11.575734936479437,0.0203210670641795,0.0422718249456035,-0.0107919791188298,0.0295427769080549,-0.0188923824517182,0.0383360647680139,Médio,4,4,0,0,-0.0194060340625738,-0.07011699961494221,-0.007819255868701991,-1.2899999999999991,1.708319097495064,1.0
2023-04-22,0.0201173493975318,41.79955146760154,54.53,-12.730448532398462,-0.0081335593354388,0.0595293859657006,-0.0367345691550266,0.0306652262926967,-0.0347839528918622,0.0782633547651874,Médio,4,5,0,0,-0.0353440507714546,-0.1057765632938551,-0.04271951099601969,-0.28999999999999915,-1.1547135959190253,1.0
2023-04-23,-0.0081668171884152,40.55327778402719,54.22,-13.666722215972811,-0.0028875776532586,0.0623799409943968,-0.0295506440599334,0.052030764100817,-0.0134462461852948,0.0831558574297042,Médio,4,6,0,0,0.0201173493975318,-0.056381784324291105,-0.012682010170722194,-0.3100000000000023,-0.936273683574349,1.0
2023-04-24,-0.0028917547486732,40.56567689182607,52.72,-12.154323108173926,0.0287107705919065,0.0625031578358128,-0.02156633745206,0.0482437343993822,-0.0429618337148181,0.1155020931680608,Médio,4,0,0,0,-0.0081668171884152,-0.0963096913289781,-0.007560885694073694,-1.5,1.5123991077988848,1.0
2023-04-25,0.0283063392000716,41.26315449435362,52.38,-11.11684550564638,0.0040458234558116,0.0329467834643484,-0.0402338591961567,0.0425719564718864,-0.0645565017796323,0.0786776623550085,Médio,4,1,0,0,-0.0028917547486732,-0.04569130737358501,-0.023513379331551492,-0.3399999999999963,1.037477602527547,1.0
2023-04-26,0.0040376611202662,39.88271502462821,55.47,-15.587284975371787,0.037215175351017,-0.012212791071286,-0.048616431505714,0.0152351075776457,-0.0601566973273897,0.0720517017422661,Médio,4,2,0,0,0.0283063392000716,0.0020210658890603937,0.004631782578122509,3.0899999999999963,-4.470439469725408,1.0
2023-04-27,0.0365394056503652,41.83325398045653,55.07,-13.236746019543467,-0.00546504451397,-0.0272424342876492,-0.0701379612435478,-0.0353774009025958,-0.0888447200585489,0.0269815154802213,Médio,4,3,0,0,0.0040376611202662,0.04140277778078119,0.013515742128703108,-0.3999999999999986,2.35053895582832,1.0
2023-04-28,-0.0054800325013604,39.59164887625836,50.73,-11.138351123741636,-0.0027719306624999,-0.0097415025399414,-0.0849633422831156,-0.0560496320581883,-0.0425325040853993,0.0471054220669562,Médio,4,4,0,0,0.0365394056503652,0.0578248340336146,0.05461324141056261,-4.340000000000003,2.0983948958018317,1.0
2023-04-29,-0.0027757795765594,39.40494431677123,50.68,-11.275055683228771,9.442208382015592e-05,-0.0134205939354338,-0.080402114917834,-0.054812019657583,-0.0511127950476301,0.0289752638088021,Médio,4,5,0,0,-0.0054800325013604,0.060511618720669395,0.04798538296404701,-0.04999999999999716,-0.13670455948713567,1.0
2023-04-30,9.441762633578725e-05,39.033987800165534,53.3,-14.266012199834464,-0.0398502251377799,0.0093181693012844,-0.0728890190300688,-0.0559110682679048,-0.0526391046347629,0.0415315321170683,Médio,4,6,0,1,-0.0027757795765594,0.0606275938927832,0.031509945772465714,2.6199999999999974,-2.990956516605692,1.0
2023-05-01,-0.0406659912079254,41.53108698821448,53.19,-11.658913011785522,0.0214334625659018,0.0277872586330609,-0.0470453102543584,-0.0391773483643089,-0.03056512943802,0.0856390812968099,Médio,5,0,1,0,9.441762633578725e-05,0.032415672319047385,-0.013729661037982106,-0.10999999999999943,2.6070991880489416,1.0
2023-05-02,0.0212069961651957,42.04254994327459,53.21,-11.167450056725414,0.0124276853810936,-0.0083627893543952,-0.0635018796743339,-0.0653944595474133,-0.0645950137182392,0.0668311599707847,Médio,5,1,0,0,-0.0406659912079254,-0.012287980009144214,-0.0732164310038484,0.020000000000003126,0.49146295506010773,1.0
2023-05-03,0.0123510956020622,42.00778014780267,52.92,-10.912219852197332,-0.0064769159957775,-0.0467636780063225,-0.062238684000915,-0.0775465993434888,-0.0614469843754736,0.0548081454798017,Médio,5,2,0,0,0.0212069961651957,-0.02762038949431372,-0.04161300739054331,-0.28999999999999915,0.25523020452808254,1.0
2023-05-04,-0.0064979822282647,41.821484500115446,51.9,-10.078515499884553,0.0231446805205326,-0.041954479758764,-0.087007978317618,-0.0665971754092494,-0.0613402519439519,0.0803809951813847,Médio,5,3,0,0,0.0123510956020622,-0.00978926139089112,-0.045384219298774904,-1.0200000000000031,0.833704352312779,1.0
2023-05-05,0.0228809046533425,42.57617010154656,51.67,-9.093829898453444,-0.0222808476083022,-0.0646270319440946,-0.1027540186425564,-0.0794245568893509,-0.081015101873847,0.0427342461314983,Médio,5,4,0,0,-0.0064979822282647,-0.01351146404259642,-0.05494232297664921,-0.22999999999999687,0.9846856014311083,1.0
2023-05-06,-0.0225328154308164,43.2625273031068,50.53,-7.267472696893201,-0.0144931052890648,-0.0651541517321705,-0.0742604391261847,-0.0628933520982245,-0.1081523283948392,0.0574250733147996,Alto,5,5,0,0,0.0228809046533425,0.009275022984410292,-0.026405238422424208,-1.1400000000000006,1.8263572015602438,2.0
2023-05-07,-0.0145991562586498,43.53217160604213,51.68,-8.147828393957866,-0.0267783089049985,-0.0575126362552365,-0.0554282257185165,-0.0360353991016563,-0.0422094892385181,0.0515415000298979,Médio,5,6,0,0,-0.0225328154308164,0.027408198761519287,-0.049253566760698905,1.1499999999999986,-0.8803556970646653,1.0
2023-05-08,-0.027143379896367,44.54805467679451,51.34,-6.791945323205496,-0.0014644659199046,-0.0322930637732984,0.0143197443762448,-0.030630540764522,-0.0480487220438624,0.0967122161829265,Alto,5,0,0,0,-0.0145991562586498,-0.008397953662326213,-0.03457529344731651,-0.3399999999999963,1.3558830707523697,2.0
2023-05-09,-0.0014655392981985,44.29397268851603,51.98,-7.686027311483969,-0.0010684708090662,-0.0257218421566026,0.0039137448707429,-0.0270740802808139,-0.0408878297482976,0.0961464470992936,Médio,5,1,0,0,-0.027143379896367,-0.04789242916075541,-0.09347976315995532,0.6399999999999935,-0.8940819882784723,1.0
2023-05-10,-0.0010690420309266,41.37691290043919,50.86,-9.483087099560812,-0.0228318311517732,-0.0158199193804067,0.0034657366728565,-0.0179834231622808,-0.0406156075909234,0.0928288418859548,Médio,5,2,0,0,-0.0014655392981985,-0.042859986230689213,-0.04143516375408751,-1.1199999999999974,-1.7970597880768437,1.0
2023-05-11,-0.0230965139643067,41.63958336191711,51.21,-9.57041663808289,-0.0064374817843849,0.0024183662345349,0.0089633804028532,-0.0081887764372073,-0.0418045120588298,0.1276650418152654,Médio,5,3,0,0,-0.0010690420309266,-0.0668099329149583,-0.02309817172244031,0.3500000000000014,-0.08732953852207714,1.0
2023-05-12,-0.0064582917274088,41.54249793890107,50.09,-8.547502061098932,-0.0007363311303112,0.0227878250465292,0.0008553831478324,0.0020250039093101,-0.0324485790451281,0.1428284594780893,Médio,5,4,0,0,-0.0230965139643067,-0.06737363144844861,-0.010850634915292406,-1.1199999999999974,1.0229145769839576,1.0
2023-05-13,-0.000736602355227,41.160909594804615,48.35,-7.189090405195387,0.005316097534741,0.0017180025755099,0.0174530387730773,0.0165947844429639,-0.0324960187157706,0.1346286574780917,Alto,5,5,0,0,-0.0064582917274088,-0.059232766917207615,-0.037426276040233006,-1.740000000000002,1.358411655903545,2.0
2023-05-14,0.0053020169686387,41.188607267269326,48.02,-6.831392732730677,0.0090840126281594,-0.0013879384581549,0.0056319986685302,-0.0218670892894691,-0.0365325760598447,0.1685368171480241,Alto,5,6,0,0,-0.000736602355227,-0.03282598937606761,-0.029996061207044806,-0.3299999999999983,0.3576976724647096,2.0
2023-05-15,0.0090430011641092,41.26206927668083,52.28,-11.017930723319168,-0.0047234864410535,-0.002198280400587,-0.0017277725540034,-0.0253422594832365,-0.0748667078514432,0.1159654578026621,Médio,5,0,0,0,0.0053020169686387,-0.02605843310923041,-0.021802289489732906,4.259999999999998,-4.186537990588491,1.0
2023-05-16,-0.0047346773571329,41.29495939679373,50.57,-9.275040603206271,0.0137520233899439,-0.01058155260222,-0.0482965054169144,-0.0121299822740684,-0.0530945659218223,0.1204298020554979,Médio,5,1,0,0,0.0090430011641092,-0.01594638991419461,-0.04106562752569531,-1.7100000000000009,1.7428901201128966,1.0
2023-05-17,0.0136583223911844,40.29493518189828,49.72,-9.425064818101724,-0.0213215469387473,-0.0203002232024757,-0.0064048930127809,-0.0201177788051424,-0.038700470451123,0.1031314391469484,Médio,5,2,0,0,-0.0047346773571329,0.0024154466929791887,-0.049837966003094404,-0.8500000000000014,-0.1500242148954527,1.0
2023-05-18,-0.021552134669642,39.46469311529421,46.28,-6.815306884705791,0.0021990001968585,0.0148512673518936,-0.0179685682413366,0.0463706430118175,-0.0113450961326229,0.1236600192086283,Alto,5,3,0,0,0.0136583223911844,0.02253206081157239,-0.07271904926227521,-3.4399999999999977,2.609757933395933,2.0
2023-05-19,0.0021965859345866,34.78040576105797,46.52,-11.739594238942033,0.0082651730303204,-0.0205076141376608,-0.0141981513571668,0.0318501383543166,-0.0200998799862798,0.110819984628125,Médio,5,4,0,0,-0.021552134669642,0.00171652849715739,-0.08879115143055681,0.240000000000002,-4.924287354236242,1.0
2023-05-20,0.0082312035351917,34.23595939347738,46.34,-12.104040606522624,-0.0130855425140845,-0.0231949681264742,-0.0230466419431762,0.0218419529171369,-0.0095223933794866,0.1035619315316005,Médio,5,5,0,0,0.0021965859345866,-0.0013889025368947101,-0.0838187859194108,-0.17999999999999972,-0.3644463675805909,1.0
2023-05-21,-0.0131719125185136,32.2679990142632,47.02,-14.752000985736808,0.0037943335858154,-0.0015649896926025,-0.0338932801152095,0.0172937716700227,0.058330448358705,0.1141111524021807,Médio,5,6,0,0,0.0082312035351917,-0.002200700165812211,-0.07568200001055489,0.6799999999999997,-2.647960379214185,1.0
2023-05-22,0.0037871532594394,31.52347261411583,47.58,-16.05652738588417,0.0137932986632411,0.0001862248023876,-0.0344039148922857,-0.0011672570613652,0.117121247616788,0.113688379609576,Médio,5,0,0,0,-0.0131719125185136,-0.01063793532719291,-0.04818792132114309,0.5599999999999952,-1.3045264001473615,1.0
2023-05-23,0.0136990369171227,31.75605362716659,50.08,-18.323946372833408,-0.0327190580614491,0.0310581231692885,-0.0482894501427464,0.0008442442782978,0.0979187431414336,0.0945785042474891,Médio,5,1,0,0,0.0037871532594394,-0.020509104458937912,-0.06560776422689939,2.5,-2.267418986949238,1.0
2023-05-24,-0.0332662963152895,33.79454871249284,51.3,-17.505451287507157,0.0054988774739348,0.0534539657966632,-0.0149933476420115,0.0281138561609419,0.1655774372070959,0.1426084763536494,Médio,5,2,0,0,0.0136990369171227,0.01474206712782679,-0.06425982291183889,1.2199999999999989,0.8184950853262514,1.0
2023-05-25,0.005483813844004,32.37661244402513,47.77,-15.393387555974876,0.0087682949815646,0.0461063565133665,-0.0508121428779182,0.0242284916515542,0.1531189905185468,0.1020900294215523,Médio,5,3,0,0,-0.0332662963152895,-0.020720815122049305,-0.0910281369988637,-3.529999999999994,2.112063731532281,1.0
2023-05-26,0.0087300767265965,32.48898689993433,45.24,-12.75101310006567,0.0055549481163728,0.0188883213909125,-0.0414675847152989,-0.036610609183282,0.1406706827549846,0.0944730606547163,Médio,5,4,0,0,0.005483813844004,-0.023468204813237005,-0.10842522780820218,-2.530000000000001,2.6423744559092057,1.0
2023-05-27,0.0055395762922677,29.9470741449596,43.09,-13.142925855040406,0.0450851950174031,-0.0013532298587897,-0.0189642094162306,0.0139944224884906,0.127120193548363,0.0930090447440945,Médio,5,5,0,0,0.0087300767265965,-0.0015662155681269042,-0.0771623356507893,-2.1499999999999986,-0.39191275497473654,1.0
2023-05-28,0.0440984084261267,33.612125475286334,49.94,-16.327874524713664,-0.011708533760912,-0.0293037591305896,-0.0551580260110456,-0.0614879743452698,0.0936198111526811,0.0412535186174951,Médio,5,6,0,0,0.0055395762922677,0.00018620746470139529,-0.0570236030998718,6.849999999999994,-3.1849486696732576,1.0
2023-05-29,-0.0117776184252097,33.84840034271008,47.12,-13.27159965728992,-0.0015142556351941,-0.0240543113021156,-0.0503464761108146,-0.0446269162544527,0.0844020853463318,0.0568833734731255,Médio,5,0,0,0,0.0440984084261267,0.030585578973705396,0.014218185222621908,-2.8200000000000003,3.0562748674237437,1.0
2023-05-30,-0.0015154032789555,33.852511313099896,44.68,-10.827488686900104,-0.0174782627534809,-0.020913614304697,-0.0306939309029985,-0.0439290975792939,0.0994031284302963,0.0598857530764342,Médio,5,1,0,0,-0.0117776184252097,0.05207425686378519,0.003906106095610708,-2.4399999999999977,2.4441109703898167,1.0
2023-05-31,-0.0176328110595242,31.346733371081225,43.93,-12.583266628918777,-0.0144217182064911,-0.0544700821562382,0.0403390621583332,-0.0503168830977918,0.1198679914076812,0.0761011894371075,Médio,5,2,0,1,-0.0015154032789555,0.04507503974082569,0.003459744847581809,-0.75,-1.755777942018673,1.0
2023-06-01,-0.0145267219636169,30.88000189557959,42.13,-11.249998104420412,0.0158349283483103,0.0153684493918808,0.1184267391256521,-0.0332754988919726,0.140501895560172,0.090026336857468,Médio,6,3,1,0,-0.0176328110595242,0.018712151954704995,0.008923447752364307,-1.7999999999999972,1.333268524498365,1.0
2023-06-02,0.0157108638581493,31.065180747536168,41.4,-10.33481925246383,-0.0063639323573859,-0.0331558049363147,0.096992613404232,-0.0490922485710794,0.1238663431046753,0.0904245888515005,Médio,6,4,0,0,-0.0145267219636169,-0.0013541463011796078,0.0008550175161562094,-0.730000000000004,0.9151788519565809,1.0
2023-06-03,-0.0063842684993772,31.06231199933143,39.75,-8.687688000668569,0.0016989776580189,-0.0210796616969384,0.1337046283564875,-0.0419284338447876,0.1509825550939405,0.0781991501786898,Médio,6,5,0,0,0.0157108638581493,-0.02974169086915701,0.017302483729532508,-1.6499999999999986,1.6471312517952619,1.0
2023-06-04,0.0016975360281114,30.02533879063695,41.69,-11.664661209363048,-0.0511524712513751,-0.0235071017336763,0.1258415479725216,-0.0732655214545636,0.1346587395045069,0.0766518127648652,Médio,6,6,0,0,-0.0063842684993772,-0.024348340943324515,0.005616198261516607,1.9399999999999977,-2.9769732086944796,1.0
2023-06-05,-0.0525071584555573,34.280936823490144,40.11,-5.829063176509855,0.0583748571606252,0.0043924565263018,0.1840183145342464,-0.0050415497391966,0.1856565947093074,0.1315984017537177,Alto,6,0,0,0,0.0016975360281114,-0.02113540163625761,-0.001729266874481193,-1.5799999999999983,5.835598032853193,2.0
2023-06-06,0.0567345780192702,39.25395940126225,43.65,-4.396040598737748,-0.0327116189155523,-0.0479076815051591,0.1115644904458599,-0.0325037605471596,0.0978825622253036,0.067647616165652,Alto,6,1,0,0,-0.0525071584555573,-0.05600974903229071,-0.04950174797290559,3.539999999999999,1.4330225777721068,2.0
2023-06-07,-0.0332586055638562,39.82227468287242,45.63,-5.807725317127584,0.0060468485542917,-0.0164829490792101,0.1652698966640773,0.0067446640652348,0.152067591670862,0.1043716357357473,Alto,6,2,0,0,0.0567345780192702,0.015251550950596389,-0.006425492344819796,1.980000000000004,-1.4116847183898358,2.0
2023-06-08,0.0060286397326937,39.87448003918263,41.35,-1.4755199608173726,-0.0007849468330602,-0.0212977208993226,0.1350561406805865,-0.0059867291152252,0.1428761735049499,0.1023619729487697,Alto,6,3,0,0,-0.0332586055638562,-0.03371791847140911,-0.018131963239033995,-4.280000000000001,4.332205356310212,2.0
2023-06-09,-0.0007852550651334,39.873677210803386,40.8,-0.926322789196611,-0.0240427739303213,-0.0509562535572241,0.1499179879302705,0.0138432899095506,0.1390938298900097,0.1243535624736333,Alto,6,4,0,0,0.0060286397326937,-0.02130501023933821,-0.014299909440926895,-0.5500000000000043,0.5491971716207615,2.0
2023-06-10,-0.0243365192777008,39.96331103137165,43.37,-3.4066889686283446,0.0032637790567857,-0.0093927490237492,0.1792017479057677,0.095459152261059,0.1768632351194081,0.1447602492298156,Alto,6,5,0,0,-0.0007852550651334,-0.023787801332583014,-0.023316368041251995,2.5700000000000003,-2.4803661794317335,2.0
2023-06-11,0.0032584644904937,39.91595389996447,42.81,-2.894046100035532,-0.0007853256729365,0.0161790203100802,0.17975896364783,0.1569239611117219,0.1811552696085521,0.1361668315619149,Alto,6,6,0,0,-0.0243365192777008,0.004382837845273484,-0.0344809748004392,-0.5599999999999952,0.5126428685928124,2.0
2023-06-12,-0.0007856342026842,39.916067650876606,46.45,-6.533932349123397,0.0011217829323004,0.0236168891253065,0.1818878765220406,0.153626744293325,0.1727379725838722,0.1359125333572153,Alto,6,0,0,0,0.0032584644904937,-0.04909327568350302,-0.035009663569384904,3.6400000000000006,-3.6398862490878647,2.0
2023-06-13,0.0011211542039807,39.875119707887,45.38,-5.504880292113008,-0.0310650973133983,0.015644177101709,0.2013534225975304,0.1833193556783019,0.2128451757810616,0.1347993483520826,Alto,6,1,0,0,-0.0007856342026842,-0.01662030432233101,-0.0494943346891918,-1.0700000000000003,1.0290520570103894,2.0
2023-06-14,-0.0315578492380286,41.24613128241531,44.66,-3.413868717584684,0.0186994102337576,0.0682787739866128,0.2243622804294707,0.2148480217759845,0.2062753197551794,0.1661548991985229,Alto,6,2,0,0,0.0011211542039807,-0.02152778985104401,-0.015106884169921599,-0.720000000000006,2.0910115745283235,2.0
2023-06-15,0.0185267256736528,41.71662422941683,46.63,-4.913375770583173,0.0291622669930922,0.1058460870152888,0.1916644302066255,0.1900178487090449,0.1832541685075954,0.1497135182583033,Alto,6,3,0,0,-0.0315578492380286,-0.05230038402393922,-0.0521485472519542,1.970000000000006,-1.4995070529984886,2.0
2023-06-16,0.028745138290379,42.63931218583775,45.06,-2.4206878141622568,0.0065283735054091,0.1385040804706774,0.1347667489087114,0.1489083317517556,0.1475418485481117,0.1083697096223192,Alto,6,4,0,0,0.0185267256736528,-0.009437139072585608,-0.042351898304897904,-1.5700000000000003,2.492687956420916,2.0
2023-06-17,0.0065071559690337,42.0327156672404,42.95,-0.917284332759607,-0.0066757199817928,0.1270102677566345,0.1443493398006334,0.1574631962375818,0.1365543374266837,0.0834755377589988,Alto,6,5,0,0,0.028745138290379,0.01604953472729969,-0.019146336306786606,-2.1099999999999994,1.5034034814026498,2.0
2023-06-18,-0.0066981022679604,42.09062447992823,45.41,-3.319375520071766,0.019148844892382,0.1650924431576801,0.1497594720115473,0.1418923408037289,0.1336053154198733,0.0107608323016312,Alto,6,6,0,0,0.0065071559690337,0.02334232489901759,-0.056737588763879604,2.4599999999999937,-2.402091187312159,2.0
2023-06-19,0.0189678131440085,42.510591676382326,45.22,-2.709408323617673,0.0545232050692232,0.1372013105178557,0.1235403353033319,0.1342166973683476,0.1141715109510941,-0.029441949609508,Alto,6,0,0,0,-0.0066981022679604,0.01552306842707649,-0.051658072606630315,-0.18999999999999773,0.6099671964540931,2.0
2023-06-20,0.0530887264501151,46.14052693249084,52.71,-6.569473067509158,0.0595556236949355,0.076115259331376,0.0743104685284967,0.0764452015137775,0.0527063207242901,-0.0779984732225779,Alto,6,1,0,0,0.0189678131440085,0.0660487308091136,-0.031174856183666312,7.490000000000002,-3.860064743891485,2.0
2023-06-21,0.0578495972961705,50.34252628947032,55.83,-5.487473710529677,-0.0036330732692558,0.0091385278801783,0.0209445990500065,0.0197376865754992,-0.0030729591926889,-0.1268224961817222,Alto,6,2,0,0,0.0530887264501151,0.10061073158557589,0.039546681325972985,3.1199999999999974,1.0819993569794804,2.0
2023-06-22,-0.003639688908207,50.13132061055096,51.05,-0.9186793894490392,0.0268891467669982,0.0270209858349963,0.016566214666126,0.0244976396122191,-0.0030423370716735,-0.1257490399840455,Alto,6,3,0,0,0.0578495972961705,0.12971519059136738,0.11192300058576038,-4.780000000000001,4.568794321080638,2.0
2023-06-23,0.0265339862374442,49.64037702008825,52.71,-3.069622979911749,-0.0052485458722322,-0.0199126708701956,0.0249516920018899,0.0152402365707025,-0.0197060788243153,-0.1509523111263176,Alto,6,4,0,0,-0.003639688908207,0.11956834571412668,0.09257244781940409,1.6600000000000037,-2.1509435904627097,2.0
2023-06-24,-0.0052623678739379,49.63746065922298,49.15,0.4874606592229824,-0.0021216984200767,-0.0026245248944964,-0.0070566045029012,0.0078316451794335,-0.044252988214206,-0.1341321559004475,Alto,6,5,0,0,0.0265339862374442,0.1528004342195313,0.1254907025562255,-3.5600000000000023,3.5570836391347314,2.0
2023-06-25,-0.0021239524109264,49.54950683598398,49.51,0.0395068359839854,-0.0063904465335593,0.0003066048729822,-0.005683679626139,0.0013836611773234,-0.0405004027882003,-0.1405855562186624,Alto,6,6,0,0,-0.0052623678739379,0.12857025320158488,0.11853079865417618,0.35999999999999943,-0.44795382323899696,2.0
2023-06-26,-0.0064109528466902,49.56229002661822,49.51,0.0522900266182233,0.0140230652910879,0.0105031751365056,-0.0011893753103525,-0.012308712934027,-0.0302639851539531,-0.1390240977349339,Alto,6,0,0,0,-0.0021239524109264,0.07335757434054338,0.1689140046988071,0.0,0.012783190634237905,2.0
2023-06-27,0.0139256517456785,47.36468284526907,48.92,-1.555317154730929,-0.0200384850471321,-0.0024569568271535,-0.0180643832813552,-0.0113298258463646,-0.0478834527329856,-0.1523199198239044,Alto,6,1,0,0,-0.0064109528466902,0.009097024197682685,0.10576847383284668,-0.5899999999999963,-1.6076071813491524,2.0
2023-06-28,-0.0202419785448812,47.71150739590314,48.44,-0.7284926040968571,0.0122982663733346,0.0358671175476879,-0.0072572738144673,0.0068895559823802,-0.0253768525946881,-0.1321802641916308,Alto,6,2,0,0,0.0139256517456785,0.026662364851568185,0.1529527311423814,-0.480000000000004,0.8268245506340719,2.0
2023-06-29,0.0122232570589516,47.89871096236794,43.52,4.37871096236794,0.0008109090753829,0.0104836847655833,-0.0176731540487485,-0.0094129826247376,-0.0359443904896689,-0.1421245423651548,Alto,6,3,0,0,-0.0202419785448812,-0.020113599930757217,0.1266821128648065,-4.919999999999995,5.107203566464797,2.0
2023-06-30,0.0008105804662547,47.503035011750775,46.06,1.4430350117507729,0.0037378577054345,0.0010767261748489,-0.0220530322919401,-0.0019831320556576,-0.0390821081648726,-0.0904325282226305,Alto,6,4,0,1,0.0122232570589516,-0.002627974997867717,0.13969062498889148,2.539999999999999,-2.935675950617167,2.0
2023-07-01,0.0037308892745919,47.24994276384289,46.56,0.6899427638428861,0.0010177892427556,-0.0225747811900255,-0.0223691308740302,0.0011835518980967,-0.0442573211839443,-0.1074321828031871,Alto,7,5,1,0,0.0008105804662547,0.0003065578793133826,0.164837724732847,0.5,-0.7530922479078868,2.0
2023-07-02,0.0010172716464571,46.93241803198678,47.88,-0.9475819680132248,0.0176101339679257,-0.0088947229695368,-0.0268814447384347,-0.0077417698581475,-0.0297559887422129,-0.1527336256978551,Alto,7,6,0,0,0.0037308892745919,0.010448400000595482,0.16531014951694517,1.3200000000000003,-1.6375247318561108,2.0
2023-07-03,0.0174568722490287,47.27335248710611,49.05,-1.776647512893888,-0.0125076228808391,-0.0279742073808744,-0.0344217202354587,0.0095656723220418,-0.063235888843954,-0.1717523317991283,Alto,7,0,0,0,0.0010172716464571,-0.0024599800986259187,0.1671130553660865,1.1699999999999946,-0.8290655448806631,2.0
2023-07-04,-0.0125865016096563,47.4730838826757,46.61,0.8630838826757028,-0.0085060021432393,-0.01969024110957,-0.0516798947946971,-0.0147725562632875,-0.0511227955331949,-0.1591665743043329,Alto,7,1,0,0,0.0174568722490287,0.03523887069528398,0.1834487734111345,-2.4399999999999977,2.6397313955695907,2.0
2023-07-05,-0.0085423846394389,43.89916614954605,46.45,-2.550833850453955,-0.0199765217354247,-0.0030565671446569,-0.0418261906892716,-0.0070575755102227,-0.0455934654239773,-0.1486191849744352,Alto,7,2,0,0,-0.0125865016096563,0.01042911202667608,0.2024201210395068,-0.1599999999999966,-3.413917733129658,2.0
2023-07-06,-0.0201787501916617,39.812750368928846,47.96,-8.147249631071155,0.0150280494376564,0.0243070596408883,-0.0181790327150337,0.0112579079812533,-0.0275393262448474,-0.136121474084835,Médio,7,3,0,0,-0.0085423846394389,0.0010761469209824796,0.1753510107264151,1.509999999999998,-5.5964157806172,1.0
2023-07-07,0.0149162470258607,38.43885414085038,45.04,-6.601145859149618,-0.0019795878687217,0.0011633003456945,-0.0369725190890007,-0.0068117331856963,-0.0414003104331235,-0.1500294944421926,Alto,7,4,0,0,-0.0201787501916617,-0.02283349254527112,0.12642712224437438,-2.9200000000000017,1.546103771921537,2.0
2023-07-08,-0.0019815498424806,38.38751519521702,44.01,-5.622484804782978,-0.004091844608965,0.0386202506023682,-0.0320456284260366,-0.0140500313195175,-0.0354493351908211,-0.1494051603073902,Alto,7,5,0,0,0.0149162470258607,-0.00893451716586752,0.1348362133012014,-1.0300000000000011,0.9786610543666399,2.0
2023-07-09,-0.0041002391122778,38.41317163838097,43.89,-5.476828361619027,0.0083174434554094,0.0050164601562761,-0.0267835206797186,-0.0083386631150261,-0.0129403452372308,-0.129496619940313,Alto,7,6,0,0,-0.0019815498424806,-0.02837293925737682,0.13955276572668118,-0.11999999999999744,0.14565644316395066,2.0
2023-07-10,0.0082830441339089,37.57472702518869,44.26,-6.685272974811305,0.0069226942245994,-0.0040132752107174,-0.037172694471216,-0.0201097805867963,-0.0272784338329128,-0.1480051835534962,Alto,7,0,0,0,-0.0041002391122778,-0.01988667675999832,0.11648471347039491,0.36999999999999744,-1.2084446131922775,2.0
2023-07-11,0.0068988423929568,37.63454411406145,43.96,-6.325455885938553,-0.0079060547774318,-0.0127394920661874,-0.0453871550285577,-0.023524839903207,-0.0380885047073844,-0.1541530463292849,Alto,7,1,0,0,0.0082830441339089,-0.0030612479866505213,0.0716790311541887,-0.29999999999999716,0.3598170888727523,2.0
2023-07-12,-0.0079374733359648,37.73525194296948,41.26,-3.5247480570305214,0.0353597761685318,-0.007965766951942,-0.0221859776168531,-0.0192890059249506,-0.0314012508229099,-0.1493874259381171,Alto,7,2,0,0,0.0068988423929568,0.02401634459796798,0.020728276250975,-2.700000000000003,2.800707828908031,2.0
2023-07-13,0.0347489761397029,39.63215553706048,45.15,-5.5178444629395145,-0.0363137167878533,-0.0507117802597615,-0.0721117636642194,-0.0435706103757745,-0.0643493736772446,-0.2000274684835712,Alto,7,3,0,0,-0.0079374733359648,0.001162624236142478,0.0164304918232172,3.8900000000000006,-1.993096405908993,2.0
2023-07-14,-0.0369894696887356,40.19959021181862,42.21,-2.0104097881813843,-0.0007419501379155,-0.0132884622299873,-0.0368952768226191,-0.0374607292620977,-0.0332597541370565,-0.1475293126387857,Alto,7,4,0,0,0.0347489761397029,0.03789315021832598,0.024645481725475905,-2.9399999999999977,3.50743467475813,2.0
2023-07-15,-0.0007422255191403,39.67761668203503,42.98,-3.302383317964967,-0.001899336800319,-0.0161613653831423,-0.0388097929580923,-0.0350157414181538,-0.0283461078287143,-0.1342880309757302,Alto,7,5,0,0,-0.0369894696887356,0.005003919641868186,-0.007081620089321797,0.769999999999996,-1.2919735297835828,2.0
2023-07-16,-0.001901142827658,38.395597604767296,42.1,-3.704402395232705,-0.0031089584245033,-0.0109245206815694,-0.0383653209729164,-0.0291092316450224,-0.0341356953346438,-0.1226932133809253,Alto,7,6,0,0,-0.0007422255191403,-0.004021350011181017,-0.005699893197535695,-0.8799999999999955,-0.4020190772677381,2.0
2023-07-17,-0.003113801275833,38.34383685517293,42.9,-4.5561631448270745,-0.0092531023956466,-0.0114141615236578,-0.0348258013139558,-0.0303676421793085,-0.0467015064038756,-0.1173933240427367,Alto,7,0,0,0,-0.001901142827658,-0.012821335231795817,-0.0011900831785034954,0.7999999999999972,-0.8517607495943693,2.0
2023-07-18,-0.0092961782772288,38.40970716922303,42.67,-4.260292830776969,0.001677208947481,0.0075226572241053,-0.021704249253076,-0.0182520388236362,-0.1083661848151638,-0.1105008752766742,Alto,7,1,0,0,-0.003113801275833,-0.007997663171664018,-0.018229536200014995,-0.22999999999999687,0.2958703140501058,2.0
2023-07-19,0.0016758040032582,37.84011497730603,40.53,-2.6898850226939715,-0.0036513836373478,-0.02449780519111,-0.0046403766598984,-0.0185999563345202,-0.1288970855465591,-0.1130655072467644,Alto,7,2,0,0,-0.0092961782772288,-0.05204281758859572,-0.007283735932362595,-2.1400000000000006,1.5704078080829973,2.0
2023-07-20,-0.0036580662106333,33.02416505822664,41.62,-8.595834941773361,0.003413422818792,-0.0191640939597315,-0.0073157718120804,-0.0174130872483221,-0.1241607382550336,-0.1019291946308725,Médio,7,3,0,0,0.0016758040032582,-0.013377543896601918,-0.017831188988055996,1.0899999999999963,-5.90594991907939,1.0
2023-07-21,0.0034076103143899,26.16947673113245,38.76,-12.590523268867546,-0.003602468352991,-0.0183855644424468,-0.0149145266559916,-0.0223890130734955,-0.1241309864449269,-0.0900102067707142,Médio,7,4,0,0,-0.0036580662106333,-0.01629338458809492,-0.022299835664943993,-2.8599999999999994,-3.9946883270941846,1.0
2023-07-22,-0.0036089728683473,26.16895915537253,39.07,-12.90104084462747,0.009725112438746,-0.0191723165738068,-0.0123504732496476,-0.002953950459824,-0.1230811572799893,-0.0895817949922803,Médio,7,5,0,0,0.0034076103143899,-0.010984631446047019,-0.022623114625145994,0.3100000000000023,-0.3105175757599241,1.0
2023-07-23,0.0096781279070757,24.709325383928864,39.27,-14.56067461607114,-0.0301574770432542,-0.0255822495533303,-0.0217253500644035,-0.0298413595379566,-0.1338845722358416,-0.1168627581335438,Médio,7,6,0,0,-0.0036089728683473,-0.011479803038561318,-0.027249359139950392,0.20000000000000284,-1.6596337714436693,1.0
2023-07-24,-0.0306215681317574,26.85639509997105,38.25,-11.39360490002895,0.0017963086730758,0.0060459616472161,0.0043644714067827,0.0005874590852226,-0.0940407519750483,-0.0889880554555893,Médio,7,0,0,0,0.0096781279070757,0.007494503145743179,-0.0350281034819034,-1.0200000000000031,3.167069716042189,1.0
2023-07-25,0.0017946972401168,26.853472384288747,37.77,-10.916527615711257,0.00420987303324,0.0017852188124702,0.0069116501436421,-0.003931723762535,-0.1043097399116149,-0.0907645888950358,Médio,7,1,0,0,-0.0306215681317574,-0.02480286898927242,-0.0530631700040045,-0.4799999999999969,0.47707728431769425,1.0
2023-07-26,0.0042010363100691,26.80029290581869,38.15,-11.349707094181309,-0.0044010689575756,-0.0040784329223669,-0.0051771670443813,-0.0095336052515743,-0.1121543501694606,-0.1057367208186437,Médio,7,2,0,0,0.0017946972401168,-0.01935010553852232,-0.04272608812444879,0.37999999999999545,-0.433179478470052,1.0
2023-07-27,-0.0044107821710519,26.40130044676965,36.36,-9.95869955323035,0.0031263281590594,0.0165353878036245,-0.016845419908715,-0.0045977829624697,-0.1096887428232358,-0.0998525807606257,Médio,7,3,0,0,0.0042010363100691,-0.01855667954284312,-0.018346301622717994,-1.7899999999999991,1.3910075409509588,1.0
2023-07-28,0.0031214513568593,25.46296722298128,35.47,-10.007032777018722,0.0013222287947045,-0.0043709281595845,-0.0917894913512727,-0.0035163917481459,-0.1095843166471879,-0.1054941403704833,Médio,7,4,0,0,-0.0044107821710519,-0.01935848884554772,-0.03767333081963059,-0.8900000000000006,-0.04833322378837224,1.0
2023-07-29,0.0013213554199944,25.107711015788,34.96,-9.852288984212002,-0.0024464362976061,-0.0054256989939666,-0.1123875324073601,0.0142241482102278,-0.1101390322591635,-0.1015201223729171,Médio,7,5,0,0,0.0031214513568593,-0.02591516539576412,-0.032570329620290696,-0.509999999999998,0.15474379280671968,1.0
2023-07-30,-0.0024494337125396,25.120652441873474,36.33,-11.209347558126524,-0.0016679706937139,-0.0057067547690334,-0.1086393983284093,0.0102762567923531,-0.053438925941623,-0.0771726735582589,Médio,7,6,0,0,0.0013213554199944,0.006027758155987679,-0.027148735088018492,1.3699999999999974,-1.3570585739145216,1.0
2023-07-31,-0.0016693633056041,25.09367835116782,36.77,-11.676321648832182,0.016206073771263,-0.0054775119944581,-0.1040720437188378,0.0076456653182701,-0.066100283077765,-0.0795453651361082,Médio,7,0,0,1,-0.0024494337125396,0.0017836272033312783,-0.03788121293446699,0.44000000000000483,-0.46697409070565854,1.0
2023-08-01,0.0160761571043905,25.710127669429333,36.56,-10.849872330570667,-0.0175042137966114,-0.0207894098126338,-0.120483107952302,-0.009424361887956,-0.1267491842554313,-0.092352754444474,Médio,8,1,1,0,-0.0016693633056041,-0.004086772412341922,-0.04644941863302789,-0.21000000000000085,0.8264493182615151,1.0
2023-08-02,-0.0176592240994308,25.72693539151425,36.82,-11.09306460848575,0.0002614266218643,0.0008582879263046,-0.1072435046791253,0.0083656518996602,-0.115841802288151,-0.0408908240626244,Médio,8,2,0,0,0.0160761571043905,0.01640016686310048,-0.02243578819267259,0.259999999999998,-0.24319227791508347,1.0
2023-08-03,0.0002613924558795,25.349735334596524,36.21,-10.860264665403475,-0.0027283339795927,0.0197570429723734,-0.0945726534957613,0.0037747947840693,-0.1138648691975375,-0.0582020604487827,Médio,8,3,0,0,-0.0176592240994308,-0.004380508593189624,-0.0748439884318063,-0.6099999999999994,0.23279994308227536,1.0
2023-08-04,-0.0027320626663575,25.1920408260772,34.37,-9.177959173922796,-0.0014377967430778,0.0160747461959009,-0.100774232594021,0.0108861753404463,-0.1079474163452004,-0.0579628556580531,Médio,8,4,0,0,0.0002613924558795,-0.005440471557304524,-0.03759312628719119,-1.8400000000000034,1.6823054914806796,1.0
2023-08-05,-0.001438831364651,24.19401429991615,33.79,-9.595985700083848,0.0005603304608226,0.0131954555789342,-0.1036085075293761,0.0043983705356298,-0.1116571094034045,-0.0444948478147284,Médio,8,5,0,0,-0.0027320626663575,-0.005723100511122424,-0.0395829634344084,-0.5799999999999983,-0.41802652616105185,1.0
2023-08-06,0.0005601735343276,23.628761101234545,34.03,-10.401238898765456,0.0042161107409752,0.0116063368171939,-0.1055763771287681,-0.012304209028885,-0.1133206960020516,-0.0576872171125141,Médio,8,6,0,0,-0.001438831364651,-0.005492568570169324,-0.039120651971401396,0.240000000000002,-0.8052531986816085,1.0
2023-08-07,0.0042072478486427,23.66419734251481,36.29,-12.625802657485185,0.0191489114054743,0.0075009260191172,-0.1064422174340815,-0.0885845977516736,-0.1181439495862184,-0.0438179922262321,Médio,8,0,0,0,0.0005601735343276,-0.021008552140232225,-0.035446677161240794,2.259999999999998,-2.2245637587197287,1.0
2023-08-08,0.0189678784073805,24.53002372623331,39.85,-15.319976273766692,-0.0063294370721003,-0.0156726038799586,-0.1226190292243105,-0.1248359949238203,-0.1180843266571314,-0.0609245687497859,Médio,8,1,0,0,0.0042072478486427,0.0008579198078412769,-0.021943251035369298,3.5600000000000023,-2.694173616281507,1.0
2023-08-09,-0.0063495528850291,24.459760237683334,38.73,-14.270239762316663,-0.0042674613844437,-0.0051064853987172,-0.0630670891309206,-0.1177060772449725,-0.1241123399744237,-0.0562822176601371,Médio,8,2,0,0,0.0189678784073805,0.019564405759342277,-0.004651176631246996,-1.1200000000000045,1.0497365114500283,1.0
2023-08-10,-0.0042765929862094,24.386768054249963,36.2,-11.81323194575004,-0.0010089710837443,-0.0086825152983712,-0.0731863897541226,-0.1108700338643557,-0.1206603125026523,-0.063336699965202,Médio,8,3,0,0,-0.0063495528850291,0.01594691554067068,-0.007342663305642795,-2.529999999999994,2.457007816566623,1.0
2023-08-11,-0.0010094804377126,24.23165320154972,32.74,-8.508346798450283,0.0001406917616817,-0.0236362159625338,-0.1184410537201247,-0.1121153618072162,-0.1218111991321968,-0.0691873827356255,Médio,8,4,0,0,-0.0042765929862094,0.01310915391911228,-0.015026866606242095,-3.460000000000001,3.304885147299757,1.0
2023-08-12,0.000140681865524,20.982468351700536,32.38,-11.397531648299466,-0.0042925338181871,-0.095370159261737,-0.1231769982980051,-0.1146500343015347,-0.1450093560451739,-0.0868037799305949,Médio,8,5,0,0,-0.0010094804377126,0.011539499947072079,-0.012427374175607396,-0.35999999999999943,-2.8891848498491832,1.0
2023-08-13,-0.0043017731911709,16.61470969571235,33.76,-17.14529030428765,0.0043369742668537,-0.1109015064237315,-0.1171972683443535,-0.0979776029353148,-0.1182008910777564,-0.0868217271183571,Médio,8,6,0,0,0.000140681865524,0.00747293396395338,-0.021964820217159096,1.3799999999999955,-5.747758655988182,1.0
2023-08-14,0.0043275966976988,16.681131164633076,35.01,-18.32886883536692,-0.0078465070590701,-0.1131775312570823,-0.1175538795410134,-0.1104579433949249,-0.1090325721953061,-0.0872867422130391,Baixo,8,0,0,0,-0.0043017731911709,-0.015796717634598022,0.004354974723427403,1.25,-1.1835785310792701,0.0
2023-08-15,-0.0078774528796102,16.8929075998295,34.58,-17.6870924001705,-0.0160784246575342,-0.1030825342465753,-0.1155472602739725,-0.107533904109589,-0.0916873287671232,-0.0803945205479452,Baixo,8,1,0,0,0.0043275966976988,-0.005119568051870122,0.006887874181009403,-0.4299999999999997,0.6417764351964195,0.0
2023-08-16,-0.0162090849613036,17.780795807056133,36.56,-18.77920419294387,-0.0733401530289576,-0.0906210853897129,-0.1022748987052439,-0.0944341050680965,-0.0741549662710476,-0.0548671081717657,Baixo,8,2,0,0,-0.0078774528796102,-0.008720427945270923,-0.005190615008669897,1.980000000000004,-1.0921117927733697,0.0
2023-08-17,-0.0761687203764116,31.8042878960329,52.3,-20.495712103967097,-0.0213875683092436,-0.0213124464522013,-0.0324323593408958,-0.0195932827537869,-0.0023941335839399,0.0705157603778028,Baixo,8,3,0,0,-0.0162090849613036,-0.023920032468861926,-0.016988917798921598,15.739999999999995,-1.7165079110232284,0.0
2023-08-18,-0.0216195966611484,32.6808643785571,43.58,-10.899135621442902,0.0017659476471942,0.0145359637675597,0.0077147462961542,0.0025332002763491,0.0181741767099101,0.0898867736240116,Médio,8,4,0,0,-0.0761687203764116,-0.10022943471079754,-0.0962790895321925,-8.719999999999999,9.596576482524195,1.0
2023-08-19,0.0017643901949644,32.66174486296292,43.01,-10.34825513703708,0.0034475082576597,0.003066665491699,-0.0072609167582693,0.0619283287630925,0.025383132037114,0.0850570555336953,Médio,8,5,0,0,-0.0216195966611484,-0.11754725818077504,-0.11922004161333531,-0.5700000000000003,0.5508804844058215,1.0
2023-08-20,0.0034415792240868,32.66217819434631,43.18,-10.51782180565369,-0.0024081719771562,-0.0049629648579477,-0.0110110771329046,0.0423826049570847,0.0389564868104186,0.0963620070110755,Médio,8,6,0,0,0.0017643901949644,-0.12011046468350942,-0.1150062177058313,0.1700000000000017,-0.16956666861660885,1.0
2023-08-21,-0.0024110762869472,32.648744200183785,42.63,-9.981255799816218,-0.0027144416563451,-0.0041929932804938,-0.0109201543848259,-0.0071244524804301,0.038201211623873,0.1355735769849642,Médio,8,0,0,0,0.0034415792240868,-0.10879143257981243,-0.10989527517614041,-0.5499999999999972,0.5365660058374715,1.0
2023-08-22,-0.0027181324335439,32.48758765158579,42.13,-9.642412348414211,0.0144580902671169,0.0017566011667178,-0.034290758366595,-0.0096311789990789,0.0196530549585509,0.1479045133558489,Médio,8,1,0,0,-0.0024110762869472,-0.09499342390545602,-0.12838250856747813,-0.5,0.3388434514020062,1.0
2023-08-23,0.0143545687030841,31.08743730784059,43.38,-12.29256269215941,-0.009558985984038,-0.0118307915341289,-0.0224199401348027,-0.0213073039777973,0.0055771785877503,0.1346717250438092,Médio,8,2,0,0,-0.0027181324335439,-0.021542835962588314,-0.11344141690159121,1.25,-2.6501503437451994,1.0
2023-08-24,-0.0096049663422354,31.261178511580265,41.72,-10.458821488419735,-0.0045851707693453,0.0586817061082771,0.0016023651597303,-0.0079770665067484,0.0151225837994961,0.2631752040198547,Médio,8,3,0,0,0.0143545687030841,0.014431329401644186,-0.0993482406543866,-1.6600000000000037,1.8337412037396756,1.0
2023-08-25,-0.0045957149083015,31.26793397632904,36.31,-5.042066023670969,-0.001636223470367,0.0475817162004159,0.0177559409992551,-0.0089788914125511,0.0072283164895179,0.3017159241304974,Alto,8,4,0,0,-0.0096049663422354,0.003061972864444387,-0.1062211443302645,-5.409999999999997,5.416755464748766,2.0
2023-08-26,-0.0016375635459644,31.23528346769416,35.52,-4.2847165323058505,0.0032439866135585,-0.0029438025442233,0.0223938853158487,-0.008658446261094,0.0110480036990672,0.3258853604342024,Alto,8,5,0,0,-0.0045957149083015,-0.004975321267943913,-0.10937802787391501,-0.7899999999999991,0.7573494913651189,2.0
2023-08-27,0.0032387362406793,31.236736241599584,36.05,-4.813263758400414,0.0006984200688304,-0.011367811454932,0.0175428716136873,-0.0130956636274092,0.0045935582146343,0.3084039894612511,Alto,8,6,0,0,-0.0016375635459644,-0.004201808526961113,-0.11157576495420701,0.529999999999994,-0.5285472260945632,2.0
2023-08-28,0.0006981762870356,31.234285166705035,36.42,-5.185714833294966,0.0611156202143952,-0.0095899693721287,0.0156014548238896,0.0051684532924962,0.0096856814701378,0.2975505359877488,Alto,8,0,0,0,0.0032387362406793,0.0017550601472620868,-0.11254427656217042,0.37000000000000455,-0.37245107489455265,2.0
2023-08-29,0.0593208265640982,37.456518699525375,40.6,-3.143481300474626,-0.0150218246709341,-0.0629639411264257,-0.0344139954986841,-0.0651543457758131,-0.0250736569114103,0.2296356589650725,Alto,8,1,0,0,0.0006981762870356,-0.011901332268786412,-0.1308139786825153,4.18,2.0422335328203403,2.0
2023-08-30,-0.0151357950818478,37.82227691747789,38.18,-0.3577230825221065,-0.0497879303252493,-0.053991594868716,-0.0032868143907746,-0.0512227293856152,-0.014396708570223,0.2646850786392227,Alto,8,2,0,0,0.0593208265640982,0.05702446063754719,-0.06514359923338801,-2.4200000000000017,2.7857582179525195,2.0
2023-08-31,-0.0510700880633559,41.429532273988286,35.98,5.449532273988289,-0.0052323021898339,-0.0057315161687505,0.0456509017847575,-0.003822938246267,0.0393889466700694,0.3289781571718353,Alto,8,3,0,1,-0.0151357950818478,0.046484380464000885,-0.07600280132902641,-2.200000000000003,5.807255356510396,2.0
2023-09-01,-0.005246038619321,41.0099133466363,36.09,4.919913346636299,0.0024979606704889,-0.0017477199230382,0.0295690184673156,-0.0248993898481111,0.0847710041251614,0.342363994644459,Alto,9,4,1,0,-0.0510700880633559,-0.002948144053390618,-0.12606340895466972,0.11000000000000654,-0.52961892735199,2.0
2023-09-02,0.0024948459526167,41.01904392132788,35.57,5.449043921327878,0.0039312688953134,0.0149013259238386,0.0274697897254336,-0.0011368595694313,0.0628152601266895,0.36923467046728,Alto,9,5,0,0,-0.005246038619321,-0.011432918913390915,-0.1314501294395147,-0.5200000000000031,0.5291305746915782,2.0
2023-09-03,0.003923561650647,41.03080308162155,37.84,3.190803081621546,-0.0055904210855018,-0.0023375884296495,0.0232853994865853,0.0096564619053174,0.0560331998393606,0.3453970762240188,Alto,9,6,0,0,0.0024948459526167,-0.009636249247809816,-0.12465351029572712,2.270000000000003,-2.258240839706332,2.0
2023-09-04,-0.0056061059735256,41.07430723038205,38.3,2.7743072303820497,-0.0013134040785224,0.0029268931101269,0.0163540491333933,0.0269770564725033,0.0756039838891164,0.3442559093503372,Alto,9,0,0,0,0.003923561650647,-0.06503351416126102,-0.1250575453427789,0.45999999999999375,-0.41649585123949606,2.0
2023-09-05,-0.0013142673496244,41.07640065548106,39.79,1.28640065548106,-0.0012465057129895,0.0019195800264422,0.0198785674683334,0.0313235448063555,0.0627436308016795,0.3594112150619764,Alto,9,1,0,0,-0.0056061059735256,-0.05550382505293881,-0.1227861984366943,1.490000000000002,-1.4879065749009897,2.0
2023-09-06,-0.001247283247437,41.052482943618266,39.41,1.642482943618269,0.0192178168047685,-0.0231922034010159,0.0179239478337496,0.0310450913142299,0.0842835486870121,0.3591594704182266,Alto,9,2,0,0,-0.0013142673496244,-0.005748004339207309,-0.1078913808250151,-0.38000000000000256,0.356082288137209,2.0
2023-09-07,0.0190354868493421,41.05629013782146,39.74,1.316290137821461,-0.0131213102266235,-0.0158027042468101,0.0044940011426395,0.0103793563130831,0.0648131784422014,0.3348348885926488,Alto,9,3,0,0,-0.001247283247437,-0.0017492489673233097,-0.03296994369604051,0.3300000000000054,-0.326192805796808,2.0
2023-09-08,-0.0132081551334933,41.25456518904913,40.0,1.2545651890491314,-0.0003431041469674,0.0120221531811428,0.0428741243897261,0.0328828081279788,0.0774415777387544,0.3662075220470466,Alto,9,4,0,0,0.0190354868493421,0.014791391929402091,0.007685139814449991,0.259999999999998,-0.0617249487723297,2.0
2023-09-09,-0.0003431630206622,41.22776109275165,39.75,1.4777610927516491,-0.0023164583205445,0.0239799765342771,0.0388141895426576,0.0505238863530104,0.0651893839803778,0.3753863176844991,Alto,9,5,0,0,-0.0132081551334933,-0.0023403248547382086,-0.00728740551400771,-0.25,0.22319590370251774,2.0
2023-09-10,-0.0023191454606873,41.23419305081856,40.52,0.714193050818551,-0.0262789354068883,0.0293476296562016,0.0433777152429744,0.0496637012941529,0.0599231239849218,0.4202323307255236,Alto,9,6,0,0,-0.0003431630206622,0.0029226180981251912,-0.01107214775875671,0.7700000000000031,-0.7635680419330981,2.0
2023-09-11,-0.0266303976758038,42.26747687894221,44.33,-2.0625231210577866,0.0269281455116576,0.0555250428017541,0.1124708495015602,0.055859270057212,0.0680774421639804,0.4824282305587832,Alto,9,0,0,0,-0.0023191454606873,0.0019177399870622912,-0.01098021693249681,3.809999999999995,-2.7767161718763376,2.0
2023-09-12,0.0265719630767771,43.245730632749904,43.57,-0.3242693672500962,0.0147793545690613,0.0266024512289038,0.0640249070243537,0.0286392080526003,0.0355853886014374,0.4369139438314868,Alto,9,1,0,0,-0.0266303976758038,-0.023465374441304507,-0.03489248217475671,-0.759999999999998,1.7382537538076903,2.0
2023-09-13,0.014671204201257,43.52128998092816,44.05,-0.5287100190718377,0.0114686141407978,0.0206128441766455,0.0459331858744564,0.013498588971093,0.0244069864998854,0.4134745633437571,Alto,9,2,0,0,0.0265719630767771,-0.015928898213869506,-0.022675087801063712,0.4799999999999969,-0.20444065182174148,2.0
2023-09-14,0.0114033481188429,43.61621069295227,41.71,1.9062106929522715,0.0029133501717206,0.0259222938211864,0.0473495752511148,-0.0103439578052485,0.0124327322262829,0.3747804241871029,Alto,9,3,0,0,0.014671204201257,0.011950461120880792,0.0016010827424286916,-2.3399999999999963,2.434920712024109,2.0
2023-09-15,0.0029091145916004,43.26011408780951,39.14,4.120114087809505,-0.0015161654135339,0.019736842105263,0.0304657894736841,-0.0110973684210525,0.0208327067669173,0.3365109022556392,Alto,9,4,0,0,0.0114033481188429,0.02369697226038589,0.01760014576957309,-2.5700000000000003,2.2139033948572333,2.0
2023-09-16,-0.0015173159554027,34.14450534763876,39.52,-5.37549465236124,-0.0012108584180451,0.0003166455004901,0.0516354307113002,-0.0127260617319416,0.073084868900856,0.4254017463319386,Alto,9,5,0,0,0.0029091145916004,0.02892523231267359,0.022146823907137892,0.38000000000000256,-9.495608740170745,2.0
2023-09-17,-0.0012115920994153,33.304023779456365,39.83,-6.525976220543633,0.0088587281655911,0.0019839781419364,0.0538746380644092,-0.005824896494243,0.0704325434237891,0.3632455515048343,Médio,9,6,0,0,-0.0015173159554027,0.05403831403307469,0.017390771711055894,0.30999999999999517,-1.1504815681823928,1.0
2023-09-18,0.0088197198400656,33.44014628327877,41.48,-8.039853716721225,0.0167304935149954,-0.0069705718932939,0.043140198733228,0.0096732331907583,0.058196708754149,0.3681048601196226,Médio,9,0,0,0,-0.0012115920994153,0.02625475885688229,0.015481003324604992,1.6499999999999986,-1.5138774961775923,1.0
2023-09-19,0.0165920804871499,33.916025582404906,42.53,-8.613974417595095,-0.0031333768953327,-0.0353499011034806,0.0139601753162226,-0.0111465307571482,0.0552530552813534,0.3439085109807844,Médio,9,1,0,0,0.0088197198400656,0.02040327449569089,-0.0350201033994276,1.0500000000000043,-0.5741207008738698,1.0
2023-09-20,-0.0031382961994271,33.92326327213864,43.01,-9.086736727861355,-0.0205316129032256,-0.0302374193548387,0.0097740092165898,-0.0059885714285713,0.0937894930875575,0.3773220276497695,Médio,9,2,0,0,0.0165920804871499,0.025592006863997888,-0.0032922278304299106,0.4799999999999969,-0.47276231026626014,1.0
2023-09-21,-0.020745316649489,34.67348191107703,41.37,-6.696518088922964,0.0004539281724533,-0.0130385786251774,0.0115717808738906,0.0536165955537621,0.1257795068367755,0.4095403205651291,Médio,9,3,0,0,-0.0031382961994271,0.019544596072970388,0.04463956403349889,-1.6400000000000006,2.390218638938391,1.0
2023-09-22,0.0004538251782273,34.31042911592753,37.29,-2.9795708840724657,-0.0001572602702619,-0.0077934126757797,0.0067527861027067,0.0344004960094266,0.1283785563206212,0.3446750092362194,Alto,9,4,0,0,-0.020745316649489,0.00031659537888409015,0.02914028600333089,-4.079999999999998,3.7169472048504986,2.0
2023-09-23,-0.0001572726369548,34.14651008711026,37.64,-3.4934899128897428,-0.0123261774927414,0.0167606363043892,0.0107631107211179,0.0320026068672589,0.2443573063776434,0.4076007037939551,Alto,9,5,0,0,0.0004538251782273,0.0019820126565266885,0.027099265228941488,0.3500000000000014,-0.513919028817277,2.0
2023-09-24,-0.0124027749048935,34.3821220853357,38.6,-4.2178779146643,0.002149846961984,0.0250903103353425,0.023014753672417,0.058296550110902,0.292374234143212,0.4208221612152825,Alto,9,6,0,0,-0.0001572726369548,-0.006994979820493711,0.02301843094133969,0.9600000000000009,-0.7243880017745576,2.0
2023-09-25,0.0021475393477571,34.38553727341927,39.25,-4.864462726580733,-0.0031606386816709,0.0250049325579617,0.0322883913626443,0.0420295755795232,0.3113970410734767,0.4337138340858573,Alto,9,0,0,0,-0.0124027749048935,-0.03598983521253711,0.016221762009971788,0.6499999999999986,-0.6465848119164326,2.0
2023-09-26,-0.0031656440496646,34.3847091041288,38.67,-4.285290895871199,0.0057707994952267,0.0675357442908861,0.0869170422783904,0.0651911186434732,0.3024212416676743,0.4408186053748675,Alto,9,1,0,0,0.0021475393477571,-0.030703999665352914,0.01968356870735329,-0.5799999999999983,0.5791718307095337,2.0
2023-09-27,0.0057542122158011,34.44237816499692,36.06,-1.617621835003085,0.0245857599005647,0.0425253261006808,0.0767042341425829,0.060049315606611,0.28510343347493,0.419915982222721,Alto,9,2,0,0,-0.0031656440496646,-0.013124327065528513,0.017765207905125688,-2.6099999999999994,2.667669060868114,2.0
2023-09-28,0.0242883942227579,28.80818573375948,38.63,-9.82181426624053,-0.0042347932508283,0.0149907166137641,0.0480585935808632,0.0331463333307426,0.261260061010925,0.3782673652243646,Médio,9,3,0,0,0.0057542122158011,-0.007823940027954715,0.004483933271584686,2.5700000000000003,-8.204192431237445,1.0
2023-09-29,-0.004243785383294,28.35894658776759,33.04,-4.681053412232409,0.0020663798511613,0.0323934773753704,0.0671480538864293,0.0253897132935121,0.283158335241142,0.40554228348353,Alto,9,4,0,0,0.0242883942227579,0.016621726831757985,0.04198048262783589,-5.590000000000003,5.140760854008121,2.0
2023-09-30,0.0020642478248622,22.07765606193322,35.89,-13.812343938066782,0.0382014912530559,0.0166093278976475,0.1003791924802393,0.0158575446841842,0.2786148644639086,0.4039705428564646,Médio,9,5,0,1,-0.004243785383294,0.024780716353357483,0.03807986026520409,2.8500000000000014,-9.131290525834373,1.0
2023-10-01,0.037489880793177,25.594451413143847,37.5,-11.905548586856153,-0.0177925785306601,-0.0021962970888346,0.0684906744896949,-0.0399052319954902,0.2374630125065329,0.3476418921163722,Médio,10,6,1,0,0.0020642478248622,0.024697424830462587,0.04246325355075359,1.6099999999999994,1.9067953512106293,1.0
2023-10-02,-0.0179527694400128,26.334996870555905,38.17,-11.835003129444097,-0.0024750395624435,0.0168091739041722,0.090852682953797,-0.0267282450205512,0.2883091933626023,0.406917962895138,Médio,10,0,0,0,0.037489880793177,0.06535294967330418,0.10658353201973439,0.6700000000000017,0.07054545741205587,1.0
2023-10-03,-0.0024781075361443,26.31361320088631,37.96,-11.646386799113692,0.0128383320341014,0.0178874707125893,0.2057695378842183,-0.0205808551304105,0.2740102076607771,0.4384047376146975,Médio,10,1,0,0,-0.0179527694400128,0.04164596801749028,0.06205879950294449,-0.21000000000000085,0.18861633033040448,1.0
2023-10-04,0.0127566192765861,26.61543588245222,37.28,-10.66456411754778,-0.0132541019930111,-0.0067840065201341,0.2211834518479534,-0.0333382891919922,0.2497684366041881,0.4389603208516495,Médio,10,2,0,0,-0.0024781075361443,0.014879466258588082,0.04490948776554319,-0.6799999999999997,0.9818226815659123,1.0
2023-10-05,-0.013342721522066,27.015391397344857,36.75,-9.734608602655143,0.0189964462380871,-0.0007395006054273,0.2585027064554719,-0.0093482799770451,0.2791525403323338,0.5319409902595329,Médio,10,3,0,0,0.0127566192765861,0.03187987091846818,0.046262758923286386,-0.5300000000000011,0.9299555148926366,1.0
2023-10-06,0.0188182667350826,27.797977716380057,35.06,-7.262022283619945,0.0009158253401495,-0.0377919372283717,0.2227113227589758,0.0203962681012448,0.2535092615433196,0.5779305426318844,Médio,10,4,0,0,-0.013342721522066,0.01647290157153998,0.030010922809619988,-1.6899999999999977,2.472586319035198,1.0
2023-10-07,0.0009154062279922,26.995252000030284,37.61,-10.614747999969715,-0.001417193106332,-0.0428176889450709,0.2123053282096902,0.0157114563358224,0.2535859957570052,0.5653756330779025,Médio,10,5,0,0,0.0188182667350826,-0.0021987124865544203,0.05034650550010528,2.549999999999997,-3.35272571634977,1.0
2023-10-08,-0.0014181982742726,26.60381428799444,37.85,-11.246185712005564,-0.0117107645686059,-0.0377923168816188,0.2207951771408511,0.0144338316548489,0.2680107676133403,0.5500613424412679,Médio,10,6,0,0,0.0009154062279922,0.01666946318145058,0.05247350382751279,0.240000000000002,-0.631437712035849,1.0
2023-10-09,-0.0117798756643824,26.91898473872284,36.81,-9.89101526127716,-0.0072489717333595,-0.0267356575469769,0.2513860033954183,0.0407243607494276,0.2912129414442561,0.6009712897225528,Médio,10,0,0,0,-0.0014181982742726,0.017729372443322282,0.04223558571317459,-1.0399999999999991,1.355170450728405,1.0
2023-10-10,-0.007275373195296,27.02623370107137,38.53,-11.503766298928635,-0.0187877964755174,-0.008615150280466,0.2586556758422382,0.083202264174089,0.3399389999021545,0.5959623397049738,Médio,10,1,0,0,-0.0117798756643824,-0.006807122497646218,0.013863629561642287,1.7199999999999989,-1.612751037651476,1.0
2023-10-11,-0.0189665293285473,26.227867466688178,36.88,-10.652132533311825,-0.0043121026123401,0.0604736206034337,0.2888967357654846,0.1129012573524157,0.3879407728669062,0.6293455903364846,Médio,10,2,0,0,-0.007275373195296,-0.000739774170876218,0.009726552565773386,-1.6499999999999986,0.8516337656168105,1.0
2023-10-12,-0.0043214265402864,24.58186394540116,35.19,-10.608136054598836,0.0038255386939205,0.0611473327546008,0.3236890794080485,0.1208099663560369,0.3875378695445339,0.5416281914211818,Médio,10,3,0,0,-0.0189665293285473,-0.03852457023450612,0.011505339886715087,-1.6900000000000048,0.04399647871298917,1.0
2023-10-13,0.00381823992932,24.08015281753342,35.37,-11.289847182466575,-0.0003544039907676,0.0542774179137814,0.3007814012359466,0.2311067679249496,0.3797978557069466,0.5446500632864268,Médio,10,4,0,0,-0.0043214265402864,-0.04376140300278472,0.0067300881682013855,0.17999999999999972,-0.6817111278677395,1.0
2023-10-14,-0.0003544668067039,23.74969384407856,36.53,-12.780306155921444,0.0112343440903783,0.0693131509640823,0.2928705281597825,0.2632997026717831,0.3578980414471959,0.5964644606382725,Médio,10,5,0,0,0.00381823992932,-0.03852496479919212,0.010705600734476186,1.1600000000000037,-1.490458973454869,1.0
2023-10-15,0.0111717075306749,24.04585529143157,38.16,-14.11414470856842,0.0495920513070744,0.09261530926212,0.291223256850242,0.2703785609197857,0.3092359731385441,0.5843714496679144,Médio,10,6,0,0,-0.0003544668067039,-0.027099555941513618,0.022753908832665787,1.6299999999999955,-1.3338385526469754,1.0
2023-10-16,0.0484015661102945,29.37606102696523,42.63,-13.253938973034774,-0.0036795484193765,0.0494379452071136,0.2284533967140547,0.1982710648620846,0.3283215406736235,0.4715491997061134,Médio,10,0,0,0,0.0111717075306749,-0.008652475215542719,0.031778077015583585,4.470000000000006,0.8602057355336452,1.0
2023-10-17,-0.0036863346095197,29.40115127334765,41.08,-11.67884872665234,-0.0026732723128084,0.0562246464367579,0.2341949949834323,0.1935528743400016,0.2735464367931861,0.4888774474915578,Médio,10,1,0,0,0.0484015661102945,0.058715620223299084,0.08334528717554268,-1.5500000000000043,1.575090246382434,1.0
2023-10-18,-0.0026768518861103,29.25466394184744,39.24,-9.985336058152566,0.0139021892655366,0.1677256355932201,0.2499689265536724,0.2034251412429377,0.2928644067796608,0.460969279661017,Médio,10,2,0,0,-0.0036863346095197,0.05935071215406579,0.07390474035022189,-1.8399999999999963,1.6935126684997748,1.0
2023-10-19,0.0138064402260006,29.07804513598613,39.18,-10.10195486401387,0.0332708660775638,0.1814122939877851,0.2406867660082936,0.2024182872920288,0.2735414545873731,0.4856248112835299,Médio,10,3,0,0,-0.0026768518861103,0.05285562033863548,0.046939494241353685,-0.060000000000002274,-0.1166188058613038,1.0
2023-10-20,0.0327293688126812,31.219627933579265,44.26,-13.040372066420732,0.008114856429463,0.1626951866322605,0.2370164319438712,0.161976592434403,0.2592203859646285,0.4249193772363377,Médio,10,4,0,0,0.0138064402260006,0.06701652737133998,0.06498971985064829,5.079999999999998,-2.938417202406862,1.0
2023-10-21,0.0080821080284522,30.50001692401941,45.9,-15.39998307598059,0.0027636426856749,0.1418217440437583,0.2471373930952396,0.1581411443740847,0.2520571852703797,0.460020795859551,Médio,10,5,0,0,0.0327293688126812,0.08857418865334629,0.09565484083846729,1.6400000000000006,-2.359611009559858,1.0
2023-10-22,0.0027598308466535,30.51479425833185,48.81,-18.295205741668152,0.1026101226774995,0.1300180111934799,0.2379778117566882,0.1810111608050824,0.1916878442115119,0.4624275567926073,Baixo,10,6,0,0,0.0080821080284522,0.04825473057150399,0.06624706807374249,2.9100000000000037,-2.8952226656875624,0.0
2023-10-23,0.0976802078654768,45.73863565914681,55.37,-9.631364340853189,0.025785916475935,0.0305718266017014,0.120778385478798,0.0565951184140061,0.1311869159924148,0.3295752432946004,Médio,10,0,0,0,0.0027598308466535,0.054700896027677186,0.08695966836040879,6.559999999999995,8.663841400814963,1.0
2023-10-24,0.0254590665708626,46.391453021800096,54.19,-7.798546978199901,0.0169007624091575,0.0177804085932942,0.0748819449378042,0.02340760899845,0.0993891116664253,0.2882854652323088,Médio,10,1,0,0,0.0976802078654768,0.1550579557792643,0.1871179837620299,-1.1799999999999997,1.8328173626532882,1.0
2023-10-25,0.0167595335532492,46.75232366739309,58.36,-11.607676332606909,-0.0099834618746204,-0.0006180417757974,0.0305872701367257,0.0164082554379414,0.0932721282581627,0.2462731240243447,Médio,10,2,0,0,0.0254590665708626,0.1667105821241263,0.19982043105630642,4.170000000000002,-3.809129354407008,1.0
2023-10-26,-0.0100336308158802,46.87013067104901,55.02,-8.149869328950992,-0.0076025587043209,0.0142924238528958,0.1085317668306604,0.0251882338955118,0.1062615989969446,0.2759593530739059,Médio,10,3,0,0,0.0167595335532492,0.1507407468646943,0.2299226861316216,-3.3399999999999963,3.457807003655917,1.0
2023-10-27,-0.0076316054672112,46.9027364494664,47.19,-0.2872635505336021,0.0055759438357467,0.0451259618045782,0.0670213814343319,0.0340513784660814,0.1049040452590315,0.2542459847480323,Alto,10,4,0,0,-0.0100336308158802,0.1326250080203619,0.2010707885806588,-7.830000000000005,7.8626057784173895,2.0
2023-10-28,0.0055604558078266,46.172005765297925,50.23,-4.057994234702072,0.0130539010005574,0.0252513130483258,0.0743205891845895,0.0386760951850004,0.092770165194683,0.2742833250198058,Alto,10,5,0,0,-0.0076316054672112,0.12223357170649721,0.19252377688545538,3.039999999999999,-3.77073068416847,2.0
2023-10-29,0.0129694331309013,46.36947294958752,54.21,-7.840527050412483,-0.0014817865665446,0.0055288944035909,0.059150104457843,0.0318262613939859,0.0953771213428531,0.2328070326355091,Médio,10,6,0,0,0.0055604558078266,0.030113819648846983,0.1995024309675546,3.980000000000004,-3.782532815710411,1.0
2023-10-30,-0.001482885497981,46.36676745591803,53.89,-7.523232544081971,0.0047872746211499,0.0170368266843568,0.0836882551364432,0.064579476039406,0.0980402167036549,0.2202256551392858,Médio,10,0,0,0,0.0129694331309013,0.017624186208885687,0.2242517397628383,-0.3200000000000003,0.31729450633051215,1.0
2023-10-31,0.0047758520627768,44.51573615892377,54.76,-10.244263841076226,0.0225653923221778,0.0107422768684666,0.0810920511308246,0.0768440437104518,0.0890360992581649,0.2165288626339032,Médio,10,1,0,1,-0.001482885497981,-0.0006182328423445151,0.2300442274601533,0.8699999999999974,-2.721031296994255,1.0
2023-11-01,0.0223145602612131,44.75511161319558,59.78,-15.02488838680442,-0.0135466015911837,-0.0105964101392858,0.0090402900165238,0.048235489081045,0.0920654530322462,0.1937287681496766,Médio,11,2,1,0,0.0047758520627768,0.014191250036312485,0.2537866088514774,5.020000000000003,-4.780624545728195,1.0
2023-11-02,-0.01363919395731,44.9989579644055,60.0,-15.001042035594502,-0.006433880083877,0.0130941379599498,0.070596386712797,0.0607453753535542,0.1290370587028237,0.264382931629614,Médio,11,3,0,0,0.0223145602612131,0.04413741576473679,0.2804225956529769,0.21999999999999886,0.023846351209918737,1.0
2023-11-03,-0.0064546666973641,44.83498860574293,57.89,-13.055011394257072,0.0099459108822881,0.0261527710807281,0.074243636650634,0.0502970033511172,0.1513815509387679,0.2946739300130947,Médio,11,4,0,0,-0.01363919395731,0.024937765999600188,0.2629651617663469,-2.1099999999999994,1.9460306413374298,1.0
2023-11-04,0.0098967758372308,44.7261991200221,62.46,-17.7338008799779,-0.0014314614054447,0.0467462417364403,0.0756230308136398,0.0139501176057204,0.1976218175367283,0.221982330193283,Baixo,11,5,0,0,-0.0064546666973641,0.005513666171334787,0.2568649618756867,4.57,-4.678789485720827,0.0
2023-11-05,-0.0014324869251003,44.24474068770592,60.1,-15.85525931229408,0.0009770969168179,0.0653992302041479,0.0790814432129893,0.0812958344424805,0.2588104380570253,0.2610319697199923,Médio,11,6,0,0,0.0098967758372308,0.01689332750654659,0.2555900301822426,-2.3599999999999994,1.8785415676838184,1.0
2023-11-06,0.0009766198683485,44.24489992856368,57.36,-13.115100071436316,0.0100733063231877,0.0594619827775366,0.0685194839138974,0.0318842986478664,0.2487181879633364,0.2596301042427273,Médio,11,0,0,0,-0.0014324869251003,0.010684988518669487,0.2057559771468478,-2.740000000000002,2.740159240857764,1.0
2023-11-07,0.0100229087373373,44.38005112993964,55.48,-11.09994887006036,0.0063730397817798,0.0470353500313001,0.0520798257131813,0.0343172372646549,0.2224354729722093,0.2420738142643093,Médio,11,1,0,0,0.0009766198683485,-0.010652951874195113,0.210418931624716,-1.8800000000000026,2.015151201375957,1.0
2023-11-08,0.0063528178351219,44.244955251294336,57.58,-13.335044748705664,0.0302141322093196,0.0235288866831795,0.0615906595195696,0.0264810502370262,0.2398971837533037,0.2331049900181669,Médio,11,2,0,0,0.0100229087373373,0.013009150820452186,0.2231186922481636,2.1000000000000014,-2.2350958786453052,1.0
2023-11-09,0.029766675983155,45.375979089935534,58.87,-13.494020910064464,0.0163630017528089,-0.0313314945141954,0.0314309466013136,0.0179496031316781,0.1910708918999408,0.2792818959872856,Médio,11,3,0,0,0.0063528178351219,0.025816635352938183,0.2156650698572849,1.2899999999999991,-0.15897616135879922,1.0
2023-11-10,0.016230570534908,45.24669318553885,56.84,-11.593306814461153,-0.0046011394140148,0.0149207956864083,0.0113220253377668,0.0039448678248108,0.1739302009054297,0.2361390105472602,Médio,11,4,0,0,0.029766675983155,0.04568653549886238,0.2127023770277587,-2.029999999999994,1.9007140956033108,1.0
2023-11-11,-0.0046117572378791,45.25018006762827,58.09,-12.839819932371732,-0.0017740371667116,-0.0260298949636411,0.0418130891462429,-0.0373915970913008,0.1110530568273633,0.2565039051979532,Médio,11,5,0,0,0.016230570534908,0.06334959295887069,0.2208508395342145,1.25,-1.2465131179105793,1.0
2023-11-12,-0.0017756126342137,45.23481639011963,58.33,-13.095183609880364,-0.0162205345167955,-0.0121467845056661,0.0643808447682436,0.0092868765569298,0.1194756223874673,0.2502427549223469,Médio,11,6,0,0,-0.0046117572378791,0.05776121585264308,0.2134792514496819,0.23999999999999488,-0.2553636775086314,1.0
2023-11-13,-0.0163535274925213,45.592889796255655,56.26,-10.667110203744343,-0.0250045731377044,0.0028842992046991,0.096243774156383,0.0227998682497538,0.1756880206829236,0.1733212333731821,Médio,11,0,0,0,-0.0017756126342137,0.04596269448109209,0.11402343094999139,-2.0700000000000003,2.4280734061360203,1.0
2023-11-14,-0.0253224983929354,46.276807670633545,56.24,-9.963192329366455,0.0648926238474716,0.0508750902571755,0.1811447099239151,0.0608244055965496,0.2101496461862457,0.2052477005692354,Médio,11,1,0,0,-0.0163535274925213,0.02325634915344888,0.07221083688660748,-0.01999999999999602,0.703917874377888,1.0
2023-11-15,0.0628739714000101,48.34747077806537,60.51,-12.162529221934626,-0.0447641462087472,-0.0108145659328757,0.1641683968070326,-0.0020479050773676,0.1078260456123114,0.1023331801300644,Médio,11,2,0,0,-0.0253224983929354,-0.03183282522264151,0.030128804940422887,4.269999999999996,-2.199336892568171,1.0
2023-11-16,-0.0457970016721318,50.9019061239478,55.35,-4.448093876052205,0.0124548197893399,-0.0116653499618815,0.2101339167575271,0.0355031909236684,0.1690798265986901,0.1755247209134289,Alto,11,3,0,0,0.0628739714000101,0.014810575642460584,0.10303640715631318,-5.159999999999997,7.714435345882421,2.0
2023-11-17,0.0123778965726653,51.07614974593305,55.4,-4.323850254066947,-0.0012514366120863,0.0216972124263121,0.1818767288506666,0.0171732499552081,0.1300251379803092,0.1781844172926581,Alto,11,4,0,0,-0.0457970016721318,-0.026374668791792115,0.06487101095139258,0.04999999999999716,0.12424362198525785,2.0
2023-11-18,-0.0012522203127861,50.85048693626596,54.38,-3.5295130637340435,0.0216516581391978,0.0198582917898386,0.2079104465367356,0.0342038552727652,0.1665303912426405,0.1697654513086541,Alto,11,5,0,0,0.0123778965726653,-0.012221159584913113,0.07168845171623128,-1.019999999999996,0.7943371903329037,2.0
2023-11-19,0.0214205903732043,50.11254352213294,56.54,-6.427456477867061,0.0023800945720888,0.0094676478980382,0.17006862445416,0.0132436256452781,0.1315885552033653,0.1062006121007947,Alto,11,6,0,0,-0.0012522203127861,0.002880147594822088,0.05746679827254389,2.1599999999999966,-2.8979434141330174,2.0
2023-11-20,0.0023772666332884,50.04005676432865,57.94,-7.899943235671351,-0.0455857306967009,0.0088625050001629,0.1693173983237905,0.0073481699537341,0.1660975337514334,0.112426893479574,Médio,11,0,0,0,0.0214205903732043,0.04962323636096179,0.08037027414372919,1.3999999999999986,-1.4724867578042904,1.0
2023-11-21,-0.0466574572380058,52.61120585655013,55.72,-3.1087941434498703,0.0466315908750714,0.0477252728959072,0.1542108436515941,0.0822813160556379,0.2271901269247502,0.1665952747005243,Alto,11,1,0,0,0.0023772666332884,-0.010873468405759909,0.07797168871424077,-2.219999999999999,4.791149092221481,2.0
2023-11-22,0.0455769987877179,43.12539265767977,55.5,-12.374607342320232,-0.0030490526978742,-0.0044278896096431,0.1091748524526885,0.0545870252462419,0.1753806771431185,0.1115256651324279,Médio,11,2,0,0,-0.0466574572380058,-0.011733923971633912,0.008999671215021883,-0.21999999999999886,-9.265813198870362,1.0
2023-11-23,-0.0030537105294436,42.21461938264815,53.87,-11.655380617351852,0.0112427428549364,0.014066232140693,0.1494800275001957,0.0718067221032288,0.1718193781995525,0.0609675263874245,Médio,11,3,0,0,0.0455769987877179,0.021465178243418686,0.06821586396004978,-1.6300000000000026,0.7192267249683795,1.0
2023-11-24,0.0111800129543677,41.98937438366476,53.65,-11.660625616335238,0.0017792004310384,0.0037405634099343,0.1407633910022308,0.1134215084915057,0.1399477694633524,0.0579109853561994,Médio,11,4,0,0,-0.0030537105294436,0.019663688026761186,0.07161682012797027,-0.21999999999999886,-0.00524499898338604,1.0
2023-11-25,0.0017776195288349,41.84785992336309,52.13,-10.282140076636914,-0.008820383545342,-0.0015010321415687,0.1100994238588146,0.1665573956205648,0.1533974913626465,0.0609891248619995,Médio,11,5,0,0,0.0111800129543677,0.009423110607924588,0.07290005724510717,-1.519999999999996,1.3784855396983247,1.0
2023-11-26,-0.0088595133917138,41.87728594980416,53.19,-11.312714050195844,-0.0054671308551749,0.0329819696571966,0.1289968363650055,0.1686433488226029,0.1351628135762588,0.0671250336805489,Médio,11,6,0,0,0.0017776195288349,0.008823463503471088,0.07611016369904237,1.0599999999999952,-1.0305739735589299,1.0
2023-11-27,-0.0054821303093678,41.8760295045682,50.62,-8.743970495431796,0.0154706828452289,0.0592773885889046,0.1109465747649876,0.1619227392213778,0.1661036928042274,0.1229988695771253,Médio,11,0,0,0,-0.0088595133917138,0.04662140734976309,0.06627403043898007,-2.5700000000000003,2.5687435547640476,1.0
2023-11-28,0.0153522319467537,41.97395027139274,50.58,-8.60604972860726,0.0009458241348827,0.0569395648257073,0.1279501476379383,0.1679616551208429,0.1254635582713072,0.1137463916822474,Médio,11,1,0,0,-0.0054821303093678,-0.004437721747322608,0.050768991392274976,-0.03999999999999915,0.1379207668245357,1.0
2023-11-29,0.0009453771250752,41.97205857060008,51.9,-9.927941429399922,-0.0034521527611939,0.1092722054680745,0.1167980992554678,0.1547752138179097,0.1112759228459179,0.1103278224281092,Médio,11,2,0,0,0.0153522319467537,0.013968220728874693,0.059768405503906774,1.3200000000000003,-1.321891700792662,1.0
2023-11-30,-0.0034581251896556,41.95632969084564,49.8,-7.843670309154355,0.0254098456259628,0.1683110680851109,0.157591355732537,0.1607877327830906,0.117069363873782,0.1478832020816478,Médio,11,3,0,1,0.0009453771250752,0.0037335848995821925,0.03094710664582698,-2.1000000000000014,2.0842711202455675,1.0
2023-12-01,0.0250923820630897,42.14683435020992,51.46,-9.31316564979008,0.0198495341048101,0.1313298616532741,0.1338920008313835,0.0664610268410643,0.0930926940643992,0.1100905525286357,Médio,12,4,1,0,-0.0034581251896556,-0.0015021598189083074,0.01125841092126338,1.6600000000000037,-1.4694953406357243,1.0
2023-12-02,0.0196551008311664,42.4349492352418,52.35,-9.9150507647582,0.0132295404223283,0.096901294918803,0.1145411891149255,0.0517622784081763,0.1198772634463321,0.0793313620791704,Médio,12,5,0,0,0.0250923820630897,0.03244973563589519,0.04096255022223218,0.8900000000000006,-0.6018851149681215,1.0
2023-12-03,0.0131427942891877,42.62243312478301,54.72,-12.097566875216993,0.0505060259289815,0.105041096000076,0.0933122120190352,0.0724695076035228,0.1244525578488682,0.0778209688418918,Médio,12,6,0,0,0.0196551008311664,0.057586966776429396,0.06239326368761228,2.3699999999999974,-2.182516110458792,1.0
2023-12-04,0.0492719775349014,45.82715970463662,55.09,-9.262840295363382,0.0495871744250566,0.0410205972217923,0.0238240960584505,0.0245566322387364,0.020340738870856,0.0287894339514802,Médio,12,0,0,0,0.0131427942891877,0.05537752911886339,0.09188958546932129,0.37000000000000455,2.8347265798536103,1.0
2023-12-05,0.0483969196447064,48.83496794058656,55.71,-6.875032059413442,-0.0070480281494563,-0.0064394967295405,-0.0112809745215473,-0.0483970801382785,0.0017647864966832,-0.0241014291639477,Médio,12,1,0,0,0.0492719775349014,0.1037041295286896,0.16648406139715807,0.6199999999999974,2.38780823594994,1.0
2023-12-06,-0.0070729828231434,48.89605994912856,53.71,-4.8139400508714445,-0.0111864695703121,-0.0573385685386341,-0.0286490615636287,-0.0339252454545185,0.0087384939088523,-0.0269592659866202,Alto,12,2,0,0,0.0483969196447064,0.1555591743630516,0.15200700964185437,-2.0,2.0610920085419977,2.0
2023-12-07,-0.0112495086853494,48.92851209664483,52.4,-3.471487903355168,0.0207484365590293,-0.041151393219905,0.0035983060161568,-0.0438722496218207,0.0160649308092732,-0.013043657104615,Alto,12,3,0,0,-0.0070729828231434,0.12339380947681851,0.19073102849084278,-1.3100000000000023,1.3424521475162763,2.0
2023-12-08,0.0205361195573296,49.40040271719892,53.72,-4.319597282801084,-0.0103549863835969,-0.0294754543649575,-0.0363865514447376,-0.0342575522984655,-0.0054780298109686,-0.02427022803881,Alto,12,4,0,0,-0.0112495086853494,0.09248919996030269,0.16710362323282807,1.3200000000000003,-0.8481093794459156,2.0
2023-12-09,-0.0104089722604937,48.43323871744335,53.98,-5.546761282556645,0.0017365305076681,-0.0158152154020715,-0.0376690549394239,-0.0328870191427839,0.0740602466966802,0.0145492478313384,Alto,12,5,0,0,0.0205361195573296,0.0998825252284446,0.1888919631029438,0.259999999999998,-1.227163999755561,2.0
2023-12-10,0.0017350244818206,48.1050313822296,55.03,-6.924968617770404,-0.0579159255264559,-0.0422295202663833,-0.0376626730922543,-0.0027536275240348,0.0529919151869933,0.0342351398771074,Médio,12,6,0,0,-0.0104089722604937,0.040201575433049495,0.1570624004692458,1.0500000000000043,-1.3782073352137596,1.0
2023-12-11,-0.0596607573549242,52.38861956562615,55.59,-3.201380434373853,0.005793219467971,0.0248374679420362,0.0249720023076884,0.0632287278139498,0.130912603567221,0.1425184348441581,Alto,12,0,0,0,0.0017350244818206,-0.006460319729836306,0.15642015831777797,0.5600000000000023,3.7235881833965516,2.0
2023-12-12,0.0057765033012788,52.42369351220616,53.87,-1.4463064877938407,0.033178132182793,-0.0028376287796387,0.064762719139582,0.0596892586809292,0.1168110586061685,0.1508397081970933,Alto,12,1,0,0,-0.0596607573549242,-0.05904809426161711,0.1434168582008596,-1.720000000000006,1.755073946580012,2.0
2023-12-13,0.0326396168808299,53.34156253289708,53.46,-0.1184374671029218,0.003574375254117,-0.0049273333219808,0.0484704225871217,0.0194343095703355,-0.0020131082975284,0.1266872611766583,Alto,12,2,0,0,0.0057765033012788,-0.0420220822749889,0.10361636271442048,-0.4099999999999966,1.327869020690919,2.0
2023-12-14,0.0035680023564587,52.61991070142131,53.13,-0.5100892985786913,-0.0251488415531866,-0.0173461366278759,-0.0041148465933681,-0.0007149787110207,-0.0040506937571388,0.1602661041051769,Alto,12,3,0,0,0.0326396168808299,-0.0299185849514886,0.139309690124694,-0.3299999999999983,-0.39165183147576954,2.0
2023-12-15,-0.0254704776409772,48.649982096704456,54.15,-5.500017903295543,0.0080526367241053,0.0412164433730801,0.0527130230351235,0.0390037744126769,-0.004958238257714,0.1850079756224918,Alto,12,4,0,0,0.0035680023564587,-0.015941610334536203,0.131697679526785,1.019999999999996,-4.989928604716852,2.0
2023-12-16,0.0080203872581405,46.03767707048161,53.81,-7.7723229295183955,-0.021367599199868,0.0374608277632615,0.0441619441587037,0.0054614654467106,0.0055127923415543,0.2251084073690283,Médio,12,5,0,0,-0.0254704776409772,-0.043147112457334005,0.10444958235697288,-0.3399999999999963,-2.2723050262228526,1.0
2023-12-17,-0.0215991913352078,46.449837750880526,54.6,-8.150162249119475,0.0310129511669585,0.0627048204637381,0.0626874185038421,0.0496487583580766,0.0426178831724255,0.2539078880425574,Médio,12,6,0,0,0.0080203872581405,0.024534032155730696,0.1213294830068272,0.7899999999999991,-0.37783931960107964,1.0
2023-12-18,0.0305417667085518,47.653827280389706,56.02,-8.366172719610297,-0.0089505319074121,0.0244822752228197,0.0298004116480454,-0.0022045206269427,0.0027732325623917,0.2219127568697869,Médio,12,0,0,0,-0.0215991913352078,-0.0028416624807558986,0.10521242198098718,1.4200000000000017,-0.21601047049082212,1.0
2023-12-19,-0.008990828549252,47.1688079141344,57.62,-10.4511920858656,0.0329487257424367,0.0169247367122569,0.1105840454593731,-0.0049446506161062,-0.0224356662020215,0.2215595660799427,Médio,12,1,0,0,0.0305417667085518,-0.004939512653033995,0.12040195674278528,1.5999999999999943,-2.0850193662553025,1.0
2023-12-20,0.0324175526446297,48.49812445841387,58.1,-9.601875541586132,0.0044166413053858,-0.0021250806923824,0.0558994690275214,-0.0350054375044225,-0.0460258586596924,0.1939305588664526,Médio,12,2,0,0,-0.008990828549252,-0.017498343558744703,0.11046575106845809,0.480000000000004,0.8493165442794677,1.0
2023-12-21,0.0044069165684448,45.71184265271961,58.63,-12.918157347280392,0.002444952099549,-0.0308439234139958,0.063658810171949,-0.0359816514598124,-0.0493769065565025,0.1804059568918741,Médio,12,3,0,0,0.0324175526446297,0.040389686726862196,0.14634142890274338,0.5300000000000011,-3.31628180569426,1.0
2023-12-22,0.0024419680670525,42.86682212894903,57.24,-14.37317787105097,-0.0060697254249807,-0.0122856901128612,0.0539042926568331,0.0047876869724696,-0.0543270901525254,0.1885367522238374,Médio,12,4,0,0,0.0044069165684448,0.0367762160371665,0.12565596340809848,-1.3900000000000006,-1.4550205237705782,1.0
2023-12-23,-0.0060882210887275,42.90617239370474,56.97,-14.063827606295256,-0.016261438793872,-0.0260490556988487,-0.0210385482090588,0.0284825738590495,-0.0945980702098021,0.1864262544460044,Médio,12,5,0,0,0.0024419680670525,0.060817375439426793,0.10844283064398458,-0.2700000000000031,0.3093502647557145,1.0
2023-12-24,-0.0163951070628506,43.10958279858415,58.73,-15.620417201415847,0.0135987346335904,-0.0215054138608795,-0.0033381017177814,-0.0034023004547409,-0.0719653885070304,0.1929897770489514,Médio,12,6,0,0,-0.0060882210887275,0.024187387642147496,0.08921181526606939,1.759999999999998,-1.5565895951205917,1.0
2023-12-25,0.0135071016356846,43.36183524463133,58.26,-14.898164755368668,-0.0244904721920005,-0.0329503790263154,-0.0423116967936344,0.0131946090669363,-0.0801184042731651,0.1644941852339803,Médio,12,0,0,0,-0.0163951070628506,0.016783109128548898,0.023544730668317377,-0.46999999999999886,0.7222524460471789,1.0
2023-12-26,-0.0247953518646705,44.1078319522742,59.98,-15.872168047725792,0.0216406293924593,-0.0053012390572991,5.104809742317862e-05,0.0384902654571639,-0.0599365827368508,0.213114985486579,Médio,12,1,0,0,0.0135071016356846,-0.0021273418803962017,-0.011345087340704427,1.7199999999999989,-0.9740032923571231,1.0
2023-12-27,0.021409795298211,44.69467289664307,64.35,-19.655327103356925,-0.0199197077518745,0.0172857443842056,-0.00669831229701,0.0124219268988241,-0.0369648286795527,0.1911171951364128,Baixo,12,2,0,0,-0.0247953518646705,-0.0313296103135115,-0.029067456382231526,4.369999999999997,-3.783159055631133,0.0
2023-12-28,-0.0201207798082353,44.92431725079239,63.75,-18.82568274920761,-0.0116721361082762,0.0559901192939722,0.0049887509938031,0.0320756436931322,-0.0104109693316568,0.2798791742082935,Baixo,12,3,0,0,0.021409795298211,-0.012361783082352997,0.0035918476013288743,-0.5999999999999943,0.8296443541493161,0.0
2023-12-29,-0.0117407902387348,45.10938732217063,62.5,-17.390612677829374,0.0017431736790995,0.0185009847398018,-0.0175779323197902,0.1161027837768129,-0.0008531638257587,0.3558705824881527,Baixo,12,4,0,0,-0.0201207798082353,-0.026394341801860798,-0.03706505176423602,-1.25,1.4350700713782345,0.0
2023-12-30,0.0017416561151908,45.09734933990561,63.11,-18.012650660094387,0.0034005469351414,0.0477172909150105,-0.0114201898990704,0.0942025064854814,0.0275845343220311,0.4815302603589724,Baixo,12,5,0,0,-0.0117407902387348,-0.021740024977745,-0.03839686974247713,0.6099999999999994,-0.6220379822650131,0.0
2023-12-31,0.0033947781497301,44.25571569131976,64.71,-20.45428430868024,0.0448393915557765,0.0440248909860516,-0.0138952283605124,0.103359507402164,0.0155502443265209,0.4457380382644988,Baixo,12,6,0,1,0.0017416561151908,-0.0335054704982388,-0.038390238109106925,1.5999999999999943,-2.441633648585853,0.0
2024-01-01,0.0438631813137809,46.32115945420559,66.81,-20.488840545794417,0.0173691221390892,-0.0047811713790657,-0.0588331026459074,0.0488825712348812,-0.0362056652908416,0.4121443065852865,Baixo,1,0,1,0,0.0033947781497301,-0.0053153404838382,0.024665297395547375,2.1000000000000085,-0.034556237114177435,0.0
2024-01-02,0.0172200031711351,46.48345506800675,63.75,-17.266544931993252,-0.046759165424275,-0.0226464956100431,-0.1196720753440003,-0.0481496948288547,-0.0414704815080725,0.3791221687987003,Baixo,1,1,0,0,0.0438631813137809,0.017138045531731698,0.06275197540804947,-3.0600000000000023,3.2222956138011654,0.0
2024-01-03,-0.0478876952125601,46.30710382082036,65.17,-18.862896179179643,0.0304787720826797,0.0958288705650547,-0.0687971566496434,6.441790603051167e-05,0.0082802683052465,0.4730687640141038,Baixo,1,2,0,0,0.0172200031711351,0.0544788285111021,0.04733236169835468,1.4200000000000017,-1.5963512471863908,0.0
2024-01-04,0.0300235215075549,44.373916315114805,65.34,-20.9660836848852,-0.0001356704589465,0.0443680904892516,-0.0920978186273955,-0.0547834595287546,-0.0258206477301812,0.5457306839467195,Baixo,1,3,0,0,-0.0478876952125601,0.018331923537276792,-0.004123335870664116,0.1700000000000017,-2.103187505705556,0.0
2024-01-05,-0.0001356796630157,44.3053051010855,67.64,-23.3346948989145,-0.0040047470716462,0.0568325687714901,-0.0947787875033044,-0.0370145187088671,-0.035388517550415,0.4435123165397028,Baixo,1,4,0,0,0.0300235215075549,0.046613788929640895,0.051370663277867976,2.299999999999997,-2.3686112140293005,0.0
2024-01-06,-0.0040127875450878,44.1533928554806,71.39,-27.236607144519404,-0.00089382537245,0.0539215507892956,-0.0487808039970596,-0.0188856431175902,-0.0286483540876704,0.5027647178695933,Baixo,1,5,0,0,-0.0001356796630157,0.04308333111689509,0.04321459635671178,3.75,-3.9019122456049047,0.0
2024-01-07,-0.0008942250725407,43.56958386548244,71.81,-28.24041613451756,0.0687932487453624,-0.0260941400468299,-0.0411661812624092,-0.0262450653349425,-0.0188957094877144,0.5211623204888249,Baixo,1,6,0,0,-0.0040127875450878,-0.004792637741973597,0.06080100014683178,0.4200000000000017,-1.0038089899981557,0.0
2024-01-08,0.066530207112407,49.23063868220156,67.16,-17.92936131779844,-0.0179131282288954,-0.0873899704884066,-0.1047895850656344,-0.1197745566445386,-0.0554075053502542,0.4509623216013958,Baixo,1,0,0,0,-0.0008942250725407,-0.022906865985649397,0.029365008365739277,-4.650000000000006,10.311054816719121,0.0
2024-01-09,-0.0180755104150301,49.62903343829625,64.17,-14.540966561703756,0.0117976577748861,-0.0949392756451963,-0.0608826718716114,-0.096529386250271,-0.017812838863587,0.4815283018867926,Médio,1,1,0,0,0.066530207112407,0.0915110363393177,0.10488604402739828,-2.989999999999995,3.388394756094682,1.0
2024-01-10,0.0117286079638338,45.24064982962346,62.7,-17.45935017037654,-0.0067481902405345,-0.0888003362627719,-0.0795835468734827,-0.1062706533781997,0.0102623591251251,0.4780274956118437,Baixo,1,2,0,0,-0.0180755104150301,0.04341200441673271,0.05439298096773848,-1.4699999999999989,-2.918383608672782,0.0
2024-01-11,-0.0067710622307292,45.25742713665873,57.3,-12.04257286334127,-0.0767478305605885,-0.0690821758529935,-0.081122748017012,-0.1026956466194035,0.0304694776512994,0.5554468402103103,Médio,1,3,0,0,0.0117286079638338,0.0552762920435822,0.06171467236312747,-5.400000000000006,5.416777307035268,1.0
2024-01-12,-0.0798528754667809,51.90783237498224,57.42,-5.512167625017767,0.001525381853846,-0.0001549690728012,0.0070170837625369,-0.0751403662178642,0.1289599798797316,0.6701133845362366,Alto,1,4,0,0,-0.0067710622307292,0.05251801735794081,0.05250164206534578,0.12000000000000455,6.530405238323503,2.0
2024-01-13,0.0015242196406752,51.89563400493431,55.07,-3.174365995065692,-0.0260371606696137,-0.035485678558084,0.0082153211854278,-0.0688571389229693,0.1649851019849473,0.7053871138412795,Alto,1,5,0,0,-0.0798528754667809,-0.026440633036299392,-0.021263012312707615,-2.3500000000000014,2.337801629952075,2.0
2024-01-14,-0.0263821287056394,51.95101724349741,56.87,-4.9189827565025865,0.0186605834562396,-0.0017569104064353,0.0306414568074886,-0.0394770483809323,0.1909128050541126,0.7106379103980487,Alto,1,6,0,0,0.0015242196406752,-0.09144662050803118,-0.0033436856091818195,1.7999999999999972,-1.7446167614368946,2.0
2024-01-15,0.0184886108803488,52.27495529056037,55.96,-3.685044709439637,0.0147455605712389,-0.0191728748491569,0.0016885001799529,-0.0599845687361654,0.2183916671175292,0.6348636003302668,Alto,1,0,0,0,-0.0263821287056394,-0.0997532387986405,-0.04323291595050582,-0.9099999999999966,1.2339380470629497,2.0
2024-01-16,0.0146379018282994,51.980570359523945,55.16,-3.179429640476052,-0.0083882057445937,-0.0361078818070862,-0.0099506351136297,-0.0304706180984491,0.2026533481540036,0.5137629395926324,Alto,1,1,0,0,0.0184886108803488,-0.09299323588212549,5.104679451348182e-05,-0.8000000000000043,0.5056150689635848,2.0
2024-01-17,-0.0084235847254326,50.96196780206096,50.79,0.171967802060962,-0.0338647048234878,-0.0749970193636166,0.0075474388735765,-0.0153232763155126,0.2185334801442862,0.5988713323561521,Alto,1,2,0,0,0.0146379018282994,-0.0715842718230969,-0.0067208466753981184,-4.369999999999997,3.351397442537014,2.0
2024-01-18,-0.0344513974581589,52.26560299627746,48.31,3.955602996277456,0.0080220192365858,-0.0345992377956566,0.0731256427318371,0.0170240154860563,0.2495950638194906,0.6359564454660942,Alto,1,3,0,0,-0.0084235847254326,-0.00015498108174859943,0.004976348407404581,-2.479999999999997,3.783635194216494,2.0
2024-01-19,0.0079900138913296,51.10382836152269,48.04,3.063828361522688,0.0008884028264701,-0.0377865255143963,0.087126848608813,0.0394553113694677,0.2515334610527417,0.4867700952230525,Alto,1,4,0,0,-0.0344513974581589,-0.0361305981805827,-0.01773425881201952,-0.2700000000000031,-0.8917746347547681,2.0
2024-01-20,0.0008880084302503,51.0816438333697,47.96,3.1216438333697027,-0.002775083677011,-0.0416094669901507,0.130389600547198,0.0298603896197335,0.2417181583670775,0.6270252522781539,Alto,1,5,0,0,0.0079900138913296,-0.0017584555836137033,-0.01148590103588072,-0.0799999999999983,0.057815471847014965,2.0
2024-01-21,-0.0027789413603004,51.08373895617725,47.82,3.2637389561772494,-0.0483957198030896,0.0058484384323067,0.1484057485835248,0.0240418967333833,0.256815903096488,0.5752946164688928,Alto,1,6,0,0,0.0008880084302503,-0.0193590580337122,-0.013992670755360521,-0.14000000000000057,0.14209512280754666,2.0
2024-01-22,-0.0496060026684201,53.89276904449309,48.98,4.912769044493096,0.0083294539378013,0.0645119467691333,0.2206825107751158,0.0888323449088432,0.3103862664849037,0.6123283399068238,Alto,1,0,0,0,-0.0027789413603004,-0.03677590122231201,-0.06063479342944182,1.1599999999999966,1.6490300883158469,2.0
2024-01-23,0.0082949554728822,53.666544916589054,49.59,4.07654491658905,0.0046940166827076,0.053473391883221,0.2511346547160731,0.0827718960538981,0.2855013835418671,0.6038561216714791,Alto,1,1,0,0,-0.0496060026684201,-0.07795831916529951,-0.12746079926899703,0.6100000000000065,-0.8362241279040461,2.0
2024-01-24,0.0046830341411442,53.48428934439535,47.54,5.944289344395351,-0.0030881968462921,0.080275156118716,0.2398587696907164,0.0730003432715777,0.265917473122035,0.6766918099792243,Alto,1,2,0,0,0.0082949554728822,-0.0352119662342584,-0.07127814858355472,-2.0500000000000043,1.8677444278063007,2.0
2024-01-25,-0.0030929751663039,52.791394288572576,45.01,7.781394288572578,0.0466058358268006,0.074572790682136,0.296140070253339,0.0656085707371847,0.2904607957390552,0.7487012991887858,Alto,1,3,0,0,0.0046830341411442,-0.038518945984443796,-0.09661863594996542,-2.530000000000001,1.8371049441772271,2.0
2024-01-26,0.0455523909262842,54.62254690783789,43.73,10.89254690783789,0.0071041383183763,0.0180876736553197,0.2404506460600748,0.0211648902734369,0.2368366500085716,0.6734128723294626,Alto,1,4,0,0,-0.0030929751663039,-0.042499929580998,-0.09957593145325362,-1.2800000000000011,3.1111526192653116,2.0
2024-01-27,0.0070790228069771,54.22604007973653,42.43,11.796040079736528,-0.002126511403082,0.0228465243753477,0.2374959728759993,0.0232266231535474,0.2933441403891632,0.6493103260801183,Alto,1,5,0,0,0.0455523909262842,0.0058314027055866025,-0.05001075298188162,-1.2999999999999972,0.9034931718986385,2.0
2024-01-28,-0.0021287756389742,54.076274793862034,45.25,8.826274793862034,0.0302547687353114,0.0278113376155633,0.2286780300092361,0.0551625393221109,0.3570283499868907,0.6840070176674109,Alto,1,6,0,0,0.0070790228069771,0.0625164281809838,-0.04203750510236382,2.8200000000000003,-2.9697652858744945,2.0
2024-01-29,0.0298061199427104,55.06326983585807,45.36,9.703269835858066,-0.0083505185588889,-0.0067342221154801,0.2040281552882383,0.0458620363164423,0.4417599826338774,0.613075859011101,Alto,1,0,0,0,-0.0021287756389742,0.052092697069127405,-0.11069648785374503,0.10999999999999943,0.8769950419960324,2.0
2024-01-30,-0.0083855794598922,55.12818593931702,46.91,8.218185939317024,-0.008409193057467,-0.0083421244448791,0.2057150375747245,0.0976144067105873,0.4236006995628898,0.6204098171681673,Alto,1,1,0,0,0.0298061199427104,0.0772157828706936,-0.06281485749600452,1.5499999999999972,-1.4850838965410418,2.0
2024-01-31,-0.0084447497973837,53.044408989712046,45.79,7.254408989712047,0.0118116486613433,0.0030225457961483,0.227309065288868,0.1214441052137151,0.4651925786754345,0.67402559887271,Alto,1,2,0,1,-0.0083855794598922,0.0719231785771053,-0.08292904491973051,-1.1199999999999974,-0.9637769496049771,2.0
2024-02-01,0.0117424356196099,52.86215728746134,44.76,8.102157287461345,0.0027170847671955,0.0003716088084981,0.2034784534203095,0.1210931751639974,0.4387894605149973,0.6166445465420882,Alto,2,3,1,0,-0.0084447497973837,0.0179260378534374,-0.08460273248638502,-1.0300000000000011,0.8477482977492983,2.0
2024-02-02,0.0027134001651212,50.162671721636265,42.41,7.752671721636268,-0.0043729166666667,0.0266111111111111,0.1872319444444443,0.1554923611111109,0.4609715277777777,0.5153701388888889,Alto,2,4,0,0,0.0117424356196099,0.0225894506660702,0.006992578600005784,-2.3500000000000014,-0.34948556582507706,2.0
2024-02-03,-0.0043825058320451,49.08114335886846,41.52,7.561143358868456,-0.0099558044216038,0.0529528547172371,0.1797922349793972,0.1555064054410153,0.5867003138027893,0.5336342324735319,Alto,2,5,0,0,0.0027134001651212,0.027431626470165598,0.008181759124451784,-0.8899999999999935,-0.19152836276781215,2.0
2024-02-04,-0.0100056948515458,49.20504975853839,42.69,6.515049758538389,0.0029547085589325,0.106847869378492,0.2110082737475718,0.2163378803876112,0.496470177686432,0.6083409576806453,Alto,2,6,0,0,-0.0043825058320451,-0.006756999304589899,0.030181381998046083,1.1699999999999946,-1.0460936003300674,2.0
2024-02-05,0.0029503519870888,49.19590273065837,42.37,6.82590273065837,0.0091374825269792,0.1180647034444972,0.2112016989512675,0.2147407905180911,0.547086190869776,0.5879813714770059,Alto,2,0,0,0,-0.0100056948515458,-0.008377114696243498,0.0016870762661514854,-0.3200000000000003,0.31085297211998153,2.0
2024-02-06,0.0090959883104264,49.2971184912743,42.87,6.4271184912743,0.0290181083297853,0.1206767218226894,0.2639860135803773,0.2094055655648223,0.5504593499377595,0.5985540250980594,Alto,2,1,0,0,0.0029503519870888,0.0030179870882290002,-0.010000473575059114,0.5,-0.3987842393840708,2.0
2024-02-07,0.0286050546851993,44.62320259068623,43.82,0.803202590686233,0.0211738099103486,0.1255404783808646,0.2860846546530295,0.1644443241878168,0.536072253188304,0.5639462362681964,Alto,2,2,0,0,0.0090959883104264,0.00037153977904549884,0.007519099460799886,0.9500000000000028,-5.623915900588067,2.0
2024-02-08,0.0209527596700549,44.77602766594053,44.91,-0.1339723340594645,0.0407192530578852,0.0973961467166717,0.3785374481244197,0.1512303855380983,0.5083971370310221,0.5814116782019336,Alto,2,3,0,0,0.0286050546851993,0.0262631942991236,0.07057555160415808,1.0899999999999963,-0.9371749247456975,2.0
2024-02-09,0.0399120635942179,46.711538726920445,47.79,-1.0784612730795544,0.0131186857891016,0.0989205599416287,0.2969952752617766,0.098486891392125,0.4630135254091794,0.4670472369860716,Alto,2,4,0,0,0.0209527596700549,0.0515984598012236,0.08353829738288339,2.8800000000000026,-0.9444889390200899,2.0
2024-02-10,0.0130333810778715,46.8727763394155,49.91,-3.0372236605844947,0.0114950255585788,0.0864673455621642,0.3065230552852303,0.0944005676100798,0.5094545485767972,0.4791511565495154,Alto,2,5,0,0,0.0399120635942179,0.1015162182469873,0.122562352546851,2.1199999999999974,-1.9587623875049402,2.0
2024-02-11,0.011429459727835,37.90970209154867,51.29,-13.380297908451332,0.033484064903533,0.0791743435143568,0.2833808040125889,0.0734865576576724,0.479337987440577,0.449404647909865,Médio,2,6,0,0,0.0130333810778715,0.11159924733776999,0.1383746749850229,1.3800000000000026,-10.343074247866838,1.0
2024-02-12,0.0329356814465882,39.6086086156609,54.28,-14.671391384339104,-0.0043608154051694,0.0345645905715596,0.2643714289663679,0.0274684492962056,0.4638703198311928,0.3445551008698995,Médio,2,0,0,0,0.011429459727835,0.1139327187551786,0.199410137381278,2.990000000000002,-1.291093475887772,1.0
2024-02-13,-0.0043703514941825,38.55494355791731,52.19,-13.635056442082686,0.042164935364658,0.0490563403038133,0.373164446628232,0.0210174772065525,0.4364090327505721,0.2862180553199736,Médio,2,1,0,0,0.0329356814465882,0.1182633455165675,0.22405086335498398,-2.0900000000000034,1.0363349422564188,1.0
2024-02-14,0.0413002181031989,40.64999777199366,55.13,-14.480002228006342,0.0016377975011956,-0.0003946313913053,0.2303079611477287,-0.0043816826935793,0.3418210616935906,0.2677212952481862,Médio,2,2,0,0,-0.0043703514941825,0.09294023435233009,0.2149974777196573,2.940000000000005,-0.844945785923656,1.0
2024-02-15,0.0016364577734705,40.33210690582714,55.08,-14.74789309417286,0.0047052814186585,0.0073018504240554,0.2735936777178103,-0.0029134541249036,0.2586860061680802,0.2224361989205858,Médio,2,3,0,0,0.0413002181031989,0.09432838886131109,0.2593906709891601,-0.05000000000000426,-0.2678908661665176,1.0
2024-02-16,0.0046942461844267,40.25825148781353,55.24,-14.98174851218647,-0.0092369922479251,-0.0052704976641327,0.282001169900071,0.0451299791977264,0.3121275356068429,0.223874901652997,Médio,2,4,0,0,0.0016364577734705,0.0829314655569101,0.21547473783634638,0.1600000000000037,-0.23385541801361143,1.0
2024-02-17,-0.0092799178006313,38.55902419464592,56.24,-17.68097580535408,0.0095856834584753,-0.0068590606522052,0.3191461551926857,0.104462126645733,0.3091892668539022,0.1865654040924322,Baixo,2,5,0,0,0.0046942461844267,0.0761962520135018,0.21308996121379598,1.0,-2.69922729316761,0.0
2024-02-18,0.0095400322946761,38.60186861587923,57.24,-18.63813138412077,-0.0069611856456185,-0.0267276999528363,0.3102478495874481,0.1974470665835277,0.1879587254282748,0.2173555128182751,Baixo,2,6,0,0,-0.0092799178006313,0.0339806527662823,0.20593881905213887,1.0,-0.9571555787666881,0.0
2024-02-19,-0.0069855277307065,38.67745286787409,56.83,-18.15254713212591,0.0093499280440476,-0.0039886253390408,0.3318443186473401,0.1807107444114146,0.3103015698971292,0.232609228478835,Baixo,2,0,0,0,0.0095400322946761,0.0478910365551409,0.1856727314041046,-0.4100000000000037,0.4855842519948581,0.0
2024-02-20,0.0093064880309006,38.80133277625269,55.63,-16.82866722374731,-0.007834658340927,-0.0101412546245782,0.3792523443889473,0.1938252719827964,0.2534012440388051,0.2426723374159614,Baixo,2,1,0,0,-0.0069855277307065,-0.00039470927876450023,0.1870727831332903,-1.1999999999999957,1.3238799083786006,0.0
2024-02-21,-0.0078655105264593,34.83788981962469,54.01,-19.172110180375302,-0.0108192208240058,0.0506675199071773,0.3780684787227004,0.1955257332824937,0.230422190116412,0.2524959310032384,Baixo,2,2,0,0,0.0093064880309006,0.0072753209786656,0.2048240209615746,-1.6200000000000045,-2.3434429566279924,0.0
2024-02-22,-0.010878174198953,34.92426836613282,55.38,-20.45573163386718,-0.0106119471022892,0.1120900195404732,0.4247350571532522,0.230569590562548,0.2476502493155377,0.3028149434121778,Baixo,2,3,0,0,-0.0078655105264593,-0.0052844357322204,0.1852160748155054,1.3700000000000045,-1.2836214534918788,0.0
2024-02-23,-0.010668655359765,35.08396211543429,52.23,-17.146037884565708,0.0162397044782502,0.2303309839656393,0.4068407885440981,0.3448980818478584,0.3244874532335255,0.3088011130347043,Baixo,2,4,0,0,-0.010878174198953,-0.006882692130542102,0.17162450045143118,-3.1500000000000057,3.3096937493014735,0.0
2024-02-24,0.0161092509338547,35.514700382613526,54.18,-18.66529961738648,0.0031149029382824,0.1854390165105564,0.3477263710091216,0.2357225050622262,0.3550983532105625,0.246690112631384,Baixo,2,5,0,0,-0.010668655359765,-0.027091379784983202,0.16533835092371127,1.9500000000000028,-1.5192617328207731,0.0
2024-02-25,0.0031100616788884,31.78065381045269,55.17,-23.38934618954731,0.053115814482634,0.2060561949473069,0.262363845320358,0.277315076596522,0.352978077030516,0.2468543182382752,Baixo,2,6,0,0,0.0161092509338547,-0.003996601120422001,0.1914532967091118,0.990000000000002,-4.72404657216083,0.0
2024-02-26,0.0517532123675628,36.46620789862652,56.05,-19.58379210137348,0.0470087360653139,0.1378725530490503,0.2554682783227326,0.2266428056002893,0.2752292870665078,0.1705973239455493,Baixo,2,0,0,0,0.0031100616788884,-0.010193027472434201,0.19161300640091136,0.8799999999999955,3.8055540881738317,0.0
2024-02-27,0.0459372757555132,39.82433948450055,58.36,-18.53566051549945,0.0945829521502932,0.1065377522864847,0.1853636582631659,0.1943788051827102,0.2409519798784447,0.1126391939035027,Baixo,2,1,0,0,0.0517532123675628,0.049425695421587895,0.2342702304580478,2.3100000000000023,1.048131585874028,0.0
2024-02-28,0.0903734251045635,49.715025315955984,67.76,-18.04497468404402,-0.020840561185672,0.0931189243994676,-0.0079238084254733,0.0942010600316185,0.1188241305354136,0.0109962663437559,Baixo,2,2,0,0,0.0459372757555132,0.1062411453760541,0.2516024515283617,9.400000000000006,0.4906858314554299,0.0
2024-02-29,-0.0210607908615077,50.16965699877049,65.54,-15.370343001229514,0.0205610968448404,0.0424176088785097,0.1097566242190128,0.128002201175247,0.1382474156311577,0.0447403264269605,Médio,2,3,0,1,0.0903734251045635,0.2072832258403826,0.3210231169628703,-2.219999999999999,2.674631682814507,1.0
2024-03-01,0.0203525709953411,50.58374845003924,65.37,-14.786251549960769,-0.0064214374902825,0.0590842134452351,0.0499034267862839,0.1553217851538519,0.1425294007331548,-0.027503730691368,Médio,3,4,1,0,-0.0210607908615077,0.1701131840450202,0.2600502625071447,-0.1700000000000017,0.5840914512687458,1.0
2024-03-02,-0.0064421436096346,50.46770193259877,65.82,-15.352298067401222,0.0181761483968969,0.0780142313068099,0.0291892143033216,0.1526882612045568,0.123614393146465,-0.0584363437143877,Médio,3,5,0,0,0.0203525709953411,0.18735569336147292,0.2673694524246143,0.44999999999998863,-0.5660465174404532,1.0
2024-03-03,0.018012936948412,50.84849896308528,71.72,-20.871501036914715,0.0813090984452413,0.0793836927070188,0.0138802867257439,0.1577850355475976,0.0372345456956677,-0.0642228653973122,Baixo,3,6,0,0,-0.0064421436096346,0.12916033738427551,0.2494978490871447,5.900000000000006,-5.519202969513493,0.0
2024-03-04,0.0781724352918946,57.6778078015056,74.81,-17.1321921984944,-0.0662561793261438,0.0009899523354655,-0.0151763385566653,0.0460575470604671,-0.0334443000153417,-0.078593951180228,Baixo,3,0,0,0,0.018012936948412,0.1012359985771743,0.2345751045889685,3.0900000000000034,3.739308838420314,0.0
2024-03-05,-0.0685531603092363,62.34040294188205,73.19,-10.849597058117944,0.0368782504428077,0.0821020208866329,0.0966040900439253,0.0906383637815637,0.0747564379580003,0.0026368397092397,Médio,3,1,0,0,0.0781724352918946,0.0890350087645054,0.3171178913750456,-1.6200000000000045,6.282595140376458,1.0
2024-03-06,0.0362145168030425,63.59899014993778,74.85,-11.251009850062218,0.0113377356674422,0.0908686679367571,0.0592359722517346,-0.0117052022246557,0.0264336795510007,-0.0312080205781271,Médio,3,2,0,0,-0.0685531603092363,0.04154263931677679,0.2072645129626104,1.6599999999999966,-0.40141279194427426,1.0
2024-03-07,0.0112739452488642,63.64141159704492,69.68,-6.038588402955092,0.0194695941542433,0.0692699852461353,0.0396093151522145,0.023499483786836,0.0310196298679035,-0.0547411923139832,Alto,3,3,0,0,0.0362145168030425,0.0574045851244782,0.24184257199218237,-5.1699999999999875,5.2124214471071255,2.0
2024-03-08,0.0192824863151763,63.21323458686171,71.87,-8.656765413138295,0.0027755192392011,0.0726352856452312,0.0389936379427044,-0.0075479796530424,0.0181462708033666,-0.0853163905508455,Médio,3,4,0,0,0.0112739452488642,0.075120673982977,0.2484222710566199,2.1899999999999977,-2.618177010183203,1.0
2024-03-09,0.0027716745979517,62.79676598954006,75.04,-12.243234010459943,0.0094068107118865,0.0450230240771667,0.0225032413175358,-0.0933328180600928,0.0484053830244108,-0.1042292368671563,Médio,3,5,0,0,0.0192824863151763,0.0763902233497413,0.27698467517242753,3.1700000000000017,-3.586468597321648,1.0
2024-03-10,0.0093628421886472,61.32118531106763,80.12,-18.79881468893237,0.0452785172199963,0.0078886673623772,0.0090826192052075,-0.0161751253120112,0.0027571252806866,-0.0852990346871072,Baixo,3,6,0,0,0.0027716745979517,0.0009894626557983978,0.2702163174757031,5.079999999999998,-6.5555806784724275,0.0
2024-03-11,0.0442833735611532,63.0730591700606,83.02,-19.9469408299394,-0.0086862722519046,-0.0940295318550296,-0.0110725726677036,-0.0912458846723208,-0.0200757234166828,-0.1564706894327127,Baixo,3,0,0,0,0.0093628421886472,0.07890546515368191,0.2865646873950568,2.8999999999999915,-1.1481261410070296,0.0
2024-03-12,-0.0087242178114949,63.02045268528423,78.08,-15.059547314715765,0.0226781583891062,-0.0428053738446265,-0.0252226634352202,-0.1071400230728287,-0.0202342803232546,-0.1487154805022279,Médio,3,1,0,0,0.0442833735611532,0.08697432191179261,0.3215415729253094,-4.939999999999998,4.887393515223636,1.0
2024-03-13,0.0224248317904923,62.456235259766544,77.5,-15.043764740233456,-0.0230383806966267,-0.0747535218832935,-0.1041216513866177,-0.1242931497674704,-0.0815066863129325,-0.1585881730190643,Médio,3,2,0,0,-0.0087242178114949,0.0669761588514335,0.32068286564027376,-0.5799999999999983,0.015782574482308576,1.0
2024-03-14,-0.023307911945009,62.96470420202226,74.58,-11.615295797977735,-0.0264619421439791,-0.1323950180518158,-0.0760014086215596,-0.0585377791013566,-0.1045600340893141,-0.1183497051504056,Médio,3,3,0,0,0.0224248317904923,0.07011850432674949,0.3539858716297191,-2.9200000000000017,3.428468942255721,1.0
2024-03-15,-0.0268183610911704,62.0042886677305,76.7,-14.695711332269504,-0.0604205620587671,-0.0238754472131955,-0.0145620458173651,0.0054699398631794,-0.0552232846545713,-0.1139910373907282,Médio,3,4,0,0,-0.023307911945009,0.04403891778378881,0.34134661504447505,2.1200000000000045,-3.0804155342917685,1.0
2024-03-16,-0.0623229102797109,65.70218400718015,75.73,-10.027815992819852,0.0473632490222528,0.0030725584117641,0.0385905924644218,0.0717813901642296,-0.0287997221466316,0.0138723010788717,Médio,3,5,0,0,-0.0268183610911704,0.0078577145039712,0.29841900301945,-0.9699999999999989,4.667895339449652,1.0
2024-03-17,0.0462758144323566,67.63607874672712,75.93,-8.293921253272885,-0.0114556241325926,-0.0672116698843222,0.0073474839999367,0.0157399506502669,-0.0672591890338084,-0.0461779397685275,Médio,3,6,0,0,-0.0623229102797109,-0.09874856933689291,0.2329860310608507,0.20000000000000284,1.733894739546967,1.0
2024-03-18,-0.0115217452522204,67.67800913032775,74.08,-6.401990869672247,-0.0839016541786207,-0.0535420874932832,0.0258896651219737,0.0468955845134719,-0.0936639688898046,-0.0086672102746946,Alto,3,0,0,0,0.0462758144323566,-0.0437485370930414,0.2275086331256445,-1.8500000000000085,1.8919303836006378,2.0
2024-03-19,-0.0876315556373349,74.18593753530219,76.61,-2.424062464697812,0.0953076816269329,0.085127725735985,0.1563288094107922,0.127760286999454,0.024745630265397,0.0803682427741556,Alto,3,1,0,0,-0.0115217452522204,-0.0776951141357541,0.1700496121179109,2.530000000000001,3.977928404974435,2.0
2024-03-20,0.0910353115859427,80.65928354215029,77.73,2.929283542150287,-0.034481462477213,0.0300631584284964,0.0192435168898348,0.0256730086492569,-0.0592934811368605,-0.0230909231077419,Alto,3,2,0,0,-0.0876315556373349,-0.14201875782808,-0.007955368623987519,1.1200000000000045,5.353346006848099,2.0
2024-03-21,-0.0350899773778561,81.51804305185209,75.26,6.258043051852084,-0.0260243809013168,0.0684983665202216,0.0783161914265173,0.0882233275782287,-0.0085598340306989,0.0907669423814225,Alto,3,3,0,0,0.0910353115859427,-0.02416508515096691,0.1041407338234629,-2.469999999999999,3.328759509701797,2.0
2024-03-22,-0.0263690073790988,81.98940237704826,72.46,9.529402377048273,0.0030310373712472,0.0889286645817084,0.0973341229255959,0.0917471515741268,0.0179399730142528,0.099561669705489,Alto,3,4,0,0,-0.0350899773778561,0.003067847750887899,0.04869818545026568,-2.8000000000000114,3.2713593251961885,2.0
2024-03-23,0.0030264530386604,81.90835801477634,73.68,8.228358014776333,0.0503200421440783,0.1061195333459081,0.0488593453884442,0.0230345330466426,0.044214870414929,0.08089715879088,Alto,3,5,0,0,-0.0263690073790988,-0.06957697406056751,0.028771321680801473,1.220000000000013,-1.3010443622719396,2.0
2024-03-24,0.0490949197687059,83.59656398660088,72.62,10.97656398660088,0.0397265347011654,0.0392880582187258,-0.0488838043273032,-0.0185494745647187,-0.011843328648018,0.0113027840057704,Alto,3,6,0,0,0.0030264530386604,-0.055028775769686705,0.013784837771049878,-1.0600000000000023,2.7482059718245466,2.0
2024-03-25,0.0389577311738261,84.50719571390114,76.25,8.25719571390114,0.0015453632591067,-0.0042620199968489,-0.0603630423063763,-0.0199230080247555,-0.0800002747566864,-0.0190329108424568,Alto,3,0,0,0,0.0490949197687059,0.08169769963635409,-0.015292677752138821,3.6299999999999955,-2.7193682726997395,2.0
2024-03-26,0.0015441704140665,84.50194919739921,75.39,9.111949197399213,-0.007401411670572,0.0184604503629193,-0.0938448019660513,-0.0309678802080357,-0.0784371606561125,-0.0099649939989711,Alto,3,1,0,0,0.0389577311738261,0.029620119224237497,0.09221821373092359,-0.8599999999999994,0.8547534834980723,2.0
2024-03-27,-0.0074289380246216,82.59190459090757,75.78,6.811904590907574,0.0188658440860578,0.0025883118739473,-0.0817129813895181,-0.0082624166204717,-0.0820495295882438,-0.0138523123437905,Alto,3,2,0,0,0.0015441704140665,0.06625426701616009,0.057547867341947584,0.39000000000000057,-2.300044606491639,2.0
2024-03-28,0.018690091094532,81.28455075705622,76.53,4.754550757056222,-0.0131400411977294,-0.0751139436512265,-0.1342632020638423,-0.0200649613029559,-0.1033986713873575,-0.018990655631628,Alto,3,3,0,0,-0.0074289380246216,0.0851943363706373,0.038844984068461784,0.75,-2.0573538338513515,2.0
2024-03-29,-0.0132271353273706,75.06510283931402,73.11,1.9551028393140228,-0.003841917328055,-0.0556511087816929,-0.0913444620471078,0.025332087625951,-0.0963760623754661,-0.0207893883139628,Alto,3,4,0,0,0.018690091094532,0.1008579744265089,0.03825258884781749,-3.4200000000000017,-2.7994479177421994,2.0
2024-03-30,-0.0038493164497219,74.71684105476245,74.93,-0.2131589452375522,0.024400356528065,-0.0157280211686382,-0.0828397443138457,-0.0062685589902471,-0.0821500562356625,-0.027733537523544,Alto,3,5,0,0,-0.0132271353273706,0.038535919330432405,0.022253778922495186,1.8200000000000074,-2.168261784551575,2.0
2024-03-31,0.0241074233791595,74.85263828104172,76.64,-1.7873617189582802,-0.0228705074536323,-0.0485324005987092,-0.0889368562097564,-0.0091039549517458,-0.1488216682348949,-0.0410751906460169,Alto,3,6,0,1,-0.0038493164497219,-0.0042711282931156,0.009041620284126082,1.7099999999999937,-1.574202773720728,2.0
2024-04-01,-0.0231360947330178,75.25286532905427,73.81,1.4428653290542712,-0.0600979471584987,-0.0108227159302682,-0.0676046449523186,0.005117459059466,-0.1620224322252181,-0.0302914006931822,Alto,4,0,1,0,0.0241074233791595,0.018292124671977397,-0.011134329897867619,-2.8299999999999983,3.2302270480125514,2.0
2024-04-02,-0.0619796082519771,78.04419344057173,74.37,3.674193440571728,0.0076269411626148,0.059519745130109,0.0207034432212276,0.0252433437069754,-0.0978153027336097,0.0351775075121454,Alto,4,1,0,0,-0.0231360947330178,0.002584967963581198,-0.025546206819390516,0.5600000000000023,2.2313281115174566,2.0
2024-04-03,0.0075980030930285,73.17392612485875,72.45,0.7239261248587496,0.0382714443551017,0.0857555900798141,0.0068328924819991,-0.0309076504382437,-0.0467118978922818,0.0273235351547103,Alto,4,2,0,0,-0.0619796082519771,-0.0780847313829279,-0.10995064686185992,-1.9200000000000017,-2.950267315712978,2.0
2024-04-04,0.0375572576425187,70.38652736950074,72.31,-1.923472630499262,-0.0097414444238892,0.0096106181846429,-0.0612985175897776,-0.0412620994194731,-0.0671032018991997,0.004703174098624,Alto,4,3,0,0,0.0075980030930285,-0.0572595929625288,-0.07904473182382242,-0.14000000000000057,-2.6473987553580116,2.0
2024-04-05,-0.0097892027031338,69.32789916079126,71.96,-2.632100839208732,0.0158562395920296,0.0414396093695399,-0.0489862817532484,-0.0648863133365633,-0.056157257188153,0.0400648062491908,Alto,4,4,0,0,0.0375572576425187,-0.0158530188702882,-0.014669113090133308,-0.3500000000000085,-0.7086282087094702,2.0
2024-04-06,0.0157318426801832,69.43345688033496,72.3,-2.866543119665039,0.0067404493729679,0.0161145784951231,-0.0744018520668834,-0.0740625,-0.083180591035764,0.0321063632141198,Alto,4,5,0,0,-0.0097892027031338,-0.049749644952581495,0.037864594486443796,0.3400000000000034,-0.23444228045630666,2.0
2024-04-07,0.006717834111896,69.14664316783787,77.43,-8.283356832162141,0.0325778156668381,-0.0323508849935819,-0.0850400350978418,-0.1165365419658106,-0.1016186616021045,0.0207419537289221,Médio,4,6,0,0,0.0157318426801832,-0.0108817075393805,0.007320622734270393,5.13000000000001,-5.4168137124971025,1.0
2024-04-08,0.0320584092764381,70.03831445325794,76.25,-6.211685546742061,-0.0345434236246858,-0.1074488969561574,-0.1187012007819044,-0.1137939123149958,-0.1455874057525831,-0.031616866796984,Alto,4,0,0,0,0.006717834111896,0.05781573482449259,0.025560202098386796,-1.1800000000000068,2.0716712854200807,2.0
2024-04-09,-0.0351541533965402,71.02856664793464,73.69,-2.661433352065359,0.0214774535041795,-0.0503884534174067,-0.0763601654470251,-0.0770542041477453,-0.0878140456425534,0.0023784456078443,Alto,4,1,0,0,0.0320584092764381,0.08227614100790219,0.14525016701215981,-2.5600000000000023,3.550252194676702,2.0
2024-04-10,0.0212500630830319,69.72379283707745,72.32,-2.596207162922539,-0.0088466720316325,-0.1020951399865328,-0.1410013835269119,-0.0805663738965906,-0.1391892917395571,-0.0139165364595869,Alto,4,2,0,0,-0.0351541533965402,0.009564729968843291,0.019060702029676906,-1.3700000000000045,0.06522618914281963,2.0
2024-04-11,-0.0088860361676844,69.72627909552513,68.42,1.306279095525127,-0.0412778976956763,-0.0887469586635359,-0.1662889145723173,-0.072351846399956,-0.1311346147335743,-0.0066598358460382,Alto,4,3,0,0,0.0212500630830319,0.04060399575500899,0.07540074249056491,-3.8999999999999915,3.9024862584476665,2.0
2024-04-12,-0.0421540247116934,70.82914741779778,66.94,3.889147417797787,-0.0475592298289602,-0.0870001901171276,-0.1200287202018222,-0.0044281199323206,-0.0839216633997115,0.0029459215108291,Alto,4,4,0,0,-0.0088860361676844,0.01598611690714139,0.09288371370197931,-1.480000000000004,2.5828683222726596,2.0
2024-04-13,-0.0487273574622227,72.3847466275224,72.95,-0.5652533724775992,0.0271778383596525,-0.0071088538652858,-0.0163082986478895,0.03894421717116,-0.0153998833937092,0.0678844468264208,Alto,4,5,0,0,-0.0421540247116934,-0.032885741916448004,0.04770323595162551,6.010000000000005,-4.454400790275386,2.0
2024-04-14,0.026815078915186,72.3845986851714,71.99,0.3945986851714025,-0.0341423572656507,-0.0280806934438632,-0.0269532501678295,-0.0208987442325709,-0.0622027954135917,0.0169226144134857,Alto,4,6,0,0,-0.0487273574622227,-0.1136715086551088,-0.050119041279303084,-0.960000000000008,0.9598520576490017,2.0
2024-04-15,-0.0347388233991405,70.09839331948491,70.48,-0.381606680515091,0.0058877335048459,0.0239766672937034,0.0093347539159183,0.017003313939343,0.0439374083786516,0.0413749671042207,Alto,4,0,0,0,0.026815078915186,-0.051702276343382605,-0.06226169353794318,-1.509999999999991,-0.7762053656864936,2.0
2024-04-16,0.0058704685364765,68.24539886498448,70.88,-2.634601135015515,-0.0394401363526847,0.0179918326961461,-0.0098474152259347,-0.0003664956510384,0.022601401179652,0.0381679042295761,Alto,4,1,0,0,-0.0347388233991405,-0.107691162825555,-0.09854468735115018,0.3999999999999915,-2.252994454500424,2.0
2024-04-17,-0.0402389732109262,69.55776565078378,70.72,-1.1622343492162202,0.0357833568901537,0.0904404023867213,0.0168856790035212,0.0356511710603768,0.0937806240705172,0.0881157268988535,Alto,4,2,0,0,0.0058704685364765,-0.0929346581213941,-0.08524528079005207,-0.1599999999999966,1.472366785799295,2.0
2024-04-18,0.0351580069988131,63.6738533338108,69.98,-6.3061466661892,0.0054817955168797,0.0463827995805268,-0.0358759591921107,-0.0055374122736255,0.054279433711128,0.0478059898459242,Médio,4,3,0,0,-0.0402389732109262,-0.09101960662062691,-0.14417434509551028,-0.7399999999999949,-5.14391231697298,1.0
2024-04-19,0.0054668251605374,55.22401665362305,70.4,-15.175983346376952,0.0175903322588717,0.0073894500941034,-0.0116581510454494,0.0007519820815471,0.0384844340962682,0.0212684475745952,Médio,4,4,0,0,0.0351580069988131,-0.00713424215959111,-0.09578920276932656,0.4200000000000017,-8.869836680187753,1.0
2024-04-20,0.0174374130268211,54.192964796274,71.98,-17.787035203726006,8.623266280816111e-06,-0.0068100705583364,-0.0637598149323867,-0.0657306932382351,0.1001843377154412,0.0005201677410076,Baixo,4,5,0,0,0.0054668251605374,-0.028482495914239705,-0.08647306115906728,1.5799999999999983,-2.6110518573490538,0.0
2024-04-21,8.623229100669178e-06,53.40673761041761,72.05,-18.64326238958239,0.0289211078029878,-0.0180338660464127,-0.0633675258291546,-0.1012636825803053,0.0801832120312004,-0.0010957613162071,Baixo,4,6,0,0,0.0174374130268211,0.023693740511721895,-0.09314307151140568,0.06999999999999318,-0.8562271858563832,0.0
2024-04-22,0.0285107851109486,54.31448964345,69.37,-15.055510356550002,-0.0060659102786441,-0.0502450488870585,-0.0798471160736147,-0.116114770398741,0.0351290614750343,-0.0400447056330416,Médio,4,0,0,0,8.623229100669178e-06,0.017831895204346065,-0.06999835354928721,-2.6799999999999926,3.5877520330323875,1.0
2024-04-23,-0.0060843826514526,51.58791842400823,64.16,-12.572081575991769,-0.0319873821784564,-0.0496187550817598,-0.0523070436956063,-0.0531814075345559,0.0234235251603576,-0.0324026560664919,Médio,4,1,0,0,0.0285107851109486,0.08658165352622085,0.020492039813638483,-5.210000000000008,2.483428780558233,1.0
2024-04-24,-0.0325101568509029,51.04164960193661,62.44,-11.398350398063386,0.0032470264626045,-0.0065887805475194,-0.0421856788945146,-0.0061837383003997,0.0662688936109252,-0.016792454268257,Médio,4,2,0,0,-0.0060843826514526,0.04533926387595517,0.006809654069157382,-1.7199999999999989,1.1737311779283832,1.0
2024-04-25,0.0032417662557915,51.05133186711783,59.29,-8.238668132882168,-0.0112922286061935,-0.0593246275795624,0.0264837823733139,-0.0075403491004574,0.0743000517532701,-0.0651960965196932,Médio,4,3,0,0,-0.0325101568509029,0.007362281864514868,-0.06325776042426422,-3.1499999999999986,3.1596822651812175,1.0
2024-04-26,-0.0113564698957138,51.13917370423605,55.12,-3.980826295763947,-0.004830326982856,-0.0847583370302121,0.0229763175511497,-0.0094843955646235,0.0742929160588181,-0.0307981761332638,Alto,4,4,0,0,0.0032417662557915,-0.006833364906514735,-0.05022679146533892,-4.170000000000002,4.257841837118221,2.0
2024-04-27,-0.0048420307160186,50.750044868675126,54.69,-3.939955131324872,-0.0054104835682718,-0.0693544386733601,0.0561284094823388,-0.0181195102957708,0.0941421934834052,-0.0409219819488771,Alto,4,5,0,0,-0.0113564698957138,-0.018198458031329204,-0.07731510404123591,-0.4299999999999997,0.0408711644390749,2.0
2024-04-28,-0.0054251732439513,50.57530583848669,56.79,-6.214694161513307,0.0118408799178435,-0.0037486561017968,0.0601499208949751,-0.0305074794094041,0.0836483750753738,-0.0223729542882908,Médio,4,6,0,0,-0.0048420307160186,-0.05155127385829641,-0.08887496886915053,2.1000000000000014,-2.274739030188435,1.0
2024-04-29,0.011771325220062,50.72393348963,55.33,-4.606066510369999,-0.0500109604484388,0.0004077286819277,0.037704099207716,-0.0124008079416277,0.0592869445401309,-0.0538339648639338,Alto,4,0,0,0,-0.0054251732439513,-0.0508920644507951,-0.1263585513895399,-1.4600000000000009,1.6086276511433084,2.0
2024-04-30,-0.051304831768252,53.12680999196899,59.81,-6.683190008031012,-0.0380246242088607,0.0550501054852321,0.1775880142405062,0.0021095398206749,0.1265850804324895,0.0051865770042194,Médio,4,1,0,1,0.011771325220062,-0.006610582379830202,-0.07943307277293771,4.480000000000004,-2.077123497661013,1.0
2024-05-01,-0.0387664255347442,54.22340231868834,61.22,-6.996597681311656,0.0119187930705695,0.0822448807906524,0.2018911343567895,0.0421660458319432,0.1572011430829141,0.0755083057525773,Médio,5,2,1,0,-0.051304831768252,-0.061157180403873704,-0.15198796762422162,1.4099999999999966,-0.31340767328064434,1.0
2024-05-02,0.0118483236441381,49.89867923433216,56.77,-6.871320765667839,0.0647030228776845,0.0550531056147236,0.1711125232197905,0.0410320855135089,0.147411955277807,0.0650074558999644,Médio,5,3,0,0,-0.0387664255347442,-0.0885671360429041,-0.1818683569912814,-4.449999999999996,0.12527691564381715,1.0
2024-05-03,0.0626959085169651,54.41598058847818,55.88,-1.464019411521825,0.0160623046241683,-0.0268595103750659,0.0809077190757736,0.0009234755695626,0.0776632299126571,-0.0118720759721262,Alto,5,4,0,0,0.0118483236441381,-0.0718767816827474,-0.12786600863544992,-0.8900000000000006,5.407301354146014,2.0
2024-05-04,0.0159346707250689,53.10720436839899,56.89,-3.782795631601012,0.0018775421789631,-0.0128033163442582,0.0729034477534291,-0.0362259524034606,0.0769714036365092,-0.0576513130587159,Alto,5,5,0,0,0.0626959085169651,-0.0037556999218310017,-0.01644274265626211,1.009999999999998,-2.318776220079187,2.0
2024-05-05,0.0018757817997593,53.00135954931311,58.65,-5.648640450686891,-0.0132289258264075,-0.0501782478285321,0.0824621945885146,0.03428263450603,0.1019471349122038,-0.1087607011185401,Alto,5,6,0,0,0.0159346707250689,0.0004076455831758946,-0.027323150846379214,1.759999999999998,-1.8658448190858787,2.0
2024-05-06,-0.0133172075113331,52.92079049226474,55.57,-2.6492095077352573,-0.0135060149427239,-0.0370330557067904,0.0845794970299305,0.0327715312817074,0.1257466335492698,-0.1034810470767205,Alto,5,0,0,0,0.0018757817997593,0.053588259151187194,0.009291454352520587,-3.0799999999999983,2.9994309429516335,2.0
2024-05-07,-0.0135980507937309,53.081224100159055,53.76,-0.678775899840943,-0.0179587970743394,-0.013289397497243,0.1143333684255121,0.0756180824007157,0.1362011988686622,-0.0655081647089939,Alto,5,1,0,0,-0.0133172075113331,0.07903747717459829,-0.009896221695289014,-1.8100000000000023,1.9704336078943143,2.0
2024-05-08,-0.0181220133351202,52.27361367215647,55.43,-3.156386327843528,0.0307384680902385,0.028549820134744,0.1177480507175408,0.093510159572095,0.1333905184953254,-0.0871867269850831,Alto,5,2,0,0,-0.0135980507937309,0.05359110273672929,0.016744700721906286,1.6700000000000017,-2.477610428002585,2.0
2024-05-09,0.0302755046599091,51.90080610402568,52.17,-0.2691938959743254,-0.0360532016277386,-0.0237264128283584,0.072587901102213,0.0507340503640088,0.0988751151226947,-0.1008242539201169,Alto,5,3,0,0,-0.0181220133351202,-0.027226819115356016,-0.036535319612027016,-3.259999999999998,2.8871924318692024,2.0
2024-05-10,-0.036719174305045,52.94144065117666,54.27,-1.3285593488233405,0.0004276316492815,0.0889228764675784,0.1242135072719583,0.1751090748534662,0.1455288068303959,-0.0452301061233726,Alto,5,4,0,0,0.0302755046599091,-0.012885985180515813,-0.011726640112655312,2.1000000000000014,-1.059365452849015,2.0
2024-05-11,0.0004275402409262,52.85084084825874,54.17,-1.3191591517412604,0.0108177441912578,0.0724890790926706,0.1103807763753619,0.1532626102756404,0.1432612934043491,-0.0509673578679114,Alto,5,5,0,0,-0.036719174305045,-0.05148094128532012,-0.06588322744452142,-0.10000000000000142,0.009400197082080064,2.0
2024-05-12,0.0107596509793828,50.90284589582528,54.52,-3.6171541041747233,0.02368242529478,0.0901049199962462,0.1021869270358024,0.1249533415121562,0.0948254984752943,-0.0674012860908994,Alto,5,6,0,0,0.0004275402409262,-0.03773619353306082,-0.06546431043269588,0.3500000000000014,-2.297994952433463,2.0
2024-05-13,0.0234063469685158,48.67109781032121,56.13,-7.4589021896787955,-0.0216490033060016,0.0631572123835875,0.0766689524385733,0.0799104481595827,0.0845869595335755,-0.0802506129639492,Médio,5,0,0,0,0.0107596509793828,-0.013378491759947118,-0.08321544456426168,1.6099999999999994,-3.841748085504072,1.0
2024-05-14,-0.0218867810086137,48.37017325123306,56.23,-7.859826748766935,0.0751737363767182,0.0762700785627994,0.1174521728638176,0.1132313122863566,0.0843736891516688,-0.0385444421329937,Médio,5,1,0,0,0.0234063469685158,0.028149868543688884,-0.053724714944293275,0.09999999999999432,-0.4009245590881392,1.0
2024-05-15,0.0724822637554475,53.216967280080354,58.61,-5.3930327199196455,-0.0146706139125312,0.0791481198975929,0.0654216730985628,0.0465825863019493,-0.0024545928269882,-0.0816927340971052,Alto,5,2,0,0,-0.0218867810086137,-0.02401241712483392,-0.04310133910200409,2.3800000000000026,2.466794028847289,2.0
2024-05-16,-0.0147792915907175,53.42684738978368,57.49,-4.063152610216321,0.0274206214711349,0.0753140826863283,0.0900248500771285,0.0501640141880435,0.0152224542543819,-0.0078342661884586,Alto,5,3,0,0,0.0724822637554475,0.08518902093565858,0.026139158397651914,-1.1199999999999974,1.3298801097033248,2.0
2024-05-17,0.0270514103613143,52.406693168936,55.26,-2.853306831063996,-0.0016232991167343,0.0319679517784674,0.0563240033420864,0.0359935247075673,-0.0051791895440439,-0.0295418059202674,Alto,5,4,0,0,-0.0147792915907175,0.06998218910401488,0.02271633670264821,-2.230000000000004,1.2098457791523245,2.0
2024-05-18,-0.0016246180943355,50.954805629972114,56.67,-5.715194370027888,-0.0095821278274592,0.0157580041604896,0.0364700396920283,0.0221652180670461,-0.0061401594854382,-0.0422506396155133,Médio,5,5,0,0,0.0270514103613143,0.08627394848594638,0.05460977777998111,1.4100000000000037,-2.8618875389638916,1.0
2024-05-19,-0.0096283318061598,51.0297476573452,57.32,-6.290252342654796,0.078048845995587,0.0343419690463879,0.0458166029187008,0.0207986509342048,-0.0165779918855067,-0.0344945175340981,Médio,5,6,0,0,-0.0016246180943355,0.06124298342309508,0.058410332929596916,0.6499999999999986,-0.575057972626908,1.0
2024-05-20,0.07515278314448,57.04565628800917,61.94,-4.894343711990828,-0.0181713284687224,-0.030177074856725,-0.0251723594482146,-0.043311356086544,-0.0905886100700074,-0.0669957515135074,Alto,5,0,0,0,-0.0096283318061598,0.07350143262554898,0.03701067590337511,4.619999999999997,1.3959086306639676,2.0
2024-05-21,-0.0183384547582277,57.40316420928162,58.59,-1.1868357907183835,-0.0139949142060952,-0.0233885791167688,-0.008672193811001,-0.0371830609248914,-0.0752455439430213,-0.0428859756339208,Alto,5,1,0,0,0.07515278314448,0.07617195201458149,0.1634682908161071,-3.3499999999999943,3.7075079212724447,2.0
2024-05-22,-0.0140937663868154,56.74849662803503,56.8,-0.0515033719649693,-0.0173056020375146,0.0039008701017917,-0.0267814156597502,-0.0202376522085362,-0.0726226032152503,-0.0144763471165715,Alto,5,2,0,0,-0.0183384547582277,0.07261278884707129,0.18389626159262362,-1.7900000000000063,1.1353324187534142,2.0
2024-05-23,-0.0174570942889185,57.034776569869386,53.18,3.8547765698693865,0.0085382225743402,0.0063078153263993,0.0043304621989375,-0.0030016338174463,-0.054548463909995,-0.0064387561212982,Alto,5,3,0,0,-0.0140937663868154,0.03146761209894159,0.15795417156167013,-3.6199999999999974,3.906279941834356,2.0
2024-05-24,0.0085019781146903,55.974721919252616,52.29,3.684721919252617,0.0108035026700952,-0.0130936561770469,-0.0259223961958274,0.0037915395757168,-0.077899063150848,-0.038132463622533,Alto,5,4,0,0,-0.0174570942889185,0.01563513590435859,0.07780116875578649,-0.8900000000000006,-0.17005465061676972,2.0
2024-05-25,0.0107455617713425,56.08867434642052,52.21,3.878674346420517,-0.0112987957813019,-0.0135429684010394,-0.0468545719857694,0.018000573526816,-0.1298484050571384,-0.0564949891449876,Alto,5,5,0,0,0.0085019781146903,0.03376544582520869,0.0703684761454079,-0.0799999999999983,0.19395242716790007,2.0
2024-05-26,-0.0113631120978981,56.08883801986896,53.73,2.358838019868962,0.0135570221553293,-0.0141248417877881,-0.0332724788333919,0.0379567718475901,-0.097823499178997,-0.0395243335527248,Alto,5,6,0,0,0.0107455617713425,-0.03064177554792881,0.0792382561169911,1.519999999999996,-1.5198363265515549,2.0
2024-05-27,0.0134659479373295,56.25981935325256,53.91,2.349819353252564,-0.0149495012920449,-0.024044726953848,-0.0397422505736542,0.0196241367823779,-0.1234429823077021,-0.0220120763697094,Alto,5,0,0,0,-0.0113631120978981,-0.023666432887599207,0.0811923515304261,0.17999999999999972,-0.00901866661639783,2.0
2024-05-28,-0.0150623714003808,56.47290897268241,54.76,1.7129089726824134,-0.0109062508635071,-0.0092510949453633,-0.0276915874774245,0.0139946276513234,-0.0978373906169428,-0.007337745815362,Alto,5,1,0,0,0.0134659479373295,0.003893281436545692,0.1082563502614865,0.8500000000000014,-0.6369103805701508,2.0
2024-05-29,-0.0109661600050804,56.45318453008983,53.24,3.2131845300898263,0.0103433107049237,0.0171092179703253,-0.0366150981738716,0.0245082141924857,-0.1067896758164749,0.0088313174901948,Alto,5,2,0,0,-0.0150623714003808,0.006288004325083394,0.11131599219622591,-1.519999999999996,1.500275557407413,2.0
2024-05-30,0.0102901846853451,53.66186545138588,53.27,0.3918654513858755,-0.0118819929199029,0.0319766000113821,-0.0494175971296887,0.0189601880964422,-0.1077579541366425,-0.0229324101926828,Alto,5,3,0,0,-0.0109661600050804,-0.013180133794687306,0.0700743275312364,0.030000000000001137,-2.821319078703951,2.0
2024-05-31,-0.0119531480022309,52.09735354952332,51.99,0.1073535495233173,0.0033586018124664,0.0528277979230384,-0.0395324193763074,0.0296119292845826,-0.0705951923904066,-0.0200179123455859,Alto,5,4,0,1,0.0102901846853451,-0.013635510880684704,0.1170836865216265,-1.2800000000000011,-0.28451190186255815,2.0
2024-06-01,0.0033529743062472,51.94633935699948,50.68,1.266339356999481,-1.8002902599123516e-05,0.0447447387623889,-0.0534669975068932,-0.0066789292995026,-0.0718177102816496,-0.0463183695272837,Alto,6,5,1,0,-0.0119531480022309,-0.014225546785017506,0.10470299827846939,-1.3100000000000023,1.1589858074761636,2.0
2024-06-02,-1.800306465331948e-05,47.11876148357374,51.11,-3.991238516426258,0.0154100242261452,0.0234627789928316,-0.0517020206260903,0.0073541705433861,-0.0830828253201513,-0.035587509479363,Alto,6,6,0,0,0.0033529743062472,-0.024338520416099806,0.0972963216053338,0.4299999999999997,-5.257577873425738,2.0
2024-06-03,0.0152924956767793,47.09286426536804,52.77,-5.67713573463196,0.0251117935064577,0.0072745346236517,-0.0813820395030365,-0.029601699755413,-0.1250011989553827,-0.1062575298031242,Médio,6,0,0,0,-1.800306465331948e-05,-0.009294152080372325,0.07387197157216469,1.6600000000000037,-1.6858972182057026,1.0
2024-06-04,0.0248016734785851,47.87640065276115,53.95,-6.073599347238854,0.0080830374165128,-0.0126130882374623,-0.1452346712062631,-0.0637083585207598,-0.191214105790594,-0.1394974668915294,Médio,6,1,0,0,0.0152924956767793,0.016964503601487376,0.11105124825755769,1.1799999999999997,-0.3964636126068939,1.0
2024-06-05,0.0080505446456613,47.73319357220983,55.62,-7.8868064277901695,-0.0043446588288238,-0.0220509647297069,-0.1308149575293918,-0.0686244866962929,-0.2036227991224616,-0.1820751532879563,Médio,6,2,0,0,0.0248016734785851,0.03147599239472738,0.06337065798069527,1.6699999999999946,-1.8132070805513152,1.0
2024-06-06,-0.0043541242850611,47.52123059403722,51.87,-4.348769405962777,-0.0203881237971237,-0.0492212749717297,-0.1403135860843349,-0.0582237956266651,-0.1775296169186426,-0.237012327564801,Alto,6,3,0,0,0.0080505446456613,0.05147968504261958,0.08620049421707408,-3.75,3.5380370218273924,2.0
2024-06-07,-0.0205988304548735,47.6438425378819,50.02,-2.376157462118101,-0.0006508486697541,-0.0157393202567637,-0.1102885707859206,-0.0411108836200682,-0.1946171614116236,-0.1922496525154422,Alto,6,4,0,0,-0.0043541242850611,0.043772586451311275,0.05479495957069868,-1.8499999999999943,1.9726119438446759,2.0
2024-06-08,-0.0006510605636952,46.45930353506903,50.34,-3.8806964649309705,0.0048719919042521,-0.0366099142899933,-0.1281569910227116,-0.0596611247422107,-0.1817307228952167,-0.2045333417207158,Alto,6,5,0,0,-0.0205988304548735,0.023191759061091097,0.03582074721016068,0.3200000000000003,-1.5045390028128693,2.0
2024-06-09,0.0048601621590837,44.69113894725466,51.79,-7.098861052745342,-0.0015526617078359,-0.0517479720205018,-0.1243602485292499,-0.0671054532109542,-0.1665247629010624,-0.1143196358151129,Médio,6,6,0,0,-0.0006510605636952,0.007248202820616598,0.044798018452625286,1.4499999999999957,-3.218164587814371,1.0
2024-06-10,-0.0015538683361776,44.6941766438041,50.88,-6.185823356195904,-0.0320069025021569,-0.0476236698303135,-0.0973251366120218,-0.0671557377049181,-0.1698899913718723,-0.1251367558239862,Médio,6,0,0,0,0.0048601621590837,-0.012693308498884802,-0.025494602532771016,-0.9099999999999966,0.9130376965494378,1.0
2024-06-11,-0.0325303224150299,45.959051266465416,52.49,-6.530948733534586,0.0141091988857038,-0.0094685760397801,-0.0655767635495848,-0.0471026635671739,-0.1481759283028376,-0.0949387529295436,Médio,6,1,0,0,-0.0015538683361776,-0.022297721480723703,-0.008710016110720916,1.6099999999999994,-0.3451253773386824,1.0
2024-06-12,0.0140105905794903,45.4913311264973,50.56,-5.068668873502702,-0.0218413837222232,-0.0257772802322279,-0.0897767622431681,-0.0586250525350188,-0.1519818867897995,-0.1399185720026035,Alto,6,2,0,0,-0.0325303224150299,-0.0504739196106925,-0.027146572138935416,-1.9299999999999997,1.4622798600318845,2.0
2024-06-13,-0.0220834377646717,45.50289292193836,49.23,-3.727107078061636,-0.0109178843367999,-0.0239271825547476,-0.0983096313914857,-0.0533598829826601,-0.1133540333137594,-0.1112181403833674,Alto,6,3,0,0,0.0140105905794903,-0.015864498576328705,0.004321112729473383,-1.3300000000000054,1.341561795441066,2.0
2024-06-14,-0.010977921824138,38.02602183104362,48.56,-10.53397816895638,0.0027899586321176,-0.0161955690442082,-0.1361816571046056,-0.0870736307724594,-0.0794331172298947,-0.082624323575847,Médio,6,4,0,0,-0.0220834377646717,-0.0372968757773052,-0.026264303149888615,-0.6699999999999946,-6.806871090894745,1.0
2024-06-15,0.0027860739213107,37.6874965644869,48.03,-10.342503435513102,0.0067738465080988,-0.0205087708039998,-0.1449450951821919,-0.0667727140608426,-0.0227110032350242,-0.1139220800791203,Médio,6,5,0,0,-0.010977921824138,-0.0531349597605269,-0.04798778674536912,-0.5300000000000011,0.19147473344327892,1.0
2024-06-16,0.0067510070922938,36.5630879635295,47.9,-11.3369120364705,-0.0025877039519101,-0.0379938350435465,-0.1266817113640757,-0.087164859418266,-0.0244894518893883,-0.1370161796737009,Médio,6,6,0,0,0.0027860739213107,-0.0487950175030386,-0.033838600726160316,-0.13000000000000256,-0.9944086009573976,1.0
2024-06-17,-0.0025910578449524,36.56986594688604,48.81,-12.240134053113962,-0.0199838115803888,-0.0337169023430504,-0.1600876213623985,-0.0721435732079399,-0.036333574069538,-0.1147253118706707,Médio,6,0,0,0,0.0067510070922938,-0.009513687995714903,-0.04055354157119601,0.9100000000000037,-0.903222016643463,1.0
2024-06-18,-0.0201861886584316,37.08979667160008,50.06,-12.97020332839992,-0.0030832222994838,-0.0301542056103445,-0.1298144757862331,-0.0728416830174367,-0.0182185526668684,-0.0872006458886585,Médio,6,1,0,0,-0.0025910578449524,-0.026115336420157603,-0.028082228015767617,1.25,-0.7300692752859579,1.0
2024-06-19,-0.0030879852219766,26.261132035938097,48.6,-22.338867964061905,-0.0016064796011104,-0.0720448693846511,-0.1065707909134017,-0.0613732768782522,0.0259429987547397,-0.1007631162872376,Baixo,6,2,0,0,-0.0201861886584316,-0.024218087313917506,-0.037302256669118815,-1.4600000000000009,-9.368664635661984,0.0
2024-06-20,-0.0016077713731205,25.476365253367568,48.28,-22.80363474663244,-0.0111982443653837,-0.0472326263654425,-0.1101301233436292,-0.0323413029661326,0.0349926059800533,-0.0837288552071612,Baixo,6,3,0,0,-0.0030879852219766,-0.016328150711756105,-0.050680426576440514,-0.3200000000000003,-0.4647667825705355,0.0
2024-06-21,-0.0112614167598417,25.304302520727727,47.11,-21.805697479272272,0.0018466390078755,-0.0511130033942612,-0.1060694167894641,-0.019387293128102,0.0626996693042918,-0.0799731103169202,Baixo,6,4,0,0,-0.0016077713731205,-0.020721996006187307,-0.040335049947330115,-1.1700000000000017,0.9979372673601681,0.0
2024-06-22,0.0018449360662195,24.56916604017695,46.43,-21.86083395982305,-0.016370480786393,-0.0397675080502462,-0.0991707231068559,-0.0330917131287987,0.0508854298208225,-0.0483330664571494,Baixo,6,5,0,0,-0.0112614167598417,-0.03873441985832281,-0.05494944101341902,-0.6799999999999997,-0.0551364805507788,0.0
2024-06-23,-0.0165059576898561,25.05987002778965,48.23,-23.170129972210347,-0.0461431662485103,-0.0440147058986386,-0.0633758798645974,-0.0474834602937098,0.0431260808216924,-0.044837360411745,Baixo,6,6,0,0,0.0018449360662195,-0.03429842594715091,-0.0530865018825462,1.7999999999999972,-1.3092960123872963,0.0
2024-06-24,-0.047241688238279,29.75704068515437,50.96,-21.20295931484563,0.025089189014368,0.0115001169284147,0.0083692549586769,-0.0537918806898942,0.0842995822089685,0.06209545670912,Baixo,6,0,0,0,-0.0165059576898561,-0.030618194978575406,-0.0848849552491816,2.730000000000004,1.9671706573647185,0.0
2024-06-25,0.0247796224774557,30.732373443265416,48.14,-17.407626556734584,-0.0152253801855192,0.0156295480002672,0.0472143404824223,-0.0837656402670226,0.064620576542637,0.0380383719965096,Baixo,6,1,0,0,-0.047241688238279,-0.0747718979948778,-0.1569283169660457,-2.8200000000000003,3.7953327581110443,0.0
2024-06-26,-0.0153424763626781,30.839196753786496,47.05,-16.2108032462135,0.0138253534585317,0.0334346559491753,0.068660160791943,-0.0432902395942231,0.115715126216237,0.0551221646467041,Baixo,6,2,0,0,0.0247796224774557,-0.0483845041443016,-0.1401992391342513,-1.0900000000000034,1.1968233105210828,0.0
2024-06-27,0.0137306550868014,30.763466195192773,47.94,-17.176533804807224,-0.02072116586802,0.0069522693487409,0.0385943321664647,-0.0947819572242587,0.1003141161696659,0.0182724761277057,Baixo,6,3,0,0,-0.0153424763626781,-0.052465563747138,-0.15118759121186828,0.8900000000000006,-0.965730558593723,0.0
2024-06-28,-0.0209388617515131,31.386345168923217,45.4,-14.01365483107678,0.0092480552010465,-0.0036284599945983,0.0589145665309234,-0.0614488288841698,0.1294443091131507,-0.016761148503736,Médio,6,4,0,0,0.0137306550868014,-0.0405798447265561,-0.1168581056701934,-2.539999999999999,3.162878973730445,1.0
2024-06-29,0.0092055537746166,31.34533360158281,43.47,-12.12466639841719,0.0292740972290999,-0.0645496688785157,0.0930255590237081,-0.0481528097610822,0.095070103832509,-0.0320033817220415,Médio,6,5,0,0,-0.0209388617515131,-0.0450127487882131,-0.1371459068580113,-1.9299999999999997,1.8889884326595894,1.0
2024-06-30,0.0288537938097445,32.656377913829395,45.44,-12.783622086170602,0.0020388067866552,-0.0978655932795524,0.0695843577416113,-0.0803886955348411,0.0544189998058051,-0.0543713671109146,Médio,6,6,0,1,0.0092055537746166,0.011434493224682497,-0.13280051524247838,1.9699999999999989,-0.6589556877534122,1.0
2024-07-01,0.0020367312407112,32.6431600084982,44.71,-12.0668399915018,-0.0121545329339479,-0.0742426191164736,0.0837098702241447,-0.0883958805080891,0.0274723414105471,-0.060031806046392,Médio,7,0,1,0,0.0288537938097445,0.015508664556971296,-0.1023928530965563,-0.7299999999999969,0.7167820946688028,1.0
2024-07-02,-0.0122290033197398,32.92067627050343,42.33,-9.40932372949657,-0.031011111688702,-0.1010318261051216,0.0868511978745794,-0.0683405146850905,0.0517989161424223,-0.0508804391436968,Médio,7,1,0,0,0.0020367312407112,0.0328878721603606,-0.0678257994408152,-2.3800000000000026,2.6575162620052293,1.0
2024-07-03,-0.0315021343281225,34.29370230859144,45.36,-11.066297691408558,-0.0524604632761642,-0.0580309318040718,0.0951264753295957,-0.0166846652088457,0.0214213655263086,-0.0482775046347214,Médio,7,2,0,0,-0.0122290033197398,0.006928213753819398,-0.0940653933400453,3.030000000000001,-1.6569739619119872,1.0
2024-07-04,-0.0538866154831006,38.138035394314535,47.53,-9.391964605685466,-0.0073833466462144,0.0175283054288684,0.1459419551372558,0.0656949928667847,0.0639435470738742,0.0364964002635581,Médio,7,3,0,0,-0.0315021343281225,-0.0036350588227900063,-0.1034840899034961,2.1700000000000017,1.6743330857230916,1.0
2024-07-05,-0.0074107384621975,38.12225320928304,48.98,-10.85774679071696,0.0282778424190239,0.0193728313813521,0.1619522507897484,0.1429546702304605,0.0270570852741158,0.0151679031107676,Médio,7,4,0,0,-0.0538866154831006,-0.06672722808050721,-0.14639278356245872,1.4499999999999957,-1.4657821850314932,1.0
2024-07-06,0.0278854052420161,39.31420960328887,48.21,-8.895790396711128,-0.0407404208096392,-0.0152883052124389,0.1662002128451372,0.1170160533730562,-0.0723220092416073,-0.0044518190153447,Médio,7,5,0,0,-0.0074107384621975,-0.1029917603524492,-0.1565895959459669,-0.769999999999996,1.9619563940058313,1.0
2024-07-07,-0.0415935637799837,41.2852127575358,50.99,-9.7047872424642,0.0153391262564717,0.0363653712882765,0.2155238452778582,0.1473416161500065,0.0029396068338518,0.0057680385249618,Médio,7,6,0,0,0.0278854052420161,-0.07714308635114431,-0.1354551977962446,2.780000000000001,-0.8089968457530716,1.0
2024-07-08,0.0152226712283136,41.62464417750103,51.03,-9.405355822498969,0.0235456042903927,0.0438934440537552,0.2033912948724685,0.1282438284872578,-0.0278668886435279,-0.0485174722143955,Médio,7,0,0,0,-0.0415935637799837,-0.10650764681138822,-0.1744577037312759,0.03999999999999915,0.2994314199652308,1.0
2024-07-09,0.0232726823228449,42.37492086681161,50.05,-7.67507913318839,-0.0055839793281653,0.0473369509043928,0.1504683893195522,0.1483204134366924,0.06263548664944,-0.0669963824289405,Médio,7,1,0,0,0.0152226712283136,-0.059782841254952104,-0.1390488438445307,-0.980000000000004,1.7302766893105783,1.0
2024-07-10,-0.0055996280225802,42.4164486169701,48.69,-6.273551383029897,-0.0066860860429079,0.121233208346001,0.146592038055741,0.1630830901580489,0.0539124153217318,-0.049473502772155,Médio,7,2,0,0,0.0232726823228449,0.01737645655099339,-0.11268817629970919,-1.3599999999999994,1.4015277501584933,1.0
2024-07-11,-0.0067085380495201,40.937517393954,48.54,-7.602482606046003,0.0095781488244919,0.1343584719119621,0.1271036620405097,0.1887943977569541,0.0624978527164945,-0.0051951616928459,Médio,7,3,0,0,-0.0055996280225802,0.01918756699061069,-0.11668003294916889,-0.14999999999999858,-1.328931223016106,1.0
2024-07-12,0.009532569171711,40.78055181439571,46.32,-5.539448185604293,0.0227144661084728,0.1070821622723448,0.1289520825163976,0.1665755729489662,0.0142253032090668,-0.00437232570553,Alto,7,4,0,0,-0.0067085380495201,-0.01540637630092551,-0.1121271542388473,-2.219999999999999,2.06303442044171,2.0
2024-07-13,0.0224603337463863,40.80558774383626,49.18,-8.374412256163737,0.0269219894189618,0.0808036346180547,0.0387526049751352,0.1137083258873299,0.0024089580403492,-0.0315184678337721,Médio,7,5,0,0,0.009532569171711,0.035719756650769194,-0.1044395211333558,2.8599999999999994,-2.834964070559444,1.0
2024-07-14,0.0265659683913898,41.66892959245572,49.3,-7.631070407544279,0.0645783711972993,0.0964192683597182,-0.0016434775471723,0.0753001213364077,-0.0034665665316455,-0.0438434479079955,Médio,7,6,0,0,0.0224603337463863,0.042957419168841895,-0.06547322969711339,0.11999999999999744,0.7433418486194583,1.0
2024-07-15,0.0625788251846498,47.02994007794616,54.52,-7.490059922053845,0.0049417419837483,0.0373248682794395,-0.101401733572667,0.016621464572569,-0.0933307109217673,-0.0652946489516894,Médio,7,0,0,0,0.0265659683913898,0.046250705237386794,0.008334426932555403,5.220000000000006,0.14101048549043327,1.0
2024-07-16,0.0049295716554446,47.00241221783514,56.49,-9.48758778216486,-0.014697745325894,0.04798829223115,-0.1695034391340384,0.0440317391353144,-0.1153516258765798,-0.0776545227314622,Médio,7,1,0,0,0.0625788251846498,0.11442915844461679,0.0461336296397495,1.9699999999999989,-1.9975278601110151,1.0
2024-07-17,-0.0148068273440296,47.27667918945696,58.28,-11.003320810543038,-0.0015614470043451,0.0537389298681389,-0.1258579025492919,0.0594262669183416,-0.0813473788146578,-0.0773310256726728,Médio,7,2,0,0,0.0049295716554446,0.1260672681495815,0.0664056776578722,1.7899999999999991,-1.5157330283781771,1.0
2024-07-18,-0.0015626673332034,46.75258809991974,57.1,-10.34741190008026,0.0417591320361718,0.0304446526781929,-0.138366116604509,0.0666056968252759,-0.0702621682342542,-0.0902346880473689,Médio,7,3,0,0,-0.0148068273440296,0.1017278716338409,0.0378681952270412,-1.1799999999999997,0.6559089104627773,1.0
2024-07-19,0.0409107573354448,48.8699970768626,60.8,-11.930002923137394,0.0072001200120013,-0.0192619261926192,-0.0746176117611761,0.0018705370537053,-0.123502100210021,-0.0951996699669966,Médio,7,4,0,0,-0.0015626673332034,0.0777048705542512,0.0572443896453509,3.6999999999999957,-1.5825910230571338,1.0
2024-07-20,0.0071743229020851,48.93081246580969,62.65,-13.719187534190311,0.0152722760037389,-0.0199584569308651,-0.0938631777558403,-0.0141787394570983,-0.1147075452532293,-0.0801306703191364,Médio,7,5,0,0,0.0409107573354448,0.0920496594983062,0.0889495932061791,1.8500000000000014,-1.7891846110529173,1.0
2024-07-21,0.0151568287409893,49.058588638005325,66.0,-16.941411361994675,-0.0092910854695362,-0.0037753791002874,-0.1062391825523058,-0.0518935282945848,-0.1342550334231442,-0.0765396314314577,Baixo,7,6,0,0,0.0071743229020851,0.03664515721574149,0.0672701222985197,3.3500000000000014,-3.2222238278043633,0.0
2024-07-22,-0.0093345168297836,49.16230464513914,67.63,-18.46769535486085,-0.0236332370382578,0.0053972923358864,-0.130596142481173,-0.0322512242712751,-0.0944141896561349,-0.0641319575709354,Baixo,7,0,0,0,0.0151568287409893,0.04687241430128619,0.08039021979879779,1.6299999999999955,-1.5262839928661762,0.0
2024-07-23,-0.0239169814342164,49.53161145865084,63.91,-14.37838854134916,-0.0084932345769783,0.0350926602929113,-0.0999358317253348,-0.0673028289094228,-0.0843267586255218,-0.0392357681333764,Médio,7,1,0,0,-0.0093345168297836,0.05234472481553219,0.083284706288754,-3.719999999999999,4.089306813511691,1.0
2024-07-24,-0.0085295076234562,46.804905794892335,61.39,-14.585094205107666,0.0064847956436613,0.0215475097895252,-0.0732508871757219,-0.0715554637787567,-0.0204778511992168,-0.0274908223201174,Médio,7,2,0,0,-0.0239169814342164,0.029990410714519196,0.09086985918266009,-2.519999999999996,-0.2067056637585054,1.0
2024-07-25,0.0064638598173518,46.05513733224209,61.81,-15.754862667757912,0.0320371064111753,0.0058974208946966,-0.1081544894790953,-0.1160935532625784,-0.0249687119823038,-0.0373854387427345,Médio,7,3,0,0,-0.0085295076234562,-0.01944985424438181,0.1362269670423045,0.4200000000000017,-1.1697684626502465,1.0
2024-07-26,0.031534622237758,47.0470577291669,60.1,-13.0529422708331,-0.000169199530129,-0.0483005018997029,-0.1526614173089205,-0.2045293933747708,-0.0543086314290852,-0.0536798394415739,Médio,7,4,0,0,0.0064638598173518,-0.020160317329115107,0.15010156532185379,-1.7100000000000009,2.7019203969248125,1.0
2024-07-27,-0.0001692138459844,46.80268368214377,55.04,-8.237316317856227,0.0052046865449619,-0.0374464073994977,-0.1328772469862217,-0.1748910474030325,-0.0745620171879257,-0.0698782706030501,Médio,7,5,0,0,0.031534622237758,-0.00378252383234641,0.1537507823175957,-5.060000000000002,4.815625952976873,1.0
2024-07-28,0.0051911889774283,46.26474779739003,52.65,-6.385252202609969,-0.02146802309396,-0.0989239834560882,-0.1283209582199999,-0.1921720594966613,-0.1294490188114617,-0.0450680645885385,Médio,7,6,0,0,-0.0001692138459844,0.00538277915145279,0.195175132251595,-2.3900000000000006,1.8520641152462574,1.0
2024-07-29,-0.0217018131643439,46.76983831985493,51.73,-4.96016168014507,-0.0089345327499461,-0.0911391518026063,-0.1251385609486246,-0.0763453420237483,-0.1160414160790445,-0.0151942009463547,Alto,7,0,0,0,0.0051911889774283,0.034490949563097485,0.1851436500007097,-0.9200000000000017,1.4250905224648989,2.0
2024-07-30,-0.0089746850278234,45.78127210499507,50.62,-4.838727895004929,-0.0235692270502205,-0.1212757599564875,-0.1019746781893998,-0.0808305130839427,-0.1031756511754395,-0.0049857980298543,Alto,7,1,0,0,-0.0217018131643439,0.02131864402220979,0.14016915451352088,-1.1099999999999994,0.12143378514014103,2.0
2024-07-31,-0.0238514242150137,46.525639942319415,48.73,-2.204360057680581,0.0112338305378474,-0.1641577953828062,-0.0868694683418951,-0.0573202017701305,-0.0851644797920406,0.0150710218481153,Alto,7,2,0,1,-0.0089746850278234,0.005880099177034593,0.1367940975082777,-1.8900000000000006,2.634367837324348,2.0
2024-08-01,0.0111711996833452,46.49326380200844,49.81,-3.316736197991567,-0.0589969828940897,-0.142791675248133,-0.0642346102045443,-0.1016223638576478,-0.0976226099021911,-0.0310069678957775,Alto,8,3,1,0,-0.0238514242150137,-0.04950594727573711,0.11965121134278409,1.0800000000000054,-1.1123761403109858,2.0
2024-08-02,-0.060808933125691,49.907649792156114,51.4,-1.4923502078438844,-0.0130140119252019,-0.1034852491116424,-0.0182523655520402,-0.0349877793429512,-0.0682371374962539,-0.0112612814039015,Alto,8,4,0,0,0.0111711996833452,-0.03816553374640751,0.1212898418544183,1.5899999999999963,1.8243859901476824,2.0
2024-08-03,-0.0130994361288609,46.45814498500866,51.45,-4.991855014991344,-0.0417969359446663,0.0162773100064763,0.0550141775699657,-0.0018260901225888,-0.0257975593590495,-0.0008024977433355,Alto,8,5,0,0,-0.060808933125691,-0.1041656558495268,0.038020574982340995,0.05000000000000426,-3.49950480714746,2.0
2024-08-04,-0.042695556818197,48.71821908987592,56.13,-7.411780910124087,-0.0712193738071904,0.0460272347449322,0.1030933099499664,0.0089817919224222,-0.0115759701518198,0.0445609600935335,Médio,8,6,0,0,-0.0130994361288609,-0.0955632788140438,-0.0016448295379097068,4.68,-2.4199258951327423,1.0
2024-08-05,-0.0738827077815432,54.24936569026799,63.08,-8.830634309732005,0.0370833789193061,0.1278202907468715,0.1888451448671306,0.0652041390767401,0.0731613673089059,0.1493403871725422,Médio,8,0,0,0,-0.042695556818197,-0.1292841506044174,-0.10691921154075651,6.949999999999996,-1.4188533996079187,1.0
2024-08-06,0.036412329987494,53.794238109413286,61.54,-7.745761890586714,-0.0158482353632081,0.0480271950256692,0.1215948874379908,0.0509190941203288,0.0028201415836381,0.107743188793119,Médio,8,1,0,0,-0.0738827077815432,-0.17931543417094692,-0.18573149097774427,-1.5399999999999991,1.0848724191452916,1.0
2024-08-07,-0.0159751614680071,53.82077952147314,60.88,-7.059220478526861,0.1188343125205859,0.0764041748346215,0.0776440595086602,0.0790404714608872,-0.0212425472701498,0.1394008723448403,Médio,8,2,0,0,0.036412329987494,-0.1540743038667981,-0.13451233364622067,-0.6599999999999966,0.686541412059853,1.0
2024-08-08,0.1122873509141612,66.06668953382469,56.81,9.256689533824684,-0.0137470436966319,-0.0178134451599139,-0.0429771816906885,-0.0528262576315951,-0.12199090911891,0.0087217535132368,Alto,8,3,0,0,-0.0159751614680071,-0.1092405322091142,-0.1489248277810244,-4.07,16.315910012351544,2.0
2024-08-09,-0.0138424093072877,66.21408713735987,55.02,11.194087137359864,0.0014057006156844,-0.0354153712178854,-0.0243101391088035,-0.0230035541936871,-0.0980972579797591,0.0217380620234166,Alto,8,4,0,0,0.1122873509141612,0.0161462548339079,-0.07754823420230798,-1.7899999999999991,1.9373976035351799,2.0
2024-08-10,0.0014047135434843,66.17454091376935,56.28,9.894540913769347,-0.0362900955640934,-0.0555196179602915,-0.029537365788675,-0.0313460271740745,-0.0637112011438606,-0.0047188679706734,Alto,8,5,0,0,-0.0138424093072877,0.044999402344817196,-0.09856496641168079,1.259999999999998,-1.2995462235905162,2.0
2024-08-11,-0.0369649586682071,67.33691675169577,57.11,10.226916751695768,0.0107992169992841,0.0027593740967652,0.0044521967094282,0.0416169683538063,-0.0183367826219214,0.0274864385986037,Alto,8,6,0,0,0.0014047135434843,0.1202868236698447,-0.11231708160918578,0.8299999999999983,0.33237583792642056,2.0
2024-08-12,0.0107413218969405,66.98448329120448,57.48,9.504483291204489,0.0209027840497795,0.002449169826632,-0.0344548570904772,0.0173421780912954,-0.0338458925391563,0.0538086065192571,Alto,8,0,0,0,-0.0369649586682071,0.0469095350141436,-0.1399475234476093,0.36999999999999744,-0.7224334604912794,2.0
2024-08-13,0.020687318243458,66.73172979200321,56.92,9.811729792003206,-0.0314218444009992,-0.0356478230119753,-0.024015323381278,0.0569442530305517,-0.0405173374222092,0.0432281432614012,Alto,8,1,0,0,0.0107413218969405,0.07362601837909119,-0.10528922011645239,-0.5599999999999952,0.3072465007987173,2.0
2024-08-14,-0.0319261018184248,64.03651848197387,55.31,8.72651848197387,-0.0194659851791111,0.012867525206025,-0.0203747602174992,0.0932737525899578,0.0309220377350387,0.0713426746478005,Alto,8,2,0,0,0.020687318243458,-0.017974014291612002,-0.07607239424953818,-1.6099999999999994,-1.0852113100293366,2.0
2024-08-15,-0.0196579426462018,64.37961897912902,55.64,8.73961897912902,0.0231754507129344,0.0255945928003413,0.0074701439285269,0.1160725923366723,0.042612527471687,0.1484666775342686,Alto,8,3,0,0,-0.0319261018184248,-0.0360577068027491,-0.11446235588531478,0.3299999999999983,0.013100497155150492,2.0
2024-08-16,0.0229109783372539,64.66780718644603,53.12,11.547807186446027,0.0104865255984754,0.038750666671196,-0.0457684638197116,0.0672514123238205,0.0043720042259309,0.1392712646879979,Alto,8,4,0,0,-0.0196579426462018,-0.0571203629924352,-0.16565492076927457,-2.520000000000003,2.8081882073170075,2.0
2024-08-17,0.0104319233822097,64.76780498839491,53.71,11.057804988394912,-0.0178955183714647,0.0148566218746422,-0.0929372172623574,-0.0012941237971699,-0.0214818835275135,0.1366237706958533,Alto,8,5,0,0,0.0229109783372539,0.0027555740130257994,-0.1425747285860363,0.5900000000000034,-0.49000219805111556,2.0
2024-08-18,-0.0180575795170035,63.48943906933577,55.32,8.169439069335773,0.0173061074993132,0.0960147944413019,-0.0730221377488453,0.010398383633692,0.0322903571700581,0.153942117860899,Alto,8,6,0,0,0.0104319233822097,0.002446175498295001,-0.1373339941812549,1.6099999999999994,-2.8883659190591384,2.0
2024-08-19,0.0171580624359473,63.72177914467145,53.68,10.041779144671452,-0.0071452005013584,0.0793847422125391,-0.0768617983293656,-0.0013373486881398,0.0390570085045887,0.1512403576806278,Alto,8,0,0,0,-0.0180575795170035,-0.0362987222621665,-0.1336897605339145,-1.6400000000000006,1.8723400753356785,2.0
2024-08-20,-0.0071708496985934,63.551325337022526,54.06,9.491325337022523,0.036300492427195,0.0882200434474647,-0.0334125238503536,0.0018671903859774,0.0666655934713573,0.1586781396893608,Alto,8,1,0,0,0.0171580624359473,0.0127854419922056,-0.10755701307014379,0.38000000000000256,-0.5504538076489283,2.0
2024-08-21,0.0356571523861472,64.6750392477631,54.68,9.995039247763096,-0.0127573683249223,0.0274375233317138,-0.0575583470673293,-0.0356798830793954,0.0334393844727984,0.128784684028705,Alto,8,2,0,0,-0.0071708496985934,0.025272534939814004,-0.09087643855372349,0.6199999999999974,0.5037139107405721,2.0
2024-08-22,-0.0128394423275779,64.29091379995559,53.99,10.300913799955588,0.0606434626830865,-0.0159143127449654,-0.0503154904345843,-0.0509140742389671,0.0492435384749927,0.1159679103429451,Alto,8,3,0,0,0.0356571523861472,0.03801870898870731,-0.0663904858509215,-0.6899999999999977,0.30587455219249193,2.0
2024-08-23,0.058875764216626,67.42558843521367,55.43,11.99558843521367,0.0018703179587378,-0.0781161086892563,-0.0922107198873655,-0.0765977734205909,-0.0071595840170499,0.0529185829995171,Alto,8,4,0,0,-0.0128394423275779,0.014747343278919701,-0.018420995052808385,1.4399999999999977,1.6946746352580817,2.0
2024-08-24,0.0018685710918962,67.39103329222849,55.14,12.251033292228485,0.000981810093706,-0.0747852806731486,-0.0570321154305664,-0.1039524753413539,-0.0127346957097908,0.0391483331283672,Alto,8,5,0,0,0.058875764216626,0.0916806870125492,0.053554205292678514,-0.28999999999999915,0.25544485701481534,2.0
2024-08-25,0.0009813284334161,66.48818886515517,54.2,12.288188865155163,-0.0215820616630333,-0.0793523824353784,-0.0658201494861414,-0.0973076923076923,0.0006649018997195,0.0619476798505138,Alto,8,6,0,0,0.0018685710918962,0.0763911956684981,0.09811833320277172,-0.9399999999999977,0.037155572926678815,2.0
2024-08-26,-0.021818360418123,66.92229881307395,51.58,15.342298813073953,-0.0544132157748989,-0.0614318680968902,-0.0589171467676735,-0.1058980806569691,0.0050611134099374,0.0615006206830697,Alto,8,0,0,0,0.0009813284334161,0.08454337380050761,0.172982369417731,-2.6200000000000045,3.054109947918789,2.0
2024-08-27,-0.0559496085012552,69.68626592560227,52.69,16.996265925602273,-0.0063973744004038,-0.0355657662206513,-0.0202139190440124,-0.0917618446520238,0.0969282167802743,0.1292225868888326,Alto,8,1,0,0,-0.021818360418123,0.027067860996237397,0.114751679012114,1.1099999999999994,1.6539671125283206,2.0
2024-08-28,-0.0064179252947433,69.31007061671579,52.91,16.400070616715794,0.0054901422717748,0.0016469918641346,0.0216666751362328,-0.0825620099297195,0.1140859051171425,0.1522285969824628,Alto,8,2,0,0,-0.0559496085012552,-0.016042305177439903,0.0747772319788659,0.21999999999999886,-0.5961953088864789,2.0
2024-08-29,0.0054751263752269,69.26567298058771,52.98,16.285672980587712,-0.0039592978386937,-0.0315247845272351,0.0404484508754441,-0.0756255874213536,0.1094861588830407,0.178628316071983,Alto,8,3,0,0,-0.0064179252947433,-0.0813359946888092,-0.0439280442300386,0.07000000000000028,-0.11439763612808207,2.0
2024-08-30,-0.0039671566087142,68.77814537056565,51.96,16.818145370565652,-0.002537041224721,-0.0195029124387579,0.064677637622224,-0.0352139630630476,0.1095666919637865,0.2302353071908713,Alto,8,4,0,0,0.0054751263752269,-0.07772943940547851,-0.024610508547523998,-1.019999999999996,0.53247238997794,2.0
2024-08-31,-0.0025402649674755,68.6733930422572,50.48,18.19339304225721,-0.0283536860911055,-0.0473766485869447,0.0716766832293356,-0.0226879680347217,0.0738223749147717,0.2267228315398026,Alto,8,5,0,1,-0.0039671566087142,-0.08267792444760881,-0.0299823786997225,-1.480000000000004,1.3752476716915574,2.0
2024-09-01,-0.0287634153194433,66.08179666402651,54.36,11.721796664026511,0.0319408479934157,-0.0582684401518553,0.1055306058127956,0.0006306950594623,0.061148451376622,0.2266968297364169,Alto,9,6,1,0,-0.0025402649674755,-0.0633998289969613,0.0044423150010090996,3.8800000000000026,-6.471596378230698,2.0
2024-09-02,0.0314413475808036,66.8296418427239,52.92,13.9096418427239,-0.0278089086254798,-0.0840705383012585,0.0751982044279482,-0.0169080667312339,0.0256569482614612,0.175266475264801,Alto,9,0,0,0,-0.0287634153194433,-0.0362136358151494,-0.0350624222153747,-1.4399999999999977,2.1878451786973887,2.0
2024-09-03,-0.0282028977798505,65.88768975677579,55.29,10.597689756775786,0.008404750022309,-0.0455363257515996,0.1018001580511178,0.0523636956964554,0.0567943802964563,0.2067747326255533,Alto,9,1,0,0,0.0314413475808036,0.0016456370603975083,-0.0243083928780291,2.3699999999999974,-3.311952085948114,2.0
2024-09-04,0.0083696267750248,60.708930086467575,55.73,4.978930086467578,-0.0308930860138448,-0.0160235566465244,0.1085337643541846,0.0348818113915774,0.0709856151965899,0.186388170616637,Alto,9,2,0,0,-0.0282028977798505,-0.03203238709467989,-0.0205851888394548,0.4399999999999977,-5.618759670308208,2.0
2024-09-05,-0.0313803388267203,60.36613111255299,56.79,3.576131112552993,-0.0394629761480953,0.0259165183339267,0.1241012815948736,0.0525453898184407,0.1046279814880739,0.2077253470986115,Alto,9,3,0,0,0.0083696267750248,-0.019695603710940895,0.007442380581771799,1.0600000000000023,-1.4027989739145852,2.0
2024-09-06,-0.0402627510802886,61.72724081479131,59.46,2.2672408147913075,0.0036671443399056,0.0625434441432708,0.2077539468268703,0.0787766129254932,0.1641299580063884,0.2855484047671948,Alto,9,4,0,0,-0.0313803388267203,-0.04853567757018569,-0.0468489365822024,2.6700000000000017,-1.3088902977616854,2.0
2024-09-07,0.0036604367595428,47.726873589323134,58.84,-11.11312641067687,0.0130922958018022,0.0733271222059619,0.2143446392837926,0.1136084249770037,0.1488739285159062,0.3953247788162892,Médio,9,5,0,0,-0.0402627510802886,-0.06003501333103099,-0.09754361104470069,-0.6199999999999974,-13.380367225468177,1.0
2024-09-08,0.0130073324703566,47.69828614939786,59.32,-11.62171385060214,0.0395854197060505,0.1025707149359531,0.2002562422601077,0.1255703713963654,0.1328694485779558,0.3825033556618877,Médio,9,6,0,0,0.0036604367595428,-0.08781592415229178,-0.0758255947681544,0.4799999999999969,-0.5085874399252699,1.0
2024-09-09,0.03882199877924,49.5808032390302,58.82,-9.239196760969804,0.0104132043055993,0.051734336103222,0.1500650397952385,0.1035375688089477,0.0630065565723501,0.341288524245293,Médio,9,0,0,0,0.0130073324703566,-0.04660569390208469,-0.07997632473374511,-0.5,2.3825170896323353,1.0
2024-09-10,0.0103593603630522,48.01110855616432,57.18,-9.168891443835683,-0.0051702070182189,0.0259561777285339,0.098750797895551,0.0965552947038821,0.0466791669580066,0.3303746495896056,Médio,9,1,0,0,0.03882199877924,-0.016153321897869485,-0.03398347625591171,-1.6400000000000006,0.07030531713412103,1.0
2024-09-11,-0.0051836187862416,47.89883405212622,54.84,-6.941165947873785,0.0138532910111968,0.0152776518190378,0.0604796121245945,0.1048337925982769,0.0907251735323868,0.4016884090829815,Médio,9,2,0,0,0.0103593603630522,0.02558637729190301,-0.059281268279006705,-2.3399999999999963,2.2277254959618986,1.0
2024-09-12,0.0137582112804251,47.594740233972935,53.96,-6.365259766027066,0.0406947460552065,0.037529381246095,0.0432970849950595,0.0936903946032088,0.0872819113360692,0.5249346662923484,Médio,9,3,0,0,-0.0051836187862416,0.06066550958595002,-0.0516254447376704,-0.8800000000000026,0.5759061818467188,1.0
2024-09-13,0.0398885151769493,48.32008327048239,52.51,-4.189916729517606,-0.0083468875004132,0.0208600284306919,0.0042102218255148,0.046976594267579,0.0392082382888689,0.453800290918708,Alto,9,4,0,0,0.0137582112804251,0.07076328410683232,-0.0967429976738713,-1.4500000000000028,2.17534303650946,2.0
2024-09-14,-0.008381917831569,47.92037253774814,52.48,-4.559627462251854,-0.0143521672434281,0.0492550551289041,0.0348868860265934,0.0711694341826041,0.10152779414542,0.5064283300910122,Alto,9,5,0,0,0.0398885151769493,0.09764446681342502,-0.0587230535888182,-0.030000000000001137,-0.3697107327342479,2.0
2024-09-15,-0.0144561557687207,47.51761411684471,53.21,-5.692385883155296,-0.0155247581681661,0.0688129946560238,0.0494825136981669,0.0679836636677264,0.1343120476222687,0.4767907393627815,Médio,9,6,0,0,-0.008381917831569,0.05044055020261602,-0.0680862998538033,0.730000000000004,-1.1327584209034427,1.0
2024-09-16,-0.0156465291807425,47.69139294919783,53.29,-5.598607050802173,0.0360738028779679,0.0882085216972758,0.0791205000722337,0.1195588895384083,0.1615766244505829,0.5637490232158973,Médio,9,0,0,0,-0.0144561557687207,0.02562503407084312,-0.060724095204400995,0.0799999999999983,0.09377883235312368,1.0
2024-09-17,0.035438379599161,48.8630222239472,53.12,-4.2569777760528,0.0239745372508102,0.0541295643017483,0.0316677772437208,0.0904592781873658,0.1178464565186285,0.5019221908548912,Alto,9,1,0,0,-0.0156465291807425,0.015162123676342218,-0.020421015883888293,-0.1700000000000017,1.3416292747493728,2.0
2024-09-18,0.0236916603421471,49.19417899049365,51.59,-2.3958210095063563,0.0192357544099344,0.025582905696714,0.006484780842743,0.0663537996039183,0.1079665006422443,0.4549223534524538,Alto,9,2,0,0,0.035438379599161,0.036842291995078116,0.021435289010016005,-1.529999999999994,1.8611567665464435,2.0
2024-09-19,0.0190530860779139,49.57800377853728,51.95,-2.371996221462723,0.0040201442492446,0.020885654966902,-0.0367282577251474,0.0421621087504144,0.0862618488692015,0.4371242036481229,Alto,9,3,0,0,0.0236916603421471,0.020645437160275913,0.0396518229769362,0.35999999999999943,0.023824788043633305,2.0
2024-09-20,0.0040120850615298,48.01297688901741,50.15,-2.137023110982589,0.0023403092195461,-0.0007759364757389,-0.0454843709083947,0.0020021819257749,0.0922601760572017,0.4605894996997675,Alto,9,4,0,0,0.0190530860779139,0.04808044106975881,0.06267206566356431,-1.8000000000000043,0.23497311048013403,2.0
2024-09-21,0.0023375749611005,47.81060407480277,51.04,-3.229395925197231,0.0036275260083196,0.0288091548779962,-0.0127699018263283,-0.0401455682934652,0.0635928356203479,0.4883679226936006,Alto,9,5,0,0,0.0040120850615298,0.06654868190000932,0.06922441569256961,0.8900000000000006,-1.092372814214642,2.0
2024-09-22,0.0036209624041565,43.19385541627593,51.13,-7.936144583724072,-0.0037554994781276,0.0344641826924587,-0.0058595040230416,-0.0460763940661944,0.0605114034938711,0.5463831002680768,Médio,9,6,0,0,0.0023375749611005,0.08453278604185231,0.1003254059731134,0.09000000000000341,-4.706748658526841,1.0
2024-09-23,-0.0037625690717466,43.20887368940486,50.45,-7.241126310595142,0.0145675741344448,0.0397538742901601,-0.0074197990874327,-0.0408474961868481,0.0525522659539414,0.5612885319369327,Médio,9,0,0,0,0.0036209624041565,0.05271536884684782,0.0725050207964663,-0.6799999999999997,0.6950182731289303,1.0
2024-09-24,0.0144624863793905,43.50100949593188,51.52,-8.018990504068121,-0.0172835875243336,0.0208411722507768,0.0283413239717598,-0.0338719039193808,0.0612420579900938,0.5198925659830664,Médio,9,1,0,0,-0.0037625690717466,0.02526113943295412,0.0969453495045702,1.0700000000000003,-0.7778641934729791,1.0
2024-09-25,-0.0174346923431625,43.25970824450822,49.75,-6.490291755491782,0.0320176665794167,0.0027802757188566,0.06210617840984,-0.0173234391114391,0.0561552989366451,0.5502284091986935,Médio,9,2,0,0,0.0144624863793905,0.02067053973443072,0.10303820910893591,-1.7700000000000031,1.528698748576339,1.0
2024-09-26,0.0315157856913509,40.14208300005207,52.38,-12.237916999947934,0.0091441386356734,-0.0670238234608622,0.0375306161246227,-0.0361199306655921,0.0294407324148788,0.4271032048214325,Médio,9,3,0,0,-0.0174346923431625,-0.0007762376702615814,0.11698385559249372,2.6300000000000026,-5.747625244456152,1.0
2024-09-27,0.0091025841280016,40.205178096407096,51.91,-11.7048219035929,0.0013387572896133,-0.0778572889290625,0.02511526920729,-0.0539144396491102,0.0342367601009274,0.3982853871714971,Médio,9,4,0,0,0.0315157856913509,0.028401973059988816,0.1887623923641332,-0.47000000000000597,0.5330950963550336,1.0
2024-09-28,0.0013378619530761,40.16250628509724,52.6,-12.437493714902764,-0.0038869993015275,-0.0775196635184791,0.0390233532752284,-0.0561436727504631,0.0623190804458078,0.4556031157945883,Médio,9,5,0,0,0.0091025841280016,0.03388359478383392,0.194204539732592,0.6900000000000048,-0.7326718113098636,1.0
2024-09-29,-0.0038945733164771,40.1616419537498,54.02,-13.858358046250205,-0.0346699742888975,-0.0535960712179397,0.0423156241706619,-0.0756987476450797,0.108752917784074,0.4579428282761459,Médio,9,6,0,0,0.0013378619530761,0.03898402580865661,0.18253506921531149,1.4200000000000017,-1.42086433134744,1.0
2024-09-30,-0.0352852405547545,41.99587170704118,54.21,-12.21412829295882,-0.039821663827725,-0.0200479759296066,0.0900776423040889,-0.047391666096878,0.1423889650624634,0.5389816666006082,Médio,9,0,0,1,-0.0038945733164771,0.020626966112789018,0.1398184971195944,0.18999999999999773,1.644229753291384,1.0
2024-10-01,-0.0406362449266593,43.172942513151,56.64,-13.467057486849,-0.0025737684805622,0.033123989199711,0.1080772255532287,0.0285206439256269,0.156008688647691,0.5855070027882219,Médio,10,1,1,0,-0.0352852405547545,0.002776417901197016,0.09417389620178768,2.4299999999999997,-1.2529291938901803,1.0
2024-10-02,-0.0025770863167755,41.76645066693224,56.35,-14.583549333067758,0.0017053788602272,0.0259643642925357,0.111736198681996,0.0421594452563987,0.1458670243076256,0.6024127574144325,Médio,10,2,0,0,-0.0406362449266593,-0.06937561271681318,0.05872127006137,-0.28999999999999915,-1.1164918462187572,1.0
2024-10-03,0.0017039263528479,40.5957578876156,57.45,-16.854242112384405,0.0219461814954426,0.0231722996389791,0.0973773844821077,0.0348512848233435,0.1419200888322513,0.5775530013393642,Baixo,10,3,0,0,-0.0025770863167755,-0.08105528316159027,0.04238597246416939,1.1000000000000014,-2.270692779316647,0.0
2024-10-04,0.0217088304100372,41.19260835104392,55.53,-14.337391648956078,-0.000450987340141,-0.0233543794092065,0.0984486035499145,0.0643943884289535,0.1077535998453758,0.5438213123731599,Médio,10,4,0,0,0.0017039263528479,-0.08068921876181849,0.00420138364006799,-1.9200000000000017,2.5168504634283266,1.0
2024-10-05,-0.0004510890655172,39.712056738885146,55.41,-15.697943261114853,0.0122773856714686,-0.0279030906571272,0.074774082310097,0.0808298688323825,0.0933322053562795,0.588631924973412,Baixo,10,5,0,0,0.0217088304100372,-0.05508581503530418,0.034292131881674195,-0.12000000000000455,-1.3605516121587744,0.0
2024-10-06,0.0122026298209962,37.38892369203064,57.17,-19.781076307969364,-0.0094860053126469,-0.0044557529611233,0.0680174486082516,0.0764104883308491,0.1042997355456254,0.5432309597387197,Baixo,10,6,0,0,-0.0004510890655172,-0.02025166354606688,0.04829719858487769,1.7600000000000051,-4.0831330468545115,0.0
2024-10-07,-0.0095312840313263,37.514720868484936,56.6,-19.085279131515065,-0.0010206672666495,0.0157852275649268,0.0931746592954485,0.0835333633324761,0.2145151388531756,0.6029319876574954,Baixo,10,0,0,0,0.0122026298209962,0.032587211201588626,0.07614635758661639,-0.5700000000000003,0.695797176454299,0.0
2024-10-08,-0.0010211885021863,37.241056520223154,55.63,-18.38894347977685,-0.0245247423242641,0.0114144853105244,0.1255093066351311,0.1008278731393526,0.2203554058212862,0.6060360849793818,Baixo,10,1,0,0,-0.0095312840313263,0.025633013487037823,0.031176693956129094,-0.9699999999999989,0.6963356517382167,0.0
2024-10-09,-0.0248304829764271,35.75668611197697,56.11,-20.35331388802303,-0.0051063707677383,0.0898470908875617,0.1995579525173321,0.1276795541659892,0.2617876305206048,0.6674839476601533,Baixo,10,2,0,0,-0.0010211885021863,0.022907898632003623,0.006463845111795695,0.4799999999999969,-1.9643704082461824,0.0
2024-10-10,-0.0051194528325319,35.61842944995593,54.97,-19.351570550044062,0.0366938913467222,0.1118540327044266,0.199222098322144,0.1443083201232495,0.2710434023981878,0.6125027537699506,Baixo,10,3,0,0,-0.0248304829764271,-0.023631414754460678,-0.03741972394254531,-1.1400000000000006,1.0017433379789686,0.0
2024-10-11,0.0360366989274491,37.7280398553726,57.51,-19.7819601446274,0.0106527022705469,0.08122817396866,0.1239528301886792,0.077350495682763,0.2850976974736168,0.5444995203070035,Baixo,10,4,0,0,-0.0051194528325319,-0.028299778521475378,-0.04655126183660701,2.539999999999999,-0.4303895945833389,0.0
2024-10-12,0.0105963620019293,37.603669901354166,56.84,-19.23633009864584,-0.005319096759781,0.066695334731297,0.0995121999069077,0.0667621003122793,0.4025200367938473,0.5999216532803258,Baixo,10,5,0,0,0.0360366989274491,-0.00446570941502248,-0.012852137870258407,-0.6699999999999946,0.5456300459815608,0.0
2024-10-13,-0.0053332935199566,34.9844768321759,57.14,-22.1555231678241,0.0511208681021575,0.0884042982648964,0.1034629860146378,0.0604203720628686,0.3989499287577767,0.590651474263886,Baixo,10,6,0,0,0.0105963620019293,0.015661936618233126,-0.005876738272485605,0.29999999999999716,-2.9191930691782595,0.0
2024-10-14,0.0498570882341062,38.95890310485216,57.85,-18.89109689514784,0.0149832054632292,0.03471355164844,0.0407360390920705,0.0319939822035562,0.3675808618698717,0.5347779394071088,Baixo,10,0,0,0,-0.0053332935199566,0.011349831600462823,-0.007447462720695606,0.7100000000000009,3.2644262726762605,0.0
2024-10-15,0.0148720660152124,38.97794517331568,58.15,-19.17205482668432,0.0081383078485985,0.0291893418238387,0.0115673492049244,-0.005602904487482,0.3019263459807311,0.512058149385143,Baixo,10,1,0,0,0.0498570882341062,0.08603740281099612,0.027947139134020096,0.29999999999999716,-0.28095793153648074,0.0
2024-10-16,0.0081053704039833,38.69738570414207,57.44,-18.742614295857926,-0.0029315286998625,-0.0035863644504045,0.0259094904008443,-0.0077972481814184,0.3462297624623245,0.5448680057870445,Baixo,10,2,0,0,0.0148720660152124,0.10602892165874042,0.060253897492395,-0.7100000000000009,0.429440530826394,0.0
2024-10-17,-0.0029358340463448,36.68429826290864,56.4,-19.71570173709136,0.0149242574135539,6.259104995454123e-05,0.1208839339453808,0.0088980148551403,0.3435854111238237,0.5730622952998274,Baixo,10,3,0,0,0.0081053704039833,0.07809759313527463,0.0368434822050274,-1.0399999999999991,-0.9730874412334352,0.0
2024-10-18,0.0148139864714204,36.112977387637066,55.18,-19.067022612362933,-0.0007306950371193,-0.0257109662711171,0.1085796749868475,0.0224207926579762,0.3131465189688431,0.5510279417782196,Baixo,10,4,0,0,-0.0029358340463448,0.06456539708700053,0.024805064030681,-1.2199999999999989,0.648679124728428,0.0
2024-10-19,-0.0007309621248523,35.497108316196886,54.7,-19.20289168380312,0.009564333557577,-0.0026283307496562,0.118923922899178,0.0637400918424053,0.3229997952557841,0.4654422475065078,Baixo,10,5,0,0,0.0148139864714204,0.08471267707837753,0.038281188549025305,-0.4799999999999969,-0.13586907144018667,0.0
2024-10-20,0.0095188848804481,35.62457532643737,56.66,-21.035424673562623,-0.0239670042830868,-0.0338054864128936,0.1107525655858971,0.0479886209277755,0.3372175711579512,0.4118361646535178,Baixo,10,6,0,0,-0.0007309621248523,0.03412462671941902,0.0414447997406501,1.9599999999999937,-1.8325329897595033,0.0
2024-10-21,-0.02425888605349,36.60663325389267,55.69,-19.08336674610733,0.0007198248673518,-0.0042260398500983,0.1928315832436644,0.0432564283329004,0.3993775370116137,0.4516038736967089,Baixo,10,0,0,0,0.0095188848804481,0.02877144558465472,0.0862489251758527,-0.9699999999999989,1.952057927455293,0.0
2024-10-22,0.0007195659176902,36.5856990862223,55.77,-19.184300913777705,-0.0112323139441758,0.0088348708213448,0.3147449055260582,0.0307004716281551,0.4581484887135525,0.4429447097558805,Baixo,10,1,0,0,-0.02425888605349,-0.003592810872818576,0.10262628404902199,0.0800000000000054,-0.10093416767037411,0.0
2024-10-23,-0.011295872772437,36.77383882419171,56.29,-19.516161175808293,0.0229437674229191,0.0494019302925738,0.3192409025831482,0.0405901424432624,0.483335870757845,0.4277515743906621,Baixo,10,2,0,0,0.0007195659176902,6.258909121642205e-05,0.1059229362834877,0.519999999999996,-0.33186026203058816,0.0
2024-10-24,0.0226845171526348,37.275663887924,57.3,-20.024336112076,-0.0219939564458223,0.0665433204473777,0.3251829811543634,0.0084710347533691,0.4321827471308659,0.3912589877633279,Baixo,10,3,0,0,-0.011295872772437,-0.02604727015264098,0.0929231371582028,1.009999999999998,-0.5081749362677073,0.0
2024-10-25,-0.0222394294631636,37.58547154931829,58.08,-20.494528450681702,0.0059136413160567,0.0846559426600337,0.3092620160054982,0.0172669990388063,0.46780346674347,0.4792511296759603,Baixo,10,4,0,0,0.0226845171526348,-0.0026317908751538784,0.0938988239008004,0.7800000000000011,-0.47019233860570253,0.0
2024-10-26,0.0058962243705628,36.00073182309316,55.36,-19.35926817690684,0.01384560718623,0.047683982593651,0.3568091400622066,0.0339716237638756,0.386289817261952,0.4819721233706888,Baixo,10,5,0,0,-0.0222394294631636,-0.03439010521876558,0.07211048350315401,-2.719999999999999,1.1352602737748612,0.0
2024-10-27,0.0137506324185205,36.17977988297708,57.18,-21.00022011702292,0.0285278080377293,0.0216741128198794,0.331735607901596,0.110998254968635,0.3519973773075358,0.408250602381299,Baixo,10,6,0,0,0.0058962243705628,-0.0042349947947127745,0.0658040780527206,1.8200000000000003,-1.6409519401160786,0.0
2024-10-28,0.0281284672152079,37.4836320131251,57.78,-20.2963679868749,0.039652978372181,-0.0083969617311975,0.2843503657188644,0.0842694934879844,0.3702127191236524,0.3478566500400715,Baixo,10,0,0,0,0.0137506324185205,0.008796071706117525,0.0890859945025674,0.6000000000000014,0.7038521301480216,0.0
2024-10-29,0.0388869828293775,39.839192842221614,59.83,-19.990807157778384,-0.0053849227113458,-0.054449064168954,0.2437246705295641,0.0518771751482958,0.3149393385046994,0.3102102083110496,Baixo,10,1,0,0,0.0281284672152079,0.04822041169376243,0.1182356502199616,2.049999999999997,0.30556082909651394,0.0
2024-10-30,-0.0053994736683439,37.937152374655,59.11,-21.172847625345,-0.0283742812538964,-0.0621293268867925,0.2759848193524503,0.0598899104482233,0.3471608302137792,0.2957154867098837,Baixo,10,2,0,0,0.0388869828293775,0.06442287737050513,0.1819531160257662,-0.7199999999999989,-1.1820404675666154,0.0
2024-10-31,-0.028784611695911,36.59407350462311,58.23,-21.63592649537689,-0.011324188908526,-0.0130882585374924,0.3413552977073781,0.1433733364574436,0.3715355415217178,0.3200938485042612,Baixo,10,3,0,1,-0.0053994736683439,0.08126283316532483,0.1816730951899542,-0.8800000000000026,-0.4630788700318895,0.0
2024-11-01,-0.0113887957455068,36.79808305483713,59.77,-22.971916945162874,-0.0017449922664622,0.087429191978072,0.4147160390934674,0.2755838788442677,0.3984281975324915,0.3464945685371003,Baixo,11,4,1,0,-0.028784611695911,0.04658199709885103,0.11685178456659409,1.5400000000000063,-1.3359904497859851,0.0
2024-11-02,-0.0017465165389545,36.798325995027135,60.26,-23.461674004972863,-0.0086306629761783,0.093451161042189,0.4254756125932868,0.2677814720458771,0.3814915918964163,0.363490371279229,Baixo,11,5,0,0,-0.0113887957455068,0.021442568934823728,0.094866626819158,0.4899999999999949,-0.48975705980998896,0.0
2024-11-03,-0.0086681228392535,36.137516960310826,62.49,-26.352483039689176,-0.0134637102279445,0.1124489811051792,0.4201525852263266,0.3140516043462258,0.3936504585393827,0.4101547647660177,Baixo,11,6,0,0,-0.0017465165389545,-0.008432414819338672,0.09845340380016009,2.230000000000004,-2.8908090347163125,0.0
2024-11-04,-0.0135551678077721,36.44517418944826,64.97,-28.52482581055174,0.0224318316239009,0.1301024126599246,0.4428891020060277,0.2870387196700488,0.4530185036081795,0.4469294846087717,Baixo,11,0,0,0,-0.0086681228392535,-0.05598752048796967,0.0399281927268004,2.479999999999997,-2.1723427708625636,0.0
2024-11-05,0.0221839383739041,37.01363956181662,63.71,-26.696360438183383,0.0893729329739763,0.1585365625127484,0.3407426136275999,0.3122305379359775,0.3974747163877767,0.4158520129372063,Baixo,11,1,0,0,-0.0135551678077721,-0.06414321462739787,0.011500958903815894,-1.259999999999998,1.8284653723683562,0.0
2024-11-06,0.0856022398482151,47.439422229208446,55.97,-8.530577770791552,0.0037831476979763,0.173027069950123,0.2169212429102369,0.198683798057984,0.3198122743624985,0.3015881942502769,Médio,11,2,0,0,0.0221839383739041,-0.013174664557582774,0.025579526873736692,-7.740000000000002,18.16578266739183,1.0
2024-11-07,0.0037760095920657,47.456365830551526,53.55,-6.093634169448471,0.0085935688430036,0.1594312733981921,0.2637197000865698,0.184530574209222,0.3160396367470808,0.3477253321968223,Médio,11,3,0,0,0.0856022398482151,0.08381637103613913,0.1141176007682966,-2.4200000000000017,2.4369436013430814,1.0
2024-11-08,0.0085568543195202,46.75469096409991,49.85,-3.095309035900094,0.0021916152418686,0.1812241519973001,0.2500882893664051,0.1823858335496455,0.3215250390211552,0.2672185176849286,Alto,11,4,0,0,0.0037760095920657,0.08933889716715933,0.1030796238889419,-3.6999999999999957,2.998325133548377,2.0
2024-11-09,0.0021892171563324,46.726817766035325,50.54,-3.8131822339646746,0.0481569159959132,0.1388691018194916,0.271038451195436,0.2038842966368472,0.2686449185979815,0.2397464652584995,Alto,11,5,0,0,0.0085568543195202,0.10656387432593303,0.1123674403333144,0.6899999999999977,-0.7178731980645807,2.0
2024-11-10,0.0470333036943159,47.90132082663269,53.28,-5.378679173367317,0.102998369665501,0.1326621708769231,0.19955179799032,0.1731560068239384,0.2018537760540282,0.1515799239044515,Alto,11,6,0,0,0.0021892171563324,0.12230825929003754,0.1050377726091987,2.740000000000002,-1.5654969394026423,2.0
2024-11-11,0.0980322621791588,58.73782078869026,61.52,-2.7821792113097388,-0.0078510522347997,0.0218722387275784,0.0963043832127494,0.1090733134501977,0.1407478048853674,0.0685646679637066,Alto,11,0,0,0,0.0470333036943159,0.14715762461044934,0.17632996235700463,8.240000000000002,2.596499962057578,2.0
2024-11-12,-0.0078820340116355,58.7726945209407,57.69,1.0826945209407055,0.0275512748372663,0.0216479418719368,0.08969220828495,0.1243859009020942,0.1370324566772265,0.0755864476548064,Alto,11,1,0,0,0.0980322621791588,0.15958764694139302,0.2736426586184732,-3.8300000000000054,3.8648737322504445,2.0
2024-11-13,0.0271785686611841,56.93567690975283,58.54,-1.6043230902471706,-0.0337438810647169,0.0009834556382724,0.0605751356566846,0.0807433897794969,0.1222575441050199,0.0461394276305888,Alto,11,2,0,0,-0.0078820340116355,0.1479296033376918,0.2770564973792747,0.8500000000000014,-2.6870176111878763,2.0
2024-11-14,-0.0343263464379091,57.94929568301811,59.46,-1.5107043169818937,0.0424443739801816,0.0570875043615508,0.1289625412207351,0.1210922250854531,0.1614006844958047,0.0825704126362043,Alto,11,3,0,0,0.0271785686611841,0.16655131767935571,0.281550548887824,0.9200000000000017,0.0936187732652769,2.0
2024-11-15,0.0415683149748234,59.66874042115524,56.29,3.3787404211552428,-0.0048900349074783,0.0357510270830927,0.0649612823261076,0.0217279470850215,0.1475515167347068,0.0607345301496493,Alto,11,4,0,0,-0.0343263464379091,0.13003575408511422,0.2694636319130785,-3.1700000000000017,4.889444738137136,2.0
2024-11-16,-0.0049020302492469,59.6844499142023,56.84,2.844449914202293,-0.0080688249473543,0.0853346156376659,0.1010512334451816,0.0152145585698244,0.1707944149111153,0.1094024391159342,Alto,11,5,0,0,0.0415683149748234,0.1245707653656217,0.3051357225173391,0.5500000000000043,-0.5342905069529498,2.0
2024-11-17,-0.0081015540914193,59.52746353201982,57.23,2.297463532019826,0.0067673841220823,0.1005610199164239,0.1110220921276365,0.0668527496052293,0.1811537550251241,0.1127505244781121,Alto,11,6,0,0,-0.0049020302492469,0.021636472937216027,0.2864830598495717,0.38999999999999346,-0.546986382182467,2.0
2024-11-18,0.0067445881663555,59.57338717496109,58.3,1.273387174961094,0.0204137376956687,0.0796815708511045,0.1176766513294558,0.0572591906091344,0.1076662693082159,0.1504840374212614,Alto,11,0,0,0,-0.0081015540914193,0.021416952857432225,0.2502530385429445,1.0700000000000003,-1.024076357058732,2.0
2024-11-19,0.020208170244353,59.89698972531217,58.25,1.6469897253121673,0.0214034567356644,0.0605481764374458,0.0537930614611792,0.0557812364080083,0.0558013857318304,0.1326544816700192,Alto,11,1,0,0,0.0067445881663555,0.0009829723626036246,0.21811064387992252,-0.04999999999999716,0.37360255035107315,2.0
2024-11-20,0.0211776195370802,59.75462997558812,60.18,-0.4253700244118832,0.042747980199935,-0.0135390452255337,0.0244620230073087,0.0224998133350078,0.0373211197863194,0.0747191328223237,Alto,11,2,0,0,0.020208170244353,0.055517489044865725,0.24371828779261942,1.9299999999999997,-2.0723597497240505,2.0
2024-11-21,0.0418595170994526,61.51210834827566,61.29,0.2221083482756611,0.005847201382628,-0.0646068558558264,0.0285594207804298,-0.0115131525414902,-0.0104267700274376,0.0401037988094037,Alto,11,3,0,0,0.0211776195370802,0.03512679360712253,0.2936805190256106,1.1099999999999994,0.6474783726875443,2.0
2024-11-22,0.005830172847894,61.41946568140273,60.78,0.6394656814027257,-0.0123326457145168,-0.0306282611333575,0.0112475225498522,-0.0308556809448692,-0.0374724952473405,0.0733307042025643,Alto,11,4,0,0,0.0418595170994526,0.08188834095582204,0.34692883187057,-0.509999999999998,0.4173573331270647,2.0
2024-11-23,-0.0124093238715747,61.06126637498345,60.89,0.1712663749834462,0.0023306481667286,-0.0207675863396414,0.0384125914792716,-0.0186614642416894,-0.0285743976804091,0.0617806053706062,Alto,11,5,0,0,0.005830172847894,0.09582006789513534,0.3545055212574185,0.10999999999999943,-0.46819930641927954,2.0
2024-11-24,0.0023279364188929,60.57195894889561,64.09,-3.5180410511043902,-0.0499492135038963,-0.004494788766174,0.035954632909241,0.0070202218507777,0.0077991796530421,0.0613922118928653,Alto,11,6,0,0,-0.0124093238715747,0.07666615585720513,0.3507643202250973,3.200000000000003,-3.6893074260878365,2.0
2024-11-25,-0.0512398363468742,63.12028818503271,60.65,2.4702881850327074,-0.0112337370999099,0.0365334870945612,0.1231478203260059,0.0423139401877283,0.0690204204902247,0.1275184251673558,Alto,11,0,0,0,0.0023279364188929,0.05878592203174503,0.3666474244517623,-3.440000000000005,5.988329236137098,2.0
2024-11-26,-0.0112973120961308,63.06103620370743,61.23,1.831036203707434,0.0423850727819099,0.0567608429105108,0.1532482518379787,0.0845502796928749,0.0416074957081573,0.1389840456973055,Alto,11,1,0,0,-0.0512398363468742,-0.013631533852209374,0.293223649730984,0.5799999999999983,-0.6392519813252735,2.0
2024-11-27,0.0415114266779128,63.953781322519234,59.73,4.223781322519237,-0.002285863665387,-0.0002346053659223,0.1071385019743258,0.0414015360027439,-0.0163157652615276,0.0704847777210648,Alto,11,2,0,0,-0.0112973120961308,-0.06678836304779277,0.19632409778663812,-1.5,2.3927451188118027,2.0
2024-11-28,-0.0022884802399176,62.5039143570279,57.55,4.953914357027905,0.0189872901566832,0.0021507887898433,0.0476771251049987,0.0571453634614536,-0.0035964626315215,0.0673210169631168,Alto,11,3,0,0,0.0415114266779128,-0.031107109217773973,0.23405951487248522,-2.1799999999999997,0.7301330345086683,2.0
2024-11-29,0.0188092813038051,62.81907781506554,56.11,6.709077815065541,-0.0107942745741842,0.0115670018469116,1.9084752719056297e-05,-0.001883131541145,-0.038187974553663,0.039765237020316,Alto,11,4,0,0,-0.0022884802399176,-0.02098626558611687,0.2232141803130474,-1.4399999999999977,1.7551634580376358,2.0
2024-11-30,-0.0108529554161065,62.12696562669156,55.17,6.956965626691556,0.0080614687641551,0.0055767162037088,0.0144951678797575,0.0019190318146866,-0.037506642343648,0.0759817728800278,Alto,11,5,0,1,0.0188092813038051,-0.004504920701204673,0.2398342444605201,-0.9399999999999977,0.2478878116260148,2.0
2024-12-01,0.0080291487067369,62.06305371285554,57.2,4.863053712855539,-0.0138350312259544,0.0262968078054699,0.0010990358818083,0.0405393085653595,-0.0371371437496951,0.0775607968210791,Alto,12,6,1,0,-0.0108529554161065,0.035881960229563026,0.1819479853500977,2.030000000000001,-2.093911913836017,2.0
2024-12-02,-0.013931627244584,62.25002671603367,55.94,6.3100267160336685,9.46362826117486e-05,0.0416459117230252,-0.0068274808739758,0.0434436880729693,-0.0130302788108006,0.0687489292118519,Alto,12,0,0,0,0.0080291487067369,0.05520842103243073,0.09194487187767582,-1.2600000000000051,1.4469730031781296,2.0
2024-12-03,9.463180488125696e-05,62.17656573027276,56.5,5.676565730272756,0.0285616990519219,0.0548765468099061,-0.0101014411209885,0.0581593951947052,0.0118425004817437,0.0499319298789593,Alto,12,1,0,0,-0.013931627244584,-0.0002346328900660697,0.0858952786447273,0.5600000000000023,-0.6334609857609124,2.0
2024-12-04,0.0281614176668814,62.7698941261986,57.17,5.599894126198599,-0.0166521414721487,-0.0132963346604817,0.0007735274678324,0.0287327011222131,-0.0041905997647568,-0.0089943615466979,Alto,12,2,0,0,9.463180488125696e-05,0.0021484791547327874,0.058811341788424475,0.6700000000000017,-0.07667160407415707,2.0
2024-12-05,-0.0167923470412215,62.565901767348905,60.96,1.6059017673489038,0.0288327591455126,-0.0036373996434909,0.0256222998396111,0.0775523352625591,0.0131503606712339,0.0452097737670074,Alto,12,3,0,0,0.0281614176668814,0.011500615517809086,0.12129910589321496,3.789999999999999,-3.9939923588496953,2.0
2024-12-06,0.0284249160874968,55.86818120463074,58.44,-2.5718187953692606,0.000913868381297,0.0138775650977072,-0.0395950144394211,0.0633423580551357,-0.0138080850331718,-0.0198284875082261,Alto,12,4,0,0,-0.0167923470412215,0.005561223892694086,0.06293844387717007,-2.520000000000003,-4.177720562718164,2.0
2024-12-07,0.0009134510578209,55.85356242307432,57.2,-1.3464375769256804,0.012797501081567,0.001725899684059,-0.0554227157046554,0.0631235538828787,0.0240765510133575,-0.0322497828601835,Alto,12,5,0,0,0.0284249160874968,0.025956991273453984,0.09626539021391378,-1.2399999999999949,1.2253812184435802,2.0
2024-12-08,0.0127163050682054,55.9498531618141,58.15,-2.2001468381859013,-0.0379105483466009,0.0031120687958481,-0.0574583479173439,-0.0089564204542813,-0.0410938270049359,-0.045052501943683,Alto,12,6,0,0,0.0009134510578209,0.040802069575858885,0.10528039536315398,0.9499999999999957,-0.8537092612602208,2.0
2024-12-09,-0.0386478475525823,57.54590447418927,59.74,-2.194095525810731,-0.0070260567637785,0.0425953984555567,-0.0363733387940578,0.0019058051757017,-0.022778992699879,-0.0079121908926177,Alto,12,0,0,0,0.0127163050682054,0.053423742839183025,0.11125211226500387,1.5900000000000034,0.006051312375170426,2.0
2024-12-10,-0.0070508557281579,55.21265292015093,59.18,-3.9673470798490698,0.0469185137639374,0.081486132535484,-0.0393501599494786,0.0125520482850725,-0.0418302568509104,-0.0015348938328864,Alto,12,1,0,0,-0.0386478475525823,-0.013385522380280672,0.052396094468068574,-0.5600000000000023,-1.773251554038339,2.0
2024-12-11,0.0458511005539251,46.20566617587351,59.94,-13.734333824126487,-0.0110824227441286,0.0487877379480841,-0.0746501854140915,-0.0379036835599505,-0.0632770333745365,-0.0461038318912236,Médio,12,2,0,0,-0.0070508557281579,-0.003644031067217071,0.024167619202830472,0.759999999999998,-9.766986744277418,1.0
2024-12-12,-0.0111442903107431,46.287312346162665,60.14,-13.852687653837336,0.014198990863292,0.0612918705787521,-0.0541226781371079,-0.0481781331580873,-0.0540406816547569,-0.0257335960287302,Médio,12,3,0,0,0.0458511005539251,0.013782153399211232,0.028159202657302974,0.20000000000000284,-0.1183538297108484,1.0
2024-12-13,0.0140991293706865,45.57223685023228,59.0,-13.42776314976772,-4.19031937628489e-05,-0.0120310478016845,-0.0437711888429049,-0.0645090301382559,-0.0678258897650216,-0.0556676534457982,Médio,12,4,0,0,-0.0111442903107431,0.0017244120306472276,0.011184739498665873,-1.1400000000000006,0.42492450406961524,1.0
2024-12-14,-4.190407172619906e-05,43.97123364088996,58.08,-14.108766359110042,0.0300137053835536,-0.0390272135673437,-0.0320037467955038,-0.0271782685860776,-0.0678751725497929,-0.035003056596332,Médio,12,5,0,0,0.0140991293706865,0.003107236333128328,0.03769319274092707,-0.9200000000000017,-0.6810032093423217,1.0
2024-12-15,0.0295721083506426,42.77425865050788,60.65,-17.875741349492117,0.0152652603064462,-0.0637401462456106,-0.0597669110666747,-0.0481925877041456,-0.0756541081764157,-0.0752015120234255,Baixo,12,6,0,0,-4.190407172619906e-05,0.04171317981398443,0.03532335225030797,2.5700000000000003,-3.7669749903820744,0.0
2024-12-16,0.0151499185537435,43.065514073881815,58.54,-15.474485926118184,0.0007079101319968,-0.0826586909546094,-0.0725546598457872,-0.0968054848137813,-0.052436170700252,-0.0806928920278646,Baixo,12,0,0,0,0.0295721083506426,0.07833614389278493,0.11613529694782478,-2.1099999999999994,2.4012554233739323,0.0
2024-12-17,0.0007076596818099,42.97340826073433,59.51,-16.536591739265667,-0.0558703575319216,-0.1031478773856456,-0.0367285652988389,-0.1115075187211909,-0.0579122152861097,-0.0806913993608441,Baixo,12,1,0,0,0.0151499185537435,0.047634961892603335,0.14258252759769907,0.9699999999999989,-1.0621058131474825,0.0
2024-12-18,-0.0574917891430019,47.36374992240576,60.49,-13.126250077594245,-0.027365671293993,-0.0531170359349889,-0.0324278439555462,-0.0489402569817315,0.0386558382244384,-0.040775713466956,Médio,12,2,0,0,0.0007076596818099,0.059486911885156334,0.10177876060159617,0.980000000000004,3.4103416616714224,1.0
2024-12-19,-0.0277470858240993,47.825840640912816,59.6,-11.774159359087186,0.0035252764517319,0.0123301566376836,-0.0246378429469743,-0.0382063301480189,0.07279124367214,-0.0172565965804469,Médio,12,3,0,0,-0.0574917891430019,-0.012104006628532067,0.04657545169851188,-0.8900000000000006,1.3520907185070588,1.0
2024-12-20,0.0035190772297435,47.26786717355808,58.87,-11.602132826441917,-0.0052497079917026,0.0166060292760812,-0.0537081577466447,-0.0512588052361913,0.0360524936036277,-0.0218157599413693,Médio,12,4,0,0,-0.0277470858240993,-0.03980918838090517,1.908457060747354e-05,-0.730000000000004,0.17202653264526901,1.0
2024-12-21,-0.0052635361257102,44.99372571179286,57.87,-12.876274288207137,-0.0216433028042699,-0.0154215162008711,-0.0263729830174097,-0.0381942028321139,0.0510629908998674,-0.0066564575357129,Médio,12,5,0,0,0.0035190772297435,-0.06586221950180428,0.014391117216457472,-1.0,-1.27414146176522,1.0
2024-12-22,-0.021880954382849,45.59112733952725,61.43,-15.838872660472743,-0.0032021424938701,-0.0093210922121437,-0.006159291670952,-0.0062454385490681,0.1151169175974644,0.0327644942910358,Baixo,12,6,0,0,-0.0052635361257102,-0.08627567418125796,0.0010984323840103729,3.5600000000000023,-2.9625983722656066,0.0
2024-12-23,-0.0032072803231183,45.39897381744544,60.21,-14.811026182554556,0.039861418673214,0.0044110825854615,-0.0035455816609923,0.022167869026481,0.0930127874283566,0.0137066805562771,Médio,12,0,0,0,-0.021880954382849,-0.10886428824591687,-0.006850894754254627,-1.2199999999999989,1.027846477918187,1.0
2024-12-24,0.0390874529987855,47.39507713299406,60.83,-13.434922867005938,0.007763959102234,-0.0499209536082109,-0.0418338762895081,-0.0049602903117847,0.053178285239599,-0.0214118522761894,Médio,12,1,0,0,-0.0032072803231183,-0.05457977942603327,-0.010152806882254187,0.6199999999999974,1.3761033155486189,1.0
2024-12-25,0.007733974670366,43.978771961516365,60.73,-16.75122803848363,-0.0365887019559567,-0.0667562778086203,-0.0288519716462704,-0.0121603627088915,0.0547211293216507,-0.0318979458833185,Baixo,12,2,0,0,0.0390874529987855,0.012254759396851528,0.0007732284496499153,-0.10000000000000142,-3.316305171477694,0.0
2024-12-26,-0.0372748575929543,45.69080486538844,61.67,-15.979195134611558,-0.0155814288517991,-0.0231293766885615,0.0491248710742904,0.026850057833881,0.0934867984249141,-0.0442493913871362,Baixo,12,3,0,0,0.007733974670366,0.016469656837474027,0.025299550161237416,0.9400000000000048,0.7720329038720735,0.0
2024-12-27,-0.015704095193978,43.680648919231295,60.61,-16.929351080768704,0.0106148493786204,0.0031045918499903,0.0603216173061378,0.0841638561923703,0.0882402501913328,-0.0595831155421217,Baixo,12,4,0,0,-0.0372748575929543,-0.01554166462977007,-0.040400223519213685,-1.0600000000000023,-0.950155946157146,0.0
2024-12-28,0.0105589073939037,43.82837648148813,60.43,-16.60162351851187,-0.0163882476390346,0.0176788037775446,0.0921036726128017,0.0173621196222455,0.0711734522560336,-0.1159486883525708,Baixo,12,5,0,0,-0.015704095193978,-0.009364805440899071,-0.057017769771012576,-0.17999999999999972,0.3277275622568325,0.0
2024-12-29,-0.0165240203981765,43.7161584666634,60.48,-16.763841533336596,-0.010093537106537,0.0473230763978824,0.1154068458750008,0.0141074823284423,0.0810482812770034,-0.0963280711598899,Baixo,12,6,0,0,0.0105589073939037,0.00440138227612293,-0.05917516744531428,0.04999999999999716,-0.16221801482472387,0.0
2024-12-30,-0.0101448222429947,43.69546226204248,61.03,-17.33453773795752,0.0084484608325821,0.0585012401385678,0.0920285735685331,-0.0025816866854433,0.1179108555097123,-0.0909788069128767,Baixo,12,0,0,0,-0.0165240203981765,-0.05121009112083907,-0.03705134029090848,0.5500000000000043,-0.5706962046209227,0.0
2024-12-31,0.0084129723294208,43.7042474520837,60.03,-16.325752547916302,0.0108552406599982,0.0511627981533726,0.0928016799179276,0.0122906514490894,0.1191217833632556,-0.0802713302556211,Baixo,12,1,0,1,-0.0101448222429947,-0.06908888803419977,-0.04014530680574528,-1.0,1.0087851900412161,0.0
2025-01-01,0.0107967454739184,43.59621063229915,61.1,-17.503789367700854,0.0252981786262846,0.0808083872818139,0.1221250808341825,8.668828446967147e-05,0.0828588823617779,-0.0034018808609076,Baixo,1,2,1,0,0.0084129723294208,-0.02340105811182467,-0.07758343503024957,1.0700000000000003,-1.1780368197845519,0.0
2025-01-02,0.0249834762622952,44.45862877361939,59.85,-15.391371226380612,0.0122636755722211,-0.0003111828153671,0.069308496724074,-0.0251558002033102,0.0376436346359052,-0.1109883312630773,Médio,1,3,0,0,0.0107967454739184,0.003099782556071729,-0.05564239924558807,-1.25,2.1124181413202425,1.0
2025-01-03,0.0121890859126901,43.56783818552248,58.74,-15.172161814477526,0.0004718144831972,-0.0317147543274616,0.0584283973647654,-0.0370574014471013,-0.0048239771394066,-0.1109477053946362,Médio,1,4,0,0,0.0249834762622952,0.01752435142446323,-0.04475805235397938,-1.1099999999999994,0.21920941190308518,1.0
2025-01-04,0.0004717032137415,43.17262643898449,59.87,-16.69737356101551,0.0014570278098766,-0.0577069959937079,0.0677048070413,-0.0168970836027102,0.0316432923880452,-0.0775244475440463,Baixo,1,5,0,0,0.0121890859126901,0.04623745773532983,-0.032527062369563084,1.1299999999999955,-1.525211746537984,0.0
2025-01-05,0.0014559673747879,42.02177838518919,59.55,-17.52822161481081,0.0393640493674438,-0.0369801393015161,0.064894324232305,0.0216923718029462,-0.0061046966454362,-0.0857199120691076,Baixo,1,6,0,0,0.0004717032137415,0.05685398319206603,-0.06162746750646418,-0.3200000000000003,-0.8308480537953002,0.0
2025-01-06,0.0386090351235702,44.12586182004549,58.84,-14.71413817995451,-0.0516550986153552,-0.0746864106045251,0.0037599427205394,-0.0219913611305651,-0.0550020736416669,-0.1509635586821029,Médio,1,0,0,0,0.0014559673747879,0.04989697823743312,-0.07532141868541979,-0.7099999999999937,2.8140834348563004,1.0
2025-01-07,-0.0530370228675763,47.64091675513854,58.6,-10.95908324486146,-0.0195349143274362,-0.0248523510124996,0.0528929980740473,0.0734660270409008,-0.0041283235526397,-0.1106926220424175,Médio,1,1,0,0,0.0386090351235702,0.07770926788708493,-0.03742004324365948,-0.240000000000002,3.7550549350930496,1.0
2025-01-08,-0.019728242676769,46.20911043983698,58.47,-12.260889560163015,-0.0263844298916238,-0.0055176376419212,0.0660095701047995,0.0998901648116921,0.0152133465165014,-0.150706375648126,Médio,1,2,0,0,-0.0530370228675763,-0.0003112312427865707,-0.03296527696823388,-0.13000000000000256,-1.3018063153015547,1.0
2025-01-09,-0.0267387451314608,47.07674735804934,59.47,-12.39325264195066,0.0234852676573045,0.0433091535408718,0.1208044213613268,0.0948551465228002,0.0420545141465129,-0.1507969153504136,Médio,1,3,0,0,-0.019728242676769,-0.032228559832245665,-0.024946433820903575,1.0,-0.1323630817876449,1.0
2025-01-10,0.0232137319338375,45.011119401271785,57.19,-12.178880598728211,-0.0013314174940783,0.0609255462934137,0.1055340496933738,0.079533509821104,0.018333276854713,-0.124497036772649,Médio,1,4,0,0,-0.0267387451314608,-0.05943900817744797,-0.05520425618210788,-2.280000000000001,0.21437204322244874,1.0
2025-01-11,-0.001332304617859,44.8453611383059,58.52,-13.674638861694106,-0.0005806554525006,0.0569483146879825,0.0827650193197693,0.122027814167845,0.0299242103513963,-0.1154320418004273,Médio,1,5,0,0,0.0232137319338375,-0.03768124361839836,-0.026726988122560174,1.3300000000000054,-1.4957582629658948,1.0
2025-01-12,-0.0005808240981644,44.575350786270256,59.57,-14.994649213729744,-9.476962625010188e-05,0.1008240938236222,0.0644199707525701,0.0969019428408,0.013042881352024,-0.1420410542867073,Médio,1,6,0,0,-0.001332304617859,-0.07762258335982757,-0.00617833835757017,1.0499999999999972,-1.3200103520356379,1.0
2025-01-13,-9.47741171748694e-05,44.57536064805902,61.25,-16.674639351940982,0.0214178499007255,0.1059926313863168,0.0334738792905566,0.0991604265460495,0.0352657873553066,-0.1116282562957432,Baixo,1,0,0,0,-0.0005808240981644,-0.025166384590415668,-0.00355188213261627,1.6799999999999997,-1.679990138211238,0.0
2025-01-14,0.021191710994825,43.99094480290798,60.87,-16.879055197092015,0.0407669318603831,0.0494062501100343,0.0493746638130605,0.086055985831112,0.0004896393839077,-0.1265773730681354,Baixo,1,1,0,0,-9.47741171748694e-05,-0.005532916030821539,-0.042734109248576645,-0.38000000000000256,-0.20441584515103273,0.0
2025-01-15,0.0399578758632127,45.842503876815066,61.23,-15.387496123184931,-0.0050752582033257,0.0175393679534832,-0.0272068865497449,0.0422846970591761,-0.029820388298796,-0.1783412199426154,Médio,1,2,0,0,0.021191710994825,0.04239754009546426,-0.02927637292411764,0.35999999999999943,1.4915590739070836,1.0
2025-01-16,-0.0050881810693719,45.8761826321032,62.56,-16.6838173678968,0.0409069951883889,0.0615730197735113,-0.033752986629302,0.0263303439536821,-0.0241794707927907,-0.1597929937102012,Baixo,1,3,0,0,0.0399578758632127,0.05914168402483946,0.04795636053204935,1.3300000000000054,-1.2963212447118693,0.0
2025-01-17,0.0400924438437183,43.56657072524815,63.19,-19.62342927475185,0.0045999384304846,-0.0035629225457802,-0.0722839369285266,-0.0191650489616004,-0.0764753335687989,-0.2052552579097802,Baixo,1,4,0,0,-0.0050881810693719,0.055385807573326555,0.05857227465665545,0.6299999999999955,-2.939611906855049,0.0
2025-01-18,0.004589391046213,42.50808663774701,65.04,-22.531913362253,-0.0308413951038593,-0.0061774415546543,-0.0769866128493729,-0.0308036163889994,-0.0839378963836013,-0.1693853154422265,Baixo,1,5,0,0,0.0400924438437183,0.09605907551520926,0.08810581110647006,1.8500000000000085,-2.908484087501151,0.0
2025-01-19,-0.0313270015419219,43.87290826160276,66.02,-22.14709173839724,0.0091623962798561,0.0349242590438496,-0.0482261352508404,0.0237011032198553,-0.0558545574691086,-0.1688336616120721,Baixo,1,6,0,0,0.004589391046213,0.10074324067859713,0.10921922255085954,0.9799999999999898,0.38482162385576046,0.0
2025-01-20,0.0091206761708775,43.94977110010783,63.07,-19.12022889989217,0.0379797537668928,0.0243187928497172,-0.0566913693828114,0.0240849771088424,-0.0549153085355653,-0.1776962470471106,Baixo,1,0,0,0,-0.0313270015419219,0.04822452814185023,0.08803704325193235,-2.9499999999999957,3.026862838505071,0.0
2025-01-21,0.037276279511942,45.19280550906558,61.92,-16.727194490934423,-0.022960922265658,-0.0331985413752774,-0.0820867385402183,-0.0349927108332827,-0.073850931688722,-0.2101227372446178,Baixo,1,1,0,0,0.0091206761708775,0.01738732844951503,0.08874474709338905,-1.1499999999999986,2.393034408957746,0.0
2025-01-22,-0.0232286300582351,45.89973551488542,61.04,-15.140264485114578,0.0019640011547956,-0.0156579143518844,-0.076450827748189,-0.0296124665474716,-0.0725573458830899,-0.1699424125702245,Médio,1,2,0,0,0.037276279511942,0.05975178903082893,0.11522428113141264,-0.8800000000000026,1.5869300058198448,1.0
2025-01-23,0.0019620750260613,43.833414716488086,60.08,-16.246585283511912,0.0092402738745731,-0.0247792471856024,-0.0581304035767757,-0.0597606551956234,-0.0708238467894533,-0.1579455904003393,Baixo,1,3,0,0,-0.0232286300582351,-0.0035692848711244736,0.06701217481088236,-0.9600000000000009,-1.1063207983973342,0.0
2025-01-24,0.009197843721146,43.86779993844203,57.37,-13.502200061557964,-0.0011790732379457,-0.0108444224066824,-0.0787863126427356,-0.0337747984418878,-0.08212509714362,-0.1666591653515526,Médio,1,4,0,0,0.0019620750260613,-0.006196600891276174,0.05678516392425355,-2.710000000000001,2.744385221953948,1.0
2025-01-25,-0.0011797688916675,41.89877946961549,57.05,-15.151220530384514,-0.0203046678730673,-0.0002282646208454,-0.0691798369115634,-0.0666723629397925,-0.1259605420115258,-0.1702932355483721,Médio,1,5,0,0,0.009197843721146,0.03432824437179173,0.06551130443165805,-0.3200000000000003,-1.6490204688265493,1.0
2025-01-26,-0.0205136412372235,42.15093051968696,56.74,-14.589069480313045,-0.005234554667706,-0.0018557786006626,-0.0492139933736113,-0.0585419021633211,-0.1358370687975054,-0.1499511791073865,Médio,1,6,0,0,-0.0011797688916675,0.024027799309246728,0.06287556816520265,-0.30999999999999517,0.5621510500714688,1.0
2025-01-27,-0.005248302947392,42.02960305494866,59.05,-17.02039694505134,-0.0073206238502596,-0.014176527041815,-0.0584301003410662,-0.05415680580172,-0.1746889266294832,-0.1729815875990115,Baixo,1,0,0,0,-0.0205136412372235,-0.033762121439918774,0.0037528918044089435,2.309999999999995,-2.4313274647382936,0.0
2025-01-28,-0.0073475511137683,41.71133693919808,56.2,-14.488663060801926,0.0236611999425275,-0.0358702456946982,-0.0548230275030907,-0.047650813850859,-0.1640781041040693,-0.1844070075329954,Médio,1,1,0,0,-0.005248302947392,-0.01578179432907567,0.05154161172459324,-2.8499999999999943,2.5317338842494124,1.0
2025-01-29,0.0233856124401332,42.35388898841583,56.15,-13.796111011584172,0.0095408183529213,-0.0231817689296122,-0.0777137588684205,-0.0702619526778494,-0.1868571732648088,-0.2057513098019496,Médio,1,2,0,0,-0.0073475511137683,-0.02509142046890527,0.06392230328759395,-0.05000000000000426,0.6925520492177544,1.0
2025-01-30,0.0094955921810713,42.38172726718331,54.64,-12.258272732816692,-0.0218994997657628,-0.0664592686187,-0.0771423147593068,-0.0788766052595544,-0.1781692721766596,-0.2117294453345179,Médio,1,3,0,0,0.0233856124401332,-0.010903651749918065,0.11404666085918794,-1.509999999999998,1.5378382787674791,1.0
2025-01-31,-0.0221428532511645,42.91482317744747,53.32,-10.405176822552534,-0.0175135966609639,-0.0567915160428298,-0.0402672822181409,-0.0488017326248398,-0.0796602074635486,-0.168615583235933,Médio,1,4,0,1,0.0094955921810713,-0.0002282906771792683,0.10032852110642175,-1.3200000000000003,1.8530959102641589,1.0
2025-02-01,-0.0176687741751541,42.47026544388313,53.77,-11.299734556116874,-0.0291652113341543,-0.0405552108025335,-0.0442553906095901,-0.0482676864510737,-0.1432398956035957,-0.1800491177828135,Médio,2,5,1,0,-0.0221428532511645,-0.0018575026911202656,0.07951797247311623,0.45000000000000284,-0.8945577335643407,1.0
2025-02-02,-0.029598970722466,43.49987378435014,57.04,-13.540126215649856,0.0371331432082446,-0.0122188617284705,-0.0117663567845394,0.001733868751458,-0.1066381482445499,-0.1482846725900017,Médio,2,6,0,0,-0.0176687741751541,-0.01427797391888237,0.062430022396126536,3.269999999999996,-2.240391659532982,1.0
2025-02-03,0.036460313684873,45.32052598562621,56.94,-11.619474014373786,-0.035186441092794,-0.0481974867490416,-0.0500404032349431,-0.0465849101516533,-0.1058192698363699,-0.1721001155449621,Médio,2,0,0,0,-0.029598970722466,-0.03652939352758007,0.03292582579083542,-0.10000000000000142,1.92065220127607,1.0
2025-02-04,-0.0358203995142624,47.00853949966488,54.03,-7.021460500335117,-0.011770285996367,-0.0133013335395461,-0.0635234366984772,-0.0026865956521646,-0.0801042274321618,-0.1455061841821144,Médio,2,1,0,0,0.036460313684873,-0.02345469228284027,0.048194428480883414,-2.9099999999999966,4.598013514038669,1.0
2025-02-05,-0.0118401042068875,45.22715622592035,54.53,-9.302843774079648,-0.0006011648811647,0.0084708561827915,-0.0821015473888815,0.0099079383470637,-0.1015467678434337,-0.1881996964572777,Médio,2,2,0,0,-0.0358203995142624,-0.06877068397817397,-0.027583846896591685,0.5,-2.281383273744531,1.0
2025-02-06,-0.0006013456532248,41.27105949637145,53.91,-12.638940503628548,-0.0004924687494659,-0.0080384778106838,-0.1274335128349992,-0.0045179735558263,-0.1070060541032073,-0.1801173121666709,Médio,2,3,0,0,-0.0118401042068875,-0.05846793493389697,-0.03433577003410729,-0.6200000000000045,-3.336096729548901,1.0
2025-02-07,-0.0004925900520273,40.69369452463463,54.17,-13.476305475365372,-0.0006430634939713,0.0141253258837719,-0.1222527324499413,-0.0075310755304289,-0.1634333539191022,-0.2091498215669777,Médio,2,4,0,0,-0.0006013456532248,-0.04140050641196767,-0.07502955953105038,0.2600000000000051,-0.8373649717368234,1.0
2025-02-08,-0.0006432703479849,39.6111128292438,53.49,-13.8788871707562,0.0001867390590715,0.0016942344393275,-0.1254065281320682,-0.0080149523965744,-0.1850684651127682,-0.1433932011222177,Médio,2,5,0,0,-0.0004925900520273,-0.01229412574152897,-0.08011154062929068,-0.6799999999999997,-0.4025816953908272,1.0
2025-02-09,0.0001867216255037,38.77474810392096,54.21,-15.435251896079045,0.0100356873508169,0.0107578313908736,-0.1077951851880648,0.0018827993189081,-0.1402589082314157,-0.1747353252939606,Baixo,2,6,0,0,-0.0006432703479849,-0.049397709774386865,-0.04942780943535368,0.7199999999999989,-1.5563647253228456,0.0
2025-02-10,0.0099856642396464,38.9280995663266,52.4,-13.471900433673396,-0.0169619838979083,0.0014250111001836,-0.0324416852901372,0.0089723149204736,-0.1411329597759724,-0.1437633389516788,Médio,2,0,0,0,0.0001867216255037,-0.013390588634620766,-0.05836176398072748,-1.8100000000000023,1.9633514624056492,1.0
2025-02-11,-0.0171074860302891,39.38227516255421,54.23,-14.847724837445789,0.021839938524633,0.0035490330785084,-0.0997887828336718,0.0042157818793837,-0.153087236970417,-0.1096418600474847,Médio,2,1,0,0,0.0099856642396464,0.008435179811913135,-0.08565237925302308,1.8299999999999983,-1.375824403772393,1.0
2025-02-12,0.0216048635909414,40.09679376290418,51.49,-11.393206237095818,-0.0128931248485874,-0.0213547584913414,-0.1081844393771779,-0.0134768584322938,-0.1418901749147006,-0.1441707514223716,Médio,2,2,0,0,-0.0171074860302891,-0.008070960565151164,-0.07953123522507707,-2.739999999999995,3.454518600349971,1.0
2025-02-13,-0.0129769625826388,39.66866031845718,51.76,-12.09133968154282,0.0092366957898164,-0.0096927650195934,-0.062128615663235,-0.0036243322767626,-0.1270048258873424,-0.1243845497905248,Médio,2,3,0,0,0.0216048635909414,0.014026493077817535,-0.05988844666019698,0.269999999999996,-0.6981334444470022,1.0
2025-02-14,0.0091942983898785,37.27775266544342,51.6,-14.32224733455658,0.0007095349684433,-0.0087805721571831,-0.0776261819428991,-0.0610007253297624,-0.153085913012941,-0.1421171465002018,Médio,2,4,0,0,-0.0129769625826388,0.0016928008431636356,-0.08206325296398179,-0.1599999999999966,-2.2309076530137606,1.0
2025-02-15,0.0007092833675137,37.236301541675175,50.61,-13.373698458324824,-0.0148769607273409,0.0075365641327436,-0.1103612536930025,-0.0911068051277416,-0.1389738367439222,-0.1387652678096859,Médio,2,5,0,0,0.0091942983898785,0.010700377607538435,-0.07168918568243578,-0.990000000000002,0.9485488762317562,1.0
2025-02-16,-0.0149887326438566,34.90427694337209,50.84,-15.935723056627914,-0.0035177550289164,0.0006643908557513,-0.1029532204749739,-0.1234733887845497,-0.1394439466772757,-0.1162133633075636,Baixo,2,6,0,0,0.0007092833675137,0.001423996735405735,-0.050466261077698575,0.23000000000000398,-2.56202459830309,0.0
2025-02-17,-0.0035239568777999,34.889207977601075,51.73,-16.840792022398922,-0.0011302986009604,0.0080498016287324,-0.1570852996450199,-0.1155921904364167,-0.093276884527041,-0.1180341407391939,Baixo,2,0,0,0,-0.0149887326438566,0.0035427501218382364,-0.06020669077416318,0.8899999999999935,-0.905068965771008,0.0
2025-02-18,-0.0011309378701796,33.13625038149966,51.69,-18.55374961850034,0.0101663249774697,0.0061278283430403,-0.1784840539118448,-0.1183400657289185,-0.119662817881226,-0.1107404339045157,Baixo,2,1,0,0,-0.0035239568777999,-0.021586070346903064,-0.056383096538194774,-0.03999999999999915,-1.7129575961014183,0.0
2025-02-19,0.010114995490717,33.17134508388669,49.15,-15.978654916113308,0.0171828943579435,-0.052682737752856,-0.141874586176101,-0.1094718709429219,-0.1299152759752069,-0.1186321562238957,Baixo,2,2,0,0,-0.0011309378701796,-0.009740045634443861,-0.08089964684850759,-2.539999999999999,2.575094702387032,0.0
2025-02-20,0.0170369380244533,31.090100957896823,49.06,-17.969899042103176,-0.021596256548497,-0.097905498194395,-0.1487704592848787,-0.0410457250394181,-0.147138090636285,-0.1097479273689029,Baixo,2,3,0,0,0.010114995490717,-0.008819348533605362,-0.08028024353886187,-0.0899999999999963,-1.9912441259898674,0.0
2025-02-21,-0.0218328685213355,30.96679091564391,48.71,-17.743209084356092,0.0038367893861199,-0.1240553583945766,-0.1566426476144491,-0.103567944847881,-0.1050038687080469,-0.0284771638096864,Baixo,2,4,0,0,0.0170369380244533,0.007508306123334238,-0.04110045226324408,-0.3500000000000014,0.22668995774708378,0.0
2025-02-22,0.0038294476827775,30.98802924092012,48.6,-17.611970759079888,-0.0030347688750226,-0.1226546464920459,-0.1301675663465353,-0.0960013779244773,-0.0937623542208413,-0.0296209226604672,Baixo,2,5,0,0,-0.0218328685213355,0.0006641702458553347,-0.045264546609425485,-0.10999999999999943,0.13123832527620394,0.0
2025-02-23,-0.0030393831239023,30.83972851019456,48.47,-17.630271489805445,-0.0488803008581104,-0.123709821521328,-0.1238292921107855,-0.0587170936441646,-0.0920975918884664,-0.0236606827484469,Baixo,2,6,0,0,0.0038294476827775,0.008017574806432736,-0.011836128204181982,-0.13000000000000256,-0.01830073072555649,0.0
2025-02-24,-0.0501153577517212,35.447021275642435,47.07,-11.622978724357566,-0.0313750916410277,-0.0599473222469899,-0.0980673682794032,-0.0177055052773872,-0.0507216157481884,0.0337051111882005,Médio,2,0,0,0,-0.0030393831239023,0.006109129552710037,-0.051335825012957276,-1.3999999999999986,6.007292765447879,1.0
2025-02-25,-0.0318778335074248,36.45449277818148,48.59,-12.13550722181852,-0.0499581643745404,0.0630308388324816,-0.052665188700096,-0.0211845007465008,-0.0163326958380882,0.0670678075425912,Médio,2,1,0,0,-0.0501153577517212,-0.05412122368972816,-0.06563078325041607,1.5200000000000031,-0.5125284974609539,1.0
2025-02-26,-0.051249257856689,40.56025915766481,51.3,-10.739740842335188,0.005442011990729,0.0233889364391184,-0.0182202772721072,0.0234107761783992,0.0020687218256978,0.1127501466170541,Médio,2,2,0,0,-0.0318778335074248,-0.10303599522160625,-0.08566851255095337,2.7099999999999937,1.395766379483332,1.0
2025-02-27,0.0054272577477817,40.52344965100316,51.68,-11.156550348996843,-0.0042338096093689,0.0303794491655979,0.0252319186557017,-0.0469162627917975,-0.0243191421695417,0.1216240432787327,Médio,2,3,0,0,-0.051249257856689,-0.13245238455695973,-0.13631642475441758,0.38000000000000256,-0.4168095066616555,1.0
2025-02-28,-0.0042427975590892,39.72155877041932,50.76,-11.038441229580677,0.020327103967116,0.0741680432730598,-0.0015002974513081,-0.0682167645880957,-0.0232359382828251,0.1174497575220563,Médio,2,4,0,1,0.0054272577477817,-0.13085457449195556,-0.13039657695460857,-0.9200000000000017,0.11810911941616631,1.0
2025-03-01,0.0201232660499191,40.200751381521215,51.87,-11.669248618478782,0.0953409029248171,0.0449355849616561,-0.0229564955504899,-0.0363859536559368,-0.0408358704799759,0.0942022224486673,Médio,3,5,1,0,-0.0042427975590892,-0.13205798892714246,-0.13399610416571286,1.1099999999999994,-0.6308073888981056,1.0
2025-03-02,0.0910656416882886,50.64999741100884,55.47,-4.820002588991159,-0.0853865492733637,-0.079221915773841,-0.1106333934443619,-0.1123356316961918,-0.0966549273363742,0.0235484247374562,Alto,3,6,0,0,0.0201232660499191,-0.06181936512550215,-0.11405955974129747,3.6000000000000014,6.849246029487624,2.0
2025-03-03,-0.0892537611894861,59.132603372296224,59.48,-0.3473966277037732,0.0123099337849732,2.134060522185344e-05,-0.0016018211886925,-0.0592066096493634,-0.0429632775736568,0.1237120683790105,Alto,3,0,0,0,0.0910656416882886,0.06112411007021124,-0.03297958229265527,4.009999999999998,4.472605961287385,2.0
2025-03-04,0.0122347826584605,58.38051901374743,62.07,-3.689480986252569,0.0380838060731436,-0.0750167445788925,0.0024767999076098,-0.0377945138274818,-0.0466177554633843,0.0982383763521406,Alto,3,1,0,0,-0.0892537611894861,0.023119606737414145,-0.10512585745185227,2.5900000000000034,-3.342084358548796,2.0
2025-03-05,0.0373765195126344,58.45096849754905,57.6,0.8509684975490472,-0.0074401245568588,-0.132553569018214,-0.0354627689708442,-0.0691738881339106,-0.0741246634743103,0.0405228085863178,Alto,3,2,0,0,0.0122347826584605,0.029927131648092943,-0.11449593838433318,-4.469999999999999,4.540449483801616,2.0
2025-03-06,-0.007467940338037,57.15934272019248,60.15,-2.9906572798075146,-0.0348056734935738,-0.0778244513709207,-0.0336112139976153,-0.0818103567043904,-0.0710971380674863,0.0533936293343773,Alto,3,3,0,0,0.0373765195126344,0.07154644871981654,-0.06414245628905997,2.549999999999997,-3.841625777356562,2.0
2025-03-07,-0.0354258232982397,58.33373439385665,54.32,4.013734393856652,-0.006673828580645,-0.0359627542071444,0.0049568125066601,-0.0321620243831489,-0.0964467882271958,0.1155768172876698,Alto,3,4,0,0,-0.007467940338037,0.04395524233186044,-0.08080469501697546,-5.829999999999998,7.004391673664166,2.0
2025-03-08,-0.0066961981573037,58.38009927879271,52.66,5.720099278792709,-0.0636502442229373,-0.0592266863212539,-0.0208538495484643,-0.0406787327430384,-0.0818720646420971,0.1253507642151203,Alto,3,5,0,0,-0.0354258232982397,-0.08253622265466785,-0.11693980168272887,-1.6600000000000037,1.7063648849360575,2.0
2025-03-09,-0.0657662016000647,62.725101181274965,59.1,3.625101181274964,-0.0264882230455256,0.0402409779131243,0.0237094808567899,0.0756997298672177,-0.0546477293375794,0.2790289934757652,Alto,3,6,0,0,-0.0066961981573037,2.1340377514540362e-05,-0.10864726719617597,6.440000000000005,-2.0949980975177454,2.0
2025-03-10,-0.0268453567037924,63.41979088642963,59.57,3.849790886429631,0.0551826775608792,0.0730646626934294,0.0482739167177508,0.0716008451335732,0.0511395892862549,0.310145216300197,Alto,3,0,0,0,-0.0657662016000647,-0.07797964388101067,-0.17088951191844076,0.46999999999999886,0.22468970515466724,2.0
2025-03-11,0.0537139060247328,66.12939072550961,59.9,6.22939072550961,0.0090088395462408,-0.004322284774732,-0.0046179451627151,0.0139365528723851,-0.040100929678286,0.26378573834128,Alto,3,1,0,0,-0.0268453567037924,-0.14220152009743747,-0.19660393075205357,0.3299999999999983,2.379599839079979,2.0
2025-03-12,0.0089685020330386,66.11165290552258,56.89,9.221652905522577,-0.0306445545250173,0.003942513466759,0.01766512763127,0.0019176597739105,-0.0030626151109726,0.244238177478713,Alto,3,2,0,0,0.0537139060247328,-0.08101967373466767,-0.15300502021803777,-3.009999999999998,2.9922621800129665,2.0
2025-03-13,-0.0311239175565561,66.73081169948033,55.42,11.310811699480324,0.0353497186367437,0.0197156459569272,0.0172655678093707,0.0612300097465623,0.0512985266245358,0.2672173034642582,Alto,3,3,0,0,0.0089685020330386,-0.03662534840338935,-0.1610734562094525,-1.4699999999999989,2.089158793957747,2.0
2025-03-14,0.0347392620472014,67.40207848438811,53.27,14.13207848438811,0.0042298935977671,0.0340870555063395,-0.0091698101525067,0.0418531325312683,-0.0026576743920212,0.2395779155831165,Alto,3,4,0,0,-0.0311239175565561,-0.06105306780264176,-0.1703645052446731,-2.1499999999999986,2.8212667849077864,2.0
2025-03-15,0.004220972745167,67.26603166137669,53.46,13.806031661376686,-0.0209146624006799,-0.0013641466453494,-0.0053186897931715,0.0362163445280703,0.0030014783294545,0.2272911379437419,Alto,3,5,0,0,0.0347392620472014,0.039452395844624344,-0.13945469088024914,0.18999999999999773,-0.3260468230114242,2.0
2025-03-16,-0.0211364721204962,67.5928143176889,55.27,12.322814317688902,0.0173842951331359,0.0183381001381417,0.0116677624444245,0.052493668447159,0.0129514512525836,0.2566067284912188,Alto,3,6,0,0,0.004220972745167,0.07051872529358374,-0.1321943350111799,1.8100000000000023,-1.4832173436877838,2.0
2025-03-17,0.0172349170117196,67.859173980399,52.86,14.999173980399007,-0.0154148260630307,-0.0020169020294362,-0.0664209975880261,0.0383523253116324,0.0002422329809905,0.2315660403882726,Alto,3,0,0,0,-0.0211364721204962,-0.004331652851645253,-0.10321544937995486,-2.4100000000000037,2.676359662710105,2.0
2025-03-18,-0.0155348697269551,67.87411646050163,52.0,15.874116460501623,0.0499414677114908,0.040711706203818,-0.0429400799346865,0.0206655307989371,0.0269948520843188,0.2467703874374462,Alto,3,1,0,0,0.0172349170117196,0.003934762127035748,-0.05410269886081047,-0.8599999999999994,0.8749424801026162,2.0
2025-03-19,0.0487344175789443,69.95961989674298,54.02,15.939619896742975,-0.0301977271476363,0.0075100804942638,-0.1211745764971857,-0.0483315627650527,-0.0273040973475559,0.2257828057362265,Alto,3,2,0,0,-0.0155348697269551,0.019523809956636745,-0.018388310731076572,2.020000000000003,0.06550343624135202,2.0
2025-03-20,-0.0306630706836421,70.77136928327458,49.01,21.761369283274583,-0.0015981308755205,0.0376318265033026,-0.0190941020065803,-0.0217682997561603,0.0101351892864915,0.2534966830473104,Alto,3,3,0,0,0.0487344175789443,0.03351896548837964,0.024918849100086026,-5.010000000000005,5.821749386531607,2.0
2025-03-21,-0.0015994092488549,70.68557030254999,47.56,23.12557030254999,-0.0029516419489445,0.0335404992746357,-0.0532947376219825,-0.0182994665519624,0.0129678403030892,0.2706805508796119,Alto,3,4,0,0,-0.0306630706836421,-0.0013650779404294593,-0.0015014240244668742,-1.4499999999999957,1.3642010192754057,2.0
2025-03-22,-0.0029560066348178,70.44287285702144,48.88,21.56287285702144,0.026740150564303,0.0404508126672296,-0.0049707426915769,0.015717327370907,0.0438408174369955,0.3077673952437596,Alto,3,5,0,0,-0.0015994092488549,0.01817198493121184,-0.023224099323240877,1.3200000000000003,-1.5626974455285492,2.0
2025-03-23,0.0263888809809596,70.63234647211311,47.66,22.97234647211312,0.0164453866929981,-0.0192619870473091,-0.0093584642639329,-0.0414278163389771,0.0855050678128539,0.297548398338803,Alto,3,6,0,0,-0.0029560066348178,-0.0020189387153255597,-0.11724574764634726,-1.220000000000006,1.409473615091681,2.0
2025-03-24,0.0163116258283656,70.84854205779949,47.32,23.52854205779949,-0.0012033395902268,-0.0554253940882871,-0.0427227269693443,-0.0489732584090911,0.0707777169257044,0.2265206491199358,Alto,3,0,0,0,0.0263888809809596,0.03990481199258914,-0.0016031054759015756,-0.3399999999999963,0.5561955856863712,2.0
2025-03-25,-0.0012040641846587,70.84185459231139,46.99,23.85185459231139,-0.0055347764640295,-0.057245859988349,-0.0320539879283057,-0.0400833614916182,0.0753791470631415,0.233074391537891,Alto,3,1,0,0,0.0163116258283656,0.007482020242010445,0.0024737376940035267,-0.3299999999999983,0.32331253451189923,2.0
2025-03-26,-0.0055501500919203,68.6785584970482,47.27,21.4085584970482,0.0037146828119518,-0.0501576530992069,-0.0375700285712082,-0.0387896927332293,0.0889377956319223,0.2542311703126378,Alto,3,2,0,0,-0.0012040641846587,0.036941026740993844,-0.036106846003289575,0.28000000000000114,-2.4432960952631895,2.0
2025-03-27,0.0037078004164337,67.78480531456339,46.61,21.174805314563383,-0.0321857767578666,-0.0237718929094949,-0.0367024673626114,-0.1009034412940845,0.0847852754969191,0.254525603617296,Alto,3,3,0,0,-0.0055501500919203,0.03299028589792845,-0.03418905575717287,-0.6600000000000037,-0.23375318248481847,2.0
2025-03-28,-0.0327151282624945,66.37349874667564,49.93,16.443498746675637,-0.0210346821617168,-0.0226011727891872,0.0062011707992406,-0.0623177807168972,0.1104529284076472,0.290363873563537,Alto,3,4,0,0,0.0037078004164337,0.039654092949179945,0.004944567957500527,3.3200000000000003,-4.731306567887746,2.0
2025-03-29,-0.0212590631891735,66.75960310846,52.69,14.06960310846,-0.0031283069247198,0.0068307316741469,0.0220953691377974,-0.0765424289406684,0.1495808637393958,0.3040978098342695,Alto,3,5,0,0,-0.0327151282624945,-0.019449916294274158,-0.021074362147690276,2.759999999999998,-2.373895638215636,2.0
2025-03-30,-0.0031332103056849,66.75214489244264,53.73,13.022144892442649,0.0019422262340362,0.0182046386945791,0.0326134279176388,0.0027337058785903,0.1440324243272757,0.281584692509369,Alto,3,6,0,0,-0.0212590631891735,-0.05702060531181326,0.023432776263200925,1.0399999999999991,-1.0474582160173522,2.0
2025-03-31,0.0019403425512951,66.38552932695666,51.02,15.365529326956654,0.0315969677047889,0.0119682602097808,0.0318501475650943,-0.035647603192295,0.1407872633813127,0.259666473692735,Alto,3,0,0,1,-0.0031332103056849,-0.05894975143283946,0.047144922661308424,-2.7099999999999937,2.3433844345140056,2.0
2025-04-01,0.031108055610873,59.2941900532247,49.55,9.744190053224706,-0.0310251468030025,-0.0790097599366074,0.0276883039288928,-0.0203679404741802,0.1330647121585508,0.2282047771245894,Alto,4,1,1,0,0.0019403425512951,-0.05145925878962406,-0.004628640812129269,-1.470000000000006,-5.621339273731948,2.0
2025-04-02,-0.0315166187211996,51.64713948820621,52.61,-0.9628605117937852,0.0084443932222353,-0.0406350067362455,0.1324187018102729,0.0334553334862728,0.174157732976119,0.2802675689854694,Alto,4,2,0,0,0.031108055610873,-0.02405900359518476,0.01751091276570513,3.0600000000000023,-10.707050565018491,2.0
2025-04-03,0.0084089387880866,51.55402822221242,52.64,-1.0859717777875773,0.0081330954060232,-0.0828075246334441,0.1259175689786307,0.0065724034523895,0.1519391961048435,0.2721314639319367,Alto,4,3,0,0,-0.0315166187211996,-0.022860494053889863,0.017118211601061632,0.030000000000001137,-0.12311126599379207,2.0
2025-04-04,0.00810020002606,49.958301858009975,55.33,-5.371698141990024,-0.0041945469697353,-0.0151943256080858,0.1202838912493249,0.0083646571391755,0.1238260352531241,0.2561336666751301,Médio,4,4,0,0,0.0084089387880866,0.006807507923370239,-0.00921211165805317,2.6899999999999977,-4.285726364202446,1.0
2025-04-05,-0.0042033687594591,49.91188438258332,57.1,-7.188115617416685,-0.0611457134652151,-0.0470527241558003,0.1328819379063344,0.0012688837737178,0.1340191450620249,0.2532844038981545,Médio,4,5,0,0,0.00810020002606,0.01804091825511514,-0.005332884377160171,1.7700000000000031,-1.816417475426661,1.0
2025-04-06,-0.0630949912246192,53.13057681701776,59.59,-6.459423182982242,0.0093489736070382,0.0636725742700496,0.2065281142419992,0.0714060946066557,0.2346553614688258,0.2942583195205914,Médio,4,6,0,0,-0.0042033687594591,0.011897206944360937,0.01160021898387693,2.490000000000002,0.7286924344344428,1.0
2025-04-07,0.0093055424346964,53.17836278997135,52.79,0.388362789971346,-0.0358855953849287,0.0772285217229611,0.1842529436642561,0.0730726786826814,0.2257014745732992,0.3173846851139492,Alto,4,0,0,0,-0.0630949912246192,-0.08230583989113127,-0.06872968925246187,-6.800000000000004,6.847785972953588,2.0
2025-04-08,-0.0365453144265594,49.6407046177579,56.84,-7.199295382242106,0.0824502158081466,0.0974494781480985,0.2448659253729113,0.1068135680184145,0.352965485109094,0.3829769810758097,Médio,4,1,0,0,0.0093055424346964,-0.04148367873523527,-0.043889277090810364,4.050000000000004,-7.587658172213452,1.0
2025-04-09,0.0792271898213657,56.03760294644994,53.04,2.9976029464499376,-0.0364087876301727,0.0239224685233543,0.1409135023788594,0.0297982623540795,0.2464045971190296,0.2798368145724237,Alto,4,2,0,0,-0.0365453144265594,-0.08643793194988127,-0.12916900909631407,-3.8000000000000043,10.196898328692043,2.0
2025-04-10,-0.0370881278659981,54.37405922476349,53.56,0.8140592247634899,0.0479420857132448,0.0507075356154522,0.1829568393853327,0.0699928272909644,0.3165818963838742,0.3850867948039942,Alto,4,3,0,0,0.0792271898213657,-0.015310942154575569,-0.019278748591306266,0.5200000000000031,-2.1835437216864477,2.0
2025-04-11,0.0468283226478621,56.68821757939705,56.15,0.538217579397049,0.0222125953444483,0.0072705835646023,0.1566227351797759,0.0490554019090945,0.2480605064451602,0.3218570375087026,Alto,4,4,0,0,-0.0370881278659981,-0.04819570126111457,-0.054767467208449466,2.5899999999999963,-0.27584164536644096,2.0
2025-04-12,0.021969489076607,56.16421610556384,57.45,-1.2857838944361646,-0.0177879355370562,-0.0038579029021926,0.1361475381961587,0.0957596957675526,0.2053829348862355,0.2740275502510059,Alto,4,5,0,0,0.0468283226478621,0.06172761261136674,-0.004983137925769564,1.3000000000000043,-1.8240014738332135,2.0
2025-04-13,-0.0179480423502672,55.19766847287655,56.29,-1.0923315271234486,0.0099281279847183,0.0085325931232091,0.1444176217765043,0.1185659025787966,0.2428810888252148,0.2616013610315186,Alto,4,6,0,0,0.021969489076607,0.07439155925327734,-0.009402529830122165,-1.1600000000000037,0.19345236731271598,2.0
2025-04-14,0.0098791679099759,55.28552555123044,53.31,1.97552555123044,-0.0112019423209732,0.0057385144006056,0.1145035948022248,0.1109908338394909,0.2236184736116762,0.25386699243589,Alto,4,0,0,0,-0.0179480423502672,0.09298883132956953,-0.04366219800875497,-2.979999999999997,3.0678570783538888,2.0
2025-04-15,-0.0112651566020126,54.93245537557721,50.39,4.542455375577212,0.0046194592103987,0.0183545763419463,0.1325820301016245,0.131446264100983,0.2405399359834461,0.2602775166512261,Alto,4,1,0,0,0.0098791679099759,0.02364080941817974,-0.032578965914120364,-2.9200000000000017,2.566929824346772,2.0
2025-04-16,0.0046088222541115,54.62617367557143,49.58,5.046173675571431,0.0109190271423262,0.0414832111910001,0.1523691788612642,0.1261165307118685,0.2312677867218973,0.2566170711116622,Alto,4,2,0,0,-0.0112651566020126,0.04946378068216524,-0.03829397242421267,-0.8100000000000023,0.5037182999942189,2.0
2025-04-17,0.0108598449834582,54.48858299866279,48.41,6.078582998662796,-0.0055707079785718,0.1000034020848776,0.1422352827750559,0.1036092588975996,0.2139986728337399,0.2571766627336682,Alto,4,3,0,0,0.0046088222541115,0.007244280288414634,-0.037392950586534864,-1.1700000000000017,1.0324093230913647,2.0
2025-04-18,-0.0055862822389649,51.80578011627329,46.9,4.905780116273292,0.0071301830169485,0.1091023832108766,0.2223969096542408,0.1247295491702897,0.2601911886270311,0.2376626655865799,Alto,4,4,0,0,0.0108598449834582,-0.003865363804734165,0.006182022659417832,-1.509999999999998,-1.1728028823895036,2.0
2025-04-19,0.007104883451191,50.75023745471635,48.29,2.460237454716349,0.0012016172171542,0.1046517737282963,0.2103386096902091,0.1079000072992693,0.2409197267275848,0.2328451599321603,Alto,4,5,0,0,-0.0055862822389649,0.008496396306568137,0.02185480360962643,1.3900000000000006,-2.4455426615569436,2.0
2025-04-20,0.0012008958529972,50.74889975838688,48.2,2.5488997583868738,0.0274361452391449,0.1110533505581874,0.2304586187902122,0.1055745507943015,0.2544135167207408,0.2286865907702391,Alto,4,6,0,0,0.007104883451191,0.005722111847783237,0.03209289736650233,-0.0899999999999963,0.08866230367052497,2.0
2025-04-21,0.0270665197044683,51.60930419202936,49.16,2.4493041920293592,0.0677218385664009,0.0812622984331021,0.1896993277704033,0.102537323648425,0.2528417871747903,0.1803295228782135,Alto,4,0,0,0,0.0012008958529972,0.018188164302793037,0.031353450668204434,0.9599999999999937,-0.09959556635751454,2.0
2025-04-22,0.0655272558342847,55.68850700408784,52.69,2.998507004087841,0.0026549878166355,0.0032780415095878,0.1000431386024784,0.0368583025864219,0.1953407098809658,0.0928589720855463,Alto,4,1,0,0,0.0270665197044683,0.04064586175314984,0.027311914761799734,3.530000000000001,0.549202812058482,2.0
2025-04-23,0.0026514695623879,55.404814045124986,49.42,5.984814045124985,0.0030887678955136,0.0140899219007828,0.1111380080152775,0.0231114851061595,0.1454484247593261,0.0776252125602565,Alto,4,2,0,0,0.0655272558342847,0.09531327260397635,0.12435578931728404,-3.269999999999996,2.9863070410371435,2.0
2025-04-24,0.0030840074520417,55.4136645124254,46.96,8.453664512425398,0.0070036891707392,0.0029405045537653,0.1013758496845143,0.0031618271328073,0.1466415309478661,0.120806588858302,Alto,4,3,0,0,0.0026514695623879,0.10355102440532915,0.11859832009158534,-2.460000000000001,2.4688504673004132,2.0
2025-04-25,0.0069792772557713,55.43331846161652,46.45,8.98331846161652,-0.0001128502637609,-0.0049311761322113,0.0964196668846186,0.0010038178892604,0.151793220277375,0.1209264541728605,Alto,4,4,0,0,0.0030840074520417,0.09953014840617984,0.11358212751756704,-0.509999999999998,0.5296539491911219,2.0
2025-04-26,-0.000112856631831,55.41824337025154,47.42,7.998243370251536,-0.0092858350593904,0.0196761000972227,0.0933751109608149,0.0233125501965592,0.1564736652999112,0.1343426892674473,Alto,4,5,0,0,0.0069792772557713,0.10530852980895394,0.12476477353279744,0.9699999999999989,-0.9850750913649842,2.0
2025-04-27,-0.009329217194183,54.32820185856614,48.12,6.208201858566142,0.0134601538358152,0.0334705432467228,0.1000258135260743,0.034999727997969,0.1620158230514787,0.1407771578027781,Alto,4,6,0,0,-0.000112856631831,0.07812915347265464,0.18774690812558564,0.6999999999999957,-1.790041511685394,2.0
2025-04-28,0.0133703707308457,54.02144482601935,47.05,6.971444826019351,-0.0079396972019502,0.0088962162137129,0.1204392998802879,0.0868363070535489,0.1344115503038696,0.126684143908117,Alto,4,0,0,0,-0.009329217194183,0.0032726804441869407,0.16911214849670625,-1.0700000000000003,0.7632429674532091,2.0
2025-04-29,-0.00797138443391,54.08191157789357,46.17,7.911911577893569,-0.0008998818334843,0.0002206736870604,0.1200647337773541,0.0924619565990025,0.1202345888605194,0.1383451086085865,Alto,4,1,0,0,0.0133703707308457,0.01399158161264474,0.21902783365411135,-0.8799999999999955,0.9404667518742187,2.0
2025-04-30,-0.0009002869702098,54.07858824329278,45.07,9.008588243292778,0.0246135794078918,0.0059644055557914,0.1346258972943126,0.1129585227031388,0.1042080448540967,0.150627893641422,Alto,4,2,0,1,-0.00797138443391,0.0029361897266930413,0.13182925939883564,-1.1000000000000014,1.0966766653992082,2.0
2025-05-01,0.0243155458100097,53.65342879467997,46.11,7.543428794679968,0.004116803508263,0.0035662796244706,0.1363259640308505,0.0790558308117397,0.0839670178985554,0.1104425322813544,Alto,5,3,1,0,-0.0009002869702098,-0.004943374499288059,0.16801710029462394,1.0399999999999991,-1.46515944861281,2.0
2025-05-02,0.0041083526584195,52.53468200769397,44.54,7.994682007693967,-0.0106383571648415,0.00147965973606,0.1528486649518192,0.0609387375868459,0.0903710234402626,0.0907653998249922,Alto,5,4,0,0,0.0243155458100097,0.019485027942552642,0.14550432345677156,-1.5700000000000003,0.4512532130139997,2.0
2025-05-03,-0.0106953490468046,52.58523787919908,44.9,7.685237879199079,-0.0164704669755035,0.0772528329349251,0.1195734203301146,0.086038055667007,0.1043390729593281,0.1355483545077107,Alto,5,5,0,0,0.0041083526584195,0.03292259779515514,0.12764318703858404,0.35999999999999943,-0.30944412849488856,2.0
2025-05-04,-0.0166076131092112,52.82784799856914,46.35,6.477847998569139,0.0048374152847727,0.0922209321788141,0.1430274756617744,0.0979044655560885,0.1177296372140068,0.1623626052503235,Alto,5,6,0,0,-0.0106953490468046,0.008856878017504843,0.13489588034204664,1.4500000000000028,-1.2073898806299397,2.0
2025-05-05,0.00482575258787,52.834318767430624,45.0,7.834318767430624,0.0221709955741191,0.1063597444963608,0.150638189079111,0.0953201649086155,0.1051704103545856,0.1398716908284363,Alto,5,0,0,0,-0.0166076131092112,0.00022064934220364374,0.10840909932285955,-1.3500000000000014,1.3564707688614845,2.0
2025-05-06,0.0219287924377574,48.637629589334026,46.66,1.977629589334029,0.0020290389679165,0.0752212910297434,0.1301275109718669,0.068466433594309,0.048274976087949,0.1173564827733062,Alto,5,1,0,0,0.00482575258787,0.005946688900283444,0.12450000851274214,1.6599999999999966,-5.856689178096595,2.0
2025-05-07,0.0020269832486365,48.53435281222393,44.8,3.734352812223932,0.0642179520872303,0.0593712286342955,0.1227208970375293,0.0628271522871672,0.0748006039338147,0.1254589020977938,Alto,5,2,0,0,0.0219287924377574,0.0035599355280311433,0.14181997869638804,-1.8599999999999994,1.756723222889903,2.0
2025-05-08,0.062240212129403,51.617903445984346,45.88,5.737903445984344,-0.0028046243714991,0.0081552096810431,0.043774065092929,0.0309181728735559,0.0221820115125079,0.048433686869078,Alto,5,3,0,0,0.0020269832486365,0.0014785661182481428,0.13298711696156634,1.0800000000000054,2.003550633760412,2.0
2025-05-09,-0.002808564699583,43.6081686726446,45.78,-2.171831327355399,0.0178450469880206,0.0052036480988664,0.0254220589502056,0.0252665797757234,0.0268229253411533,0.057792318085724,Alto,5,4,0,0,0.062240212129403,0.07441412729445573,0.20081361132993425,-0.10000000000000142,-7.909734773339743,2.0
2025-05-10,0.0176876933678977,42.09964706024584,47.13,-5.03035293975416,-0.0065979687152494,-0.0099782910962389,-0.0078623575546994,0.0194682678187756,0.0520323867495637,0.0612965252301007,Médio,5,5,0,0,-0.002808564699583,0.08821317570408395,0.19090016317916023,1.3500000000000014,-2.8585216123987616,1.0
2025-05-11,-0.0066198315306769,38.87042762788025,47.13,-8.259572372119756,-0.0127420811002899,-0.0062822950882652,0.0045513744021206,0.0530743003131062,0.0591289690543421,0.1142165619777559,Médio,5,6,0,0,0.0176876933678977,0.10107511648411163,0.20738696069406076,0.0,-3.2292194323655954,1.0
2025-05-12,-0.0128239576779249,38.36919670608059,45.44,-7.070803293919411,0.0127676150087381,0.0032622404304174,0.0277417392830443,0.0866307583169474,0.0569483882491244,0.143361715755766,Médio,5,0,0,0,-0.0066198315306769,0.07252649251567735,0.17370060945891555,-1.6900000000000048,1.1887690782003446,1.0
2025-05-13,0.0126867961942682,38.11279753103719,45.71,-7.597202468962813,-0.0057240990043391,0.0225788281148837,0.0168511749628159,0.0308786275841055,0.0150619977845172,0.1279135846442374,Médio,5,1,0,0,-0.0128239576779249,0.05767555158911594,0.09534939594670594,0.2700000000000031,-0.5263991750434016,1.0
2025-05-14,-0.0057405444459628,38.00947648277793,44.79,-6.780523517222072,0.0024721803627976,0.0199590716913948,0.018057283014945,0.0410992135666656,0.0247205476842231,0.1505086282369776,Médio,5,2,0,0,0.0126867961942682,0.00812213565398115,0.10538472257858625,-0.9200000000000017,0.8166789517407409,1.0
2025-05-15,0.002469129551993,37.81563299665683,43.57,-5.7543670033431695,-0.0028893531274085,0.0297433466864283,0.0089930284875126,0.0505039767756954,0.0159104758301336,0.1549430913755878,Médio,5,3,0,0,-0.0057405444459628,0.00519015590760135,0.09656017068058174,-1.2199999999999989,1.0261565138789024,1.0
2025-05-16,-0.0028935353660749,37.79492568630235,42.62,-4.825074313697648,-0.0032595910264353,0.059731848499815,-0.0188976058315992,0.0577098872167007,0.0205879538660345,0.1381563037929172,Alto,5,4,0,0,0.002469129551993,-0.010028407908303349,0.09205002297680345,-0.9500000000000028,0.9292926896455214,2.0
2025-05-17,-0.003264915065874,37.62186100979992,43.13,-5.508138990200081,0.0322672170578604,0.0830974340774184,0.0112656621736477,0.0563532316816264,0.035566752144087,0.1503372794520137,Médio,5,5,0,0,-0.0028935353660749,-0.00630211174370135,0.08926934424255954,0.5100000000000051,-0.6830646765024326,1.0
2025-05-18,0.0317575648000751,39.17031637003517,44.93,-5.759683629964833,-0.0082713458343516,0.0081165375627054,-0.0084741559426555,0.0124703323286452,-0.0178770675781316,0.1195189370533411,Médio,5,6,0,0,-0.003264915065874,0.003256930868349551,0.09533364637086855,1.7999999999999972,-0.2515446397647523,1.0
2025-05-19,-0.0083057432217508,39.199046519755306,44.02,-4.820953480244697,0.0120887069076078,0.020726460955158,0.0015179911216558,0.0001516475593268,-0.0065069211339866,0.1169902667083688,Alto,5,0,0,0,0.0317575648000751,0.02232769947415645,0.11372084044009795,-0.9099999999999966,0.9387301497201364,2.0
2025-05-20,0.012016222070838,39.42026365760802,47.3,-7.879736342391979,0.0261488091856629,0.0201609752139424,0.0319422584878108,-0.0268087062993642,-0.0205091268609385,0.1028545720968245,Médio,5,1,0,0,-0.0083057432217508,0.01976250069836845,0.11338648165225715,3.279999999999994,-3.0587828621472823,1.0
2025-05-21,0.02581277442421,39.31782079041431,49.13,-9.812179209585691,0.0187171225709681,-0.0019079933154567,0.0057495171417967,-0.0460774001383933,-0.0578782293493697,0.0695079593509866,Médio,5,2,0,0,0.012016222070838,0.029309593217213447,0.12630299069330495,1.8300000000000054,-1.9324428671937124,1.0
2025-05-22,0.0185441127291967,32.63916889733868,49.0,-16.360831102661322,-0.0391947945234668,-0.0246923328911519,-0.0273159671218925,-0.0541941396221055,-0.0857343324361677,0.0508893721640151,Baixo,5,3,0,0,0.02581277442421,0.05801590300749834,0.12780021930750526,-0.13000000000000256,-6.548651893075631,0.0
2025-05-23,-0.0399835903745315,35.48192460015049,47.68,-12.198075399849508,0.0041335913818985,0.0043187415380228,-0.0153428632395407,-0.0136072785349748,-0.0592110572008688,0.1177443176047328,Médio,5,4,0,0,0.0185441127291967,0.07982493080256906,0.14223597937828245,-1.3200000000000003,4.162755702811815,1.0
2025-05-24,0.0041250715632717,35.49478969462567,47.53,-12.035210305374328,0.0115280065099068,-0.0201570295107056,-0.0157320893811181,-0.0221323100156632,-0.0225309666467493,0.1020219482004356,Médio,5,5,0,0,-0.0399835903745315,0.008083775627962447,0.11294773805055555,-0.14999999999999858,0.16286509447517972,1.0
2025-05-25,0.0114620653391485,35.636191045287084,48.96,-13.323808954712916,0.0039503068643507,-0.0460414411592802,-0.0329303855200429,-0.0395152700093455,-0.0267988780981721,0.085655422970438,Médio,5,6,0,0,0.0041250715632717,0.02051459041298495,0.13368042272303843,1.4299999999999997,-1.2885986493385886,1.0
2025-05-26,0.0039425248895826,35.66269323441914,47.13,-11.467306765580863,-0.0045380449855114,-0.0442538428592953,-0.0350965172958251,-0.072427698723596,-0.0191366018064272,0.0747433243121316,Médio,5,0,0,0,0.0114620653391485,0.019960433681295447,0.14031673547431694,-1.8299999999999983,1.856502189132053,1.0
2025-05-27,-0.0045483731700125,35.549339229843746,46.16,-10.610660770156253,-0.0106151039621833,-0.0302487181490198,-0.0196775840827875,-0.0426822848226658,-0.018277432051594,0.0824487872340797,Médio,5,1,0,0,0.0039425248895826,-0.0019098158533319542,0.12233046792614215,-0.970000000000006,0.8566459954246106,1.0
2025-05-28,-0.0106718460844975,35.43814282754256,45.24,-9.80185717245744,-0.0203376674610494,-0.0178489351354189,-0.0299736189177799,-0.0206865204861156,-0.0068118192147132,0.1079381876974012,Médio,5,2,0,0,-0.0045483731700125,-0.025002301752541152,0.11575511150749315,-0.9199999999999946,0.8088035976988124,1.0
2025-05-29,-0.0205473253252083,36.04854600950727,44.61,-8.56145399049273,-0.0151934254982136,-0.0020159153705733,-0.0066575590907261,0.0013661363910795,0.0161667207281008,0.1181229238633485,Médio,5,3,0,0,-0.0106718460844975,0.004309442537492849,0.04284305329359264,-0.6300000000000026,1.2404031819647106,1.0
2025-05-30,-0.0153100281575464,36.44060034643903,43.71,-7.269399653560974,0.0058315834095299,0.006841147437123,0.0064731152849417,0.0603693900340702,0.0420390423739929,0.13430028884802,Médio,5,4,0,0,-0.0205473253252083,-0.02036295435098715,0.02510429266796735,-0.8999999999999986,1.2920543369317556,1.0
2025-05-31,0.0058146455448111,35.49783112162799,45.88,-10.382168878372012,0.0100490592577549,-0.0294783878060133,-0.0123708456144013,0.0543303170379956,0.0244246494087303,0.1266677680906012,Médio,5,5,0,1,-0.0153100281575464,-0.04713504784768205,-0.007893428857476754,2.1700000000000017,-3.1127692248110375,1.0
2025-06-01,0.0099989031960423,35.639955863316715,45.13,-9.490044136683288,0.0020357254385126,-0.0128213975133024,-0.0333474279821659,0.0284182765472331,0.0003616900818634,0.0958052753743199,Médio,6,6,1,0,0.0058146455448111,-0.04526292719245355,0.004541048218011246,-0.75,0.8921247416887237,1.0
2025-06-02,0.0020336561573317,35.45126412394032,42.97,-7.518735876059679,-0.0045447679480784,-0.0028891536670969,-0.0462328823738293,-0.0017595270796282,0.0282605970508225,0.0702822715602289,Médio,6,0,0,0,0.0099989031960423,-0.030715650826398752,0.027363909091978448,-2.1600000000000037,1.9713082606236085,1.0
2025-06-03,-0.0045551268035746,35.01084669030106,42.83,-7.81915330969894,-0.0064533124862576,0.003388883463917,-0.0004076795206235,0.006545078337385,0.0399318104757124,0.0680363597748994,Médio,6,1,0,0,0.0020336561573317,-0.01801014858456955,0.016710769055041947,-0.14000000000000057,-0.3004174336392609,1.0
2025-06-04,-0.0064742251263659,35.043198434176176,42.18,-7.136801565823824,-0.0304515340765711,0.0531645361666053,0.0132395565635874,0.0068557930008597,0.031399031451373,0.0908521993878326,Médio,6,2,0,0,-0.0045551268035746,-0.0020179500629358502,0.017896186697430146,-0.6499999999999986,0.6823517438751159,1.0
2025-06-05,-0.0309248149110365,35.85909757606831,42.76,-6.90090242393169,0.0273844561864069,0.0863542900961771,0.0574522297009478,0.0402461149135227,0.0659001772065206,0.1334501640647873,Médio,6,3,0,0,-0.0064742251263659,0.0068178529682446495,0.008952832019071249,0.5799999999999983,0.23589914189213435,1.0
2025-06-06,0.0270162096650293,37.06988698847392,40.53,-3.460113011526083,0.0121174504096521,0.0417752916814173,0.0254929501294678,0.0240303719184982,0.0471327406949417,0.0943662595777632,Alto,6,4,0,0,-0.0309248149110365,-0.029921607487602954,-0.01907844752589035,-2.229999999999997,3.440789412405607,2.0
2025-06-07,0.0120446218481455,30.33989736304914,41.99,-11.650102636950862,0.0017228450581063,0.0011328997088169,0.0141677834132227,-0.0094832743814313,0.025681997003377,0.0894356012643988,Médio,6,5,0,0,0.0270162096650293,-0.012904301018615956,0.011202677205012945,1.4600000000000009,-8.18998962542478,1.0
2025-06-08,0.0017213626629398,30.33002093975659,42.52,-12.189979060243411,0.0428340931015567,0.0031455350218472,0.0147803923052187,-0.00801274897384,0.0301604025195301,0.1110145270206366,Médio,6,6,0,0,0.0120446218481455,-0.002893335327802152,-0.008510265746916653,0.5300000000000011,-0.539876423292549,1.0
2025-06-09,0.0419420963494116,33.10400034833712,42.61,-9.505999651662885,0.0001031170740652,-0.0439710430568653,-0.0172867567022925,-0.0508278296748991,0.0088059441869088,0.0581493233180081,Médio,6,0,0,0,0.0017213626629398,0.0033831541387122467,0.0015168401377739478,0.0899999999999963,2.6839794085805266,1.0
2025-06-10,0.0001031117578652,33.023392244565244,42.51,-9.486607755434754,-0.0147746906602702,-0.042443036864679,-0.028364609407497,-0.0632640089870367,0.052012167104257,0.0561133006494074,Médio,6,1,0,0,0.0419420963494116,0.05179947561448975,0.03144271441634755,-0.10000000000000142,0.019391896228130534,1.0
2025-06-11,-0.0148849235207292,33.12842375802129,40.95,-7.821576241978711,-0.0273679112324602,-0.0170333467347635,-0.0272812989667644,-0.0600589331577893,0.0817573766773878,0.098015354946453,Médio,6,2,0,0,0.0001031117578652,0.08282740228339146,0.005733051750002746,-1.5599999999999952,1.665031513456043,1.0
2025-06-12,-0.0277493887872792,34.22859093368397,39.77,-5.541409066316035,0.003736666372359,-0.0106041606397472,0.0300730384559806,-0.044551745296495,0.1111770385513704,0.1231575370252764,Médio,6,3,0,0,-0.0148849235207292,0.04092626909763295,-0.027695984499923155,-1.1799999999999997,2.280167175662676,1.0
2025-06-13,0.0037297023772628,34.19472939214526,40.72,-6.525270607854736,-0.006146610351101,-0.0111232952808231,0.0331696342835194,-0.0069075474190317,0.1227535456735244,0.1326288513659201,Médio,6,4,0,0,-0.0277493887872792,0.0011322584622082514,-0.015461782912670852,0.9499999999999957,-0.9838615415387011,1.0
2025-06-14,-0.0061655785271072,34.25146486509183,41.0,-6.748535134908167,0.0017015663099546,-0.0071721536970577,0.0243761208120618,0.0063402958071099,0.1368551844411742,0.1697277531849466,Médio,6,5,0,0,0.0037297023772628,0.0031405981765312515,-0.015857152098679755,0.28000000000000114,-0.22326452705343058,1.0
2025-06-15,0.0017001202861056,34.241726766574935,42.32,-8.078273233425065,0.0113692055070169,-0.0217438470231406,0.0246615314637639,0.0165404268670164,0.1151966858726172,0.1202822016135196,Médio,6,6,0,0,-0.0061655785271072,-0.04496707669998755,-0.03348479596493545,1.3200000000000003,-1.3297380985168985,1.0
2025-06-16,0.0113050618075081,34.44921571618653,41.73,-7.2807842838134675,-0.0210063193311492,-0.0437711556949593,0.0225602378698608,0.0014282566719474,0.110828710047228,0.0987646090113416,Médio,6,0,0,0,0.0017001202861056,-0.04337006817174715,-0.03572720056841245,-0.5900000000000034,0.7974889496115978,1.0
2025-06-17,-0.0212300913561666,33.44965793632542,41.62,-8.170342063674575,0.0032100071190022,-0.0343114285569449,0.0355019460805652,0.0238774946277502,0.1398969518944646,0.122710152358888,Médio,6,1,0,0,0.0113050618075081,-0.01718008284350985,-0.01987376559089185,-0.10999999999999943,-0.8895577798611072,1.0
2025-06-18,0.0032048660451346,33.34270616729451,39.69,-6.347293832705489,-0.0021755839963816,0.0042631683420921,0.0384814940452933,0.0229772522333129,0.124306037424354,0.1193499314212906,Médio,6,2,0,0,-0.0212300913561666,-0.01066078541239725,-0.03043201086256095,-1.9299999999999997,1.8230482309690856,1.0
2025-06-19,-0.0021779540173212,33.08694271075506,40.21,-7.12305728924494,-0.013000366238452,0.0136100629675979,0.062827141087989,0.0353371854140209,0.1259467569742722,0.1105352174150253,Médio,6,3,0,0,0.0032048660451346,-0.011185621744525451,-0.006679819492218049,0.5200000000000031,-0.7757634565394511,1.0
2025-06-20,-0.0130856106109857,32.16384202078314,40.67,-8.506157979216859,-0.0114037068872299,0.0391352242187867,0.1230615426302099,0.0372563880478216,0.1352120210664311,0.0926925102802096,Médio,6,4,0,0,-0.0021779540173212,-0.007197997234739452,0.00645225464800715,0.46000000000000085,-1.3831006899719185,1.0
2025-06-21,-0.0114692277493546,31.75969017757248,41.01,-9.250309822427518,-0.0113213854953597,0.04726840508535,0.150877873983757,0.0348720099028585,0.1494354534434534,0.1189897063268992,Médio,6,5,0,0,-0.0130856106109857,-0.021983728131830752,-0.01244800150778965,0.3399999999999963,-0.7441518432106591,1.0
2025-06-22,-0.0113859602263607,28.80874552547674,41.75,-12.94125447452326,0.0432834042514416,0.0602564065739557,0.1629902855348155,0.078104474402576,0.1880925325069256,0.1142599823085228,Médio,6,6,0,0,-0.0114692277493546,-0.044758017688693454,-0.03391613245318655,0.740000000000002,-3.6909446520957427,1.0
2025-06-23,0.0423728593887924,32.346886250450865,39.86,-7.5131137495491345,0.0071113837677945,0.0186346412784561,0.1305629629503049,0.0403559422875421,0.1274238984532336,0.1101455153149608,Médio,6,0,0,0,-0.0113859602263607,-0.03491388655888755,-0.04733574883687895,-1.8900000000000006,5.428140724974126,1.0
2025-06-24,0.0070862171209309,32.193882023368126,39.05,-6.856117976631872,0.0118546798261738,0.0214353855000328,0.1296925991911992,0.017922192999821,0.1155509365308296,0.0881861372698735,Médio,6,1,0,0,0.0423728593887924,0.004254106784770249,-0.0004077626445119567,-0.8100000000000023,0.6569957729172629,1.0
2025-06-25,0.0117849635445264,32.4261103602562,38.4,-5.973889639743803,-0.0036660878858676,-0.0018080766845121,0.0970509941347437,0.0079889637264862,0.0957115193526996,0.057322309978202,Médio,6,2,0,0,0.0070862171209309,0.013518277923022348,0.013152679602784845,-0.6499999999999986,0.882228336888069,1.0
2025-06-26,-0.0036728244556723,32.41260355554786,38.25,-5.837396444452139,0.0009399977895605,-0.011836884529598,0.1092444242974046,0.0211018423507856,0.1026015114393983,0.0295933333744751,Médio,6,3,0,0,0.0117849635445264,0.03838885207853445,0.05586245805834775,-0.14999999999999858,0.13649319529166348,1.0
2025-06-27,0.0009395562683027,32.19981153283266,38.1,-5.90018846716734,0.0023279365747514,0.0168337278774797,0.1133138074383552,0.0113533616216863,0.1155370242338011,0.0440517156901898,Médio,6,4,0,0,-0.0036728244556723,0.046185255372216745,0.02517342393764615,-0.14999999999999858,-0.06279202271520123,1.0
2025-06-28,0.0023252311283283,31.40253037946466,37.71,-6.30746962053534,0.0098804446992308,0.0213239370907554,0.0990528234814853,0.0151559986090916,0.1003341292875585,0.0369556256063206,Médio,6,5,0,0,0.0009395562683027,0.05851077186688015,0.014068358357803347,-0.39000000000000057,-0.4072811533679994,1.0
2025-06-29,0.0098319522617791,31.13457569235293,39.34,-8.205424307647071,-0.0111707668351253,-0.0034394662159585,0.0875169682271361,0.026551693555733,0.0885391455811825,0.0388527988011473,Médio,6,6,0,0,0.0023252311283283,0.018463143606416047,0.014672226823191848,1.6300000000000026,-1.8979546871117314,1.0
2025-06-30,-0.0112336284308603,31.31456360822666,37.74,-6.425436391773342,-0.0136762283415696,0.0098147862972659,0.0944372424670894,0.0827231874116281,0.0998054066161751,0.0114880094076801,Médio,6,0,0,1,0.0098319522617791,0.021208878747264247,-0.017437917264440654,-1.6000000000000014,1.779987915873729,1.0
2025-07-01,-0.0137706094588064,31.488243960390825,37.61,-6.121756039609174,0.0299813192779714,0.0333332891753439,0.1107030071780073,0.1120968225740184,0.095409076775667,0.0296665043545139,Médio,7,1,1,0,-0.0112336284308603,-0.0018097132281224542,-0.028774657453166153,-0.13000000000000256,0.303680352164168,1.0
2025-07-02,0.0295406654537451,33.123690192106054,39.6,-6.476309807893948,0.0067540900471843,-0.0053896385471329,0.1020198512442855,0.078736164395643,0.040866755596713,-0.005542050682777,Médio,7,2,0,0,-0.0137706094588064,-0.011907498231256555,-0.027660343391243354,1.990000000000002,-0.3545537682847737,1.0
2025-07-03,0.0067313833656431,33.16876950080031,39.08,-5.911230499199689,-0.0146054953981747,-0.0060391598176315,0.0836905453476295,0.0867078439177411,0.0270253770642237,-0.0031697832490972,Médio,7,3,0,0,0.0295406654537451,0.016693610954185846,0.029629710849780947,-0.5200000000000031,0.5650793086942585,1.0
2025-07-04,-0.0147132057075679,33.48739685305492,39.21,-5.722603146945083,0.0019806593999271,0.030094669370271,0.0959098290639448,0.1098025045136215,0.0576432264560087,0.030150418246218,Médio,7,4,0,0,0.0067313833656431,0.021099763191500646,0.032631391838161244,0.13000000000000256,0.18862735225460625,1.0
2025-07-05,0.0019787004803064,31.710044084720344,38.54,-6.829955915279655,0.0092951707478836,0.0721997757447172,0.0870272977016606,0.0883561562807191,0.0633736519636385,0.0324182157693684,Médio,7,5,0,0,-0.0147132057075679,-0.0034453947778463542,0.024083764657700544,-0.6700000000000017,-1.1073527683345716,1.0
2025-07-06,0.0092522364973247,30.448982005073937,38.98,-8.53101799492606,-0.0086159973861724,0.0762227775140509,0.07981541674725,0.0863210487836325,0.0451074797369763,0.0139832994883697,Médio,7,6,0,0,0.0019787004803064,0.009766934133320346,0.024362344851901346,0.4399999999999977,-1.7010620796464053,1.0
2025-07-07,-0.0086533296829764,30.308420959204945,38.71,-8.401579040795056,0.006096638424931,0.0845816675586308,0.1030141062121534,0.1008158470479372,0.0621572811527195,0.0221410022672579,Médio,7,0,0,0,0.0092522364973247,0.032789780089451444,0.022309519541717945,-0.269999999999996,0.12943895413100392,1.0
2025-07-08,0.0060781291164992,30.376548240553536,37.77,-7.393451759446467,0.0212169185969757,0.0933105208836555,0.0839064447190116,0.0826442684546455,0.078486927184695,0.0116136190912148,Médio,7,1,0,0,-0.0086533296829764,-0.005404215047270055,0.034886281214908145,-0.9399999999999977,1.0081272813485889,1.0
2025-07-09,0.0209949736167124,27.610421377569672,38.77,-11.159578622430333,0.0429366059780826,0.0773791356401041,0.0603841505640496,0.0593884117615486,0.0489126570034932,-0.0008688890868699,Médio,7,2,0,0,0.0060781291164992,-0.006057469296413954,0.03775954428627275,1.0,-3.7661268629838656,1.0
2025-07-10,0.042040393709379,31.26287090639997,38.62,-7.357129093600026,0.0130821480906819,0.0150684423756572,0.0157770881820533,0.0108190673217825,0.0038983708301008,-0.0340037065770192,Médio,7,3,0,0,0.0209949736167124,0.029650710027866345,0.06093247192030634,-0.15000000000000568,3.802449528830307,1.0
2025-07-11,0.0129973158489833,31.160290306027267,37.94,-6.77970969397273,-0.0009160396795103,0.0093830677816608,-0.0150056590933572,-0.0012533219839483,0.0150292280132182,-0.0508924452337432,Médio,7,4,0,0,0.042040393709379,0.06971240325693895,0.11605847624067106,-0.6799999999999997,0.5774193996272956,1.0
2025-07-12,-0.0009164595002588,29.620585227443453,38.2,-8.57941477255655,0.0141938340998126,0.0149681485266564,-0.0351053483222619,0.0215842275591893,0.0107818088911599,-0.0294668710611479,Médio,7,5,0,0,0.0129973158489833,0.07345748260859755,0.14052501983900895,0.2600000000000051,-1.7997050785838198,1.0
2025-07-13,0.0140940447900117,29.997578654959728,39.24,-9.242421345040274,0.0063360591918621,-0.0097559222428309,-0.0549204343996941,-0.0027765499135754,0.0087956130091504,-0.0302632604295494,Médio,7,6,0,0,-0.0009164595002588,0.08119435279131515,0.15099452056511084,1.0399999999999991,-0.6630065724837237,1.0
2025-07-14,0.0063160707563308,30.00138768056477,39.64,-9.638612319435229,-0.0173820885274994,-0.0166986005978913,-0.0469987027831334,-0.0125181511063224,0.0289153528027676,-0.0318067629173878,Médio,7,0,0,0,0.0140940447900117,0.08921026846482764,0.12271570596633014,0.3999999999999986,-0.39619097439495476,1.0
2025-07-15,-0.0175349307627005,30.612757279983395,39.93,-9.317242720016605,0.007407898684498,-0.0041862941221277,-0.0229543464911837,-0.001220977683996,0.0045601962463894,-0.0156235550355818,Médio,7,1,0,0,0.0063160707563308,0.07453136560444604,0.12194555960173004,0.28999999999999915,0.32136959941862386,1.0
2025-07-16,0.0073805949622627,30.466685751687866,39.07,-8.603314248312138,0.0046120544281935,-0.0105375155430187,-0.0379386637981502,-0.0059886826676762,-0.0108604512349823,-0.0283436551650364,Médio,7,2,0,0,-0.0175349307627005,0.014956041132366548,0.09262566529450314,-0.8599999999999994,0.7139284717044667,1.0
2025-07-17,0.0046014514935447,29.59658467137065,39.47,-9.873415328629353,-0.0105113747923686,0.0065185090213291,-0.0351181044485219,0.0019969363360015,-0.0150775028453342,-0.0321188821116994,Médio,7,3,0,0,0.0073805949622627,0.00933932024564595,0.10367908471243814,0.3999999999999986,-1.2701010803172146,1.0
2025-07-18,-0.0105670095006571,29.804255924711125,38.6,-8.795744075288876,-0.0007194412983727,0.007048133370374,-0.003839988250143,0.0011658273184853,-0.0044081467483865,-0.0096322369400712,Médio,7,4,0,0,0.0046014514935447,0.014857231239449448,0.10734097993768014,-0.8699999999999974,1.0776712533404762,1.0
2025-07-19,-0.0007197002204572,29.79562999610646,38.85,-9.054370003893542,-0.0048784792939579,0.00425144263408,-0.0098884928716903,0.0009399185336047,-0.0136876272912422,-0.0118161065852002,Médio,7,5,0,0,-0.0105670095006571,-0.009803823051219351,0.09444873930869475,0.25,-0.2586259286046655,1.0
2025-07-20,-0.0048904179181156,29.49332121657901,39.23,-9.736678783420988,0.0009827304146365,0.0029777823107162,-0.006846622422763,0.0049049538345247,-0.0374551273217474,-0.0016338191612305,Médio,7,6,0,0,-0.0007197002204572,-0.016839594028007353,0.08389708682645845,0.37999999999999545,-0.6823087795274461,1.0
2025-07-21,0.0009822478512299,29.222747318508496,39.28,-10.057252681491503,0.0219292222310443,0.0045972767505568,0.0163029828840191,-0.0137695948453386,-0.0264875657222383,-0.0148915883372652,Médio,7,0,0,0,-0.0048904179181156,-0.004195081183422451,0.09024029733920315,0.05000000000000426,-0.3205738980705153,1.0
2025-07-22,0.021692235206271,29.924015547619256,39.88,-9.955984452380749,-0.0099907114719073,-0.0044922896546871,-0.0105741830938784,-0.0554918276458675,-0.0621437709423295,-0.0355867670403474,Médio,7,1,0,0,0.0009822478512299,-0.010593428294455252,0.10499315464923945,0.6000000000000014,0.1012682291107545,1.0
2025-07-23,-0.0100409535459066,26.253870063144635,39.58,-13.326129936855365,-0.0034945605691132,-0.005841136939703,0.0116043830715402,-0.0522890676925011,-0.0153255427368337,-0.0296717664515281,Médio,7,2,0,0,0.021692235206271,0.0064973554182710495,0.09714472440176534,-0.30000000000000426,-3.370145484474616,1.0
2025-07-24,-0.0035006808084234,26.16576508108849,40.22,-14.054234918911504,-0.0061405604262733,-0.003297504947356,0.0419587498803244,-0.0349176561730639,-0.0245303001098774,-0.0480813959727732,Médio,7,3,0,0,-0.0100409535459066,0.007023411373021548,0.08037238749021565,0.6400000000000006,-0.7281049820561396,1.0
2025-07-25,-0.0061594912042918,25.9300114698577,40.06,-14.129988530142302,0.0025990034716014,0.0019214498643915,0.0057882412437737,-0.02175993720492,-0.035035872760721,-0.0477451255718798,Médio,7,4,0,0,-0.0035006808084234,0.004242430785055349,0.09158491238936015,-0.1599999999999966,-0.07575361123079816,1.0
2025-07-26,0.0025956319026282,25.91416525368154,38.95,-13.035834746318464,0.0126828368964413,-0.0182828204106869,-0.0049011198186159,-0.032142472196614,-0.0662144730507525,-0.0391196607123186,Médio,7,5,0,0,-0.0061594912042918,0.002973357498879149,0.08344672070476195,-1.1099999999999994,1.0941537838238382,1.0
2025-07-27,0.0126030833468208,26.282347922108563,39.37,-13.087652077891434,-0.0113321087580302,-0.0512296765371009,-0.0170404105662955,-0.0370410721216792,-0.0640815203715093,-0.0872671942640636,Médio,7,6,0,0,0.0025956319026282,0.004586741550277449,0.07679011611006543,0.4199999999999946,-0.05181733157296975,1.0
2025-07-28,-0.0113968063402202,26.568909258475752,38.27,-11.70109074152425,-0.000944924680457,-0.0467208335394392,-0.0055674833426957,-0.0049999864478355,-0.0575993255087653,-0.0713086105710949,Médio,7,0,0,0,0.0126030833468208,-0.00450241030917275,0.09804652913986264,-1.0999999999999943,1.3865613363671834,1.0
2025-07-29,-0.0009453714032179,26.348709448578184,35.18,-8.831290551421816,-0.000936492482117,-0.0317247637912633,-0.0146138100339496,-0.0108182431380686,-0.0456449793117059,-0.0704947556081876,Médio,7,1,0,0,-0.0113968063402202,-0.005858263103486354,0.08057159368314326,-3.0900000000000034,2.869800190102435,1.0
2025-07-30,-0.0009369312651676,26.057775050001418,36.13,-10.072224949998583,-0.0176189300264849,-0.0236359717346272,-0.0421533210624888,-0.0116942166644178,-0.0803027487200899,-0.0481698536069579,Médio,7,2,0,0,-0.0009453714032179,-0.0033029536982808537,0.058631248663212954,0.9500000000000028,-1.2409343985767674,1.0
2025-07-31,-0.017775990938679,26.351109548739217,36.73,-10.37889045126078,-0.0213032401760546,-0.0141177643358804,-0.012895537199449,0.0304924463616,-0.0600164576093033,-0.0125437873302323,Médio,7,3,0,1,-0.0009369312651676,0.0019196062408433465,0.015653923688666343,0.5999999999999943,-0.3066655012621968,1.0
2025-08-01,-0.0215334292496769,25.38944445484013,38.42,-13.030555545159864,-0.0066336604737614,0.0149547304174049,-0.0070427588571123,0.0475566499758646,-0.0445866928018895,0.0066285412275404,Médio,8,4,1,0,-0.017775990938679,-0.018452016600463854,-0.015119383098995957,1.6900000000000048,-2.6516650938990836,1.0
2025-08-02,-0.0066557609918463,25.387018697158208,37.67,-12.282981302841794,0.0147712475793306,0.0437656130118835,0.0390029530055839,0.0674187123793885,-0.0294005980647085,0.0537435465477111,Médio,8,5,0,0,-0.0215334292496769,-0.05258852919696155,-0.03573635284841406,-0.75,0.7475742423180698,1.0
2025-08-03,0.0146632152506765,25.383499480515955,38.03,-12.646500519484048,0.0074094990928894,0.0215915060835942,0.0107631811208943,0.0796578722480227,-0.0259944067357331,0.0553420577048353,Médio,8,6,0,0,-0.0066557609918463,-0.047847483848587655,-0.05648615863027206,0.35999999999999943,-0.3635192166422545,1.0
2025-08-04,0.0073821836009087,25.50443321603344,36.89,-11.38556678396656,-0.0080420647406723,0.0122308429279449,-0.0135712449946777,0.0281609591514599,-0.0291105916881686,0.062378585273499,Médio,8,0,0,0,0.0146632152506765,-0.03223889719469326,-0.04813901413592636,-1.1400000000000006,1.2609337355174883,1.0
2025-08-05,-0.0080745765687901,25.45571633188873,36.01,-10.554283668111264,0.0075573634394188,0.045249025779869,-0.035203529316414,0.0281460355428799,-0.0297808415421921,0.0723847200226057,Médio,8,1,0,0,0.0073821836009087,-0.023919782328616954,-0.02322189977231716,-0.8800000000000026,0.831283115855296,1.0
2025-08-06,0.0075289496341813,25.41219717134374,34.88,-9.467802828656264,0.0215644060248569,0.0321215504311724,-0.0280805831557199,0.0207700048011922,-0.0376745323837854,0.0738313975365474,Médio,8,2,0,0,-0.0080745765687901,-0.014218367958728054,-0.03867707130336996,-1.1299999999999955,1.0864808394549996,1.0
2025-08-07,0.0213351837283328,26.394439031109908,35.66,-9.265560968890089,-0.0067868933203747,0.0226613131076927,-0.0528636566276511,-0.0005703486302822,-0.0620066005510588,0.0611765304773452,Médio,8,3,0,0,0.0075289496341813,0.014844010925130147,-0.035749573162733354,0.779999999999994,0.20224185976617548,1.0
2025-08-08,-0.0068100290199484,25.469188583478385,34.4,-8.930811416521614,-0.0018212168289383,0.0568391238754848,-0.0352076207754995,-0.0038370773313914,-0.047460144329441,0.0399247514929108,Médio,8,4,0,0,0.0213351837283328,0.042834955645309244,-0.0038473799337434555,-1.259999999999998,0.3347495523684749,1.0
2025-08-09,-0.0018228772606176,20.833886550281967,35.07,-14.236113449718031,0.0243148316299917,0.0157376317218669,-0.0694203486537483,-0.0308195144778672,-0.0377548948264352,0.0587636766420021,Médio,8,5,0,0,-0.0068100290199484,0.021361711374684348,-0.009937708733234655,0.6700000000000017,-5.305302033196417,1.0
2025-08-10,0.0240239321270641,21.993578276792647,35.43,-13.436421723207353,-0.0050967353683558,-0.0163625985914966,-0.0878307301431143,-0.042104125764571,-0.0649455911491281,0.0198533857651359,Médio,8,6,0,0,-0.0018228772606176,0.012156650513158047,-0.006870168075736656,0.35999999999999943,0.7996917265106784,1.0
2025-08-11,-0.0051097680255928,22.063362879534232,36.56,-14.49663712046577,0.0122009335557691,-0.0109982643277218,-0.087960248049475,-0.0521207219048581,-0.039819355273579,-0.049807896466306,Médio,8,0,0,0,0.0240239321270641,0.04425515920901225,0.016171516200097547,1.1300000000000026,-1.0602153972584176,1.0
2025-08-12,0.0121271021010796,21.92069714260884,36.94,-15.019302857391155,0.0264067448637388,-0.022716867686505,-0.0907041532261286,-0.026621005463229,-0.0387183220614832,-0.0789924058185654,Baixo,8,1,0,0,-0.0051097680255928,0.03161644154923815,-0.010630487031766254,0.37999999999999545,-0.5226657369253846,0.0
2025-08-13,0.0260641056770228,23.6287131946742,39.0,-15.371286805325798,-0.0406413517932519,-0.0574129021495471,-0.0978571839278779,-0.0638115952266235,-0.059015657172136,-0.0676982538542393,Baixo,8,2,0,0,0.0121271021010796,0.022408359921984946,0.011537568615219946,2.0600000000000023,-0.3519839479346434,0.0
2025-08-14,-0.0414902925662938,27.02497316402403,36.95,-9.925026835975974,-0.0080564628675627,-0.0458357992711278,-0.0557029036454512,-0.0405891740730743,-0.0200921272387551,-0.0264515627825296,Médio,8,3,0,0,0.0260641056770228,0.055282494618956145,0.04110235510066615,-2.049999999999997,5.446259969349825,1.0
2025-08-15,-0.0080890915304361,27.04963341570637,35.37,-8.320366584293623,0.0003290380558376,-0.0261697319929214,-0.0563410985235046,-0.0616153373833165,-0.0176751641887968,-0.0367635472535208,Médio,8,4,0,0,-0.0414902925662938,0.015615079313279948,0.005771553738664149,-1.5800000000000054,1.6046602516823505,1.0
2025-08-16,0.0003289839346881,27.002217396568675,35.38,-8.377782603431328,0.0002074447357851,-0.0415797627990845,-0.0572553434271029,-0.0478566060201058,-0.0173022540510506,-0.0563753858599875,Médio,8,5,0,0,-0.0080890915304361,-0.016497944344220257,-0.004913169694400152,0.010000000000005116,-0.057416019137704666,1.0
2025-08-17,0.0002074232221011,26.74956959233731,35.83,-9.08043040766269,-0.0100333026674074,-0.0039948891448499,-0.0614713119993771,-0.0523231504345512,-0.0052472207105982,-0.0784526145860384,Médio,8,6,0,0,0.0003289839346881,-0.011059192383939357,-0.017187269106532854,0.44999999999999574,-0.7026478042313613,1.0
2025-08-18,-0.0100839754772945,26.97866414148999,35.99,-9.011335858510012,-0.0288582563181289,-0.0067884369430352,-0.0437910968229857,-0.0314913782979091,0.0018974928813901,-0.0842778853975904,Médio,8,0,0,0,0.0002074232221011,-0.02297887126291786,-0.005583039544211553,0.1600000000000037,0.06909454915267688,1.0
2025-08-19,-0.0292828443291047,28.796976478748874,37.87,-9.073023521251123,0.0123882659563931,0.0054986607064544,-0.0071559224026591,-0.0398283237771605,0.0372152085344812,-0.050392326096937,Médio,8,1,0,0,-0.0100839754772945,-0.05912695241723515,-0.014721643618288153,1.8799999999999955,-0.06168766274111093,1.0
2025-08-20,0.0123121592980693,29.11343040189454,36.02,-6.906569598105463,-0.015500313114656,-0.0363981348237755,-0.0238454575271959,-0.0477365083287798,0.0119114835893965,-0.0492552631790816,Médio,8,2,0,0,-0.0292828443291047,-0.04691950418004605,-0.043067556682225255,-1.8499999999999943,2.16645392314566,1.0
2025-08-21,-0.0156216989473507,28.6362084248791,37.25,-8.6137915751209,0.0394310222222222,-0.0065491555555555,0.0129777777777777,-0.0378102222222221,0.0283167111111111,-0.0174925333333333,Médio,8,3,0,0,0.0123121592980693,-0.026518253351540656,-0.012979406445476951,1.2299999999999969,-1.7072219770154362,1.0
2025-08-22,0.0386734694256492,31.460055718619245,34.53,-3.0699442813807565,-0.0128099142103299,-0.0485221017070964,-0.0124281668971204,-0.0658357619412125,-0.0145695093529375,-0.0738722099158694,Alto,8,4,0,0,-0.0156216989473507,-0.04246893623357945,-0.00706767614315075,-2.719999999999999,5.543847293740143,2.0
2025-08-23,-0.01289266863907,31.75637971606985,34.97,-3.213620283930144,-0.0168441861240726,-0.0248717818778124,0.0051228342821105,-0.0363661721590066,-0.0241433392196074,-0.0681803789998185,Alto,8,5,0,0,0.0386734694256492,-0.004002890030031354,0.038261554274344745,0.4399999999999977,-0.1436760025493875,2.0
2025-08-24,-0.0169876628753381,32.232938917145674,35.07,-2.8370610828543263,-0.0297956034345199,-0.0450791097541279,0.0213642021545004,-0.0157531363665559,-0.0131706997725598,-0.0300934176106333,Alto,8,6,0,0,-0.01289266863907,-0.006811583191806855,0.010705670384598244,0.10000000000000142,0.37655920107581764,2.0
2025-08-25,-0.0302485115739085,33.90375044412887,37.93,-4.026249555871132,0.0149960067923582,-0.0117666579058881,0.0468253318122151,0.0056205510063482,0.0290160979758968,0.0081091085638456,Alto,8,0,0,0,-0.0169876628753381,0.005483598261959745,-0.013664176091648557,2.8599999999999994,-1.1891884730168059,2.0
2025-08-26,0.0148846782912907,34.016095209469285,36.92,-2.903904790530717,-0.0044845701474958,-0.0314671499264247,0.03209007399751,-0.0098711364973199,-0.0247731767212863,-0.0010464086485696,Alto,8,1,0,0,-0.0302485115739085,-0.03707707261001805,-0.035838111096766954,-1.009999999999998,1.122344765340415,2.0
2025-08-27,-0.0044946559972962,33.81936860827851,37.91,-4.090631391721487,0.011728082208833,-0.01819659738306,0.0496750867614201,-0.0096532500176834,-0.0145471936018412,0.0296362612899048,Alto,8,2,0,0,0.0148846782912907,-0.006570695371376655,-0.028482382439657554,0.9899999999999949,-1.1867266011907702,2.0
2025-08-28,0.0116598412911834,34.06144111216021,36.95,-2.8885588878397925,-0.0372178677746299,-0.0117875681039453,0.034474521373512,-0.01269964794269,-0.0260382936724737,0.0136874161054447,Alto,8,3,0,0,-0.0044946559972962,-0.04973882079432205,-0.05431222216528656,-0.9599999999999937,1.2020725038816948,2.0
2025-08-29,-0.0379281313827635,36.53898899376182,38.98,-2.4410110062381776,0.0040500141173345,0.0307103695050814,0.0802393303400894,0.0340276662846681,0.0349385573006919,0.041715800526678,Alto,8,4,0,0,0.0116598412911834,-0.02518631086406865,-0.03584235185415476,2.029999999999994,0.44754788160161496,2.0
2025-08-30,0.0040418348867215,36.03665314685207,38.85,-2.8133468531479338,-0.0052380005831844,0.0175942342477457,0.0626381169076368,0.025088697624704,0.0505037249464304,0.0110733379815326,Alto,8,5,0,0,-0.0379281313827635,-0.04612677937149405,-0.07194760597630065,-0.12999999999999545,-0.3723358469097562,2.0
2025-08-31,-0.0052517670016201,35.29278427566725,39.62,-4.327215724332746,0.0091556897761448,0.0222976571496407,0.0687254581794212,0.0527837659191279,0.0536053178698403,0.0007069984345893,Alto,8,6,0,1,0.0040418348867215,-0.011836432910864045,-0.09192970321664326,0.769999999999996,-1.5138688711848118,2.0
2025-09-01,0.0091140305348327,35.35954185757476,39.5,-4.140458142425239,0.018332454208457,0.0087016884873334,0.0548792712240915,0.0571715260210283,0.0856626785949357,0.0033925187907219,Alto,9,0,1,0,-0.0052517670016201,-0.03197287820377484,-0.09207170219267055,-0.11999999999999744,0.18675758190750624,2.0
2025-09-02,0.0181664406573254,35.55685651664918,38.8,-3.2431434833508206,0.0041864433489353,-0.0009229592841639,0.0126841052962869,0.0430547426236298,0.0835071841507386,-0.0102652813497589,Alto,9,1,0,0,0.0091140305348327,-0.018364191671645946,-0.09508477375891747,-0.7000000000000028,0.8973146590744188,2.0
2025-09-03,0.0041777045760736,35.49342327827058,38.85,-3.356576721729418,-0.0087268591730897,0.0032184567825583,0.0026237691878059,0.0377114115294552,0.0942323360193493,-0.0104294579032711,Alto,9,2,0,0,0.0181664406573254,-0.011857592305503942,-0.10298243877861486,0.05000000000000426,-0.11343323837859742,2.0
2025-09-04,-0.0087651612090672,35.51334945943926,38.48,-2.966650540560736,-0.0006401105671796,0.0073648838846835,0.0232647860528867,0.0409744816418402,0.1053015297360167,-0.0374586599021573,Alto,9,3,0,0,0.0041777045760736,0.030248243653333156,-0.05731444163624746,-0.37000000000000455,0.38992618116868183,2.0
2025-09-05,-0.0006403155254173,35.416820701411325,37.49,-2.073179298588677,-0.0042654983070213,0.0298211666203838,-0.0150506068182366,0.0423795447659085,0.1158713280201813,-0.0828011099585315,Alto,9,4,0,0,-0.0087651612090672,0.01744124755754446,-0.05799051131487856,-0.9899999999999949,0.8934712419720592,2.0
2025-09-06,-0.00427462149747,34.65822948992945,37.76,-3.101770510070552,0.0086159133342778,0.0480517065519947,-0.004941646533646,0.0599066304606574,0.1313262237247858,-0.0572005274259975,Alto,9,5,0,0,-0.0006403155254173,0.02205269903374726,-0.05895981077498396,0.269999999999996,-1.0285912114818752,2.0
2025-09-07,0.0085790081825398,34.70597915620227,37.9,-3.1940208437977304,0.0083490391258238,0.0440183290332485,-0.0135102207772832,0.0477809708240273,0.0917388341308151,-0.0881009029008612,Alto,9,6,0,0,-0.00427462149747,0.008664047001444557,-0.06344185549455506,0.14000000000000057,-0.09225033372717828,2.0
2025-09-08,0.0083143786859431,34.82113420392241,37.08,-2.258865796077586,-0.0046298035528057,0.0343822968105271,0.0008809155167932,0.0446909358058695,0.1003055988016978,-0.0778667031692166,Alto,9,0,0,0,0.0085790081825398,-0.0009233854733410422,-0.04477887183472076,-0.8200000000000003,0.9351550477201442,2.0
2025-09-09,-0.0046405542886385,33.83654259043336,37.36,-3.523457409566639,0.0216377239998533,0.0333638766794692,0.0247930031621821,0.0366304100025112,0.0906888156577725,-0.0827767711711692,Alto,9,1,0,0,0.0083143786859431,0.0032132886365284575,-0.007181648819672962,0.28000000000000114,-1.2645916134890527,2.0
2025-09-10,0.021406951444263,34.60476270369509,36.95,-2.345237296304916,0.013361618111618,0.0121947174447174,0.0007803615303614,0.0151424183924184,-0.0104027729027729,-0.0810551070551069,Alto,9,2,0,0,-0.0046405542886385,0.007337895556957158,-0.024134362406380762,-0.4099999999999966,1.1782201132617227,2.0
2025-09-11,0.0132731389706203,34.65589807423732,35.26,-0.6041019257626772,0.004734302604139,0.0113113922095164,0.0269503594001836,-0.0021682903299188,-0.0418962357042428,-0.0820171404043323,Alto,9,3,0,0,0.021406951444263,0.029385162526637455,0.012894287985232936,-1.6900000000000048,1.741135370542239,2.0
2025-09-12,0.0047231310394015,33.482721893299846,34.66,-1.1772781067001503,-0.0009577743299932,0.0036039997442027,0.0387826639140316,-0.0291170118750916,-0.0092271425643599,-0.1117857005576689,Alto,9,4,0,0,0.0132731389706203,0.04693292299472776,-0.012506042469795964,-0.6000000000000014,-0.5731761809374731,2.0
2025-09-13,-0.0009582332889029,30.195396699325585,34.28,-4.0846033006744165,-0.0056098136023228,0.0099659855230784,0.054466900779851,-0.0338125243220892,-0.0064898300345872,-0.123051504641761,Alto,9,5,0,0,0.0047231310394015,0.04307704585158945,0.005109757208675535,-0.37999999999999545,-2.907325193974266,2.0
2025-09-14,-0.0056256077023168,30.127252764862927,34.41,-4.2827472351370695,0.0007087829485388,0.0031610678452764,0.0617950288202251,-0.0170126126060473,-0.0194318440996769,-0.1351284714640254,Alto,9,6,0,0,-0.0009582332889029,0.03380443387674346,0.021139186795110735,0.12999999999999545,-0.198143934462653,2.0
2025-09-15,0.0007085318805328,30.12804789409987,35.56,-5.431952105900134,0.0124772745419126,0.0029121876422575,0.0705038616915465,-0.0550952403781509,-0.0397610882593463,-0.1799372534183224,Médio,9,0,0,0,-0.0056256077023168,0.03281938046306516,0.045762090666702435,1.1500000000000057,-1.1492048707630644,1.0
2025-09-16,0.0124000748497902,30.436848190783504,36.52,-6.083151809216499,-0.0029229646363835,-0.0133289139658406,0.0673829101654812,-0.0611830090789403,-0.0735915449542491,-0.1814616724046519,Médio,9,1,0,0,0.0007085318805328,0.012120960899334956,0.031585944255944534,0.9600000000000009,-0.6511997033163652,1.0
2025-09-17,-0.0029272448401405,30.25016356267033,35.55,-5.299836437329667,0.0053752937265596,-0.0326035085827022,0.0419532941815283,-0.0584961869970859,-0.0860121707971801,-0.1905247674082391,Médio,9,2,0,0,0.0124000748497902,0.011247896778504856,0.04848067510303093,-0.970000000000006,0.7833153718868324,1.0
2025-09-18,0.0053608983982732,28.53492007740308,33.81,-5.275079922596923,-0.0123097851410134,-0.0433465190637029,0.0532355178835044,-0.041935867142641,-0.0844641824672067,-0.2123314296579252,Médio,9,3,0,0,-0.0029272448401405,0.0035975208989628567,0.03389358897170704,-1.7399999999999949,0.02475651473274354,1.0
2025-09-19,-0.0123861781142075,28.538817209725213,34.78,-6.241182790274788,0.0004605111474831,-0.0201101110259946,0.0521481958600176,-0.0114191198001805,-0.060446736459113,-0.1960657559759645,Médio,9,4,0,0,0.0053608983982732,0.009916652586138957,0.07718261875274374,0.9699999999999989,-0.9661028676778649,1.0
2025-09-20,0.000460405144767,28.01425799973557,34.48,-6.465742000264431,-0.0039187235268547,-0.0578389900284072,-0.0251641452788907,-0.0141478245828804,-0.0445477973366269,-0.2085883095419889,Médio,9,5,0,0,-0.0123861781142075,0.0031560821742482557,0.060754605751814746,-0.30000000000000426,-0.22455920998964274,1.0
2025-09-21,-0.003926421842189,24.5907536143595,34.51,-9.919246385640498,-0.022400839209218,-0.0485005548358015,-0.0398142742802386,0.0291819246150537,-0.0601794861492381,-0.2481514512989371,Médio,9,6,0,0,0.000460405144767,0.002907955438482456,0.06646677789820184,0.030000000000001137,-3.4535043853760676,1.0
2025-09-22,-0.0226555490034091,25.43481756378904,35.17,-9.735182436210966,-0.0057894741981406,-0.0267653218138607,0.0204863712249665,0.0699360032255376,-0.0451265452704854,-0.2443081947171526,Médio,9,0,0,0,-0.003926421842189,-0.013418541253496745,0.05342632552118014,0.6600000000000037,0.18406394942953241,1.0
2025-09-23,-0.0058062981699451,24.81775683257208,37.14,-12.322243167427924,0.0116804822908815,0.0014745693703861,0.0282788744165116,0.0913688360946725,-0.0171485765918921,-0.2433870720043428,Médio,9,1,0,0,-0.0226555490034091,-0.033146845416765346,0.01260433586044564,1.9699999999999989,-2.5870607312169582,1.0
2025-09-24,0.0116127920508121,22.82557776031234,36.17,-13.344422239687663,-0.0380604022699391,0.0088693549383533,-0.00246110125588,0.0801715692763906,-0.0203174561148031,-0.2336748832817037,Médio,9,2,0,0,-0.0058062981699451,-0.04431404198498365,0.00262033311442694,-0.9699999999999989,-1.022179072259739,1.0
2025-09-25,-0.0388036185100834,26.023976216014805,37.69,-11.666023783985192,0.0059541541962351,0.0463733533685968,0.0162282515382199,0.1329224991098172,0.0243294867474492,-0.1898672125535888,Médio,9,3,0,0,0.0116127920508121,-0.020315071819964045,0.02299828637430624,1.519999999999996,1.678398455702471,1.0
2025-09-26,0.0059364982695478,26.05911000764913,36.55,-10.490889992350866,-6.940678449951498e-05,0.0816421699935407,-0.0132172041998674,0.1369446020765852,0.0448356883301566,-0.2031448113731544,Médio,9,4,0,0,-0.0388036185100834,-0.05957909547481444,-0.01516501661035986,-1.1400000000000006,1.1751337916343267,1.0
2025-09-27,-6.94091932618392e-05,25.73979382524245,36.42,-10.68020617475755,0.0230590632534886,0.0993607474197537,-0.029225568096567,0.1066904666676091,0.0407877532759584,-0.1746858349709515,Médio,9,5,0,0,0.0059364982695478,-0.049716175363077646,-0.004953896843342058,-0.12999999999999545,-0.18931618240668513,1.0
2025-09-28,0.0227972206435223,23.46797855156136,35.86,-12.392021448438635,0.0191506272737365,0.0897619065662362,-0.0443898418342079,0.0993371756255017,0.0065484498361549,-0.1857102928347298,Médio,9,6,0,0,-6.94091932618392e-05,-0.027130035552930382,-0.0136023142191437,-0.5600000000000023,-1.7118152736810845,1.0
2025-09-29,0.0189695620345703,24.342133697177363,36.39,-12.047866302822635,-0.0023009840790063,0.0706753694014168,-0.0495939357526544,0.0643015831414315,-0.0375347426463513,-0.2048889722475234,Médio,9,0,0,0,0.0227972206435223,0.0014734832605370202,0.0008805277384355027,0.5300000000000011,0.3441551456159999,1.0
2025-09-30,-0.0023036354107678,24.28640423363809,36.61,-12.323595766361908,0.039860610704546,0.0827134458867786,-0.0308362384460774,-0.0111744143500512,-0.0502069594164539,-0.203829093354931,Médio,9,1,0,1,0.0189695620345703,0.00883025324429522,0.0244906440616443,0.21999999999999886,-0.27572946353927286,1.0
2025-10-01,0.0390866760019979,27.66950651907142,37.12,-9.45049348092858,0.0163106384173563,0.0511282137634987,-0.086827613881497,-0.067039847130136,-0.0757787491697584,-0.2380791127854558,Médio,10,2,1,0,-0.0023036354107678,0.045330236343610816,0.0007800572066135013,0.509999999999998,2.873102285433328,1.0
2025-10-02,0.0161790488991379,27.519027501453568,37.39,-9.870972498546433,0.0141264347646443,0.0066672557348064,-0.1075415241183994,-0.04621737361066,-0.0865453103331262,-0.2841078957117084,Médio,10,3,0,0,0.0390866760019979,0.07848041407606092,0.026593594237991104,0.2700000000000031,-0.42047901761785234,1.0
2025-10-03,0.0140275865129558,27.912616097049543,38.03,-10.117383902950458,0.0013008050265068,0.0087865698016886,-0.0994323908632764,-0.0578081026245173,-0.095648602657242,-0.253240722560377,Médio,10,4,0,0,0.0161790488991379,0.09472887216846067,0.0380495120977275,0.6400000000000006,-0.2464114044040251,1.0
2025-10-04,0.0012999597126279,27.748375239456468,38.03,-10.281624760543531,0.0089165870039462,-0.0059530521035043,-0.0930306149962006,-0.0764995792174261,-0.1291594970218399,-0.2366272846859655,Médio,10,5,0,0,0.0140275865129558,0.08595923803789415,0.05303533189958621,0.0,-0.16424085759307339,1.0
2025-10-05,0.0088770689789275,27.91970745383925,37.95,-10.030292546160748,0.0095254939756148,-0.0867153359861829,-0.0958521103144247,-0.1030028511776302,-0.1780424256721469,-0.2543218538752636,Médio,10,6,0,0,0.0012999597126279,0.06828963571595177,0.059960899314530906,-0.0799999999999983,0.2513322143827832,1.0
2025-10-06,0.0094804125139022,28.07529353827965,39.26,-11.18470646172035,-0.0266775946517583,-0.1124202160557953,-0.081014425485811,-0.1320748662706943,-0.1666422533105231,-0.2834021640234195,Médio,10,0,0,0,0.0088770689789275,0.07947034010564706,0.0681294364129256,1.3099999999999952,-1.1544139155596014,1.0
2025-10-07,-0.0270398998328903,29.46565545601173,39.28,-9.81434454398827,0.0162614524743691,-0.0525343692706721,-0.0595493639609026,-0.1228130528434362,-0.1647278006510185,-0.2645296269479973,Médio,10,1,0,0,0.0094804125139022,0.04986407661755135,0.0652097740770376,0.020000000000003126,1.3703619177320796,1.0
2025-10-08,0.0161306511638574,29.857521355489915,39.44,-9.582478644510084,-0.0133294405787228,-0.066014630269411,-0.0844042463464875,-0.1307397044750459,-0.161929833098146,-0.2669025838158727,Médio,10,2,0,0,-0.0270398998328903,0.0066451278855231485,0.04109711908428781,0.1599999999999966,0.23186589947818526,1.0
2025-10-09,-0.0134190749805211,30.17880430118949,39.73,-9.551195698810504,-0.0730537947632136,-0.0709690093241626,-0.0956837116479701,-0.1070143281737002,-0.1590422349057719,-0.2550340943463223,Médio,10,3,0,0,0.0161306511638574,0.008748192536424752,0.051866871849872,0.28999999999999915,0.03128294569958001,1.0
2025-10-10,-0.075859746128425,39.43552784492128,44.11,-4.674472155078725,-0.0188881351724016,-0.0178339961604795,-0.0394736398742623,-0.0198840163334796,-0.0713950405455133,-0.1781936519337261,Alto,10,4,0,0,-0.0134190749805211,-0.005970842156724248,0.0508339749835584,4.380000000000003,4.87672354373178,2.0
2025-10-11,-0.0190687944931956,39.72362503034205,46.15,-6.4263749696579495,0.0389933878262254,-0.0221440940526587,-0.0093668545357921,-0.0212096590518814,-0.0418753231071793,-0.1683684849843282,Médio,10,5,0,0,-0.075859746128425,-0.09070765726407674,-0.0254861762896336,2.039999999999999,-1.7519028145792248,1.0
2025-10-12,0.0382523481182313,41.87218698455991,46.24,-4.367813015440092,0.0018023848543999,-0.0741754437241865,-0.0422821045452805,-0.0642957302964192,-0.1035136936015337,-0.1952475147618103,Alto,10,6,0,0,-0.0190687944931956,-0.11925686427117455,-0.0406285489406402,0.09000000000000341,2.0585619542178577,2.0
2025-10-13,0.0018007625079209,41.87556401104485,43.38,-1.5044359889551515,-0.0185632912491533,-0.0692998801729677,-0.0401622006494972,-0.044178142854662,-0.1173230814650158,-0.2161886320615459,Alto,10,0,0,0,0.0382523481182313,-0.05396461632005295,0.0202793481810002,-2.8599999999999994,2.8633770264849403,2.0
2025-10-14,-0.0187377515517996,42.337099478338175,45.01,-2.672900521661824,-0.0200380188508808,-0.0387988336355884,-0.0570220831732699,-0.0179004095794197,-0.1179893785742205,-0.201614659853732,Alto,10,1,0,0,0.0018007625079209,-0.06829450497598945,0.027886408858866202,1.6299999999999955,-1.1684645327066723,2.0
2025-10-15,-0.0202415028158518,42.92106697021416,45.25,-2.328933029785844,-0.0231936071232271,-0.0020872440758344,-0.083656424764597,0.0079718657663443,-0.1459805090640147,-0.203958477936009,Alto,10,2,0,0,-0.0187377515517996,-0.07361318154726795,-0.002464134743745499,0.240000000000002,0.34396749187597964,2.0
2025-10-16,-0.0234668114929177,43.48000764812333,47.78,-4.299992351876668,-0.0162910645553536,0.0009555958041405,-0.0398276138073102,0.0588304668231998,-0.1164390575915842,-0.2011400232988287,Alto,10,3,0,0,-0.0202415028158518,-0.017994938234694748,0.0160979809504861,2.530000000000001,-1.9710593220908237,2.0
2025-10-17,-0.0164252229988888,43.84395891088802,50.0,-6.15604108911198,0.007078061719969,0.0106712587830992,-0.0477831412601962,0.0721211015366853,-0.1143479084422982,-0.1744617767942777,Médio,10,4,0,0,-0.0234668114929177,-0.02239295523441685,-0.013305328811979406,2.219999999999999,-1.8560487372353123,1.0
2025-10-18,0.0070531298183406,43.8730969314799,49.08,-5.2069030685200985,0.0136005025329568,0.0269923005091849,-0.0358812300339385,0.0533044686006001,-0.139663839187961,-0.195379839027864,Alto,10,5,0,0,-0.0164252229988888,-0.07707052635153694,-0.02966114261760637,-0.9200000000000017,0.9491380205918816,2.0
2025-10-19,0.0135088458148793,43.913388251277645,47.68,-3.7666117487223545,0.0173901109673371,0.0217419878246856,-0.0582628684575265,0.0126884639733997,-0.1443441524600162,-0.2128661472027869,Alto,10,6,0,0,0.0070531298183406,-0.07181815904111725,-0.045405233442788066,-1.3999999999999986,1.440291319797744,2.0
2025-10-20,0.0172406334529956,44.32295127543564,45.95,-1.6270487245643608,-0.0202151248565009,0.010080149574662,-0.052556049559906,-0.019987046295786,-0.1716888733398598,-0.2026122006740304,Alto,10,0,0,0,0.0135088458148793,-0.03957156167443836,-0.05086594966247908,-1.7299999999999969,2.1395630241579937,2.0
2025-10-21,-0.0204222465741934,44.87083231574367,49.27,-4.399167684256334,-0.0067428043465754,0.0578196188339046,-0.0211134736324428,0.012099429285967,-0.2000083658309546,-0.1840923262707314,Alto,10,1,0,0,0.0172406334529956,-0.002089425405590952,-0.03132168079871567,3.3200000000000003,-2.772118959691973,2.0
2025-10-22,-0.0067656397595052,44.232481545736405,50.7,-6.4675184542635975,0.0233410779321325,0.0608010193419124,-0.0419127758362567,0.0235262640813986,-0.2085948127054061,-0.1757834898738874,Médio,10,2,0,0,-0.0204222465741934,0.000955139513133349,-0.09083060337490698,1.4299999999999997,-2.068350770007264,1.0
2025-10-23,0.0230728409142147,44.91303420952532,45.13,-0.2169657904746813,0.0084186529973515,0.0256206089163175,-0.0765257020056109,0.0042015592917687,-0.2301858551803817,-0.1949286407169885,Alto,10,3,0,0,-0.0067656397595052,0.01061472275251695,-0.11377529203355008,-5.57,6.250552663788916,2.0
2025-10-24,0.0083834137779145,44.82548358766113,42.84,1.985483587661129,0.005777943656356,-0.0088608709039755,-0.1019132580555685,-0.0398347316050672,-0.2177822076126556,-0.211872558046767,Alto,10,4,0,0,0.0230728409142147,0.02663443384839105,-0.10473003763229116,-2.289999999999999,2.2024493781358103,2.0
2025-10-25,0.0057613153607323,42.780444117238815,42.9,-0.1195558827611833,0.0260924973131657,-0.0297671386603421,-0.1527347935582622,-0.0909036190819452,-0.2091091802708681,-0.2147570178564855,Alto,10,5,0,0,0.0083834137779145,0.021509001811426252,-0.09764658356700458,0.05999999999999517,-2.1050394704223123,2.0
2025-10-26,0.0257578960116831,43.66463909873664,43.91,-0.2453609012633535,-0.0039433691168074,-0.0432211586303699,-0.1655312440533032,-0.0931764656588634,-0.2373392318744684,-0.2386022447743265,Alto,10,6,0,0,0.0057613153607323,0.010029683719162949,-0.10076233718519977,1.009999999999998,-0.12580501850217019,2.0
2025-10-27,-0.0039511646974532,43.68637711320628,42.82,0.8663771132062763,-0.0105970108051475,-0.03513831018341,-0.1739253240251639,-0.1118383386214684,-0.2070293271310029,-0.2343233779680853,Alto,10,0,0,0,0.0257578960116831,0.05620982630503945,-0.08448485368741886,-1.0899999999999963,1.1117380144696298,2.0
2025-10-28,-0.0106535589733105,43.11701202921599,42.39,0.7270120292159916,-0.0254844951370014,-0.0208839891070249,-0.1832027809062038,-0.0846722873520406,-0.1910079367785828,-0.2216278434292056,Alto,10,1,0,0,-0.0039511646974532,0.059024301367091456,-0.061396118551981765,-0.4299999999999997,-0.1393650839902847,2.0
2025-10-29,-0.025814849578232,43.54738940833801,45.07,-1.5226105916619872,-0.0154371031279489,-0.0312507697373845,-0.1550650787679366,-0.0700623488417558,-0.1738808007068449,-0.2005846323016208,Alto,10,2,0,0,-0.0106535589733105,0.025297901479566245,-0.08818032868914966,2.6799999999999997,-2.249622620877979,2.0
2025-10-30,-0.0155574958212031,43.876840648905954,44.85,-0.973159351094047,0.0118638832350099,-0.0630121724976293,-0.1547957365978451,-0.0332332375210112,-0.1617427453922938,-0.1946564751601878,Alto,10,3,0,0,-0.025814849578232,-0.008900361876580255,-0.10057610328686056,-0.21999999999999886,0.5494512405679401,2.0
2025-10-31,0.0117940590867665,41.907308296291454,43.31,-1.4026917037085482,0.00447129730756,-0.0522119688150527,-0.2095720924045605,-0.0328158498635272,-0.1756076950945464,-0.1927096386477593,Alto,10,4,0,1,-0.0155574958212031,-0.030219173058515656,-0.04027385297963866,-1.5399999999999991,-0.4295323526145012,2.0
2025-11-01,0.0044613307556547,41.554739965273285,43.49,-1.935260034726717,0.0040198695526987,-0.0794932882583805,-0.2267856575181589,-0.0639348907928474,-0.216280662427417,-0.2039079693473366,Alto,11,5,1,0,0.0117940590867665,-0.044183009983432255,-0.009410999399676566,0.17999999999999972,-0.5325683310181688,2.0
2025-11-02,0.0040118114648444,41.2893915722108,44.12,-2.830608427789201,-0.0358025660779361,-0.0651488664625546,-0.2334067422056748,-0.0803895000464987,-0.1742598290511691,-0.1963226569621247,Alto,11,6,0,0,0.0044613307556547,-0.03577051453032436,-0.043202016762253166,0.6299999999999955,-0.8953483930624841,2.0
2025-11-03,-0.0364591983685811,43.20111671247714,45.73,-2.52888328752286,-0.0477169726065234,-0.0400635973603303,-0.1853300487582264,-0.0646540012369697,-0.1234069698143344,-0.1556336730496708,Alto,11,0,0,0,0.0040118114648444,-0.02110514409216946,-0.04099096780532966,1.6099999999999994,0.301725140266341,2.0
2025-11-04,-0.0488929906927473,46.34216241977398,47.79,-1.4478375802260215,0.023527146851904,0.0317815601254891,-0.1300253346840436,-0.068013882547719,-0.092802147684439,-0.1070887458789512,Alto,11,1,0,0,-0.0364591983685811,-0.03174949288251856,-0.058712414622111166,2.0600000000000023,1.0810457072968387,2.0
2025-11-05,0.023254649315978,46.93032684488834,46.55,0.3803268448883443,-0.024441604556416,0.0204646168904201,-0.1589755456891051,-0.0797892596016601,-0.1401077882538758,-0.118933541614606,Alto,11,2,0,0,-0.0488929906927473,-0.06508498775406275,-0.08736390249900666,-1.240000000000002,1.8281644251143658,2.0
2025-11-06,-0.0247452586464772,46.776042239661095,46.94,-0.1639577603389028,0.0196656919204738,0.0169019924212137,-0.1071775473417608,-0.0699050500641168,-0.1194841949423973,-0.0738689937959093,Alto,11,3,0,0,0.023254649315978,-0.05362439752485125,-0.04064244169011097,0.39000000000000057,-0.5442846052272471,2.0
2025-11-07,0.0194748205542768,46.93064101692119,44.61,2.320641016921193,-0.0099298348698285,-0.0163027385186708,-0.1161722167451074,-0.1076450458045494,-0.1252553245103401,-0.0928120320018331,Alto,11,4,0,0,-0.0247452586464772,-0.08283098692698315,-0.048962477337699366,-2.3299999999999983,2.484598777260096,2.0
2025-11-08,-0.0099794644960753,46.82620106754787,44.88,1.946201067547868,0.0235553782346593,-0.0256167010741749,-0.1116402284989562,-0.0914069129476682,-0.1141458744123666,-0.1070126613505584,Alto,11,5,0,0,0.0194748205542768,-0.06736797783755076,-0.03654078660176317,0.2700000000000031,-0.37443994937332503,2.0
2025-11-09,0.0232822313820756,39.47769903332745,45.11,-5.6323009666725525,0.0123007409263451,-0.0967214830444059,-0.1329271059565161,-0.1257412892072569,-0.1150097361648295,-0.1300857997138355,Médio,11,6,0,0,-0.0099794644960753,-0.040888243965044965,-0.060029096912717766,0.22999999999999687,-7.578502034220421,1.0
2025-11-10,0.0122257015459849,39.146311000845216,44.3,-5.153688999154781,-0.0278474533758861,-0.0982433636920953,-0.1476366679611849,-0.1827534523969323,-0.1320216094291232,-0.1449833616526868,Médio,11,0,0,0,0.0232822313820756,0.031286978109777944,-0.05398749898363776,-0.8100000000000023,0.4786119675177716,1.0
2025-11-11,-0.0282425458643332,38.09792962418916,46.61,-8.512070375810843,-0.0136292816376331,-0.0853642171342839,-0.1627512553732576,-0.1739737600766319,-0.102325959142429,-0.1218165440977057,Médio,11,1,0,0,0.0122257015459849,0.020258030339784842,-0.02133955086345947,2.3100000000000023,-3.3583813766560624,1.0
2025-11-12,-0.0137230129311303,38.39231832206278,46.07,-7.677681677937223,-0.0193041381300183,-0.0928561162692759,-0.1020761822634874,-0.1663935352705445,-0.1120064980974255,-0.1046754802572678,Médio,11,2,0,0,-0.0282425458643332,0.016760743121928844,-0.04281645696828747,-0.5399999999999991,0.8343886978736208,1.0
2025-11-13,-0.0194928961604392,38.43803562040689,46.52,-8.08196437959311,-0.0511376938695795,-0.0675198476267208,-0.0628141550346759,-0.1290175482450852,-0.0948121023127027,-0.0842175732821945,Médio,11,3,0,0,-0.0137230129311303,-0.016437090363478256,-0.07961231081363247,0.45000000000000284,-0.4042827016558874,1.0
2025-11-14,-0.0524915845448105,41.986542571666206,49.71,-7.723457428333795,0.0105951751696724,-0.0321271962280904,-0.0265972471826966,-0.0665368839461276,-0.06788834386959,0.0086686259170771,Médio,11,4,0,0,-0.0194928961604392,-0.025950522027842156,-0.10748862075198617,3.1899999999999977,0.3585069512593151,1.0
2025-11-15,0.0105394396407166,41.344693697277606,48.5,-7.155306302722394,-0.0139628922643819,-0.0937171796715018,-0.0655486031668192,-0.0860523384601736,-0.095863184577134,0.0141798464040008,Médio,11,5,0,0,-0.0524915845448105,-0.10172433795472827,-0.16574152065752895,-1.2100000000000009,0.5681511256114007,1.0
2025-11-16,-0.0140612904673639,41.238518598175936,49.64,-8.401481401824064,-0.0217087708399108,-0.0968795936068874,-0.0533054661588027,-0.0400738626526392,-0.0678752626736871,0.014251426670333,Médio,11,6,0,0,0.0105394396407166,-0.10341059985999657,-0.18095997702849548,1.1400000000000006,-1.24617509910167,1.0
2025-11-17,-0.0219478729477921,41.87088310572993,50.62,-8.749116894270067,0.0080864161785148,-0.0810647796012671,-0.0197346119086302,-0.0095558061290152,-0.0647607323482889,0.0361741032980051,Médio,11,0,0,0,-0.0140612904673639,-0.08922934446302727,-0.1910701027984062,0.9799999999999969,-0.34763549244600256,1.0
2025-11-18,0.0080538963103698,41.69963995369673,50.52,-8.820360046303271,-0.0151232513737237,-0.0659506805178051,-0.0250265622628369,-0.0222688416185613,-0.0800812557288913,0.0235253923614924,Médio,11,1,0,0,-0.0219478729477921,-0.09745420447968905,-0.20236441677288775,-0.09999999999999432,-0.07124315203320464,1.0
2025-11-19,-0.0152387739374434,41.60467884297889,51.04,-9.435321157021107,-0.053713419786323,-0.035551869609249,0.0122750313036017,-0.0082193253101744,-0.0373329855640809,0.023135611658833,Médio,11,2,0,0,0.0080538963103698,-0.06990741200888007,-0.16849567088428596,0.519999999999996,-0.6149611107178359,1.0
2025-11-20,-0.055209816891895,45.28864186124572,54.65,-9.361358138754277,-0.0174036035085609,0.008457449528338,0.0620765460760921,0.042969633262744,0.0198952575007302,0.0691823826777473,Médio,11,3,0,0,-0.0152387739374434,-0.03265460140151295,-0.16817694900052627,3.6099999999999994,0.07396301826683072,1.0
2025-11-21,-0.0175568265742415,45.63983700810613,57.38,-11.740162991893868,-0.0045776178696367,0.0628993991854522,0.08673792365343,0.0135861358404489,0.0414595751434023,0.0387437106063086,Médio,11,4,0,0,-0.055209816891895,-0.09840385793412455,-0.23518082497918774,2.730000000000004,-2.3788048531395916,1.0
2025-11-22,-0.0045881272465222,44.95315270203827,59.16,-14.20684729796173,0.0246668210216363,0.0778172083133603,0.0652430606938372,0.0771555352895818,0.0457996448891628,0.0556408362829528,Baixo,11,5,0,0,-0.0175568265742415,-0.10189939404100215,-0.25719898230908395,1.779999999999994,-2.4666843060678616,0.0
2025-11-23,0.0243675070874857,45.6560804328224,56.5,-10.8439195671776,0.0169297477830241,0.0467660946677415,0.039272256132673,0.0760100195784867,0.007554992514108,0.031436945756075,Médio,11,6,0,0,-0.0045881272465222,-0.08453964833973225,-0.26579892102045055,-2.6599999999999966,3.362927730784129,1.0
2025-11-24,0.016788036787637,45.9861885838438,53.31,-7.323811416156204,-0.010532841389259,0.0283400873907035,-0.0014477914555162,0.0427865183707227,-0.0071411090440419,0.0147253663957682,Médio,11,0,0,0,0.0243675070874857,-0.06822603756261636,-0.20497221556438375,-3.1899999999999977,3.5201081510213967,1.0
2025-11-25,-0.0105887043733438,45.25095358804418,52.56,-7.309046411955819,0.0356422276031715,0.0342227465824638,-0.0107345820004953,0.022434255435163,-0.0016560611908258,0.0212359030495148,Médio,11,1,0,0,0.016788036787637,-0.03619922683753596,-0.13929118808399946,-0.75,0.014765004200384624,1.0
2025-11-26,0.0350217440422705,46.85057403894141,49.92,-3.069425961058592,0.0093931503043298,-0.0463950430142251,-0.0289620200340348,-0.0137839808620352,-0.0344200003492329,-0.0421473316503843,Alto,11,2,0,0,-0.0105887043733438,0.008421885681015243,-0.17313454177332127,-2.6400000000000006,4.2396204508972275,2.0
2025-11-27,0.0093493089928668,46.81668674443223,49.31,-2.49331325556777,-0.0048530694227064,-0.0006139009645371,-0.0557375433779004,-0.0102770109033935,-0.0378494524763245,-0.032702735401239,Alto,11,3,0,0,0.0350217440422705,0.06100045629752724,-0.11336753908457356,-0.6099999999999994,0.5761127054908219,2.0
2025-11-28,-0.0048648838036232,45.97392958768637,48.7,-2.726070412313632,-0.0009710564447187,0.0279374017363711,-0.0591291518274146,-0.002820530593339,-0.0323244292320334,-0.0180513517884667,Alto,11,4,0,0,0.0093493089928668,0.07493789253691624,-0.12349305064598357,-0.6099999999999994,-0.23275715674586195,2.0
2025-11-29,-0.00097152822547,45.653799019967565,49.13,-3.476200980032438,-0.0048725562881349,0.0140483009046892,-0.0293549380391099,0.0206642024157059,-0.0392644735097427,-0.0165463615294919,Alto,11,5,0,0,-0.0048648838036232,0.04570550164580734,-0.11837846995353145,0.4299999999999997,-0.7501305677188057,2.0
2025-11-30,-0.0048844658930887,45.4999810607582,48.78,-3.280018939241806,-0.0450862107127048,-0.011398406374502,-0.0221237273129704,0.0183197211155377,-0.0207449092518813,-0.0631899070385125,Alto,11,6,0,1,-0.00097152822547,0.02794593663270034,-0.14263222956107705,-0.3500000000000014,0.19618204079063162,2.0
2025-12-01,-0.0461342155738557,48.23668588768613,53.13,-4.893314112313874,0.0578525997435739,0.0341976642563492,0.027499822972461,0.072171259280618,0.0157871478817945,-0.0234744890857739,Alto,12,0,1,0,-0.0048844658930887,0.03365017511295544,-0.15974239700015064,4.350000000000001,-1.6132951730720677,2.0
2025-12-02,0.0562410040171468,52.05437061501447,49.24,2.814370615014468,0.0235771251479546,-0.0096690457753839,-0.0291099004490464,-0.0110591963792323,-0.0267188501748727,-0.1373475150825152,Alto,12,1,0,0,-0.0461342155738557,-0.047505784503170764,-0.17763406670967313,-3.8900000000000006,7.707684727328342,2.0
2025-12-03,0.0233034776016145,51.127298015648734,47.44,3.687298015648736,-0.0144695571387976,-0.0299219896831797,-0.0636193212133796,-0.0341425848991677,-0.0367635859807267,-0.1761933940882981,Alto,12,2,0,0,0.0562410040171468,-0.0006140894788907655,-0.10767004976139605,-1.8000000000000043,0.8729274006342678,2.0
2025-12-04,-0.0145752620889966,48.46648435487062,48.03,0.4364843548706218,-0.0298444602329805,0.0065242469270097,-0.0478790495803235,-0.0424193342040438,-0.0157480511644142,-0.1448711017586599,Alto,12,3,0,0,0.0233034776016145,0.02755427192634694,-0.06487367599934235,0.5900000000000034,-3.250813660778114,2.0
2025-12-05,-0.030298870064162,48.93769489079165,48.94,-0.0023051092083505,-0.0010438817669845,0.0300607723896686,-0.0235617268278396,-0.0324410467072442,0.0246243033138684,-0.1517947378060055,Alto,12,4,0,0,-0.0145752620889966,0.013950538062820338,-0.02695735354352845,0.9099999999999966,-0.4387894640789723,2.0
2025-12-06,-0.0010444269910222,48.17188820428019,49.0,-0.8281117957198134,0.0129825378075567,0.0367179276618983,-0.0209244415896178,-0.0153901770783103,0.0518050907030611,-0.1800934345576527,Alto,12,5,0,0,-0.030298870064162,-0.011463866108252962,-0.06779566324840705,0.060000000000002274,-0.8258066865114629,2.0
2025-12-07,0.0128989870207887,47.902294651524926,49.65,-1.7477053484750726,0.0026442743544992,-0.0014037232683863,-0.0278587462115015,-0.0459325821217936,0.0370888710929804,-0.3040583632049052,Alto,12,6,0,0,-0.0010444269910222,0.03362592247458054,-0.05477879977206535,0.6499999999999986,-0.9195935527552592,2.0
2025-12-08,0.0026407844119582,47.78453260851771,49.01,-1.2254673914822902,0.0225572338255015,-0.0043507791859024,-0.029587350666425,-0.0564678906471872,0.0080523563143948,-0.2212635961159975,Alto,12,0,0,0,0.0128989870207887,-0.009716094521777569,-0.019931939803484552,-0.6400000000000006,0.5222379569927824,2.0
2025-12-09,0.0223065817697799,47.72787425068815,46.44,1.287874250688155,-0.0071583792625714,-0.0486263309408409,-0.0587153696422482,-0.0490064610245277,-0.0170352874659576,-0.2523707687194914,Alto,12,1,0,0,0.0026407844119582,-0.03037878771143387,-0.025345051701896156,-2.5700000000000003,2.5133416421704453,2.0
2025-12-10,-0.0071841233904618,47.60298466460807,44.92,2.682984664608064,0.0054122479755285,-0.0606777976331561,-0.0383618519384314,-0.0397158648604032,-0.0149332660402278,-0.2356670412779951,Alto,12,2,0,0,0.0223065817697799,0.006503056147342631,0.012200304005327142,-1.519999999999996,1.3951104139199089,2.0
2025-12-11,0.0053976543938289,46.610540627263205,44.46,2.1505406272632044,-0.0242663277463217,-0.0502625674253822,-0.0525887174374128,-0.0416644597786828,-0.0217123188018858,-0.2418610151310005,Alto,12,3,0,0,-0.0071841233904618,0.029617802821042833,0.06022599750676033,-0.46000000000000085,-0.5324440373448596,2.0
2025-12-12,-0.024565606595954,47.14925411952196,44.22,2.929254119521964,-0.0003147280078681,-0.044591452913433,-0.0158347736672471,-0.0182525627456424,0.0082557111335281,-0.2373712755800977,Alto,12,4,0,0,0.0053976543938289,0.036059884205893934,0.08318047847483075,-0.240000000000002,0.7787134922587597,2.0
2025-12-13,-0.0003147775451217,46.65655549797881,44.65,2.006555497978809,-0.0229148910776937,-0.0523448523554018,-0.0027136521815543,-0.0305187244549285,0.0117042318590168,-0.2566210930162794,Alto,12,5,0,0,-0.024565606595954,-0.0014047094108487687,0.06320299912539894,0.4299999999999997,-0.9226986215431552,2.0
2025-12-14,-0.0231815182233915,43.66897631265409,46.74,-3.071023687345914,-0.0197351386497576,-0.0003995591806348,0.0278527793973994,-0.0057015722761502,0.08213283170869,-0.2483776910560328,Alto,12,6,0,0,-0.0003147775451217,-0.004360271367928671,0.03852071449279154,2.0900000000000034,-5.077579185324723,2.0
2025-12-15,-0.0199324771490597,44.06589832104078,46.68,-2.614101678959223,0.0165602864121747,0.0223160197000926,0.0589786801382079,0.0091770324166675,0.1217105963433946,-0.2033749505970468,Alto,12,0,0,0,-0.0231815182233915,-0.04984837136110007,-0.0014488405182369636,-0.060000000000002274,0.45692200838669095,2.0
2025-12-16,0.0164246601605556,44.16525134168038,45.69,-1.5247486583196164,-0.0184399833286708,0.0090531417966657,0.0682455793321044,-0.005620769143746,0.0881069733001516,-0.2053240131103478,Alto,12,1,0,0,-0.0199324771490597,-0.06259672511969797,-0.010792613293952863,-0.990000000000002,1.0893530206396065,2.0
2025-12-17,-0.0186121192274582,43.978496470324814,47.0,-3.0215035296751864,-0.0084274450791609,0.0275681960854428,0.0870184346085407,0.0189439819153318,0.1079240779738974,-0.2018783621483521,Alto,12,2,0,0,0.0164246601605556,-0.05156971935297127,-0.02938969717566776,1.3100000000000023,-1.49675487135557,2.0
2025-12-18,-0.0084631567748879,43.987845949798974,47.48,-3.492154050201023,0.030643592264923,0.0230317198769218,0.0683816123712395,0.028489268901723,0.1126258691168162,-0.1943952043824104,Alto,12,3,0,0,-0.0186121192274582,-0.04561623198447547,-0.05735112539599276,0.4799999999999969,-0.47065052052583667,2.0
2025-12-19,0.0301834539651766,44.91681687888925,45.06,-0.1431831211107521,0.0025410457862502,-0.0053041324103152,0.033618707434136,-0.0102092266874705,0.0628136170826896,-0.2341063803667338,Alto,12,4,0,0,-0.0084631567748879,-0.05376461121424167,-0.06094939836725746,-2.4199999999999946,3.348970929090271,2.0
2025-12-20,0.0025378227881089,40.58877881749899,45.11,-4.521221182501009,0.0033720797320988,-0.0128521778297866,0.025807568732324,0.0014100127997791,0.0483256734596411,-0.2478460495535921,Alto,12,5,0,0,0.0301834539651766,-0.0003996390256735677,-0.029794416176610862,0.04999999999999716,-4.3780380613902565,2.0
2025-12-21,0.0033664070202197,40.1413126493737,45.07,-4.928687350626298,-0.0004293987087135,-0.0145422578183387,0.0208195774229444,-0.011399199132495,-0.0026077483964941,-0.2442522946945179,Médio,12,6,0,0,0.0025378227881089,0.02207066091149503,-0.02237212749541326,-0.03999999999999915,-0.40746616812528913,1.0
2025-12-22,-0.0004294909267388,40.10967750928177,45.09,-4.980322490718237,-0.0128050088472466,-0.0083928387458518,0.0270011133956264,0.0024627404021111,0.0094102072436952,-0.2324599002107744,Médio,12,0,0,0,0.0033664070202197,0.009012407771159131,0.027128495098662136,0.020000000000003126,-0.051635140091939036,1.0
2025-12-23,-0.0128876996356668,39.45569050966554,43.4,-3.9443094903344544,0.0020969069336806,0.0053346821205679,0.0435521111949339,0.0286803602862173,0.0237028781747936,-0.2230079098370025,Alto,12,1,0,0,-0.0004294909267388,0.02719503607187853,-0.029541999845223463,-1.6900000000000048,1.0360130003837824,2.0
2025-12-24,0.0020947114928907,39.025569217752405,42.81,-3.784430782247597,-0.0050665311576608,-0.0049312502815974,0.0883380698749678,0.0337467612720281,0.0220237494360919,-0.2284267780851825,Alto,12,2,0,0,-0.0128876996356668,0.022770493211099627,-0.06573317708250476,-0.5899999999999963,0.15987870808685756,2.0
2025-12-25,-0.0050794095442267,38.8907798146643,42.55,-3.659220185335698,0.0016542224518192,0.0144478773181211,0.1115102309227589,0.0493487724371617,0.0229299376201415,-0.2587466911824979,Alto,12,3,0,0,0.0020947114928907,-0.005318249261186269,-0.049063203500617464,-0.2600000000000051,0.12521059691189906,2.0
2025-12-26,0.0016528557328896,36.92693094085387,41.04,-4.113069059146127,0.0058080869355414,0.0031894403497052,0.0942575423293881,0.0742838810221775,-0.0080027872407735,-0.2668138651493723,Alto,12,4,0,0,-0.0050794095442267,-0.01293548159352187,-0.02384374298068216,-1.509999999999998,-0.4538488738104296,2.0
2025-12-27,0.0057912850251953,36.83807775678761,41.83,-4.991922243212386,0.0008614312207482,0.0109474594094631,0.0873257977257078,0.0668088274737614,0.005349180633251,-0.2263273409052038,Médio,12,5,0,0,0.0016528557328896,-0.014649032880851969,-0.021146460256770364,0.7899999999999991,-0.8788531840662586,1.0
2025-12-28,0.0008610604018155,36.80019949724806,42.11,-5.309800502751941,-0.0081359630646969,0.0232217972590043,0.08180600688711,0.0387873210501414,0.0147498581908391,-0.2327106236976667,Médio,12,6,0,0,0.0057912850251953,-0.00842825692891787,-0.028254162252363765,0.28000000000000114,-0.3178782595395546,1.0
2025-12-29,-0.0081692406318066,36.90879911974695,42.25,-5.341200880253048,0.0143099618247413,0.0388696877121013,0.0737760400875178,0.0442799986657058,0.0236465825961949,-0.2449075296264331,Médio,12,0,0,0,0.0008610604018155,0.005320503108564429,-0.03003388626250646,0.14000000000000057,-0.03140037750110736,1.0
2025-12-30,0.0142085407306048,37.20106335687357,42.79,-5.588936643126431,-0.0094622293440427,0.0344038327639932,0.0468496021212063,0.0243632035037608,-0.0433441686314898,-0.2431159052179065,Médio,12,1,0,0,-0.0081692406318066,-0.00494344901613287,-0.06050970866409296,0.5399999999999991,-0.24773576287338273,1.0
2025-12-31,-0.0095072806518879,33.704082696811945,43.01,-9.305917303188052,0.0135863569163183,0.0708684101057615,0.0088928217823476,0.0325902796428723,-0.038651440953393,-0.2495401503875378,Médio,12,2,0,1,0.0142085407306048,0.01434450125869863,-0.039117044543026364,0.21999999999999886,-3.716980660061621,1.0
2026-01-01,0.013494889906895,27.807990616437483,42.22,-14.412009383562516,0.0130133103644525,0.055256450317338,0.0069303990677973,0.024478089812767,-0.1136656812140247,-0.2252273324880592,Baixo,1,3,1,0,-0.0095072806518879,0.00318436487392113,-0.05402197958874316,-0.7899999999999991,-5.106092080374465,0.0
2026-01-02,0.0129293647305218,26.973168852483653,43.43,-16.456831147516347,0.0070323805299241,0.0152122675971466,-0.0048387062722172,0.014457115623923,-0.1447513882140066,-0.240647799497595,Baixo,1,4,0,0,0.013494889906895,0.010887969755620829,-0.01596148308589416,1.2100000000000009,-2.0448217639538306,0.0
2026-01-03,0.0070077686612814,26.602257216321405,44.4,-17.797742783678594,0.0099496833263799,0.0052078821988921,-0.0113403130003626,0.0528091701450799,-0.1311890220253098,-0.1981864105810112,Baixo,1,5,0,0,0.0129293647305218,0.022956274084327127,-0.0027173408102506586,0.9699999999999989,-1.3409116361622466,0.0
2026-01-04,0.0099005111234531,24.655896884784035,44.39,-19.73410311521597,0.0254559911845038,-0.0097066821894918,-0.0251764098943588,0.0592381295126731,-0.1721792471145713,-0.2254896851547578,Baixo,1,6,0,0,0.0070077686612814,0.03813328337741513,0.02747194607442224,-0.00999999999999801,-1.9363603315373759,0.0
2026-01-05,0.0251373831135929,26.166013148938067,43.94,-17.77398685106193,-0.0011905001624232,-0.0357449431710369,-0.0765967634035946,0.0185925356044676,-0.2204767093356671,-0.2742996968560844,Baixo,1,0,0,0,0.0099005111234531,0.03382525377026343,0.05730493434693504,-0.45000000000000284,1.9601162641540384,0.0
2026-01-06,-0.0011912093706725,25.77963374963551,44.09,-18.31036625036449,-0.0254278572645358,-0.0291667115565276,-0.0576107407979074,0.0192320964389949,-0.3289469627982344,-0.2825134240240081,Baixo,1,1,0,0,0.0251373831135929,0.06846991753574423,0.06601765729997233,0.15000000000000568,-0.5363793993025574,0.0
2026-01-07,-0.0257567322610848,27.28471801560652,44.64,-17.35528198439348,-0.0028913963637382,-0.0007438365328374,-0.0231399270786268,0.0414124094174346,-0.2274841688469527,-0.2779313026026836,Baixo,1,2,0,0,-0.0011912093706725,0.05378381825817673,0.08343856715675804,0.5499999999999972,0.9550842659710099,0.0
2026-01-08,-0.0028955845252425,26.1712935018994,43.24,-17.0687064981006,-0.0050352365571061,0.0473546704011711,-0.0197585093038978,0.0282453378974025,-0.2394139670048262,-0.2488236277523191,Baixo,1,3,0,0,-0.0257567322610848,0.015097721266570135,0.06614499167056115,-1.3999999999999986,0.2865754862928789,0.0
2026-01-09,-0.0050479560758538,26.110486049615712,40.52,-14.40951395038429,-0.0015068189681346,0.0696205967082548,-0.0660970365820076,0.0219515876210045,-0.2240800218178736,-0.2282916790230675,Baixo,1,4,0,0,-0.0028955845252425,0.005194368080046233,0.033065953180142035,-2.719999999999999,2.6591925477163088,0.0
2026-01-10,-0.0015079553615388,26.04782955663036,41.03,-14.982170443369643,0.0056234648587309,0.0563517695766075,-0.0689932125071957,-0.022949526378188,-0.2250347219536664,-0.22443961473824,Baixo,1,5,0,0,-0.0050479560758538,-0.009754099119260666,0.02548017431617934,0.509999999999998,-0.5726564929853524,0.0
2026-01-11,0.0056077122089449,24.67576427754281,41.68,-17.00423572245718,0.0031044793830377,0.0498528517425684,-0.1348430702427603,-0.0171284197480268,-0.2436157653275086,-0.2249366990555812,Baixo,1,6,0,0,-0.0015079553615388,-0.03639943759439237,0.02060581193442084,0.6499999999999986,-2.0220652790875384,0.0
2026-01-12,0.003099670437196,24.69919544095873,41.27,-16.570804559041274,0.0451037392574937,0.0421876266482066,-0.1569396097537465,-0.0190208354783659,-0.2652211154462068,-0.223078288033894,Baixo,1,0,0,0,0.0056077122089449,-0.029600516014774966,0.02664301507010454,-0.4099999999999966,0.43343116341590715,0.0
2026-01-13,0.0441161525063742,27.95461674364883,41.69,-13.735383256351168,0.0161169220449828,-0.0182453308738759,-0.174768797031882,-0.0609317290963591,-0.3054250948498124,-0.2536530278575472,Médio,1,1,0,0,0.003099670437196,-0.0007441133164941684,0.04263038514296734,0.4199999999999946,2.835421302690106,1.0
2026-01-14,0.0159884232879441,27.64459437358272,40.81,-13.165405626417282,-0.0138932982973597,-0.0445662782055161,-0.2184753080345713,-0.0796936373937642,-0.2898123170095483,-0.248954067681893,Médio,1,2,0,0,0.0441161525063742,0.04626762371512253,0.08465182615645084,-0.8799999999999955,0.5699776299338861,1.0
2026-01-15,-0.0139907134975526,27.48120608861492,40.61,-13.12879391138508,-0.0005633608354392,-0.0750709169414087,-0.2347054750389101,-0.0934517932154034,-0.2696710834602447,-0.2167268798219336,Médio,1,3,0,0,0.0159884232879441,0.06730400307892043,0.10571965898862164,-0.20000000000000284,0.03661171503220295,1.0
2026-01-16,-0.0005635195827788,26.704094337146085,38.27,-11.565905662853918,-0.0042194247382599,-0.063800628230345,-0.3416091981931313,-0.075392874209296,-0.2796242506876436,-0.2264925912816765,Médio,1,4,0,0,-0.0139907134975526,0.05482124494290664,0.09007608975817943,-2.3399999999999963,1.562888248531161,1.0
2026-01-17,-0.0042283516305704,26.58137599489361,39.08,-12.498624005106386,-0.0154983138333142,-0.0587307511253285,-0.2582037392994077,-0.0619853728573985,-0.2759427782700531,-0.2512011579462136,Médio,1,5,0,0,-0.0005635195827788,0.04865001315118293,0.08372128515020534,0.8099999999999952,-0.9327183422524676,1.0
2026-01-18,-0.0156196681906746,25.008193629649288,40.23,-15.22180637035071,-0.0111252809503342,-0.0434796997303603,-0.2603068499678775,-0.0466852077340419,-0.2793716533896482,-0.2534679631749293,Baixo,1,6,0,0,-0.0042283516305704,0.04132199108341653,0.07863187311781944,1.1499999999999986,-2.723182365244323,0.0
2026-01-19,-0.0111876297516868,25.29534188879705,39.7,-14.404658111202943,-0.0453772495169003,-0.0367658775140071,-0.2407468342131683,-0.0861573339378825,-0.2825188111971154,-0.2387998618173182,Baixo,1,0,0,0,-0.0156196681906746,-0.018413829613632266,0.07118144555895144,-0.529999999999994,0.8171482591477659,0.0
2026-01-20,-0.0464390422167479,30.014329489008144,42.23,-12.215670510991853,0.0116148046889399,-0.0198727411762338,-0.2068318894789255,-0.0471251868476446,-0.2422763420404883,-0.2206271205186251,Médio,1,1,0,0,-0.0111876297516868,-0.045589882653263164,0.04578527507665983,2.529999999999994,2.1889876002110906,1.0
2026-01-21,0.0115478706304071,30.28303461017408,40.14,-9.856965389825923,0.0011731073359675,-0.0123822407154993,-0.2304343213600891,-0.1197660537346655,-0.2396152780294569,-0.2414151828528239,Médio,1,2,0,0,-0.0464390422167479,-0.07803821137245846,0.008853513511799832,-2.0899999999999963,2.3587051211659293,1.0
2026-01-22,0.0011724197832196,29.95031663874834,38.88,-8.929683361251662,0.0004532173912654,-0.0034576947413942,-0.2509740154245766,-0.1405929700276921,-0.2409984315484861,-0.2082770068268451,Médio,1,3,0,0,0.0115478706304071,-0.06592682115927256,0.006906494235311936,-1.259999999999998,0.9272820285742611,1.0
2026-01-23,0.0004531147192842,29.94182017726571,38.06,-8.118179822734291,-0.0041843628578756,-0.0033512179540549,-0.2603573918200683,-0.1212234205570385,-0.245053529978596,-0.2125386689726122,Médio,1,4,0,0,0.0011724197832196,-0.06052604974548257,-0.0048504507119902646,-0.8200000000000003,0.8115035385173712,1.0
2026-01-24,-0.004193141802223,29.92511893619044,38.27,-8.344881063809567,-0.0286351388518104,-0.0512766888868116,-0.2283138399920918,-0.1507994253650363,-0.2753625819750308,-0.2004902418976492,Médio,1,5,0,0,0.0004531147192842,-0.044453266835523766,-0.011405104653987462,0.21000000000000085,-0.22670124107527556,1.0
2026-01-25,-0.029053123136142,31.589194996999165,41.16,-9.570805003000832,0.019345944795891,-0.0278050073866082,-0.1943849085200523,-0.155814859889817,-0.2608989970735093,-0.205953338603878,Médio,1,6,0,0,-0.004193141802223,-0.03745877888605996,-0.025498757579663564,2.8899999999999935,-1.225923939191265,1.0
2026-01-26,0.0191611910276511,32.225249915451485,38.75,-6.524750084548515,0.0102201453630386,-0.1087301357328391,-0.220884493296213,-0.2879237208518945,-0.2304438358347554,-0.2483364475656694,Médio,1,0,0,0,-0.029053123136142,-0.020072859805454066,-0.07968926382939846,-2.4099999999999966,3.0460549184523167,1.0
2026-01-27,0.0101682728080736,32.418453093634376,38.2,-5.781546906365627,0.0005601120448179,-0.1376110924369746,-0.2280960224089636,-0.2091847619047619,-0.2438635294117648,-0.2562797759103641,Médio,1,1,0,0,0.0191611910276511,-0.012459539408210065,-0.05933686343107486,-0.5499999999999972,0.7432031781828883,1.0
2026-01-28,0.0005599552406158,32.29356968444843,38.0,-5.706430315551572,-0.0520697706685073,-0.1182685462786726,-0.2440814383069919,-0.2240830038166857,-0.2623504213158366,-0.2607957738853051,Médio,1,2,0,0,0.0101682728080736,-0.0034636863833560644,-0.02341185836191646,-0.20000000000000284,0.07511659081405497,1.0
2026-01-29,-0.0534743771871527,36.96240233774544,41.55,-4.587597662254559,-0.004603299036883,-0.1049017509240384,-0.2148744904912171,-0.169164240209351,-0.208822995727356,-0.2109008417704113,Alto,1,3,0,0,0.0005599552406158,-0.0033568458620244646,-0.019956318596058162,3.549999999999997,1.1188326532970123,2.0
2026-01-30,-0.0046139268457584,36.84850081168277,40.45,-3.6014991883172343,-0.065504010242523,-0.1316709646478439,-0.2048025118296844,-0.1676051254864528,-0.2193675826001012,-0.1896026239581565,Alto,1,4,0,0,-0.0534743771871527,-0.05263808124695416,-0.06838273970735706,-1.0999999999999943,0.9860984739373251,2.0
2026-01-31,-0.0677479434199895,43.52101499038501,47.58,-4.058985009614986,-0.0225153093511912,-0.2010542399146366,-0.1361561035032662,-0.1257259710273252,-0.1258685903382845,-0.1349634606277358,Alto,1,5,0,1,-0.0046139268457584,-0.02819888495657056,-0.07148871119157665,7.1299999999999955,-0.4574858212977517,2.0
2026-02-01,-0.0227726489856116,44.00949286893572,48.27,-4.26050713106428,0.0230017042100887,-0.0829946545463381,-0.1168310916935707,-0.1284386112136426,-0.1121269417594615,-0.130784125030321,Alto,2,6,1,0,-0.0677479434199895,-0.11510801940421117,-0.14484436682051105,0.6900000000000048,-0.20152212144929393,2.0
2026-02-02,0.0227411528626167,44.6517826448552,46.29,-1.6382173551448034,-0.0376994209067189,-0.12000757950896,-0.140911936342285,-0.1583268995985578,-0.0771138835191527,-0.1495366758442903,Alto,2,0,0,0,-0.0227726489856116,-0.14804894119789636,-0.17071668624331865,-1.980000000000004,2.6222897759194765,2.0
2026-02-03,-0.0384284248395607,46.49221883325493,51.74,-5.247781166745078,-0.0343720836988574,-0.0717937828072536,-0.1466828454085056,-0.0912792771723873,-0.0643985281286669,-0.1117825857946019,Médio,2,1,0,0,0.0227411528626167,-0.12586774357589547,-0.19209168588707615,5.450000000000003,-3.6095638116002746,1.0
2026-02-04,-0.0349766987828992,47.25981364513824,53.47,-6.210186354861754,-0.1401743136106021,-0.0413831155882465,-0.1244799655795608,-0.0456890873786302,-0.0690460287267976,-0.0564696662362745,Médio,2,2,0,0,-0.0384284248395607,-0.11082179122830346,-0.24650853401458095,1.7299999999999969,-0.9624051881166764,1.0
2026-02-05,-0.1510256005239137,70.76990701014249,82.62,-11.850092989857515,0.1219268330910288,0.0942845843243014,0.0807215275951971,0.0941461322597125,0.0691950355635826,0.0944812148683846,Médio,2,3,0,0,-0.0349766987828992,-0.14118456316544425,-0.26749451929992757,29.150000000000006,-5.639906634995761,1.0
2026-02-06,0.1150475938253494,80.85813948799017,58.85,22.00813948799017,-0.0182895330790788,-0.0495569157722002,-0.0438519212028972,-0.0239136268412726,-0.0653023947488999,0.0190415847150464,Alto,2,4,0,0,-0.1510256005239137,-0.22446222026936846,-0.4179566002410625,-23.770000000000003,33.858232477847686,2.0
2026-02-07,-0.0184588543043171,81.10779257698756,59.35,21.75779257698756,0.0150239473928039,-0.0435450569769856,-0.0493189576815379,-0.025773935341895,-0.0123715928761377,0.0256973002211882,Alto,2,5,0,0,0.1150475938253494,-0.08664197745840743,-0.2986806547851427,0.5,-0.2503469110026124,2.0
2026-02-08,0.0149122057058759,81.25533343905637,57.29,23.965333439056373,-0.0027353755233514,-0.0209926350461919,-0.047733568338462,-0.0550171917171499,-0.0054279530410613,0.0207248986853192,Alto,2,6,0,0,-0.0184588543043171,-0.12784198462534124,-0.3015198408987852,-2.0600000000000023,2.2075408620688144,2.0
2026-02-09,-0.0027391234992863,81.25924803524303,54.46,26.799248035243032,-0.018487980837777,-0.0044918589067267,-0.0621849781858621,-0.0446871881148593,0.000767914682483,0.0402734608913855,Alto,2,0,0,0,0.0149122057058759,-0.07450135407990463,-0.27542000544122247,-2.8299999999999983,2.833914596186659,2.0
2026-02-10,-0.0186610196327817,81.4960602486465,54.84,26.656060248646497,-0.0255481848175708,-0.0001265229050761,-0.0001631288431694,-0.0119300495385835,0.0246952083553344,0.061037060752348,Alto,2,1,0,0,-0.0027391234992863,-0.042263778796291736,-0.23172008672376085,0.38000000000000256,-0.14318778659653475,2.0
2026-02-11,-0.0258802069394735,81.98737335613124,55.29,26.697373356131244,-0.0120798980121796,0.0269803519605402,0.0187154567240466,0.0133180745147913,0.0573544345084233,0.0545367109047183,Alto,2,2,0,0,-0.0186610196327817,0.09010080209484028,-0.26192897698694967,0.44999999999999574,0.041313107484747036,2.0
2026-02-12,-0.0121534529376775,80.64185280057342,55.28,25.361852800573416,0.0389573783384489,0.0185801973890398,0.0964899746001979,0.0206908872910001,0.0745377735480821,0.1229146412438284,Alto,2,3,0,0,-0.0258802069394735,-0.05082699866998262,-0.28898160370964276,-0.00999999999999801,-1.335520555557828,2.0
2026-02-13,0.0382176894647478,81.54576718840407,52.04,29.50576718840407,0.0140731193964731,-0.0347541375978956,0.0295808694227608,-0.060968751833591,0.0575316220011166,0.076649040955669,Alto,2,4,0,0,-0.0121534529376775,-0.04452159730334303,-0.3015881713666045,-3.240000000000002,4.143914387830655,2.0
2026-02-14,0.0139750124276553,81.5454396242218,49.89,31.6554396242218,-0.0141840182919799,-0.0403766956280134,-0.0244751904638803,-0.0825631114125082,0.0724936428495215,0.0714240804778372,Alto,2,5,0,0,0.0382176894647478,-0.02121611354447113,-0.25917734009963367,-2.1499999999999986,2.1496724358177275,2.0
2026-02-15,-0.0142855729250263,81.69730429035297,51.28,30.417304290352973,0.0008695010415125,-0.0118050202389625,-0.0228041720940868,-0.012269480527971,0.0737554803263222,0.0918418283899862,Alto,2,6,0,0,0.0139750124276553,-0.00450197761752953,-0.21614920453583636,1.3900000000000006,-1.2381353338688257,2.0
2026-02-16,0.0008691232444626,81.68455275712155,52.19,29.49455275712156,-0.0201605604563518,-0.0133033484230415,-0.0424027719736406,-0.0204267725786417,0.034170808026368,0.1187295904644387,Alto,2,0,0,0,-0.0142855729250263,-0.00012653090977413073,-0.24959596848851376,0.9099999999999966,-0.9227515332314127,2.0
2026-02-17,-0.0203665579406587,81.81167142468036,52.01,29.80167142468036,-0.0154439353681112,0.002072188235517,0.0137569122321323,-0.0241679248726585,0.0359459773357002,0.1213009336402011,Alto,2,1,0,0,0.0008691232444626,0.026622799274161967,-0.2588951180521248,-0.17999999999999972,0.30711866755880024,2.0
2026-02-18,-0.0155644352091181,81.89868960496183,53.67,28.22868960496183,0.0081661425497658,-0.0271584839229022,0.0524763395073804,0.0077076781872074,0.060933931177683,0.1104525962594602,Alto,2,2,0,0,-0.0203665579406587,0.018409694271180766,-0.2798216312333993,1.6600000000000037,-1.5729818197185317,2.0
2026-02-19,0.0081329800253017,80.33093165273671,52.66,27.670931652736712,0.0151675138085596,-0.0439614331918535,0.0475813809171519,-0.018316293734692,0.0285713944581891,0.1318917618466912,Alto,2,3,0,0,-0.0155644352091181,-0.03537243040268513,-0.24191168925536466,-1.0100000000000051,-0.557757952225117,2.0
2026-02-20,0.0150536371114734,80.40152394216653,51.43,28.97152394216653,-0.0006480445974648,-0.0004700087518364,0.0370674747033998,0.0119089956029116,-0.0023670975643783,0.1222601996089092,Alto,2,4,0,0,0.0081329800253017,-0.04121446280503874,-0.22916478238430457,-1.2299999999999969,1.3005922894298187,2.0
2026-02-21,-0.000648254669127,80.40080187151254,51.7,28.70080187151254,-0.0048918786399833,-0.0072194672437728,0.0434575885905497,0.0053264442281262,0.0431111424293864,0.1500869498953527,Alto,2,5,0,0,0.0150536371114734,-0.011875252768539036,-0.14636320185284166,0.2700000000000031,-0.2707220706539921,2.0
2026-02-22,-0.0049038830436894,80.4188398960324,52.0,28.418839896032395,-0.0441636582430805,-0.0261858510955982,0.0527553316361981,0.0742625296776922,0.0430690946936436,0.1569122782119172,Alto,2,6,0,0,-0.000648254669127,-0.013392630682128636,-0.12423880753635706,0.29999999999999716,-0.2819619754801437,2.0
2026-02-23,-0.0451685712163617,81.93457710703966,56.1,25.834577107039657,-0.0092469347788496,0.0358395088345988,0.1261942816770969,0.0964287625498756,0.1033238668263218,0.197678576565647,Alto,2,0,0,0,-0.0049038830436894,0.0020700442148406644,-0.15188384344266315,4.100000000000001,-2.5842627889927385,2.0
2026-02-24,-0.0092899530772159,81.37000841539844,57.77,23.60000841539844,0.0613487901227243,0.026824377538221,0.1690108128317786,0.0633154407362686,0.0743412040466358,0.2117896005426318,Alto,2,1,0,0,-0.0451685712163617,-0.02753409179240293,-0.15862398981946416,1.6700000000000017,-2.234568691641215,2.0
2026-02-25,0.0595405427658225,83.71216046742654,53.59,30.12216046742654,-0.0073963008788016,0.0123848253310436,0.0870935535132357,-0.0106655523530313,-0.0232505599514266,0.1569321604211566,Alto,2,2,0,0,-0.0092899530772159,-0.04495702489492054,-0.13293724411378086,-4.18,6.522152052028098,2.0
2026-02-26,-0.0074237891369714,83.6770673862898,52.19,31.48706738628981,-0.0239027294585268,0.0126371449257451,0.055736089019841,-0.0224342588995094,-0.0164206422802754,0.1464934967944076,Alto,2,3,0,0,0.0595405427658225,-0.00047011924057142884,0.07762889917595533,-1.4000000000000057,1.3649069188632694,2.0
2026-02-27,-0.0241930350949816,84.10128011134358,52.55,31.551280111343587,0.0167166372409561,0.1031494365596359,0.0616027119220428,0.0388641017972706,0.0021075690618637,0.1589545498018127,Alto,2,4,0,0,-0.0074237891369714,-0.0072456537084158315,-0.04484248378636547,0.35999999999999943,0.06421272505377829,2.0
2026-02-28,0.0165784521278679,82.2104486684059,55.21,27.0004486684059,-0.0178696691784152,0.0584928970159135,0.0528191400567927,0.0444262381732651,-0.0026262720375266,0.1314963613836328,Alto,2,5,0,1,-0.0241930350949816,-0.026534805759708034,-0.05057666457702997,2.6600000000000037,-4.550831442937685,2.0
2026-03-01,-0.0180312596565804,82.43497332684417,55.07,27.36497332684417,0.0464237439315304,0.0355377842562849,0.0477625205487615,0.067127196093071,0.0381292884826443,0.1606972827821255,Alto,3,6,1,0,0.0165784521278679,0.03521221758452156,-0.048910418155037966,-0.14000000000000057,0.36452465843826687,2.0
2026-03-02,0.0453783925294239,80.54586858239432,53.38,27.16586858239432,-0.007148911391331,-0.0227683950878437,-0.0141080801033733,0.0248623929719078,-0.010404465723261,0.1365837833063055,Alto,3,0,0,0,-0.0180312596565804,0.02647091100515707,-0.06420255431233207,-1.6899999999999977,-0.19910474444984771,2.0
2026-03-03,-0.0071745873014225,80.19229485199355,55.41,24.782294851993555,0.0633435277590799,-0.034633732330475,0.0375845064239515,0.0379291170359097,-0.0210133454300681,0.147822148731306,Alto,3,1,0,0,0.0453783925294239,0.012308760768758462,-0.00016314215012647182,2.029999999999994,-2.383573730400766,2.0
