date,close,ret,rv_30d,iv_30d,vrp_30d,ret_fut_1d,ret_fut_5d,ret_fut_20d,ret_fut_10d,ret_fut_30d,ret_fut_60d,vrp_regime
2021-03-24,52303.65,-0.038210823911918,77.6395212016376,95.04,-17.4004787983624,-0.0193078303330647,0.1019397307836069,0.2154983447617899,0.0907831480212184,-0.0225320795011438,-0.3374219581233815,
2021-03-25,51293.78,-0.0194966610483523,69.51765235302287,89.74,-20.222347646977127,0.0727536555114478,0.1452961743119731,0.2274301094596655,0.1346796824098362,-0.0242902745713028,-0.2436453308763752,
2021-03-26,55025.59,0.0702288524916593,73.4975529015065,84.52,-11.0224470984935,0.0143851251753956,0.0675133151684517,0.1478292190960606,0.0745907495040034,-0.108291796598637,-0.3035109664430676,
2021-03-27,55817.14,0.0142826409255236,71.23489748982718,79.69,-8.455102510172821,-0.00070784708783,0.0520144887394804,0.0988524313499401,0.0389487888487301,-0.0325303302892265,-0.296955917125098,
2021-03-28,55777.63,-0.0007080977298643,70.98597078554467,79.07,-8.084029214455327,0.0333079766924482,0.0568754893314757,0.075819463824476,0.0031521597457617,-0.0137270084799228,-0.3092216359856091,
2021-03-29,57635.47,0.0327652838371849,71.88858387026372,83.71,-11.821416129736278,0.0192780591535037,-0.0101244945170049,-0.0257733649087965,0.0076697561414871,-0.0483946777912975,-0.3812232293759381,
2021-03-30,58746.57,0.0190945915543977,71.81388640492142,85.08,-13.26611359507858,-0.0001024740678476,-0.0092696475726157,-0.052997647352007,-0.0102819619936959,-0.0883723083747698,-0.4109417792391964,
2021-03-31,58740.55,-0.0001024793186737,63.88185892171619,86.45,-22.568141078283816,-0.000342352940175,0.0066298323730369,-0.039419957763419,0.01751056127326,-0.017811886337462,-0.3932424875150131,
2021-04-01,58720.44,-0.0003424115563215,63.35884674463945,82.38,-19.021153255360545,0.0039095415497567,-0.0124196957652225,-0.0840049904258211,0.0218320911764284,-0.0156686496218352,-0.3655733846680986,
2021-04-02,58950.01,0.0039019191524524,61.92316053143273,81.28,-19.35683946856728,-0.0321979589146804,-0.050832222081048,-0.1231390800442613,0.0154366386027753,-0.0402340898669907,-0.3775558307793333,
2021-04-03,57051.94,-0.0327277156301856,61.39964819459327,81.29,-19.890351805406738,0.0201582978598098,0.0179762511143353,-0.1038842850917953,0.1143354634391047,0.0020586504157438,-0.3415003942021954,
2021-04-04,58202.01,0.0199578092350454,61.7334735793397,82.42,-20.6865264206603,0.0159441228919756,-0.0010217860173558,-0.1401011751999631,0.0817415068654845,-0.0859420490804355,-0.3256798175870559,
2021-04-05,59129.99,0.0158183504903239,61.97254140526171,80.22,-18.24745859473829,-0.019259938992041,0.0108090666005524,-0.1701880889883459,0.0681547553111374,-0.0286467154822789,-0.3771519325472573,
2021-04-06,57991.15,-0.0194478280167704,60.608900335117546,81.01,-20.40109966488246,-0.0351381202131705,0.0346825334555358,-0.0687994633663929,0.0576579357367461,-0.0275467894670135,-0.3876100060095377,
2021-04-07,55953.45,-0.0357703176417728,61.15028077092636,78.78,-17.629719229073643,0.0379613768230555,0.0698178575226371,-0.0168261295773539,0.0724389648895644,0.0243291521791775,-0.3602483850414943,
2021-04-08,58077.52,0.037258574825073,60.34728021967676,74.31,-13.962719780323248,0.0011195381620978,0.0946576231216485,-0.0556377062932438,-0.033188572790298,0.0135083247356293,-0.4222757789933178,
2021-04-09,58142.54,0.0011189119465875,60.04020699016736,77.07,-17.02979300983263,0.0279759019815784,0.0828479457553796,-0.078901609733596,-0.043159449174391,0.0016906726125138,-0.4258797431278373,
2021-04-10,59769.13,0.0275917251060524,59.65097079576057,81.54,-21.889029204239435,0.0039033527842884,0.0567324637316957,-0.0347145759023094,-0.0559507893121414,-0.0661376533337526,-0.3744588552652513,
2021-04-11,60002.43,0.0038957544689943,59.5725911061155,82.61,-23.037408893884496,-0.0023737371969768,0.0222052673533388,-0.0366995136696963,-0.1035758051798902,-0.0555379173810127,-0.388762755108418,
2021-04-12,59860.0,-0.0023765589774449,54.79990047327479,84.5,-29.70009952672521,0.0620614767791514,0.0024500501169395,-0.0548244236551954,-0.1364690945539592,-0.1708767123287671,-0.3763451386568659,
2021-04-13,63575.0,0.0602118088836305,57.25338113630667,88.64,-31.38661886369333,-0.0096810066850177,-0.1167910342115611,-0.1007567440031459,-0.1958294927251278,-0.2187027919779787,-0.4408791191506095,
2021-04-14,62959.53,-0.0097281722840783,53.5714765340783,83.85,-30.27852346592169,0.0031837912385941,-0.1163666564855233,-0.1550125930101447,-0.205079199288813,-0.208357336847972,-0.3802277431232412,
2021-04-15,63159.98,0.0031787337071748,52.97728472344899,77.08,-24.10271527655101,-0.02889772922664,-0.1066336626452383,-0.0906249495329163,-0.2231351244886399,-0.2596104368620763,-0.3585132547540388,
2021-04-16,61334.8,-0.0293234910328378,52.57629238792683,77.67,-25.09370761207317,-0.0216539387101613,-0.1230487423126839,-0.0805598127001311,-0.1195636082615416,-0.2429827764988229,-0.345493259943784,
2021-04-17,60006.66,-0.0218918256363854,52.58581912163221,74.43,-21.8441808783678,-0.0642703659893751,-0.1385796176624395,-0.0448601871858891,-0.0832355941823791,-0.2744465364344558,-0.3609207711277381,
2021-04-18,56150.01,-0.0664286967832301,57.41822579211416,88.4,-30.98177420788584,-0.0092051630979229,-0.0894900998236688,0.0482999023508634,-0.0232197643419832,-0.2368695927213548,-0.3215856951761896,
2021-04-19,55633.14,-0.0092477924199963,57.507124073000135,83.2,-25.692875926999868,0.0142336024894513,-0.1003951961007414,0.0468731407215194,-0.0373543538976948,-0.3404993857977457,-0.3561420405175765,
2021-04-20,56425.0,0.0141332558447691,57.53950866541449,82.96,-25.420491334585503,-0.0467411608329642,-0.1304072662826761,-0.010790607000443,0.0224948161276028,-0.281760921577315,-0.3711347806823216,
2021-04-21,53787.63,-0.0478688076233732,56.30904741074336,83.0,-26.69095258925664,-0.0389805239606206,0.0039741479592985,0.0535883436396062,0.074603398588114,-0.3074242163114455,-0.3381348090629759,
2021-04-22,51690.96,-0.0397606037870505,57.96813256287496,87.39,-29.42186743712504,-0.0109462080023277,0.0642474041882759,-0.0398452650134568,0.0945474798688204,-0.2755071679844986,-0.3885017805821366,
2021-04-23,51125.14,-0.0110065585476512,56.54557566231864,89.31,-32.76442433768136,-0.0210718249377899,0.0727837615701394,-0.0284433450940182,0.1182246151306383,-0.3221485554856182,-0.3641179271098328,
2021-04-24,50047.84,-0.0212970047587351,56.62453218975156,94.08,-37.45546781024844,-0.0196026441900389,0.0700761511385907,-0.0041238542962094,0.0629831377338163,-0.224815896150563,-0.3270824475142183,
2021-04-25,49066.77,-0.0197973243840799,51.51651964094419,93.46,-41.943480359055805,0.1005694892897983,0.1758318307889432,-0.046951939163715,0.1705704288258633,-0.2189271884006222,-0.2935526426540814,
2021-04-26,54001.39,0.0958277633710184,61.20778306737959,82.66,-21.45221693262041,0.0187139627331816,0.0703496706288486,-0.1401795398229564,0.0443005263383036,-0.273316668330204,-0.4151178330780004,
2021-04-27,55011.97,0.0185410109430216,61.54800519072919,77.53,-15.981994809270809,-0.0030129806294884,0.028470894607119,-0.2085715163445337,0.0418596170978788,-0.2996073400025485,-0.4131522648616291,
2021-04-28,54846.22,-0.0030175287936096,60.48675759475943,76.96,-16.47324240524057,-0.0235425522488149,0.0423578871980603,-0.2187286562319154,0.0732198135076582,-0.3497548235776322,-0.3673157420876043,
2021-04-29,53555.0,-0.0238241059065467,60.69056189771682,80.2,-19.509438102283184,0.0772900756231911,-0.006628512743908,-0.314908225189058,0.0874958453925869,-0.3538390439734852,-0.3558978620110167,
2021-04-30,57694.27,0.0744486986071194,66.01283022139224,75.09,-9.077169778607768,0.0018390041160067,-0.004474621136553,-0.2975621322533416,-0.0325531460923241,-0.3822389987775216,-0.3775511848923644,
2021-05-01,57800.37,0.0018373152182137,66.0158329677463,76.15,-10.1341670322537,-0.0211445013241264,-0.0243370414410842,-0.3555056827490896,-0.0195561031875748,-0.3554745410799274,-0.3936890023368362,
2021-05-02,56578.21,-0.0213712482896674,66.42143237092768,79.09,-12.668567629072328,0.0104488989665809,0.0130180859380315,-0.3380891689574483,-0.1227838420480251,-0.351462515339386,-0.4078163660532915,
2021-05-03,57169.39,0.0103946865349147,65.53346568715884,81.79,-16.25653431284117,-0.0694319110279119,0.0296078023571706,-0.3938145920395512,-0.1311614484604435,-0.3428532296741315,-0.4090097865308689,
2021-05-04,53200.01,-0.0719600309696674,69.82974657746281,87.96,-18.13025342253718,0.0796259248823449,0.094752425798416,-0.2707465656491418,-0.0631308152009746,-0.2622785221280973,-0.3483247465554988,
2021-05-05,57436.11,0.0766146152879421,74.56479705461985,84.39,-9.825202945380155,-0.0181493837239326,-0.0282047304387431,-0.3327417194514043,-0.1858259551351928,-0.3587831766461899,-0.3856389299344959,
2021-05-06,56393.68,-0.0183161041178487,74.52992102424886,82.14,-7.610078975751136,0.0163328585756417,0.0049001944898789,-0.3041434784890788,-0.1766541924556085,-0.370262767033469,-0.4025901483996079,
2021-05-07,57314.75,0.0162009122099635,73.6951051493257,80.56,-6.864894850674304,0.0269965410300141,-0.1340567654923035,-0.3277475693429701,-0.2403693639071966,-0.3754433195643355,-0.4029458385494134,
2021-05-08,58862.05,0.0266385629076569,73.13280343770441,83.57,-10.437196562295584,-0.0105536589364455,-0.1561461077213587,-0.3941174321995242,-0.2720304508592549,-0.4299758503144216,-0.4247206816616139,
2021-05-09,58240.84,-0.0106097437438779,73.22533869473853,86.05,-12.824661305261472,-0.0416322978858134,-0.1442182152592579,-0.4058267360154832,-0.3700281451984553,-0.4268487542418687,-0.4355213626726537,
2021-05-10,55816.14,-0.0425237519861877,74.09002033503236,90.26,-16.16997966496764,0.0152980840308913,-0.1621959168082923,-0.361452260941011,-0.273926143943311,-0.3301570119323908,-0.3941571380607831,
2021-05-11,56670.02,0.0151822482267277,74.26660647408299,86.27,-12.003393525917003,-0.1242050029274738,-0.1806690733477771,-0.3426187250330951,-0.3426504878593654,-0.3528197096101253,-0.4088078670168106,
2021-05-12,49631.32,-0.13262323703978,87.49186986172239,93.86,-6.368130138277607,0.000798890700469,-0.1227708632371655,-0.2606868001898802,-0.2454415880939696,-0.247814081914404,-0.3097304282860097,
2021-05-13,49670.97,0.0007985717571492,84.93413337846619,92.9,-7.96586662153382,0.0034321858421528,-0.1373274973289228,-0.2436491576468106,-0.3023037399913874,-0.2843685154527886,-0.3338839567658936,
2021-05-14,49841.45,0.0034263093346637,84.87473782587314,98.46,-13.585262174126854,-0.0617650569957334,-0.263863912466431,-0.212567250752135,-0.2216059123480556,-0.2171060432631875,-0.343322274933815,
2021-05-15,46762.99,-0.06375488905286,87.73271077832753,102.85,-15.117289221672465,-0.0070887255070729,-0.133360805200865,-0.2124327379408374,-0.180447614662792,-0.133582134076542,-0.2981624998743665,
2021-05-16,46431.5,-0.0071139698928193,87.16976969800425,105.28,-18.11023030199576,-0.062316746174472,-0.1976996220238415,-0.2351485521682479,-0.1548429406760495,-0.1354136739067227,-0.3133971549486878,
2021-05-17,43538.04,-0.0643430694922586,89.68814567291167,123.02,-33.33185432708832,-0.0158082449278837,-0.1398388627508265,-0.177815308176482,-0.1150272267653756,-0.1191838217797585,-0.2791620844668249,
2021-05-18,42849.78,-0.0159345278743997,86.82147503519658,117.01,-30.18852496480342,-0.1437507963868193,-0.1912385547837117,-0.2169670416044142,-0.1677089123911488,-0.1110113050755452,-0.2644053248348066,
2021-05-19,36690.09,-0.1551938194929308,102.26397143582318,124.83,-22.56602856417682,0.104566382911571,0.0574051467303569,-0.0901954724014032,-0.056825698710469,-0.0237189388197194,-0.1338653025926073,
2021-05-20,40526.64,0.0994528443006428,107.87495556246478,119.77,-11.89504443753522,-0.0808019120262621,-0.0543326562478408,-0.0774451077118655,-0.1205471265320786,-0.1244346928341455,-0.239027711154934,
2021-05-21,37252.01,-0.084253632547951,110.552649658597,139.98,-29.427350341403,0.005307633064632,0.0534172518476183,-0.0154700377241389,4.831954034156816e-05,-0.0443425737295786,-0.2003022118806475,
2021-05-22,37449.73,0.0052935972230838,109.69482300652342,140.05,-30.35517699347659,-0.0746194965891611,0.0288453347994765,-0.003144214924914,-0.0202041510045601,-0.1559637412606179,-0.1416624365516121,
2021-05-23,34655.25,-0.077550271014256,112.91556012866415,156.2,-43.28443987133584,0.1194924289970496,0.0290934274027743,0.0257063504086683,0.0840689361640731,-0.0619152942194904,-0.0683134589997186,
2021-05-24,38796.29,0.112875394190615,119.35190657775772,125.12,-5.768093422242288,-0.012155028225637,-0.1080294017804279,0.0057809651386768,0.0116119350587389,-0.1319255011239477,-0.1330591146730784,
2021-05-25,38324.72,-0.0122295047056648,119.2283055998423,129.11,-9.881694400157713,0.0239320730849437,-0.070018776392887,0.0571842403545284,-0.0390275519299293,-0.0955422505369903,-0.1061085377792715,
2021-05-26,39241.91,0.023650189539076,114.74397888125564,117.02,-2.276021118744368,-0.0181420832981881,-0.0506626716181757,0.0229889421794198,-0.0950185656100838,-0.1951347424220687,-0.0983869031859052,
2021-05-27,38529.98,-0.0183086687723054,114.73943965261196,107.26,7.479439652611944,-0.0743963531774479,-0.0476743045285776,-0.0046968620279584,-0.0709491673756385,-0.16211609764656,-0.0335421923395756,
2021-05-28,35663.49,-0.0773091631552114,117.86092296079424,122.55,-4.68907703920577,-0.0296757271932723,0.0534213000466303,0.0681223290261274,-0.059183775900788,-0.02700661096264,0.1063939620042795,
2021-05-29,34605.15,-0.0301249614885199,118.0362433204322,129.3,-11.263756679567804,0.0299412081727719,0.134131480429936,0.0351014227651085,-0.0353802829925604,-0.0031862309511735,0.1564625496494018,
2021-05-30,35641.27,0.0295017211685401,115.60318672608672,123.61,-8.006813273913266,0.045243617862102,0.0333245700840627,-0.004420437318872,0.0490100380822571,0.0075883940162628,0.1227568490123951,
2021-05-31,37253.81,0.0442499853876325,116.62725602495536,106.47,10.15725602495536,-0.0150513464260434,-0.0467230063180115,-0.0443887484259997,-0.0155176074608206,-0.0592908483722872,0.1329410334137637,
2021-06-01,36693.09,-0.015165767520091,116.50893268379592,108.23,8.27893268379593,0.0238625310651134,-0.0244400239936184,-0.1385590583949184,0.0174117252049366,-0.0868937448440563,0.1299628894704698,
2021-06-02,37568.68,0.0235822705986549,116.74265314139828,103.17,13.572653141398291,0.0446677924270961,-0.1068946260555334,-0.1346632354397332,-0.0538366000615405,-0.1006724218151927,0.0606026083429069,
2021-06-03,39246.79,0.0436989328915869,115.02678555479572,99.19,15.83678555479571,-0.0616047834740115,-0.1494639434205957,-0.1418898207980831,-0.005764038281857,-0.1166378192968139,-0.0025217348985738,
2021-06-04,36829.0,-0.0635840791345629,114.05653388875008,102.91,11.146533888750085,-0.0357272801325043,0.015179613891227,-0.0588099052377203,0.1001191995438377,-0.0418824839121344,0.0374175242336203,
2021-06-05,35513.2,-0.0363811199546403,114.58233944507268,108.52,6.062339445072681,0.0079719653537275,0.0327348704143812,-0.1106278792111101,0.1303977112735548,-0.0513347149792189,0.1185469065023709,
2021-06-06,35796.31,0.007940357113332,114.47641552442968,105.93,8.546415524429676,-0.0626746164618642,0.0429002318954105,-0.0981291088383131,0.0713118195702295,-0.0440352650873789,0.141527157408124,
2021-06-07,33552.79,-0.0647247960449863,116.31084012686696,108.32,7.990840126866971,-0.0051256542302444,0.0594084724399968,0.0342013287121576,0.1353145297306126,0.0092192035297213,0.276700685695586,
2021-06-08,33380.81,-0.0051388354567866,116.26576817247248,111.04,5.225768172472471,0.1200462181714585,0.1689521614364661,0.033374864180947,0.0730668309127309,-0.0151314482782173,0.3352743687166371,
2021-06-09,37388.05,0.1133699506800925,121.9076431452612,105.82,16.087643145261197,-0.0190523442650794,0.0836695147246244,-0.0394864134395882,-0.0509341888651588,-0.0955449669078757,0.1713467270959572,
2021-06-10,36675.72,-0.0192361789087449,121.9772503265682,99.46,22.517250326568217,0.017893581911957,0.0945671959541625,-0.0444632034490393,-0.0293262136367056,-0.0865109123965391,0.2611449754769641,
2021-06-11,37331.98,0.017735376231755,113.0342135501588,97.22,15.814213550158811,-0.0478375376821695,0.0272428625537675,-0.1025204127935351,-0.1533015393236576,-0.0823152160694398,0.2210707816729784,
2021-06-12,35546.11,-0.0490196050552571,114.31977657019117,99.39,14.929776570191152,0.0977451541110967,0.0716494716299476,-0.049500775190309,-0.085425662611183,-0.0691912560896256,0.280337004527359,
2021-06-13,39020.57,0.0932582160669782,118.8517123956274,102.86,15.991712395627404,0.0383315774218573,-0.0820267361548025,-0.1115165667749087,-0.1369149656194156,-0.1612175321887916,0.1378357620096273,
2021-06-14,40516.29,0.0376151724833831,117.48761241218187,98.88,18.607612412181894,-0.0091876625426464,-0.1242110272189285,-0.1290784521485061,-0.1444653496161668,-0.1899549539210032,0.1797723829106761,
2021-06-15,40144.04,-0.0092301294285584,117.50551953609232,96.77,20.73551953609233,-0.0447147322491706,-0.1131894049527649,-0.1607685723708924,-0.213221937801975,-0.2058596992230976,0.1724906113086775,
2021-06-16,38349.01,-0.0457452734195306,116.4407433891573,95.25,21.190743389157305,-0.0066765739193789,-0.1757562972290549,-0.1076690115338049,-0.1581621011859236,-0.1816250276082747,0.224903067901883,
2021-06-17,38092.97,-0.0066989619448759,116.33148482697013,95.28,21.05148482697011,-0.0596732152940556,-0.1465732391042231,-0.1110664251172853,-0.0890618400193002,-0.1725488981300225,0.2049806040327126,
2021-06-18,35819.84,-0.0615278208278235,105.18197603440068,94.73,10.451976034400673,-0.0093836265041942,-0.0597928410623832,-0.0821927177787504,-0.0369892774507087,-0.1128223911664595,0.2477987059685358,
2021-06-19,35483.72,-0.0094279300974428,99.35126350673194,91.89,7.461263506731939,0.0032815048704026,-0.0231269438491794,-0.0470049363482747,0.0120621513189711,-0.1308788931938365,0.2598817147694774,
2021-06-20,35600.16,0.0032761324830971,94.91210322210873,95.63,-0.7178967778912835,-0.112112698369895,-0.1128003357288283,-0.058912375674716,-0.0155943119356768,-0.1631961766463971,0.3134946584509732,
2021-06-21,31608.93,-0.1189104566227603,103.56267541108996,106.23,-2.6673245889100343,0.0284928974185461,0.0213458665003845,0.0838389657606251,0.0599754563030132,0.0169439459038949,0.5603966980217299,
2021-06-22,32509.56,0.0280945243199381,100.44675587622976,107.01,-6.563244123770232,0.0359435809035864,0.0673887927120513,0.01775077854022,0.0392804455058759,-0.0068204552753097,0.5017696333017119,
2021-06-23,33678.07,0.0353126837670968,93.2262304305961,102.21,-8.98376956940389,0.0292481130896158,0.0242537651355911,-0.0281577893270011,0.0294274582836842,-0.0013058943104519,0.4620558719665348,
2021-06-24,34663.09,0.0288285483794497,93.66989294476774,100.99,-7.320107055232256,-0.088816086505848,0.0360221780574094,-0.0531709665814559,0.0179851248114351,-0.0116824553148607,0.4277102820319829,
2021-06-25,31584.45,-0.0930105212036937,98.78527196730788,105.3,-6.514728032692105,0.0221374758781616,0.109564991633541,0.0093574527971833,0.0666685663356492,0.120203771159542,0.5094139679494181,
2021-06-26,32283.65,0.0218959992498128,98.87404931739472,106.7,-7.825950682605281,0.0748580163643204,0.0378222412893214,-0.0278710740576112,0.0599795871904198,0.1534507405451366,0.5169697354543243,
2021-06-27,34700.34,0.0721885750559531,98.40192989548191,106.41,-8.008070104518069,-0.0059206912670018,-0.0263337477384946,-0.0916495342696929,-0.024155959278785,0.1371032675760528,0.3499542079414786,
2021-06-28,34494.89,-0.0059382880506683,97.8612081078284,104.3,-6.438791892171594,0.0410739097877976,0.0050511829433286,-0.0787458664167358,-0.0469397061419821,0.1601590844325058,0.4225266409024641,
2021-06-29,35911.73,0.0402527859480743,98.3262842343076,98.86,-0.5337157656923921,-0.0241350110395685,-0.0174099103551959,-0.1412374174120824,-0.0583631030863732,0.1143010932639558,0.3615425934645864,
2021-06-30,35045.0,-0.0244310331208218,97.48049665951385,104.51,-7.029503340486158,-0.043952346982451,-0.0386605792552432,-0.1499400770438008,-0.0440042802111569,0.2043478384933656,0.3915774004850907,
2021-07-01,33504.69,-0.0449475209203527,98.59140187373828,102.38,-3.788598126261718,0.0084125535857815,0.0213498468423376,-0.0405967045210686,0.0225132660532001,0.237493318099645,0.4022786063682428,
2021-07-02,33786.55,0.0083773652682027,98.29110554624236,99.23,-0.9388944537576548,0.0261222291118801,0.0022366888599161,-0.0443584799276635,-0.0207159357791785,0.1793284605856471,0.3940721973684793,
2021-07-03,34669.13,0.025786871340954,97.51774689368948,98.02,-0.5022531063105049,0.0178077730822783,-0.0517295934452349,-0.0298548016636125,-0.0559391020195775,0.1291838012664292,0.4078957274093697,
2021-07-04,35286.51,0.017651072284598,95.16158378928996,95.89,-0.7284162107100514,-0.0452402348659587,-0.0416788172023814,-0.0291434318667389,-0.0698989500520171,0.0827664736467279,0.3956222930519339,
2021-07-05,33690.14,-0.0462955249800956,95.68414679633656,96.39,-0.7058532036634517,0.0157277470500272,-0.0055585996377574,0.0501891651385242,-0.0537290732540737,0.1790743523179185,0.4840882228450223,
2021-07-06,34220.01,0.0156053477451782,95.79882074960058,95.74,0.058820749600585,-0.010458500742694,0.001139099608679,0.0881820315072963,-0.0828795783519643,0.1941101127673543,0.4586681885832293,
2021-07-07,33862.12,-0.0105135751956069,93.1727666323199,94.93,-1.7572333676801009,-0.0291301903129516,-0.0229014013298637,0.1652510238579274,-0.0691643051291532,0.2650380425088565,0.5284595294092631,
2021-07-08,32875.71,-0.0295628982722732,93.7245107556716,94.43,-0.7054892443284047,0.0285955801410828,-0.0044391436717259,0.2172987290616688,-0.033372663282405,0.3557894262968009,0.6019091298712638,
2021-07-09,33815.81,0.0281943573837486,85.5409181135218,90.89,-5.349081886478203,-0.0092542511919718,-0.0294474685065949,0.1833660054276389,-0.0880109037754823,0.2950856418935406,0.3858526529454715,
2021-07-10,33502.87,-0.0092973378034347,85.33900169853705,90.57,-5.230998301462947,0.022568812761414,-0.0484397306857592,0.2597837140519603,-0.1108119990914212,0.380580230887682,0.3744586657799762,
2021-07-11,34258.99,0.0223179052145445,85.46974060183366,88.71,-3.24025939816633,-0.0342205067925236,-0.0839230812116761,0.210246711884968,-0.0617204418460672,0.3305993550889854,0.3542471625695913,
2021-07-12,33086.63,-0.034819738727865,84.61815102244108,90.51,-5.891848977558922,-0.0107856254928349,-0.0473472215212005,0.2042761683495721,-0.0241426824067605,0.3755102892014086,0.3555599346322067,
2021-07-13,32729.77,-0.0108442119936659,78.20736901093017,90.81,-12.602630989069835,0.0027574284817766,-0.0290625323673218,0.1960921204151449,0.0276298916857649,0.3565326001374285,0.3802018773734126,
2021-07-14,32820.02,0.0027536337500608,77.10492067427712,86.97,-9.865079325722874,-0.0286416644474926,-0.0603403044848843,0.1641385349551891,0.0438183767103128,0.4564281191784771,0.4023525884505861,
2021-07-15,31880.0,-0.0290598411242663,77.70165858295879,85.55,-7.848341417041212,-0.0155624215809284,-0.065547365119197,0.246021957340025,0.1098186951066497,0.4764275407779172,0.4096841279799248,
2021-07-16,31383.87,-0.015684787261425,76.2422189608426,82.59,-6.347781039157397,0.0043398089528154,0.0242366540519063,0.3020210700592374,0.1865203367207422,0.4967504007631946,0.5011380049687943,
2021-07-17,31520.07,0.0043304191388057,76.22137223546834,82.78,-6.558627764531664,0.0082008066606451,0.0243578139261746,0.3590347356462089,0.2518331970709457,0.4562559664366228,0.5266910892012615,
2021-07-18,31778.56,0.0081673627658999,73.19305483926185,83.52,-10.326945160738148,-0.0295453916099407,0.0583893669190798,0.4025978521367865,0.2593257844282433,0.4064812880130501,0.502202113626294,
2021-07-19,30839.65,-0.029990648832101,73.86366208627926,88.46,-14.596337913720731,-0.0340243809511457,0.1108472372416677,0.4200670241069533,0.2975659581091225,0.4496043243032914,0.533739196132252,
2021-07-20,29790.35,-0.034616684167991,74.83535055847184,91.49,-16.65464944152815,0.079024247784937,0.1876671472473468,0.5526302980663202,0.4167799304137078,0.5696566169917441,0.6210866941811695,
2021-07-21,32144.51,0.0760571584840489,67.70379637661063,87.86,-20.156203623389374,0.0044586151725443,0.1584435413698948,0.4181267656592058,0.2898572726726898,0.5343979422924787,0.4696677597511987,
2021-07-22,32287.83,0.0044487049941116,67.00880663361455,84.64,-17.631193366385446,0.0416955862317163,0.2220663327327974,0.4095403748099515,0.2340699266565762,0.5120827259063245,0.3322549084283459,
2021-07-23,33634.09,0.0408497569173238,67.3905710673318,81.75,-14.359428932668196,0.0185540919941642,0.189851130207477,0.3200594991569567,0.163932783672756,0.4639676590031127,0.2111039721901202,
2021-07-24,34258.14,0.0183840647434535,66.94396053928115,81.31,-14.366039460718852,0.0327770275911067,0.1680867671157864,0.3952888277063495,0.1152692469585332,0.4445866004400705,0.271044195627667,
2021-07-25,35381.02,0.0322513174592975,59.62811434927553,83.9,-24.27188565072448,0.0524738970216234,0.1929099274130594,0.3303321950582545,0.1227256873883229,0.3474458904802633,0.2680601068030261,
2021-07-26,37237.6,0.0511434853372773,61.76907759400885,87.68,-25.91092240599116,0.0596244118847617,0.1134399101982943,0.2614620705953123,0.0973440823253914,0.315157797495005,0.1496597525082175,
2021-07-27,39457.87,0.0579145169242299,59.912201510929584,91.84,-31.92779848907042,0.014235182993912,0.0098223751053971,0.1632987284919331,0.0856356412548371,0.1871869921006885,0.0814227934756741,
2021-07-28,40019.56,0.0141348141674527,60.07902854451746,95.68,-35.600971455482544,-7.696236540322143e-05,-0.0217828481872364,0.1168526090741626,0.1137688670240253,0.2261479136702153,0.0784951158883306,
2021-07-29,40016.48,-7.696532715802908e-05,58.4153704123697,93.24,-34.8246295876303,0.05472470342219,-0.0452171205463348,0.1171719751462396,0.0944083537582516,0.2218803353018554,0.0532498110778358,
2021-07-30,42206.37,0.053279788252541,60.705149611341504,93.49,-32.78485038865849,-0.0176404651714895,-0.0588344839890282,0.107904328185532,0.0958867109396046,0.1554613675613421,-0.0279538372999147,
2021-07-31,41461.83,-0.0177979125551537,58.9733357201229,89.55,-30.5766642798771,-0.0389850134448961,-0.0144559465899117,0.1895873867603046,0.0994447181902002,0.1331605479063515,0.0015062046224201,
2021-08-01,39845.44,-0.0397652753830731,60.51201902141964,89.3,-28.78798097858036,-0.0175081514973859,0.0750758430575744,0.2252812366986034,0.1421884160395767,0.1820898451617048,0.0998523294008046,
2021-08-02,39147.82,-0.0176632319625898,60.15612521881809,88.52,-28.363874781181902,-0.0240312231945482,0.1385701681472939,0.2577768059626308,0.1341372265428828,0.2468260046153272,0.2297392294130298,
2021-08-03,38207.05,-0.0243246840587875,60.43874479771544,89.04,-28.60125520228457,0.0396819435156599,0.1462379325281591,0.2952805830337592,0.2510780078545713,0.2889411770864276,0.2467568158232576,
2021-08-04,39723.18,0.0389148428370904,59.80237797534027,91.94,-32.13762202465973,0.0286804832845708,0.1643931830231115,0.2001559291073877,0.184912940001279,0.2586892590170273,0.2133975678684334,
2021-08-05,40862.46,0.0282768967619541,60.365369981426056,96.09,-35.72463001857395,0.0483184321257212,0.1155713581610113,0.1984917207627734,0.1495592776352672,0.2215524958605037,0.2046494508651706,
2021-08-06,42836.87,0.0471873871947704,62.461495817004256,93.62,-31.15850418299575,0.0405181330942245,0.0624258961964308,0.0935409146373205,0.0715369727059889,0.2082320673756041,0.2015814880965858,
2021-08-07,44572.54,0.0397187939887179,63.14305403420434,97.27,-34.126945965795656,-0.0174585069641531,-0.0038934285548904,0.1008997916654514,0.0027687450614211,0.181532396403705,0.2410107209506122,
2021-08-08,43794.37,-0.0176127040329166,62.67433032722774,95.99,-33.31566967277225,0.0561494548271843,0.0914644964638147,0.1164757022420917,0.0207999338727786,0.0700857210641459,0.2281309218513703,
2021-08-09,46253.4,0.0546297044621678,65.42673243019678,106.97,-41.54326756980322,-0.0144510457609603,0.017622704493075,0.05436205770819,0.0109661127614402,-0.0044340524156062,0.166431656916032,
2021-08-10,45584.99,-0.0145564791035267,65.16008427734647,103.35,-38.18991572265352,-0.0016231219969555,0.0304668269094716,0.0306662346531172,0.0819892688360797,0.0177722974163205,0.2054345081571806,
2021-08-11,45511.0,-0.0016244406865866,64.0206782453745,100.53,-36.5093217546255,-0.0244336534024741,0.0085757289446508,0.0349341917338665,0.0727487860077784,-0.0145039660741358,0.2010063501131593,
2021-08-12,44399.0,-0.0247371083178277,64.4886845393911,98.06,-33.5713154606089,0.0766008243428906,0.0066882136985066,0.0993607964143334,0.1090164192887228,0.0174483659541881,0.2944289285794725,
2021-08-13,47800.0,0.0738086928353895,69.4310752573747,100.3,-30.868924742625296,-0.0153031380753138,-0.0647428870292886,0.0302644351464436,0.0353315899581589,-0.037128870292887,0.1714838912133891,
2021-08-14,47068.51,-0.0154214395673306,68.89749410519111,97.48,-28.58250589480889,-0.0020117484067373,-0.0065413160518571,0.0622630714250354,0.0128642270596626,-0.0452060199058775,0.2187978756922621,
2021-08-15,46973.82,-0.0020137746906016,68.68352466434844,98.69,-30.00647533565156,-0.0228325054253624,0.0499991271733915,0.0626267993533418,0.0425662635059274,0.0029314200974073,0.2208489750248117,
2021-08-16,45901.29,-0.0230972039927412,69.13791895266917,98.3,-29.16208104733083,-0.0262593927098782,0.0636274056785768,0.1275691816068784,0.0205349348569505,0.0483672681094584,0.3435879470925544,
2021-08-17,44695.95,-0.026610327758852,69.69999491238649,96.68,-26.98000508761352,0.0002089674791565,0.1016483596388488,0.1782700669747483,0.0978600969439067,0.068056949231418,0.3619929769923227,
2021-08-18,44705.29,0.000208945648494,68.91054241138428,95.81,-26.89945758861572,0.0459750960121274,0.1070021019883775,0.0482815344671738,0.0937262681888428,0.0580398874495613,0.3763098282104868,
2021-08-19,46760.62,0.0449495565754806,69.63254152630513,94.5,-24.867458473694867,0.054786484866967,0.0195333167096587,-0.0152331170972498,0.0429252221206648,0.032765177193972,0.3261124424783075,
2021-08-20,49322.47,0.0533383624332684,67.0151182051035,93.06,-26.044881794896497,-0.0101495322517303,-0.0070789236629876,-0.0593508394855326,-0.0474339585993969,-0.0421860462381548,0.3032719164307869,
2021-08-21,48821.87,-0.010201389940111,67.09157783220813,92.71,-25.618422167791863,0.008548423073512,-0.0405146300213408,-0.0813356800958259,-0.0352501860334314,-0.1189272348642114,0.3518820561359079,
2021-08-22,49239.22,0.0085120922059157,65.62826961983083,94.83,-29.201730380169167,0.0050697391225937,-0.0034387222218386,-0.0825669049997136,-0.0087064742292831,-0.1727249131891204,0.2630815435337927,
2021-08-23,49488.85,0.0050569312652992,65.33805132209268,93.64,-28.30194867790732,-0.0366716947352786,-0.0119926003534129,-0.069987684094498,-0.0048942337516429,-0.1201329188291907,0.2263008738331968,
2021-08-24,47674.01,-0.0373610060057764,65.66839007023584,92.85,-27.18160992976415,0.0272540530993721,0.0229437381080384,-0.0573327060173876,0.048771437519101,-0.0589157488535158,0.285537969220546,
2021-08-25,48973.32,0.0268892743558539,63.89106604740884,93.62,-29.728933952591163,-0.0434818386827765,-0.0406427418030878,-0.0380166180279385,0.0192414972070507,-0.1258389261744966,0.2425586012955625,
2021-08-26,46843.87,-0.0444555030189138,62.56545409017331,93.87,-31.304545909826693,0.0475201984806121,0.0054867371120275,0.0272722983818374,0.104880531860412,-0.0890880706483047,0.3465749093744816,
2021-08-27,49069.9,0.0464256551873065,64.43881680751356,90.92,-26.48118319248644,-0.0035571704853688,-0.0052859288484387,-0.0271465806940711,0.073242456169668,-0.1204200538415607,0.2294463612112516,
2021-08-28,48895.35,-0.0035635122599486,64.45079820732552,90.11,-25.65920179267448,-0.0026080189629483,0.0071845277720683,-0.032628256061159,-0.0415503723769232,-0.1380090335788577,0.1946624781293109,
2021-08-29,48767.83,-0.0026114257690363,61.71997710687064,90.6,-28.88002289312936,-0.0366003572436993,0.025248406582782,-0.0097418728698817,-0.0557646300850377,-0.1587376350352271,0.2421280585992855,
2021-08-30,46982.91,-0.0372869556016338,62.769188224451135,92.08,-29.310811775548864,0.0025111258540604,0.0624212080520341,0.0055092372950078,-0.0125102936365585,-0.116183310058913,0.325028824310797,
2021-08-31,47100.89,0.0025079782457921,61.2237498946963,91.08,-29.8562501053037,0.0362971909872615,0.0988514229773576,-0.0867344544869533,-0.0477693733600361,-0.0695695983664003,0.3133337820155841,
2021-09-01,48810.52,0.0356539665870315,62.16954328437697,93.65,-31.480456715623035,0.0089349591030787,0.0789456862987734,-0.165459003509899,-0.0745091427012044,-0.0137042178612314,0.2558727094077262,
2021-09-02,49246.64,0.0088952785436187,61.66595596838462,92.82,-31.15404403161537,0.0152802302857615,-0.0483872605318859,-0.1158054640885144,-0.0654135997907674,-0.0327279180874064,0.2368581897160904,
2021-09-03,49999.14,0.0151646633396987,60.38560842400462,90.15,-29.764391575995383,-0.001670028724494,-0.0790179591088967,-0.1026793660850966,-0.10116994012297,-0.0359832189113652,0.2644215480506264,
2021-09-04,49915.64,-0.0016714247769793,59.57750427068578,91.3,-31.72249572931422,0.0368870358068131,-0.0705289965229335,-0.1423415586778011,-0.0561771821417095,-0.0138373463707967,0.2600555657505343,
2021-09-05,51756.88,0.0362229896654862,58.63624673053961,93.37,-34.733753269460394,0.0175246266776514,-0.1334309564255031,-0.1755561772657083,-0.0702412896604276,-0.005504388981716,0.1862193006997332,
2021-09-06,52663.9,0.017372841164721,57.29739186072127,92.86,-35.56260813927873,-0.1101355957306617,-0.1422266486150855,-0.1804461879959517,-0.0935380782661368,0.0503399862144655,0.1570947081397313,
2021-09-07,46863.73,-0.1166861826166685,70.01301180205105,95.16,-25.146988197948943,-0.0173998100449965,-0.0178920884018409,-0.1006403032793165,0.009308904775612,0.1476939629005202,0.3116883781978088,
2021-09-08,46048.31,-0.0175529659288582,67.64765750065582,92.31,-24.662342499344177,0.0075318725052015,-0.0240525656641903,-0.1090543822346573,0.0487407681193945,0.1716267111648615,0.3740697541342994,
2021-09-09,46395.14,0.0075036495792122,67.50759879861802,91.95,-24.442401201381983,-0.0332843052095541,0.0154408414329603,-0.1049864274577035,0.0182478164738806,0.1843852610424281,0.4554505062383689,
2021-09-10,44850.91,-0.0338508342130965,68.53006724177985,90.57,-22.039932758220147,0.0071967324631763,0.0729193677452697,-0.0228938498683751,-0.0409197940465422,0.2186820735632788,0.4926711631937903,
2021-09-11,45173.69,0.0071709595640012,68.03069691221486,89.46,-21.42930308778513,0.0188505743055305,0.0567615795831599,0.0657001896457871,-0.0982720251544649,0.2722305837756444,0.4362880251757162,
2021-09-12,46025.24,0.0186751039448091,63.30720191224248,92.13,-28.822798087757512,-0.0235633752262888,0.0276965421581725,0.0349734189327421,-0.0539188931986014,0.2166569908163433,0.4073638725186441,
2021-09-13,44940.73,-0.0238454311568689,63.62426561398853,92.14,-28.51573438601148,0.0483033987209373,0.074587350939782,0.072523966566631,-0.0016793229660488,0.2765035191907206,0.4268177219195148,
2021-09-14,47111.52,0.0471730465973742,65.71375934860833,90.9,-25.18624065139167,0.0214361582899471,0.0027642920457671,0.0448599408382495,-0.0912929576460279,0.2172806141682546,0.3665447431965685,
2021-09-15,48121.41,0.0212096353194695,65.63629267787721,90.32,-24.683707322122785,-0.0079712959366735,-0.1061022526147924,0.069627635599206,-0.113271202984285,0.281600435232467,0.3615374113102669,
2021-09-16,47737.82,-0.008003236568181,65.03662473692886,84.17,-19.133375263071144,-0.0091717636037841,-0.1467063221571493,0.1587248852167946,-0.0958761837050791,0.2752063248803569,0.3324181958874534,
2021-09-17,47299.98,-0.0092140831898283,65.11594784520473,82.35,-17.234052154795265,0.0209885923841828,-0.0794158898164439,0.1371087260502013,-0.1089351411987913,0.3008109094337883,0.2697440886867182,
2021-09-18,48292.74,0.0207713661369396,63.61412382944286,84.7,-21.085876170557142,-0.021762898522635,-0.0709729868299043,0.1171747554601374,-0.1504615393535342,0.2840406239115858,0.24956401314152,
2021-09-19,47241.75,-0.0220032032815168,61.31493474712234,85.72,-24.40506525287765,-0.0894575243296448,-0.0937979647239994,0.1631601284880428,-0.1210257875713749,0.3606733450814163,0.2042657183529399,
2021-09-20,43015.62,-0.0937147299741435,69.39301884457016,91.76,-22.36698115542984,-0.0530328285399583,-0.0080198774305706,0.2706779537293662,0.0187950330600836,0.5343591467471585,0.3495618568324714,
2021-09-21,40734.38,-0.054490852225822,71.88765353876434,96.26,-24.372346461235665,0.0689645945267856,0.0595693367617231,0.4108806860445648,0.1818422178022594,0.5267975110950505,0.4657768204646788,
2021-09-22,43543.61,0.0666905113136797,75.53708378675218,88.73,-13.192916213247829,0.0303523295381342,-0.0320657841644274,0.2859964986825851,0.0939584476344519,0.3937342356318183,0.34628295632815,
2021-09-23,44865.26,0.0299008112625428,75.13188647909857,83.84,-8.708113520901435,-0.0457969038850996,-0.085561077769303,0.2786507868225882,0.0743281104355575,0.3660179390468259,0.2536911632742125,
2021-09-24,42810.57,-0.0468787411821704,76.31649887588804,86.92,-10.603501124111958,-0.0032685853049843,-0.0300460844132652,0.3395743154085546,0.1498314551756727,0.4214298010981867,0.3440902562147618,
2021-09-25,42670.64,-0.0032739387986825,74.73328091782282,85.88,-11.146719082177173,0.0114893987997368,0.0270317014228049,0.4453127490002493,0.2062624324359794,0.4782712422405664,0.3390539724738135,
2021-09-26,43160.9,0.0114238968982114,73.06646443685779,89.12,-16.05353556314222,-0.0234830598991216,0.1153986594348124,0.4104332856821799,0.2815997812835227,0.3977653385355726,0.366059558535619,
2021-09-27,42147.35,-0.0237631810423174,73.52460151083278,89.25,-15.72539848916722,-0.0265926564778093,0.1301991702918452,0.4598386375418621,0.2761234098940979,0.3859338724735957,0.2747309142804945,
2021-09-28,41026.54,-0.0269526374133869,74.11761880149623,92.27,-18.15238119850376,0.0121321466543364,0.1748494998603342,0.5114567302043993,0.315037290495372,0.4765049648349579,0.3337958794477915,
2021-09-29,41524.28,0.012059142038448,73.08870839642866,91.77,-18.68129160357134,0.055384945867815,0.1854495731172221,0.5480241921112179,0.3233154193161207,0.4992122680995312,0.3793106105632655,
2021-09-30,43824.1,0.0539055779762114,75.46346398452118,90.97,-15.506536015478815,0.0985190796844659,0.1745133385511625,0.5060528339429675,0.2472361098117246,0.4115336082201346,0.3183670628717989,
2021-10-01,48141.61,0.0939629815441862,81.32816965170187,85.84,-4.511830348298133,-0.0105254061922731,0.1490060261798473,0.291879311888406,0.1937978393327517,0.2733225997219453,0.1829799626560058,
2021-10-02,47634.9,-0.0105811900571929,81.35272691938098,83.97,-2.6172730806190145,0.0118633606872271,0.1291137380366076,0.2740284959137102,0.1755441913387032,0.278707628230562,0.2004658349235539,
2021-10-03,48200.01,0.0117935426656091,81.28474142013333,85.56,-4.275258579866673,0.0212641034721776,0.1193240416340162,0.2715090723010223,0.1901864750650466,0.3116177776726601,0.171791043196879,
2021-10-04,49224.94,0.0210411771061945,81.61332558870204,89.62,-8.006674411297965,0.0456486082055151,0.1162983642031865,0.2362070933961524,0.1650179766597987,0.2777360419332151,0.0889002607214961,
2021-10-05,51471.99,0.0446373705846586,82.11891183799814,92.68,-10.561088162001866,0.0746621609150919,0.0619173651533582,0.2254972073160568,0.198174385719301,0.1927848524993884,-0.0450637327214276,
2021-10-06,55315.0,0.072006343270608,85.65994350465348,89.38,-3.720056495346512,-0.027655789568833,0.0389830968091837,0.0906410557714905,0.1005255355690137,0.1016382536382536,-0.1069993672602368,
2021-10-07,53785.22,-0.0280454112515052,76.0049316806832,88.13,-12.125068319316796,0.0030902541627606,0.0411211481518527,0.0860500338196998,0.1439635275267072,0.1428903702541331,-0.0621601994005045,
2021-10-08,53951.43,0.0030854891415925,75.76557022472066,88.19,-12.424429775279336,0.0185034947173781,0.0633082385397383,0.1227856240325788,0.1493641595783466,0.1727880058044799,-0.0623242053083672,
2021-10-09,54949.72,0.018334387918285,75.98992987658933,87.42,-11.430070123410673,-0.0052906548022446,0.0436438984584452,0.1329213324471898,0.1698074166710947,0.2288657703806316,-0.0815023261265025,
2021-10-10,54659.0,-0.0053046998766927,75.08979855980328,89.23,-14.14020144019672,0.0514526427486781,0.1283122633052196,0.1317292669093837,0.2075122120785233,0.2248240911835197,-0.130141605225123,
2021-10-11,57471.35,0.0501726773419895,77.06161577664683,90.49,-13.428384223353165,-0.025654869774244,0.0592333397423237,0.0666149307437533,0.0821591975827955,0.1289525998606262,-0.179755826163819,
2021-10-12,55996.93,-0.0259896949567152,77.31909015497472,93.37,-16.050909845025288,0.0244668770234368,0.0987804152834808,0.0877580253060301,0.0837776285235636,0.1567466287883996,-0.11798753967405,
2021-10-13,57367.0,0.0241723573039213,77.33144029853555,95.0,-17.668559701464446,-0.0003322467620757,0.0809322432757508,0.1020271236076488,0.0683276099499712,0.1177546324541984,-0.1274792127878397,
2021-10-14,57347.94,-0.0003323019682596,75.56070875393227,97.87,-22.30929124606773,0.0754077653007239,0.1208875157503477,0.0967522111517869,0.0611055950745571,0.1226209694716147,-0.1856246274931584,
2021-10-15,61672.42,0.0726999062161001,79.35824520257722,90.71,-11.351754797422773,-0.012920686426769,0.0701932889936864,-0.0044981208780195,0.0228037103132972,0.0623727753832263,-0.2161280520530895,
2021-10-16,60875.57,-0.0130048845469812,79.43875146420403,86.8,-7.361248535795966,0.0107228564759229,0.0216438219798189,0.0010110788285022,-0.0089815996794773,0.0448647955164938,-0.1972973723285054,
2021-10-17,61528.33,0.0106657743435406,79.46084861623342,89.66,-10.199151383766576,0.0078258259244154,-0.013654035466264,-0.0009381044471709,-0.0506252973223878,-0.0238826569809387,-0.2258463702817873,
2021-10-18,62009.84,0.0077953629773126,79.1765547587391,92.4,-13.223445241260904,0.0366191881804565,-0.0116608912391967,0.0203798300398776,-0.0231245557156735,-0.0268500934690364,-0.2560664565494767,
2021-10-19,64280.59,0.035964637291379,79.79594840675824,94.15,-14.354051593241763,0.0267704450130281,-0.0533344513483774,0.0504855353692306,-0.0315317578759,-0.1149486960216139,-0.2714055673726703,
2021-10-20,66001.41,0.0264183860137485,73.37422465436896,93.04,-19.665775345631047,-0.0576996764160038,-0.0442813267171111,0.0143368149256204,-0.0627595683183132,-0.1204393966734953,-0.2927237463563278,
2021-10-21,62193.15,-0.0594312403714209,73.83937431062213,92.52,-18.680625689377862,-0.024197680934315,-0.0299766131800689,0.0432407749084906,-0.0143641220938318,-0.0399664593287202,-0.2456699813403887,
2021-10-22,60688.22,-0.0244952550243301,70.59835484590113,86.73,-16.131645154098877,0.0098623752682152,-0.037483056843651,0.0673283876178936,0.0036727061693355,-0.0340461460230667,-0.1944090632415979,
2021-10-23,61286.75,0.0098140594579652,69.90757473666403,86.31,-16.40242526333597,-0.0070901132789713,-0.0115989182001003,0.0462657915454809,0.031544175535495,-0.0822293562637926,-0.2071995986081819,
2021-10-24,60852.22,-0.0071153675734619,68.01361732821893,89.88,-21.866382671781068,0.0365896264754186,0.0230310414311918,0.0579729055078024,0.0335938442344421,-0.0544096829992398,-0.1645529119562113,
2021-10-25,63078.78,0.0359361194644907,69.14961272181225,84.45,-15.300387278187756,-0.0435958019479768,-0.0193343942289307,0.0386868610965525,-0.026693128814476,-0.0941757275584593,-0.1943407909918358,
2021-10-26,60328.81,-0.0445746539763763,70.76390501508496,89.01,-18.246094984915047,-0.0317488443746859,0.0160949635837339,0.0543344050711427,0.0100832421524641,-0.022683192325524,-0.1645838862062751,
2021-10-27,58413.44,-0.0322637670684276,71.17215361268612,88.45,-17.277846387313886,0.0370197338146836,0.0427584816097117,0.0281686885757799,0.0523367567463926,-0.0802368427539964,-0.1307567231102979,
2021-10-28,60575.89,0.0363509587815479,71.6788722985964,89.87,-18.1911277014036,0.0276978183894616,0.0436493793157639,-0.0038137285312687,0.044534219802631,-0.0966533054652601,-0.163009573610887,
2021-10-29,62253.71,0.0273211728379008,72.187154462459,87.58,-15.392845537540992,-0.006337292990249,0.0103250071361209,-0.0861328585878656,0.084687643515543,-0.0799764383520276,-0.2362906564122845,
2021-10-30,61859.19,-0.0063574588746964,69.73064122893314,87.17,-17.439358771066864,-0.0090429570771941,-0.0075038163286651,-0.0615421896083671,0.0822589173896393,-0.0660037740552373,-0.2488640733899036,
2021-10-31,61299.8,-0.0090840927936784,61.62955664191387,87.64,-26.01044335808613,-0.006340803722035,-0.0059164956492516,-0.0259754517959275,0.0584443994923311,-0.0709503130515923,-0.2313046698357906,
2021-11-01,60911.11,-0.0063609920031545,61.55894055798176,85.45,-23.891059442018246,0.0379057285280139,0.0091855164025085,-0.0375808288504347,0.063422748329492,-0.0611881806126993,-0.241239734426117,
2021-11-02,63219.99,0.0372049603187191,62.77732819927442,87.23,-24.452671800725582,-0.0051172105531809,0.0008478330983601,-0.110294386316733,0.0142714353482182,-0.1066063123388663,-0.2451335408309934,
2021-11-03,62896.48,-0.0051303483133919,62.37250707522279,85.84,-23.46749292477721,-0.0238720831436035,0.0736026880995566,-0.0851432385405353,0.0235866935637734,-0.1477893516457519,-0.2481903597784804,
2021-11-04,61395.01,-0.0241616388040991,60.98308438560818,84.73,-23.746915614391824,-0.0074580979789725,0.0904413892920614,-0.0693333220403417,0.0671730487542878,-0.1994061080859829,-0.2434873778829909,
2021-11-05,60937.12,-0.0074860486509893,55.63203892232349,85.71,-30.077961077676505,0.0087547622861072,0.0647439524545958,-0.0324393407499402,0.0438094219090103,-0.18938850408421,-0.247880273961093,
2021-11-06,61470.61,0.0087166615684314,54.84953683862673,87.07,-32.22046316137326,0.0293307647345617,0.0537435694879226,-0.1259802041983966,-0.0229660971316211,-0.1794140321691943,-0.2931397622375962,
2021-11-07,63273.59,0.0289088480909455,55.7583432686745,86.59,-30.831656731325506,0.0672040261979762,0.0134122309165642,-0.1351679270924883,-0.0462866102587192,-0.2004728987244125,-0.3191107063784432,
2021-11-08,67525.83,0.0650421688463713,59.85652407545382,86.69,-26.83347592454618,-0.0085622050110305,-0.0465870615733268,-0.1518078341280663,-0.1574835881321266,-0.252564685247112,-0.3844358521768632,
2021-11-09,66947.66,-0.0085990712768805,59.903057660111344,84.68,-24.776942339888663,-0.0308484269651845,-0.0213384605227427,-0.1369937351059021,-0.1328712609223384,-0.2898095318043977,-0.3774279788121049,
2021-11-10,64882.43,-0.0313342572034824,58.32290963799459,86.36,-28.037090362005408,-0.0016671693708142,-0.0196615632306004,-0.1222498910722055,-0.0797584184192854,-0.2734467559245238,-0.3547618361396143,
2021-11-11,64774.26,-0.0016685606442103,57.61700302116657,85.23,-27.61299697883344,-0.010066189872335,-0.0727972808952197,-0.1171791078740228,-0.0949797033574757,-0.2375059167020974,-0.3543347311107838,
2021-11-12,64122.23,-0.0101171965455318,57.10588736857584,88.44,-31.33411263142416,0.0040199787187686,-0.0589087435043977,-0.1191769219504688,-0.1228131024139367,-0.2193986391302985,-0.3336275110831298,
2021-11-13,64380.0,0.0040119201938321,57.12291329612052,87.74,-30.61708670387948,0.0176933830382106,-0.1163153153153152,-0.1674269959614787,-0.1062244485865175,-0.2745767319043181,-0.3180698974836905,
2021-11-14,65519.1,0.0175386773160723,51.55007822897223,87.22,-35.66992177102777,-0.0291878246190805,-0.1139646301612812,-0.2497993714809879,-0.1279139975976471,-0.2621498158552239,-0.350416748703813,
2021-11-15,63606.74,-0.0296222636128275,52.37932157586974,85.04,-32.66067842413027,-0.0557782084099891,-0.0613021513128954,-0.2234104436102211,-0.0730485479997874,-0.2317641180793104,-0.3230283457382031,
2021-11-16,60058.87,-0.0573941917145322,55.95117537884967,87.28,-31.32882462115033,0.0047619943565371,-0.023924026542624,-0.1601253903045462,-0.1054355501527085,-0.2069051582222576,-0.2826323572188421,
2021-11-17,60344.87,0.004750691928607,55.90962822901655,89.88,-33.97037177098345,-0.0572252454931131,-0.0679045294156736,-0.1616694177980664,-0.0931949973543733,-0.2355406515914277,-0.2862415645273575,
2021-11-18,56891.62,-0.0589278854245312,58.23232030720944,90.12,-31.887679692790563,0.020400544052006,0.0114190807011647,-0.1128537032343252,0.0067366687747685,-0.1767771773769142,-0.2582102601402456,
2021-11-19,58052.24,0.0201952404606085,57.9284873803937,85.78,-27.851512619606304,0.0285134561560416,-0.015743578542361,-0.1809861255999768,-0.0047541662475039,-0.1958754735390054,-0.2704481343011052,
2021-11-20,59707.51,0.02811451330778,54.97401806821933,85.44,-30.465981931780668,-0.0181801250797429,-0.012513501232927,-0.2104755331448254,-0.0461742584810521,-0.2142670159917906,-0.3022651589389676,
2021-11-21,58622.02,-0.018347414213866,54.681778410512,85.94,-31.258221589487995,-0.0405110571078921,-0.0835094048277421,-0.1574839966278882,-0.024529178626052,-0.1660150912575172,-0.3060472839386973,
2021-11-22,56247.18,-0.0413544874234942,56.448667217421686,88.98,-32.53133278257832,0.0230071978719643,-0.0271329158190686,-0.1101082756504414,0.004145274483094,-0.1361671820702833,-0.3520508939292601,
2021-11-23,57541.27,0.0227465229877125,56.94947842303826,89.91,-32.96052157696174,-0.0070033212683695,-0.0046295467583526,-0.1883608060788369,-0.0684764170133886,-0.1164809188257401,-0.3904997230683299,
2021-11-24,57138.29,-0.0070279596236954,55.60693820016242,90.42,-34.813061799837584,0.0318887737102386,0.0111651923780007,-0.153924977453823,-0.1397630205594182,-0.110578913019623,-0.3656696761488661,
2021-11-25,58960.36,0.0313908838384089,54.5002837271534,86.52,-32.0197162728466,-0.0887686235294357,-0.0340873088291863,-0.1712231743496817,-0.1622111873129675,-0.1451941609583116,-0.378220384000369,
2021-11-26,53726.53,-0.0929584332118025,62.40982681044298,86.06,-23.650173189557023,0.0185104081726477,0.0643544260163462,-0.1134290638163306,-0.0611357182382708,-0.0549270537293214,-0.3121029778025865,
2021-11-27,54721.03,0.0183411757514558,61.44221357949646,83.72,-22.27778642050354,0.0466703568993491,0.0321505278683533,-0.1569749326721372,-0.0755117365298131,-0.0734560369203576,-0.3273273547665313,
2021-11-28,57274.88,0.0456140369458521,62.74928311756492,86.32,-23.57071688243507,0.0087537503352255,-0.0641438271018637,-0.1822858467796003,-0.1187901223014347,-0.1699024074777634,-0.3511972438877218,
2021-11-29,57776.25,0.0087156583995471,62.783733755575085,82.85,-20.06626624442491,-0.0142911663529564,-0.1492616775924363,-0.1920342701369507,-0.1770737976244565,-0.1957826961770623,-0.3471961229744056,
2021-11-30,56950.56,-0.0143942685501055,62.90441893612319,84.08,-21.175581063876805,0.0041002230706774,-0.1326454033112228,-0.1762300493621132,-0.1722550226020603,-0.1726004098993934,-0.3298250271814711,Médio
2021-12-01,57184.07,0.004091840063051,62.881476622437695,83.64,-20.758523377562305,-0.0123063993171524,-0.1179025907040195,-0.145043715846039,-0.1362980984039786,-0.1917866286887239,-0.3375469776810219,Médio
2021-12-02,56480.34,-0.012382750098007,61.6791978918741,85.26,-23.58080210812591,-0.0509786237122509,-0.1043086851106066,-0.1397332239855495,-0.1137818929560267,-0.1550573172895204,-0.3189329242706399,Médio
2021-12-03,53601.05,-0.0523239555597734,64.29789795317446,84.55,-20.25210204682554,-0.0829942697018062,-0.0583917665791995,-0.0515333188435674,-0.1286971057469956,-0.1178124309132004,-0.2781001491575259,Médio
2021-12-04,49152.47,-0.0866415577831535,70.54441821920548,87.29,-16.745581780794524,0.0049612969602546,-0.0326917446875,0.0339256602974378,-0.0164628552746179,-0.0550607121066347,-0.2493488119722162,Médio
2021-12-05,49396.33,0.0049490302821823,70.51720782196496,89.39,-18.87279217803504,0.0211673620287173,-0.0456671578637521,0.0203118328831313,-0.0107568720186297,-0.0721575874159071,-0.2446481347905805,Médio
2021-12-06,50441.92,0.0209464454638685,70.82947146464754,86.84,-16.010528535352464,0.0029148375002379,-0.0208542815182293,0.0066129520842981,-0.0556985142516383,-0.1385908783805216,-0.1757996127030849,Médio
2021-12-07,50588.95,0.0029105975984963,70.1153712658471,86.0,-15.884628734152898,-0.0023277810668138,-0.010576420344759,0.0022236081199551,-0.0881170690437338,-0.1483849733983409,-0.1819836149989276,Médio
2021-12-08,50471.19,-0.002330494560926,66.34845311490724,87.16,-20.81154688509276,-0.0579657424364277,-0.0746651703674908,-0.0580023970110473,-0.0720551665217325,-0.1764315444117723,-0.1602958043985093,Médio
2021-12-09,47545.59,-0.0597136382267212,69.47625351605454,90.3,-20.823746483945456,-0.0085191917904478,0.0167773709401861,-0.0227346006222657,-0.0181796040389864,-0.1233731666806532,-0.0779378276723455,Médio
2021-12-10,47140.54,-0.008555687528783,68.67604460972022,89.98,-21.303955390279786,0.0477179514702206,0.036580828306167,-0.0004172629333477,-0.0048022360371773,-0.111918955531693,-0.065708835749442,Médio
2021-12-11,49389.99,0.0466144194002914,70.5721642722797,88.72,-18.147835727720302,0.0134421974979141,-0.0355863607180321,-0.0642450018718368,-0.0101257360044009,-0.153219306179248,-0.1015847543196505,Médio
2021-12-12,50053.9,0.013352652721007,70.6375906282991,92.25,-21.612409371700902,-0.0669508270084848,-0.0783695176599627,-0.046574792373821,-0.029283232675176,-0.1463344514613247,-0.1310279518678864,Médio
2021-12-13,46702.75,-0.0692973753526391,74.64562689739067,90.29,-15.644373102609336,0.0351270535460974,0.0028206047823737,0.0124924121170595,0.0885613802185096,-0.0599555700681436,-0.0926930427009115,Médio
2021-12-14,48343.28,0.0345241762326719,75.36286284314292,92.34,-16.977137156857083,0.0107915722722993,-0.0343801661782153,-0.039243923871115,0.051231939578779,-0.1196271746559191,-0.1267065453564589,Médio
2021-12-15,48864.98,0.0107337588163948,74.74502567789615,89.34,-14.594974322103852,-0.0252246087075039,-0.0399226603592184,-0.0620683769849081,0.0314065410443225,-0.118797142657175,-0.139390622895988,Médio
2021-12-16,47632.38,-0.0255482024281838,72.56342500070934,86.78,-14.216574999290655,-0.0315159561625936,0.0264001084976228,-0.087781672887225,0.0659868350059351,-0.0954831566258078,-0.1069952834605366,Médio
2021-12-17,46131.2,-0.0320232713999651,73.39940519544508,85.34,-11.94059480455492,0.0152452136514984,0.0532602663706993,-0.0660917123335183,0.0990704772475028,-0.0663225756104327,-0.034387572835738,Alto
2021-12-18,46834.48,0.0151301731200651,70.66001629002241,87.43,-16.769983709977595,-0.0032721618773177,0.0854996148137012,-0.1124812317762469,0.0151439708522438,-0.098919855627734,-0.0632209432025295,Médio
2021-12-19,46681.23,-0.0032775271061218,70.31730507576138,87.83,-17.512694924238616,0.0049897999688526,0.0886602602373587,-0.1071413499601446,-0.0046393379094766,-0.0927377020699754,-0.1320772824537829,Médio
2021-12-20,46914.16,0.0049773921748109,69.65177051825509,87.31,-17.65822948174491,0.0421135111446095,0.0742952660774487,-0.1076336014542305,0.0044061323915849,-0.1119949712410922,-0.1479237824997825,Médio
2021-12-21,48889.88,0.0412508732374541,70.83392534673818,86.04,-15.206074653261824,-0.0061714203430238,0.0385685135655886,-0.1445573194288879,-0.0546728689045666,-0.1679073460601661,-0.1802154147238651,Médio
2021-12-22,48588.16,-0.0061905422711137,69.38324027236396,82.99,-13.606759727636032,0.0463209555578971,0.0434937235738088,-0.1205822570766211,-0.0178131874102662,-0.2499137649995391,-0.2099538241415193,Médio
2021-12-23,50838.81,0.0452801594542274,70.71446435329366,82.99,-12.27553564670633,-0.0003699929246966,-0.0648140662615824,-0.1364341533564612,-0.0698802745382907,-0.3101447496509064,-0.2720490507153884,Alto
2021-12-24,50820.0,-0.0003700613889668,70.6720789571805,82.57,-11.89792104281949,-0.0082711530893347,-0.0857012987012986,-0.1625322707595434,-0.0860665092483274,-0.2868053915781188,-0.2477306178669814,Alto
2021-12-25,50399.66,-0.0083055488691955,69.87880042032188,81.08,-11.201199579678118,0.0074569947495677,-0.0650557960113222,-0.1456299506782388,-0.0906285875738051,-0.2726071961596567,-0.2609075140586265,Alto
2021-12-26,50775.49,0.007429328815574,61.95488340015729,80.26,-18.305116599842712,-0.0014583808053845,-0.0897787495502259,-0.1514746583440159,-0.1442499127039443,-0.2721228293414794,-0.2451631682924182,Médio
2021-12-27,50701.44,-0.0014594452777345,61.62579178279813,83.29,-21.664208217201875,-0.062280282374623,-0.0587515857537773,-0.1504844832809482,-0.1502744300753589,-0.2739981349642141,-0.2264683212153343,Médio
2021-12-28,47543.74,-0.0643041831297982,63.62144846175525,76.7,-13.078551538244753,-0.0226965737234806,-0.0054173272864103,-0.1123622163506697,-0.1257212831804985,-0.2184018337640244,-0.1772477301953947,Alto
2021-12-29,46464.66,-0.0229581057839618,64.05133868978481,80.73,-16.67866131021519,0.0141227763207565,-0.0003994433619013,-0.0885089872604254,-0.1029797700015453,-0.1882742712418428,-0.1886506863495827,Médio
2021-12-30,47120.87,0.0140239790234345,64.04134361583395,80.68,-16.638656384166055,-0.0191834318848527,-0.0273522114511043,-0.1158904748575312,-0.1115482375431523,-0.1900225950836647,-0.0840576585279516,Médio
2021-12-31,46216.93,-0.0193698214926749,64.38093446860407,75.51,-11.129065531395938,0.0325794032619648,-0.0598438710662955,-0.1197833780824472,-0.0950829057663501,-0.1803488461912117,-0.0388543765239275,Alto
2022-01-01,47722.65,0.0320599467817787,65.20201805452615,70.91,-5.707981945473847,-0.0091459715669603,-0.0972355893899438,-0.2363100121221265,-0.1046329153976152,-0.1939487853252072,-0.0802484774001442,Alto
2022-01-02,47286.18,-0.0091880527435928,62.67755374585732,72.06,-9.382446254142684,-0.0177658673210651,-0.1209592316401958,-0.2583156431752365,-0.0715540988931648,-0.1816934673090531,-0.1021901113602324,Alto
2022-01-03,46446.1,-0.0179255747295972,55.265251512175695,71.94,-16.674748487824303,-0.0132215621979024,-0.1026213180439261,-0.2196427687147036,-0.0836666587722111,-0.2056090823556767,-0.157116313318018,Médio
2022-01-04,45832.01,-0.0133097451918317,55.43303367149506,72.52,-17.086966328504936,-0.0519479726069183,-0.0865637356947687,-0.200114723312375,-0.0604828372135545,-0.185905003948114,-0.1403833259767574,Médio
2022-01-05,43451.13,-0.0533458970167032,58.01445232632573,75.64,-17.625547673674276,-0.008488156694659,-0.0374821092109687,-0.1494278744879591,-0.0084425882594997,-0.0431951942331533,-0.1157696013889627,Médio
2022-01-06,43082.31,-0.0085243862571746,58.08172602419563,73.19,-15.108273975804366,-0.0351845107655554,-0.0081940824435828,-0.1456043095182222,-0.0002472012294604,-0.0394528519942408,-0.1182459807749398,Médio
2022-01-07,41566.48,-0.0358183987906099,59.404707618204746,73.86,-14.455292381795251,0.0027247917071639,0.056203460095731,-0.1060080141498631,0.0152801006965228,0.0195924697015479,-0.0682244443118591,Médio
2022-01-08,41679.74,0.0027210861918856,55.64163054565419,71.56,-15.918369454345816,0.0044357282459057,0.0211222526819985,-0.095086485664258,0.0161320584053548,0.051829737901436,0.0062853079217863,Médio
2022-01-09,41864.62,0.0044259193989263,55.58298637965048,73.5,-17.917013620349522,-0.001006339004152,0.0285525104491572,-0.088327088601306,-0.0048874204519233,0.0520336742576428,-0.0583456866442356,Médio
2022-01-10,41822.49,-0.0010068457032168,53.15281473907796,74.1,-20.94718526092204,0.0216821140969847,0.030170370056876,-0.0942251405882336,-0.0272958401089938,0.060977478863645,-0.0739535116154012,Médio
2022-01-11,42729.29,0.021450400439678,53.47439187668056,75.37,-21.89560812331944,0.0274605545750936,0.0080125365996017,-0.099753354198022,-0.1470649289983522,0.0179303236725909,-0.0917855176156683,Médio
2022-01-12,43902.66,0.0270902769434108,48.626546312314986,71.81,-23.183453687685017,-0.030580151635459,-0.0387457160910068,-0.1186276640185357,-0.2011550097420066,-0.0348254524896669,-0.1395204755247178,Médio
2022-01-13,42560.11,-0.0310574808840993,48.34128558288637,67.51,-19.16871441711364,0.0117445655098165,-0.004886970451909,-0.133076488759075,-0.1483915337624831,-0.0080413325999392,-0.0678743546480494,Médio
2022-01-14,43059.96,0.0116761333829025,48.36785410601278,65.13,-16.762145893987217,0.0005650260706233,-0.0325116419058447,-0.1334964082641971,-0.1486208997871805,-0.0233697383834076,-0.0877759756395499,Médio
2022-01-15,43084.29,0.0005648665034966,47.5402461368744,62.95,-15.409753863125609,-0.00029314629532,-0.0557832100749483,-0.0350485060795942,-0.1421857015631452,-0.0127273769626933,-0.0457310541731104,Médio
2022-01-16,43071.66,-0.0002931892710942,46.209496015693546,62.22,-16.010503984306453,-0.0201998251286344,-0.1538447786781379,-0.0392153448462401,-0.1453930496293852,0.0342034646447337,-0.0500041094306558,Médio
2022-01-17,42201.62,-0.0204066313010858,46.45568912004494,65.23,-18.774310879955067,0.0035662138088536,-0.1689555993348124,0.0042474672773225,-0.1194627125688541,0.0396179104024916,-0.0105235296654488,Médio
2022-01-18,42352.12,0.0035598699462948,46.458217011785415,67.27,-20.81178298821458,-0.016341802960513,-0.1442093099471761,0.0351309450388785,-0.1094528443912608,-0.0433607573835738,-0.0035651107902038,Médio
2022-01-19,41660.01,-0.0164768030058258,46.78014947375196,65.96,-19.179850526248032,-0.0235021547042355,-0.1200110129594305,0.0572006583771822,-0.0838494757922526,-0.0404601439125914,-0.0095511258878718,Médio
2022-01-20,40680.91,-0.0237827352261948,45.27877095223508,65.24,-19.96122904776492,-0.1041176315869041,-0.0915070483919854,0.0907504281492228,-0.0688074578469361,-0.0147917045120181,0.0078990366734665,Médio
2022-01-21,36445.31,-0.109946159879111,59.29781099446701,77.8,-18.50218900553299,-0.0376973059084968,0.0099883908244984,0.1934440947271405,0.055469139925,0.0532737957229614,0.1624027892752182,Médio
2022-01-22,35071.42,-0.0384262269858507,58.70628622066484,81.0,-22.293713779335164,0.0334497434093059,0.0595550451051027,0.2082125559786289,0.1033083348207741,0.0552227426206297,0.2227266532122167,Médio
2022-01-23,36244.55,0.0329024713901343,59.81742540985729,77.29,-17.472574590142713,0.0114720695939112,0.0406132784101331,0.1648060191118388,0.0179836692688968,0.0547883750798394,0.2137399967719284,Médio
2022-01-24,36660.35,0.0114067643862018,59.87956350341349,78.59,-18.71043649658651,0.0081278547531598,0.0410931701415835,0.1471156167357923,0.0177646967363924,0.016084407268343,0.2087489617529567,Médio
2022-01-25,36958.32,0.0080950016385566,59.89006131142454,81.26,-21.369938688575463,-0.0040310273843616,0.0249859842114035,0.1509164918751719,0.1248955580232002,0.0370387506791434,0.2043639970648014,Médio
2022-01-26,36809.34,-0.0040391738751032,59.9044679374608,80.39,-20.485532062539207,0.0095291032113045,0.0450309622503419,0.2101510105859003,0.1242415647767658,0.0654678948332136,0.2721705958324709,Médio
2022-01-27,37160.1,0.0094839876878423,55.645248154397024,80.14,-24.494751845602977,0.0149746636849739,0.0412940223519311,0.1806631306159025,0.1404939706836097,0.0526537872610677,0.2680861999833155,Baixo
2022-01-28,37716.56,0.0148636502954723,55.30954542782687,74.77,-19.460454572173127,0.0119385224951586,-0.0217464158979503,0.0742151458139341,0.162353883811249,-0.0004637220361559,0.257665068076198,Médio
2022-01-29,38166.84,0.0118678204974371,55.2481090338018,75.18,-19.931890966198203,-0.0074693110564038,-0.0224076711616679,0.0473604836030441,0.1539595628037322,0.1308245587006942,0.2332168447793949,Médio
2022-01-30,37881.76,-0.0074973460488602,54.89575889271327,74.32,-19.42424110728673,0.0154464840070789,0.0974740877931752,0.0580070725330605,0.1713478993584247,0.172627670942427,0.2013787110208182,Médio
2022-01-31,38466.9,0.0153284014936499,54.00997354019053,70.99,-16.980026459809466,0.0059191148753863,0.0757973738460857,-0.0020799700521747,0.1307238170998963,0.1410584164567458,0.2032030134999181,Médio
2022-02-01,38694.59,0.0059016657367129,53.95408892892818,71.81,-17.855911071071823,-0.046472388000493,0.0952660307293604,-0.0435830952078828,0.0950815088104048,0.0971559590113244,0.1839122730076738,Médio
2022-02-02,36896.36,-0.0475868957877958,56.10227024591877,75.0,-18.897729754081222,0.0112544977336517,0.1881928190206296,0.0361545149711246,0.1442285905709941,0.0610439620602141,0.2577758347977956,Médio
2022-02-03,37311.61,0.0111916370777332,56.04596901883995,74.14,-18.094030981160053,0.1142443330641589,0.1804097973794214,-0.0016509606527297,0.127093148754503,0.055916911652968,0.2484186557481706,Médio
2022-02-04,41574.25,0.108176446956934,64.95132265960494,70.14,-5.18867734039506,-0.004610065124446,0.0673125793008893,-0.0781021906588814,0.0231318664798523,-0.0758507970678966,0.0943685093537467,Alto
2022-02-05,41382.59,-0.0046207242467869,64.90324416826184,67.37,-2.466755831738169,0.0241231880363217,0.0510564950139662,-0.0522785064927061,0.0764154684373308,-0.0820294234846102,0.0432036757486664,Alto
2022-02-06,42380.87,0.0238368201984735,64.22980762364602,70.69,-6.460192376353973,0.0344287410805865,-0.000168472237592,-0.0770194193748264,0.0352208437438872,-0.0861294258470862,0.0250896218034222,Alto
2022-02-07,43839.99,0.0338493333568956,65.29908301682924,69.18,-3.880916983170764,0.0046304755087762,-0.03700092084875,-0.1400757618785952,-0.0758278001432025,-0.0433001923586204,-0.0362221797952051,Alto
2022-02-08,44042.99,0.0046197878370261,65.30071674101274,70.27,-4.969283258987261,0.0074865489377538,-0.0451679143491392,-0.0200483663802116,-0.0923767891326178,-0.1049199884022406,-0.029267313595194,Alto
2022-02-09,44372.72,0.0074586638193073,65.35157831371329,69.81,-4.458421686286712,-0.0197707059652867,-0.0413943522055894,0.0010925631784572,-0.0967610279469007,-0.1271761118092378,-0.0498925916644281,Alto
2022-02-10,43495.44,-0.0199687611802417,65.294427916576,70.81,-5.515572083424004,-0.0257891401949261,0.0241271268896232,0.0091398086787948,-0.1174502430599622,-0.1077832526812005,-0.091158751354165,Alto
2022-02-11,42373.73,-0.0261275102636211,65.24667474763525,72.34,-7.09332525236475,-0.003678222332563,0.03539527910335,0.0018943340602772,-0.1266249159561832,-0.1084726315101363,-0.0542503574738405,Alto
2022-02-12,42217.87,-0.003685003626171,64.35390463513602,71.32,-6.966095364863975,-0.0038895851448687,-0.0403187086416251,-0.0726993095577772,-0.0944514728004989,-0.0603180596273568,-0.0253466127021567,Alto
2022-02-13,42053.66,-0.0038971692535803,64.23928576300041,73.05,-8.810714236999587,0.0114682051455212,-0.0494420699648973,-0.0631502703926365,-0.1142266808644004,-0.0659474109982342,-0.0502044292934313,Alto
2022-02-14,42535.94,0.0114029437609088,64.36199951599723,72.16,-7.79800048400277,0.0472287670144353,-0.0577575104723206,-0.0967447762997597,-0.0989452684012626,-0.0334291425086644,-0.0466438498831811,Alto
2022-02-15,44544.86,0.0461474056472828,66.34422200971044,70.59,-4.245777990289568,-0.015070201141052,-0.1382419879644925,-0.1471967809529539,-0.1195579018544452,-0.0814226377633693,-0.093527064626536,Alto
2022-02-16,43873.56,-0.0151849105438506,66.17359106505891,68.07,-1.8964089349410784,-0.07653493356819,-0.1564814890790716,-0.1172216250516255,-0.1084215641493417,-0.0482306427834895,-0.0956257025871617,Alto
2022-02-17,40515.7,-0.079622307419647,71.75467872895544,71.54,0.2146787289554339,-0.0133592656673831,-0.0564070224628969,0.0351964793894712,-0.0695194702300588,0.0415994293570147,0.0070449233260192,Alto
2022-02-18,39974.44,-0.0134493034485351,71.67782617021227,68.83,2.847826170212272,0.0026199241315199,-0.0681543005980821,-0.0138198308719271,0.0796899218600686,0.0322123336812223,0.0379927773847488,Alto
2022-02-19,40079.17,0.0026164981129269,71.2020139125573,67.72,3.4820139125573064,-0.0422234292776022,-0.0437124820698632,-0.0336733520180183,0.1083363253280944,0.0230314150717192,0.0319123375059913,Alto
2022-02-20,38386.89,-0.0431407529280498,61.85012294474485,73.92,-12.069877055255157,-0.0359166892655278,0.0216813604853114,0.0109534791695811,0.1434367306129775,0.1036093312065655,0.054526949174575,Alto
2022-02-21,37008.16,-0.0365775661820244,61.71359514146222,77.69,-15.976404858537776,0.0330243384161763,0.0569755426911253,0.0207840649197363,0.1471524117924261,0.158737964816408,0.0729844445116967,Médio
2022-02-22,38230.33,0.0324907507662171,61.68704972520671,75.22,-13.532950274793286,-0.0256424676428375,-0.0138962964745531,0.0376936322548091,0.0240209802007986,0.1506952725754655,0.0316834827217027,Médio
2022-02-23,37250.01,-0.0259769663535837,62.22188151156709,73.78,-11.55811848843291,0.0289181130421172,0.1586574070718369,0.0545052202670548,0.0576630717683028,0.1896147141973923,0.0590636083050715,Alto
2022-02-24,38327.21,0.0285078745231434,62.94813901087583,79.88,-16.931860989124168,0.0232722392263877,0.1589990505439869,0.072710484274749,0.002442129234035,0.1613490781092597,0.0547618780495633,Médio
2022-02-25,39219.17,0.0230055700671098,63.44191096246292,71.44,-7.998089037537078,-0.0026122429413982,0.1191715683937217,0.0433137672214889,-0.0313920462875679,0.1940018108491332,-0.028213753631196,Alto
2022-02-26,39116.72,-0.0026156608014754,63.36217356128056,72.49,-9.127826438719431,-0.0362415355888735,0.0853159467358204,0.0675105172417318,-0.0098702038412219,0.2046564742647134,0.003042177360474,Alto
2022-02-27,37699.07,-0.0369145713560052,64.44904083797763,80.65,-16.20095916202237,0.1448558280084892,0.0384516116710571,0.1194209830640384,0.112539646203474,0.2582485456537788,0.0541923182720422,Médio
2022-02-28,43160.0,0.1352787146752529,79.76893462852263,77.47,2.2989346285226304,0.0292215013901759,-0.0871649675625579,-0.0439733549582946,-0.0866079703429101,0.0905465708989805,-0.1057435125115847,Alto
2022-03-01,44421.2,0.0288026925696246,80.35656846072632,76.99,3.366568460726328,-0.0118911690814293,-0.1350794215374641,-0.0769666285467298,-0.1281286863029364,0.0245184731614633,-0.1528639478447226,Alto
2022-03-02,43892.98,-0.0119624345490484,80.28699638456703,73.8,6.486996384567036,-0.0327838301249995,-0.134531307739871,-0.0348313101548358,-0.1158640857831936,0.054462239747677,-0.1235876443112315,Alto
2022-03-03,42454.0,-0.0333332615882579,81.09838952323337,73.7,7.398389523233362,-0.0778569746078107,-0.0877036321665803,0.0100994017053752,-0.1101582889715928,0.0790738210769304,-0.0925434588024685,Alto
2022-03-04,39148.66,-0.0810549423019875,84.26607477191943,79.28,4.986074771919434,0.0063680340527618,0.0713447152469586,0.123702829164523,0.0133519257108671,0.185413498188699,-0.0362645873447522,Alto
2022-03-05,39397.96,0.0063478437934202,84.20471986222314,77.39,6.814719862223143,-0.0248020455881472,0.0006101838775409,0.1247577285727485,-0.0029856875838241,0.182307662630248,0.0074125665389781,Alto
2022-03-06,38420.81,-0.0251147984261219,75.78532615420623,79.72,-3.934673845793768,-0.0112649889473959,0.0080362699276772,0.1585198229813478,0.0700971686958187,0.1841902864619462,-0.0486153207077101,Alto
2022-03-07,37988.0,-0.0113289195068569,75.8711617247455,80.7,-4.828838275254498,0.0195490681267767,0.0215689164999473,0.2326987469727282,0.0771269874697273,0.1364238706960092,-0.0519698325787091,Alto
2022-03-08,38730.63,0.0193604394737655,75.71596144029374,80.93,-5.214038559706268,0.0829080239593313,-0.0246133357500252,0.2166652078729418,0.0781520982230343,0.1217010929076032,-0.0841256648807415,Alto
2022-03-09,41941.71,0.0796500373203137,79.7832868742526,81.01,-1.226713125747409,-0.0600764727999884,-0.0541308401588775,0.1309696242713995,0.0061852509113242,0.0073983631091818,-0.188435569269827,Alto
2022-03-10,39422.0,-0.0619567610700479,82.64266914723592,80.13,2.512669147235925,-0.0175645578610927,-0.0035936786565876,0.1939523616254883,0.0466772360610827,0.0845205722692912,-0.2370678808786971,Alto
2022-03-11,38729.57,-0.0177206451442286,82.83265156273268,79.73,3.1026515627326745,0.0020085428265792,0.0615661366754136,0.1750799195550065,0.058680744454431,0.0885442311907929,-0.1991364737589392,Alto
2022-03-12,38807.36,0.002006528401358,82.54225134709235,81.13,1.4122513470923508,-0.0265418724695523,0.0543850444864066,0.1926472194965078,0.0916519443734382,0.0186328057358191,-0.2500407139264304,Alto
2022-03-13,37777.34,-0.0269004673903178,82.57245408583705,82.47,0.1024540858370528,0.0501366692308142,0.1053586620974373,0.2126581702152667,0.1351450366807194,0.0608195283204164,-0.2315565362728026,Alto
2022-03-14,39671.37,0.0489203168714056,84.307356631188,82.43,1.8773566311879928,-0.0098569825040073,0.0637679011337393,0.1697944890736062,0.1088969198694169,0.0372162594838545,-0.2617585427475785,Alto
2022-03-15,39280.33,-0.0099058841699839,84.36718109976032,81.98,2.387181099760312,0.0466816342938054,0.0504522237975086,0.1858482349817325,0.1281259602452424,0.0168544918028945,-0.2340507322621779,Alto
2022-03-16,41114.0,0.0456248114305101,85.7628442987082,81.79,3.972844298708196,-0.0047696648343629,-0.0027180522449773,0.1066193997178577,0.0826304908303741,-0.0136717419856983,-0.2379994649024663,Alto
2022-03-17,40917.9,-0.0047810759850474,84.25525106299976,75.18,9.075251062999754,0.0205193814931852,0.0353446780015591,0.055050967913798,0.1444321433895679,-0.0131773624746138,-0.2699036363058711,Alto
2022-03-18,41757.51,0.0203116952414414,84.3865430746563,70.75,13.636543074656302,0.010623717745622,0.026947248530863,0.0403922551895454,0.1284726986834223,-0.0497967910442935,-0.2709112684161484,Alto
2022-03-19,42201.13,0.0105676825747715,79.77057277817717,71.66,8.110572778177172,-0.0222510629454708,0.0424237455252975,0.0012056549196668,0.1240172952714775,-0.0331744671291976,-0.3195604003968614,Alto
2022-03-20,41262.11,-0.0225023524813114,80.01839405623008,72.67,7.348394056230077,-0.0062977874859041,0.0739431405713377,0.0361556885966325,0.1407072978090553,0.0056000529299156,-0.265204081904682,Alto
2022-03-21,41002.25,-0.006317702205992,80.04352925350932,71.8,8.243529253509323,0.0332147626044911,0.0855811571316207,0.0282082080861416,0.1099473809364119,0.0086809870190052,-0.2878193269881531,Alto
2022-03-22,42364.13,0.0326750703725588,79.43820500282051,71.19,8.248205002820512,0.0122421964053081,0.1053634289197018,-0.0668886626492742,0.0925160035152379,-0.0444744173903723,-0.3049530345601337,Alto
2022-03-23,42882.76,0.0121678667429053,78.52172914413556,69.58,8.941729144135564,0.0258542127419036,0.0988614072415114,-0.0654766624163183,0.0682847839084983,-0.0740059641683511,-0.2935636605479685,Alto
2022-03-24,43991.46,0.0255256438082847,78.20804061330765,65.47,12.738040613307646,0.0073127829810604,0.0782729193347981,-0.064641409946385,0.0549172498480385,-0.1034259831339992,-0.3382999791323133,Alto
2022-03-25,44313.16,0.0072861742275436,77.72294186597681,62.41,15.31294186597681,0.0044706809444416,0.0621673110200218,-0.098633904691067,0.0511665157709357,-0.1097423429067122,-0.330795185899629,Alto
2022-03-26,44511.27,0.004460717136023,77.09992378694514,66.62,10.479923786945136,0.0520427747849028,0.022445326767805,-0.0889520788780009,0.0221579838094938,-0.0917787787227818,-0.3362995484065045,Alto
2022-03-27,46827.76,0.0507337739308275,78.69666550413385,68.62,10.076665504133842,0.0062879368989674,-0.0116228066428973,-0.1377185242258011,-0.0781008957080159,-0.1861099057482143,-0.3764094203950819,Alto
2022-03-28,47122.21,0.0062682503060158,78.72174513601757,63.04,15.681745136017575,0.0066336022864803,-0.0278257322820809,-0.1579741272745908,-0.078052790817748,-0.1673624815134943,-0.3924351171135649,Alto
2022-03-29,47434.8,0.0066116967684651,77.6958064948015,62.04,15.655806494801505,-0.0077329302537378,-0.0216602578697496,-0.1398481705414591,-0.1092613439921745,-0.1621748168011672,-0.3879740190746035,Alto
2022-03-30,47067.99,-0.0077629843968783,61.785356109589785,62.44,-0.6546438904102132,-0.0330936162772194,-0.0103569325989912,-0.1184416415487468,-0.0916550717377138,-0.1799923897323849,-0.3739248266178352,Alto
2022-03-31,45510.34,-0.033653599256926,62.082940782772376,64.11,-2.027059217227624,0.0169884470210506,-0.000281035035115,-0.0912353104810905,-0.0736423854447142,-0.1731373573565917,-0.3027030780257848,Alto
2022-04-01,46283.49,0.016845757140592,62.22063617152001,59.54,2.680636171520014,-0.0102086078642729,-0.0672598371471122,-0.1253898528395329,-0.1459060239407184,-0.1688537316438324,-0.3129074752141638,Alto
2022-04-02,45811.0,-0.0102610730714463,61.22934916774311,59.26,1.9693491677431112,0.0130176158564536,-0.051664665691646,-0.1331955207264631,-0.1252114121062626,-0.1590412782956057,-0.3493739494881142,Alto
2022-04-03,46407.35,0.0129336149045398,54.49813872167917,59.47,-4.97186127832083,0.003731305493634,-0.0895405576918311,-0.1501001457743224,-0.11333463341475,-0.1870048602214951,-0.3437974803560212,Alto
2022-04-04,46580.51,0.0037243614415168,54.46863476703655,60.54,-6.071365232963451,-0.0232492087355848,-0.0821489502798488,-0.1530764691069291,-0.1425087445371466,-0.1479268904526808,-0.3623897634439812,Alto
2022-04-05,45497.55,-0.0235237349480631,54.38213636638413,62.88,-8.497863633615879,-0.0511473694737408,-0.0733819733150467,-0.111466881183712,-0.108701457551011,-0.1965947616959594,-0.3436121285651645,Alto
2022-04-06,43170.47,-0.0525017816550028,57.24655473804285,66.05,-8.803445261957144,0.0063404452163713,-0.0843173586018406,-0.1171592526094804,-0.0646682790342565,-0.1657776716352637,-0.3069519511832973,Alto
2022-04-07,43444.19,0.0063204291562023,56.8895811465338,61.74,-4.850418853466202,-0.0274416440955626,-0.077553523267438,-0.0968707208029427,-0.0866875409577206,-0.1834951923375715,-0.2778528037926361,Alto
2022-04-08,42252.01,-0.027825199218427,50.58413674702986,62.19,-11.605863252970138,0.0118801448735812,-0.0261341413106738,-0.0594040378197392,-0.0343387214004731,-0.194395722239013,-0.2633408446130728,Médio
2022-04-09,42753.97,0.0118101299320372,45.92047792862377,59.72,-13.79952207137623,-0.0139196430179466,-0.0657620801062451,-0.0972508517922429,-0.029489425192561,-0.2965259132660662,-0.2935212800121252,Médio
2022-04-10,42158.85,-0.0140174297468784,45.76451085356691,61.08,-15.315489146433087,-0.0623451541016892,-0.0381165520406746,-0.1074044951415893,-0.0189915047492993,-0.2642802163721259,-0.2857981183073067,Médio
2022-04-11,39530.45,-0.0643733658182636,50.97135256444943,68.28,-17.30864743555057,0.0137739388243747,0.0214583947311504,-0.0268678955083991,0.024020976234776,-0.2637589503787586,-0.2640640316515495,Médio
2022-04-12,40074.94,0.0136799402987624,50.32698381029695,65.22,-14.893016189703047,0.0267710943547263,-0.0099019486991122,-0.0386720479182252,-0.0091269007514421,-0.2756133883169881,-0.2907113522815006,Médio
2022-04-13,41147.79,0.0264190184253026,48.23434426981549,63.61,-15.375655730184503,-0.0292946474160581,-0.0084247537960119,-0.0830868437891805,-0.0414649243616729,-0.2882473153479202,-0.3541687172020661,Médio
2022-04-14,39942.38,-0.0297323041306666,49.215523738750186,62.1,-12.884476261249816,0.015259982004077,0.0388259287503649,-0.0063186019461033,-0.0123240027259267,-0.2467464382442907,-0.4370037539075037,Médio
2022-04-15,40551.9,0.0151447196010202,46.87013301719152,60.4,-13.529866982808478,-0.0042708233153071,0.0198829154737509,-0.098612642071025,-0.0031026906260865,-0.2274371854339747,-0.4541215084866554,Médio
2022-04-16,40378.71,-0.00427996933117,46.86423940974443,61.05,-14.185760590255567,-0.0173504799930457,0.0025087478029883,-0.1081000358852475,-0.0561201682767973,-0.2601544229620015,-0.4407022908854691,Médio
2022-04-17,39678.12,-0.0175027636042262,46.72615667370213,63.59,-16.863843326297875,0.0283030042754039,0.0007827991850419,-0.1059962014329308,-0.0111497218114164,-0.232702305451972,-0.4858297217710919,Médio
2022-04-18,40801.13,0.0279098748430257,47.58697388302334,63.47,-15.88302611697666,0.0169615400357785,-0.0333208908674833,-0.1657485956884036,-0.0259566340442041,-0.2962126294051169,-0.4983273747565324,Médio
2022-04-19,41493.18,0.0168192992773752,47.30043967657357,62.46,-15.159560323426431,-0.0032533057239767,-0.0492382121592031,-0.2751505187117496,-0.0698203897604377,-0.2692960626300514,-0.542797394656182,Médio
2022-04-20,41358.19,-0.0032586092287824,47.26274843508881,62.19,-14.927251564911188,-0.0212335210994485,-0.022537494991923,-0.2500372961195837,-0.0901245920094665,-0.2939485504563909,-0.5025410928282887,Médio
2022-04-21,40480.01,-0.021462195138858,46.47484843645622,63.51,-17.035151563543778,-0.0190422383788937,-0.0584821989915516,-0.2810293278089606,-0.049695145826298,-0.2726024524203427,-0.4917518548043837,Médio
2022-04-22,39709.18,-0.0192258767952012,46.76398310328048,61.12,-14.356016896719524,-0.0067384922075953,-0.011923187534973,-0.268941086166977,-0.029817286582095,-0.2371048709643463,-0.4781176544063614,Médio
2022-04-23,39441.6,-0.0067612983566554,45.969111111993485,61.34,-15.37088888800652,0.0002162691168714,0.0076180986572553,-0.2574578617500304,-0.0434224270820656,-0.2619683278568819,-0.4932256804997768,Médio
2022-04-24,39450.13,0.0002162457340772,45.89886474725617,62.62,-16.721135252743828,0.0247388284905525,-0.0216480908934899,-0.2373475068396479,0.0060803348430031,-0.2483020968498709,-0.4648907367352147,Médio
2022-04-25,40426.08,0.0244377786503293,46.6577411243439,65.57,-18.912258875656093,-0.0572261767650982,-0.0691454625330973,-0.2250327016618974,-0.0958072115822261,-0.2692304076972093,-0.4746537383787892,Médio
2022-04-26,38112.65,-0.058928873224046,47.81512509474635,66.78,-18.96487490525365,0.0294671191848374,0.0093328592999961,-0.2161654988566789,-0.0550704293718753,-0.2338147570426092,-0.4361139936477783,Médio
2022-04-27,39235.72,0.029041308349954,48.82744270381424,65.09,-16.26255729618577,0.0129053321820014,-0.018110028310937,-0.2240506864663118,-0.095915915395461,-0.2703128679682698,-0.4638031365296724,Médio
2022-04-28,39742.07,0.0128227679696394,48.97760104078952,63.0,-14.022398959210484,-0.0288349348687675,-0.050654633742027,-0.2774578676953666,-0.1435171846861525,-0.2695063442845327,-0.4780704678946013,Médio
2022-04-29,38596.11,-0.0292588301525011,49.95627676498985,60.54,-10.583723235010147,-0.0250105515814935,0.0283419753959659,-0.2144485545304955,-0.220742453060684,-0.2365007768917645,-0.4745250233767082,Alto
2022-04-30,37630.8,-0.0253286301777147,49.35471795557674,62.23,-12.875282044423258,0.0222570341316155,-0.028642229237752,-0.2240130425077331,-0.1757523092785697,-0.1566955791532468,-0.4652516024107912,Médio
2022-05-01,38468.35,0.0220129612676668,49.601590172499385,62.44,-12.838409827500612,0.0014767984589929,-0.0638077796422253,-0.2345639987158273,-0.2434315482728009,-0.1733193651404335,-0.4815943496406786,Médio
2022-05-02,38525.16,0.0014757090645608,49.47496807546462,62.42,-12.945031924535378,-0.0206672730236553,-0.0792409428020546,-0.2136582949947516,-0.2464729542979186,-0.2263281969497336,-0.4995530193774666,Médio
2022-05-03,37728.95,-0.0208838300694292,49.80445035341464,64.92,-15.115549646585356,0.0519773277549469,-0.0978174584768459,-0.2284664693822646,-0.2237512573236201,-0.1928580042646296,-0.4897072407262857,Médio
2022-05-04,39690.0,0.0506715625195411,52.83169378231924,60.58,-7.748306217680756,-0.0790382968002015,-0.2422194507432602,-0.2528450491307633,-0.2419566641471403,-0.2516953892668179,-0.5133325774754346,Alto
2022-05-05,36552.97,-0.082336825350552,59.570822696699885,63.13,-3.559177303300117,-0.0147511953201068,-0.1514478850829358,-0.1917989153822521,-0.1429180720472236,-0.1829927910098686,-0.4463730307003781,Alto
2022-05-06,36013.77,-0.0148610761227884,56.92263769124381,62.19,-5.267362308756191,-0.0150325833701941,-0.1918663333497159,-0.1891615346019036,-0.1704836788817165,-0.1692286033925356,-0.4397745640070449,Alto
2022-05-07,35472.39,-0.0151467179208379,57.12477135604382,64.87,-7.745228643956182,-0.0404255253170141,-0.1816240743857405,-0.1928990406341383,-0.1417288206405037,-0.1155628363355274,-0.4202671429807803,Alto
2022-05-08,34038.4,-0.041265348325587,58.10522884578909,68.59,-10.484771154210913,-0.1164005946225439,-0.1395879359781894,-0.1471006275265581,-0.1563845539155777,-0.085581872238413,-0.3646887045219517,Alto
2022-05-09,30076.31,-0.1237514803908422,72.26688847386691,84.91,-12.643111526133085,0.0312801005176497,0.000346784562335,-0.0202222280592268,0.0080767886752064,0.0042711356546065,-0.2820013492346634,Médio
2022-05-10,31017.1,0.0308008466215324,72.89733397476309,81.61,-8.712666025236913,-0.0616808147763653,0.0100521970139053,0.0231201498528232,-0.0585512507616766,-0.0292474151355219,-0.3038733472826278,Alto
2022-05-11,29103.94,-0.0636651051045502,72.82161770615227,101.25,-28.428382293847733,-0.0025491393948722,0.0264593041354537,0.0926713015488625,0.01172074983662,-0.0004143768850539,-0.2831736871365182,Baixo
2022-05-12,29029.75,-0.0025523939828082,72.67057063032915,114.58,-41.909429369670846,0.00886332124803,0.0487493002867747,0.0267339539610227,0.0435480842928375,-0.0208424116638964,-0.312305135249184,Baixo
2022-05-13,29287.05,0.0088242725805584,72.14961352218064,99.66,-27.51038647781936,0.0273052424194311,-0.0195215974295805,0.0397981360362345,-0.0060743570963958,-0.0926184098432584,-0.340024003783242,Baixo
2022-05-14,30086.74,0.0269391043317336,72.01602293320197,93.57,-21.553977066798023,0.0412856294832872,0.0077273243960627,-0.0128471878309183,-0.0143638027915287,-0.2525807049883105,-0.3274489027392134,Baixo
2022-05-15,31328.89,0.0404561319046455,73.1951736692436,92.34,-19.1448263307564,-0.0464389258604438,-0.0679206955624665,-0.0467571624784662,-0.0570317046023653,-0.2934186305355855,-0.3428161674416169,Médio
2022-05-16,29874.01,-0.0475518034081956,75.03608629169524,96.37,-21.333913708304763,0.0191109261863406,-0.0143586348133376,0.0015130208498959,-0.0225165620551107,-0.2440345303492901,-0.3027370614122442,Baixo
2022-05-17,30444.93,0.0189306062024952,75.07824906007137,91.46,-16.381750939928622,-0.0568111012244074,-0.0049594464497044,0.0304868495345529,-0.0596201075187231,-0.3298946655485822,-0.3038052641277218,Médio
2022-05-18,28715.32,-0.0584886995742189,77.1892659877562,100.59,-23.4007340122438,0.0558555502776914,0.0137149786246506,0.0839276734509664,0.0110049269867096,-0.2871815462965413,-0.2757120589288226,Baixo
2022-05-19,30319.23,0.0543513864177695,79.26649281362866,91.11,-11.84350718637134,-0.0368815434956626,-0.0219217308618984,-0.0037751618362339,-0.0280722828383175,-0.3742984238056177,-0.2601203922395126,Médio
2022-05-20,29201.01,-0.0375788669561836,80.33491849168045,88.56,-8.225081508319548,0.0083575876313868,0.0116824726268029,0.0311263206306906,0.0867507664974602,-0.2954353291204653,-0.198773604063695,Alto
2022-05-21,29445.06,0.0083228563747151,80.03801698835615,84.12,-4.081983011643857,0.0288292840972304,-0.0082767703648762,-0.011994541699015,0.0800127423751215,-0.3012787204373162,-0.2113006392243724,Alto
2022-05-22,30293.94,0.0284215384207963,80.37034498822987,82.49,-2.1196550117701207,-0.0391098021584513,-0.0549330988309872,-0.0617034297948697,-0.0161124634167756,-0.3159186292704085,-0.2357484698259784,Alto
2022-05-23,29109.15,-0.0398951347692112,81.53206522160076,82.54,-1.007934778399246,0.0187374073100725,-0.0026733862033071,-0.0870729650298961,0.0461528419758048,-0.3133433988969104,-0.2206976156981567,Alto
2022-05-24,29654.58,0.0185640245739104,81.78875902336796,82.27,-0.4812409766320371,-0.0037913199242747,-0.0062884046916193,-0.2416884676835754,0.0015387167850631,-0.2881325582759897,-0.2429139107685896,Alto
2022-05-25,29542.15,-0.0037985251950821,81.3541434781196,82.57,-1.2158565218803972,-0.0115360594946543,0.0742014376069446,-0.2506838534094506,0.010895957132436,-0.2811054713350248,-0.2356791905802387,Alto
2022-05-26,29201.35,-0.0116031160400314,78.81862588044594,81.63,-2.81137411955406,-0.0195727252335936,0.0890263635071666,-0.2266206870572763,0.0245831100274473,-0.2640343682740695,-0.2702083978994121,Alto
2022-05-27,28629.8,-0.0197668076759755,78.46847026402409,84.72,-6.251529735975907,0.0140248971351528,0.0410771294245857,-0.2874099714283717,0.0958197402706271,-0.2651688101209229,-0.2576032665264864,Alto
2022-05-28,29031.33,0.0139274582552866,78.49137635800335,80.91,-2.4186236419966463,0.015044780931497,0.0489571094400427,-0.2949406727146155,0.072128972389484,-0.2855112046192855,-0.2093903379555811,Alto
2022-05-29,29468.1,0.0149327306648619,77.99916592159852,81.2,-3.200834078401485,0.0769007842378708,0.0078766530587313,-0.3562262242899948,0.0249988971124708,-0.3117544056114917,-0.1908901490085889,Alto
2022-05-30,31734.22,0.0740872715889181,81.69231894666528,75.39,6.302318946665281,0.002105613435591,-0.0589325970513848,-0.3516777787511399,-0.0511841790975168,-0.3658892514137736,-0.2508481380667305,Alto
2022-05-31,31801.04,0.0021033997385364,81.33398545788897,73.06,8.273985457888969,-0.0627404009428622,-0.0591751087385822,-0.3530434853702898,-0.0851909245735359,-0.3729069866897435,-0.2565177113704457,Alto
2022-06-01,29805.83,-0.0647949816931547,84.41419495125102,74.75,9.66419495125102,0.0217001170576358,0.0525826658744277,-0.3047158894753141,-0.046337578923318,-0.3531533931448982,-0.2184978576338925,Alto
2022-06-02,30452.62,0.02146802118667,84.43202315628207,73.43,11.002023156282064,-0.0247075621079565,0.0220903817142827,-0.3436364424473164,-0.1273483201117013,-0.3677782075893633,-0.2359274834152201,Alto
2022-06-03,29700.21,-0.0250179166566577,83.02123233116849,71.33,11.691232331168491,0.0055161226132744,0.0169884320683255,-0.2892262377942781,-0.2428535017092471,-0.349639952040743,-0.2260058093865329,Alto
2022-06-04,29864.04,0.0055009645259624,77.91909565066877,70.96,6.959095650668772,0.0018473722912237,0.0082336482270986,-0.2888540867210197,-0.2587603686574221,-0.3223719898580367,-0.2359248782147359,Alto
2022-06-05,29919.21,0.0018456679976862,77.74914563742226,72.04,5.709145637422253,0.0485938632737963,-0.0276521338631601,-0.2816925981668634,-0.2451765939007079,-0.3256563258187631,-0.2438643934783037,Alto
2022-06-06,31373.1,0.0474500888349519,79.31551133160598,68.51,10.80551133160597,-0.0078975300496284,-0.0939785995008462,-0.3294232957533682,-0.3497196642983957,-0.3445177556569163,-0.2569296626727994,Alto
2022-06-07,31125.33,-0.0079288807110227,78.04756017529732,71.51,6.537560175297315,-0.0295759113236711,-0.1462088916005067,-0.3335794351417318,-0.3423745226155031,-0.305228892352306,-0.2625231603970143,Alto
2022-06-08,30204.77,-0.0300220982099308,65.86218573374913,71.7,-5.837814266250874,-0.0031399014129225,-0.2555013661749452,-0.3285401610407892,-0.3719273478990239,-0.2850549764159766,-0.2327572764169367,Alto
2022-06-09,30109.93,-0.0031448412464677,64.98928053363967,72.57,-7.580719466360321,-0.0338111048414924,-0.2648136345717177,-0.3316819401439991,-0.3167038249507721,-0.2829000266689427,-0.2092309746319569,Alto
2022-06-10,29091.88,-0.0343959202434377,62.24470274960077,72.55,-10.305297250399228,-0.0229335470928657,-0.223710533660939,-0.314509409498458,-0.2927961341790218,-0.2828765277458864,-0.2042470270054737,Médio
2022-06-11,28424.7,-0.0232006119472735,62.76224755441047,75.05,-12.287752445589533,-0.0650902208290677,-0.282268238539017,-0.3217237121236108,-0.2709326747511847,-0.2976668179435491,-0.1572804638219577,Médio
2022-06-12,26574.53,-0.0673052472144992,66.93859390663916,93.99,-27.05140609336084,-0.153798392671479,-0.2297583437976136,-0.275516443752721,-0.2478516082880862,-0.2726588203065114,-0.0993485115258858,Baixo
2022-06-13,22487.41,-0.1669976412315109,88.23573993807076,106.0,-17.764260061929235,-0.015608733953799,-0.1563817264860648,-0.1410380297241877,-0.0612467153842971,-0.1001689389751866,0.0852152382155171,Médio
2022-06-14,22136.41,-0.0157318328672523,87.27270759224349,103.09,-15.817292407756511,0.0202069802646409,-0.0705810020685377,-0.085817890073413,-0.0405991757471062,-0.0699106133289002,0.1041257367387034,Médio
2022-06-15,22583.72,0.0200055285384097,85.96574644700054,89.15,-3.184253552999465,-0.0966364265940243,-0.0889946386157817,-0.1066206098906645,-0.0483768838791838,-0.0776523973906867,0.0762283627320918,Alto
2022-06-16,20401.31,-0.1016301782416361,92.75325225767006,119.65,-26.89674774232995,0.0033086110646816,0.0157935936466824,0.0079994863074968,0.0312117212080988,0.0389332841861624,0.1810427859779591,Baixo
2022-06-17,20468.81,0.0033031496542327,90.48911747154186,108.67,-18.18088252845814,-0.073185495395189,-0.0234903738908124,0.0564844756485598,0.0133740065983318,0.0160903345138285,0.1654189960237062,Médio
2022-06-18,18970.79,-0.0760018363469714,92.36692464310752,115.03,-22.66307535689248,0.0845093957605349,0.1127702114672082,0.1383158002381554,0.0690798854449392,0.1824800126931984,0.2304527117742592,Baixo
2022-06-19,20574.0,0.0811277149268706,95.7110696106263,109.97,-14.258930389373702,-5.346553903051721e-06,0.0322586759988334,0.0494716632643141,-0.021920384951881,0.137193545251288,0.1272090988626422,Médio
2022-06-20,20573.89,-5.346568195921985e-06,95.66703197550834,99.27,-3.602968024491659,0.0072728103435957,0.0445856374268551,0.0140265161328267,-0.0307029929682719,0.1287753555598867,0.0126616794393281,Alto
2022-06-21,20723.52,0.0072464909918425,95.1855532853466,97.96,-2.77444671465338,-0.035492522505829,0.0151784059850836,-0.0366689635737558,-0.0696657710659193,0.117193893701456,0.0201003497475331,Alto
2022-06-22,19987.99,-0.0361376939508315,95.00279334654812,99.76,-4.757206653451874,0.056140712497855,0.0377511695773311,-0.0329818055742474,-0.0367810870427691,0.1349230212742751,0.0764268943500572,Alto
2022-06-23,21110.13,0.0546214268784678,96.67778516456843,91.46,5.217785164568454,0.0060425966112003,-0.0392626667860406,-0.0414616110843467,-0.0849971080234939,0.0635211625887666,0.0137232693498334,Alto
2022-06-24,21237.69,0.0060244133369918,96.69154232447003,90.66,6.031542324470038,0.0119363264083804,-0.0524859342047087,-0.0305518161344288,-0.0471322446085238,0.0631890756480577,0.0137223021901158,Alto
2022-06-25,21491.19,0.0118656503170236,96.69541865405871,86.66,10.035418654058716,-0.0210839883691875,-0.0720751154310207,-0.0307637687815331,-0.0612046145420517,-0.0083890189421803,-0.0057283938209097,Alto
2022-06-26,21038.07,-0.0213094300901077,96.73527491165468,90.26,6.47527491165468,-0.0140464405717823,-0.0835756321753848,0.007487854161527,-0.0225096693755654,0.0102956212238098,0.0247632030884963,Alto
2022-06-27,20742.56,-0.0141460254601218,96.73913350836222,89.09,7.649133508362212,-0.0222378529940373,-0.0718209324210704,0.0026804791693983,0.0425415185010913,0.1065389228716224,-0.0241778256878612,Alto
2022-06-28,20281.29,-0.0224888419964654,96.91678187774656,87.5,9.416781877746558,-0.0078042373044319,-0.047603480843674,0.1060726413359307,0.0647621527033044,0.1756121035693487,-0.0120155078892911,Alto
2022-06-29,20123.01,-0.0078348497395383,93.44791082939064,91.37,2.077910829390646,-0.0089847393605628,0.005650248148761,0.1626799370471912,0.0729920623206967,0.1814211690994538,-0.0281965769534476,Alto
2022-06-30,19942.21,-0.0090253455381861,93.49804454956237,94.14,-0.6419554504376492,-0.033216479016117,0.0117148500592463,0.164529909172554,0.0461463398489938,0.185601294941734,0.0172257738736079,Alto
2022-07-01,19279.8,-0.0337806752051056,91.48725721266706,92.97,-1.4827427873329384,-0.0013999107874561,0.0666350273343083,0.2008521872633533,0.0354676915735641,0.2081722839448543,0.0275863857508895,Alto
2022-07-02,19252.81,-0.0014008915780156,91.18159772779984,92.23,-1.048402272200164,0.0032732884186776,0.123211624692707,0.1782607318100579,0.0039443592909294,0.2085513750979726,0.0414074620795612,Alto
2022-07-03,19315.83,0.0032679428719761,90.7702175751236,92.07,-1.2997824248763976,0.0476748863496934,0.1179819867952864,0.1623145368332605,0.047579627693969,0.1901010725399838,0.0422259877002435,Alto
2022-07-04,20236.71,0.0465733148209915,92.19248696159406,86.99,5.202486961594062,-0.0030083941510253,0.066963454039713,0.1157782070306883,0.0174005557227434,0.1275731084746483,-0.0140759046307428,Alto
2022-07-05,20175.83,-0.0030129284649952,92.1962290657936,86.08,6.116229065793604,0.0192646349617338,0.0340328006332328,0.0562588998816901,0.0324254318161878,0.1212911686904576,-0.0170466345126817,Alto
2022-07-06,20564.51,0.0190814211736067,90.94234291325496,82.25,8.692342913254947,0.0515679683104532,-0.0292202440028961,0.0335607315710415,0.0306883071855346,0.1336238986486912,-0.0274361022946814,Alto
2022-07-07,21624.98,0.0502823534538491,92.57684680718673,81.35,11.226846807186718,-0.0013979203680187,-0.1061841444477635,0.0613859527268927,-0.0382344862284265,0.0614673400854011,-0.0845383440817054,Alto
2022-07-08,21594.75,-0.0013988983702488,91.98396208003334,78.39,13.593962080033336,-0.0001352180506835,-0.0629727132752173,0.1041077113650308,0.0387978559603607,0.0731492608157073,-0.1298528577547782,Alto
2022-07-09,21591.83,-0.0001352271934683,91.97743320093412,73.55,18.42743320093412,-0.0337794434283708,-0.0464522923716981,0.1010530371904556,0.0835867084911281,0.1027319129504076,-0.106474995403354,Alto
2022-07-10,20862.47,-0.0343631513982055,91.97594296514772,75.86,16.115942965147724,-0.0430850230102188,-0.0015544659860505,0.1333034870751162,0.1131615767452272,0.1096456939183134,-0.0739461818279427,Alto
2022-07-11,19963.61,-0.044040734746846,92.89815802735984,80.52,12.378158027359843,-0.0318008616678046,0.0617117845920651,0.1667889725355282,0.1597196098300857,0.1998856920166241,0.0699522781701305,Alto
2022-07-12,19328.75,-0.0323174914457519,90.58691597327868,85.86,4.726915973278693,0.0468793895104442,0.0760219879712862,0.2038031429864837,0.1736315074694432,0.2382792472353359,0.1200072430964236,Alto
2022-07-13,20234.87,0.0458137289877042,71.19191966287852,80.89,-9.698080337121482,0.0174930701309177,0.1086100380185295,0.1360483165940775,0.1095238071704933,0.2060210913141522,0.0786760676001376,Médio
2022-07-14,20588.84,0.0173418276292754,71.237405785668,81.35,-10.112594214331992,0.0117150844826614,0.1363738802186038,0.1082882765614769,0.0966951027838383,0.1871178755092564,0.0877611366157589,Médio
2022-07-15,20830.04,0.0116469941538032,71.01111737837886,78.7,-7.688882621621147,0.0175496542493436,0.1148946425450934,0.0860747266927954,0.0230849292656183,0.1668359734306799,-0.0315155419768757,Alto
2022-07-16,21195.6,0.0173974373889749,61.82835981933816,81.99,-20.16164018066184,-0.0187510615410745,0.0923111400479343,0.0998707278869199,0.0027868991677517,0.1367840495197116,-0.0457118458548,Baixo
2022-07-17,20798.16,-0.0189290917114029,62.16922907130854,81.29,-19.120770928691464,0.078584836350908,0.0907133131007744,0.1036654204025739,0.1035807975320894,0.1469639621966558,-0.0527104320766836,Baixo
2022-07-18,22432.58,0.0756498451821771,62.11697409182556,83.39,-21.27302590817444,0.0429749944054582,0.0008242475898891,0.0330684210197844,0.062870610513815,0.0405695644459975,-0.1172080964383054,Baixo
2022-07-19,23396.62,0.0420772010480724,57.2114843754581,82.9,-25.688515624541907,-0.0074079076379408,-0.0349170093799873,0.0176683640628432,0.0161189949659394,-0.0087799006865093,-0.140319413658896,Baixo
2022-07-20,23223.3,-0.0074354824512422,57.2702405519488,83.99,-26.719759448051192,-0.0030620109975757,-0.0823483312018532,-0.0031584658511063,0.0180943276795286,-0.1028669482803907,-0.1639353580240533,Baixo
2022-07-21,23152.19,-0.0030667085449958,57.22443338598209,82.38,-25.155566614017907,-0.0201864272883038,-0.0819585533809112,0.034634304573347,0.0060957516329989,-0.0869084090965044,-0.1561480792961701,Baixo
2022-07-22,22684.83,-0.0203929573407481,56.27028626955062,84.28,-28.009713730449384,-0.0103046837908858,0.0117973112427995,0.0550835073483026,0.0257079290433297,-0.0515419335300286,-0.1679461560875704,Baixo
2022-07-23,22451.07,-0.0103581446266968,53.0698251486136,80.45,-27.3801748513864,0.0057284574855451,0.0619952634774201,0.0869718013439895,0.0239062102608027,-0.0468236035075387,-0.1777068977113339,Baixo
2022-07-24,22579.68,0.0057121122651888,53.06562345698863,83.17,-30.10437654301137,-0.0561912303451598,0.0528825032064228,0.0824502384444776,0.0105710089779835,-0.0465267886878822,-0.1407482302672137,Baixo
2022-07-25,21310.9,-0.0578317078758032,56.61930278255444,81.35,-24.73069721744556,-0.0026385558563929,0.1094561937787703,0.1405074398547221,0.0615684931185449,0.002683133983079,-0.0948336297387723,Baixo
2022-07-26,21254.67,-0.0026420429802279,56.13685858261444,81.39,-25.253141417385564,0.079877975052071,0.0959153917703734,0.1336247516428155,0.096814017813497,0.0143201470547416,-0.1098191597423059,Baixo
2022-07-27,22952.45,0.0768480486898251,62.01223738298339,76.49,-14.477762617016602,0.0387967297608751,0.0137484233709255,0.0393112717814438,7.668026724805266e-05,-0.1181311798958282,-0.1805937928195029,Médio
2022-07-28,23842.93,0.0380630527083889,62.93055766408029,76.89,-13.95944233591971,-0.0029014890367921,-0.0358655584695337,-0.0209819011337952,-0.0280393391248475,-0.1595999317198012,-0.1935630394418807,Médio
2022-07-29,23773.75,-0.0029057065160629,62.87935943430581,75.03,-12.15064056569419,-0.0054783111625217,-0.0401863399758136,-0.024503917135496,0.0015247909984752,-0.1774284662705715,-0.1974707397865291,Médio
2022-07-30,23643.51,-0.0054933721401181,62.82972870948333,78.55,-15.720271290516663,-0.0148112526439602,-0.0431632189975176,-0.118811462426687,-0.0208750731173162,-0.1420169847877915,-0.1789366299673779,Médio
2022-07-31,23293.32,-0.0149220344858788,61.93406173536449,78.66,-16.72593826463551,-0.0010865776110919,0.0008199775729693,-0.0924406653924816,0.0283656430255541,-0.1494703202463195,-0.1589215277169592,Médio
2022-08-01,23268.01,-0.0010871683645161,61.93329504106608,77.69,-15.756704958933923,-0.0120431442138798,-0.0134863273653397,-0.0753137032346126,0.0286393206810553,-0.1383010407851809,-0.1652655297982078,Médio
2022-08-02,22987.79,-0.0121162504204261,62.066857475919605,77.79,-15.7231425240804,-0.0073699994649334,0.0081173527337772,-0.0690784107563188,0.0615931327021865,-0.1242542236552536,-0.1599475199660341,Médio
2022-08-03,22818.37,-0.0073972920914354,59.95872269560729,75.87,-15.911277304392712,-0.0085628377487085,0.0434575300514454,-0.0565005300553895,0.0711273416988156,-0.125622908209482,-0.1648483217688204,Médio
2022-08-04,22622.98,-0.0085997094791793,60.02451022613167,73.67,-13.645489773868334,0.030475207068211,0.0232935714039441,-0.0554701458428552,0.0743606722014518,-0.1233736669528062,-0.1323388872730293,Médio
2022-08-05,23312.42,0.0300200619305776,60.56640503181756,71.85,-11.283594968182436,-0.0153656291367433,0.0275230971301994,-0.0752122688249438,0.0335615092727397,-0.1420753400976818,-0.127597220708961,Médio
2022-08-06,22954.21,-0.015484903813883,58.22242916934196,71.7,-13.477570830658046,0.0095921401782068,0.0427015349254014,-0.1181987966477609,0.0392315832259093,-0.1375508022275652,-0.1218055424255507,Médio
2022-08-07,23174.39,0.0095464276895303,58.31553113123822,73.6,-15.284468868761778,0.0274272591425275,0.0530451934225668,-0.1353558820749975,0.0072610325449775,-0.1891648496465279,-0.138675494802668,Médio
2022-08-08,23810.0,0.0270578708603665,59.07431392147133,75.17,-16.095686078528672,-0.0277215455690885,0.026517429651407,-0.1786808063838723,-0.0259890802183956,-0.1897169256614868,-0.179752624947501,Médio
2022-08-09,23149.95,-0.0281130397960745,58.670825628421454,74.67,-15.999174371578547,0.0347344162730371,0.049904643422556,-0.1237246732714325,-0.1000244061002292,-0.165450897302154,-0.1612094194587894,Médio
2022-08-10,23954.05,0.0341447911544965,57.86302706256903,70.87,-13.006972937430971,-0.0008207380380352,0.0058766680373465,-0.1729306735186743,-0.1174740805834504,-0.1082881600397427,-0.1884871243067456,Médio
2022-08-11,23934.39,-0.0008210750278983,56.7550948667252,71.48,-14.72490513327481,0.0196073515974295,-0.0033278475031115,-0.1622924168946857,-0.1010587694108769,-0.0955131925233941,-0.2006535366056958,Médio
2022-08-12,24403.68,0.0194176037698489,54.8784885418698,70.27,-15.391511458130196,0.0015448489735974,-0.043477868911574,-0.1750645804239361,-0.1230900421575761,-0.1055910420067793,-0.2189702536666601,Médio
2022-08-13,24441.38,0.001543656921957,54.54675527837614,70.6,-16.053244721623855,-0.0055700619195806,-0.051150139640233,-0.1836852092639613,-0.1191528465250326,-0.083695765132738,-0.2162664301279224,Médio
2022-08-14,24305.24,-0.0055856325610175,54.430139086331806,70.89,-16.459860913668194,-0.0086573923976888,-0.1428025396992583,-0.1840483780452281,-0.120844723195492,-0.1699909155392006,-0.202841444890073,Médio
2022-08-15,24094.82,-0.008695085325241,54.175766158179975,70.2,-16.024233841820028,-0.0099639673589592,-0.1226300922770952,-0.1699336205873295,-0.1052417075537397,-0.1605369950885709,-0.2041056957470526,Médio
2022-08-16,23854.74,-0.0100139399087299,53.88524662492348,71.55,-17.664753375076522,-0.0214665932221437,-0.0980572414538997,-0.1701087498752869,-0.1514872935106399,-0.1740895100931723,-0.2006037374542754,Médio
2022-08-17,23342.66,-0.0217003519236227,47.58809961037845,75.32,-27.731900389621543,-0.0064885492912974,-0.0832308742876775,-0.1950099088964153,-0.1415888334919842,-0.151626249964657,-0.1747735690791023,Baixo
2022-08-18,23191.2,-0.0065096914314182,45.3251945543595,74.82,-29.49480544564049,-0.1016251854151575,-0.0716685639380455,-0.168096519369416,-0.1567659284556211,-0.1327046465900859,-0.1570138673289868,Baixo
2022-08-19,20834.39,-0.107167909583041,58.6939831005956,81.24,-22.5460168994044,0.0146718958414429,0.0256158207655707,-0.0726980727537498,-0.0263343443220559,-0.0680706274577752,-0.072329931425878,Baixo
2022-08-20,21140.07,0.014565304906857,58.90374153291784,77.7,-18.79625846708216,0.0177643688029416,0.0198187612434586,0.0104086694131098,-0.0628384863437064,-0.0758299286615418,-0.095368652989323,Médio
2022-08-21,21515.61,0.0176084265060965,58.79435758238432,79.02,-20.22564241761568,-0.0053812092708502,-0.0592388503044999,0.0061690093843493,-0.0681175202562233,-0.1227299621065821,-0.1149718739092222,Baixo
2022-08-22,21399.83,-0.0053957401299649,58.713413547934536,80.35,-21.63658645206546,0.0060416367793574,-0.0636561131560392,0.0199552987103166,-0.0592700970054436,-0.1373127730453933,-0.1044615774985129,Baixo
2022-08-23,21529.12,0.0060234592697346,58.71719918713034,77.78,-19.06280081286966,-0.0074801013696795,-0.0916670072905905,0.0402533870404364,-0.0732617032187101,-0.0988191807189516,-0.1079825835891109,Baixo
2022-08-24,21368.08,-0.007508217623966,55.20555484793197,75.59,-20.384445152068032,0.0089366943590625,-0.0506526557369685,-0.0559016065083994,-0.07189134447269,-0.097255813344016,-0.084129224525554,Baixo
2022-08-25,21559.04,0.0088969984309869,55.28503163166836,73.83,-18.54496836833164,-0.0611339837024283,-0.0810509187793149,-0.0617991339131984,-0.0723009929941222,-0.122386711096598,-0.1034053464347206,Médio
2022-08-26,20241.05,-0.0630824976037437,53.12323243197058,72.6,-19.476767568029416,-0.0100513560314312,-0.0094377515000456,-0.0266374521084626,-0.0219459958846007,-0.0708298235516436,-0.0079531447232232,Baixo
2022-08-27,20037.6,-0.0101022119782678,51.55797028434559,73.03,-21.47202971565441,-0.0240542779574398,0.0046841937158141,-0.0116930171277996,-0.0622325028945581,-0.0404130235157902,0.0366306344073144,Baixo
2022-08-28,19555.61,-0.0243483067767972,52.24295095226188,76.17,-23.927049047738123,0.0373355778725388,0.0202627276776332,0.0285345228300215,-0.0134370648627171,-0.0243653867100028,0.0378152356280372,Baixo
2022-08-29,20285.73,0.0366554814045687,53.75061547905005,73.2,-19.449384520949955,-0.0233696297840896,-0.0223718840781178,-0.0428651076397053,-0.047617709591915,-0.0430307413142144,0.0150899178880918,Baixo
2022-08-30,19811.66,-0.0236470299311744,54.13013312311804,75.78,-21.64986687688196,0.0120312987402368,0.0095216655242418,-0.0138625435728252,0.078158518771269,-0.0111121430511124,0.0503748802472885,Baixo
2022-08-31,20050.02,0.0119594979959549,54.28931242482334,75.04,-20.750687575176663,0.0040618413348214,-0.0126274188255174,-0.0586044303197702,0.0797166287115922,-0.0312922381124807,0.0288009687770884,Baixo
2022-09-01,20131.46,0.0040536143276475,54.14302862898304,77.83,-23.68697137101696,-0.0089213599013682,-0.0666047072591853,-0.0829597058534253,0.0842169420399712,-0.0407576002932722,0.0178466936824255,Baixo
2022-09-02,19951.86,-0.0089613935133172,54.17176931515444,74.66,-20.48823068484556,-0.0060124720201524,-0.0330305044241489,-0.0275778799570566,0.1224888306152911,-0.0448609803797741,0.0266521517292122,Baixo
2022-09-03,19831.9,-0.0060306197082573,54.12954415903815,77.86,-23.73045584096185,0.0084913699645519,-0.0258235469117936,-0.0273292019423253,0.0172283038942309,-0.0102269575784468,0.0161325944564061,Baixo
2022-09-04,20000.3,0.0084555210771039,53.18890589148799,76.01,-22.82109410851201,-0.0101728474072888,0.0679894801577976,-0.0539891901621475,0.011320330195047,0.016875746863797,0.0103758443623345,Baixo
2022-09-05,19796.84,-0.0102249444373888,53.03401164459747,76.88,-23.845988355402525,-0.0508278088826297,0.0935250272265675,-0.0499807039911419,-0.0047967251339101,0.0182564490090337,0.0682775634899306,Baixo
2022-09-06,18790.61,-0.0521650520290394,55.9696062727431,81.46,-25.49039372725689,0.0267277113409303,0.1615838974892245,0.0232674724237265,0.0538934073986954,0.0622683350886426,0.1335113655171385,Baixo
2022-09-07,19292.84,0.02637676564806,55.93003500365656,76.12,-20.18996499634345,0.0013958546279344,0.16083168678121,-0.0110771664513881,0.0425432440221344,0.0122973082241908,0.0835926696121462,Baixo
2022-09-08,19319.77,0.001394881328481,55.06584370070562,75.72,-20.65415629929437,0.1056089177045067,0.0441930726918591,0.0048163099250146,0.0049902250389108,0.0050823586409154,0.0658061664295175,Baixo
2022-09-09,21360.11,0.1003962399398629,64.16173023891842,75.12,-10.95826976108158,0.0134938443669063,-0.0530615244958945,-0.0827991990677952,-0.085350215893083,-0.08993820724706,-0.1316884604058688,Médio
2022-09-10,21648.34,0.0134036132525054,64.33120435533338,78.15,-13.818795644666622,0.0082468216962592,-0.0899126676687449,-0.1028129639501227,-0.1281086679163391,-0.1162430930038977,-0.2644789392627795,Médio
2022-09-11,21826.87,0.0082130024690838,64.03777853270655,78.91,-14.872221467293445,0.026062829897278,-0.0927100404226534,-0.1152670996803481,-0.1541911414692074,-0.126764396360999,-0.1936017395073136,Médio
2022-09-12,22395.74,0.0257289825902706,64.66133411138296,79.15,-14.48866588861705,-0.0992228879242214,-0.1018997362891336,-0.1490881748046727,-0.1336910501729347,-0.1446797471304811,-0.2377876328266001,Médio
2022-09-13,20173.57,-0.1044974303611422,74.2014642116259,81.07,-6.868535788374089,0.0026341396193136,-0.037543677197442,-0.0269902649853247,-0.0438028569063383,-0.0395785178329863,-0.1666284152978375,Alto
2022-09-14,20226.71,0.0026306763540297,74.14513289247839,78.19,-4.044867107521611,-0.0259473735471561,-0.0340979823213957,0.0054932314746194,-0.0645784707448714,-0.0519006798436324,-0.1926591126287962,Alto
2022-09-15,19701.88,-0.0262899455334847,74.62835523192015,76.05,-1.421644768079844,0.005147732094602,-0.0419695988403138,0.0231642868599339,-0.0454017586138987,-0.0321030277313637,-0.1564530897559015,Alto
2022-09-16,19803.3,0.0051345278170794,74.26510266426794,70.57,3.695102664267949,0.0156701155867962,-0.0677634535658198,0.0079466553554206,-0.029059803164119,-0.0272843414986391,-0.1465780955699303,Alto
2022-09-17,20113.62,0.0155486070502051,74.42824565135896,69.14,5.288245651358963,-0.034675011261026,-0.0353984016800554,-0.0290116846196755,-0.0514323130296783,-0.0280287685657777,-0.1715683203719669,Alto
2022-09-18,19416.18,-0.0352904584441141,65.52673131602596,74.86,-9.33326868397404,0.0062236753058531,-0.0065033389678093,9.167611754734573e-05,-0.0001730515477298,-0.0045704149837919,-0.1402757906035069,Alto
2022-09-19,19537.02,0.0062043882216964,65.36531689905624,70.23,-4.864683100943765,-0.0338854134356212,-0.031556501452115,-0.005016118118321,0.0027890640435439,-0.0211419141711478,-0.1451894915396513,Alto
2022-09-20,18875.0,-0.0344728321725092,66.17769152804296,75.86,-9.682308471957043,-0.0219147019867549,-0.0035825165562913,0.0136090066225165,0.0290124503311257,0.0088434437086091,-0.1151957615894039,Médio
2022-09-21,18461.36,-0.0221583959680229,66.60091828836713,76.7,-10.099081711632875,0.0509317840072454,0.0415169846641849,0.0324266467909188,0.0460199031923975,0.0380800764407387,-0.1181456837416096,Médio
2022-09-22,19401.63,0.0496771839912393,68.78604328030747,74.81,-6.023956719692535,-0.0057582790724285,-0.0166223147230413,-0.0126845012506682,-0.0177732489486709,-0.0101682178249973,-0.1865997856881097,Alto
2022-09-23,19289.91,-0.0057749218814111,68.76567853500842,74.23,-5.464321464991585,-0.0191504263109574,0.006371724906959,0.0044178536862018,0.0175827673638706,0.0145407625022615,-0.1587861218637101,Alto
2022-09-24,18920.5,-0.0193361709410392,69.02591885414515,73.21,-4.184081145854847,-0.0059787003514705,0.035464707592294,0.0135530244972383,0.0749092254433021,0.0216283924843423,-0.1224803784255172,Alto
2022-09-25,18807.38,-0.0059966443373075,65.45832307239841,75.88,-10.42167692760158,0.0223550542393464,0.032712158737687,0.0139312333775356,0.0718271231824951,0.0676697126340828,-0.1174235858476832,Médio
2022-09-26,19227.82,0.0221088426413156,65.81676218746088,76.71,-10.893237812539112,-0.0077330659429929,0.0043234230401574,0.0018286004341625,0.038114045169967,0.0802883530218194,-0.140716940349972,Médio
2022-09-27,19079.13,-0.0077631211435955,65.32265826157318,76.88,-11.557341738426814,0.0174897912011711,-0.0011703887965541,0.024672508652124,0.0236362978815072,0.063733514054362,-0.1373521748633193,Médio
2022-09-28,19412.82,0.0173386050667576,64.34401062190595,79.4,-15.055989378094054,0.0092047420209944,0.0111400610524385,-0.0043981245383205,0.0002647734847383,0.0607340922132899,-0.1537149162254634,Médio
2022-09-29,19591.51,0.0091626365658333,63.89313172920077,77.52,-13.626868270799228,-0.0086210812744906,0.0380935415391667,-0.0238644188222345,-0.007783473555637,0.0621779536135804,-0.1724522510005609,Médio
2022-09-30,19422.61,-0.0086584577678962,63.82829751368162,74.06,-10.231702486318383,-0.0057489698861274,0.0378759600280291,-0.0196003523728274,-0.014969151931692,0.0620344021735492,-0.1534335498679118,Médio
2022-10-01,19310.95,-0.0057655588235913,63.84431662640374,72.26,-8.415683373596266,-0.0131609268316681,0.0336451598704361,-0.007590512118772,-0.0129952177391583,0.0610943532037522,-0.1111964973240571,Alto
2022-10-02,19056.8,-0.0132482992774978,63.93497285105165,76.42,-12.485027148948348,0.0300302254313422,0.0248357541664918,0.0077426430460516,0.0051808278409806,0.0748719617144535,-0.1091174803744595,Médio
2022-10-03,19629.08,0.029588146889959,64.72843304437274,70.07,-5.341566955627258,0.0361066336272508,-0.0107554709645079,-0.0029894421949474,-0.0129374377199542,0.0266319155049548,-0.1292133915598693,Alto
2022-10-04,20337.82,0.0354700667521785,65.83421098909959,69.87,-4.035789010900416,-0.0088288715309704,-0.0441935271331932,-0.0495677511159012,-0.0570803557116741,-0.0063920321843737,-0.1697635243108651,Alto
2022-10-05,20158.26,-0.0088680769475327,65.81026785178669,71.16,-5.349732148213306,-0.0098019372703794,-0.0509165969681907,-0.0038788070002072,-0.0540160708315101,0.0491242795757174,-0.151429736495114,Alto
2022-10-06,19960.67,-0.0098502925002542,63.33812454204498,68.73,-5.391875457955024,-0.0215714201978188,-0.0451222328709406,0.0406258908142864,-0.0349532355376848,0.067066887033351,-0.1500109966248628,Alto
2022-10-07,19530.09,-0.0218074842813223,63.126309787599176,65.99,-2.863690212400819,-0.0057413969930503,-0.0191786110560678,0.0391713504648467,0.0010122841215784,0.0704292709352594,-0.1249932796008621,Alto
2022-10-08,19417.96,-0.0057579421714504,63.15637723594503,64.84,-1.6836227640549737,0.0010845629510001,-0.0022056899900915,0.0604533122943913,-0.0046616637381063,0.0604167482062998,-0.1329346646094646,Alto
2022-10-09,19439.02,0.0010839752375059,52.55990236456981,67.51,-14.950097635430197,-0.0158006936563674,-0.0134826755669781,0.0705102417714471,-0.0162070927443872,-0.0458762838867391,-0.1139419579793632,Médio
2022-10-10,19131.87,-0.0159268553425899,52.64549009909242,68.98,-16.334509900907584,-0.0037565590817834,-0.0032657549941537,0.0781737488285254,-0.0047015790928958,-0.1677337343396123,-0.1047106215963206,Médio
2022-10-11,19060.0,-0.0037636326703097,52.58387772122636,70.6,-18.01612227877364,0.0050120671563482,0.0106495278069254,0.0750650577124869,0.0054758656873032,-0.0765398740818467,-0.1013908709338928,Médio
2022-10-12,19155.53,0.0049995485596987,51.841724000227615,70.2,-18.35827599977239,0.0114640524172393,0.0205857003173497,0.0693319370437675,0.0025486112887505,-0.1088573378027126,-0.1080878472169655,Médio
2022-10-13,19375.13,0.0113988381085654,37.0784013754176,66.11,-29.0315986245824,-0.0102296087819798,-0.0024614028396198,0.0400879890870409,0.0100783839901976,-0.1322855640194413,-0.1117566695036368,Baixo
2022-10-14,19176.93,-0.0102822908155797,37.240154795518485,62.08,-24.83984520448152,-0.00560777976454,-0.0027616516303704,0.0537567796305247,0.0079673858120148,-0.1484638052076113,-0.0731206715569176,Baixo
2022-10-15,19069.39,-0.0056235623928088,36.14672166827532,62.66,-26.51327833172468,0.0101518716644843,-0.0014405285119241,0.1090297067709036,0.0530001221853451,-0.1284744818790743,-0.0664017045117855,Baixo
2022-10-16,19262.98,0.0101006875336738,36.27383147322835,63.27,-26.99616852677165,0.0148928151303693,-0.0051191456358258,0.105715211249765,0.0783165429232652,-0.1226399030679572,-0.098979493307889,Baixo
2022-10-17,19549.86,0.0147830060608086,36.23486604085755,60.01,-23.77513395914245,-0.0113770635697647,-0.0176732723405692,0.0693467881611429,0.0381204775890977,-0.1476788069070572,-0.1492460815576173,Baixo
2022-10-18,19327.44,-0.0114422774576837,34.31281310491278,62.26,-27.94718689508722,-0.0105275194231619,0.0125707284565366,0.0653832064670749,0.0654199418029497,-0.1363284532250519,-0.1319843704080829,Baixo
2022-10-19,19123.97,-0.0105833257695788,34.44289688592769,60.9,-26.45710311407231,-0.0042904271445731,0.0107587493600962,-0.0301579640629012,0.0881459236758892,-0.1267268250263935,-0.1247523396031264,Baixo
2022-10-20,19041.92,-0.0042996574378428,32.31062732681182,61.44,-29.12937267318818,0.0064305490202669,0.0545191871407926,-0.1638022846435652,0.0832668134305785,-0.1229518872046515,-0.1367005007898362,Baixo
2022-10-21,19164.37,0.0064099612532107,31.452153572871204,62.19,-30.7378464271288,0.0020861630202297,0.0838650057372092,-0.0815690784513134,0.0692102062316686,-0.1504949027805244,-0.1183868814889296,Baixo
2022-10-22,19204.35,0.0020839900038091,26.258610276458267,62.14,-35.88138972354173,0.0190607857074049,0.056797548472091,-0.1111227404207899,0.0666135537000731,-0.1782439915956539,-0.1239135924933674,Baixo
2022-10-23,19570.4,0.0188814047749087,26.99689124105442,64.07,-37.07310875894557,-0.0122981645750726,0.0521931079589583,-0.1409434656419899,0.0297101745493193,-0.1708427012222541,-0.1404657033070351,Baixo
2022-10-24,19329.72,-0.0123744127879885,26.49476988411747,64.31,-37.81523011588253,0.0388184619332301,0.0765634473753369,-0.1551946950085154,0.045427455752075,-0.1410579149620378,-0.131984322587187,Baixo
2022-10-25,20080.07,0.0380839730139803,29.564534905428125,65.61,-36.045465094571874,0.0344381269587208,0.0272613591486483,-0.1723405346694508,0.0532094758633809,-0.1733619454513852,-0.1615507316458558,Baixo
2022-10-26,20771.59,0.0338584068050516,30.88800096209244,66.28,-35.39199903790757,-0.0229390239264302,-0.0135208715365553,-0.1863612751840374,0.0254087433845939,-0.2045799093858487,-0.1896571230223589,Baixo
2022-10-27,20295.11,-0.0232062173479073,31.815989759899843,61.41,-29.59401024010016,0.0146207633267323,0.0092884443592569,-0.1789766106219676,0.0300796595830228,-0.1890376548833685,-0.1663316927082435,Baixo
2022-10-28,20591.84,0.0145149104854409,31.643545073606106,55.08,-23.436454926393893,0.0105784621481128,-0.0213676873946184,-0.1893604456911086,-3.447967738667845e-05,-0.2021703742841825,-0.188690277313732,Baixo
2022-10-29,20809.67,0.0105229017033011,31.69498194112252,57.8,-26.10501805887748,-0.0087550643522938,-0.0289216503673531,-0.1974668507477532,-0.1087206092167727,-0.2208953818104755,-0.2048259294837446,Baixo
2022-10-30,20627.48,-0.0087936151026691,31.699508901866214,60.36,-28.660491098133782,-0.0066290210922516,0.0252595081900455,-0.1903674127910922,-0.2280777874951278,-0.2028822716104924,-0.1936256876748879,Baixo
2022-10-31,20490.74,-0.0066510906396394,31.720602622915045,59.63,-27.90939737708496,-0.0003474740297325,0.039463191666089,-0.2054835501304492,-0.1410193092099162,-0.1623709051015239,-0.1895129214464681,Baixo
2022-11-01,20483.62,-0.0003475344128213,31.38242668398279,59.92,-28.53757331601721,-0.0161973323074728,0.0205998744362569,-0.2295653795569336,-0.1666360731159822,-0.171173357053099,-0.1924083731293588,Baixo
2022-11-02,20151.84,-0.0163299430037902,30.179249236864603,56.41,-26.2307507631354,0.0027779101064715,0.0217990019769906,-0.1947663339923302,-0.1657297795139302,-0.1518025153038134,-0.175422690930456,Baixo
2022-11-03,20207.82,0.0027740588448488,27.543627323957526,53.98,-26.43637267604247,0.0465512855914196,-0.0821756132032055,-0.17838193333076,-0.1919044211597292,-0.1644224859485089,-0.1749298044024541,Baixo
2022-11-04,21148.52,0.0455002684794452,31.63805603046999,54.19,-22.551943969530008,0.0071328868403084,-0.2470957778605784,-0.2151247463179456,-0.2141549385016068,-0.1911632587055737,-0.2115202387684812,Baixo
2022-11-05,21299.37,0.0071075681286795,31.5484989020823,55.9,-24.35150109791769,-0.018488340265463,-0.173630487662311,-0.2242897325132151,-0.2065225403380475,-0.2034341860815601,-0.2088798870576922,Baixo
2022-11-06,20905.58,-0.0186613858307954,31.30203345810376,56.76,-25.45796654189624,-0.0150414386972282,-0.1834567613048765,-0.2127188052185111,-0.202951556474396,-0.1825646549868504,-0.1948632853046891,Baixo
2022-11-07,20591.13,-0.0151557084383836,31.681695976893177,59.48,-27.79830402310682,-0.099261186734288,-0.1835280530985914,-0.2021428644275472,-0.1893324941370385,-0.1823353065130472,-0.1767984564227411,Baixo
2022-11-08,18547.23,-0.104539948786357,48.30355414716556,76.66,-28.35644585283444,-0.1414992966604716,-0.1195531623859734,-0.12585814701171,-0.0995717419797995,-0.0713384154938501,-0.0864635851283452,Baixo
2022-11-09,15922.81,-0.1525677793793299,71.65470645805863,114.72,-43.06529354194137,0.1054047620991522,0.0437516996057856,0.0326399674429325,0.0488525580597898,0.0757246993464093,0.0756788531672489,Baixo
2022-11-10,17601.15,0.1002115684402702,79.71507909837605,93.12,-13.404920901623951,-0.0301593929942077,-0.0398030810486815,-0.0248568985549241,-0.0750473690639532,-0.0269107416276777,-0.0240262710107012,Médio
2022-11-11,17070.31,-0.0306235436615994,80.40865557740563,102.11,-21.70134442259437,-0.0151274347097386,-0.0238747861052319,-0.0054445408431365,-0.0755123954983828,0.0008634875406479,0.0216955638181144,Baixo
2022-11-12,16812.08,-0.0152430215195955,80.48610146355996,102.92,-22.43389853644004,-0.0286835418342049,-0.007109173879734,0.0166939486369324,-0.0348047356424666,0.0236585835898948,0.0672837626278246,Baixo
2022-11-13,16329.85,-0.0291029542452625,81.04442441754436,107.88,-26.83557558245564,0.0177350067514396,0.0226946358968391,0.0340082731929565,0.0167337728148146,0.0884790735983489,0.1541208278091959,Baixo
2022-11-14,16619.46,0.0175795765326142,81.25239158192507,98.18,-16.92760841807494,0.0169145086543125,0.004887042057925,0.0292572682866953,-0.001234095451958,0.0712231324002106,0.1991972061667466,Médio
2022-11-15,16900.57,0.0167730512461791,81.38653053904393,89.99,-8.603469460956063,-0.0140711230449624,-0.0367052708873132,0.0038921764177184,-0.0223915524742657,0.0269677294907804,0.2398942757551962,Alto
2022-11-16,16662.76,-0.0141710598868462,81.37328568423213,98.64,-17.26671431576787,0.001788419205462,-0.0529005999006165,0.0255779954821411,-0.0122542724014508,-0.0018388310219915,0.252583605597152,Médio
2022-11-17,16692.56,0.001786821888,81.2777385083453,76.97,4.307738508345295,0.0004726656666202,-0.0278938640927455,0.0086313902720731,-0.0158022496249827,0.0050297857248977,0.2691672218042049,Alto
2022-11-18,16700.45,0.0004725539953914,81.1940296695999,74.71,6.484029669599906,1.3772083985674756e-05,-0.0058285854572781,0.0313554425180158,-0.0291932253322515,0.0022610169187056,0.2655233841004285,Alto
2022-11-19,16700.68,1.377198915139681e-05,81.18017749929697,72.41,8.770177499296977,-0.0251756215914562,-0.0060913687346861,0.0256205136557314,-0.0154574544270054,-0.015676008402053,0.2381214417616528,Alto
2022-11-20,16280.23,-0.0254979489178795,81.63530639762278,80.26,1.3753063976227793,-0.030646987174014,0.0148591266830997,0.0520422623021912,0.0542627469022243,0.0377961490716041,0.2943054244319645,Alto
2022-11-21,15781.29,-0.0311264271128395,82.35090857892746,80.81,1.540908578927457,0.0282391363443672,0.0429166436964278,0.0826142856509193,0.0757910158168311,0.0661150007382158,0.4363344187959284,Alto
2022-11-22,16226.94,0.0278477628835421,82.65984100731781,79.71,2.949841007317815,0.0231818198625248,0.0124385743707684,0.0605714940709709,0.0533557158650985,0.0366359892869512,0.4040570803860739,Alto
2022-11-23,16603.11,0.0229172032029526,82.93321462981808,75.27,7.663214629818086,-0.0002505554682225,-0.0235016210818335,0.0705644906285629,0.016990190392041,0.0105636835508526,0.3676883427261519,Alto
2022-11-24,16598.95,-0.0002505868624879,81.86245619134823,72.21,9.652456191348236,-0.0046274011307945,-0.0094234876302418,0.0725467574756235,0.0305290394874373,0.0142882531726402,0.3805963630229623,Alto
2022-11-25,16522.14,-0.0046381406950624,81.02222788390227,64.89,16.132227883902274,-0.0038475645406708,0.0388266895208488,0.05048982758892,0.0268857424038289,0.018760886906902,0.3698522104279469,Alto
2022-11-26,16458.57,-0.0038549854582066,80.62808765333554,65.49,15.138087653335546,-0.0018099992891241,0.0315215720442298,0.0105446584970625,0.0383016264474982,0.0279987872579452,0.4011508897796101,Alto
2022-11-27,16428.78,-0.0018116393171025,80.47145320086356,67.12,13.35145320086356,-0.0131397462258304,0.0404144434340225,0.0211665138859977,0.024825945687994,0.0168959594078197,0.400569610159732,Alto
2022-11-28,16212.91,-0.0132268364279651,80.51998471699025,67.44,13.079984716990252,0.0141627875563361,0.0414663376284702,0.0324001058415792,0.0623694327545147,0.020625538536882,0.4231966994204001,Alto
2022-11-29,16442.53,0.0140634322802119,80.61093590969548,64.8,15.810935909695488,0.0438563894972368,0.0403326008831974,-0.0002219853027483,0.0417228978752055,0.011612568138845,0.4001859811111794,Alto
2022-11-30,17163.64,0.0429219220456457,81.95661212979415,64.05,17.906612129794155,-0.0108525930397048,-0.011494647988422,-0.0156190644874861,-0.00210619658767,-0.0324033829653849,0.3832904908282859,Alto
2022-12-01,16977.37,-0.0109119119942652,82.04485605681296,60.05,21.994856056812964,0.0067955166200655,0.006572867293344,-0.0089943259762849,0.0063425607146454,-0.0256205760962974,0.3445044786088778,Alto
2022-12-02,17092.74,0.0067725311702464,81.88097717058456,58.75,23.13097717058456,-0.0121419971286055,-0.0149829693776423,-0.0158728208584464,0.0068502767841784,-0.0278474954863878,0.3529211817414879,Alto
2022-12-03,16885.2,-0.0122163133533219,81.98606879461614,61.15,20.836068794616143,0.0130587733636557,0.020070831260512,-0.0063191433918461,0.0526792694193731,-0.012574917679388,0.4055302868784496,Alto
2022-12-04,17105.7,0.0129742426986612,80.56247486057201,61.84,18.722474860572007,-0.008146407337905,0.0013363966397166,-0.0157596590610148,0.0407729587213618,-0.0251682187808742,0.3731645007219815,Alto
2022-12-05,16966.35,-0.008179770631694,80.57485097066225,56.01,24.564850970662256,0.0072266574719961,0.009497623236583,-0.0079121319553113,0.0229860871666565,-0.0068364733722926,0.3810807863800995,Alto
2022-12-06,17088.96,0.0072006703080002,80.3507616183054,56.74,23.6107616183054,-0.0147650881036646,-0.0002288026889875,-0.0099227805553995,-0.0267330487051289,-0.0150453860270022,0.3650239686908976,Alto
2022-12-07,16836.64,-0.0148751770092267,80.3443831189468,61.83,18.5143831189468,0.0230129051877334,0.02216534890572,-0.0077378859439887,-0.0035707837193168,0.0067715411150919,0.3620835273546265,Alto
2022-12-08,17224.1,0.0227521019316931,72.03162637009466,55.71,16.321626370094656,-0.005546879082216,0.0319668371642061,-0.0392931996446836,-0.028209891953716,-0.0162870628944327,0.3215506180293892,Alto
2022-12-09,17128.56,-0.0055623201422599,48.58285022958516,58.71,-10.127149770414846,-6.246876561721848e-05,0.0393839295305618,-0.0289043562330983,-0.040264914271836,-4.261887747714077e-05,0.3568250921268336,Médio
2022-12-10,17127.49,-6.247071687181942e-05,33.74127343851003,59.55,-25.80872656148997,-0.0024778878866665,0.0133615608591801,-0.0303611328922102,-0.0135413887265443,0.0029642405279464,0.3407101682733429,Baixo
2022-12-11,17085.05,-0.0024809629316508,32.01754580826499,61.79,-29.772454191735008,0.0073034612131659,-0.0265103116467321,-0.0317616863866361,-0.015240224640841,0.0208141035583742,0.2757557045487135,Baixo
2022-12-12,17209.83,0.007276920090016,31.67485926303728,61.15,-29.475140736962725,0.0328225206175771,-0.0251780523108015,-0.0344617000865203,-0.0225684971902686,0.0426169230027255,0.2565603495211745,Baixo
2022-12-13,17774.7,0.032295365713004,32.0490941305568,60.66,-28.6109058694432,0.0016005896020749,-0.0583126578788953,-0.0619886692883706,-0.0560459529556054,0.0603059404659431,0.2299813780260706,Baixo
2022-12-14,17803.15,0.0015993100237424,31.4619704114362,55.19,-23.7280295885638,-0.0250972440270402,-0.0766308209502251,-0.0633578889129171,-0.0543179156497587,0.1194653755093899,0.2235778499872214,Baixo
2022-12-15,17356.34,-0.0254175504220324,32.159437771323404,57.74,-25.5805622286766,-0.041726539120575,-0.0265482238766928,-0.029152459562327,-0.0302039485283187,0.2073351870267579,0.2545254356621269,Baixo
2022-12-16,16632.12,-0.042622091974556,35.08306331732477,63.31,-28.22693668267523,0.0086819960413946,0.0115769967989649,0.0120086916159816,0.0172720014045113,0.2548911383515753,0.3347570844847201,Baixo
2022-12-17,16776.52,0.0086445242442314,35.20688519129408,62.29,-27.08311480870592,-0.0022835486739801,0.0026769556499202,0.0103793873818884,-0.0041820353684792,0.2628155302768393,0.4498865080481529,Baixo
2022-12-18,16738.21,-0.0022861599473239,35.215529102601145,66.48,-31.26447089739886,-0.0178830352827451,0.0024070674223828,0.0122689343723134,-0.0114050427136472,0.2626684693285603,0.4050319598093226,Baixo
2022-12-19,16438.88,-0.0180448690471703,35.77359694341167,63.62,-27.84640305658833,0.0277804813953261,0.0241646632860632,0.0419097894747086,0.0118371811218283,0.2578393418529729,0.4946255462659257,Baixo
2022-12-20,16895.56,0.0274016047314584,35.94443463155191,60.1,-24.15556536844809,-0.0041957768786594,-0.0037554245020585,0.0167322065678792,-0.0170506334208514,0.2471673031257915,0.4578948552163999,Baixo
2022-12-21,16824.67,-0.0042046038497872,34.296880258654824,59.12,-24.82311974134517,-0.0001925743565845,0.0056298281036122,0.03661230799772,-0.0167771492694951,0.3472603028766687,0.4426291867834555,Baixo
2022-12-22,16821.43,-0.0001925929014068,32.89267797138813,56.14,-23.24732202861187,-0.002552101694089,-0.0068406788245707,0.0666905251218237,-0.012167812130122,0.3544359783918489,0.4768185582319695,Baixo
2022-12-23,16778.5,-0.0025553638570472,31.919016569249344,53.67,-21.75098343075065,0.0034341568078195,-0.0137789432905205,0.1232601245641742,-0.0062955568137795,0.35339154274816,0.4573507762910869,Baixo
2022-12-24,16836.12,0.0034282735568192,31.9412888659948,52.35,-20.4087111340052,-0.0002381783926461,-0.0120366212642816,0.1837650242454911,-0.0095592096041129,0.3611479366980041,0.4363291542231822,Baixo
2022-12-25,16832.11,-0.0002382067616242,31.90039971973712,53.68,-21.77960028026288,0.0051853273297286,-0.0133453262841082,0.2449372063276675,0.0010842372109023,0.3446258371647999,0.4222934617228617,Baixo
2022-12-26,16919.39,0.0051719298136836,31.923061709908467,53.22,-21.29693829009153,-0.01259087945842,-0.0222815361546721,0.233584662331207,-0.0051739453963766,0.3629888547991386,0.3703384105455338,Baixo
2022-12-27,16706.36,-0.0126708162731763,32.22136072974332,54.05,-21.82863927025668,-0.0095203263906679,-0.0053638255131579,0.2681188481512431,0.014622574875676,0.3772988251180988,0.386123009440716,Baixo
2022-12-28,16547.31,-0.0095659343975275,32.06343657483707,57.19,-25.126563425162928,0.0052068886121068,0.0075879402754888,0.2772353935473499,0.0239470947241575,0.3944357119072526,0.423485146528348,Baixo
2022-12-29,16633.47,0.0051933796404468,31.7377096082932,54.59,-22.85229039170681,-0.0015625122118235,0.0025075946269779,0.2431242548908916,0.0297207978852278,0.3841128760264694,0.4123384958159661,Baixo
2022-12-30,16607.48,-0.0015637342071172,27.98989577825073,49.82,-21.830104221749263,-0.0039187161447732,0.0146247353602111,0.2688011667031964,0.0343688506624724,0.4296148482491022,0.3934425933374599,Baixo
2022-12-31,16542.4,-0.0039264144310654,27.76370183084132,48.31,-20.54629816915869,0.0044945110745719,0.0174974610697358,0.3702491778701999,0.0543004642615339,0.3798572153980075,0.4283882628880935,Baixo
2023-01-01,16616.75,0.0044844409220061,27.707207995456105,46.96,-19.2527920045439,0.0033773150586005,0.0200941820753155,0.3711195029112191,0.0798296899213142,0.3916758692283388,0.4121485850121111,Médio
2023-01-02,16672.87,0.0033716247385011,27.40283079861528,50.02,-22.61716920138473,0.0001385484322735,0.0162359569768133,0.3619658763008408,0.1303764738764232,0.4234297994286526,0.3407613686186002,Baixo
2023-01-03,16675.18,0.0001385388353259,27.026601755896507,48.95,-21.92339824410349,0.0105054338244026,0.0271451342654172,0.3742850152142285,0.195190096898504,0.4086168784984629,0.3401096719795529,Baixo
2023-01-04,16850.36,0.0104506352091812,27.12166237153552,46.87,-19.74833762846448,-0.0010984928511914,0.0194595249003581,0.3431695227876437,0.2435888610094976,0.3905875008011699,0.3311430735011003,Médio
2023-01-05,16831.85,-0.0010990966366733,27.007835350634583,45.45,-18.442164649365417,0.0070580476893509,0.0361701179608897,0.3700775612900542,0.2400003564670552,0.385874992944923,0.3314044504911819,Médio
2023-01-06,16950.65,0.0070332562551536,26.618045125387983,43.61,-16.991954874612016,-0.0004176830976984,0.0585588163285772,0.3574494193438009,0.2498429263774544,0.3529221593272234,0.3095639400258985,Médio
2023-01-07,16943.57,-0.0004177703515806,25.40786926100323,42.02,-16.612130738996772,0.0108749218730175,0.1123169438317899,0.3618239839655988,0.247364634489662,0.3434311659231202,0.2810428970990175,Médio
2023-01-08,17127.83,0.0108162151473543,25.61307032477777,42.79,-17.176929675222233,0.0029443309514396,0.1636039124629329,0.3441632711207429,0.20724399996964,0.3568829209537925,0.188838282491127,Médio
2023-01-09,17178.26,0.0029400048985379,25.633582234078307,44.06,-18.42641776592169,0.0152751209959565,0.2198511374260257,0.3821132058776617,0.2266428613840985,0.3367477264868503,0.1730344051143713,Médio
2023-01-10,17440.66,0.0151596309333654,26.158983380392463,45.47,-19.31101661960753,0.0288177167607188,0.1967150325733087,0.3087893462747397,0.2996761590444399,0.2497434156734894,0.1728759118060898,Médio
2023-01-11,17943.26,0.0284102951545734,27.857716230452656,47.55,-19.69228376954734,0.0503453664495749,0.1807023918730488,0.2887920032368702,0.2697553287418228,0.205198497931814,0.2259260580295889,Médio
2023-01-12,18846.62,0.0491190305151335,30.70338400288533,51.42,-20.71661599711468,0.0574845781365571,0.1214111601974254,0.2592528527661724,0.204878116075986,0.160024980606602,0.2794591284803323,Baixo
2023-01-13,19930.01,0.0558930485095537,36.365880398947866,61.12,-24.75411960105213,0.0514254634092004,0.0375042461092594,0.1785714106515752,0.1498463874328213,0.0930019603602809,0.2378523643490395,Baixo
2023-01-14,20954.92,0.0501468276844181,39.36787996368788,73.62,-34.25212003631213,-0.0039809266749765,0.0055676662091768,0.1182051756818924,0.0800752281564425,0.0390862861800476,0.1589478747711754,Baixo
2023-01-15,20871.5,-0.0039888716561739,36.4793223373585,70.2,-33.7206776626415,0.0150516254222266,0.0860364612030759,0.1176408020506432,0.1049009414752173,0.0636437246963563,0.1977471671897084,Baixo
2023-01-16,21185.65,0.0149394736852506,36.72606159936736,64.92,-28.193938400632646,-0.0023997375582056,0.0754236948122903,0.0824737499203469,0.0860960131032089,0.1481380085104775,0.2930983944320802,Baixo
2023-01-17,21134.81,-0.002402621543175,36.72696609117722,63.35,-26.623033908822784,-0.0216391819940656,0.0744302882306489,0.0770155965442793,0.0917609384707029,0.1127481155496548,0.2731361199840452,Baixo
2023-01-18,20677.47,-0.0218767424205475,36.97948002694393,63.34,-26.36051997305607,0.0190603589317261,0.1082811388433884,0.12395085085361,0.1134147456144294,0.1882483688768499,0.352818792627918,Baixo
2023-01-19,21071.59,0.0188809859816687,36.32494907525432,56.9,-20.575050924745675,0.0757237588620507,0.0740950255770922,0.0897611428468379,0.1267445883295943,0.1689649428448447,0.3153734483254466,Baixo
2023-01-20,22667.21,0.0729936990967774,44.33509630145532,59.48,-15.14490369854468,0.0051325240292035,0.0173700248067583,-0.0384193731826723,0.0070118907443836,0.0707872737756432,0.2399174843308904,Médio
2023-01-21,22783.55,0.0051193975233281,44.37099186745119,65.79,-21.41900813254881,-0.0033212559061251,0.0099238266205223,-0.0508419451753567,0.0149923958294471,0.0903568583473604,0.196080944365562,Baixo
2023-01-22,22707.88,-0.0033267835189935,44.37721255860746,61.99,-17.61278744139254,0.009184917306239,0.0161300834776296,-0.0372262844439904,0.0451288275259513,0.0768138637336466,0.2460612791682885,Médio
2023-01-23,22916.45,0.0091429924751451,44.4755852137996,64.38,-19.9044147862004,-0.0123736442599093,0.0046320437938685,-0.0494365401272884,0.0249816180080246,0.0552336858457569,0.1980245631413242,Médio
2023-01-24,22632.89,-0.0124508352125872,44.6870444794152,61.33,-16.6429555205848,0.0189127415897836,0.0490176022593666,-0.0379500806127718,0.0353030479094804,0.0577615143271583,0.2134088929871529,Médio
2023-01-25,23060.94,0.0187361191606464,45.126351830481696,61.49,-16.363648169518306,-0.0022241070832323,-0.0101812848912489,-0.0373401951524958,0.0115303192324338,0.0053922346617267,0.2127888108637377,Médio
2023-01-26,23009.65,-0.0022265840828143,44.91611381986511,57.0,-12.08388618013489,0.0028036063130034,0.0050187638664647,0.0571238589026776,-0.0033351224377599,0.0064068771146017,0.1788493088769276,Médio
2023-01-27,23074.16,0.0027996835390564,44.80265134788313,55.0,-10.197348652116872,-0.0022345342148967,0.0285384169997955,0.0192232349953367,-0.0135060171204498,0.0208323943320145,0.18145449281794,Alto
2023-01-28,23022.6,-0.0022370345118359,44.77281465476846,54.49,-9.717185345231542,0.0312605874227933,0.0202557486991044,0.0672109144927159,0.0094628756091841,0.0203925707782788,0.2313379027564219,Alto
2023-01-29,23742.3,0.0307819252058522,46.03900375514668,58.92,-12.88099624485332,-0.0385872472338398,-0.0130737123193623,0.037471095892142,-0.0328232732296365,-0.0253020979433331,0.1805313722764854,Médio
2023-01-30,22826.15,-0.0393514588233174,48.0220734400733,56.4,-8.3779265599267,0.0130981352527692,0.021934929894003,0.0633313107992366,-0.045114923015927,0.0351710647656307,0.2470504224321665,Alto
2023-01-31,23125.13,0.0130130964408873,48.21074476880728,58.82,-10.60925523119272,0.0262714198795854,-0.0083121694883445,0.0742512582631966,-0.0648619056411792,0.014710836220164,0.2303814075856005,Médio
2023-02-01,23732.66,0.0259322535565358,49.0378571945747,58.04,-9.0021428054253,-0.0102693924743371,-0.0408778451298758,0.0303168713494399,-0.0787990052526771,-0.0580769285870188,0.1870506719432207,Alto
2023-02-02,23488.94,-0.0103224864935691,49.16983973861374,57.71,-8.540160261386262,-0.0024283769297378,-0.0105785957135571,0.0295147418316876,-0.0726043831692702,-0.048634378562847,0.1835357406507063,Alto
2023-02-03,23431.9,-0.0024313302190962,49.04186412390907,54.25,-5.208135876090928,-0.0044836312889693,-0.0200111813382611,0.0216926497637834,-0.0707552524549866,-0.0427477071855034,0.2020139211929037,Alto
2023-02-04,23326.84,-0.0044937129098707,49.06540871355036,54.16,-5.094591286449635,-0.0168874138117293,-0.0656106870883498,-0.0060681172417695,-0.0483134449415351,-0.0393040806212928,0.2076222068655677,Alto
2023-02-05,22932.91,-0.0170316321398212,49.36282532975802,55.23,-5.86717467024198,-0.0074299336630195,-0.0570237270368217,0.0097745990369297,0.0606612941837734,-0.032047829952675,0.2224275070193881,Alto
2023-02-06,22762.52,-0.0074576731070363,49.4311036817469,54.56,-5.128896318253098,0.0209967964882622,-0.0395373622955631,0.034808536137475,0.0331773459177631,-0.0464394979114791,0.2259771765164842,Alto
2023-02-07,23240.46,0.0207794015559237,49.81700340743252,53.31,-3.4929965925674864,-0.0119386621435203,-0.062688948497577,0.0108272383593095,0.0572066990068182,-0.123846085662676,0.2021440195245705,Alto
2023-02-08,22963.0,-0.0120105003106417,49.98232548925012,52.99,-3.0076745107498795,-0.0508056438618648,-0.0517802551931367,0.0077764229412533,0.0726799634194139,-0.1224713669816661,0.2334520750772981,Alto
2023-02-09,21796.35,-0.0521417003525174,52.92498653279571,51.95,0.974986532795704,-0.0078526909321973,0.0185118150516028,0.0840792150979408,0.1135699325804548,-0.0615066284033793,0.3597386718418451,Alto
2023-02-10,21625.19,-0.0078836856777029,52.06163137125535,48.69,3.371631371255347,0.0109760885337886,0.12480167804306,0.085091969134144,0.1487621611648268,0.0171984616088922,0.3965389437040785,Alto
2023-02-11,21862.55,0.0109162884567473,49.30891685505711,47.13,2.1789168550571105,-0.003613942563882,0.0757080029548247,0.0224946312301173,0.1184495861644685,0.1029582550983303,0.3670898408465619,Alto
2023-02-12,21783.54,-0.0036204886304742,45.30864613379184,47.5,-2.1913538662081606,-0.0004393225343538,0.1279144712016504,0.0258465795733842,0.1101138749716528,0.1325252920324244,0.3943482097032897,Alto
2023-02-13,21773.97,-0.0004394190647714,41.79642585067285,50.65,-8.853574149327152,0.0195586748764693,0.1312567253468246,0.0301401168459403,0.0994871399198216,0.1153528731783868,0.3992363358634185,Alto
2023-02-14,22199.84,0.01936986197704,42.3161159531576,49.17,-6.853884046842403,0.095685824762701,0.0933304023812784,0.0094667348953865,0.044389959567276,0.1260792870579246,0.3646535290344435,Alto
2023-02-15,24324.05,0.0913804911936594,52.720619958469214,52.67,0.0506199584692126,-0.0331494960748722,0.0213019624610211,-0.0874069079779066,-0.0479763855114587,0.1262569350087672,0.2458718839995808,Alto
2023-02-16,23517.72,-0.0337113932826645,54.0095408068188,58.8,-4.790459193181199,0.044742857726004,0.0397334435480989,-0.0770601912090118,0.0015788095104456,0.1441368465990751,0.2514082997841627,Alto
2023-02-17,24569.97,0.0437707859750721,55.60486276174831,60.77,-5.165137238251695,0.0025225916026758,-0.0157818670515268,-0.1712558053591436,-0.0438698134348556,0.1384983376048076,0.2364691531979892,Alto
2023-02-18,24631.95,0.0025194152091865,55.220466203071375,58.37,-3.1495337969286226,-0.0146228780100642,-0.0280834444694796,-0.1819287551330691,-0.0605059688737594,0.1252462756704198,0.1690954228146775,Alto
2023-02-19,24271.76,-0.0147308461197347,49.26917437471282,59.94,-10.67082562528718,0.0235022099757085,-0.0447627201323677,-0.1572209843867935,-0.0264830403728446,0.1579494029275174,0.1636424387848265,Médio
2023-02-20,24842.2,0.0232302853505922,49.899096430892165,60.75,-10.850903569107835,-0.0157007028363027,-0.0678333641947975,-0.1145264912125335,-0.0554250428705992,0.0969628293790405,0.097440645353471,Médio
2023-02-21,24452.16,-0.0158252643940644,50.19007230194285,60.82,-10.629927698057152,-0.0110399244892884,-0.036696553596901,-0.0138507191184745,-0.0857928297540994,0.1571742537264602,0.1376029765877533,Médio
2023-02-22,24182.21,-0.0111013167175208,50.238101308855335,56.83,-6.591898691144664,-0.0100077701748516,-0.0285383345856312,0.0201883946918002,-0.0759086948628764,0.1353168300167768,0.1409461748946849,Alto
2023-02-23,23940.2,-0.0100581845457686,50.17284441023991,54.93,-4.757155589760089,-0.0315331534406563,-0.0333593704313247,0.0144301217199522,-0.0630721547856743,0.1471478935013075,0.1491520538675532,Alto
2023-02-24,23185.29,-0.0320410284614873,50.98539529146628,50.49,0.4953952914662736,-0.0012171510470647,0.0191362713168565,0.0782172662062885,-0.0334388743897532,0.2062842431558975,0.2206355840276312,Alto
2023-02-25,23157.07,-0.0012178923770018,50.98124961743652,50.29,0.6912496174365188,0.0171774753887257,0.0133112695172574,0.1830136541453646,-0.0414175886673054,0.17134464766052,0.2270675867024627,Alto
2023-02-26,23554.85,0.0170316105816872,51.31692422750025,51.34,-0.0230757724997516,-0.0026644194295442,-0.0509665737629404,0.1423333198895344,-0.0785150404269184,0.1573442412072248,0.2512399781785916,Alto
2023-02-27,23492.09,-0.0026679753126395,51.31942992066952,50.44,0.8794299206695229,-0.0149207669475129,-0.0487619449780756,0.1907356901833765,-0.1332308023679459,0.2067295842983745,0.2477263623628209,Alto
2023-02-28,23141.57,-0.0150332013979481,50.45689016124996,50.37,0.0868901612499613,0.0210616652197754,-0.0307381910561814,0.1977151939129453,-0.1292427436859297,0.2111766833451662,0.2631143867939816,Alto
2023-03-01,23628.97,0.0208429342438966,49.09529292409868,54.71,-5.614707075901322,-0.006925820296018,-0.051587944798271,0.1894496459219339,-0.1342944698816749,0.2046805256428867,0.2371766522197116,Alto
2023-03-02,23465.32,-0.0069499151047281,48.9450848600347,53.72,-4.774915139965302,-0.0473456147199355,-0.0540099176145904,0.1613295706174047,-0.0625693576733664,0.2125438732563629,0.1961592682307336,Alto
2023-03-03,22354.34,-0.0485031008319871,50.99048665072751,52.2,-1.2095133492724983,-0.0003475835117475,-0.0290279203054083,0.2657680790396852,0.0786934438681705,0.2602416354050265,0.2825187413271874,Alto
2023-03-04,22346.57,-0.0003476439328977,50.86335022613836,51.57,-0.706649773861642,0.0037441987741295,-0.0887988626442446,0.2285764660974816,0.1039909033019386,0.2440387943205602,0.2989089600775421,Alto
2023-03-05,22430.24,0.0037372067095843,50.87298363068987,50.84,0.0329836306898698,-0.0009023532516817,-0.1016284266240576,0.2243716518414424,0.0827195785689318,0.2556918695475394,0.2856821861914984,Alto
2023-03-06,22410.0,-0.0009027606174541,50.84980578670285,51.78,-0.930194213297149,-0.0094618473895582,-0.0872052655064703,0.24801651048639,0.1155189647478802,0.2570285586791609,0.3166269522534584,Alto
2023-03-07,22197.96,-0.0095068950488123,50.610339556527606,51.46,-0.8496604434723949,-0.0221876244483727,-0.0090481287469659,0.2219550805569521,0.2341282712465471,0.2629007350224976,0.2995878900583657,Alto
2023-03-08,21705.44,-0.0224374723911691,51.1457880539041,50.12,1.025788053904101,-0.0618840253871839,0.1109417731223141,0.2559556498278772,0.2396657243529734,0.2856836811416863,0.3098144981166011,Alto
2023-03-09,20362.22,-0.0638816973065751,55.31603723274151,54.39,0.926037232741507,-0.0103883564758656,0.211577617764664,0.3922155835660355,0.3737632733562448,0.3720694501876513,0.3588297346752958,Alto
2023-03-10,20150.69,-0.0104426920836925,55.27731025170812,54.2,1.07731025170812,0.0151379431672067,0.205202402498376,0.3909464142418946,0.3754868939971783,0.4055975254445381,0.3710830745746176,Alto
2023-03-11,20455.73,0.0150245078577906,52.46201925219338,59.82,-7.357980747806621,0.0753519918379839,0.2220918050834655,0.3915592354807187,0.3739656321236153,0.4488527175515124,0.3491940888934299,Alto
2023-03-12,21997.11,0.0726480422526171,58.19644638448656,58.87,-0.6735536155134412,0.0962112750265828,0.2453967816681372,0.2934758247788005,0.2388431934922361,0.3729267162822751,0.2260074164287944,Alto
2023-03-13,24113.48,0.0918599391330703,66.32481796345499,62.24,4.084817963454988,0.0230962100866403,0.115869215061451,0.1683037869274779,0.1734270623734111,0.2394755962225279,0.1112046042296672,Alto
2023-03-14,24670.41,0.0228335295528605,66.78937069258946,63.46,3.329370692589457,-0.0155956062343511,0.1338631988686041,0.1268560190122498,0.1128501715212677,0.2311850512415481,0.0853196197387882,Alto
2023-03-15,24285.66,-0.0157184970805925,67.01385579349018,64.15,2.863855793490174,0.0293638303426795,0.1412911981803253,0.1597572394573587,0.1308298806785568,0.2545234512877146,0.1083750657795588,Alto
2023-03-16,24998.78,0.0289409709791094,67.43229274743315,62.45,4.982292747433149,0.0958586779034817,0.1242736645548303,0.1268553905430585,0.1187765962978992,0.2118627389016585,0.0865386230848066,Alto
2023-03-17,27395.13,0.0915382366931726,67.4583186042892,66.59,0.8683186042892004,-0.0178002440579767,-0.0052622491661838,0.0233139977798972,-0.0098637969595326,0.1062057380271603,-0.0131881104415274,Alto
2023-03-18,26907.49,-0.0179605738579611,66.7203356583388,67.25,-0.5296643416612028,0.0395941799105006,0.0515811768396086,0.0371212625183545,0.0131405790729643,0.0937575373994377,0.0185123175740287,Alto
2023-03-19,27972.87,0.0388304253763957,66.34721912044097,73.34,-6.992780879559035,-0.0091467196608714,-0.018532242133181,-0.0012329803842079,0.0134319431649307,0.0860526645996637,-0.0411681032371723,Alto
2023-03-20,27717.01,-0.0091888077429893,66.4187777495391,68.23,-1.8112222504609008,0.0140152202564418,-0.0091662123728352,0.0218908893852547,0.0112393075587879,0.0389684890253314,-0.030189042757498,Alto
2023-03-21,28105.47,0.0139179151711749,66.39744337100059,70.06,-3.662556628999411,-0.0304033342975584,-0.0048894396713522,0.0545043367002935,0.0128049806674643,0.0049164806708446,-0.0356884264877975,Alto
2023-03-22,27250.97,-0.0308751025112408,66.77533195909807,63.89,2.8853319590980675,0.0383267091042998,-0.0046258903811498,0.1082328445556248,0.0440997146156632,0.0004355808251963,-0.0184650307860602,Alto
2023-03-23,28295.41,0.0376104838761249,67.82756284332602,66.43,1.397562843326014,-0.0297200146596213,-0.0365550455003126,0.0562868677287233,-0.0043660791626628,-0.016912990481495,-0.0511086427091884,Alto
2023-03-24,27454.47,-0.0301706044537672,68.52979737550837,65.06,3.469797375508364,0.0003088750210802,0.0325677385139833,0.1063349611192638,0.0125855643907895,0.0049583911108099,-0.0085545268220439,Alto
2023-03-25,27462.95,0.0003088273290112,68.44001805411067,61.59,6.850018054110663,0.0183920518371114,0.0205942915819312,0.1093830051032391,0.0255806459247822,0.0017470810674016,-0.0412898104537204,Alto
2023-03-26,27968.05,0.018224963671601,67.81991759865943,63.23,4.589917598659433,-0.0301465422151347,0.0177813612318342,0.0832035125795327,0.007221096930247,0.0118971469230069,-0.053427393043133,Alto
2023-03-27,27124.91,-0.0306102933461951,68.6539235347228,62.12,6.533923534722796,0.0050197401576632,0.0489520518224759,0.1172258267400703,0.0335083139446361,0.0475717707450458,-0.0154466871963815,Alto
2023-03-28,27261.07,0.0050071832660621,68.41870415768945,60.13,8.288704157689445,0.0398931516627922,0.0334102806676332,0.0795713447784698,0.0236696505309585,0.0811303444802422,-0.0149223783219073,Alto
2023-03-29,28348.6,0.039117969089514,69.75979690277762,64.49,5.269796902777628,-0.011290504645732,-0.0193519256682869,0.0716582123984959,-0.0144705558651925,0.0339734590067941,-0.0100040213626069,Alto
2023-03-30,28028.53,-0.0113547262470763,69.67509888538524,62.74,6.935098885385237,0.015585191231934,0.0048857360696406,0.0274209885427454,0.0105331959970786,0.0428820205697553,-0.0104225944064849,Alto
2023-03-31,28465.36,0.0154649894422888,69.50440652845235,58.52,10.984406528452348,-0.0004436971814163,-0.0103757690048537,-0.0077887650112276,0.0411721474803059,0.0269748915875294,-0.0270841471880207,Alto
2023-04-01,28452.73,-0.0004437956441369,69.46229069850311,58.17,11.292290698503107,-0.0098711090289052,-0.0147230160339623,-0.0418198886363452,0.0614243343257394,-0.0135125873685935,-0.0436647028246498,Alto
2023-04-02,28171.87,-0.0099201514277657,67.45929113515228,60.28,7.179291135152283,-0.0132000467132639,-0.0094257143739481,-0.0126019323530883,0.0609189237349172,0.0176768528322757,-0.0480599974371598,Alto
2023-04-03,27800.0,-0.0132879416650637,67.61822140399502,61.83,5.788221403995024,0.0131464028776979,0.0049776978417266,-0.0075323741007194,0.0925841726618705,0.0441064748201438,-0.0200507194244604,Alto
2023-04-04,28165.47,0.0130607388888046,67.75897604876178,59.65,8.108976048761782,0.000161190280155,0.0056200020805616,-0.0232390938265898,0.0817121106091962,0.0238834999025401,-0.0389217719427369,Alto
2023-04-05,28170.01,0.0001611772903976,67.75826768996804,58.02,9.738267689968032,-0.0048345740736336,0.0520883734155579,0.0046425258634981,0.0754376729010746,0.0474121237443652,-0.0374440761646871,Alto
2023-04-06,28033.82,-0.0048462984303144,67.69818325630678,57.06,10.638183256306776,-0.0045477212880726,0.0772852219212365,0.0136074926642177,0.0810032310972961,0.0290499118564648,-0.0822442321453158,Alto
2023-04-07,27906.33,-0.0045580936314943,67.26306491915248,54.5,12.763064919152484,0.001148484949472,0.0710139957493514,0.0561320675273315,0.0546091155662531,0.0187688599683295,-0.024232853263041,Alto
2023-04-08,27938.38,0.0011478259451552,63.46632332591792,55.26,8.206323325917921,0.0137939279228072,0.0871725561754117,0.0491553196713625,0.0873933993309561,-0.0096494499681083,-0.057234528272577,Alto
2023-04-09,28323.76,0.0136996576150219,63.54164731845032,58.56,4.981647318450321,0.0463773171358605,0.0756668606145511,0.0320116396975542,0.0167117642572878,-0.0245550025844025,-0.0644388315675601,Alto
2023-04-10,29637.34,0.0453340244367836,65.26961436533617,62.16,3.1096143653361707,0.0189990059836677,0.0221932872518249,-0.0136358391137666,-0.0470248004712973,-0.0687845130500915,-0.1066063958506396,Alto
2023-04-11,30200.42,0.0188207787579409,60.50698091327676,60.18,0.3269809132767634,-0.0103425713947024,0.0034512765054262,-0.0706003426442414,-0.0972695081724028,-0.1070117567901373,-0.1443426945717972,Alto
2023-04-12,29888.07,-0.0103964274481094,51.454753026857006,55.87,-4.415246973142992,0.0162529731762539,-0.0153171482802335,-0.0407590720979975,-0.0692992220641881,-0.1034881141539082,-0.1325786509466821,Alto
2023-04-13,30373.84,0.0161223075102938,51.14472525016328,55.47,-4.325274749836716,0.0030648084009134,0.0002031353296125,-0.0443697602937264,-0.0916327998040419,-0.1184756356127509,-0.1471216678562869,Alto
2023-04-14,30466.93,0.0030601214496096,50.8612025618778,53.46,-2.5987974381222045,-0.0056402138318498,-0.0548079507846704,-0.0534602600261988,-0.0970232314184592,-0.1164971331210594,-0.1487737688044053,Alto
2023-04-15,30295.09,-0.0056561799008825,49.88836325944518,53.81,-3.921636740554824,0.0003155626868909,-0.0677152634304766,-0.0260596684149146,-0.065829149211968,-0.1034144476877276,-0.1705388562965154,Alto
2023-04-16,30304.65,0.0003155129074583,38.33256621427961,56.4,-18.06743378572039,-0.0288529978072672,-0.1003743649901913,-0.048060281177971,-0.0623455476304791,-0.1079309610901297,-0.1552949794833465,Médio
2023-04-17,29430.27,-0.0292774295720322,39.1717613718321,55.6,-16.428238628167904,0.0322708558229332,-0.0548217872279119,-0.0339843976966572,0.0014440914065687,-0.0687951554640851,-0.1048332210339898,Médio
2023-04-18,30380.01,0.0317610898162718,38.388943079478246,55.63,-17.241056920521757,-0.0521036694852964,-0.0918172837994457,-0.0892435519277313,-0.0351648995507242,-0.1171405144369603,-0.1271566401722711,Médio
2023-04-19,28797.1,-0.0535101387040663,42.56536788031989,55.71,-13.14463211968011,-0.0192189491302943,-0.0446631778894401,-0.0405884620326352,0.0150483902892999,-0.0665636470339027,-0.085325605703352,Médio
2023-04-20,28243.65,-0.0194060340625738,42.8259459660255,56.11,-13.2840540339745,-0.0347267438875641,0.0020231096193303,-0.0228334510589106,0.0350365480382315,-0.0404062506085438,-0.0495438797747459,Médio
2023-04-21,27262.84,-0.0353440507714546,43.244265063520565,54.82,-11.575734936479437,0.0203210670641795,0.0422718249456035,-0.0107919791188298,0.0295427769080549,-0.0188923824517182,0.0383360647680139,Médio
2023-04-22,27816.85,0.0201173493975318,41.79955146760154,54.53,-12.730448532398462,-0.0081335593354388,0.0595293859657006,-0.0367345691550266,0.0306652262926967,-0.0347839528918622,0.0782633547651874,Médio
2023-04-23,27590.6,-0.0081668171884152,40.55327778402719,54.22,-13.666722215972811,-0.0028875776532586,0.0623799409943968,-0.0295506440599334,0.052030764100817,-0.0134462461852948,0.0831558574297042,Médio
2023-04-24,27510.93,-0.0028917547486732,40.56567689182607,52.72,-12.154323108173926,0.0287107705919065,0.0625031578358128,-0.02156633745206,0.0482437343993822,-0.0429618337148181,0.1155020931680608,Médio
2023-04-25,28300.79,0.0283063392000716,41.26315449435362,52.38,-11.11684550564638,0.0040458234558116,0.0329467834643484,-0.0402338591961567,0.0425719564718864,-0.0645565017796323,0.0786776623550085,Médio
2023-04-26,28415.29,0.0040376611202662,39.88271502462821,55.47,-15.587284975371787,0.037215175351017,-0.012212791071286,-0.048616431505714,0.0152351075776457,-0.0601566973273897,0.0720517017422661,Médio
2023-04-27,29472.77,0.0365394056503652,41.83325398045653,55.07,-13.236746019543467,-0.00546504451397,-0.0272424342876492,-0.0701379612435478,-0.0353774009025958,-0.0888447200585489,0.0269815154802213,Médio
2023-04-28,29311.7,-0.0054800325013604,39.59164887625836,50.73,-11.138351123741636,-0.0027719306624999,-0.0097415025399414,-0.0849633422831156,-0.0560496320581883,-0.0425325040853993,0.0471054220669562,Médio
2023-04-29,29230.45,-0.0027757795765594,39.40494431677123,50.68,-11.275055683228771,9.442208382015592e-05,-0.0134205939354338,-0.080402114917834,-0.054812019657583,-0.0511127950476301,0.0289752638088021,Médio
2023-04-30,29233.21,9.441762633578725e-05,39.033987800165534,53.3,-14.266012199834464,-0.0398502251377799,0.0093181693012844,-0.0728890190300688,-0.0559110682679048,-0.0526391046347629,0.0415315321170683,Médio
2023-05-01,28068.26,-0.0406659912079254,41.53108698821448,53.19,-11.658913011785522,0.0214334625659018,0.0277872586330609,-0.0470453102543584,-0.0391773483643089,-0.03056512943802,0.0856390812968099,Médio
2023-05-02,28669.86,0.0212069961651957,42.04254994327459,53.21,-11.167450056725414,0.0124276853810936,-0.0083627893543952,-0.0635018796743339,-0.0653944595474133,-0.0645950137182392,0.0668311599707847,Médio
2023-05-03,29026.16,0.0123510956020622,42.00778014780267,52.92,-10.912219852197332,-0.0064769159957775,-0.0467636780063225,-0.062238684000915,-0.0775465993434888,-0.0614469843754736,0.0548081454798017,Médio
2023-05-04,28838.16,-0.0064979822282647,41.821484500115446,51.9,-10.078515499884553,0.0231446805205326,-0.041954479758764,-0.087007978317618,-0.0665971754092494,-0.0613402519439519,0.0803809951813847,Médio
2023-05-05,29505.61,0.0228809046533425,42.57617010154656,51.67,-9.093829898453444,-0.0222808476083022,-0.0646270319440946,-0.1027540186425564,-0.0794245568893509,-0.081015101873847,0.0427342461314983,Médio
2023-05-06,28848.2,-0.0225328154308164,43.2625273031068,50.53,-7.267472696893201,-0.0144931052890648,-0.0651541517321705,-0.0742604391261847,-0.0628933520982245,-0.1081523283948392,0.0574250733147996,Alto
2023-05-07,28430.1,-0.0145991562586498,43.53217160604213,51.68,-8.147828393957866,-0.0267783089049985,-0.0575126362552365,-0.0554282257185165,-0.0360353991016563,-0.0422094892385181,0.0515415000298979,Médio
2023-05-08,27668.79,-0.027143379896367,44.54805467679451,51.34,-6.791945323205496,-0.0014644659199046,-0.0322930637732984,0.0143197443762448,-0.030630540764522,-0.0480487220438624,0.0967122161829265,Alto
2023-05-09,27628.27,-0.0014655392981985,44.29397268851603,51.98,-7.686027311483969,-0.0010684708090662,-0.0257218421566026,0.0039137448707429,-0.0270740802808139,-0.0408878297482976,0.0961464470992936,Médio
2023-05-10,27598.75,-0.0010690420309266,41.37691290043919,50.86,-9.483087099560812,-0.0228318311517732,-0.0158199193804067,0.0034657366728565,-0.0179834231622808,-0.0406156075909234,0.0928288418859548,Médio
2023-05-11,26968.62,-0.0230965139643067,41.63958336191711,51.21,-9.57041663808289,-0.0064374817843849,0.0024183662345349,0.0089633804028532,-0.0081887764372073,-0.0418045120588298,0.1276650418152654,Médio
2023-05-12,26795.01,-0.0064582917274088,41.54249793890107,50.09,-8.547502061098932,-0.0007363311303112,0.0227878250465292,0.0008553831478324,0.0020250039093101,-0.0324485790451281,0.1428284594780893,Médio
2023-05-13,26775.28,-0.000736602355227,41.160909594804615,48.35,-7.189090405195387,0.005316097534741,0.0017180025755099,0.0174530387730773,0.0165947844429639,-0.0324960187157706,0.1346286574780917,Alto
2023-05-14,26917.62,0.0053020169686387,41.188607267269326,48.02,-6.831392732730677,0.0090840126281594,-0.0013879384581549,0.0056319986685302,-0.0218670892894691,-0.0365325760598447,0.1685368171480241,Alto
2023-05-15,27162.14,0.0090430011641092,41.26206927668083,52.28,-11.017930723319168,-0.0047234864410535,-0.002198280400587,-0.0017277725540034,-0.0253422594832365,-0.0748667078514432,0.1159654578026621,Médio
2023-05-16,27033.84,-0.0047346773571329,41.29495939679373,50.57,-9.275040603206271,0.0137520233899439,-0.01058155260222,-0.0482965054169144,-0.0121299822740684,-0.0530945659218223,0.1204298020554979,Médio
2023-05-17,27405.61,0.0136583223911844,40.29493518189828,49.72,-9.425064818101724,-0.0213215469387473,-0.0203002232024757,-0.0064048930127809,-0.0201177788051424,-0.038700470451123,0.1031314391469484,Médio
2023-05-18,26821.28,-0.021552134669642,39.46469311529421,46.28,-6.815306884705791,0.0021990001968585,0.0148512673518936,-0.0179685682413366,0.0463706430118175,-0.0113450961326229,0.1236600192086283,Alto
2023-05-19,26880.26,0.0021965859345866,34.78040576105797,46.52,-11.739594238942033,0.0082651730303204,-0.0205076141376608,-0.0141981513571668,0.0318501383543166,-0.0200998799862798,0.110819984628125,Médio
2023-05-20,27102.43,0.0082312035351917,34.23595939347738,46.34,-12.104040606522624,-0.0130855425140845,-0.0231949681264742,-0.0230466419431762,0.0218419529171369,-0.0095223933794866,0.1035619315316005,Médio
2023-05-21,26747.78,-0.0131719125185136,32.2679990142632,47.02,-14.752000985736808,0.0037943335858154,-0.0015649896926025,-0.0338932801152095,0.0172937716700227,0.058330448358705,0.1141111524021807,Médio
2023-05-22,26849.27,0.0037871532594394,31.52347261411583,47.58,-16.05652738588417,0.0137932986632411,0.0001862248023876,-0.0344039148922857,-0.0011672570613652,0.117121247616788,0.113688379609576,Médio
2023-05-23,27219.61,0.0136990369171227,31.75605362716659,50.08,-18.323946372833408,-0.0327190580614491,0.0310581231692885,-0.0482894501427464,0.0008442442782978,0.0979187431414336,0.0945785042474891,Médio
2023-05-24,26329.01,-0.0332662963152895,33.79454871249284,51.3,-17.505451287507157,0.0054988774739348,0.0534539657966632,-0.0149933476420115,0.0281138561609419,0.1655774372070959,0.1426084763536494,Médio
2023-05-25,26473.79,0.005483813844004,32.37661244402513,47.77,-15.393387555974876,0.0087682949815646,0.0461063565133665,-0.0508121428779182,0.0242284916515542,0.1531189905185468,0.1020900294215523,Médio
2023-05-26,26705.92,0.0087300767265965,32.48898689993433,45.24,-12.75101310006567,0.0055549481163728,0.0188883213909125,-0.0414675847152989,-0.036610609183282,0.1406706827549846,0.0944730606547163,Médio
2023-05-27,26854.27,0.0055395762922677,29.9470741449596,43.09,-13.142925855040406,0.0450851950174031,-0.0013532298587897,-0.0189642094162306,0.0139944224884906,0.127120193548363,0.0930090447440945,Médio
2023-05-28,28065.0,0.0440984084261267,33.612125475286334,49.94,-16.327874524713664,-0.011708533760912,-0.0293037591305896,-0.0551580260110456,-0.0614879743452698,0.0936198111526811,0.0412535186174951,Médio
2023-05-29,27736.4,-0.0117776184252097,33.84840034271008,47.12,-13.27159965728992,-0.0015142556351941,-0.0240543113021156,-0.0503464761108146,-0.0446269162544527,0.0844020853463318,0.0568833734731255,Médio
2023-05-30,27694.4,-0.0015154032789555,33.852511313099896,44.68,-10.827488686900104,-0.0174782627534809,-0.020913614304697,-0.0306939309029985,-0.0439290975792939,0.0994031284302963,0.0598857530764342,Médio
2023-05-31,27210.35,-0.0176328110595242,31.346733371081225,43.93,-12.583266628918777,-0.0144217182064911,-0.0544700821562382,0.0403390621583332,-0.0503168830977918,0.1198679914076812,0.0761011894371075,Médio
2023-06-01,26817.93,-0.0145267219636169,30.88000189557959,42.13,-11.249998104420412,0.0158349283483103,0.0153684493918808,0.1184267391256521,-0.0332754988919726,0.140501895560172,0.090026336857468,Médio
2023-06-02,27242.59,0.0157108638581493,31.065180747536168,41.4,-10.33481925246383,-0.0063639323573859,-0.0331558049363147,0.096992613404232,-0.0490922485710794,0.1238663431046753,0.0904245888515005,Médio
2023-06-03,27069.22,-0.0063842684993772,31.06231199933143,39.75,-8.687688000668569,0.0016989776580189,-0.0210796616969384,0.1337046283564875,-0.0419284338447876,0.1509825550939405,0.0781991501786898,Médio
2023-06-04,27115.21,0.0016975360281114,30.02533879063695,41.69,-11.664661209363048,-0.0511524712513751,-0.0235071017336763,0.1258415479725216,-0.0732655214545636,0.1346587395045069,0.0766518127648652,Médio
2023-06-05,25728.2,-0.0525071584555573,34.280936823490144,40.11,-5.829063176509855,0.0583748571606252,0.0043924565263018,0.1840183145342464,-0.0050415497391966,0.1856565947093074,0.1315984017537177,Alto
2023-06-06,27230.08,0.0567345780192702,39.25395940126225,43.65,-4.396040598737748,-0.0327116189155523,-0.0479076815051591,0.1115644904458599,-0.0325037605471596,0.0978825622253036,0.067647616165652,Alto
2023-06-07,26339.34,-0.0332586055638562,39.82227468287242,45.63,-5.807725317127584,0.0060468485542917,-0.0164829490792101,0.1652698966640773,0.0067446640652348,0.152067591670862,0.1043716357357473,Alto
2023-06-08,26498.61,0.0060286397326937,39.87448003918263,41.35,-1.4755199608173726,-0.0007849468330602,-0.0212977208993226,0.1350561406805865,-0.0059867291152252,0.1428761735049499,0.1023619729487697,Alto
2023-06-09,26477.81,-0.0007852550651334,39.873677210803386,40.8,-0.926322789196611,-0.0240427739303213,-0.0509562535572241,0.1499179879302705,0.0138432899095506,0.1390938298900097,0.1243535624736333,Alto
2023-06-10,25841.21,-0.0243365192777008,39.96331103137165,43.37,-3.4066889686283446,0.0032637790567857,-0.0093927490237492,0.1792017479057677,0.095459152261059,0.1768632351194081,0.1447602492298156,Alto
2023-06-11,25925.55,0.0032584644904937,39.91595389996447,42.81,-2.894046100035532,-0.0007853256729365,0.0161790203100802,0.17975896364783,0.1569239611117219,0.1811552696085521,0.1361668315619149,Alto
2023-06-12,25905.19,-0.0007856342026842,39.916067650876606,46.45,-6.533932349123397,0.0011217829323004,0.0236168891253065,0.1818878765220406,0.153626744293325,0.1727379725838722,0.1359125333572153,Alto
2023-06-13,25934.25,0.0011211542039807,39.875119707887,45.38,-5.504880292113008,-0.0310650973133983,0.015644177101709,0.2013534225975304,0.1833193556783019,0.2128451757810616,0.1347993483520826,Alto
2023-06-14,25128.6,-0.0315578492380286,41.24613128241531,44.66,-3.413868717584684,0.0186994102337576,0.0682787739866128,0.2243622804294707,0.2148480217759845,0.2062753197551794,0.1661548991985229,Alto
2023-06-15,25598.49,0.0185267256736528,41.71662422941683,46.63,-4.913375770583173,0.0291622669930922,0.1058460870152888,0.1916644302066255,0.1900178487090449,0.1832541685075954,0.1497135182583033,Alto
2023-06-16,26345.0,0.028745138290379,42.63931218583775,45.06,-2.4206878141622568,0.0065283735054091,0.1385040804706774,0.1347667489087114,0.1489083317517556,0.1475418485481117,0.1083697096223192,Alto
2023-06-17,26516.99,0.0065071559690337,42.0327156672404,42.95,-0.917284332759607,-0.0066757199817928,0.1270102677566345,0.1443493398006334,0.1574631962375818,0.1365543374266837,0.0834755377589988,Alto
2023-06-18,26339.97,-0.0066981022679604,42.09062447992823,45.41,-3.319375520071766,0.019148844892382,0.1650924431576801,0.1497594720115473,0.1418923408037289,0.1336053154198733,0.0107608323016312,Alto
2023-06-19,26844.35,0.0189678131440085,42.510591676382326,45.22,-2.709408323617673,0.0545232050692232,0.1372013105178557,0.1235403353033319,0.1342166973683476,0.1141715109510941,-0.029441949609508,Alto
2023-06-20,28307.99,0.0530887264501151,46.14052693249084,52.71,-6.569473067509158,0.0595556236949355,0.076115259331376,0.0743104685284967,0.0764452015137775,0.0527063207242901,-0.0779984732225779,Alto
2023-06-21,29993.89,0.0578495972961705,50.34252628947032,55.83,-5.487473710529677,-0.0036330732692558,0.0091385278801783,0.0209445990500065,0.0197376865754992,-0.0030729591926889,-0.1268224961817222,Alto
2023-06-22,29884.92,-0.003639688908207,50.13132061055096,51.05,-0.9186793894490392,0.0268891467669982,0.0270209858349963,0.016566214666126,0.0244976396122191,-0.0030423370716735,-0.1257490399840455,Alto
2023-06-23,30688.5,0.0265339862374442,49.64037702008825,52.71,-3.069622979911749,-0.0052485458722322,-0.0199126708701956,0.0249516920018899,0.0152402365707025,-0.0197060788243153,-0.1509523111263176,Alto
2023-06-24,30527.43,-0.0052623678739379,49.63746065922298,49.15,0.4874606592229824,-0.0021216984200767,-0.0026245248944964,-0.0070566045029012,0.0078316451794335,-0.044252988214206,-0.1341321559004475,Alto
2023-06-25,30462.66,-0.0021239524109264,49.54950683598398,49.51,0.0395068359839854,-0.0063904465335593,0.0003066048729822,-0.005683679626139,0.0013836611773234,-0.0405004027882003,-0.1405855562186624,Alto
2023-06-26,30267.99,-0.0064109528466902,49.56229002661822,49.51,0.0522900266182233,0.0140230652910879,0.0105031751365056,-0.0011893753103525,-0.012308712934027,-0.0302639851539531,-0.1390240977349339,Alto
2023-06-27,30692.44,0.0139256517456785,47.36468284526907,48.92,-1.555317154730929,-0.0200384850471321,-0.0024569568271535,-0.0180643832813552,-0.0113298258463646,-0.0478834527329856,-0.1523199198239044,Alto
2023-06-28,30077.41,-0.0202419785448812,47.71150739590314,48.44,-0.7284926040968571,0.0122982663733346,0.0358671175476879,-0.0072572738144673,0.0068895559823802,-0.0253768525946881,-0.1321802641916308,Alto
2023-06-29,30447.31,0.0122232570589516,47.89871096236794,43.52,4.37871096236794,0.0008109090753829,0.0104836847655833,-0.0176731540487485,-0.0094129826247376,-0.0359443904896689,-0.1421245423651548,Alto
2023-06-30,30472.0,0.0008105804662547,47.503035011750775,46.06,1.4430350117507729,0.0037378577054345,0.0010767261748489,-0.0220530322919401,-0.0019831320556576,-0.0390821081648726,-0.0904325282226305,Alto
2023-07-01,30585.9,0.0037308892745919,47.24994276384289,46.56,0.6899427638428861,0.0010177892427556,-0.0225747811900255,-0.0223691308740302,0.0011835518980967,-0.0442573211839443,-0.1074321828031871,Alto
2023-07-02,30617.03,0.0010172716464571,46.93241803198678,47.88,-0.9475819680132248,0.0176101339679257,-0.0088947229695368,-0.0268814447384347,-0.0077417698581475,-0.0297559887422129,-0.1527336256978551,Alto
2023-07-03,31156.2,0.0174568722490287,47.27335248710611,49.05,-1.776647512893888,-0.0125076228808391,-0.0279742073808744,-0.0344217202354587,0.0095656723220418,-0.063235888843954,-0.1717523317991283,Alto
2023-07-04,30766.51,-0.0125865016096563,47.4730838826757,46.61,0.8630838826757028,-0.0085060021432393,-0.01969024110957,-0.0516798947946971,-0.0147725562632875,-0.0511227955331949,-0.1591665743043329,Alto
2023-07-05,30504.81,-0.0085423846394389,43.89916614954605,46.45,-2.550833850453955,-0.0199765217354247,-0.0030565671446569,-0.0418261906892716,-0.0070575755102227,-0.0455934654239773,-0.1486191849744352,Alto
2023-07-06,29895.43,-0.0201787501916617,39.812750368928846,47.96,-8.147249631071155,0.0150280494376564,0.0243070596408883,-0.0181790327150337,0.0112579079812533,-0.0275393262448474,-0.136121474084835,Médio
2023-07-07,30344.7,0.0149162470258607,38.43885414085038,45.04,-6.601145859149618,-0.0019795878687217,0.0011633003456945,-0.0369725190890007,-0.0068117331856963,-0.0414003104331235,-0.1500294944421926,Alto
2023-07-08,30284.63,-0.0019815498424806,38.38751519521702,44.01,-5.622484804782978,-0.004091844608965,0.0386202506023682,-0.0320456284260366,-0.0140500313195175,-0.0354493351908211,-0.1494051603073902,Alto
2023-07-09,30160.71,-0.0041002391122778,38.41317163838097,43.89,-5.476828361619027,0.0083174434554094,0.0050164601562761,-0.0267835206797186,-0.0083386631150261,-0.0129403452372308,-0.129496619940313,Alto
2023-07-10,30411.57,0.0082830441339089,37.57472702518869,44.26,-6.685272974811305,0.0069226942245994,-0.0040132752107174,-0.037172694471216,-0.0201097805867963,-0.0272784338329128,-0.1480051835534962,Alto
2023-07-11,30622.1,0.0068988423929568,37.63454411406145,43.96,-6.325455885938553,-0.0079060547774318,-0.0127394920661874,-0.0453871550285577,-0.023524839903207,-0.0380885047073844,-0.1541530463292849,Alto
2023-07-12,30380.0,-0.0079374733359648,37.73525194296948,41.26,-3.5247480570305214,0.0353597761685318,-0.007965766951942,-0.0221859776168531,-0.0192890059249506,-0.0314012508229099,-0.1493874259381171,Alto
2023-07-13,31454.23,0.0347489761397029,39.63215553706048,45.15,-5.5178444629395145,-0.0363137167878533,-0.0507117802597615,-0.0721117636642194,-0.0435706103757745,-0.0643493736772446,-0.2000274684835712,Alto
2023-07-14,30312.01,-0.0369894696887356,40.19959021181862,42.21,-2.0104097881813843,-0.0007419501379155,-0.0132884622299873,-0.0368952768226191,-0.0374607292620977,-0.0332597541370565,-0.1475293126387857,Alto
2023-07-15,30289.52,-0.0007422255191403,39.67761668203503,42.98,-3.302383317964967,-0.001899336800319,-0.0161613653831423,-0.0388097929580923,-0.0350157414181538,-0.0283461078287143,-0.1342880309757302,Alto
2023-07-16,30231.99,-0.001901142827658,38.395597604767296,42.1,-3.704402395232705,-0.0031089584245033,-0.0109245206815694,-0.0383653209729164,-0.0291092316450224,-0.0341356953346438,-0.1226932133809253,Alto
2023-07-17,30138.0,-0.003113801275833,38.34383685517293,42.9,-4.5561631448270745,-0.0092531023956466,-0.0114141615236578,-0.0348258013139558,-0.0303676421793085,-0.0467015064038756,-0.1173933240427367,Alto
2023-07-18,29859.13,-0.0092961782772288,38.40970716922303,42.67,-4.260292830776969,0.001677208947481,0.0075226572241053,-0.021704249253076,-0.0182520388236362,-0.1083661848151638,-0.1105008752766742,Alto
2023-07-19,29909.21,0.0016758040032582,37.84011497730603,40.53,-2.6898850226939715,-0.0036513836373478,-0.02449780519111,-0.0046403766598984,-0.0185999563345202,-0.1288970855465591,-0.1130655072467644,Alto
2023-07-20,29800.0,-0.0036580662106333,33.02416505822664,41.62,-8.595834941773361,0.003413422818792,-0.0191640939597315,-0.0073157718120804,-0.0174130872483221,-0.1241607382550336,-0.1019291946308725,Médio
2023-07-21,29901.72,0.0034076103143899,26.16947673113245,38.76,-12.590523268867546,-0.003602468352991,-0.0183855644424468,-0.0149145266559916,-0.0223890130734955,-0.1241309864449269,-0.0900102067707142,Médio
2023-07-22,29794.0,-0.0036089728683473,26.16895915537253,39.07,-12.90104084462747,0.009725112438746,-0.0191723165738068,-0.0123504732496476,-0.002953950459824,-0.1230811572799893,-0.0895817949922803,Médio
2023-07-23,30083.75,0.0096781279070757,24.709325383928864,39.27,-14.56067461607114,-0.0301574770432542,-0.0255822495533303,-0.0217253500644035,-0.0298413595379566,-0.1338845722358416,-0.1168627581335438,Médio
2023-07-24,29176.5,-0.0306215681317574,26.85639509997105,38.25,-11.39360490002895,0.0017963086730758,0.0060459616472161,0.0043644714067827,0.0005874590852226,-0.0940407519750483,-0.0889880554555893,Médio
2023-07-25,29228.91,0.0017946972401168,26.853472384288747,37.77,-10.916527615711257,0.00420987303324,0.0017852188124702,0.0069116501436421,-0.003931723762535,-0.1043097399116149,-0.0907645888950358,Médio
2023-07-26,29351.96,0.0042010363100691,26.80029290581869,38.15,-11.349707094181309,-0.0044010689575756,-0.0040784329223669,-0.0051771670443813,-0.0095336052515743,-0.1121543501694606,-0.1057367208186437,Médio
2023-07-27,29222.78,-0.0044107821710519,26.40130044676965,36.36,-9.95869955323035,0.0031263281590594,0.0165353878036245,-0.016845419908715,-0.0045977829624697,-0.1096887428232358,-0.0998525807606257,Médio
2023-07-28,29314.14,0.0031214513568593,25.46296722298128,35.47,-10.007032777018722,0.0013222287947045,-0.0043709281595845,-0.0917894913512727,-0.0035163917481459,-0.1095843166471879,-0.1054941403704833,Médio
2023-07-29,29352.9,0.0013213554199944,25.107711015788,34.96,-9.852288984212002,-0.0024464362976061,-0.0054256989939666,-0.1123875324073601,0.0142241482102278,-0.1101390322591635,-0.1015201223729171,Médio
2023-07-30,29281.09,-0.0024494337125396,25.120652441873474,36.33,-11.209347558126524,-0.0016679706937139,-0.0057067547690334,-0.1086393983284093,0.0102762567923531,-0.053438925941623,-0.0771726735582589,Médio
2023-07-31,29232.25,-0.0016693633056041,25.09367835116782,36.77,-11.676321648832182,0.016206073771263,-0.0054775119944581,-0.1040720437188378,0.0076456653182701,-0.066100283077765,-0.0795453651361082,Médio
2023-08-01,29705.99,0.0160761571043905,25.710127669429333,36.56,-10.849872330570667,-0.0175042137966114,-0.0207894098126338,-0.120483107952302,-0.009424361887956,-0.1267491842554313,-0.092352754444474,Médio
2023-08-02,29186.01,-0.0176592240994308,25.72693539151425,36.82,-11.09306460848575,0.0002614266218643,0.0008582879263046,-0.1072435046791253,0.0083656518996602,-0.115841802288151,-0.0408908240626244,Médio
2023-08-03,29193.64,0.0002613924558795,25.349735334596524,36.21,-10.860264665403475,-0.0027283339795927,0.0197570429723734,-0.0945726534957613,0.0037747947840693,-0.1138648691975375,-0.0582020604487827,Médio
2023-08-04,29113.99,-0.0027320626663575,25.1920408260772,34.37,-9.177959173922796,-0.0014377967430778,0.0160747461959009,-0.100774232594021,0.0108861753404463,-0.1079474163452004,-0.0579628556580531,Médio
2023-08-05,29072.13,-0.001438831364651,24.19401429991615,33.79,-9.595985700083848,0.0005603304608226,0.0131954555789342,-0.1036085075293761,0.0043983705356298,-0.1116571094034045,-0.0444948478147284,Médio
2023-08-06,29088.42,0.0005601735343276,23.628761101234545,34.03,-10.401238898765456,0.0042161107409752,0.0116063368171939,-0.1055763771287681,-0.012304209028885,-0.1133206960020516,-0.0576872171125141,Médio
2023-08-07,29211.06,0.0042072478486427,23.66419734251481,36.29,-12.625802657485185,0.0191489114054743,0.0075009260191172,-0.1064422174340815,-0.0885845977516736,-0.1181439495862184,-0.0438179922262321,Médio
2023-08-08,29770.42,0.0189678784073805,24.53002372623331,39.85,-15.319976273766692,-0.0063294370721003,-0.0156726038799586,-0.1226190292243105,-0.1248359949238203,-0.1180843266571314,-0.0609245687497859,Médio
2023-08-09,29581.99,-0.0063495528850291,24.459760237683334,38.73,-14.270239762316663,-0.0042674613844437,-0.0051064853987172,-0.0630670891309206,-0.1177060772449725,-0.1241123399744237,-0.0562822176601371,Médio
2023-08-10,29455.75,-0.0042765929862094,24.386768054249963,36.2,-11.81323194575004,-0.0010089710837443,-0.0086825152983712,-0.0731863897541226,-0.1108700338643557,-0.1206603125026523,-0.063336699965202,Médio
2023-08-11,29426.03,-0.0010094804377126,24.23165320154972,32.74,-8.508346798450283,0.0001406917616817,-0.0236362159625338,-0.1184410537201247,-0.1121153618072162,-0.1218111991321968,-0.0691873827356255,Médio
2023-08-12,29430.17,0.000140681865524,20.982468351700536,32.38,-11.397531648299466,-0.0042925338181871,-0.095370159261737,-0.1231769982980051,-0.1146500343015347,-0.1450093560451739,-0.0868037799305949,Médio
2023-08-13,29303.84,-0.0043017731911709,16.61470969571235,33.76,-17.14529030428765,0.0043369742668537,-0.1109015064237315,-0.1171972683443535,-0.0979776029353148,-0.1182008910777564,-0.0868217271183571,Médio
2023-08-14,29430.93,0.0043275966976988,16.681131164633076,35.01,-18.32886883536692,-0.0078465070590701,-0.1131775312570823,-0.1175538795410134,-0.1104579433949249,-0.1090325721953061,-0.0872867422130391,Baixo
2023-08-15,29200.0,-0.0078774528796102,16.8929075998295,34.58,-17.6870924001705,-0.0160784246575342,-0.1030825342465753,-0.1155472602739725,-0.107533904109589,-0.0916873287671232,-0.0803945205479452,Baixo
2023-08-16,28730.51,-0.0162090849613036,17.780795807056133,36.56,-18.77920419294387,-0.0733401530289576,-0.0906210853897129,-0.1022748987052439,-0.0944341050680965,-0.0741549662710476,-0.0548671081717657,Baixo
2023-08-17,26623.41,-0.0761687203764116,31.8042878960329,52.3,-20.495712103967097,-0.0213875683092436,-0.0213124464522013,-0.0324323593408958,-0.0195932827537869,-0.0023941335839399,0.0705157603778028,Baixo
2023-08-18,26054.0,-0.0216195966611484,32.6808643785571,43.58,-10.899135621442902,0.0017659476471942,0.0145359637675597,0.0077147462961542,0.0025332002763491,0.0181741767099101,0.0898867736240116,Médio
2023-08-19,26100.01,0.0017643901949644,32.66174486296292,43.01,-10.34825513703708,0.0034475082576597,0.003066665491699,-0.0072609167582693,0.0619283287630925,0.025383132037114,0.0850570555336953,Médio
2023-08-20,26189.99,0.0034415792240868,32.66217819434631,43.18,-10.51782180565369,-0.0024081719771562,-0.0049629648579477,-0.0110110771329046,0.0423826049570847,0.0389564868104186,0.0963620070110755,Médio
2023-08-21,26126.92,-0.0024110762869472,32.648744200183785,42.63,-9.981255799816218,-0.0027144416563451,-0.0041929932804938,-0.0109201543848259,-0.0071244524804301,0.038201211623873,0.1355735769849642,Médio
2023-08-22,26056.0,-0.0027181324335439,32.48758765158579,42.13,-9.642412348414211,0.0144580902671169,0.0017566011667178,-0.034290758366595,-0.0096311789990789,0.0196530549585509,0.1479045133558489,Médio
2023-08-23,26432.72,0.0143545687030841,31.08743730784059,43.38,-12.29256269215941,-0.009558985984038,-0.0118307915341289,-0.0224199401348027,-0.0213073039777973,0.0055771785877503,0.1346717250438092,Médio
2023-08-24,26180.05,-0.0096049663422354,31.261178511580265,41.72,-10.458821488419735,-0.0045851707693453,0.0586817061082771,0.0016023651597303,-0.0079770665067484,0.0151225837994961,0.2631752040198547,Médio
2023-08-25,26060.01,-0.0045957149083015,31.26793397632904,36.31,-5.042066023670969,-0.001636223470367,0.0475817162004159,0.0177559409992551,-0.0089788914125511,0.0072283164895179,0.3017159241304974,Alto
2023-08-26,26017.37,-0.0016375635459644,31.23528346769416,35.52,-4.2847165323058505,0.0032439866135585,-0.0029438025442233,0.0223938853158487,-0.008658446261094,0.0110480036990672,0.3258853604342024,Alto
2023-08-27,26101.77,0.0032387362406793,31.236736241599584,36.05,-4.813263758400414,0.0006984200688304,-0.011367811454932,0.0175428716136873,-0.0130956636274092,0.0045935582146343,0.3084039894612511,Alto
2023-08-28,26120.0,0.0006981762870356,31.234285166705035,36.42,-5.185714833294966,0.0611156202143952,-0.0095899693721287,0.0156014548238896,0.0051684532924962,0.0096856814701378,0.2975505359877488,Alto
2023-08-29,27716.34,0.0593208265640982,37.456518699525375,40.6,-3.143481300474626,-0.0150218246709341,-0.0629639411264257,-0.0344139954986841,-0.0651543457758131,-0.0250736569114103,0.2296356589650725,Alto
2023-08-30,27299.99,-0.0151357950818478,37.82227691747789,38.18,-0.3577230825221065,-0.0497879303252493,-0.053991594868716,-0.0032868143907746,-0.0512227293856152,-0.014396708570223,0.2646850786392227,Alto
2023-08-31,25940.78,-0.0510700880633559,41.429532273988286,35.98,5.449532273988289,-0.0052323021898339,-0.0057315161687505,0.0456509017847575,-0.003822938246267,0.0393889466700694,0.3289781571718353,Alto
2023-09-01,25805.05,-0.005246038619321,41.0099133466363,36.09,4.919913346636299,0.0024979606704889,-0.0017477199230382,0.0295690184673156,-0.0248993898481111,0.0847710041251614,0.342363994644459,Alto
2023-09-02,25869.51,0.0024948459526167,41.01904392132788,35.57,5.449043921327878,0.0039312688953134,0.0149013259238386,0.0274697897254336,-0.0011368595694313,0.0628152601266895,0.36923467046728,Alto
2023-09-03,25971.21,0.003923561650647,41.03080308162155,37.84,3.190803081621546,-0.0055904210855018,-0.0023375884296495,0.0232853994865853,0.0096564619053174,0.0560331998393606,0.3453970762240188,Alto
2023-09-04,25826.02,-0.0056061059735256,41.07430723038205,38.3,2.7743072303820497,-0.0013134040785224,0.0029268931101269,0.0163540491333933,0.0269770564725033,0.0756039838891164,0.3442559093503372,Alto
2023-09-05,25792.1,-0.0013142673496244,41.07640065548106,39.79,1.28640065548106,-0.0012465057129895,0.0019195800264422,0.0198785674683334,0.0313235448063555,0.0627436308016795,0.3594112150619764,Alto
2023-09-06,25759.95,-0.001247283247437,41.052482943618266,39.41,1.642482943618269,0.0192178168047685,-0.0231922034010159,0.0179239478337496,0.0310450913142299,0.0842835486870121,0.3591594704182266,Alto
2023-09-07,26255.0,0.0190354868493421,41.05629013782146,39.74,1.316290137821461,-0.0131213102266235,-0.0158027042468101,0.0044940011426395,0.0103793563130831,0.0648131784422014,0.3348348885926488,Alto
2023-09-08,25910.5,-0.0132081551334933,41.25456518904913,40.0,1.2545651890491314,-0.0003431041469674,0.0120221531811428,0.0428741243897261,0.0328828081279788,0.0774415777387544,0.3662075220470466,Alto
2023-09-09,25901.61,-0.0003431630206622,41.22776109275165,39.75,1.4777610927516491,-0.0023164583205445,0.0239799765342771,0.0388141895426576,0.0505238863530104,0.0651893839803778,0.3753863176844991,Alto
2023-09-10,25841.61,-0.0023191454606873,41.23419305081856,40.52,0.714193050818551,-0.0262789354068883,0.0293476296562016,0.0433777152429744,0.0496637012941529,0.0599231239849218,0.4202323307255236,Alto
2023-09-11,25162.52,-0.0266303976758038,42.26747687894221,44.33,-2.0625231210577866,0.0269281455116576,0.0555250428017541,0.1124708495015602,0.055859270057212,0.0680774421639804,0.4824282305587832,Alto
2023-09-12,25840.1,0.0265719630767771,43.245730632749904,43.57,-0.3242693672500962,0.0147793545690613,0.0266024512289038,0.0640249070243537,0.0286392080526003,0.0355853886014374,0.4369139438314868,Alto
2023-09-13,26222.0,0.014671204201257,43.52128998092816,44.05,-0.5287100190718377,0.0114686141407978,0.0206128441766455,0.0459331858744564,0.013498588971093,0.0244069864998854,0.4134745633437571,Alto
2023-09-14,26522.73,0.0114033481188429,43.61621069295227,41.71,1.9062106929522715,0.0029133501717206,0.0259222938211864,0.0473495752511148,-0.0103439578052485,0.0124327322262829,0.3747804241871029,Alto
2023-09-15,26600.0,0.0029091145916004,43.26011408780951,39.14,4.120114087809505,-0.0015161654135339,0.019736842105263,0.0304657894736841,-0.0110973684210525,0.0208327067669173,0.3365109022556392,Alto
2023-09-16,26559.67,-0.0015173159554027,34.14450534763876,39.52,-5.37549465236124,-0.0012108584180451,0.0003166455004901,0.0516354307113002,-0.0127260617319416,0.073084868900856,0.4254017463319386,Alto
2023-09-17,26527.51,-0.0012115920994153,33.304023779456365,39.83,-6.525976220543633,0.0088587281655911,0.0019839781419364,0.0538746380644092,-0.005824896494243,0.0704325434237891,0.3632455515048343,Médio
2023-09-18,26762.51,0.0088197198400656,33.44014628327877,41.48,-8.039853716721225,0.0167304935149954,-0.0069705718932939,0.043140198733228,0.0096732331907583,0.058196708754149,0.3681048601196226,Médio
2023-09-19,27210.26,0.0165920804871499,33.916025582404906,42.53,-8.613974417595095,-0.0031333768953327,-0.0353499011034806,0.0139601753162226,-0.0111465307571482,0.0552530552813534,0.3439085109807844,Médio
2023-09-20,27125.0,-0.0031382961994271,33.92326327213864,43.01,-9.086736727861355,-0.0205316129032256,-0.0302374193548387,0.0097740092165898,-0.0059885714285713,0.0937894930875575,0.3773220276497695,Médio
2023-09-21,26568.08,-0.020745316649489,34.67348191107703,41.37,-6.696518088922964,0.0004539281724533,-0.0130385786251774,0.0115717808738906,0.0536165955537621,0.1257795068367755,0.4095403205651291,Médio
2023-09-22,26580.14,0.0004538251782273,34.31042911592753,37.29,-2.9795708840724657,-0.0001572602702619,-0.0077934126757797,0.0067527861027067,0.0344004960094266,0.1283785563206212,0.3446750092362194,Alto
2023-09-23,26575.96,-0.0001572726369548,34.14651008711026,37.64,-3.4934899128897428,-0.0123261774927414,0.0167606363043892,0.0107631107211179,0.0320026068672589,0.2443573063776434,0.4076007037939551,Alto
2023-09-24,26248.38,-0.0124027749048935,34.3821220853357,38.6,-4.2178779146643,0.002149846961984,0.0250903103353425,0.023014753672417,0.058296550110902,0.292374234143212,0.4208221612152825,Alto
2023-09-25,26304.81,0.0021475393477571,34.38553727341927,39.25,-4.864462726580733,-0.0031606386816709,0.0250049325579617,0.0322883913626443,0.0420295755795232,0.3113970410734767,0.4337138340858573,Alto
2023-09-26,26221.67,-0.0031656440496646,34.3847091041288,38.67,-4.285290895871199,0.0057707994952267,0.0675357442908861,0.0869170422783904,0.0651911186434732,0.3024212416676743,0.4408186053748675,Alto
2023-09-27,26372.99,0.0057542122158011,34.44237816499692,36.06,-1.617621835003085,0.0245857599005647,0.0425253261006808,0.0767042341425829,0.060049315606611,0.28510343347493,0.419915982222721,Alto
2023-09-28,27021.39,0.0242883942227579,28.80818573375948,38.63,-9.82181426624053,-0.0042347932508283,0.0149907166137641,0.0480585935808632,0.0331463333307426,0.261260061010925,0.3782673652243646,Médio
2023-09-29,26906.96,-0.004243785383294,28.35894658776759,33.04,-4.681053412232409,0.0020663798511613,0.0323934773753704,0.0671480538864293,0.0253897132935121,0.283158335241142,0.40554228348353,Alto
2023-09-30,26962.56,0.0020642478248622,22.07765606193322,35.89,-13.812343938066782,0.0382014912530559,0.0166093278976475,0.1003791924802393,0.0158575446841842,0.2786148644639086,0.4039705428564646,Médio
2023-10-01,27992.57,0.037489880793177,25.594451413143847,37.5,-11.905548586856153,-0.0177925785306601,-0.0021962970888346,0.0684906744896949,-0.0399052319954902,0.2374630125065329,0.3476418921163722,Médio
2023-10-02,27494.51,-0.0179527694400128,26.334996870555905,38.17,-11.835003129444097,-0.0024750395624435,0.0168091739041722,0.090852682953797,-0.0267282450205512,0.2883091933626023,0.406917962895138,Médio
2023-10-03,27426.46,-0.0024781075361443,26.31361320088631,37.96,-11.646386799113692,0.0128383320341014,0.0178874707125893,0.2057695378842183,-0.0205808551304105,0.2740102076607771,0.4384047376146975,Médio
2023-10-04,27778.57,0.0127566192765861,26.61543588245222,37.28,-10.66456411754778,-0.0132541019930111,-0.0067840065201341,0.2211834518479534,-0.0333382891919922,0.2497684366041881,0.4389603208516495,Médio
2023-10-05,27410.39,-0.013342721522066,27.015391397344857,36.75,-9.734608602655143,0.0189964462380871,-0.0007395006054273,0.2585027064554719,-0.0093482799770451,0.2791525403323338,0.5319409902595329,Médio
2023-10-06,27931.09,0.0188182667350826,27.797977716380057,35.06,-7.262022283619945,0.0009158253401495,-0.0377919372283717,0.2227113227589758,0.0203962681012448,0.2535092615433196,0.5779305426318844,Médio
2023-10-07,27956.67,0.0009154062279922,26.995252000030284,37.61,-10.614747999969715,-0.001417193106332,-0.0428176889450709,0.2123053282096902,0.0157114563358224,0.2535859957570052,0.5653756330779025,Médio
2023-10-08,27917.05,-0.0014181982742726,26.60381428799444,37.85,-11.246185712005564,-0.0117107645686059,-0.0377923168816188,0.2207951771408511,0.0144338316548489,0.2680107676133403,0.5500613424412679,Médio
2023-10-09,27590.12,-0.0117798756643824,26.91898473872284,36.81,-9.89101526127716,-0.0072489717333595,-0.0267356575469769,0.2513860033954183,0.0407243607494276,0.2912129414442561,0.6009712897225528,Médio
2023-10-10,27390.12,-0.007275373195296,27.02623370107137,38.53,-11.503766298928635,-0.0187877964755174,-0.008615150280466,0.2586556758422382,0.083202264174089,0.3399389999021545,0.5959623397049738,Médio
2023-10-11,26875.52,-0.0189665293285473,26.227867466688178,36.88,-10.652132533311825,-0.0043121026123401,0.0604736206034337,0.2888967357654846,0.1129012573524157,0.3879407728669062,0.6293455903364846,Médio
2023-10-12,26759.63,-0.0043214265402864,24.58186394540116,35.19,-10.608136054598836,0.0038255386939205,0.0611473327546008,0.3236890794080485,0.1208099663560369,0.3875378695445339,0.5416281914211818,Médio
2023-10-13,26862.0,0.00381823992932,24.08015281753342,35.37,-11.289847182466575,-0.0003544039907676,0.0542774179137814,0.3007814012359466,0.2311067679249496,0.3797978557069466,0.5446500632864268,Médio
2023-10-14,26852.48,-0.0003544668067039,23.74969384407856,36.53,-12.780306155921444,0.0112343440903783,0.0693131509640823,0.2928705281597825,0.2632997026717831,0.3578980414471959,0.5964644606382725,Médio
2023-10-15,27154.15,0.0111717075306749,24.04585529143157,38.16,-14.11414470856842,0.0495920513070744,0.09261530926212,0.291223256850242,0.2703785609197857,0.3092359731385441,0.5843714496679144,Médio
2023-10-16,28500.78,0.0484015661102945,29.37606102696523,42.63,-13.253938973034774,-0.0036795484193765,0.0494379452071136,0.2284533967140547,0.1982710648620846,0.3283215406736235,0.4715491997061134,Médio
2023-10-17,28395.91,-0.0036863346095197,29.40115127334765,41.08,-11.67884872665234,-0.0026732723128084,0.0562246464367579,0.2341949949834323,0.1935528743400016,0.2735464367931861,0.4888774474915578,Médio
2023-10-18,28320.0,-0.0026768518861103,29.25466394184744,39.24,-9.985336058152566,0.0139021892655366,0.1677256355932201,0.2499689265536724,0.2034251412429377,0.2928644067796608,0.460969279661017,Médio
2023-10-19,28713.71,0.0138064402260006,29.07804513598613,39.18,-10.10195486401387,0.0332708660775638,0.1814122939877851,0.2406867660082936,0.2024182872920288,0.2735414545873731,0.4856248112835299,Médio
2023-10-20,29669.04,0.0327293688126812,31.219627933579265,44.26,-13.040372066420732,0.008114856429463,0.1626951866322605,0.2370164319438712,0.161976592434403,0.2592203859646285,0.4249193772363377,Médio
2023-10-21,29909.8,0.0080821080284522,30.50001692401941,45.9,-15.39998307598059,0.0027636426856749,0.1418217440437583,0.2471373930952396,0.1581411443740847,0.2520571852703797,0.460020795859551,Médio
2023-10-22,29992.46,0.0027598308466535,30.51479425833185,48.81,-18.295205741668152,0.1026101226774995,0.1300180111934799,0.2379778117566882,0.1810111608050824,0.1916878442115119,0.4624275567926073,Baixo
2023-10-23,33069.99,0.0976802078654768,45.73863565914681,55.37,-9.631364340853189,0.025785916475935,0.0305718266017014,0.120778385478798,0.0565951184140061,0.1311869159924148,0.3295752432946004,Médio
2023-10-24,33922.73,0.0254590665708626,46.391453021800096,54.19,-7.798546978199901,0.0169007624091575,0.0177804085932942,0.0748819449378042,0.02340760899845,0.0993891116664253,0.2882854652323088,Médio
2023-10-25,34496.05,0.0167595335532492,46.75232366739309,58.36,-11.607676332606909,-0.0099834618746204,-0.0006180417757974,0.0305872701367257,0.0164082554379414,0.0932721282581627,0.2462731240243447,Médio
2023-10-26,34151.66,-0.0100336308158802,46.87013067104901,55.02,-8.149869328950992,-0.0076025587043209,0.0142924238528958,0.1085317668306604,0.0251882338955118,0.1062615989969446,0.2759593530739059,Médio
2023-10-27,33892.02,-0.0076316054672112,46.9027364494664,47.19,-0.2872635505336021,0.0055759438357467,0.0451259618045782,0.0670213814343319,0.0340513784660814,0.1049040452590315,0.2542459847480323,Alto
2023-10-28,34081.0,0.0055604558078266,46.172005765297925,50.23,-4.057994234702072,0.0130539010005574,0.0252513130483258,0.0743205891845895,0.0386760951850004,0.092770165194683,0.2742833250198058,Alto
2023-10-29,34525.89,0.0129694331309013,46.36947294958752,54.21,-7.840527050412483,-0.0014817865665446,0.0055288944035909,0.059150104457843,0.0318262613939859,0.0953771213428531,0.2328070326355091,Médio
2023-10-30,34474.73,-0.001482885497981,46.36676745591803,53.89,-7.523232544081971,0.0047872746211499,0.0170368266843568,0.0836882551364432,0.064579476039406,0.0980402167036549,0.2202256551392858,Médio
2023-10-31,34639.77,0.0047758520627768,44.51573615892377,54.76,-10.244263841076226,0.0225653923221778,0.0107422768684666,0.0810920511308246,0.0768440437104518,0.0890360992581649,0.2165288626339032,Médio
2023-11-01,35421.43,0.0223145602612131,44.75511161319558,59.78,-15.02488838680442,-0.0135466015911837,-0.0105964101392858,0.0090402900165238,0.048235489081045,0.0920654530322462,0.1937287681496766,Médio
2023-11-02,34941.59,-0.01363919395731,44.9989579644055,60.0,-15.001042035594502,-0.006433880083877,0.0130941379599498,0.070596386712797,0.0607453753535542,0.1290370587028237,0.264382931629614,Médio
2023-11-03,34716.78,-0.0064546666973641,44.83498860574293,57.89,-13.055011394257072,0.0099459108822881,0.0261527710807281,0.074243636650634,0.0502970033511172,0.1513815509387679,0.2946739300130947,Médio
2023-11-04,35062.07,0.0098967758372308,44.7261991200221,62.46,-17.7338008799779,-0.0014314614054447,0.0467462417364403,0.0756230308136398,0.0139501176057204,0.1976218175367283,0.221982330193283,Baixo
2023-11-05,35011.88,-0.0014324869251003,44.24474068770592,60.1,-15.85525931229408,0.0009770969168179,0.0653992302041479,0.0790814432129893,0.0812958344424805,0.2588104380570253,0.2610319697199923,Médio
2023-11-06,35046.09,0.0009766198683485,44.24489992856368,57.36,-13.115100071436316,0.0100733063231877,0.0594619827775366,0.0685194839138974,0.0318842986478664,0.2487181879633364,0.2596301042427273,Médio
2023-11-07,35399.12,0.0100229087373373,44.38005112993964,55.48,-11.09994887006036,0.0063730397817798,0.0470353500313001,0.0520798257131813,0.0343172372646549,0.2224354729722093,0.2420738142643093,Médio
2023-11-08,35624.72,0.0063528178351219,44.244955251294336,57.58,-13.335044748705664,0.0302141322093196,0.0235288866831795,0.0615906595195696,0.0264810502370262,0.2398971837533037,0.2331049900181669,Médio
2023-11-09,36701.09,0.029766675983155,45.375979089935534,58.87,-13.494020910064464,0.0163630017528089,-0.0313314945141954,0.0314309466013136,0.0179496031316781,0.1910708918999408,0.2792818959872856,Médio
2023-11-10,37301.63,0.016230570534908,45.24669318553885,56.84,-11.593306814461153,-0.0046011394140148,0.0149207956864083,0.0113220253377668,0.0039448678248108,0.1739302009054297,0.2361390105472602,Médio
2023-11-11,37130.0,-0.0046117572378791,45.25018006762827,58.09,-12.839819932371732,-0.0017740371667116,-0.0260298949636411,0.0418130891462429,-0.0373915970913008,0.1110530568273633,0.2565039051979532,Médio
2023-11-12,37064.13,-0.0017756126342137,45.23481639011963,58.33,-13.095183609880364,-0.0162205345167955,-0.0121467845056661,0.0643808447682436,0.0092868765569298,0.1194756223874673,0.2502427549223469,Médio
2023-11-13,36462.93,-0.0163535274925213,45.592889796255655,56.26,-10.667110203744343,-0.0250045731377044,0.0028842992046991,0.096243774156383,0.0227998682497538,0.1756880206829236,0.1733212333731821,Médio
2023-11-14,35551.19,-0.0253224983929354,46.276807670633545,56.24,-9.963192329366455,0.0648926238474716,0.0508750902571755,0.1811447099239151,0.0608244055965496,0.2101496461862457,0.2052477005692354,Médio
2023-11-15,37858.2,0.0628739714000101,48.34747077806537,60.51,-12.162529221934626,-0.0447641462087472,-0.0108145659328757,0.1641683968070326,-0.0020479050773676,0.1078260456123114,0.1023331801300644,Médio
2023-11-16,36163.51,-0.0457970016721318,50.9019061239478,55.35,-4.448093876052205,0.0124548197893399,-0.0116653499618815,0.2101339167575271,0.0355031909236684,0.1690798265986901,0.1755247209134289,Alto
2023-11-17,36613.92,0.0123778965726653,51.07614974593305,55.4,-4.323850254066947,-0.0012514366120863,0.0216972124263121,0.1818767288506666,0.0171732499552081,0.1300251379803092,0.1781844172926581,Alto
2023-11-18,36568.1,-0.0012522203127861,50.85048693626596,54.38,-3.5295130637340435,0.0216516581391978,0.0198582917898386,0.2079104465367356,0.0342038552727652,0.1665303912426405,0.1697654513086541,Alto
2023-11-19,37359.86,0.0214205903732043,50.11254352213294,56.54,-6.427456477867061,0.0023800945720888,0.0094676478980382,0.17006862445416,0.0132436256452781,0.1315885552033653,0.1062006121007947,Alto
2023-11-20,37448.78,0.0023772666332884,50.04005676432865,57.94,-7.899943235671351,-0.0455857306967009,0.0088625050001629,0.1693173983237905,0.0073481699537341,0.1660975337514334,0.112426893479574,Médio
2023-11-21,35741.65,-0.0466574572380058,52.61120585655013,55.72,-3.1087941434498703,0.0466315908750714,0.0477252728959072,0.1542108436515941,0.0822813160556379,0.2271901269247502,0.1665952747005243,Alto
2023-11-22,37408.34,0.0455769987877179,43.12539265767977,55.5,-12.374607342320232,-0.0030490526978742,-0.0044278896096431,0.1091748524526885,0.0545870252462419,0.1753806771431185,0.1115256651324279,Médio
2023-11-23,37294.28,-0.0030537105294436,42.21461938264815,53.87,-11.655380617351852,0.0112427428549364,0.014066232140693,0.1494800275001957,0.0718067221032288,0.1718193781995525,0.0609675263874245,Médio
2023-11-24,37713.57,0.0111800129543677,41.98937438366476,53.65,-11.660625616335238,0.0017792004310384,0.0037405634099343,0.1407633910022308,0.1134215084915057,0.1399477694633524,0.0579109853561994,Médio
2023-11-25,37780.67,0.0017776195288349,41.84785992336309,52.13,-10.282140076636914,-0.008820383545342,-0.0015010321415687,0.1100994238588146,0.1665573956205648,0.1533974913626465,0.0609891248619995,Médio
2023-11-26,37447.43,-0.0088595133917138,41.87728594980416,53.19,-11.312714050195844,-0.0054671308551749,0.0329819696571966,0.1289968363650055,0.1686433488226029,0.1351628135762588,0.0671250336805489,Médio
2023-11-27,37242.7,-0.0054821303093678,41.8760295045682,50.62,-8.743970495431796,0.0154706828452289,0.0592773885889046,0.1109465747649876,0.1619227392213778,0.1661036928042274,0.1229988695771253,Médio
2023-11-28,37818.87,0.0153522319467537,41.97395027139274,50.58,-8.60604972860726,0.0009458241348827,0.0569395648257073,0.1279501476379383,0.1679616551208429,0.1254635582713072,0.1137463916822474,Médio
2023-11-29,37854.64,0.0009453771250752,41.97205857060008,51.9,-9.927941429399922,-0.0034521527611939,0.1092722054680745,0.1167980992554678,0.1547752138179097,0.1112759228459179,0.1103278224281092,Médio
2023-11-30,37723.96,-0.0034581251896556,41.95632969084564,49.8,-7.843670309154355,0.0254098456259628,0.1683110680851109,0.157591355732537,0.1607877327830906,0.117069363873782,0.1478832020816478,Médio
2023-12-01,38682.52,0.0250923820630897,42.14683435020992,51.46,-9.31316564979008,0.0198495341048101,0.1313298616532741,0.1338920008313835,0.0664610268410643,0.0930926940643992,0.1100905525286357,Médio
2023-12-02,39450.35,0.0196551008311664,42.4349492352418,52.35,-9.9150507647582,0.0132295404223283,0.096901294918803,0.1145411891149255,0.0517622784081763,0.1198772634463321,0.0793313620791704,Médio
2023-12-03,39972.26,0.0131427942891877,42.62243312478301,54.72,-12.097566875216993,0.0505060259289815,0.105041096000076,0.0933122120190352,0.0724695076035228,0.1244525578488682,0.0778209688418918,Médio
2023-12-04,41991.1,0.0492719775349014,45.82715970463662,55.09,-9.262840295363382,0.0495871744250566,0.0410205972217923,0.0238240960584505,0.0245566322387364,0.020340738870856,0.0287894339514802,Médio
2023-12-05,44073.32,0.0483969196447064,48.83496794058656,55.71,-6.875032059413442,-0.0070480281494563,-0.0064394967295405,-0.0112809745215473,-0.0483970801382785,0.0017647864966832,-0.0241014291639477,Médio
2023-12-06,43762.69,-0.0070729828231434,48.89605994912856,53.71,-4.8139400508714445,-0.0111864695703121,-0.0573385685386341,-0.0286490615636287,-0.0339252454545185,0.0087384939088523,-0.0269592659866202,Alto
2023-12-07,43273.14,-0.0112495086853494,48.92851209664483,52.4,-3.471487903355168,0.0207484365590293,-0.041151393219905,0.0035983060161568,-0.0438722496218207,0.0160649308092732,-0.013043657104615,Alto
2023-12-08,44170.99,0.0205361195573296,49.40040271719892,53.72,-4.319597282801084,-0.0103549863835969,-0.0294754543649575,-0.0363865514447376,-0.0342575522984655,-0.0054780298109686,-0.02427022803881,Alto
2023-12-09,43713.6,-0.0104089722604937,48.43323871744335,53.98,-5.546761282556645,0.0017365305076681,-0.0158152154020715,-0.0376690549394239,-0.0328870191427839,0.0740602466966802,0.0145492478313384,Alto
2023-12-10,43789.51,0.0017350244818206,48.1050313822296,55.03,-6.924968617770404,-0.0579159255264559,-0.0422295202663833,-0.0376626730922543,-0.0027536275240348,0.0529919151869933,0.0342351398771074,Médio
2023-12-11,41253.4,-0.0596607573549242,52.38861956562615,55.59,-3.201380434373853,0.005793219467971,0.0248374679420362,0.0249720023076884,0.0632287278139498,0.130912603567221,0.1425184348441581,Alto
2023-12-12,41492.39,0.0057765033012788,52.42369351220616,53.87,-1.4463064877938407,0.033178132182793,-0.0028376287796387,0.064762719139582,0.0596892586809292,0.1168110586061685,0.1508397081970933,Alto
2023-12-13,42869.03,0.0326396168808299,53.34156253289708,53.46,-0.1184374671029218,0.003574375254117,-0.0049273333219808,0.0484704225871217,0.0194343095703355,-0.0020131082975284,0.1266872611766583,Alto
2023-12-14,43022.26,0.0035680023564587,52.61991070142131,53.13,-0.5100892985786913,-0.0251488415531866,-0.0173461366278759,-0.0041148465933681,-0.0007149787110207,-0.0040506937571388,0.1602661041051769,Alto
2023-12-15,41940.3,-0.0254704776409772,48.649982096704456,54.15,-5.500017903295543,0.0080526367241053,0.0412164433730801,0.0527130230351235,0.0390037744126769,-0.004958238257714,0.1850079756224918,Alto
2023-12-16,42278.03,0.0080203872581405,46.03767707048161,53.81,-7.7723229295183955,-0.021367599199868,0.0374608277632615,0.0441619441587037,0.0054614654467106,0.0055127923415543,0.2251084073690283,Médio
2023-12-17,41374.65,-0.0215991913352078,46.449837750880526,54.6,-8.150162249119475,0.0310129511669585,0.0627048204637381,0.0626874185038421,0.0496487583580766,0.0426178831724255,0.2539078880425574,Médio
2023-12-18,42657.8,0.0305417667085518,47.653827280389706,56.02,-8.366172719610297,-0.0089505319074121,0.0244822752228197,0.0298004116480454,-0.0022045206269427,0.0027732325623917,0.2219127568697869,Médio
2023-12-19,42275.99,-0.008990828549252,47.1688079141344,57.62,-10.4511920858656,0.0329487257424367,0.0169247367122569,0.1105840454593731,-0.0049446506161062,-0.0224356662020215,0.2215595660799427,Médio
2023-12-20,43668.93,0.0324175526446297,48.49812445841387,58.1,-9.601875541586132,0.0044166413053858,-0.0021250806923824,0.0558994690275214,-0.0350054375044225,-0.0460258586596924,0.1939305588664526,Médio
2023-12-21,43861.8,0.0044069165684448,45.71184265271961,58.63,-12.918157347280392,0.002444952099549,-0.0308439234139958,0.063658810171949,-0.0359816514598124,-0.0493769065565025,0.1804059568918741,Médio
2023-12-22,43969.04,0.0024419680670525,42.86682212894903,57.24,-14.37317787105097,-0.0060697254249807,-0.0122856901128612,0.0539042926568331,0.0047876869724696,-0.0543270901525254,0.1885367522238374,Médio
2023-12-23,43702.16,-0.0060882210887275,42.90617239370474,56.97,-14.063827606295256,-0.016261438793872,-0.0260490556988487,-0.0210385482090588,0.0284825738590495,-0.0945980702098021,0.1864262544460044,Médio
2023-12-24,42991.5,-0.0163951070628506,43.10958279858415,58.73,-15.620417201415847,0.0135987346335904,-0.0215054138608795,-0.0033381017177814,-0.0034023004547409,-0.0719653885070304,0.1929897770489514,Médio
2023-12-25,43576.13,0.0135071016356846,43.36183524463133,58.26,-14.898164755368668,-0.0244904721920005,-0.0329503790263154,-0.0423116967936344,0.0131946090669363,-0.0801184042731651,0.1644941852339803,Médio
2023-12-26,42508.93,-0.0247953518646705,44.1078319522742,59.98,-15.872168047725792,0.0216406293924593,-0.0053012390572991,5.104809742317862e-05,0.0384902654571639,-0.0599365827368508,0.213114985486579,Médio
2023-12-27,43428.85,0.021409795298211,44.69467289664307,64.35,-19.655327103356925,-0.0199197077518745,0.0172857443842056,-0.00669831229701,0.0124219268988241,-0.0369648286795527,0.1911171951364128,Baixo
2023-12-28,42563.76,-0.0201207798082353,44.92431725079239,63.75,-18.82568274920761,-0.0116721361082762,0.0559901192939722,0.0049887509938031,0.0320756436931322,-0.0104109693316568,0.2798791742082935,Baixo
2023-12-29,42066.95,-0.0117407902387348,45.10938732217063,62.5,-17.390612677829374,0.0017431736790995,0.0185009847398018,-0.0175779323197902,0.1161027837768129,-0.0008531638257587,0.3558705824881527,Baixo
2023-12-30,42140.28,0.0017416561151908,45.09734933990561,63.11,-18.012650660094387,0.0034005469351414,0.0477172909150105,-0.0114201898990704,0.0942025064854814,0.0275845343220311,0.4815302603589724,Baixo
2023-12-31,42283.58,0.0033947781497301,44.25571569131976,64.71,-20.45428430868024,0.0448393915557765,0.0440248909860516,-0.0138952283605124,0.103359507402164,0.0155502443265209,0.4457380382644988,Baixo
2024-01-01,44179.55,0.0438631813137809,46.32115945420559,66.81,-20.488840545794417,0.0173691221390892,-0.0047811713790657,-0.0588331026459074,0.0488825712348812,-0.0362056652908416,0.4121443065852865,Baixo
2024-01-02,44946.91,0.0172200031711351,46.48345506800675,63.75,-17.266544931993252,-0.046759165424275,-0.0226464956100431,-0.1196720753440003,-0.0481496948288547,-0.0414704815080725,0.3791221687987003,Baixo
2024-01-03,42845.23,-0.0478876952125601,46.30710382082036,65.17,-18.862896179179643,0.0304787720826797,0.0958288705650547,-0.0687971566496434,6.441790603051167e-05,0.0082802683052465,0.4730687640141038,Baixo
2024-01-04,44151.1,0.0300235215075549,44.373916315114805,65.34,-20.9660836848852,-0.0001356704589465,0.0443680904892516,-0.0920978186273955,-0.0547834595287546,-0.0258206477301812,0.5457306839467195,Baixo
2024-01-05,44145.11,-0.0001356796630157,44.3053051010855,67.64,-23.3346948989145,-0.0040047470716462,0.0568325687714901,-0.0947787875033044,-0.0370145187088671,-0.035388517550415,0.4435123165397028,Baixo
2024-01-06,43968.32,-0.0040127875450878,44.1533928554806,71.39,-27.236607144519404,-0.00089382537245,0.0539215507892956,-0.0487808039970596,-0.0188856431175902,-0.0286483540876704,0.5027647178695933,Baixo
2024-01-07,43929.02,-0.0008942250725407,43.56958386548244,71.81,-28.24041613451756,0.0687932487453624,-0.0260941400468299,-0.0411661812624092,-0.0262450653349425,-0.0188957094877144,0.5211623204888249,Baixo
2024-01-08,46951.04,0.066530207112407,49.23063868220156,67.16,-17.92936131779844,-0.0179131282288954,-0.0873899704884066,-0.1047895850656344,-0.1197745566445386,-0.0554075053502542,0.4509623216013958,Baixo
2024-01-09,46110.0,-0.0180755104150301,49.62903343829625,64.17,-14.540966561703756,0.0117976577748861,-0.0949392756451963,-0.0608826718716114,-0.096529386250271,-0.017812838863587,0.4815283018867926,Médio
2024-01-10,46653.99,0.0117286079638338,45.24064982962346,62.7,-17.45935017037654,-0.0067481902405345,-0.0888003362627719,-0.0795835468734827,-0.1062706533781997,0.0102623591251251,0.4780274956118437,Baixo
2024-01-11,46339.16,-0.0067710622307292,45.25742713665873,57.3,-12.04257286334127,-0.0767478305605885,-0.0690821758529935,-0.081122748017012,-0.1026956466194035,0.0304694776512994,0.5554468402103103,Médio
2024-01-12,42782.73,-0.0798528754667809,51.90783237498224,57.42,-5.512167625017767,0.001525381853846,-0.0001549690728012,0.0070170837625369,-0.0751403662178642,0.1289599798797316,0.6701133845362366,Alto
2024-01-13,42847.99,0.0015242196406752,51.89563400493431,55.07,-3.174365995065692,-0.0260371606696137,-0.035485678558084,0.0082153211854278,-0.0688571389229693,0.1649851019849473,0.7053871138412795,Alto
2024-01-14,41732.35,-0.0263821287056394,51.95101724349741,56.87,-4.9189827565025865,0.0186605834562396,-0.0017569104064353,0.0306414568074886,-0.0394770483809323,0.1909128050541126,0.7106379103980487,Alto
2024-01-15,42511.1,0.0184886108803488,52.27495529056037,55.96,-3.685044709439637,0.0147455605712389,-0.0191728748491569,0.0016885001799529,-0.0599845687361654,0.2183916671175292,0.6348636003302668,Alto
2024-01-16,43137.95,0.0146379018282994,51.980570359523945,55.16,-3.179429640476052,-0.0083882057445937,-0.0361078818070862,-0.0099506351136297,-0.0304706180984491,0.2026533481540036,0.5137629395926324,Alto
2024-01-17,42776.1,-0.0084235847254326,50.96196780206096,50.79,0.171967802060962,-0.0338647048234878,-0.0749970193636166,0.0075474388735765,-0.0153232763155126,0.2185334801442862,0.5988713323561521,Alto
2024-01-18,41327.5,-0.0344513974581589,52.26560299627746,48.31,3.955602996277456,0.0080220192365858,-0.0345992377956566,0.0731256427318371,0.0170240154860563,0.2495950638194906,0.6359564454660942,Alto
2024-01-19,41659.03,0.0079900138913296,51.10382836152269,48.04,3.063828361522688,0.0008884028264701,-0.0377865255143963,0.087126848608813,0.0394553113694677,0.2515334610527417,0.4867700952230525,Alto
2024-01-20,41696.04,0.0008880084302503,51.0816438333697,47.96,3.1216438333697027,-0.002775083677011,-0.0416094669901507,0.130389600547198,0.0298603896197335,0.2417181583670775,0.6270252522781539,Alto
2024-01-21,41580.33,-0.0027789413603004,51.08373895617725,47.82,3.2637389561772494,-0.0483957198030896,0.0058484384323067,0.1484057485835248,0.0240418967333833,0.256815903096488,0.5752946164688928,Alto
2024-01-22,39568.02,-0.0496060026684201,53.89276904449309,48.98,4.912769044493096,0.0083294539378013,0.0645119467691333,0.2206825107751158,0.0888323449088432,0.3103862664849037,0.6123283399068238,Alto
2024-01-23,39897.6,0.0082949554728822,53.666544916589054,49.59,4.07654491658905,0.0046940166827076,0.053473391883221,0.2511346547160731,0.0827718960538981,0.2855013835418671,0.6038561216714791,Alto
2024-01-24,40084.88,0.0046830341411442,53.48428934439535,47.54,5.944289344395351,-0.0030881968462921,0.080275156118716,0.2398587696907164,0.0730003432715777,0.265917473122035,0.6766918099792243,Alto
2024-01-25,39961.09,-0.0030929751663039,52.791394288572576,45.01,7.781394288572578,0.0466058358268006,0.074572790682136,0.296140070253339,0.0656085707371847,0.2904607957390552,0.7487012991887858,Alto
2024-01-26,41823.51,0.0455523909262842,54.62254690783789,43.73,10.89254690783789,0.0071041383183763,0.0180876736553197,0.2404506460600748,0.0211648902734369,0.2368366500085716,0.6734128723294626,Alto
2024-01-27,42120.63,0.0070790228069771,54.22604007973653,42.43,11.796040079736528,-0.002126511403082,0.0228465243753477,0.2374959728759993,0.0232266231535474,0.2933441403891632,0.6493103260801183,Alto
2024-01-28,42031.06,-0.0021287756389742,54.076274793862034,45.25,8.826274793862034,0.0302547687353114,0.0278113376155633,0.2286780300092361,0.0551625393221109,0.3570283499868907,0.6840070176674109,Alto
2024-01-29,43302.7,0.0298061199427104,55.06326983585807,45.36,9.703269835858066,-0.0083505185588889,-0.0067342221154801,0.2040281552882383,0.0458620363164423,0.4417599826338774,0.613075859011101,Alto
2024-01-30,42941.1,-0.0083855794598922,55.12818593931702,46.91,8.218185939317024,-0.008409193057467,-0.0083421244448791,0.2057150375747245,0.0976144067105873,0.4236006995628898,0.6204098171681673,Alto
2024-01-31,42580.0,-0.0084447497973837,53.044408989712046,45.79,7.254408989712047,0.0118116486613433,0.0030225457961483,0.227309065288868,0.1214441052137151,0.4651925786754345,0.67402559887271,Alto
2024-02-01,43082.94,0.0117424356196099,52.86215728746134,44.76,8.102157287461345,0.0027170847671955,0.0003716088084981,0.2034784534203095,0.1210931751639974,0.4387894605149973,0.6166445465420882,Alto
2024-02-02,43200.0,0.0027134001651212,50.162671721636265,42.41,7.752671721636268,-0.0043729166666667,0.0266111111111111,0.1872319444444443,0.1554923611111109,0.4609715277777777,0.5153701388888889,Alto
2024-02-03,43011.09,-0.0043825058320451,49.08114335886846,41.52,7.561143358868456,-0.0099558044216038,0.0529528547172371,0.1797922349793972,0.1555064054410153,0.5867003138027893,0.5336342324735319,Alto
2024-02-04,42582.88,-0.0100056948515458,49.20504975853839,42.69,6.515049758538389,0.0029547085589325,0.106847869378492,0.2110082737475718,0.2163378803876112,0.496470177686432,0.6083409576806453,Alto
2024-02-05,42708.7,0.0029503519870888,49.19590273065837,42.37,6.82590273065837,0.0091374825269792,0.1180647034444972,0.2112016989512675,0.2147407905180911,0.547086190869776,0.5879813714770059,Alto
2024-02-06,43098.95,0.0090959883104264,49.2971184912743,42.87,6.4271184912743,0.0290181083297853,0.1206767218226894,0.2639860135803773,0.2094055655648223,0.5504593499377595,0.5985540250980594,Alto
2024-02-07,44349.6,0.0286050546851993,44.62320259068623,43.82,0.803202590686233,0.0211738099103486,0.1255404783808646,0.2860846546530295,0.1644443241878168,0.536072253188304,0.5639462362681964,Alto
2024-02-08,45288.65,0.0209527596700549,44.77602766594053,44.91,-0.1339723340594645,0.0407192530578852,0.0973961467166717,0.3785374481244197,0.1512303855380983,0.5083971370310221,0.5814116782019336,Alto
2024-02-09,47132.77,0.0399120635942179,46.711538726920445,47.79,-1.0784612730795544,0.0131186857891016,0.0989205599416287,0.2969952752617766,0.098486891392125,0.4630135254091794,0.4670472369860716,Alto
2024-02-10,47751.09,0.0130333810778715,46.8727763394155,49.91,-3.0372236605844947,0.0114950255585788,0.0864673455621642,0.3065230552852303,0.0944005676100798,0.5094545485767972,0.4791511565495154,Alto
2024-02-11,48299.99,0.011429459727835,37.90970209154867,51.29,-13.380297908451332,0.033484064903533,0.0791743435143568,0.2833808040125889,0.0734865576576724,0.479337987440577,0.449404647909865,Médio
2024-02-12,49917.27,0.0329356814465882,39.6086086156609,54.28,-14.671391384339104,-0.0043608154051694,0.0345645905715596,0.2643714289663679,0.0274684492962056,0.4638703198311928,0.3445551008698995,Médio
2024-02-13,49699.59,-0.0043703514941825,38.55494355791731,52.19,-13.635056442082686,0.042164935364658,0.0490563403038133,0.373164446628232,0.0210174772065525,0.4364090327505721,0.2862180553199736,Médio
2024-02-14,51795.17,0.0413002181031989,40.64999777199366,55.13,-14.480002228006342,0.0016377975011956,-0.0003946313913053,0.2303079611477287,-0.0043816826935793,0.3418210616935906,0.2677212952481862,Médio
2024-02-15,51880.0,0.0016364577734705,40.33210690582714,55.08,-14.74789309417286,0.0047052814186585,0.0073018504240554,0.2735936777178103,-0.0029134541249036,0.2586860061680802,0.2224361989205858,Médio
2024-02-16,52124.11,0.0046942461844267,40.25825148781353,55.24,-14.98174851218647,-0.0092369922479251,-0.0052704976641327,0.282001169900071,0.0451299791977264,0.3121275356068429,0.223874901652997,Médio
2024-02-17,51642.64,-0.0092799178006313,38.55902419464592,56.24,-17.68097580535408,0.0095856834584753,-0.0068590606522052,0.3191461551926857,0.104462126645733,0.3091892668539022,0.1865654040924322,Baixo
2024-02-18,52137.67,0.0095400322946761,38.60186861587923,57.24,-18.63813138412077,-0.0069611856456185,-0.0267276999528363,0.3102478495874481,0.1974470665835277,0.1879587254282748,0.2173555128182751,Baixo
2024-02-19,51774.73,-0.0069855277307065,38.67745286787409,56.83,-18.15254713212591,0.0093499280440476,-0.0039886253390408,0.3318443186473401,0.1807107444114146,0.3103015698971292,0.232609228478835,Baixo
2024-02-20,52258.82,0.0093064880309006,38.80133277625269,55.63,-16.82866722374731,-0.007834658340927,-0.0101412546245782,0.3792523443889473,0.1938252719827964,0.2534012440388051,0.2426723374159614,Baixo
2024-02-21,51849.39,-0.0078655105264593,34.83788981962469,54.01,-19.172110180375302,-0.0108192208240058,0.0506675199071773,0.3780684787227004,0.1955257332824937,0.230422190116412,0.2524959310032384,Baixo
2024-02-22,51288.42,-0.010878174198953,34.92426836613282,55.38,-20.45573163386718,-0.0106119471022892,0.1120900195404732,0.4247350571532522,0.230569590562548,0.2476502493155377,0.3028149434121778,Baixo
2024-02-23,50744.15,-0.010668655359765,35.08396211543429,52.23,-17.146037884565708,0.0162397044782502,0.2303309839656393,0.4068407885440981,0.3448980818478584,0.3244874532335255,0.3088011130347043,Baixo
2024-02-24,51568.22,0.0161092509338547,35.514700382613526,54.18,-18.66529961738648,0.0031149029382824,0.1854390165105564,0.3477263710091216,0.2357225050622262,0.3550983532105625,0.246690112631384,Baixo
2024-02-25,51728.85,0.0031100616788884,31.78065381045269,55.17,-23.38934618954731,0.053115814482634,0.2060561949473069,0.262363845320358,0.277315076596522,0.352978077030516,0.2468543182382752,Baixo
2024-02-26,54476.47,0.0517532123675628,36.46620789862652,56.05,-19.58379210137348,0.0470087360653139,0.1378725530490503,0.2554682783227326,0.2266428056002893,0.2752292870665078,0.1705973239455493,Baixo
2024-02-27,57037.34,0.0459372757555132,39.82433948450055,58.36,-18.53566051549945,0.0945829521502932,0.1065377522864847,0.1853636582631659,0.1943788051827102,0.2409519798784447,0.1126391939035027,Baixo
2024-02-28,62432.1,0.0903734251045635,49.715025315955984,67.76,-18.04497468404402,-0.020840561185672,0.0931189243994676,-0.0079238084254733,0.0942010600316185,0.1188241305354136,0.0109962663437559,Baixo
2024-02-29,61130.98,-0.0210607908615077,50.16965699877049,65.54,-15.370343001229514,0.0205610968448404,0.0424176088785097,0.1097566242190128,0.128002201175247,0.1382474156311577,0.0447403264269605,Médio
2024-03-01,62387.9,0.0203525709953411,50.58374845003924,65.37,-14.786251549960769,-0.0064214374902825,0.0590842134452351,0.0499034267862839,0.1553217851538519,0.1425294007331548,-0.027503730691368,Médio
2024-03-02,61987.28,-0.0064421436096346,50.46770193259877,65.82,-15.352298067401222,0.0181761483968969,0.0780142313068099,0.0291892143033216,0.1526882612045568,0.123614393146465,-0.0584363437143877,Médio
2024-03-03,63113.97,0.018012936948412,50.84849896308528,71.72,-20.871501036914715,0.0813090984452413,0.0793836927070188,0.0138802867257439,0.1577850355475976,0.0372345456956677,-0.0642228653973122,Baixo
2024-03-04,68245.71,0.0781724352918946,57.6778078015056,74.81,-17.1321921984944,-0.0662561793261438,0.0009899523354655,-0.0151763385566653,0.0460575470604671,-0.0334443000153417,-0.078593951180228,Baixo
2024-03-05,63724.01,-0.0685531603092363,62.34040294188205,73.19,-10.849597058117944,0.0368782504428077,0.0821020208866329,0.0966040900439253,0.0906383637815637,0.0747564379580003,0.0026368397092397,Médio
2024-03-06,66074.04,0.0362145168030425,63.59899014993778,74.85,-11.251009850062218,0.0113377356674422,0.0908686679367571,0.0592359722517346,-0.0117052022246557,0.0264336795510007,-0.0312080205781271,Médio
2024-03-07,66823.17,0.0112739452488642,63.64141159704492,69.68,-6.038588402955092,0.0194695941542433,0.0692699852461353,0.0396093151522145,0.023499483786836,0.0310196298679035,-0.0547411923139832,Alto
2024-03-08,68124.19,0.0192824863151763,63.21323458686171,71.87,-8.656765413138295,0.0027755192392011,0.0726352856452312,0.0389936379427044,-0.0075479796530424,0.0181462708033666,-0.0853163905508455,Médio
2024-03-09,68313.27,0.0027716745979517,62.79676598954006,75.04,-12.243234010459943,0.0094068107118865,0.0450230240771667,0.0225032413175358,-0.0933328180600928,0.0484053830244108,-0.1042292368671563,Médio
2024-03-10,68955.88,0.0093628421886472,61.32118531106763,80.12,-18.79881468893237,0.0452785172199963,0.0078886673623772,0.0090826192052075,-0.0161751253120112,0.0027571252806866,-0.0852990346871072,Baixo
2024-03-11,72078.1,0.0442833735611532,63.0730591700606,83.02,-19.9469408299394,-0.0086862722519046,-0.0940295318550296,-0.0110725726677036,-0.0912458846723208,-0.0200757234166828,-0.1564706894327127,Baixo
2024-03-12,71452.01,-0.0087242178114949,63.02045268528423,78.08,-15.059547314715765,0.0226781583891062,-0.0428053738446265,-0.0252226634352202,-0.1071400230728287,-0.0202342803232546,-0.1487154805022279,Médio
2024-03-13,73072.41,0.0224248317904923,62.456235259766544,77.5,-15.043764740233456,-0.0230383806966267,-0.0747535218832935,-0.1041216513866177,-0.1242931497674704,-0.0815066863129325,-0.1585881730190643,Médio
2024-03-14,71388.94,-0.023307911945009,62.96470420202226,74.58,-11.615295797977735,-0.0264619421439791,-0.1323950180518158,-0.0760014086215596,-0.0585377791013566,-0.1045600340893141,-0.1183497051504056,Médio
2024-03-15,69499.85,-0.0268183610911704,62.0042886677305,76.7,-14.695711332269504,-0.0604205620587671,-0.0238754472131955,-0.0145620458173651,0.0054699398631794,-0.0552232846545713,-0.1139910373907282,Médio
2024-03-16,65300.63,-0.0623229102797109,65.70218400718015,75.73,-10.027815992819852,0.0473632490222528,0.0030725584117641,0.0385905924644218,0.0717813901642296,-0.0287997221466316,0.0138723010788717,Médio
2024-03-17,68393.48,0.0462758144323566,67.63607874672712,75.93,-8.293921253272885,-0.0114556241325926,-0.0672116698843222,0.0073474839999367,0.0157399506502669,-0.0672591890338084,-0.0461779397685275,Médio
2024-03-18,67609.99,-0.0115217452522204,67.67800913032775,74.08,-6.401990869672247,-0.0839016541786207,-0.0535420874932832,0.0258896651219737,0.0468955845134719,-0.0936639688898046,-0.0086672102746946,Alto
2024-03-19,61937.4,-0.0876315556373349,74.18593753530219,76.61,-2.424062464697812,0.0953076816269329,0.085127725735985,0.1563288094107922,0.127760286999454,0.024745630265397,0.0803682427741556,Alto
2024-03-20,67840.51,0.0910353115859427,80.65928354215029,77.73,2.929283542150287,-0.034481462477213,0.0300631584284964,0.0192435168898348,0.0256730086492569,-0.0592934811368605,-0.0230909231077419,Alto
2024-03-21,65501.27,-0.0350899773778561,81.51804305185209,75.26,6.258043051852084,-0.0260243809013168,0.0684983665202216,0.0783161914265173,0.0882233275782287,-0.0085598340306989,0.0907669423814225,Alto
2024-03-22,63796.64,-0.0263690073790988,81.98940237704826,72.46,9.529402377048273,0.0030310373712472,0.0889286645817084,0.0973341229255959,0.0917471515741268,0.0179399730142528,0.099561669705489,Alto
2024-03-23,63990.01,0.0030264530386604,81.90835801477634,73.68,8.228358014776333,0.0503200421440783,0.1061195333459081,0.0488593453884442,0.0230345330466426,0.044214870414929,0.08089715879088,Alto
2024-03-24,67209.99,0.0490949197687059,83.59656398660088,72.62,10.97656398660088,0.0397265347011654,0.0392880582187258,-0.0488838043273032,-0.0185494745647187,-0.011843328648018,0.0113027840057704,Alto
2024-03-25,69880.01,0.0389577311738261,84.50719571390114,76.25,8.25719571390114,0.0015453632591067,-0.0042620199968489,-0.0603630423063763,-0.0199230080247555,-0.0800002747566864,-0.0190329108424568,Alto
2024-03-26,69988.0,0.0015441704140665,84.50194919739921,75.39,9.111949197399213,-0.007401411670572,0.0184604503629193,-0.0938448019660513,-0.0309678802080357,-0.0784371606561125,-0.0099649939989711,Alto
2024-03-27,69469.99,-0.0074289380246216,82.59190459090757,75.78,6.811904590907574,0.0188658440860578,0.0025883118739473,-0.0817129813895181,-0.0082624166204717,-0.0820495295882438,-0.0138523123437905,Alto
2024-03-28,70780.6,0.018690091094532,81.28455075705622,76.53,4.754550757056222,-0.0131400411977294,-0.0751139436512265,-0.1342632020638423,-0.0200649613029559,-0.1033986713873575,-0.018990655631628,Alto
2024-03-29,69850.54,-0.0132271353273706,75.06510283931402,73.11,1.9551028393140228,-0.003841917328055,-0.0556511087816929,-0.0913444620471078,0.025332087625951,-0.0963760623754661,-0.0207893883139628,Alto
2024-03-30,69582.18,-0.0038493164497219,74.71684105476245,74.93,-0.2131589452375522,0.024400356528065,-0.0157280211686382,-0.0828397443138457,-0.0062685589902471,-0.0821500562356625,-0.027733537523544,Alto
2024-03-31,71280.01,0.0241074233791595,74.85263828104172,76.64,-1.7873617189582802,-0.0228705074536323,-0.0485324005987092,-0.0889368562097564,-0.0091039549517458,-0.1488216682348949,-0.0410751906460169,Alto
2024-04-01,69649.8,-0.0231360947330178,75.25286532905427,73.81,1.4428653290542712,-0.0600979471584987,-0.0108227159302682,-0.0676046449523186,0.005117459059466,-0.1620224322252181,-0.0302914006931822,Alto
2024-04-02,65463.99,-0.0619796082519771,78.04419344057173,74.37,3.674193440571728,0.0076269411626148,0.059519745130109,0.0207034432212276,0.0252433437069754,-0.0978153027336097,0.0351775075121454,Alto
2024-04-03,65963.28,0.0075980030930285,73.17392612485875,72.45,0.7239261248587496,0.0382714443551017,0.0857555900798141,0.0068328924819991,-0.0309076504382437,-0.0467118978922818,0.0273235351547103,Alto
2024-04-04,68487.79,0.0375572576425187,70.38652736950074,72.31,-1.923472630499262,-0.0097414444238892,0.0096106181846429,-0.0612985175897776,-0.0412620994194731,-0.0671032018991997,0.004703174098624,Alto
2024-04-05,67820.62,-0.0097892027031338,69.32789916079126,71.96,-2.632100839208732,0.0158562395920296,0.0414396093695399,-0.0489862817532484,-0.0648863133365633,-0.056157257188153,0.0400648062491908,Alto
2024-04-06,68896.0,0.0157318426801832,69.43345688033496,72.3,-2.866543119665039,0.0067404493729679,0.0161145784951231,-0.0744018520668834,-0.0740625,-0.083180591035764,0.0321063632141198,Alto
2024-04-07,69360.39,0.006717834111896,69.14664316783787,77.43,-8.283356832162141,0.0325778156668381,-0.0323508849935819,-0.0850400350978418,-0.1165365419658106,-0.1016186616021045,0.0207419537289221,Médio
2024-04-08,71620.0,0.0320584092764381,70.03831445325794,76.25,-6.211685546742061,-0.0345434236246858,-0.1074488969561574,-0.1187012007819044,-0.1137939123149958,-0.1455874057525831,-0.031616866796984,Alto
2024-04-09,69146.0,-0.0351541533965402,71.02856664793464,73.69,-2.661433352065359,0.0214774535041795,-0.0503884534174067,-0.0763601654470251,-0.0770542041477453,-0.0878140456425534,0.0023784456078443,Alto
2024-04-10,70631.08,0.0212500630830319,69.72379283707745,72.32,-2.596207162922539,-0.0088466720316325,-0.1020951399865328,-0.1410013835269119,-0.0805663738965906,-0.1391892917395571,-0.0139165364595869,Alto
2024-04-11,70006.23,-0.0088860361676844,69.72627909552513,68.42,1.306279095525127,-0.0412778976956763,-0.0887469586635359,-0.1662889145723173,-0.072351846399956,-0.1311346147335743,-0.0066598358460382,Alto
2024-04-12,67116.52,-0.0421540247116934,70.82914741779778,66.94,3.889147417797787,-0.0475592298289602,-0.0870001901171276,-0.1200287202018222,-0.0044281199323206,-0.0839216633997115,0.0029459215108291,Alto
2024-04-13,63924.51,-0.0487273574622227,72.3847466275224,72.95,-0.5652533724775992,0.0271778383596525,-0.0071088538652858,-0.0163082986478895,0.03894421717116,-0.0153998833937092,0.0678844468264208,Alto
2024-04-14,65661.84,0.026815078915186,72.3845986851714,71.99,0.3945986851714025,-0.0341423572656507,-0.0280806934438632,-0.0269532501678295,-0.0208987442325709,-0.0622027954135917,0.0169226144134857,Alto
2024-04-15,63419.99,-0.0347388233991405,70.09839331948491,70.48,-0.381606680515091,0.0058877335048459,0.0239766672937034,0.0093347539159183,0.017003313939343,0.0439374083786516,0.0413749671042207,Alto
2024-04-16,63793.39,0.0058704685364765,68.24539886498448,70.88,-2.634601135015515,-0.0394401363526847,0.0179918326961461,-0.0098474152259347,-0.0003664956510384,0.022601401179652,0.0381679042295761,Alto
2024-04-17,61277.37,-0.0402389732109262,69.55776565078378,70.72,-1.1622343492162202,0.0357833568901537,0.0904404023867213,0.0168856790035212,0.0356511710603768,0.0937806240705172,0.0881157268988535,Alto
2024-04-18,63470.08,0.0351580069988131,63.6738533338108,69.98,-6.3061466661892,0.0054817955168797,0.0463827995805268,-0.0358759591921107,-0.0055374122736255,0.054279433711128,0.0478059898459242,Médio
2024-04-19,63818.01,0.0054668251605374,55.22401665362305,70.4,-15.175983346376952,0.0175903322588717,0.0073894500941034,-0.0116581510454494,0.0007519820815471,0.0384844340962682,0.0212684475745952,Médio
2024-04-20,64940.59,0.0174374130268211,54.192964796274,71.98,-17.787035203726006,8.623266280816111e-06,-0.0068100705583364,-0.0637598149323867,-0.0657306932382351,0.1001843377154412,0.0005201677410076,Baixo
2024-04-21,64941.15,8.623229100669178e-06,53.40673761041761,72.05,-18.64326238958239,0.0289211078029878,-0.0180338660464127,-0.0633675258291546,-0.1012636825803053,0.0801832120312004,-0.0010957613162071,Baixo
2024-04-22,66819.32,0.0285107851109486,54.31448964345,69.37,-15.055510356550002,-0.0060659102786441,-0.0502450488870585,-0.0798471160736147,-0.116114770398741,0.0351290614750343,-0.0400447056330416,Médio
2024-04-23,66414.0,-0.0060843826514526,51.58791842400823,64.16,-12.572081575991769,-0.0319873821784564,-0.0496187550817598,-0.0523070436956063,-0.0531814075345559,0.0234235251603576,-0.0324026560664919,Médio
2024-04-24,64289.59,-0.0325101568509029,51.04164960193661,62.44,-11.398350398063386,0.0032470264626045,-0.0065887805475194,-0.0421856788945146,-0.0061837383003997,0.0662688936109252,-0.016792454268257,Médio
2024-04-25,64498.34,0.0032417662557915,51.05133186711783,59.29,-8.238668132882168,-0.0112922286061935,-0.0593246275795624,0.0264837823733139,-0.0075403491004574,0.0743000517532701,-0.0651960965196932,Médio
2024-04-26,63770.01,-0.0113564698957138,51.13917370423605,55.12,-3.980826295763947,-0.004830326982856,-0.0847583370302121,0.0229763175511497,-0.0094843955646235,0.0742929160588181,-0.0307981761332638,Alto
2024-04-27,63461.98,-0.0048420307160186,50.750044868675126,54.69,-3.939955131324872,-0.0054104835682718,-0.0693544386733601,0.0561284094823388,-0.0181195102957708,0.0941421934834052,-0.0409219819488771,Alto
2024-04-28,63118.62,-0.0054251732439513,50.57530583848669,56.79,-6.214694161513307,0.0118408799178435,-0.0037486561017968,0.0601499208949751,-0.0305074794094041,0.0836483750753738,-0.0223729542882908,Médio
2024-04-29,63866.0,0.011771325220062,50.72393348963,55.33,-4.606066510369999,-0.0500109604484388,0.0004077286819277,0.037704099207716,-0.0124008079416277,0.0592869445401309,-0.0538339648639338,Alto
2024-04-30,60672.0,-0.051304831768252,53.12680999196899,59.81,-6.683190008031012,-0.0380246242088607,0.0550501054852321,0.1775880142405062,0.0021095398206749,0.1265850804324895,0.0051865770042194,Médio
2024-05-01,58364.97,-0.0387664255347442,54.22340231868834,61.22,-6.996597681311656,0.0119187930705695,0.0822448807906524,0.2018911343567895,0.0421660458319432,0.1572011430829141,0.0755083057525773,Médio
2024-05-02,59060.61,0.0118483236441381,49.89867923433216,56.77,-6.871320765667839,0.0647030228776845,0.0550531056147236,0.1711125232197905,0.0410320855135089,0.147411955277807,0.0650074558999644,Médio
2024-05-03,62882.01,0.0626959085169651,54.41598058847818,55.88,-1.464019411521825,0.0160623046241683,-0.0268595103750659,0.0809077190757736,0.0009234755695626,0.0776632299126571,-0.0118720759721262,Alto
2024-05-04,63892.04,0.0159346707250689,53.10720436839899,56.89,-3.782795631601012,0.0018775421789631,-0.0128033163442582,0.0729034477534291,-0.0362259524034606,0.0769714036365092,-0.0576513130587159,Alto
2024-05-05,64012.0,0.0018757817997593,53.00135954931311,58.65,-5.648640450686891,-0.0132289258264075,-0.0501782478285321,0.0824621945885146,0.03428263450603,0.1019471349122038,-0.1087607011185401,Alto
2024-05-06,63165.19,-0.0133172075113331,52.92079049226474,55.57,-2.6492095077352573,-0.0135060149427239,-0.0370330557067904,0.0845794970299305,0.0327715312817074,0.1257466335492698,-0.1034810470767205,Alto
2024-05-07,62312.08,-0.0135980507937309,53.081224100159055,53.76,-0.678775899840943,-0.0179587970743394,-0.013289397497243,0.1143333684255121,0.0756180824007157,0.1362011988686622,-0.0655081647089939,Alto
2024-05-08,61193.03,-0.0181220133351202,52.27361367215647,55.43,-3.156386327843528,0.0307384680902385,0.028549820134744,0.1177480507175408,0.093510159572095,0.1333905184953254,-0.0871867269850831,Alto
2024-05-09,63074.01,0.0302755046599091,51.90080610402568,52.17,-0.2691938959743254,-0.0360532016277386,-0.0237264128283584,0.072587901102213,0.0507340503640088,0.0988751151226947,-0.1008242539201169,Alto
2024-05-10,60799.99,-0.036719174305045,52.94144065117666,54.27,-1.3285593488233405,0.0004276316492815,0.0889228764675784,0.1242135072719583,0.1751090748534662,0.1455288068303959,-0.0452301061233726,Alto
2024-05-11,60825.99,0.0004275402409262,52.85084084825874,54.17,-1.3191591517412604,0.0108177441912578,0.0724890790926706,0.1103807763753619,0.1532626102756404,0.1432612934043491,-0.0509673578679114,Alto
2024-05-12,61483.99,0.0107596509793828,50.90284589582528,54.52,-3.6171541041747233,0.02368242529478,0.0901049199962462,0.1021869270358024,0.1249533415121562,0.0948254984752943,-0.0674012860908994,Alto
2024-05-13,62940.08,0.0234063469685158,48.67109781032121,56.13,-7.4589021896787955,-0.0216490033060016,0.0631572123835875,0.0766689524385733,0.0799104481595827,0.0845869595335755,-0.0802506129639492,Médio
2024-05-14,61577.49,-0.0218867810086137,48.37017325123306,56.23,-7.859826748766935,0.0751737363767182,0.0762700785627994,0.1174521728638176,0.1132313122863566,0.0843736891516688,-0.0385444421329937,Médio
2024-05-15,66206.5,0.0724822637554475,53.216967280080354,58.61,-5.3930327199196455,-0.0146706139125312,0.0791481198975929,0.0654216730985628,0.0465825863019493,-0.0024545928269882,-0.0816927340971052,Alto
2024-05-16,65235.21,-0.0147792915907175,53.42684738978368,57.49,-4.063152610216321,0.0274206214711349,0.0753140826863283,0.0900248500771285,0.0501640141880435,0.0152224542543819,-0.0078342661884586,Alto
2024-05-17,67024.0,0.0270514103613143,52.406693168936,55.26,-2.853306831063996,-0.0016232991167343,0.0319679517784674,0.0563240033420864,0.0359935247075673,-0.0051791895440439,-0.0295418059202674,Alto
2024-05-18,66915.2,-0.0016246180943355,50.954805629972114,56.67,-5.715194370027888,-0.0095821278274592,0.0157580041604896,0.0364700396920283,0.0221652180670461,-0.0061401594854382,-0.0422506396155133,Médio
2024-05-19,66274.01,-0.0096283318061598,51.0297476573452,57.32,-6.290252342654796,0.078048845995587,0.0343419690463879,0.0458166029187008,0.0207986509342048,-0.0165779918855067,-0.0344945175340981,Médio
2024-05-20,71446.62,0.07515278314448,57.04565628800917,61.94,-4.894343711990828,-0.0181713284687224,-0.030177074856725,-0.0251723594482146,-0.043311356086544,-0.0905886100700074,-0.0669957515135074,Alto
2024-05-21,70148.34,-0.0183384547582277,57.40316420928162,58.59,-1.1868357907183835,-0.0139949142060952,-0.0233885791167688,-0.008672193811001,-0.0371830609248914,-0.0752455439430213,-0.0428859756339208,Alto
2024-05-22,69166.62,-0.0140937663868154,56.74849662803503,56.8,-0.0515033719649693,-0.0173056020375146,0.0039008701017917,-0.0267814156597502,-0.0202376522085362,-0.0726226032152503,-0.0144763471165715,Alto
2024-05-23,67969.65,-0.0174570942889185,57.034776569869386,53.18,3.8547765698693865,0.0085382225743402,0.0063078153263993,0.0043304621989375,-0.0030016338174463,-0.054548463909995,-0.0064387561212982,Alto
2024-05-24,68549.99,0.0085019781146903,55.974721919252616,52.29,3.684721919252617,0.0108035026700952,-0.0130936561770469,-0.0259223961958274,0.0037915395757168,-0.077899063150848,-0.038132463622533,Alto
2024-05-25,69290.57,0.0107455617713425,56.08867434642052,52.21,3.878674346420517,-0.0112987957813019,-0.0135429684010394,-0.0468545719857694,0.018000573526816,-0.1298484050571384,-0.0564949891449876,Alto
2024-05-26,68507.67,-0.0113631120978981,56.08883801986896,53.73,2.358838019868962,0.0135570221553293,-0.0141248417877881,-0.0332724788333919,0.0379567718475901,-0.097823499178997,-0.0395243335527248,Alto
2024-05-27,69436.43,0.0134659479373295,56.25981935325256,53.91,2.349819353252564,-0.0149495012920449,-0.024044726953848,-0.0397422505736542,0.0196241367823779,-0.1234429823077021,-0.0220120763697094,Alto
2024-05-28,68398.39,-0.0150623714003808,56.47290897268241,54.76,1.7129089726824134,-0.0109062508635071,-0.0092510949453633,-0.0276915874774245,0.0139946276513234,-0.0978373906169428,-0.007337745815362,Alto
2024-05-29,67652.42,-0.0109661600050804,56.45318453008983,53.24,3.2131845300898263,0.0103433107049237,0.0171092179703253,-0.0366150981738716,0.0245082141924857,-0.1067896758164749,0.0088313174901948,Alto
2024-05-30,68352.17,0.0102901846853451,53.66186545138588,53.27,0.3918654513858755,-0.0118819929199029,0.0319766000113821,-0.0494175971296887,0.0189601880964422,-0.1077579541366425,-0.0229324101926828,Alto
2024-05-31,67540.01,-0.0119531480022309,52.09735354952332,51.99,0.1073535495233173,0.0033586018124664,0.0528277979230384,-0.0395324193763074,0.0296119292845826,-0.0705951923904066,-0.0200179123455859,Alto
2024-06-01,67766.85,0.0033529743062472,51.94633935699948,50.68,1.266339356999481,-1.8002902599123516e-05,0.0447447387623889,-0.0534669975068932,-0.0066789292995026,-0.0718177102816496,-0.0463183695272837,Alto
2024-06-02,67765.63,-1.800306465331948e-05,47.11876148357374,51.11,-3.991238516426258,0.0154100242261452,0.0234627789928316,-0.0517020206260903,0.0073541705433861,-0.0830828253201513,-0.035587509479363,Alto
2024-06-03,68809.9,0.0152924956767793,47.09286426536804,52.77,-5.67713573463196,0.0251117935064577,0.0072745346236517,-0.0813820395030365,-0.029601699755413,-0.1250011989553827,-0.1062575298031242,Médio
2024-06-04,70537.84,0.0248016734785851,47.87640065276115,53.95,-6.073599347238854,0.0080830374165128,-0.0126130882374623,-0.1452346712062631,-0.0637083585207598,-0.191214105790594,-0.1394974668915294,Médio
2024-06-05,71108.0,0.0080505446456613,47.73319357220983,55.62,-7.8868064277901695,-0.0043446588288238,-0.0220509647297069,-0.1308149575293918,-0.0686244866962929,-0.2036227991224616,-0.1820751532879563,Médio
2024-06-06,70799.06,-0.0043541242850611,47.52123059403722,51.87,-4.348769405962777,-0.0203881237971237,-0.0492212749717297,-0.1403135860843349,-0.0582237956266651,-0.1775296169186426,-0.237012327564801,Alto
2024-06-07,69355.6,-0.0205988304548735,47.6438425378819,50.02,-2.376157462118101,-0.0006508486697541,-0.0157393202567637,-0.1102885707859206,-0.0411108836200682,-0.1946171614116236,-0.1922496525154422,Alto
2024-06-08,69310.46,-0.0006510605636952,46.45930353506903,50.34,-3.8806964649309705,0.0048719919042521,-0.0366099142899933,-0.1281569910227116,-0.0596611247422107,-0.1817307228952167,-0.2045333417207158,Alto
2024-06-09,69648.14,0.0048601621590837,44.69113894725466,51.79,-7.098861052745342,-0.0015526617078359,-0.0517479720205018,-0.1243602485292499,-0.0671054532109542,-0.1665247629010624,-0.1143196358151129,Médio
2024-06-10,69540.0,-0.0015538683361776,44.6941766438041,50.88,-6.185823356195904,-0.0320069025021569,-0.0476236698303135,-0.0973251366120218,-0.0671557377049181,-0.1698899913718723,-0.1251367558239862,Médio
2024-06-11,67314.24,-0.0325303224150299,45.959051266465416,52.49,-6.530948733534586,0.0141091988857038,-0.0094685760397801,-0.0655767635495848,-0.0471026635671739,-0.1481759283028376,-0.0949387529295436,Médio
2024-06-12,68263.99,0.0140105905794903,45.4913311264973,50.56,-5.068668873502702,-0.0218413837222232,-0.0257772802322279,-0.0897767622431681,-0.0586250525350188,-0.1519818867897995,-0.1399185720026035,Alto
2024-06-13,66773.01,-0.0220834377646717,45.50289292193836,49.23,-3.727107078061636,-0.0109178843367999,-0.0239271825547476,-0.0983096313914857,-0.0533598829826601,-0.1133540333137594,-0.1112181403833674,Alto
2024-06-14,66043.99,-0.010977921824138,38.02602183104362,48.56,-10.53397816895638,0.0027899586321176,-0.0161955690442082,-0.1361816571046056,-0.0870736307724594,-0.0794331172298947,-0.082624323575847,Médio
2024-06-15,66228.25,0.0027860739213107,37.6874965644869,48.03,-10.342503435513102,0.0067738465080988,-0.0205087708039998,-0.1449450951821919,-0.0667727140608426,-0.0227110032350242,-0.1139220800791203,Médio
2024-06-16,66676.87,0.0067510070922938,36.5630879635295,47.9,-11.3369120364705,-0.0025877039519101,-0.0379938350435465,-0.1266817113640757,-0.087164859418266,-0.0244894518893883,-0.1370161796737009,Médio
2024-06-17,66504.33,-0.0025910578449524,36.56986594688604,48.81,-12.240134053113962,-0.0199838115803888,-0.0337169023430504,-0.1600876213623985,-0.0721435732079399,-0.036333574069538,-0.1147253118706707,Médio
2024-06-18,65175.32,-0.0201861886584316,37.08979667160008,50.06,-12.97020332839992,-0.0030832222994838,-0.0301542056103445,-0.1298144757862331,-0.0728416830174367,-0.0182185526668684,-0.0872006458886585,Médio
2024-06-19,64974.37,-0.0030879852219766,26.261132035938097,48.6,-22.338867964061905,-0.0016064796011104,-0.0720448693846511,-0.1065707909134017,-0.0613732768782522,0.0259429987547397,-0.1007631162872376,Baixo
2024-06-20,64869.99,-0.0016077713731205,25.476365253367568,48.28,-22.80363474663244,-0.0111982443653837,-0.0472326263654425,-0.1101301233436292,-0.0323413029661326,0.0349926059800533,-0.0837288552071612,Baixo
2024-06-21,64143.56,-0.0112614167598417,25.304302520727727,47.11,-21.805697479272272,0.0018466390078755,-0.0511130033942612,-0.1060694167894641,-0.019387293128102,0.0626996693042918,-0.0799731103169202,Baixo
2024-06-22,64262.01,0.0018449360662195,24.56916604017695,46.43,-21.86083395982305,-0.016370480786393,-0.0397675080502462,-0.0991707231068559,-0.0330917131287987,0.0508854298208225,-0.0483330664571494,Baixo
2024-06-23,63210.01,-0.0165059576898561,25.05987002778965,48.23,-23.170129972210347,-0.0461431662485103,-0.0440147058986386,-0.0633758798645974,-0.0474834602937098,0.0431260808216924,-0.044837360411745,Baixo
2024-06-24,60293.3,-0.047241688238279,29.75704068515437,50.96,-21.20295931484563,0.025089189014368,0.0115001169284147,0.0083692549586769,-0.0537918806898942,0.0842995822089685,0.06209545670912,Baixo
2024-06-25,61806.01,0.0247796224774557,30.732373443265416,48.14,-17.407626556734584,-0.0152253801855192,0.0156295480002672,0.0472143404824223,-0.0837656402670226,0.064620576542637,0.0380383719965096,Baixo
2024-06-26,60864.99,-0.0153424763626781,30.839196753786496,47.05,-16.2108032462135,0.0138253534585317,0.0334346559491753,0.068660160791943,-0.0432902395942231,0.115715126216237,0.0551221646467041,Baixo
2024-06-27,61706.47,0.0137306550868014,30.763466195192773,47.94,-17.176533804807224,-0.02072116586802,0.0069522693487409,0.0385943321664647,-0.0947819572242587,0.1003141161696659,0.0182724761277057,Baixo
2024-06-28,60427.84,-0.0209388617515131,31.386345168923217,45.4,-14.01365483107678,0.0092480552010465,-0.0036284599945983,0.0589145665309234,-0.0614488288841698,0.1294443091131507,-0.016761148503736,Médio
2024-06-29,60986.68,0.0092055537746166,31.34533360158281,43.47,-12.12466639841719,0.0292740972290999,-0.0645496688785157,0.0930255590237081,-0.0481528097610822,0.095070103832509,-0.0320033817220415,Médio
2024-06-30,62772.01,0.0288537938097445,32.656377913829395,45.44,-12.783622086170602,0.0020388067866552,-0.0978655932795524,0.0695843577416113,-0.0803886955348411,0.0544189998058051,-0.0543713671109146,Médio
2024-07-01,62899.99,0.0020367312407112,32.6431600084982,44.71,-12.0668399915018,-0.0121545329339479,-0.0742426191164736,0.0837098702241447,-0.0883958805080891,0.0274723414105471,-0.060031806046392,Médio
2024-07-02,62135.47,-0.0122290033197398,32.92067627050343,42.33,-9.40932372949657,-0.031011111688702,-0.1010318261051216,0.0868511978745794,-0.0683405146850905,0.0517989161424223,-0.0508804391436968,Médio
2024-07-03,60208.58,-0.0315021343281225,34.29370230859144,45.36,-11.066297691408558,-0.0524604632761642,-0.0580309318040718,0.0951264753295957,-0.0166846652088457,0.0214213655263086,-0.0482775046347214,Médio
2024-07-04,57050.01,-0.0538866154831006,38.138035394314535,47.53,-9.391964605685466,-0.0073833466462144,0.0175283054288684,0.1459419551372558,0.0656949928667847,0.0639435470738742,0.0364964002635581,Médio
2024-07-05,56628.79,-0.0074107384621975,38.12225320928304,48.98,-10.85774679071696,0.0282778424190239,0.0193728313813521,0.1619522507897484,0.1429546702304605,0.0270570852741158,0.0151679031107676,Médio
2024-07-06,58230.13,0.0278854052420161,39.31420960328887,48.21,-8.895790396711128,-0.0407404208096392,-0.0152883052124389,0.1662002128451372,0.1170160533730562,-0.0723220092416073,-0.0044518190153447,Médio
2024-07-07,55857.81,-0.0415935637799837,41.2852127575358,50.99,-9.7047872424642,0.0153391262564717,0.0363653712882765,0.2155238452778582,0.1473416161500065,0.0029396068338518,0.0057680385249618,Médio
2024-07-08,56714.62,0.0152226712283136,41.62464417750103,51.03,-9.405355822498969,0.0235456042903927,0.0438934440537552,0.2033912948724685,0.1282438284872578,-0.0278668886435279,-0.0485174722143955,Médio
2024-07-09,58050.0,0.0232726823228449,42.37492086681161,50.05,-7.67507913318839,-0.0055839793281653,0.0473369509043928,0.1504683893195522,0.1483204134366924,0.06263548664944,-0.0669963824289405,Médio
2024-07-10,57725.85,-0.0055996280225802,42.4164486169701,48.69,-6.273551383029897,-0.0066860860429079,0.121233208346001,0.146592038055741,0.1630830901580489,0.0539124153217318,-0.049473502772155,Médio
2024-07-11,57339.89,-0.0067085380495201,40.937517393954,48.54,-7.602482606046003,0.0095781488244919,0.1343584719119621,0.1271036620405097,0.1887943977569541,0.0624978527164945,-0.0051951616928459,Médio
2024-07-12,57889.1,0.009532569171711,40.78055181439571,46.32,-5.539448185604293,0.0227144661084728,0.1070821622723448,0.1289520825163976,0.1665755729489662,0.0142253032090668,-0.00437232570553,Alto
2024-07-13,59204.02,0.0224603337463863,40.80558774383626,49.18,-8.374412256163737,0.0269219894189618,0.0808036346180547,0.0387526049751352,0.1137083258873299,0.0024089580403492,-0.0315184678337721,Médio
2024-07-14,60797.91,0.0265659683913898,41.66892959245572,49.3,-7.631070407544279,0.0645783711972993,0.0964192683597182,-0.0016434775471723,0.0753001213364077,-0.0034665665316455,-0.0438434479079955,Médio
2024-07-15,64724.14,0.0625788251846498,47.02994007794616,54.52,-7.490059922053845,0.0049417419837483,0.0373248682794395,-0.101401733572667,0.016621464572569,-0.0933307109217673,-0.0652946489516894,Médio
2024-07-16,65043.99,0.0049295716554446,47.00241221783514,56.49,-9.48758778216486,-0.014697745325894,0.04798829223115,-0.1695034391340384,0.0440317391353144,-0.1153516258765798,-0.0776545227314622,Médio
2024-07-17,64087.99,-0.0148068273440296,47.27667918945696,58.28,-11.003320810543038,-0.0015614470043451,0.0537389298681389,-0.1258579025492919,0.0594262669183416,-0.0813473788146578,-0.0773310256726728,Médio
2024-07-18,63987.92,-0.0015626673332034,46.75258809991974,57.1,-10.34741190008026,0.0417591320361718,0.0304446526781929,-0.138366116604509,0.0666056968252759,-0.0702621682342542,-0.0902346880473689,Médio
2024-07-19,66660.0,0.0409107573354448,48.8699970768626,60.8,-11.930002923137394,0.0072001200120013,-0.0192619261926192,-0.0746176117611761,0.0018705370537053,-0.123502100210021,-0.0951996699669966,Médio
2024-07-20,67139.96,0.0071743229020851,48.93081246580969,62.65,-13.719187534190311,0.0152722760037389,-0.0199584569308651,-0.0938631777558403,-0.0141787394570983,-0.1147075452532293,-0.0801306703191364,Médio
2024-07-21,68165.34,0.0151568287409893,49.058588638005325,66.0,-16.941411361994675,-0.0092910854695362,-0.0037753791002874,-0.1062391825523058,-0.0518935282945848,-0.1342550334231442,-0.0765396314314577,Baixo
2024-07-22,67532.01,-0.0093345168297836,49.16230464513914,67.63,-18.46769535486085,-0.0236332370382578,0.0053972923358864,-0.130596142481173,-0.0322512242712751,-0.0944141896561349,-0.0641319575709354,Baixo
2024-07-23,65936.01,-0.0239169814342164,49.53161145865084,63.91,-14.37838854134916,-0.0084932345769783,0.0350926602929113,-0.0999358317253348,-0.0673028289094228,-0.0843267586255218,-0.0392357681333764,Médio
2024-07-24,65376.0,-0.0085295076234562,46.804905794892335,61.39,-14.585094205107666,0.0064847956436613,0.0215475097895252,-0.0732508871757219,-0.0715554637787567,-0.0204778511992168,-0.0274908223201174,Médio
2024-07-25,65799.95,0.0064638598173518,46.05513733224209,61.81,-15.754862667757912,0.0320371064111753,0.0058974208946966,-0.1081544894790953,-0.1160935532625784,-0.0249687119823038,-0.0373854387427345,Médio
2024-07-26,67907.99,0.031534622237758,47.0470577291669,60.1,-13.0529422708331,-0.000169199530129,-0.0483005018997029,-0.1526614173089205,-0.2045293933747708,-0.0543086314290852,-0.0536798394415739,Médio
2024-07-27,67896.5,-0.0001692138459844,46.80268368214377,55.04,-8.237316317856227,0.0052046865449619,-0.0374464073994977,-0.1328772469862217,-0.1748910474030325,-0.0745620171879257,-0.0698782706030501,Médio
2024-07-28,68249.88,0.0051911889774283,46.26474779739003,52.65,-6.385252202609969,-0.02146802309396,-0.0989239834560882,-0.1283209582199999,-0.1921720594966613,-0.1294490188114617,-0.0450680645885385,Médio
2024-07-29,66784.69,-0.0217018131643439,46.76983831985493,51.73,-4.96016168014507,-0.0089345327499461,-0.0911391518026063,-0.1251385609486246,-0.0763453420237483,-0.1160414160790445,-0.0151942009463547,Alto
2024-07-30,66188.0,-0.0089746850278234,45.78127210499507,50.62,-4.838727895004929,-0.0235692270502205,-0.1212757599564875,-0.1019746781893998,-0.0808305130839427,-0.1031756511754395,-0.0049857980298543,Alto
2024-07-31,64628.0,-0.0238514242150137,46.525639942319415,48.73,-2.204360057680581,0.0112338305378474,-0.1641577953828062,-0.0868694683418951,-0.0573202017701305,-0.0851644797920406,0.0150710218481153,Alto
2024-08-01,65354.02,0.0111711996833452,46.49326380200844,49.81,-3.316736197991567,-0.0589969828940897,-0.142791675248133,-0.0642346102045443,-0.1016223638576478,-0.0976226099021911,-0.0310069678957775,Alto
2024-08-02,61498.33,-0.060808933125691,49.907649792156114,51.4,-1.4923502078438844,-0.0130140119252019,-0.1034852491116424,-0.0182523655520402,-0.0349877793429512,-0.0682371374962539,-0.0112612814039015,Alto
2024-08-03,60697.99,-0.0130994361288609,46.45814498500866,51.45,-4.991855014991344,-0.0417969359446663,0.0162773100064763,0.0550141775699657,-0.0018260901225888,-0.0257975593590495,-0.0008024977433355,Alto
2024-08-04,58161.0,-0.042695556818197,48.71821908987592,56.13,-7.411780910124087,-0.0712193738071904,0.0460272347449322,0.1030933099499664,0.0089817919224222,-0.0115759701518198,0.0445609600935335,Médio
2024-08-05,54018.81,-0.0738827077815432,54.24936569026799,63.08,-8.830634309732005,0.0370833789193061,0.1278202907468715,0.1888451448671306,0.0652041390767401,0.0731613673089059,0.1493403871725422,Médio
2024-08-06,56022.01,0.036412329987494,53.794238109413286,61.54,-7.745761890586714,-0.0158482353632081,0.0480271950256692,0.1215948874379908,0.0509190941203288,0.0028201415836381,0.107743188793119,Médio
2024-08-07,55134.16,-0.0159751614680071,53.82077952147314,60.88,-7.059220478526861,0.1188343125205859,0.0764041748346215,0.0776440595086602,0.0790404714608872,-0.0212425472701498,0.1394008723448403,Médio
2024-08-08,61685.99,0.1122873509141612,66.06668953382469,56.81,9.256689533824684,-0.0137470436966319,-0.0178134451599139,-0.0429771816906885,-0.0528262576315951,-0.12199090911891,0.0087217535132368,Alto
2024-08-09,60837.99,-0.0138424093072877,66.21408713735987,55.02,11.194087137359864,0.0014057006156844,-0.0354153712178854,-0.0243101391088035,-0.0230035541936871,-0.0980972579797591,0.0217380620234166,Alto
2024-08-10,60923.51,0.0014047135434843,66.17454091376935,56.28,9.894540913769347,-0.0362900955640934,-0.0555196179602915,-0.029537365788675,-0.0313460271740745,-0.0637112011438606,-0.0047188679706734,Alto
2024-08-11,58712.59,-0.0369649586682071,67.33691675169577,57.11,10.226916751695768,0.0107992169992841,0.0027593740967652,0.0044521967094282,0.0416169683538063,-0.0183367826219214,0.0274864385986037,Alto
2024-08-12,59346.64,0.0107413218969405,66.98448329120448,57.48,9.504483291204489,0.0209027840497795,0.002449169826632,-0.0344548570904772,0.0173421780912954,-0.0338458925391563,0.0538086065192571,Alto
2024-08-13,60587.15,0.020687318243458,66.73172979200321,56.92,9.811729792003206,-0.0314218444009992,-0.0356478230119753,-0.024015323381278,0.0569442530305517,-0.0405173374222092,0.0432281432614012,Alto
2024-08-14,58683.39,-0.0319261018184248,64.03651848197387,55.31,8.72651848197387,-0.0194659851791111,0.012867525206025,-0.0203747602174992,0.0932737525899578,0.0309220377350387,0.0713426746478005,Alto
2024-08-15,57541.06,-0.0196579426462018,64.37961897912902,55.64,8.73961897912902,0.0231754507129344,0.0255945928003413,0.0074701439285269,0.1160725923366723,0.042612527471687,0.1484666775342686,Alto
2024-08-16,58874.6,0.0229109783372539,64.66780718644603,53.12,11.547807186446027,0.0104865255984754,0.038750666671196,-0.0457684638197116,0.0672514123238205,0.0043720042259309,0.1392712646879979,Alto
2024-08-17,59491.99,0.0104319233822097,64.76780498839491,53.71,11.057804988394912,-0.0178955183714647,0.0148566218746422,-0.0929372172623574,-0.0012941237971699,-0.0214818835275135,0.1366237706958533,Alto
2024-08-18,58427.35,-0.0180575795170035,63.48943906933577,55.32,8.169439069335773,0.0173061074993132,0.0960147944413019,-0.0730221377488453,0.010398383633692,0.0322903571700581,0.153942117860899,Alto
2024-08-19,59438.5,0.0171580624359473,63.72177914467145,53.68,10.041779144671452,-0.0071452005013584,0.0793847422125391,-0.0768617983293656,-0.0013373486881398,0.0390570085045887,0.1512403576806278,Alto
2024-08-20,59013.8,-0.0071708496985934,63.551325337022526,54.06,9.491325337022523,0.036300492427195,0.0882200434474647,-0.0334125238503536,0.0018671903859774,0.0666655934713573,0.1586781396893608,Alto
2024-08-21,61156.03,0.0356571523861472,64.6750392477631,54.68,9.995039247763096,-0.0127573683249223,0.0274375233317138,-0.0575583470673293,-0.0356798830793954,0.0334393844727984,0.128784684028705,Alto
2024-08-22,60375.84,-0.0128394423275779,64.29091379995559,53.99,10.300913799955588,0.0606434626830865,-0.0159143127449654,-0.0503154904345843,-0.0509140742389671,0.0492435384749927,0.1159679103429451,Alto
2024-08-23,64037.24,0.058875764216626,67.42558843521367,55.43,11.99558843521367,0.0018703179587378,-0.0781161086892563,-0.0922107198873655,-0.0765977734205909,-0.0071595840170499,0.0529185829995171,Alto
2024-08-24,64157.01,0.0018685710918962,67.39103329222849,55.14,12.251033292228485,0.000981810093706,-0.0747852806731486,-0.0570321154305664,-0.1039524753413539,-0.0127346957097908,0.0391483331283672,Alto
2024-08-25,64220.0,0.0009813284334161,66.48818886515517,54.2,12.288188865155163,-0.0215820616630333,-0.0793523824353784,-0.0658201494861414,-0.0973076923076923,0.0006649018997195,0.0619476798505138,Alto
2024-08-26,62834.0,-0.021818360418123,66.92229881307395,51.58,15.342298813073953,-0.0544132157748989,-0.0614318680968902,-0.0589171467676735,-0.1058980806569691,0.0050611134099374,0.0615006206830697,Alto
2024-08-27,59415.0,-0.0559496085012552,69.68626592560227,52.69,16.996265925602273,-0.0063973744004038,-0.0355657662206513,-0.0202139190440124,-0.0917618446520238,0.0969282167802743,0.1292225868888326,Alto
2024-08-28,59034.9,-0.0064179252947433,69.31007061671579,52.91,16.400070616715794,0.0054901422717748,0.0016469918641346,0.0216666751362328,-0.0825620099297195,0.1140859051171425,0.1522285969824628,Alto
2024-08-29,59359.01,0.0054751263752269,69.26567298058771,52.98,16.285672980587712,-0.0039592978386937,-0.0315247845272351,0.0404484508754441,-0.0756255874213536,0.1094861588830407,0.178628316071983,Alto
2024-08-30,59123.99,-0.0039671566087142,68.77814537056565,51.96,16.818145370565652,-0.002537041224721,-0.0195029124387579,0.064677637622224,-0.0352139630630476,0.1095666919637865,0.2302353071908713,Alto
2024-08-31,58973.99,-0.0025402649674755,68.6733930422572,50.48,18.19339304225721,-0.0283536860911055,-0.0473766485869447,0.0716766832293356,-0.0226879680347217,0.0738223749147717,0.2267228315398026,Alto
2024-09-01,57301.86,-0.0287634153194433,66.08179666402651,54.36,11.721796664026511,0.0319408479934157,-0.0582684401518553,0.1055306058127956,0.0006306950594623,0.061148451376622,0.2266968297364169,Alto
2024-09-02,59132.13,0.0314413475808036,66.8296418427239,52.92,13.9096418427239,-0.0278089086254798,-0.0840705383012585,0.0751982044279482,-0.0169080667312339,0.0256569482614612,0.175266475264801,Alto
2024-09-03,57487.73,-0.0282028977798505,65.88768975677579,55.29,10.597689756775786,0.008404750022309,-0.0455363257515996,0.1018001580511178,0.0523636956964554,0.0567943802964563,0.2067747326255533,Alto
2024-09-04,57970.9,0.0083696267750248,60.708930086467575,55.73,4.978930086467578,-0.0308930860138448,-0.0160235566465244,0.1085337643541846,0.0348818113915774,0.0709856151965899,0.186388170616637,Alto
2024-09-05,56180.0,-0.0313803388267203,60.36613111255299,56.79,3.576131112552993,-0.0394629761480953,0.0259165183339267,0.1241012815948736,0.0525453898184407,0.1046279814880739,0.2077253470986115,Alto
2024-09-06,53962.97,-0.0402627510802886,61.72724081479131,59.46,2.2672408147913075,0.0036671443399056,0.0625434441432708,0.2077539468268703,0.0787766129254932,0.1641299580063884,0.2855484047671948,Alto
2024-09-07,54160.86,0.0036604367595428,47.726873589323134,58.84,-11.11312641067687,0.0130922958018022,0.0733271222059619,0.2143446392837926,0.1136084249770037,0.1488739285159062,0.3953247788162892,Médio
2024-09-08,54869.95,0.0130073324703566,47.69828614939786,59.32,-11.62171385060214,0.0395854197060505,0.1025707149359531,0.2002562422601077,0.1255703713963654,0.1328694485779558,0.3825033556618877,Médio
2024-09-09,57042.0,0.03882199877924,49.5808032390302,58.82,-9.239196760969804,0.0104132043055993,0.051734336103222,0.1500650397952385,0.1035375688089477,0.0630065565723501,0.341288524245293,Médio
2024-09-10,57635.99,0.0103593603630522,48.01110855616432,57.18,-9.168891443835683,-0.0051702070182189,0.0259561777285339,0.098750797895551,0.0965552947038821,0.0466791669580066,0.3303746495896056,Médio
2024-09-11,57338.0,-0.0051836187862416,47.89883405212622,54.84,-6.941165947873785,0.0138532910111968,0.0152776518190378,0.0604796121245945,0.1048337925982769,0.0907251735323868,0.4016884090829815,Médio
2024-09-12,58132.32,0.0137582112804251,47.594740233972935,53.96,-6.365259766027066,0.0406947460552065,0.037529381246095,0.0432970849950595,0.0936903946032088,0.0872819113360692,0.5249346662923484,Médio
2024-09-13,60498.0,0.0398885151769493,48.32008327048239,52.51,-4.189916729517606,-0.0083468875004132,0.0208600284306919,0.0042102218255148,0.046976594267579,0.0392082382888689,0.453800290918708,Alto
2024-09-14,59993.03,-0.008381917831569,47.92037253774814,52.48,-4.559627462251854,-0.0143521672434281,0.0492550551289041,0.0348868860265934,0.0711694341826041,0.10152779414542,0.5064283300910122,Alto
2024-09-15,59132.0,-0.0144561557687207,47.51761411684471,53.21,-5.692385883155296,-0.0155247581681661,0.0688129946560238,0.0494825136981669,0.0679836636677264,0.1343120476222687,0.4767907393627815,Médio
2024-09-16,58213.99,-0.0156465291807425,47.69139294919783,53.29,-5.598607050802173,0.0360738028779679,0.0882085216972758,0.0791205000722337,0.1195588895384083,0.1615766244505829,0.5637490232158973,Médio
2024-09-17,60313.99,0.035438379599161,48.8630222239472,53.12,-4.2569777760528,0.0239745372508102,0.0541295643017483,0.0316677772437208,0.0904592781873658,0.1178464565186285,0.5019221908548912,Alto
2024-09-18,61759.99,0.0236916603421471,49.19417899049365,51.59,-2.3958210095063563,0.0192357544099344,0.025582905696714,0.006484780842743,0.0663537996039183,0.1079665006422443,0.4549223534524538,Alto
2024-09-19,62947.99,0.0190530860779139,49.57800377853728,51.95,-2.371996221462723,0.0040201442492446,0.020885654966902,-0.0367282577251474,0.0421621087504144,0.0862618488692015,0.4371242036481229,Alto
2024-09-20,63201.05,0.0040120850615298,48.01297688901741,50.15,-2.137023110982589,0.0023403092195461,-0.0007759364757389,-0.0454843709083947,0.0020021819257749,0.0922601760572017,0.4605894996997675,Alto
2024-09-21,63348.96,0.0023375749611005,47.81060407480277,51.04,-3.229395925197231,0.0036275260083196,0.0288091548779962,-0.0127699018263283,-0.0401455682934652,0.0635928356203479,0.4883679226936006,Alto
2024-09-22,63578.76,0.0036209624041565,43.19385541627593,51.13,-7.936144583724072,-0.0037554994781276,0.0344641826924587,-0.0058595040230416,-0.0460763940661944,0.0605114034938711,0.5463831002680768,Médio
2024-09-23,63339.99,-0.0037625690717466,43.20887368940486,50.45,-7.241126310595142,0.0145675741344448,0.0397538742901601,-0.0074197990874327,-0.0408474961868481,0.0525522659539414,0.5612885319369327,Médio
2024-09-24,64262.7,0.0144624863793905,43.50100949593188,51.52,-8.018990504068121,-0.0172835875243336,0.0208411722507768,0.0283413239717598,-0.0338719039193808,0.0612420579900938,0.5198925659830664,Médio
2024-09-25,63152.01,-0.0174346923431625,43.25970824450822,49.75,-6.490291755491782,0.0320176665794167,0.0027802757188566,0.06210617840984,-0.0173234391114391,0.0561552989366451,0.5502284091986935,Médio
2024-09-26,65173.99,0.0315157856913509,40.14208300005207,52.38,-12.237916999947934,0.0091441386356734,-0.0670238234608622,0.0375306161246227,-0.0361199306655921,0.0294407324148788,0.4271032048214325,Médio
2024-09-27,65769.95,0.0091025841280016,40.205178096407096,51.91,-11.7048219035929,0.0013387572896133,-0.0778572889290625,0.02511526920729,-0.0539144396491102,0.0342367601009274,0.3982853871714971,Médio
2024-09-28,65858.0,0.0013378619530761,40.16250628509724,52.6,-12.437493714902764,-0.0038869993015275,-0.0775196635184791,0.0390233532752284,-0.0561436727504631,0.0623190804458078,0.4556031157945883,Médio
2024-09-29,65602.01,-0.0038945733164771,40.1616419537498,54.02,-13.858358046250205,-0.0346699742888975,-0.0535960712179397,0.0423156241706619,-0.0756987476450797,0.108752917784074,0.4579428282761459,Médio
2024-09-30,63327.59,-0.0352852405547545,41.99587170704118,54.21,-12.21412829295882,-0.039821663827725,-0.0200479759296066,0.0900776423040889,-0.047391666096878,0.1423889650624634,0.5389816666006082,Médio
2024-10-01,60805.78,-0.0406362449266593,43.172942513151,56.64,-13.467057486849,-0.0025737684805622,0.033123989199711,0.1080772255532287,0.0285206439256269,0.156008688647691,0.5855070027882219,Médio
2024-10-02,60649.28,-0.0025770863167755,41.76645066693224,56.35,-14.583549333067758,0.0017053788602272,0.0259643642925357,0.111736198681996,0.0421594452563987,0.1458670243076256,0.6024127574144325,Médio
2024-10-03,60752.71,0.0017039263528479,40.5957578876156,57.45,-16.854242112384405,0.0219461814954426,0.0231722996389791,0.0973773844821077,0.0348512848233435,0.1419200888322513,0.5775530013393642,Baixo
2024-10-04,62086.0,0.0217088304100372,41.19260835104392,55.53,-14.337391648956078,-0.000450987340141,-0.0233543794092065,0.0984486035499145,0.0643943884289535,0.1077535998453758,0.5438213123731599,Médio
2024-10-05,62058.0,-0.0004510890655172,39.712056738885146,55.41,-15.697943261114853,0.0122773856714686,-0.0279030906571272,0.074774082310097,0.0808298688323825,0.0933322053562795,0.588631924973412,Baixo
2024-10-06,62819.91,0.0122026298209962,37.38892369203064,57.17,-19.781076307969364,-0.0094860053126469,-0.0044557529611233,0.0680174486082516,0.0764104883308491,0.1042997355456254,0.5432309597387197,Baixo
2024-10-07,62224.0,-0.0095312840313263,37.514720868484936,56.6,-19.085279131515065,-0.0010206672666495,0.0157852275649268,0.0931746592954485,0.0835333633324761,0.2145151388531756,0.6029319876574954,Baixo
2024-10-08,62160.49,-0.0010211885021863,37.241056520223154,55.63,-18.38894347977685,-0.0245247423242641,0.0114144853105244,0.1255093066351311,0.1008278731393526,0.2203554058212862,0.6060360849793818,Baixo
2024-10-09,60636.02,-0.0248304829764271,35.75668611197697,56.11,-20.35331388802303,-0.0051063707677383,0.0898470908875617,0.1995579525173321,0.1276795541659892,0.2617876305206048,0.6674839476601533,Baixo
2024-10-10,60326.39,-0.0051194528325319,35.61842944995593,54.97,-19.351570550044062,0.0366938913467222,0.1118540327044266,0.199222098322144,0.1443083201232495,0.2710434023981878,0.6125027537699506,Baixo
2024-10-11,62540.0,0.0360366989274491,37.7280398553726,57.51,-19.7819601446274,0.0106527022705469,0.08122817396866,0.1239528301886792,0.077350495682763,0.2850976974736168,0.5444995203070035,Baixo
2024-10-12,63206.22,0.0105963620019293,37.603669901354166,56.84,-19.23633009864584,-0.005319096759781,0.066695334731297,0.0995121999069077,0.0667621003122793,0.4025200367938473,0.5999216532803258,Baixo
2024-10-13,62870.02,-0.0053332935199566,34.9844768321759,57.14,-22.1555231678241,0.0511208681021575,0.0884042982648964,0.1034629860146378,0.0604203720628686,0.3989499287577767,0.590651474263886,Baixo
2024-10-14,66083.99,0.0498570882341062,38.95890310485216,57.85,-18.89109689514784,0.0149832054632292,0.03471355164844,0.0407360390920705,0.0319939822035562,0.3675808618698717,0.5347779394071088,Baixo
2024-10-15,67074.14,0.0148720660152124,38.97794517331568,58.15,-19.17205482668432,0.0081383078485985,0.0291893418238387,0.0115673492049244,-0.005602904487482,0.3019263459807311,0.512058149385143,Baixo
2024-10-16,67620.01,0.0081053704039833,38.69738570414207,57.44,-18.742614295857926,-0.0029315286998625,-0.0035863644504045,0.0259094904008443,-0.0077972481814184,0.3462297624623245,0.5448680057870445,Baixo
2024-10-17,67421.78,-0.0029358340463448,36.68429826290864,56.4,-19.71570173709136,0.0149242574135539,6.259104995454123e-05,0.1208839339453808,0.0088980148551403,0.3435854111238237,0.5730622952998274,Baixo
2024-10-18,68428.0,0.0148139864714204,36.112977387637066,55.18,-19.067022612362933,-0.0007306950371193,-0.0257109662711171,0.1085796749868475,0.0224207926579762,0.3131465189688431,0.5510279417782196,Baixo
2024-10-19,68378.0,-0.0007309621248523,35.497108316196886,54.7,-19.20289168380312,0.009564333557577,-0.0026283307496562,0.118923922899178,0.0637400918424053,0.3229997952557841,0.4654422475065078,Baixo
2024-10-20,69031.99,0.0095188848804481,35.62457532643737,56.66,-21.035424673562623,-0.0239670042830868,-0.0338054864128936,0.1107525655858971,0.0479886209277755,0.3372175711579512,0.4118361646535178,Baixo
2024-10-21,67377.5,-0.02425888605349,36.60663325389267,55.69,-19.08336674610733,0.0007198248673518,-0.0042260398500983,0.1928315832436644,0.0432564283329004,0.3993775370116137,0.4516038736967089,Baixo
2024-10-22,67426.0,0.0007195659176902,36.5856990862223,55.77,-19.184300913777705,-0.0112323139441758,0.0088348708213448,0.3147449055260582,0.0307004716281551,0.4581484887135525,0.4429447097558805,Baixo
2024-10-23,66668.65,-0.011295872772437,36.77383882419171,56.29,-19.516161175808293,0.0229437674229191,0.0494019302925738,0.3192409025831482,0.0405901424432624,0.483335870757845,0.4277515743906621,Baixo
2024-10-24,68198.28,0.0226845171526348,37.275663887924,57.3,-20.024336112076,-0.0219939564458223,0.0665433204473777,0.3251829811543634,0.0084710347533691,0.4321827471308659,0.3912589877633279,Baixo
2024-10-25,66698.33,-0.0222394294631636,37.58547154931829,58.08,-20.494528450681702,0.0059136413160567,0.0846559426600337,0.3092620160054982,0.0172669990388063,0.46780346674347,0.4792511296759603,Baixo
2024-10-26,67092.76,0.0058962243705628,36.00073182309316,55.36,-19.35926817690684,0.01384560718623,0.047683982593651,0.3568091400622066,0.0339716237638756,0.386289817261952,0.4819721233706888,Baixo
2024-10-27,68021.7,0.0137506324185205,36.17977988297708,57.18,-21.00022011702292,0.0285278080377293,0.0216741128198794,0.331735607901596,0.110998254968635,0.3519973773075358,0.408250602381299,Baixo
2024-10-28,69962.21,0.0281284672152079,37.4836320131251,57.78,-20.2963679868749,0.039652978372181,-0.0083969617311975,0.2843503657188644,0.0842694934879844,0.3702127191236524,0.3478566500400715,Baixo
2024-10-29,72736.42,0.0388869828293775,39.839192842221614,59.83,-19.990807157778384,-0.0053849227113458,-0.054449064168954,0.2437246705295641,0.0518771751482958,0.3149393385046994,0.3102102083110496,Baixo
2024-10-30,72344.74,-0.0053994736683439,37.937152374655,59.11,-21.172847625345,-0.0283742812538964,-0.0621293268867925,0.2759848193524503,0.0598899104482233,0.3471608302137792,0.2957154867098837,Baixo
2024-10-31,70292.01,-0.028784611695911,36.59407350462311,58.23,-21.63592649537689,-0.011324188908526,-0.0130882585374924,0.3413552977073781,0.1433733364574436,0.3715355415217178,0.3200938485042612,Baixo
2024-11-01,69496.01,-0.0113887957455068,36.79808305483713,59.77,-22.971916945162874,-0.0017449922664622,0.087429191978072,0.4147160390934674,0.2755838788442677,0.3984281975324915,0.3464945685371003,Baixo
2024-11-02,69374.74,-0.0017465165389545,36.798325995027135,60.26,-23.461674004972863,-0.0086306629761783,0.093451161042189,0.4254756125932868,0.2677814720458771,0.3814915918964163,0.363490371279229,Baixo
2024-11-03,68775.99,-0.0086681228392535,36.137516960310826,62.49,-26.352483039689176,-0.0134637102279445,0.1124489811051792,0.4201525852263266,0.3140516043462258,0.3936504585393827,0.4101547647660177,Baixo
2024-11-04,67850.01,-0.0135551678077721,36.44517418944826,64.97,-28.52482581055174,0.0224318316239009,0.1301024126599246,0.4428891020060277,0.2870387196700488,0.4530185036081795,0.4469294846087717,Baixo
2024-11-05,69372.01,0.0221839383739041,37.01363956181662,63.71,-26.696360438183383,0.0893729329739763,0.1585365625127484,0.3407426136275999,0.3122305379359775,0.3974747163877767,0.4158520129372063,Baixo
2024-11-06,75571.99,0.0856022398482151,47.439422229208446,55.97,-8.530577770791552,0.0037831476979763,0.173027069950123,0.2169212429102369,0.198683798057984,0.3198122743624985,0.3015881942502769,Médio
2024-11-07,75857.89,0.0037760095920657,47.456365830551526,53.55,-6.093634169448471,0.0085935688430036,0.1594312733981921,0.2637197000865698,0.184530574209222,0.3160396367470808,0.3477253321968223,Médio
2024-11-08,76509.78,0.0085568543195202,46.75469096409991,49.85,-3.095309035900094,0.0021916152418686,0.1812241519973001,0.2500882893664051,0.1823858335496455,0.3215250390211552,0.2672185176849286,Alto
2024-11-09,76677.46,0.0021892171563324,46.726817766035325,50.54,-3.8131822339646746,0.0481569159959132,0.1388691018194916,0.271038451195436,0.2038842966368472,0.2686449185979815,0.2397464652584995,Alto
2024-11-10,80370.01,0.0470333036943159,47.90132082663269,53.28,-5.378679173367317,0.102998369665501,0.1326621708769231,0.19955179799032,0.1731560068239384,0.2018537760540282,0.1515799239044515,Alto
2024-11-11,88647.99,0.0980322621791588,58.73782078869026,61.52,-2.7821792113097388,-0.0078510522347997,0.0218722387275784,0.0963043832127494,0.1090733134501977,0.1407478048853674,0.0685646679637066,Alto
2024-11-12,87952.01,-0.0078820340116355,58.7726945209407,57.69,1.0826945209407055,0.0275512748372663,0.0216479418719368,0.08969220828495,0.1243859009020942,0.1370324566772265,0.0755864476548064,Alto
2024-11-13,90375.2,0.0271785686611841,56.93567690975283,58.54,-1.6043230902471706,-0.0337438810647169,0.0009834556382724,0.0605751356566846,0.0807433897794969,0.1222575441050199,0.0461394276305888,Alto
2024-11-14,87325.59,-0.0343263464379091,57.94929568301811,59.46,-1.5107043169818937,0.0424443739801816,0.0570875043615508,0.1289625412207351,0.1210922250854531,0.1614006844958047,0.0825704126362043,Alto
2024-11-15,91032.07,0.0415683149748234,59.66874042115524,56.29,3.3787404211552428,-0.0048900349074783,0.0357510270830927,0.0649612823261076,0.0217279470850215,0.1475515167347068,0.0607345301496493,Alto
2024-11-16,90586.92,-0.0049020302492469,59.6844499142023,56.84,2.844449914202293,-0.0080688249473543,0.0853346156376659,0.1010512334451816,0.0152145585698244,0.1707944149111153,0.1094024391159342,Alto
2024-11-17,89855.99,-0.0081015540914193,59.52746353201982,57.23,2.297463532019826,0.0067673841220823,0.1005610199164239,0.1110220921276365,0.0668527496052293,0.1811537550251241,0.1127505244781121,Alto
2024-11-18,90464.08,0.0067445881663555,59.57338717496109,58.3,1.273387174961094,0.0204137376956687,0.0796815708511045,0.1176766513294558,0.0572591906091344,0.1076662693082159,0.1504840374212614,Alto
2024-11-19,92310.79,0.020208170244353,59.89698972531217,58.25,1.6469897253121673,0.0214034567356644,0.0605481764374458,0.0537930614611792,0.0557812364080083,0.0558013857318304,0.1326544816700192,Alto
2024-11-20,94286.56,0.0211776195370802,59.75462997558812,60.18,-0.4253700244118832,0.042747980199935,-0.0135390452255337,0.0244620230073087,0.0224998133350078,0.0373211197863194,0.0747191328223237,Alto
2024-11-21,98317.12,0.0418595170994526,61.51210834827566,61.29,0.2221083482756611,0.005847201382628,-0.0646068558558264,0.0285594207804298,-0.0115131525414902,-0.0104267700274376,0.0401037988094037,Alto
2024-11-22,98892.0,0.005830172847894,61.41946568140273,60.78,0.6394656814027257,-0.0123326457145168,-0.0306282611333575,0.0112475225498522,-0.0308556809448692,-0.0374724952473405,0.0733307042025643,Alto
2024-11-23,97672.4,-0.0124093238715747,61.06126637498345,60.89,0.1712663749834462,0.0023306481667286,-0.0207675863396414,0.0384125914792716,-0.0186614642416894,-0.0285743976804091,0.0617806053706062,Alto
2024-11-24,97900.04,0.0023279364188929,60.57195894889561,64.09,-3.5180410511043902,-0.0499492135038963,-0.004494788766174,0.035954632909241,0.0070202218507777,0.0077991796530421,0.0613922118928653,Alto
2024-11-25,93010.01,-0.0512398363468742,63.12028818503271,60.65,2.4702881850327074,-0.0112337370999099,0.0365334870945612,0.1231478203260059,0.0423139401877283,0.0690204204902247,0.1275184251673558,Alto
2024-11-26,91965.16,-0.0112973120961308,63.06103620370743,61.23,1.831036203707434,0.0423850727819099,0.0567608429105108,0.1532482518379787,0.0845502796928749,0.0416074957081573,0.1389840456973055,Alto
2024-11-27,95863.11,0.0415114266779128,63.953781322519234,59.73,4.223781322519237,-0.002285863665387,-0.0002346053659223,0.1071385019743258,0.0414015360027439,-0.0163157652615276,0.0704847777210648,Alto
2024-11-28,95643.98,-0.0022884802399176,62.5039143570279,57.55,4.953914357027905,0.0189872901566832,0.0021507887898433,0.0476771251049987,0.0571453634614536,-0.0035964626315215,0.0673210169631168,Alto
2024-11-29,97460.0,0.0188092813038051,62.81907781506554,56.11,6.709077815065541,-0.0107942745741842,0.0115670018469116,1.9084752719056297e-05,-0.001883131541145,-0.038187974553663,0.039765237020316,Alto
2024-11-30,96407.99,-0.0108529554161065,62.12696562669156,55.17,6.956965626691556,0.0080614687641551,0.0055767162037088,0.0144951678797575,0.0019190318146866,-0.037506642343648,0.0759817728800278,Alto
2024-12-01,97185.18,0.0080291487067369,62.06305371285554,57.2,4.863053712855539,-0.0138350312259544,0.0262968078054699,0.0010990358818083,0.0405393085653595,-0.0371371437496951,0.0775607968210791,Alto
2024-12-02,95840.62,-0.013931627244584,62.25002671603367,55.94,6.3100267160336685,9.46362826117486e-05,0.0416459117230252,-0.0068274808739758,0.0434436880729693,-0.0130302788108006,0.0687489292118519,Alto
2024-12-03,95849.69,9.463180488125696e-05,62.17656573027276,56.5,5.676565730272756,0.0285616990519219,0.0548765468099061,-0.0101014411209885,0.0581593951947052,0.0118425004817437,0.0499319298789593,Alto
2024-12-04,98587.32,0.0281614176668814,62.7698941261986,57.17,5.599894126198599,-0.0166521414721487,-0.0132963346604817,0.0007735274678324,0.0287327011222131,-0.0041905997647568,-0.0089943615466979,Alto
2024-12-05,96945.63,-0.0167923470412215,62.565901767348905,60.96,1.6059017673489038,0.0288327591455126,-0.0036373996434909,0.0256222998396111,0.0775523352625591,0.0131503606712339,0.0452097737670074,Alto
2024-12-06,99740.84,0.0284249160874968,55.86818120463074,58.44,-2.5718187953692606,0.000913868381297,0.0138775650977072,-0.0395950144394211,0.0633423580551357,-0.0138080850331718,-0.0198284875082261,Alto
2024-12-07,99831.99,0.0009134510578209,55.85356242307432,57.2,-1.3464375769256804,0.012797501081567,0.001725899684059,-0.0554227157046554,0.0631235538828787,0.0240765510133575,-0.0322497828601835,Alto
2024-12-08,101109.59,0.0127163050682054,55.9498531618141,58.15,-2.2001468381859013,-0.0379105483466009,0.0031120687958481,-0.0574583479173439,-0.0089564204542813,-0.0410938270049359,-0.045052501943683,Alto
2024-12-09,97276.47,-0.0386478475525823,57.54590447418927,59.74,-2.194095525810731,-0.0070260567637785,0.0425953984555567,-0.0363733387940578,0.0019058051757017,-0.022778992699879,-0.0079121908926177,Alto
2024-12-10,96593.0,-0.0070508557281579,55.21265292015093,59.18,-3.9673470798490698,0.0469185137639374,0.081486132535484,-0.0393501599494786,0.0125520482850725,-0.0418302568509104,-0.0015348938328864,Alto
2024-12-11,101125.0,0.0458511005539251,46.20566617587351,59.94,-13.734333824126487,-0.0110824227441286,0.0487877379480841,-0.0746501854140915,-0.0379036835599505,-0.0632770333745365,-0.0461038318912236,Médio
2024-12-12,100004.29,-0.0111442903107431,46.287312346162665,60.14,-13.852687653837336,0.014198990863292,0.0612918705787521,-0.0541226781371079,-0.0481781331580873,-0.0540406816547569,-0.0257335960287302,Médio
2024-12-13,101424.25,0.0140991293706865,45.57223685023228,59.0,-13.42776314976772,-4.19031937628489e-05,-0.0120310478016845,-0.0437711888429049,-0.0645090301382559,-0.0678258897650216,-0.0556676534457982,Médio
2024-12-14,101420.0,-4.190407172619906e-05,43.97123364088996,58.08,-14.108766359110042,0.0300137053835536,-0.0390272135673437,-0.0320037467955038,-0.0271782685860776,-0.0678751725497929,-0.035003056596332,Médio
2024-12-15,104463.99,0.0295721083506426,42.77425865050788,60.65,-17.875741349492117,0.0152652603064462,-0.0637401462456106,-0.0597669110666747,-0.0481925877041456,-0.0756541081764157,-0.0752015120234255,Baixo
2024-12-16,106058.66,0.0151499185537435,43.065514073881815,58.54,-15.474485926118184,0.0007079101319968,-0.0826586909546094,-0.0725546598457872,-0.0968054848137813,-0.052436170700252,-0.0806928920278646,Baixo
2024-12-17,106133.74,0.0007076596818099,42.97340826073433,59.51,-16.536591739265667,-0.0558703575319216,-0.1031478773856456,-0.0367285652988389,-0.1115075187211909,-0.0579122152861097,-0.0806913993608441,Baixo
2024-12-18,100204.01,-0.0574917891430019,47.36374992240576,60.49,-13.126250077594245,-0.027365671293993,-0.0531170359349889,-0.0324278439555462,-0.0489402569817315,0.0386558382244384,-0.040775713466956,Médio
2024-12-19,97461.86,-0.0277470858240993,47.825840640912816,59.6,-11.774159359087186,0.0035252764517319,0.0123301566376836,-0.0246378429469743,-0.0382063301480189,0.07279124367214,-0.0172565965804469,Médio
2024-12-20,97805.44,0.0035190772297435,47.26786717355808,58.87,-11.602132826441917,-0.0052497079917026,0.0166060292760812,-0.0537081577466447,-0.0512588052361913,0.0360524936036277,-0.0218157599413693,Médio
2024-12-21,97291.99,-0.0052635361257102,44.99372571179286,57.87,-12.876274288207137,-0.0216433028042699,-0.0154215162008711,-0.0263729830174097,-0.0381942028321139,0.0510629908998674,-0.0066564575357129,Médio
2024-12-22,95186.27,-0.021880954382849,45.59112733952725,61.43,-15.838872660472743,-0.0032021424938701,-0.0093210922121437,-0.006159291670952,-0.0062454385490681,0.1151169175974644,0.0327644942910358,Baixo
2024-12-23,94881.47,-0.0032072803231183,45.39897381744544,60.21,-14.811026182554556,0.039861418673214,0.0044110825854615,-0.0035455816609923,0.022167869026481,0.0930127874283566,0.0137066805562771,Médio
2024-12-24,98663.58,0.0390874529987855,47.39507713299406,60.83,-13.434922867005938,0.007763959102234,-0.0499209536082109,-0.0418338762895081,-0.0049602903117847,0.053178285239599,-0.0214118522761894,Médio
2024-12-25,99429.6,0.007733974670366,43.978771961516365,60.73,-16.75122803848363,-0.0365887019559567,-0.0667562778086203,-0.0288519716462704,-0.0121603627088915,0.0547211293216507,-0.0318979458833185,Baixo
2024-12-26,95791.6,-0.0372748575929543,45.69080486538844,61.67,-15.979195134611558,-0.0155814288517991,-0.0231293766885615,0.0491248710742904,0.026850057833881,0.0934867984249141,-0.0442493913871362,Baixo
2024-12-27,94299.03,-0.015704095193978,43.680648919231295,60.61,-16.929351080768704,0.0106148493786204,0.0031045918499903,0.0603216173061378,0.0841638561923703,0.0882402501913328,-0.0595831155421217,Baixo
2024-12-28,95300.0,0.0105589073939037,43.82837648148813,60.43,-16.60162351851187,-0.0163882476390346,0.0176788037775446,0.0921036726128017,0.0173621196222455,0.0711734522560336,-0.1159486883525708,Baixo
2024-12-29,93738.2,-0.0165240203981765,43.7161584666634,60.48,-16.763841533336596,-0.010093537106537,0.0473230763978824,0.1154068458750008,0.0141074823284423,0.0810482812770034,-0.0963280711598899,Baixo
2024-12-30,92792.05,-0.0101448222429947,43.69546226204248,61.03,-17.33453773795752,0.0084484608325821,0.0585012401385678,0.0920285735685331,-0.0025816866854433,0.1179108555097123,-0.0909788069128767,Baixo
2024-12-31,93576.0,0.0084129723294208,43.7042474520837,60.03,-16.325752547916302,0.0108552406599982,0.0511627981533726,0.0928016799179276,0.0122906514490894,0.1191217833632556,-0.0802713302556211,Baixo
2025-01-01,94591.79,0.0107967454739184,43.59621063229915,61.1,-17.503789367700854,0.0252981786262846,0.0808083872818139,0.1221250808341825,8.668828446967147e-05,0.0828588823617779,-0.0034018808609076,Baixo
2025-01-02,96984.79,0.0249834762622952,44.45862877361939,59.85,-15.391371226380612,0.0122636755722211,-0.0003111828153671,0.069308496724074,-0.0251558002033102,0.0376436346359052,-0.1109883312630773,Médio
2025-01-03,98174.18,0.0121890859126901,43.56783818552248,58.74,-15.172161814477526,0.0004718144831972,-0.0317147543274616,0.0584283973647654,-0.0370574014471013,-0.0048239771394066,-0.1109477053946362,Médio
2025-01-04,98220.5,0.0004717032137415,43.17262643898449,59.87,-16.69737356101551,0.0014570278098766,-0.0577069959937079,0.0677048070413,-0.0168970836027102,0.0316432923880452,-0.0775244475440463,Baixo
2025-01-05,98363.61,0.0014559673747879,42.02177838518919,59.55,-17.52822161481081,0.0393640493674438,-0.0369801393015161,0.064894324232305,0.0216923718029462,-0.0061046966454362,-0.0857199120691076,Baixo
2025-01-06,102235.6,0.0386090351235702,44.12586182004549,58.84,-14.71413817995451,-0.0516550986153552,-0.0746864106045251,0.0037599427205394,-0.0219913611305651,-0.0550020736416669,-0.1509635586821029,Médio
2025-01-07,96954.61,-0.0530370228675763,47.64091675513854,58.6,-10.95908324486146,-0.0195349143274362,-0.0248523510124996,0.0528929980740473,0.0734660270409008,-0.0041283235526397,-0.1106926220424175,Médio
2025-01-08,95060.61,-0.019728242676769,46.20911043983698,58.47,-12.260889560163015,-0.0263844298916238,-0.0055176376419212,0.0660095701047995,0.0998901648116921,0.0152133465165014,-0.150706375648126,Médio
2025-01-09,92552.49,-0.0267387451314608,47.07674735804934,59.47,-12.39325264195066,0.0234852676573045,0.0433091535408718,0.1208044213613268,0.0948551465228002,0.0420545141465129,-0.1507969153504136,Médio
2025-01-10,94726.11,0.0232137319338375,45.011119401271785,57.19,-12.178880598728211,-0.0013314174940783,0.0609255462934137,0.1055340496933738,0.079533509821104,0.018333276854713,-0.124497036772649,Médio
2025-01-11,94599.99,-0.001332304617859,44.8453611383059,58.52,-13.674638861694106,-0.0005806554525006,0.0569483146879825,0.0827650193197693,0.122027814167845,0.0299242103513963,-0.1154320418004273,Médio
2025-01-12,94545.06,-0.0005808240981644,44.575350786270256,59.57,-14.994649213729744,-9.476962625010188e-05,0.1008240938236222,0.0644199707525701,0.0969019428408,0.013042881352024,-0.1420410542867073,Médio
2025-01-13,94536.1,-9.47741171748694e-05,44.57536064805902,61.25,-16.674639351940982,0.0214178499007255,0.1059926313863168,0.0334738792905566,0.0991604265460495,0.0352657873553066,-0.1116282562957432,Baixo
2025-01-14,96560.86,0.021191710994825,43.99094480290798,60.87,-16.879055197092015,0.0407669318603831,0.0494062501100343,0.0493746638130605,0.086055985831112,0.0004896393839077,-0.1265773730681354,Baixo
2025-01-15,100497.35,0.0399578758632127,45.842503876815066,61.23,-15.387496123184931,-0.0050752582033257,0.0175393679534832,-0.0272068865497449,0.0422846970591761,-0.029820388298796,-0.1783412199426154,Médio
2025-01-16,99987.3,-0.0050881810693719,45.8761826321032,62.56,-16.6838173678968,0.0409069951883889,0.0615730197735113,-0.033752986629302,0.0263303439536821,-0.0241794707927907,-0.1597929937102012,Baixo
2025-01-17,104077.48,0.0400924438437183,43.56657072524815,63.19,-19.62342927475185,0.0045999384304846,-0.0035629225457802,-0.0722839369285266,-0.0191650489616004,-0.0764753335687989,-0.2052552579097802,Baixo
2025-01-18,104556.23,0.004589391046213,42.50808663774701,65.04,-22.531913362253,-0.0308413951038593,-0.0061774415546543,-0.0769866128493729,-0.0308036163889994,-0.0839378963836013,-0.1693853154422265,Baixo
2025-01-19,101331.57,-0.0313270015419219,43.87290826160276,66.02,-22.14709173839724,0.0091623962798561,0.0349242590438496,-0.0482261352508404,0.0237011032198553,-0.0558545574691086,-0.1688336616120721,Baixo
2025-01-20,102260.01,0.0091206761708775,43.94977110010783,63.07,-19.12022889989217,0.0379797537668928,0.0243187928497172,-0.0566913693828114,0.0240849771088424,-0.0549153085355653,-0.1776962470471106,Baixo
2025-01-21,106143.82,0.037276279511942,45.19280550906558,61.92,-16.727194490934423,-0.022960922265658,-0.0331985413752774,-0.0820867385402183,-0.0349927108332827,-0.073850931688722,-0.2101227372446178,Baixo
2025-01-22,103706.66,-0.0232286300582351,45.89973551488542,61.04,-15.140264485114578,0.0019640011547956,-0.0156579143518844,-0.076450827748189,-0.0296124665474716,-0.0725573458830899,-0.1699424125702245,Médio
2025-01-23,103910.34,0.0019620750260613,43.833414716488086,60.08,-16.246585283511912,0.0092402738745731,-0.0247792471856024,-0.0581304035767757,-0.0597606551956234,-0.0708238467894533,-0.1579455904003393,Baixo
2025-01-24,104870.5,0.009197843721146,43.86779993844203,57.37,-13.502200061557964,-0.0011790732379457,-0.0108444224066824,-0.0787863126427356,-0.0337747984418878,-0.08212509714362,-0.1666591653515526,Médio
2025-01-25,104746.85,-0.0011797688916675,41.89877946961549,57.05,-15.151220530384514,-0.0203046678730673,-0.0002282646208454,-0.0691798369115634,-0.0666723629397925,-0.1259605420115258,-0.1702932355483721,Médio
2025-01-26,102620.0,-0.0205136412372235,42.15093051968696,56.74,-14.589069480313045,-0.005234554667706,-0.0018557786006626,-0.0492139933736113,-0.0585419021633211,-0.1358370687975054,-0.1499511791073865,Médio
2025-01-27,102082.83,-0.005248302947392,42.02960305494866,59.05,-17.02039694505134,-0.0073206238502596,-0.014176527041815,-0.0584301003410662,-0.05415680580172,-0.1746889266294832,-0.1729815875990115,Baixo
2025-01-28,101335.52,-0.0073475511137683,41.71133693919808,56.2,-14.488663060801926,0.0236611999425275,-0.0358702456946982,-0.0548230275030907,-0.047650813850859,-0.1640781041040693,-0.1844070075329954,Médio
2025-01-29,103733.24,0.0233856124401332,42.35388898841583,56.15,-13.796111011584172,0.0095408183529213,-0.0231817689296122,-0.0777137588684205,-0.0702619526778494,-0.1868571732648088,-0.2057513098019496,Médio
2025-01-30,104722.94,0.0094955921810713,42.38172726718331,54.64,-12.258272732816692,-0.0218994997657628,-0.0664592686187,-0.0771423147593068,-0.0788766052595544,-0.1781692721766596,-0.2117294453345179,Médio
2025-01-31,102429.56,-0.0221428532511645,42.91482317744747,53.32,-10.405176822552534,-0.0175135966609639,-0.0567915160428298,-0.0402672822181409,-0.0488017326248398,-0.0796602074635486,-0.168615583235933,Médio
2025-02-01,100635.65,-0.0176687741751541,42.47026544388313,53.77,-11.299734556116874,-0.0291652113341543,-0.0405552108025335,-0.0442553906095901,-0.0482676864510737,-0.1432398956035957,-0.1800491177828135,Médio
2025-02-02,97700.59,-0.029598970722466,43.49987378435014,57.04,-13.540126215649856,0.0371331432082446,-0.0122188617284705,-0.0117663567845394,0.001733868751458,-0.1066381482445499,-0.1482846725900017,Médio
2025-02-03,101328.52,0.036460313684873,45.32052598562621,56.94,-11.619474014373786,-0.035186441092794,-0.0481974867490416,-0.0500404032349431,-0.0465849101516533,-0.1058192698363699,-0.1721001155449621,Médio
2025-02-04,97763.13,-0.0358203995142624,47.00853949966488,54.03,-7.021460500335117,-0.011770285996367,-0.0133013335395461,-0.0635234366984772,-0.0026865956521646,-0.0801042274321618,-0.1455061841821144,Médio
2025-02-05,96612.43,-0.0118401042068875,45.22715622592035,54.53,-9.302843774079648,-0.0006011648811647,0.0084708561827915,-0.0821015473888815,0.0099079383470637,-0.1015467678434337,-0.1881996964572777,Médio
2025-02-06,96554.35,-0.0006013456532248,41.27105949637145,53.91,-12.638940503628548,-0.0004924687494659,-0.0080384778106838,-0.1274335128349992,-0.0045179735558263,-0.1070060541032073,-0.1801173121666709,Médio
2025-02-07,96506.8,-0.0004925900520273,40.69369452463463,54.17,-13.476305475365372,-0.0006430634939713,0.0141253258837719,-0.1222527324499413,-0.0075310755304289,-0.1634333539191022,-0.2091498215669777,Médio
2025-02-08,96444.74,-0.0006432703479849,39.6111128292438,53.49,-13.8788871707562,0.0001867390590715,0.0016942344393275,-0.1254065281320682,-0.0080149523965744,-0.1850684651127682,-0.1433932011222177,Médio
2025-02-09,96462.75,0.0001867216255037,38.77474810392096,54.21,-15.435251896079045,0.0100356873508169,0.0107578313908736,-0.1077951851880648,0.0018827993189081,-0.1402589082314157,-0.1747353252939606,Baixo
2025-02-10,97430.82,0.0099856642396464,38.9280995663266,52.4,-13.471900433673396,-0.0169619838979083,0.0014250111001836,-0.0324416852901372,0.0089723149204736,-0.1411329597759724,-0.1437633389516788,Médio
2025-02-11,95778.2,-0.0171074860302891,39.38227516255421,54.23,-14.847724837445789,0.021839938524633,0.0035490330785084,-0.0997887828336718,0.0042157818793837,-0.153087236970417,-0.1096418600474847,Médio
2025-02-12,97869.99,0.0216048635909414,40.09679376290418,51.49,-11.393206237095818,-0.0128931248485874,-0.0213547584913414,-0.1081844393771779,-0.0134768584322938,-0.1418901749147006,-0.1441707514223716,Médio
2025-02-13,96608.14,-0.0129769625826388,39.66866031845718,51.76,-12.09133968154282,0.0092366957898164,-0.0096927650195934,-0.062128615663235,-0.0036243322767626,-0.1270048258873424,-0.1243845497905248,Médio
2025-02-14,97500.48,0.0091942983898785,37.27775266544342,51.6,-14.32224733455658,0.0007095349684433,-0.0087805721571831,-0.0776261819428991,-0.0610007253297624,-0.153085913012941,-0.1421171465002018,Médio
2025-02-15,97569.66,0.0007092833675137,37.236301541675175,50.61,-13.373698458324824,-0.0148769607273409,0.0075365641327436,-0.1103612536930025,-0.0911068051277416,-0.1389738367439222,-0.1387652678096859,Médio
2025-02-16,96118.12,-0.0149887326438566,34.90427694337209,50.84,-15.935723056627914,-0.0035177550289164,0.0006643908557513,-0.1029532204749739,-0.1234733887845497,-0.1394439466772757,-0.1162133633075636,Baixo
2025-02-17,95780.0,-0.0035239568777999,34.889207977601075,51.73,-16.840792022398922,-0.0011302986009604,0.0080498016287324,-0.1570852996450199,-0.1155921904364167,-0.093276884527041,-0.1180341407391939,Baixo
2025-02-18,95671.74,-0.0011309378701796,33.13625038149966,51.69,-18.55374961850034,0.0101663249774697,0.0061278283430403,-0.1784840539118448,-0.1183400657289185,-0.119662817881226,-0.1107404339045157,Baixo
2025-02-19,96644.37,0.010114995490717,33.17134508388669,49.15,-15.978654916113308,0.0171828943579435,-0.052682737752856,-0.141874586176101,-0.1094718709429219,-0.1299152759752069,-0.1186321562238957,Baixo
2025-02-20,98305.0,0.0170369380244533,31.090100957896823,49.06,-17.969899042103176,-0.021596256548497,-0.097905498194395,-0.1487704592848787,-0.0410457250394181,-0.147138090636285,-0.1097479273689029,Baixo
2025-02-21,96181.98,-0.0218328685213355,30.96679091564391,48.71,-17.743209084356092,0.0038367893861199,-0.1240553583945766,-0.1566426476144491,-0.103567944847881,-0.1050038687080469,-0.0284771638096864,Baixo
2025-02-22,96551.01,0.0038294476827775,30.98802924092012,48.6,-17.611970759079888,-0.0030347688750226,-0.1226546464920459,-0.1301675663465353,-0.0960013779244773,-0.0937623542208413,-0.0296209226604672,Baixo
2025-02-23,96258.0,-0.0030393831239023,30.83972851019456,48.47,-17.630271489805445,-0.0488803008581104,-0.123709821521328,-0.1238292921107855,-0.0587170936441646,-0.0920975918884664,-0.0236606827484469,Baixo
2025-02-24,91552.88,-0.0501153577517212,35.447021275642435,47.07,-11.622978724357566,-0.0313750916410277,-0.0599473222469899,-0.0980673682794032,-0.0177055052773872,-0.0507216157481884,0.0337051111882005,Médio
2025-02-25,88680.4,-0.0318778335074248,36.45449277818148,48.59,-12.13550722181852,-0.0499581643745404,0.0630308388324816,-0.052665188700096,-0.0211845007465008,-0.0163326958380882,0.0670678075425912,Médio
2025-02-26,84250.09,-0.051249257856689,40.56025915766481,51.3,-10.739740842335188,0.005442011990729,0.0233889364391184,-0.0182202772721072,0.0234107761783992,0.0020687218256978,0.1127501466170541,Médio
2025-02-27,84708.58,0.0054272577477817,40.52344965100316,51.68,-11.156550348996843,-0.0042338096093689,0.0303794491655979,0.0252319186557017,-0.0469162627917975,-0.0243191421695417,0.1216240432787327,Médio
2025-02-28,84349.94,-0.0042427975590892,39.72155877041932,50.76,-11.038441229580677,0.020327103967116,0.0741680432730598,-0.0015002974513081,-0.0682167645880957,-0.0232359382828251,0.1174497575220563,Médio
2025-03-01,86064.53,0.0201232660499191,40.200751381521215,51.87,-11.669248618478782,0.0953409029248171,0.0449355849616561,-0.0229564955504899,-0.0363859536559368,-0.0408358704799759,0.0942022224486673,Médio
2025-03-02,94270.0,0.0910656416882886,50.64999741100884,55.47,-4.820002588991159,-0.0853865492733637,-0.079221915773841,-0.1106333934443619,-0.1123356316961918,-0.0966549273363742,0.0235484247374562,Alto
2025-03-03,86220.61,-0.0892537611894861,59.132603372296224,59.48,-0.3473966277037732,0.0123099337849732,2.134060522185344e-05,-0.0016018211886925,-0.0592066096493634,-0.0429632775736568,0.1237120683790105,Alto
2025-03-04,87281.98,0.0122347826584605,58.38051901374743,62.07,-3.689480986252569,0.0380838060731436,-0.0750167445788925,0.0024767999076098,-0.0377945138274818,-0.0466177554633843,0.0982383763521406,Alto
2025-03-05,90606.01,0.0373765195126344,58.45096849754905,57.6,0.8509684975490472,-0.0074401245568588,-0.132553569018214,-0.0354627689708442,-0.0691738881339106,-0.0741246634743103,0.0405228085863178,Alto
2025-03-06,89931.89,-0.007467940338037,57.15934272019248,60.15,-2.9906572798075146,-0.0348056734935738,-0.0778244513709207,-0.0336112139976153,-0.0818103567043904,-0.0710971380674863,0.0533936293343773,Alto
2025-03-07,86801.75,-0.0354258232982397,58.33373439385665,54.32,4.013734393856652,-0.006673828580645,-0.0359627542071444,0.0049568125066601,-0.0321620243831489,-0.0964467882271958,0.1155768172876698,Alto
2025-03-08,86222.45,-0.0066961981573037,58.38009927879271,52.66,5.720099278792709,-0.0636502442229373,-0.0592266863212539,-0.0208538495484643,-0.0406787327430384,-0.0818720646420971,0.1253507642151203,Alto
2025-03-09,80734.37,-0.0657662016000647,62.725101181274965,59.1,3.625101181274964,-0.0264882230455256,0.0402409779131243,0.0237094808567899,0.0756997298672177,-0.0546477293375794,0.2790289934757652,Alto
2025-03-10,78595.86,-0.0268453567037924,63.41979088642963,59.57,3.849790886429631,0.0551826775608792,0.0730646626934294,0.0482739167177508,0.0716008451335732,0.0511395892862549,0.310145216300197,Alto
2025-03-11,82932.99,0.0537139060247328,66.12939072550961,59.9,6.22939072550961,0.0090088395462408,-0.004322284774732,-0.0046179451627151,0.0139365528723851,-0.040100929678286,0.26378573834128,Alto
2025-03-12,83680.12,0.0089685020330386,66.11165290552258,56.89,9.221652905522577,-0.0306445545250173,0.003942513466759,0.01766512763127,0.0019176597739105,-0.0030626151109726,0.244238177478713,Alto
2025-03-13,81115.78,-0.0311239175565561,66.73081169948033,55.42,11.310811699480324,0.0353497186367437,0.0197156459569272,0.0172655678093707,0.0612300097465623,0.0512985266245358,0.2672173034642582,Alto
2025-03-14,83983.2,0.0347392620472014,67.40207848438811,53.27,14.13207848438811,0.0042298935977671,0.0340870555063395,-0.0091698101525067,0.0418531325312683,-0.0026576743920212,0.2395779155831165,Alto
2025-03-15,84338.44,0.004220972745167,67.26603166137669,53.46,13.806031661376686,-0.0209146624006799,-0.0013641466453494,-0.0053186897931715,0.0362163445280703,0.0030014783294545,0.2272911379437419,Alto
2025-03-16,82574.53,-0.0211364721204962,67.5928143176889,55.27,12.322814317688902,0.0173842951331359,0.0183381001381417,0.0116677624444245,0.052493668447159,0.0129514512525836,0.2566067284912188,Alto
2025-03-17,84010.03,0.0172349170117196,67.859173980399,52.86,14.999173980399007,-0.0154148260630307,-0.0020169020294362,-0.0664209975880261,0.0383523253116324,0.0002422329809905,0.2315660403882726,Alto
2025-03-18,82715.03,-0.0155348697269551,67.87411646050163,52.0,15.874116460501623,0.0499414677114908,0.040711706203818,-0.0429400799346865,0.0206655307989371,0.0269948520843188,0.2467703874374462,Alto
2025-03-19,86845.94,0.0487344175789443,69.95961989674298,54.02,15.939619896742975,-0.0301977271476363,0.0075100804942638,-0.1211745764971857,-0.0483315627650527,-0.0273040973475559,0.2257828057362265,Alto
2025-03-20,84223.39,-0.0306630706836421,70.77136928327458,49.01,21.761369283274583,-0.0015981308755205,0.0376318265033026,-0.0190941020065803,-0.0217682997561603,0.0101351892864915,0.2534966830473104,Alto
2025-03-21,84088.79,-0.0015994092488549,70.68557030254999,47.56,23.12557030254999,-0.0029516419489445,0.0335404992746357,-0.0532947376219825,-0.0182994665519624,0.0129678403030892,0.2706805508796119,Alto
2025-03-22,83840.59,-0.0029560066348178,70.44287285702144,48.88,21.56287285702144,0.026740150564303,0.0404508126672296,-0.0049707426915769,0.015717327370907,0.0438408174369955,0.3077673952437596,Alto
2025-03-23,86082.5,0.0263888809809596,70.63234647211311,47.66,22.97234647211312,0.0164453866929981,-0.0192619870473091,-0.0093584642639329,-0.0414278163389771,0.0855050678128539,0.297548398338803,Alto
2025-03-24,87498.16,0.0163116258283656,70.84854205779949,47.32,23.52854205779949,-0.0012033395902268,-0.0554253940882871,-0.0427227269693443,-0.0489732584090911,0.0707777169257044,0.2265206491199358,Alto
2025-03-25,87392.87,-0.0012040641846587,70.84185459231139,46.99,23.85185459231139,-0.0055347764640295,-0.057245859988349,-0.0320539879283057,-0.0400833614916182,0.0753791470631415,0.233074391537891,Alto
2025-03-26,86909.17,-0.0055501500919203,68.6785584970482,47.27,21.4085584970482,0.0037146828119518,-0.0501576530992069,-0.0375700285712082,-0.0387896927332293,0.0889377956319223,0.2542311703126378,Alto
2025-03-27,87232.01,0.0037078004164337,67.78480531456339,46.61,21.174805314563383,-0.0321857767578666,-0.0237718929094949,-0.0367024673626114,-0.1009034412940845,0.0847852754969191,0.254525603617296,Alto
2025-03-28,84424.38,-0.0327151282624945,66.37349874667564,49.93,16.443498746675637,-0.0210346821617168,-0.0226011727891872,0.0062011707992406,-0.0623177807168972,0.1104529284076472,0.290363873563537,Alto
2025-03-29,82648.54,-0.0212590631891735,66.75960310846,52.69,14.06960310846,-0.0031283069247198,0.0068307316741469,0.0220953691377974,-0.0765424289406684,0.1495808637393958,0.3040978098342695,Alto
2025-03-30,82389.99,-0.0031332103056849,66.75214489244264,53.73,13.022144892442649,0.0019422262340362,0.0182046386945791,0.0326134279176388,0.0027337058785903,0.1440324243272757,0.281584692509369,Alto
2025-03-31,82550.01,0.0019403425512951,66.38552932695666,51.02,15.365529326956654,0.0315969677047889,0.0119682602097808,0.0318501475650943,-0.035647603192295,0.1407872633813127,0.259666473692735,Alto
2025-04-01,85158.34,0.031108055610873,59.2941900532247,49.55,9.744190053224706,-0.0310251468030025,-0.0790097599366074,0.0276883039288928,-0.0203679404741802,0.1330647121585508,0.2282047771245894,Alto
2025-04-02,82516.29,-0.0315166187211996,51.64713948820621,52.61,-0.9628605117937852,0.0084443932222353,-0.0406350067362455,0.1324187018102729,0.0334553334862728,0.174157732976119,0.2802675689854694,Alto
2025-04-03,83213.09,0.0084089387880866,51.55402822221242,52.64,-1.0859717777875773,0.0081330954060232,-0.0828075246334441,0.1259175689786307,0.0065724034523895,0.1519391961048435,0.2721314639319367,Alto
2025-04-04,83889.87,0.00810020002606,49.958301858009975,55.33,-5.371698141990024,-0.0041945469697353,-0.0151943256080858,0.1202838912493249,0.0083646571391755,0.1238260352531241,0.2561336666751301,Médio
2025-04-05,83537.99,-0.0042033687594591,49.91188438258332,57.1,-7.188115617416685,-0.0611457134652151,-0.0470527241558003,0.1328819379063344,0.0012688837737178,0.1340191450620249,0.2532844038981545,Médio
2025-04-06,78430.0,-0.0630949912246192,53.13057681701776,59.59,-6.459423182982242,0.0093489736070382,0.0636725742700496,0.2065281142419992,0.0714060946066557,0.2346553614688258,0.2942583195205914,Médio
2025-04-07,79163.24,0.0093055424346964,53.17836278997135,52.79,0.388362789971346,-0.0358855953849287,0.0772285217229611,0.1842529436642561,0.0730726786826814,0.2257014745732992,0.3173846851139492,Alto
2025-04-08,76322.42,-0.0365453144265594,49.6407046177579,56.84,-7.199295382242106,0.0824502158081466,0.0974494781480985,0.2448659253729113,0.1068135680184145,0.352965485109094,0.3829769810758097,Médio
2025-04-09,82615.22,0.0792271898213657,56.03760294644994,53.04,2.9976029464499376,-0.0364087876301727,0.0239224685233543,0.1409135023788594,0.0297982623540795,0.2464045971190296,0.2798368145724237,Alto
2025-04-10,79607.3,-0.0370881278659981,54.37405922476349,53.56,0.8140592247634899,0.0479420857132448,0.0507075356154522,0.1829568393853327,0.0699928272909644,0.3165818963838742,0.3850867948039942,Alto
2025-04-11,83423.84,0.0468283226478621,56.68821757939705,56.15,0.538217579397049,0.0222125953444483,0.0072705835646023,0.1566227351797759,0.0490554019090945,0.2480605064451602,0.3218570375087026,Alto
2025-04-12,85276.9,0.021969489076607,56.16421610556384,57.45,-1.2857838944361646,-0.0177879355370562,-0.0038579029021926,0.1361475381961587,0.0957596957675526,0.2053829348862355,0.2740275502510059,Alto
2025-04-13,83760.0,-0.0179480423502672,55.19766847287655,56.29,-1.0923315271234486,0.0099281279847183,0.0085325931232091,0.1444176217765043,0.1185659025787966,0.2428810888252148,0.2616013610315186,Alto
2025-04-14,84591.58,0.0098791679099759,55.28552555123044,53.31,1.97552555123044,-0.0112019423209732,0.0057385144006056,0.1145035948022248,0.1109908338394909,0.2236184736116762,0.25386699243589,Alto
2025-04-15,83643.99,-0.0112651566020126,54.93245537557721,50.39,4.542455375577212,0.0046194592103987,0.0183545763419463,0.1325820301016245,0.131446264100983,0.2405399359834461,0.2602775166512261,Alto
2025-04-16,84030.38,0.0046088222541115,54.62617367557143,49.58,5.046173675571431,0.0109190271423262,0.0414832111910001,0.1523691788612642,0.1261165307118685,0.2312677867218973,0.2566170711116622,Alto
2025-04-17,84947.91,0.0108598449834582,54.48858299866279,48.41,6.078582998662796,-0.0055707079785718,0.1000034020848776,0.1422352827750559,0.1036092588975996,0.2139986728337399,0.2571766627336682,Alto
2025-04-18,84474.69,-0.0055862822389649,51.80578011627329,46.9,4.905780116273292,0.0071301830169485,0.1091023832108766,0.2223969096542408,0.1247295491702897,0.2601911886270311,0.2376626655865799,Alto
2025-04-19,85077.01,0.007104883451191,50.75023745471635,48.29,2.460237454716349,0.0012016172171542,0.1046517737282963,0.2103386096902091,0.1079000072992693,0.2409197267275848,0.2328451599321603,Alto
2025-04-20,85179.24,0.0012008958529972,50.74889975838688,48.2,2.5488997583868738,0.0274361452391449,0.1110533505581874,0.2304586187902122,0.1055745507943015,0.2544135167207408,0.2286865907702391,Alto
2025-04-21,87516.23,0.0270665197044683,51.60930419202936,49.16,2.4493041920293592,0.0677218385664009,0.0812622984331021,0.1896993277704033,0.102537323648425,0.2528417871747903,0.1803295228782135,Alto
2025-04-22,93442.99,0.0655272558342847,55.68850700408784,52.69,2.998507004087841,0.0026549878166355,0.0032780415095878,0.1000431386024784,0.0368583025864219,0.1953407098809658,0.0928589720855463,Alto
2025-04-23,93691.08,0.0026514695623879,55.404814045124986,49.42,5.984814045124985,0.0030887678955136,0.0140899219007828,0.1111380080152775,0.0231114851061595,0.1454484247593261,0.0776252125602565,Alto
2025-04-24,93980.47,0.0030840074520417,55.4136645124254,46.96,8.453664512425398,0.0070036891707392,0.0029405045537653,0.1013758496845143,0.0031618271328073,0.1466415309478661,0.120806588858302,Alto
2025-04-25,94638.68,0.0069792772557713,55.43331846161652,46.45,8.98331846161652,-0.0001128502637609,-0.0049311761322113,0.0964196668846186,0.0010038178892604,0.151793220277375,0.1209264541728605,Alto
2025-04-26,94628.0,-0.000112856631831,55.41824337025154,47.42,7.998243370251536,-0.0092858350593904,0.0196761000972227,0.0933751109608149,0.0233125501965592,0.1564736652999112,0.1343426892674473,Alto
2025-04-27,93749.3,-0.009329217194183,54.32820185856614,48.12,6.208201858566142,0.0134601538358152,0.0334705432467228,0.1000258135260743,0.034999727997969,0.1620158230514787,0.1407771578027781,Alto
2025-04-28,95011.18,0.0133703707308457,54.02144482601935,47.05,6.971444826019351,-0.0079396972019502,0.0088962162137129,0.1204392998802879,0.0868363070535489,0.1344115503038696,0.126684143908117,Alto
2025-04-29,94256.82,-0.00797138443391,54.08191157789357,46.17,7.911911577893569,-0.0008998818334843,0.0002206736870604,0.1200647337773541,0.0924619565990025,0.1202345888605194,0.1383451086085865,Alto
2025-04-30,94172.0,-0.0009002869702098,54.07858824329278,45.07,9.008588243292778,0.0246135794078918,0.0059644055557914,0.1346258972943126,0.1129585227031388,0.1042080448540967,0.150627893641422,Alto
2025-05-01,96489.91,0.0243155458100097,53.65342879467997,46.11,7.543428794679968,0.004116803508263,0.0035662796244706,0.1363259640308505,0.0790558308117397,0.0839670178985554,0.1104425322813544,Alto
2025-05-02,96887.14,0.0041083526584195,52.53468200769397,44.54,7.994682007693967,-0.0106383571648415,0.00147965973606,0.1528486649518192,0.0609387375868459,0.0903710234402626,0.0907653998249922,Alto
2025-05-03,95856.42,-0.0106953490468046,52.58523787919908,44.9,7.685237879199079,-0.0164704669755035,0.0772528329349251,0.1195734203301146,0.086038055667007,0.1043390729593281,0.1355483545077107,Alto
2025-05-04,94277.62,-0.0166076131092112,52.82784799856914,46.35,6.477847998569139,0.0048374152847727,0.0922209321788141,0.1430274756617744,0.0979044655560885,0.1177296372140068,0.1623626052503235,Alto
2025-05-05,94733.68,0.00482575258787,52.834318767430624,45.0,7.834318767430624,0.0221709955741191,0.1063597444963608,0.150638189079111,0.0953201649086155,0.1051704103545856,0.1398716908284363,Alto
2025-05-06,96834.02,0.0219287924377574,48.637629589334026,46.66,1.977629589334029,0.0020290389679165,0.0752212910297434,0.1301275109718669,0.068466433594309,0.048274976087949,0.1173564827733062,Alto
2025-05-07,97030.5,0.0020269832486365,48.53435281222393,44.8,3.734352812223932,0.0642179520872303,0.0593712286342955,0.1227208970375293,0.0628271522871672,0.0748006039338147,0.1254589020977938,Alto
2025-05-08,103261.6,0.062240212129403,51.617903445984346,45.88,5.737903445984344,-0.0028046243714991,0.0081552096810431,0.043774065092929,0.0309181728735559,0.0221820115125079,0.048433686869078,Alto
2025-05-09,102971.99,-0.002808564699583,43.6081686726446,45.78,-2.171831327355399,0.0178450469880206,0.0052036480988664,0.0254220589502056,0.0252665797757234,0.0268229253411533,0.057792318085724,Alto
2025-05-10,104809.53,0.0176876933678977,42.09964706024584,47.13,-5.03035293975416,-0.0065979687152494,-0.0099782910962389,-0.0078623575546994,0.0194682678187756,0.0520323867495637,0.0612965252301007,Médio
2025-05-11,104118.0,-0.0066198315306769,38.87042762788025,47.13,-8.259572372119756,-0.0127420811002899,-0.0062822950882652,0.0045513744021206,0.0530743003131062,0.0591289690543421,0.1142165619777559,Médio
2025-05-12,102791.32,-0.0128239576779249,38.36919670608059,45.44,-7.070803293919411,0.0127676150087381,0.0032622404304174,0.0277417392830443,0.0866307583169474,0.0569483882491244,0.143361715755766,Médio
2025-05-13,104103.72,0.0126867961942682,38.11279753103719,45.71,-7.597202468962813,-0.0057240990043391,0.0225788281148837,0.0168511749628159,0.0308786275841055,0.0150619977845172,0.1279135846442374,Médio
2025-05-14,103507.82,-0.0057405444459628,38.00947648277793,44.79,-6.780523517222072,0.0024721803627976,0.0199590716913948,0.018057283014945,0.0410992135666656,0.0247205476842231,0.1505086282369776,Médio
2025-05-15,103763.71,0.002469129551993,37.81563299665683,43.57,-5.7543670033431695,-0.0028893531274085,0.0297433466864283,0.0089930284875126,0.0505039767756954,0.0159104758301336,0.1549430913755878,Médio
2025-05-16,103463.9,-0.0028935353660749,37.79492568630235,42.62,-4.825074313697648,-0.0032595910264353,0.059731848499815,-0.0188976058315992,0.0577098872167007,0.0205879538660345,0.1381563037929172,Alto
2025-05-17,103126.65,-0.003264915065874,37.62186100979992,43.13,-5.508138990200081,0.0322672170578604,0.0830974340774184,0.0112656621736477,0.0563532316816264,0.035566752144087,0.1503372794520137,Médio
2025-05-18,106454.26,0.0317575648000751,39.17031637003517,44.93,-5.759683629964833,-0.0082713458343516,0.0081165375627054,-0.0084741559426555,0.0124703323286452,-0.0178770675781316,0.1195189370533411,Médio
2025-05-19,105573.74,-0.0083057432217508,39.199046519755306,44.02,-4.820953480244697,0.0120887069076078,0.020726460955158,0.0015179911216558,0.0001516475593268,-0.0065069211339866,0.1169902667083688,Alto
2025-05-20,106849.99,0.012016222070838,39.42026365760802,47.3,-7.879736342391979,0.0261488091856629,0.0201609752139424,0.0319422584878108,-0.0268087062993642,-0.0205091268609385,0.1028545720968245,Médio
2025-05-21,109643.99,0.02581277442421,39.31782079041431,49.13,-9.812179209585691,0.0187171225709681,-0.0019079933154567,0.0057495171417967,-0.0460774001383933,-0.0578782293493697,0.0695079593509866,Médio
2025-05-22,111696.21,0.0185441127291967,32.63916889733868,49.0,-16.360831102661322,-0.0391947945234668,-0.0246923328911519,-0.0273159671218925,-0.0541941396221055,-0.0857343324361677,0.0508893721640151,Baixo
2025-05-23,107318.3,-0.0399835903745315,35.48192460015049,47.68,-12.198075399849508,0.0041335913818985,0.0043187415380228,-0.0153428632395407,-0.0136072785349748,-0.0592110572008688,0.1177443176047328,Médio
2025-05-24,107761.91,0.0041250715632717,35.49478969462567,47.53,-12.035210305374328,0.0115280065099068,-0.0201570295107056,-0.0157320893811181,-0.0221323100156632,-0.0225309666467493,0.1020219482004356,Médio
2025-05-25,109004.19,0.0114620653391485,35.636191045287084,48.96,-13.323808954712916,0.0039503068643507,-0.0460414411592802,-0.0329303855200429,-0.0395152700093455,-0.0267988780981721,0.085655422970438,Médio
2025-05-26,109434.79,0.0039425248895826,35.66269323441914,47.13,-11.467306765580863,-0.0045380449855114,-0.0442538428592953,-0.0350965172958251,-0.072427698723596,-0.0191366018064272,0.0747433243121316,Médio
2025-05-27,108938.17,-0.0045483731700125,35.549339229843746,46.16,-10.610660770156253,-0.0106151039621833,-0.0302487181490198,-0.0196775840827875,-0.0426822848226658,-0.018277432051594,0.0824487872340797,Médio
2025-05-28,107781.78,-0.0106718460844975,35.43814282754256,45.24,-9.80185717245744,-0.0203376674610494,-0.0178489351354189,-0.0299736189177799,-0.0206865204861156,-0.0068118192147132,0.1079381876974012,Médio
2025-05-29,105589.75,-0.0205473253252083,36.04854600950727,44.61,-8.56145399049273,-0.0151934254982136,-0.0020159153705733,-0.0066575590907261,0.0013661363910795,0.0161667207281008,0.1181229238633485,Médio
2025-05-30,103985.48,-0.0153100281575464,36.44060034643903,43.71,-7.269399653560974,0.0058315834095299,0.006841147437123,0.0064731152849417,0.0603693900340702,0.0420390423739929,0.13430028884802,Médio
2025-05-31,104591.88,0.0058146455448111,35.49783112162799,45.88,-10.382168878372012,0.0100490592577549,-0.0294783878060133,-0.0123708456144013,0.0543303170379956,0.0244246494087303,0.1266677680906012,Médio
2025-06-01,105642.93,0.0099989031960423,35.639955863316715,45.13,-9.490044136683288,0.0020357254385126,-0.0128213975133024,-0.0333474279821659,0.0284182765472331,0.0003616900818634,0.0958052753743199,Médio
2025-06-02,105857.99,0.0020336561573317,35.45126412394032,42.97,-7.518735876059679,-0.0045447679480784,-0.0028891536670969,-0.0462328823738293,-0.0017595270796282,0.0282605970508225,0.0702822715602289,Médio
2025-06-03,105376.89,-0.0045551268035746,35.01084669030106,42.83,-7.81915330969894,-0.0064533124862576,0.003388883463917,-0.0004076795206235,0.006545078337385,0.0399318104757124,0.0680363597748994,Médio
2025-06-04,104696.86,-0.0064742251263659,35.043198434176176,42.18,-7.136801565823824,-0.0304515340765711,0.0531645361666053,0.0132395565635874,0.0068557930008597,0.031399031451373,0.0908521993878326,Médio
2025-06-05,101508.68,-0.0309248149110365,35.85909757606831,42.76,-6.90090242393169,0.0273844561864069,0.0863542900961771,0.0574522297009478,0.0402461149135227,0.0659001772065206,0.1334501640647873,Médio
2025-06-06,104288.44,0.0270162096650293,37.06988698847392,40.53,-3.460113011526083,0.0121174504096521,0.0417752916814173,0.0254929501294678,0.0240303719184982,0.0471327406949417,0.0943662595777632,Alto
2025-06-07,105552.15,0.0120446218481455,30.33989736304914,41.99,-11.650102636950862,0.0017228450581063,0.0011328997088169,0.0141677834132227,-0.0094832743814313,0.025681997003377,0.0894356012643988,Médio
2025-06-08,105734.0,0.0017213626629398,30.33002093975659,42.52,-12.189979060243411,0.0428340931015567,0.0031455350218472,0.0147803923052187,-0.00801274897384,0.0301604025195301,0.1110145270206366,Médio
2025-06-09,110263.02,0.0419420963494116,33.10400034833712,42.61,-9.505999651662885,0.0001031170740652,-0.0439710430568653,-0.0172867567022925,-0.0508278296748991,0.0088059441869088,0.0581493233180081,Médio
2025-06-10,110274.39,0.0001031117578652,33.023392244565244,42.51,-9.486607755434754,-0.0147746906602702,-0.042443036864679,-0.028364609407497,-0.0632640089870367,0.052012167104257,0.0561133006494074,Médio
2025-06-11,108645.12,-0.0148849235207292,33.12842375802129,40.95,-7.821576241978711,-0.0273679112324602,-0.0170333467347635,-0.0272812989667644,-0.0600589331577893,0.0817573766773878,0.098015354946453,Médio
2025-06-12,105671.73,-0.0277493887872792,34.22859093368397,39.77,-5.541409066316035,0.003736666372359,-0.0106041606397472,0.0300730384559806,-0.044551745296495,0.1111770385513704,0.1231575370252764,Médio
2025-06-13,106066.59,0.0037297023772628,34.19472939214526,40.72,-6.525270607854736,-0.006146610351101,-0.0111232952808231,0.0331696342835194,-0.0069075474190317,0.1227535456735244,0.1326288513659201,Médio
2025-06-14,105414.64,-0.0061655785271072,34.25146486509183,41.0,-6.748535134908167,0.0017015663099546,-0.0071721536970577,0.0243761208120618,0.0063402958071099,0.1368551844411742,0.1697277531849466,Médio
2025-06-15,105594.01,0.0017001202861056,34.241726766574935,42.32,-8.078273233425065,0.0113692055070169,-0.0217438470231406,0.0246615314637639,0.0165404268670164,0.1151966858726172,0.1202822016135196,Médio
2025-06-16,106794.53,0.0113050618075081,34.44921571618653,41.73,-7.2807842838134675,-0.0210063193311492,-0.0437711556949593,0.0225602378698608,0.0014282566719474,0.110828710047228,0.0987646090113416,Médio
2025-06-17,104551.17,-0.0212300913561666,33.44965793632542,41.62,-8.170342063674575,0.0032100071190022,-0.0343114285569449,0.0355019460805652,0.0238774946277502,0.1398969518944646,0.122710152358888,Médio
2025-06-18,104886.78,0.0032048660451346,33.34270616729451,39.69,-6.347293832705489,-0.0021755839963816,0.0042631683420921,0.0384814940452933,0.0229772522333129,0.124306037424354,0.1193499314212906,Médio
2025-06-19,104658.59,-0.0021779540173212,33.08694271075506,40.21,-7.12305728924494,-0.013000366238452,0.0136100629675979,0.062827141087989,0.0353371854140209,0.1259467569742722,0.1105352174150253,Médio
2025-06-20,103297.99,-0.0130856106109857,32.16384202078314,40.67,-8.506157979216859,-0.0114037068872299,0.0391352242187867,0.1230615426302099,0.0372563880478216,0.1352120210664311,0.0926925102802096,Médio
2025-06-21,102120.01,-0.0114692277493546,31.75969017757248,41.01,-9.250309822427518,-0.0113213854953597,0.04726840508535,0.150877873983757,0.0348720099028585,0.1494354534434534,0.1189897063268992,Médio
2025-06-22,100963.87,-0.0113859602263607,28.80874552547674,41.75,-12.94125447452326,0.0432834042514416,0.0602564065739557,0.1629902855348155,0.078104474402576,0.1880925325069256,0.1142599823085228,Médio
2025-06-23,105333.93,0.0423728593887924,32.346886250450865,39.86,-7.5131137495491345,0.0071113837677945,0.0186346412784561,0.1305629629503049,0.0403559422875421,0.1274238984532336,0.1101455153149608,Médio
2025-06-24,106083.0,0.0070862171209309,32.193882023368126,39.05,-6.856117976631872,0.0118546798261738,0.0214353855000328,0.1296925991911992,0.017922192999821,0.1155509365308296,0.0881861372698735,Médio
2025-06-25,107340.58,0.0117849635445264,32.4261103602562,38.4,-5.973889639743803,-0.0036660878858676,-0.0018080766845121,0.0970509941347437,0.0079889637264862,0.0957115193526996,0.057322309978202,Médio
2025-06-26,106947.06,-0.0036728244556723,32.41260355554786,38.25,-5.837396444452139,0.0009399977895605,-0.011836884529598,0.1092444242974046,0.0211018423507856,0.1026015114393983,0.0295933333744751,Médio
2025-06-27,107047.59,0.0009395562683027,32.19981153283266,38.1,-5.90018846716734,0.0023279365747514,0.0168337278774797,0.1133138074383552,0.0113533616216863,0.1155370242338011,0.0440517156901898,Médio
2025-06-28,107296.79,0.0023252311283283,31.40253037946466,37.71,-6.30746962053534,0.0098804446992308,0.0213239370907554,0.0990528234814853,0.0151559986090916,0.1003341292875585,0.0369556256063206,Médio
2025-06-29,108356.93,0.0098319522617791,31.13457569235293,39.34,-8.205424307647071,-0.0111707668351253,-0.0034394662159585,0.0875169682271361,0.026551693555733,0.0885391455811825,0.0388527988011473,Médio
2025-06-30,107146.5,-0.0112336284308603,31.31456360822666,37.74,-6.425436391773342,-0.0136762283415696,0.0098147862972659,0.0944372424670894,0.0827231874116281,0.0998054066161751,0.0114880094076801,Médio
2025-07-01,105681.14,-0.0137706094588064,31.488243960390825,37.61,-6.121756039609174,0.0299813192779714,0.0333332891753439,0.1107030071780073,0.1120968225740184,0.095409076775667,0.0296665043545139,Médio
2025-07-02,108849.6,0.0295406654537451,33.123690192106054,39.6,-6.476309807893948,0.0067540900471843,-0.0053896385471329,0.1020198512442855,0.078736164395643,0.040866755596713,-0.005542050682777,Médio
2025-07-03,109584.78,0.0067313833656431,33.16876950080031,39.08,-5.911230499199689,-0.0146054953981747,-0.0060391598176315,0.0836905453476295,0.0867078439177411,0.0270253770642237,-0.0031697832490972,Médio
2025-07-04,107984.24,-0.0147132057075679,33.48739685305492,39.21,-5.722603146945083,0.0019806593999271,0.030094669370271,0.0959098290639448,0.1098025045136215,0.0576432264560087,0.030150418246218,Médio
2025-07-05,108198.12,0.0019787004803064,31.710044084720344,38.54,-6.829955915279655,0.0092951707478836,0.0721997757447172,0.0870272977016606,0.0883561562807191,0.0633736519636385,0.0324182157693684,Médio
2025-07-06,109203.84,0.0092522364973247,30.448982005073937,38.98,-8.53101799492606,-0.0086159973861724,0.0762227775140509,0.07981541674725,0.0863210487836325,0.0451074797369763,0.0139832994883697,Médio
2025-07-07,108262.94,-0.0086533296829764,30.308420959204945,38.71,-8.401579040795056,0.006096638424931,0.0845816675586308,0.1030141062121534,0.1008158470479372,0.0621572811527195,0.0221410022672579,Médio
2025-07-08,108922.98,0.0060781291164992,30.376548240553536,37.77,-7.393451759446467,0.0212169185969757,0.0933105208836555,0.0839064447190116,0.0826442684546455,0.078486927184695,0.0116136190912148,Médio
2025-07-09,111233.99,0.0209949736167124,27.610421377569672,38.77,-11.159578622430333,0.0429366059780826,0.0773791356401041,0.0603841505640496,0.0593884117615486,0.0489126570034932,-0.0008688890868699,Médio
2025-07-10,116010.0,0.042040393709379,31.26287090639997,38.62,-7.357129093600026,0.0130821480906819,0.0150684423756572,0.0157770881820533,0.0108190673217825,0.0038983708301008,-0.0340037065770192,Médio
2025-07-11,117527.66,0.0129973158489833,31.160290306027267,37.94,-6.77970969397273,-0.0009160396795103,0.0093830677816608,-0.0150056590933572,-0.0012533219839483,0.0150292280132182,-0.0508924452337432,Médio
2025-07-12,117420.0,-0.0009164595002588,29.620585227443453,38.2,-8.57941477255655,0.0141938340998126,0.0149681485266564,-0.0351053483222619,0.0215842275591893,0.0107818088911599,-0.0294668710611479,Médio
2025-07-13,119086.64,0.0140940447900117,29.997578654959728,39.24,-9.242421345040274,0.0063360591918621,-0.0097559222428309,-0.0549204343996941,-0.0027765499135754,0.0087956130091504,-0.0302632604295494,Médio
2025-07-14,119841.18,0.0063160707563308,30.00138768056477,39.64,-9.638612319435229,-0.0173820885274994,-0.0166986005978913,-0.0469987027831334,-0.0125181511063224,0.0289153528027676,-0.0318067629173878,Médio
2025-07-15,117758.09,-0.0175349307627005,30.612757279983395,39.93,-9.317242720016605,0.007407898684498,-0.0041862941221277,-0.0229543464911837,-0.001220977683996,0.0045601962463894,-0.0156235550355818,Médio
2025-07-16,118630.43,0.0073805949622627,30.466685751687866,39.07,-8.603314248312138,0.0046120544281935,-0.0105375155430187,-0.0379386637981502,-0.0059886826676762,-0.0108604512349823,-0.0283436551650364,Médio
2025-07-17,119177.56,0.0046014514935447,29.59658467137065,39.47,-9.873415328629353,-0.0105113747923686,0.0065185090213291,-0.0351181044485219,0.0019969363360015,-0.0150775028453342,-0.0321188821116994,Médio
2025-07-18,117924.84,-0.0105670095006571,29.804255924711125,38.6,-8.795744075288876,-0.0007194412983727,0.007048133370374,-0.003839988250143,0.0011658273184853,-0.0044081467483865,-0.0096322369400712,Médio
2025-07-19,117840.0,-0.0007197002204572,29.79562999610646,38.85,-9.054370003893542,-0.0048784792939579,0.00425144263408,-0.0098884928716903,0.0009399185336047,-0.0136876272912422,-0.0118161065852002,Médio
2025-07-20,117265.12,-0.0048904179181156,29.49332121657901,39.23,-9.736678783420988,0.0009827304146365,0.0029777823107162,-0.006846622422763,0.0049049538345247,-0.0374551273217474,-0.0016338191612305,Médio
2025-07-21,117380.36,0.0009822478512299,29.222747318508496,39.28,-10.057252681491503,0.0219292222310443,0.0045972767505568,0.0163029828840191,-0.0137695948453386,-0.0264875657222383,-0.0148915883372652,Médio
2025-07-22,119954.42,0.021692235206271,29.924015547619256,39.88,-9.955984452380749,-0.0099907114719073,-0.0044922896546871,-0.0105741830938784,-0.0554918276458675,-0.0621437709423295,-0.0355867670403474,Médio
2025-07-23,118755.99,-0.0100409535459066,26.253870063144635,39.58,-13.326129936855365,-0.0034945605691132,-0.005841136939703,0.0116043830715402,-0.0522890676925011,-0.0153255427368337,-0.0296717664515281,Médio
2025-07-24,118340.99,-0.0035006808084234,26.16576508108849,40.22,-14.054234918911504,-0.0061405604262733,-0.003297504947356,0.0419587498803244,-0.0349176561730639,-0.0245303001098774,-0.0480813959727732,Médio
2025-07-25,117614.31,-0.0061594912042918,25.9300114698577,40.06,-14.129988530142302,0.0025990034716014,0.0019214498643915,0.0057882412437737,-0.02175993720492,-0.035035872760721,-0.0477451255718798,Médio
2025-07-26,117919.99,0.0025956319026282,25.91416525368154,38.95,-13.035834746318464,0.0126828368964413,-0.0182828204106869,-0.0049011198186159,-0.032142472196614,-0.0662144730507525,-0.0391196607123186,Médio
2025-07-27,119415.55,0.0126030833468208,26.282347922108563,39.37,-13.087652077891434,-0.0113321087580302,-0.0512296765371009,-0.0170404105662955,-0.0370410721216792,-0.0640815203715093,-0.0872671942640636,Médio
2025-07-28,118062.32,-0.0113968063402202,26.568909258475752,38.27,-11.70109074152425,-0.000944924680457,-0.0467208335394392,-0.0055674833426957,-0.0049999864478355,-0.0575993255087653,-0.0713086105710949,Médio
2025-07-29,117950.76,-0.0009453714032179,26.348709448578184,35.18,-8.831290551421816,-0.000936492482117,-0.0317247637912633,-0.0146138100339496,-0.0108182431380686,-0.0456449793117059,-0.0704947556081876,Médio
2025-07-30,117840.3,-0.0009369312651676,26.057775050001418,36.13,-10.072224949998583,-0.0176189300264849,-0.0236359717346272,-0.0421533210624888,-0.0116942166644178,-0.0803027487200899,-0.0481698536069579,Médio
2025-07-31,115764.08,-0.017775990938679,26.351109548739217,36.73,-10.37889045126078,-0.0213032401760546,-0.0141177643358804,-0.012895537199449,0.0304924463616,-0.0600164576093033,-0.0125437873302323,Médio
2025-08-01,113297.93,-0.0215334292496769,25.38944445484013,38.42,-13.030555545159864,-0.0066336604737614,0.0149547304174049,-0.0070427588571123,0.0475566499758646,-0.0445866928018895,0.0066285412275404,Médio
2025-08-02,112546.35,-0.0066557609918463,25.387018697158208,37.67,-12.282981302841794,0.0147712475793306,0.0437656130118835,0.0390029530055839,0.0674187123793885,-0.0294005980647085,0.0537435465477111,Médio
2025-08-03,114208.8,0.0146632152506765,25.383499480515955,38.03,-12.646500519484048,0.0074094990928894,0.0215915060835942,0.0107631811208943,0.0796578722480227,-0.0259944067357331,0.0553420577048353,Médio
2025-08-04,115055.03,0.0073821836009087,25.50443321603344,36.89,-11.38556678396656,-0.0080420647406723,0.0122308429279449,-0.0135712449946777,0.0281609591514599,-0.0291105916881686,0.062378585273499,Médio
2025-08-05,114129.75,-0.0080745765687901,25.45571633188873,36.01,-10.554283668111264,0.0075573634394188,0.045249025779869,-0.035203529316414,0.0281460355428799,-0.0297808415421921,0.0723847200226057,Médio
2025-08-06,114992.27,0.0075289496341813,25.41219717134374,34.88,-9.467802828656264,0.0215644060248569,0.0321215504311724,-0.0280805831557199,0.0207700048011922,-0.0376745323837854,0.0738313975365474,Médio
2025-08-07,117472.01,0.0213351837283328,26.394439031109908,35.66,-9.265560968890089,-0.0067868933203747,0.0226613131076927,-0.0528636566276511,-0.0005703486302822,-0.0620066005510588,0.0611765304773452,Médio
2025-08-08,116674.74,-0.0068100290199484,25.469188583478385,34.4,-8.930811416521614,-0.0018212168289383,0.0568391238754848,-0.0352076207754995,-0.0038370773313914,-0.047460144329441,0.0399247514929108,Médio
2025-08-09,116462.25,-0.0018228772606176,20.833886550281967,35.07,-14.236113449718031,0.0243148316299917,0.0157376317218669,-0.0694203486537483,-0.0308195144778672,-0.0377548948264352,0.0587636766420021,Médio
2025-08-10,119294.01,0.0240239321270641,21.993578276792647,35.43,-13.436421723207353,-0.0050967353683558,-0.0163625985914966,-0.0878307301431143,-0.042104125764571,-0.0649455911491281,0.0198533857651359,Médio
2025-08-11,118686.0,-0.0051097680255928,22.063362879534232,36.56,-14.49663712046577,0.0122009335557691,-0.0109982643277218,-0.087960248049475,-0.0521207219048581,-0.039819355273579,-0.049807896466306,Médio
2025-08-12,120134.08,0.0121271021010796,21.92069714260884,36.94,-15.019302857391155,0.0264067448637388,-0.022716867686505,-0.0907041532261286,-0.026621005463229,-0.0387183220614832,-0.0789924058185654,Baixo
2025-08-13,123306.43,0.0260641056770228,23.6287131946742,39.0,-15.371286805325798,-0.0406413517932519,-0.0574129021495471,-0.0978571839278779,-0.0638115952266235,-0.059015657172136,-0.0676982538542393,Baixo
2025-08-14,118295.09,-0.0414902925662938,27.02497316402403,36.95,-9.925026835975974,-0.0080564628675627,-0.0458357992711278,-0.0557029036454512,-0.0405891740730743,-0.0200921272387551,-0.0264515627825296,Médio
2025-08-15,117342.05,-0.0080890915304361,27.04963341570637,35.37,-8.320366584293623,0.0003290380558376,-0.0261697319929214,-0.0563410985235046,-0.0616153373833165,-0.0176751641887968,-0.0367635472535208,Médio
2025-08-16,117380.66,0.0003289839346881,27.002217396568675,35.38,-8.377782603431328,0.0002074447357851,-0.0415797627990845,-0.0572553434271029,-0.0478566060201058,-0.0173022540510506,-0.0563753858599875,Médio
2025-08-17,117405.01,0.0002074232221011,26.74956959233731,35.83,-9.08043040766269,-0.0100333026674074,-0.0039948891448499,-0.0614713119993771,-0.0523231504345512,-0.0052472207105982,-0.0784526145860384,Médio
2025-08-18,116227.05,-0.0100839754772945,26.97866414148999,35.99,-9.011335858510012,-0.0288582563181289,-0.0067884369430352,-0.0437910968229857,-0.0314913782979091,0.0018974928813901,-0.0842778853975904,Médio
2025-08-19,112872.94,-0.0292828443291047,28.796976478748874,37.87,-9.073023521251123,0.0123882659563931,0.0054986607064544,-0.0071559224026591,-0.0398283237771605,0.0372152085344812,-0.050392326096937,Médio
2025-08-20,114271.24,0.0123121592980693,29.11343040189454,36.02,-6.906569598105463,-0.015500313114656,-0.0363981348237755,-0.0238454575271959,-0.0477365083287798,0.0119114835893965,-0.0492552631790816,Médio
2025-08-21,112500.0,-0.0156216989473507,28.6362084248791,37.25,-8.6137915751209,0.0394310222222222,-0.0065491555555555,0.0129777777777777,-0.0378102222222221,0.0283167111111111,-0.0174925333333333,Médio
2025-08-22,116935.99,0.0386734694256492,31.460055718619245,34.53,-3.0699442813807565,-0.0128099142103299,-0.0485221017070964,-0.0124281668971204,-0.0658357619412125,-0.0145695093529375,-0.0738722099158694,Alto
2025-08-23,115438.05,-0.01289266863907,31.75637971606985,34.97,-3.213620283930144,-0.0168441861240726,-0.0248717818778124,0.0051228342821105,-0.0363661721590066,-0.0241433392196074,-0.0681803789998185,Alto
2025-08-24,113493.59,-0.0169876628753381,32.232938917145674,35.07,-2.8370610828543263,-0.0297956034345199,-0.0450791097541279,0.0213642021545004,-0.0157531363665559,-0.0131706997725598,-0.0300934176106333,Alto
2025-08-25,110111.98,-0.0302485115739085,33.90375044412887,37.93,-4.026249555871132,0.0149960067923582,-0.0117666579058881,0.0468253318122151,0.0056205510063482,0.0290160979758968,0.0081091085638456,Alto
2025-08-26,111763.22,0.0148846782912907,34.016095209469285,36.92,-2.903904790530717,-0.0044845701474958,-0.0314671499264247,0.03209007399751,-0.0098711364973199,-0.0247731767212863,-0.0010464086485696,Alto
2025-08-27,111262.01,-0.0044946559972962,33.81936860827851,37.91,-4.090631391721487,0.011728082208833,-0.01819659738306,0.0496750867614201,-0.0096532500176834,-0.0145471936018412,0.0296362612899048,Alto
2025-08-28,112566.9,0.0116598412911834,34.06144111216021,36.95,-2.8885588878397925,-0.0372178677746299,-0.0117875681039453,0.034474521373512,-0.01269964794269,-0.0260382936724737,0.0136874161054447,Alto
2025-08-29,108377.4,-0.0379281313827635,36.53898899376182,38.98,-2.4410110062381776,0.0040500141173345,0.0307103695050814,0.0802393303400894,0.0340276662846681,0.0349385573006919,0.041715800526678,Alto
2025-08-30,108816.33,0.0040418348867215,36.03665314685207,38.85,-2.8133468531479338,-0.0052380005831844,0.0175942342477457,0.0626381169076368,0.025088697624704,0.0505037249464304,0.0110733379815326,Alto
2025-08-31,108246.35,-0.0052517670016201,35.29278427566725,39.62,-4.327215724332746,0.0091556897761448,0.0222976571496407,0.0687254581794212,0.0527837659191279,0.0536053178698403,0.0007069984345893,Alto
2025-09-01,109237.42,0.0091140305348327,35.35954185757476,39.5,-4.140458142425239,0.018332454208457,0.0087016884873334,0.0548792712240915,0.0571715260210283,0.0856626785949357,0.0033925187907219,Alto
2025-09-02,111240.01,0.0181664406573254,35.55685651664918,38.8,-3.2431434833508206,0.0041864433489353,-0.0009229592841639,0.0126841052962869,0.0430547426236298,0.0835071841507386,-0.0102652813497589,Alto
2025-09-03,111705.71,0.0041777045760736,35.49342327827058,38.85,-3.356576721729418,-0.0087268591730897,0.0032184567825583,0.0026237691878059,0.0377114115294552,0.0942323360193493,-0.0104294579032711,Alto
2025-09-04,110730.87,-0.0087651612090672,35.51334945943926,38.48,-2.966650540560736,-0.0006401105671796,0.0073648838846835,0.0232647860528867,0.0409744816418402,0.1053015297360167,-0.0374586599021573,Alto
2025-09-05,110659.99,-0.0006403155254173,35.416820701411325,37.49,-2.073179298588677,-0.0042654983070213,0.0298211666203838,-0.0150506068182366,0.0423795447659085,0.1158713280201813,-0.0828011099585315,Alto
2025-09-06,110187.97,-0.00427462149747,34.65822948992945,37.76,-3.101770510070552,0.0086159133342778,0.0480517065519947,-0.004941646533646,0.0599066304606574,0.1313262237247858,-0.0572005274259975,Alto
2025-09-07,111137.34,0.0085790081825398,34.70597915620227,37.9,-3.1940208437977304,0.0083490391258238,0.0440183290332485,-0.0135102207772832,0.0477809708240273,0.0917388341308151,-0.0881009029008612,Alto
2025-09-08,112065.23,0.0083143786859431,34.82113420392241,37.08,-2.258865796077586,-0.0046298035528057,0.0343822968105271,0.0008809155167932,0.0446909358058695,0.1003055988016978,-0.0778667031692166,Alto
2025-09-09,111546.39,-0.0046405542886385,33.83654259043336,37.36,-3.523457409566639,0.0216377239998533,0.0333638766794692,0.0247930031621821,0.0366304100025112,0.0906888156577725,-0.0827767711711692,Alto
2025-09-10,113960.0,0.021406951444263,34.60476270369509,36.95,-2.345237296304916,0.013361618111618,0.0121947174447174,0.0007803615303614,0.0151424183924184,-0.0104027729027729,-0.0810551070551069,Alto
2025-09-11,115482.69,0.0132731389706203,34.65589807423732,35.26,-0.6041019257626772,0.004734302604139,0.0113113922095164,0.0269503594001836,-0.0021682903299188,-0.0418962357042428,-0.0820171404043323,Alto
2025-09-12,116029.42,0.0047231310394015,33.482721893299846,34.66,-1.1772781067001503,-0.0009577743299932,0.0036039997442027,0.0387826639140316,-0.0291170118750916,-0.0092271425643599,-0.1117857005576689,Alto
2025-09-13,115918.29,-0.0009582332889029,30.195396699325585,34.28,-4.0846033006744165,-0.0056098136023228,0.0099659855230784,0.054466900779851,-0.0338125243220892,-0.0064898300345872,-0.123051504641761,Alto
2025-09-14,115268.01,-0.0056256077023168,30.127252764862927,34.41,-4.2827472351370695,0.0007087829485388,0.0031610678452764,0.0617950288202251,-0.0170126126060473,-0.0194318440996769,-0.1351284714640254,Alto
2025-09-15,115349.71,0.0007085318805328,30.12804789409987,35.56,-5.431952105900134,0.0124772745419126,0.0029121876422575,0.0705038616915465,-0.0550952403781509,-0.0397610882593463,-0.1799372534183224,Médio
2025-09-16,116788.96,0.0124000748497902,30.436848190783504,36.52,-6.083151809216499,-0.0029229646363835,-0.0133289139658406,0.0673829101654812,-0.0611830090789403,-0.0735915449542491,-0.1814616724046519,Médio
2025-09-17,116447.59,-0.0029272448401405,30.25016356267033,35.55,-5.299836437329667,0.0053752937265596,-0.0326035085827022,0.0419532941815283,-0.0584961869970859,-0.0860121707971801,-0.1905247674082391,Médio
2025-09-18,117073.53,0.0053608983982732,28.53492007740308,33.81,-5.275079922596923,-0.0123097851410134,-0.0433465190637029,0.0532355178835044,-0.041935867142641,-0.0844641824672067,-0.2123314296579252,Médio
2025-09-19,115632.38,-0.0123861781142075,28.538817209725213,34.78,-6.241182790274788,0.0004605111474831,-0.0201101110259946,0.0521481958600176,-0.0114191198001805,-0.060446736459113,-0.1960657559759645,Médio
2025-09-20,115685.63,0.000460405144767,28.01425799973557,34.48,-6.465742000264431,-0.0039187235268547,-0.0578389900284072,-0.0251641452788907,-0.0141478245828804,-0.0445477973366269,-0.2085883095419889,Médio
2025-09-21,115232.29,-0.003926421842189,24.5907536143595,34.51,-9.919246385640498,-0.022400839209218,-0.0485005548358015,-0.0398142742802386,0.0291819246150537,-0.0601794861492381,-0.2481514512989371,Médio
2025-09-22,112650.99,-0.0226555490034091,25.43481756378904,35.17,-9.735182436210966,-0.0057894741981406,-0.0267653218138607,0.0204863712249665,0.0699360032255376,-0.0451265452704854,-0.2443081947171526,Médio
2025-09-23,111998.8,-0.0058062981699451,24.81775683257208,37.14,-12.322243167427924,0.0116804822908815,0.0014745693703861,0.0282788744165116,0.0913688360946725,-0.0171485765918921,-0.2433870720043428,Médio
2025-09-24,113307.0,0.0116127920508121,22.82557776031234,36.17,-13.344422239687663,-0.0380604022699391,0.0088693549383533,-0.00246110125588,0.0801715692763906,-0.0203174561148031,-0.2336748832817037,Médio
2025-09-25,108994.49,-0.0388036185100834,26.023976216014805,37.69,-11.666023783985192,0.0059541541962351,0.0463733533685968,0.0162282515382199,0.1329224991098172,0.0243294867474492,-0.1898672125535888,Médio
2025-09-26,109643.46,0.0059364982695478,26.05911000764913,36.55,-10.490889992350866,-6.940678449951498e-05,0.0816421699935407,-0.0132172041998674,0.1369446020765852,0.0448356883301566,-0.2031448113731544,Médio
2025-09-27,109635.85,-6.94091932618392e-05,25.73979382524245,36.42,-10.68020617475755,0.0230590632534886,0.0993607474197537,-0.029225568096567,0.1066904666676091,0.0407877532759584,-0.1746858349709515,Médio
2025-09-28,112163.95,0.0227972206435223,23.46797855156136,35.86,-12.392021448438635,0.0191506272737365,0.0897619065662362,-0.0443898418342079,0.0993371756255017,0.0065484498361549,-0.1857102928347298,Médio
2025-09-29,114311.96,0.0189695620345703,24.342133697177363,36.39,-12.047866302822635,-0.0023009840790063,0.0706753694014168,-0.0495939357526544,0.0643015831414315,-0.0375347426463513,-0.2048889722475234,Médio
2025-09-30,114048.93,-0.0023036354107678,24.28640423363809,36.61,-12.323595766361908,0.039860610704546,0.0827134458867786,-0.0308362384460774,-0.0111744143500512,-0.0502069594164539,-0.203829093354931,Médio
2025-10-01,118594.99,0.0390866760019979,27.66950651907142,37.12,-9.45049348092858,0.0163106384173563,0.0511282137634987,-0.086827613881497,-0.067039847130136,-0.0757787491697584,-0.2380791127854558,Médio
2025-10-02,120529.35,0.0161790488991379,27.519027501453568,37.39,-9.870972498546433,0.0141264347646443,0.0066672557348064,-0.1075415241183994,-0.04621737361066,-0.0865453103331262,-0.2841078957117084,Médio
2025-10-03,122232.0,0.0140275865129558,27.912616097049543,38.03,-10.117383902950458,0.0013008050265068,0.0087865698016886,-0.0994323908632764,-0.0578081026245173,-0.095648602657242,-0.253240722560377,Médio
2025-10-04,122391.0,0.0012999597126279,27.748375239456468,38.03,-10.281624760543531,0.0089165870039462,-0.0059530521035043,-0.0930306149962006,-0.0764995792174261,-0.1291594970218399,-0.2366272846859655,Médio
2025-10-05,123482.31,0.0088770689789275,27.91970745383925,37.95,-10.030292546160748,0.0095254939756148,-0.0867153359861829,-0.0958521103144247,-0.1030028511776302,-0.1780424256721469,-0.2543218538752636,Médio
2025-10-06,124658.54,0.0094804125139022,28.07529353827965,39.26,-11.18470646172035,-0.0266775946517583,-0.1124202160557953,-0.081014425485811,-0.1320748662706943,-0.1666422533105231,-0.2834021640234195,Médio
2025-10-07,121332.95,-0.0270398998328903,29.46565545601173,39.28,-9.81434454398827,0.0162614524743691,-0.0525343692706721,-0.0595493639609026,-0.1228130528434362,-0.1647278006510185,-0.2645296269479973,Médio
2025-10-08,123306.0,0.0161306511638574,29.857521355489915,39.44,-9.582478644510084,-0.0133294405787228,-0.066014630269411,-0.0844042463464875,-0.1307397044750459,-0.161929833098146,-0.2669025838158727,Médio
2025-10-09,121662.4,-0.0134190749805211,30.17880430118949,39.73,-9.551195698810504,-0.0730537947632136,-0.0709690093241626,-0.0956837116479701,-0.1070143281737002,-0.1590422349057719,-0.2550340943463223,Médio
2025-10-10,112774.5,-0.075859746128425,39.43552784492128,44.11,-4.674472155078725,-0.0188881351724016,-0.0178339961604795,-0.0394736398742623,-0.0198840163334796,-0.0713950405455133,-0.1781936519337261,Alto
2025-10-11,110644.4,-0.0190687944931956,39.72362503034205,46.15,-6.4263749696579495,0.0389933878262254,-0.0221440940526587,-0.0093668545357921,-0.0212096590518814,-0.0418753231071793,-0.1683684849843282,Médio
2025-10-12,114958.8,0.0382523481182313,41.87218698455991,46.24,-4.367813015440092,0.0018023848543999,-0.0741754437241865,-0.0422821045452805,-0.0642957302964192,-0.1035136936015337,-0.1952475147618103,Alto
2025-10-13,115166.0,0.0018007625079209,41.87556401104485,43.38,-1.5044359889551515,-0.0185632912491533,-0.0692998801729677,-0.0401622006494972,-0.044178142854662,-0.1173230814650158,-0.2161886320615459,Alto
2025-10-14,113028.14,-0.0187377515517996,42.337099478338175,45.01,-2.672900521661824,-0.0200380188508808,-0.0387988336355884,-0.0570220831732699,-0.0179004095794197,-0.1179893785742205,-0.201614659853732,Alto
2025-10-15,110763.28,-0.0202415028158518,42.92106697021416,45.25,-2.328933029785844,-0.0231936071232271,-0.0020872440758344,-0.083656424764597,0.0079718657663443,-0.1459805090640147,-0.203958477936009,Alto
2025-10-16,108194.28,-0.0234668114929177,43.48000764812333,47.78,-4.299992351876668,-0.0162910645553536,0.0009555958041405,-0.0398276138073102,0.0588304668231998,-0.1164390575915842,-0.2011400232988287,Alto
2025-10-17,106431.68,-0.0164252229988888,43.84395891088802,50.0,-6.15604108911198,0.007078061719969,0.0106712587830992,-0.0477831412601962,0.0721211015366853,-0.1143479084422982,-0.1744617767942777,Médio
2025-10-18,107185.01,0.0070531298183406,43.8730969314799,49.08,-5.2069030685200985,0.0136005025329568,0.0269923005091849,-0.0358812300339385,0.0533044686006001,-0.139663839187961,-0.195379839027864,Alto
2025-10-19,108642.78,0.0135088458148793,43.913388251277645,47.68,-3.7666117487223545,0.0173901109673371,0.0217419878246856,-0.0582628684575265,0.0126884639733997,-0.1443441524600162,-0.2128661472027869,Alto
2025-10-20,110532.09,0.0172406334529956,44.32295127543564,45.95,-1.6270487245643608,-0.0202151248565009,0.010080149574662,-0.052556049559906,-0.019987046295786,-0.1716888733398598,-0.2026122006740304,Alto
2025-10-21,108297.67,-0.0204222465741934,44.87083231574367,49.27,-4.399167684256334,-0.0067428043465754,0.0578196188339046,-0.0211134736324428,0.012099429285967,-0.2000083658309546,-0.1840923262707314,Alto
2025-10-22,107567.44,-0.0067656397595052,44.232481545736405,50.7,-6.4675184542635975,0.0233410779321325,0.0608010193419124,-0.0419127758362567,0.0235262640813986,-0.2085948127054061,-0.1757834898738874,Médio
2025-10-23,110078.18,0.0230728409142147,44.91303420952532,45.13,-0.2169657904746813,0.0084186529973515,0.0256206089163175,-0.0765257020056109,0.0042015592917687,-0.2301858551803817,-0.1949286407169885,Alto
2025-10-24,111004.89,0.0083834137779145,44.82548358766113,42.84,1.985483587661129,0.005777943656356,-0.0088608709039755,-0.1019132580555685,-0.0398347316050672,-0.2177822076126556,-0.211872558046767,Alto
2025-10-25,111646.27,0.0057613153607323,42.780444117238815,42.9,-0.1195558827611833,0.0260924973131657,-0.0297671386603421,-0.1527347935582622,-0.0909036190819452,-0.2091091802708681,-0.2147570178564855,Alto
2025-10-26,114559.4,0.0257578960116831,43.66463909873664,43.91,-0.2453609012633535,-0.0039433691168074,-0.0432211586303699,-0.1655312440533032,-0.0931764656588634,-0.2373392318744684,-0.2386022447743265,Alto
2025-10-27,114107.65,-0.0039511646974532,43.68637711320628,42.82,0.8663771132062763,-0.0105970108051475,-0.03513831018341,-0.1739253240251639,-0.1118383386214684,-0.2070293271310029,-0.2343233779680853,Alto
2025-10-28,112898.45,-0.0106535589733105,43.11701202921599,42.39,0.7270120292159916,-0.0254844951370014,-0.0208839891070249,-0.1832027809062038,-0.0846722873520406,-0.1910079367785828,-0.2216278434292056,Alto
2025-10-29,110021.29,-0.025814849578232,43.54738940833801,45.07,-1.5226105916619872,-0.0154371031279489,-0.0312507697373845,-0.1550650787679366,-0.0700623488417558,-0.1738808007068449,-0.2005846323016208,Alto
2025-10-30,108322.88,-0.0155574958212031,43.876840648905954,44.85,-0.973159351094047,0.0118638832350099,-0.0630121724976293,-0.1547957365978451,-0.0332332375210112,-0.1617427453922938,-0.1946564751601878,Alto
2025-10-31,109608.01,0.0117940590867665,41.907308296291454,43.31,-1.4026917037085482,0.00447129730756,-0.0522119688150527,-0.2095720924045605,-0.0328158498635272,-0.1756076950945464,-0.1927096386477593,Alto
2025-11-01,110098.1,0.0044613307556547,41.554739965273285,43.49,-1.935260034726717,0.0040198695526987,-0.0794932882583805,-0.2267856575181589,-0.0639348907928474,-0.216280662427417,-0.2039079693473366,Alto
2025-11-02,110540.68,0.0040118114648444,41.2893915722108,44.12,-2.830608427789201,-0.0358025660779361,-0.0651488664625546,-0.2334067422056748,-0.0803895000464987,-0.1742598290511691,-0.1963226569621247,Alto
2025-11-03,106583.04,-0.0364591983685811,43.20111671247714,45.73,-2.52888328752286,-0.0477169726065234,-0.0400635973603303,-0.1853300487582264,-0.0646540012369697,-0.1234069698143344,-0.1556336730496708,Alto
2025-11-04,101497.22,-0.0488929906927473,46.34216241977398,47.79,-1.4478375802260215,0.023527146851904,0.0317815601254891,-0.1300253346840436,-0.068013882547719,-0.092802147684439,-0.1070887458789512,Alto
2025-11-05,103885.16,0.023254649315978,46.93032684488834,46.55,0.3803268448883443,-0.024441604556416,0.0204646168904201,-0.1589755456891051,-0.0797892596016601,-0.1401077882538758,-0.118933541614606,Alto
2025-11-06,101346.04,-0.0247452586464772,46.776042239661095,46.94,-0.1639577603389028,0.0196656919204738,0.0169019924212137,-0.1071775473417608,-0.0699050500641168,-0.1194841949423973,-0.0738689937959093,Alto
2025-11-07,103339.08,0.0194748205542768,46.93064101692119,44.61,2.320641016921193,-0.0099298348698285,-0.0163027385186708,-0.1161722167451074,-0.1076450458045494,-0.1252553245103401,-0.0928120320018331,Alto
2025-11-08,102312.94,-0.0099794644960753,46.82620106754787,44.88,1.946201067547868,0.0235553782346593,-0.0256167010741749,-0.1116402284989562,-0.0914069129476682,-0.1141458744123666,-0.1070126613505584,Alto
2025-11-09,104722.96,0.0232822313820756,39.47769903332745,45.11,-5.6323009666725525,0.0123007409263451,-0.0967214830444059,-0.1329271059565161,-0.1257412892072569,-0.1150097361648295,-0.1300857997138355,Médio
2025-11-10,106011.13,0.0122257015459849,39.146311000845216,44.3,-5.153688999154781,-0.0278474533758861,-0.0982433636920953,-0.1476366679611849,-0.1827534523969323,-0.1320216094291232,-0.1449833616526868,Médio
2025-11-11,103058.99,-0.0282425458643332,38.09792962418916,46.61,-8.512070375810843,-0.0136292816376331,-0.0853642171342839,-0.1627512553732576,-0.1739737600766319,-0.102325959142429,-0.1218165440977057,Médio
2025-11-12,101654.37,-0.0137230129311303,38.39231832206278,46.07,-7.677681677937223,-0.0193041381300183,-0.0928561162692759,-0.1020761822634874,-0.1663935352705445,-0.1120064980974255,-0.1046754802572678,Médio
2025-11-13,99692.02,-0.0194928961604392,38.43803562040689,46.52,-8.08196437959311,-0.0511376938695795,-0.0675198476267208,-0.0628141550346759,-0.1290175482450852,-0.0948121023127027,-0.0842175732821945,Médio
2025-11-14,94594.0,-0.0524915845448105,41.986542571666206,49.71,-7.723457428333795,0.0105951751696724,-0.0321271962280904,-0.0265972471826966,-0.0665368839461276,-0.06788834386959,0.0086686259170771,Médio
2025-11-15,95596.24,0.0105394396407166,41.344693697277606,48.5,-7.155306302722394,-0.0139628922643819,-0.0937171796715018,-0.0655486031668192,-0.0860523384601736,-0.095863184577134,0.0141798464040008,Médio
2025-11-16,94261.44,-0.0140612904673639,41.238518598175936,49.64,-8.401481401824064,-0.0217087708399108,-0.0968795936068874,-0.0533054661588027,-0.0400738626526392,-0.0678752626736871,0.014251426670333,Médio
2025-11-17,92215.14,-0.0219478729477921,41.87088310572993,50.62,-8.749116894270067,0.0080864161785148,-0.0810647796012671,-0.0197346119086302,-0.0095558061290152,-0.0647607323482889,0.0361741032980051,Médio
2025-11-18,92960.83,0.0080538963103698,41.69963995369673,50.52,-8.820360046303271,-0.0151232513737237,-0.0659506805178051,-0.0250265622628369,-0.0222688416185613,-0.0800812557288913,0.0235253923614924,Médio
2025-11-19,91554.96,-0.0152387739374434,41.60467884297889,51.04,-9.435321157021107,-0.053713419786323,-0.035551869609249,0.0122750313036017,-0.0082193253101744,-0.0373329855640809,0.023135611658833,Médio
2025-11-20,86637.23,-0.055209816891895,45.28864186124572,54.65,-9.361358138754277,-0.0174036035085609,0.008457449528338,0.0620765460760921,0.042969633262744,0.0198952575007302,0.0691823826777473,Médio
2025-11-21,85129.43,-0.0175568265742415,45.63983700810613,57.38,-11.740162991893868,-0.0045776178696367,0.0628993991854522,0.08673792365343,0.0135861358404489,0.0414595751434023,0.0387437106063086,Médio
2025-11-22,84739.74,-0.0045881272465222,44.95315270203827,59.16,-14.20684729796173,0.0246668210216363,0.0778172083133603,0.0652430606938372,0.0771555352895818,0.0457996448891628,0.0556408362829528,Baixo
2025-11-23,86830.0,0.0243675070874857,45.6560804328224,56.5,-10.8439195671776,0.0169297477830241,0.0467660946677415,0.039272256132673,0.0760100195784867,0.007554992514108,0.031436945756075,Médio
2025-11-24,88300.01,0.016788036787637,45.9861885838438,53.31,-7.323811416156204,-0.010532841389259,0.0283400873907035,-0.0014477914555162,0.0427865183707227,-0.0071411090440419,0.0147253663957682,Médio
2025-11-25,87369.96,-0.0105887043733438,45.25095358804418,52.56,-7.309046411955819,0.0356422276031715,0.0342227465824638,-0.0107345820004953,0.022434255435163,-0.0016560611908258,0.0212359030495148,Médio
2025-11-26,90484.02,0.0350217440422705,46.85057403894141,49.92,-3.069425961058592,0.0093931503043298,-0.0463950430142251,-0.0289620200340348,-0.0137839808620352,-0.0344200003492329,-0.0421473316503843,Alto
2025-11-27,91333.95,0.0093493089928668,46.81668674443223,49.31,-2.49331325556777,-0.0048530694227064,-0.0006139009645371,-0.0557375433779004,-0.0102770109033935,-0.0378494524763245,-0.032702735401239,Alto
2025-11-28,90890.7,-0.0048648838036232,45.97392958768637,48.7,-2.726070412313632,-0.0009710564447187,0.0279374017363711,-0.0591291518274146,-0.002820530593339,-0.0323244292320334,-0.0180513517884667,Alto
2025-11-29,90802.44,-0.00097152822547,45.653799019967565,49.13,-3.476200980032438,-0.0048725562881349,0.0140483009046892,-0.0293549380391099,0.0206642024157059,-0.0392644735097427,-0.0165463615294919,Alto
2025-11-30,90360.0,-0.0048844658930887,45.4999810607582,48.78,-3.280018939241806,-0.0450862107127048,-0.011398406374502,-0.0221237273129704,0.0183197211155377,-0.0207449092518813,-0.0631899070385125,Alto
2025-12-01,86286.01,-0.0461342155738557,48.23668588768613,53.13,-4.893314112313874,0.0578525997435739,0.0341976642563492,0.027499822972461,0.072171259280618,0.0157871478817945,-0.0234744890857739,Alto
2025-12-02,91277.88,0.0562410040171468,52.05437061501447,49.24,2.814370615014468,0.0235771251479546,-0.0096690457753839,-0.0291099004490464,-0.0110591963792323,-0.0267188501748727,-0.1373475150825152,Alto
2025-12-03,93429.95,0.0233034776016145,51.127298015648734,47.44,3.687298015648736,-0.0144695571387976,-0.0299219896831797,-0.0636193212133796,-0.0341425848991677,-0.0367635859807267,-0.1761933940882981,Alto
2025-12-04,92078.06,-0.0145752620889966,48.46648435487062,48.03,0.4364843548706218,-0.0298444602329805,0.0065242469270097,-0.0478790495803235,-0.0424193342040438,-0.0157480511644142,-0.1448711017586599,Alto
2025-12-05,89330.04,-0.030298870064162,48.93769489079165,48.94,-0.0023051092083505,-0.0010438817669845,0.0300607723896686,-0.0235617268278396,-0.0324410467072442,0.0246243033138684,-0.1517947378060055,Alto
2025-12-06,89236.79,-0.0010444269910222,48.17188820428019,49.0,-0.8281117957198134,0.0129825378075567,0.0367179276618983,-0.0209244415896178,-0.0153901770783103,0.0518050907030611,-0.1800934345576527,Alto
2025-12-07,90395.31,0.0128989870207887,47.902294651524926,49.65,-1.7477053484750726,0.0026442743544992,-0.0014037232683863,-0.0278587462115015,-0.0459325821217936,0.0370888710929804,-0.3040583632049052,Alto
2025-12-08,90634.34,0.0026407844119582,47.78453260851771,49.01,-1.2254673914822902,0.0225572338255015,-0.0043507791859024,-0.029587350666425,-0.0564678906471872,0.0080523563143948,-0.2212635961159975,Alto
2025-12-09,92678.8,0.0223065817697799,47.72787425068815,46.44,1.287874250688155,-0.0071583792625714,-0.0486263309408409,-0.0587153696422482,-0.0490064610245277,-0.0170352874659576,-0.2523707687194914,Alto
2025-12-10,92015.37,-0.0071841233904618,47.60298466460807,44.92,2.682984664608064,0.0054122479755285,-0.0606777976331561,-0.0383618519384314,-0.0397158648604032,-0.0149332660402278,-0.2356670412779951,Alto
2025-12-11,92513.38,0.0053976543938289,46.610540627263205,44.46,2.1505406272632044,-0.0242663277463217,-0.0502625674253822,-0.0525887174374128,-0.0416644597786828,-0.0217123188018858,-0.2418610151310005,Alto
2025-12-12,90268.42,-0.024565606595954,47.14925411952196,44.22,2.929254119521964,-0.0003147280078681,-0.044591452913433,-0.0158347736672471,-0.0182525627456424,0.0082557111335281,-0.2373712755800977,Alto
2025-12-13,90240.01,-0.0003147775451217,46.65655549797881,44.65,2.006555497978809,-0.0229148910776937,-0.0523448523554018,-0.0027136521815543,-0.0305187244549285,0.0117042318590168,-0.2566210930162794,Alto
2025-12-14,88172.17,-0.0231815182233915,43.66897631265409,46.74,-3.071023687345914,-0.0197351386497576,-0.0003995591806348,0.0278527793973994,-0.0057015722761502,0.08213283170869,-0.2483776910560328,Alto
2025-12-15,86432.08,-0.0199324771490597,44.06589832104078,46.68,-2.614101678959223,0.0165602864121747,0.0223160197000926,0.0589786801382079,0.0091770324166675,0.1217105963433946,-0.2033749505970468,Alto
2025-12-16,87863.42,0.0164246601605556,44.16525134168038,45.69,-1.5247486583196164,-0.0184399833286708,0.0090531417966657,0.0682455793321044,-0.005620769143746,0.0881069733001516,-0.2053240131103478,Alto
2025-12-17,86243.22,-0.0186121192274582,43.978496470324814,47.0,-3.0215035296751864,-0.0084274450791609,0.0275681960854428,0.0870184346085407,0.0189439819153318,0.1079240779738974,-0.2018783621483521,Alto
2025-12-18,85516.41,-0.0084631567748879,43.987845949798974,47.48,-3.492154050201023,0.030643592264923,0.0230317198769218,0.0683816123712395,0.028489268901723,0.1126258691168162,-0.1943952043824104,Alto
2025-12-19,88136.94,0.0301834539651766,44.91681687888925,45.06,-0.1431831211107521,0.0025410457862502,-0.0053041324103152,0.033618707434136,-0.0102092266874705,0.0628136170826896,-0.2341063803667338,Alto
2025-12-20,88360.9,0.0025378227881089,40.58877881749899,45.11,-4.521221182501009,0.0033720797320988,-0.0128521778297866,0.025807568732324,0.0014100127997791,0.0483256734596411,-0.2478460495535921,Alto
2025-12-21,88658.86,0.0033664070202197,40.1413126493737,45.07,-4.928687350626298,-0.0004293987087135,-0.0145422578183387,0.0208195774229444,-0.011399199132495,-0.0026077483964941,-0.2442522946945179,Médio
2025-12-22,88620.79,-0.0004294909267388,40.10967750928177,45.09,-4.980322490718237,-0.0128050088472466,-0.0083928387458518,0.0270011133956264,0.0024627404021111,0.0094102072436952,-0.2324599002107744,Médio
2025-12-23,87486.0,-0.0128876996356668,39.45569050966554,43.4,-3.9443094903344544,0.0020969069336806,0.0053346821205679,0.0435521111949339,0.0286803602862173,0.0237028781747936,-0.2230079098370025,Alto
2025-12-24,87669.45,0.0020947114928907,39.025569217752405,42.81,-3.784430782247597,-0.0050665311576608,-0.0049312502815974,0.0883380698749678,0.0337467612720281,0.0220237494360919,-0.2284267780851825,Alto
2025-12-25,87225.27,-0.0050794095442267,38.8907798146643,42.55,-3.659220185335698,0.0016542224518192,0.0144478773181211,0.1115102309227589,0.0493487724371617,0.0229299376201415,-0.2587466911824979,Alto
2025-12-26,87369.56,0.0016528557328896,36.92693094085387,41.04,-4.113069059146127,0.0058080869355414,0.0031894403497052,0.0942575423293881,0.0742838810221775,-0.0080027872407735,-0.2668138651493723,Alto
2025-12-27,87877.01,0.0057912850251953,36.83807775678761,41.83,-4.991922243212386,0.0008614312207482,0.0109474594094631,0.0873257977257078,0.0668088274737614,0.005349180633251,-0.2263273409052038,Médio
2025-12-28,87952.71,0.0008610604018155,36.80019949724806,42.11,-5.309800502751941,-0.0081359630646969,0.0232217972590043,0.08180600688711,0.0387873210501414,0.0147498581908391,-0.2327106236976667,Médio
2025-12-29,87237.13,-0.0081692406318066,36.90879911974695,42.25,-5.341200880253048,0.0143099618247413,0.0388696877121013,0.0737760400875178,0.0442799986657058,0.0236465825961949,-0.2449075296264331,Médio
2025-12-30,88485.49,0.0142085407306048,37.20106335687357,42.79,-5.588936643126431,-0.0094622293440427,0.0344038327639932,0.0468496021212063,0.0243632035037608,-0.0433441686314898,-0.2431159052179065,Médio
2025-12-31,87648.22,-0.0095072806518879,33.704082696811945,43.01,-9.305917303188052,0.0135863569163183,0.0708684101057615,0.0088928217823476,0.0325902796428723,-0.038651440953393,-0.2495401503875378,Médio
2026-01-01,88839.04,0.013494889906895,27.807990616437483,42.22,-14.412009383562516,0.0130133103644525,0.055256450317338,0.0069303990677973,0.024478089812767,-0.1136656812140247,-0.2252273324880592,Baixo
2026-01-02,89995.13,0.0129293647305218,26.973168852483653,43.43,-16.456831147516347,0.0070323805299241,0.0152122675971466,-0.0048387062722172,0.014457115623923,-0.1447513882140066,-0.240647799497595,Baixo
2026-01-03,90628.01,0.0070077686612814,26.602257216321405,44.4,-17.797742783678594,0.0099496833263799,0.0052078821988921,-0.0113403130003626,0.0528091701450799,-0.1311890220253098,-0.1981864105810112,Baixo
2026-01-04,91529.73,0.0099005111234531,24.655896884784035,44.39,-19.73410311521597,0.0254559911845038,-0.0097066821894918,-0.0251764098943588,0.0592381295126731,-0.1721792471145713,-0.2254896851547578,Baixo
2026-01-05,93859.71,0.0251373831135929,26.166013148938067,43.94,-17.77398685106193,-0.0011905001624232,-0.0357449431710369,-0.0765967634035946,0.0185925356044676,-0.2204767093356671,-0.2742996968560844,Baixo
2026-01-06,93747.97,-0.0011912093706725,25.77963374963551,44.09,-18.31036625036449,-0.0254278572645358,-0.0291667115565276,-0.0576107407979074,0.0192320964389949,-0.3289469627982344,-0.2825134240240081,Baixo
2026-01-07,91364.16,-0.0257567322610848,27.28471801560652,44.64,-17.35528198439348,-0.0028913963637382,-0.0007438365328374,-0.0231399270786268,0.0414124094174346,-0.2274841688469527,-0.2779313026026836,Baixo
2026-01-08,91099.99,-0.0028955845252425,26.1712935018994,43.24,-17.0687064981006,-0.0050352365571061,0.0473546704011711,-0.0197585093038978,0.0282453378974025,-0.2394139670048262,-0.2488236277523191,Baixo
2026-01-09,90641.28,-0.0050479560758538,26.110486049615712,40.52,-14.40951395038429,-0.0015068189681346,0.0696205967082548,-0.0660970365820076,0.0219515876210045,-0.2240800218178736,-0.2282916790230675,Baixo
2026-01-10,90504.7,-0.0015079553615388,26.04782955663036,41.03,-14.982170443369643,0.0056234648587309,0.0563517695766075,-0.0689932125071957,-0.022949526378188,-0.2250347219536664,-0.22443961473824,Baixo
2026-01-11,91013.65,0.0056077122089449,24.67576427754281,41.68,-17.00423572245718,0.0031044793830377,0.0498528517425684,-0.1348430702427603,-0.0171284197480268,-0.2436157653275086,-0.2249366990555812,Baixo
2026-01-12,91296.2,0.003099670437196,24.69919544095873,41.27,-16.570804559041274,0.0451037392574937,0.0421876266482066,-0.1569396097537465,-0.0190208354783659,-0.2652211154462068,-0.223078288033894,Baixo
2026-01-13,95414.0,0.0441161525063742,27.95461674364883,41.69,-13.735383256351168,0.0161169220449828,-0.0182453308738759,-0.174768797031882,-0.0609317290963591,-0.3054250948498124,-0.2536530278575472,Médio
2026-01-14,96951.78,0.0159884232879441,27.64459437358272,40.81,-13.165405626417282,-0.0138932982973597,-0.0445662782055161,-0.2184753080345713,-0.0796936373937642,-0.2898123170095483,-0.248954067681893,Médio
2026-01-15,95604.8,-0.0139907134975526,27.48120608861492,40.61,-13.12879391138508,-0.0005633608354392,-0.0750709169414087,-0.2347054750389101,-0.0934517932154034,-0.2696710834602447,-0.2167268798219336,Médio
2026-01-16,95550.94,-0.0005635195827788,26.704094337146085,38.27,-11.565905662853918,-0.0042194247382599,-0.063800628230345,-0.3416091981931313,-0.075392874209296,-0.2796242506876436,-0.2264925912816765,Médio
2026-01-17,95147.77,-0.0042283516305704,26.58137599489361,39.08,-12.498624005106386,-0.0154983138333142,-0.0587307511253285,-0.2582037392994077,-0.0619853728573985,-0.2759427782700531,-0.2512011579462136,Médio
2026-01-18,93673.14,-0.0156196681906746,25.008193629649288,40.23,-15.22180637035071,-0.0111252809503342,-0.0434796997303603,-0.2603068499678775,-0.0466852077340419,-0.2793716533896482,-0.2534679631749293,Baixo
2026-01-19,92631.0,-0.0111876297516868,25.29534188879705,39.7,-14.404658111202943,-0.0453772495169003,-0.0367658775140071,-0.2407468342131683,-0.0861573339378825,-0.2825188111971154,-0.2387998618173182,Baixo
2026-01-20,88427.66,-0.0464390422167479,30.014329489008144,42.23,-12.215670510991853,0.0116148046889399,-0.0198727411762338,-0.2068318894789255,-0.0471251868476446,-0.2422763420404883,-0.2206271205186251,Médio
2026-01-21,89454.73,0.0115478706304071,30.28303461017408,40.14,-9.856965389825923,0.0011731073359675,-0.0123822407154993,-0.2304343213600891,-0.1197660537346655,-0.2396152780294569,-0.2414151828528239,Médio
2026-01-22,89559.67,0.0011724197832196,29.95031663874834,38.88,-8.929683361251662,0.0004532173912654,-0.0034576947413942,-0.2509740154245766,-0.1405929700276921,-0.2409984315484861,-0.2082770068268451,Médio
2026-01-23,89600.26,0.0004531147192842,29.94182017726571,38.06,-8.118179822734291,-0.0041843628578756,-0.0033512179540549,-0.2603573918200683,-0.1212234205570385,-0.245053529978596,-0.2125386689726122,Médio
2026-01-24,89225.34,-0.004193141802223,29.92511893619044,38.27,-8.344881063809567,-0.0286351388518104,-0.0512766888868116,-0.2283138399920918,-0.1507994253650363,-0.2753625819750308,-0.2004902418976492,Médio
2026-01-25,86670.36,-0.029053123136142,31.589194996999165,41.16,-9.570805003000832,0.019345944795891,-0.0278050073866082,-0.1943849085200523,-0.155814859889817,-0.2608989970735093,-0.205953338603878,Médio
2026-01-26,88347.08,0.0191611910276511,32.225249915451485,38.75,-6.524750084548515,0.0102201453630386,-0.1087301357328391,-0.220884493296213,-0.2879237208518945,-0.2304438358347554,-0.2483364475656694,Médio
2026-01-27,89250.0,0.0101682728080736,32.418453093634376,38.2,-5.781546906365627,0.0005601120448179,-0.1376110924369746,-0.2280960224089636,-0.2091847619047619,-0.2438635294117648,-0.2562797759103641,Médio
2026-01-28,89299.99,0.0005599552406158,32.29356968444843,38.0,-5.706430315551572,-0.0520697706685073,-0.1182685462786726,-0.2440814383069919,-0.2240830038166857,-0.2623504213158366,-0.2607957738853051,Médio
2026-01-29,84650.16,-0.0534743771871527,36.96240233774544,41.55,-4.587597662254559,-0.004603299036883,-0.1049017509240384,-0.2148744904912171,-0.169164240209351,-0.208822995727356,-0.2109008417704113,Alto
2026-01-30,84260.49,-0.0046139268457584,36.84850081168277,40.45,-3.6014991883172343,-0.065504010242523,-0.1316709646478439,-0.2048025118296844,-0.1676051254864528,-0.2193675826001012,-0.1896026239581565,Alto
2026-01-31,78741.09,-0.0677479434199895,43.52101499038501,47.58,-4.058985009614986,-0.0225153093511912,-0.2010542399146366,-0.1361561035032662,-0.1257259710273252,-0.1258685903382845,-0.1349634606277358,Alto
2026-02-01,76968.21,-0.0227726489856116,44.00949286893572,48.27,-4.26050713106428,0.0230017042100887,-0.0829946545463381,-0.1168310916935707,-0.1284386112136426,-0.1121269417594615,-0.130784125030321,Alto
2026-02-02,78738.61,0.0227411528626167,44.6517826448552,46.29,-1.6382173551448034,-0.0376994209067189,-0.12000757950896,-0.140911936342285,-0.1583268995985578,-0.0771138835191527,-0.1495366758442903,Alto
2026-02-03,75770.21,-0.0384284248395607,46.49221883325493,51.74,-5.247781166745078,-0.0343720836988574,-0.0717937828072536,-0.1466828454085056,-0.0912792771723873,-0.0643985281286669,-0.1117825857946019,Médio
2026-02-04,73165.83,-0.0349766987828992,47.25981364513824,53.47,-6.210186354861754,-0.1401743136106021,-0.0413831155882465,-0.1244799655795608,-0.0456890873786302,-0.0690460287267976,-0.0564696662362745,Médio
2026-02-05,62909.86,-0.1510256005239137,70.76990701014249,82.62,-11.850092989857515,0.1219268330910288,0.0942845843243014,0.0807215275951971,0.0941461322597125,0.0691950355635826,0.0944812148683846,Médio
2026-02-06,70580.26,0.1150475938253494,80.85813948799017,58.85,22.00813948799017,-0.0182895330790788,-0.0495569157722002,-0.0438519212028972,-0.0239136268412726,-0.0653023947488999,0.0190415847150464,Alto
2026-02-07,69289.38,-0.0184588543043171,81.10779257698756,59.35,21.75779257698756,0.0150239473928039,-0.0435450569769856,-0.0493189576815379,-0.025773935341895,-0.0123715928761377,0.0256973002211882,Alto
2026-02-08,70330.38,0.0149122057058759,81.25533343905637,57.29,23.965333439056373,-0.0027353755233514,-0.0209926350461919,-0.047733568338462,-0.0550171917171499,-0.0054279530410613,0.0207248986853192,Alto
2026-02-09,70138.0,-0.0027391234992863,81.25924803524303,54.46,26.799248035243032,-0.018487980837777,-0.0044918589067267,-0.0621849781858621,-0.0446871881148593,0.000767914682483,0.0402734608913855,Alto
2026-02-10,68841.29,-0.0186610196327817,81.4960602486465,54.84,26.656060248646497,-0.0255481848175708,-0.0001265229050761,-0.0001631288431694,-0.0119300495385835,0.0246952083553344,0.061037060752348,Alto
2026-02-11,67082.52,-0.0258802069394735,81.98737335613124,55.29,26.697373356131244,-0.0120798980121796,0.0269803519605402,0.0187154567240466,0.0133180745147913,0.0573544345084233,0.0545367109047183,Alto
2026-02-12,66272.17,-0.0121534529376775,80.64185280057342,55.28,25.361852800573416,0.0389573783384489,0.0185801973890398,0.0964899746001979,0.0206908872910001,0.0745377735480821,0.1229146412438284,Alto
2026-02-13,68853.96,0.0382176894647478,81.54576718840407,52.04,29.50576718840407,0.0140731193964731,-0.0347541375978956,0.0295808694227608,-0.060968751833591,0.0575316220011166,0.076649040955669,Alto
2026-02-14,69822.95,0.0139750124276553,81.5454396242218,49.89,31.6554396242218,-0.0141840182919799,-0.0403766956280134,-0.0244751904638803,-0.0825631114125082,0.0724936428495215,0.0714240804778372,Alto
2026-02-15,68832.58,-0.0142855729250263,81.69730429035297,51.28,30.417304290352973,0.0008695010415125,-0.0118050202389625,-0.0228041720940868,-0.012269480527971,0.0737554803263222,0.0918418283899862,Alto
2026-02-16,68892.43,0.0008691232444626,81.68455275712155,52.19,29.49455275712156,-0.0201605604563518,-0.0133033484230415,-0.0424027719736406,-0.0204267725786417,0.034170808026368,0.1187295904644387,Alto
2026-02-17,67503.52,-0.0203665579406587,81.81167142468036,52.01,29.80167142468036,-0.0154439353681112,0.002072188235517,0.0137569122321323,-0.0241679248726585,0.0359459773357002,0.1213009336402011,Alto
2026-02-18,66461.0,-0.0155644352091181,81.89868960496183,53.67,28.22868960496183,0.0081661425497658,-0.0271584839229022,0.0524763395073804,0.0077076781872074,0.060933931177683,0.1104525962594602,Alto
2026-02-19,67003.73,0.0081329800253017,80.33093165273671,52.66,27.670931652736712,0.0151675138085596,-0.0439614331918535,0.0475813809171519,-0.018316293734692,0.0285713944581891,0.1318917618466912,Alto
2026-02-20,68020.01,0.0150536371114734,80.40152394216653,51.43,28.97152394216653,-0.0006480445974648,-0.0004700087518364,0.0370674747033998,0.0119089956029116,-0.0023670975643783,0.1222601996089092,Alto
2026-02-21,67975.93,-0.000648254669127,80.40080187151254,51.7,28.70080187151254,-0.0048918786399833,-0.0072194672437728,0.0434575885905497,0.0053264442281262,0.0431111424293864,0.1500869498953527,Alto
2026-02-22,67643.4,-0.0049038830436894,80.4188398960324,52.0,28.418839896032395,-0.0441636582430805,-0.0261858510955982,0.0527553316361981,0.0742625296776922,0.0430690946936436,0.1569122782119172,Alto
2026-02-23,64656.02,-0.0451685712163617,81.93457710703966,56.1,25.834577107039657,-0.0092469347788496,0.0358395088345988,0.1261942816770969,0.0964287625498756,0.1033238668263218,0.197678576565647,Alto
2026-02-24,64058.15,-0.0092899530772159,81.37000841539844,57.77,23.60000841539844,0.0613487901227243,0.026824377538221,0.1690108128317786,0.0633154407362686,0.0743412040466358,0.2117896005426318,Alto
2026-02-25,67988.04,0.0595405427658225,83.71216046742654,53.59,30.12216046742654,-0.0073963008788016,0.0123848253310436,0.0870935535132357,-0.0106655523530313,-0.0232505599514266,0.1569321604211566,Alto
2026-02-26,67485.18,-0.0074237891369714,83.6770673862898,52.19,31.48706738628981,-0.0239027294585268,0.0126371449257451,0.055736089019841,-0.0224342588995094,-0.0164206422802754,0.1464934967944076,Alto
2026-02-27,65872.1,-0.0241930350949816,84.10128011134358,52.55,31.551280111343587,0.0167166372409561,0.1031494365596359,0.0616027119220428,0.0388641017972706,0.0021075690618637,0.1589545498018127,Alto
2026-02-28,66973.26,0.0165784521278679,82.2104486684059,55.21,27.0004486684059,-0.0178696691784152,0.0584928970159135,0.0528191400567927,0.0444262381732651,-0.0026262720375266,0.1314963613836328,Alto
2026-03-01,65776.47,-0.0180312596565804,82.43497332684417,55.07,27.36497332684417,0.0464237439315304,0.0355377842562849,0.0477625205487615,0.067127196093071,0.0381292884826443,0.1606972827821255,Alto
2026-03-02,68830.06,0.0453783925294239,80.54586858239432,53.38,27.16586858239432,-0.007148911391331,-0.0227683950878437,-0.0141080801033733,0.0248623929719078,-0.010404465723261,0.1365837833063055,Alto
2026-03-03,68338.0,-0.0071745873014225,80.19229485199355,55.41,24.782294851993555,0.0633435277590799,-0.034633732330475,0.0375845064239515,0.0379291170359097,-0.0210133454300681,0.147822148731306,Alto
