date,close,ret,iv_30d,rv_30d,vrp_30d,ret_fut_1d,ret_fut_5d,ret_fut_10d,ret_fut_20d,ret_fut_30d,ret_fut_60d
2021-04-22,51690.96,-0.03976060378705051,87.39,58.87011924300799,28.51988075699201,-0.011006558547651292,0.06226788662357374,0.09034101745908309,-0.040660825231073616,-0.3222834109687534,-0.4918432356860283
2021-04-23,51125.14,-0.011006558547651292,89.31,57.49328990999594,31.816710090004065,-0.02129700475873513,0.07025691637761536,0.11174226254164912,-0.028855694926273028,-0.3888271234353581,-0.4527421528184388
2021-04-24,50047.84,-0.02129700475873513,94.08,57.570514641305095,36.5094853586949,-0.019797324384079943,0.0677298152298037,0.06107923633071678,-0.004132380832874142,-0.2546547244860079,-0.3961324642926069
2021-04-25,49066.77,-0.019797324384079943,93.46,51.86861079024601,41.591389209753984,0.09582776337101846,0.1619758382210031,0.15749117600273888,-0.0480899455016542,-0.24708690480759285,-0.34750659152907726
2021-04-26,54001.39,0.09582776337101846,82.66,62.21728162687508,20.44271837312492,0.018541010943021647,0.0679853900681984,0.04334730851387168,-0.15103167876549198,-0.3192644786395352,-0.5363448761037894
2021-04-27,55011.97,0.018541010943021647,77.53,62.59378173209351,14.93621826790649,-0.003017528793609669,0.02807313083550933,0.041007209780813625,-0.2339157592007723,-0.3561141583548623,-0.5329898877969983
2021-04-28,54846.22,-0.003017528793609669,76.96,61.43683513422546,15.523164865774532,-0.023824105906546798,0.041485346164033744,0.07066330148208028,-0.24683275828156231,-0.43040579271646406,-0.45778378394743546
2021-04-29,53555.0,-0.023824105906546798,80.2,61.43647891629698,18.763521083703026,0.07444869860711945,-0.006650578899086934,0.08387766364474912,-0.3782024718679463,-0.43670664829843714,-0.439897966091557
2021-04-30,57694.27,0.07444869860711945,75.09,67.1312438928715,7.958756107128508,0.001837315218213768,-0.0044846622182642265,-0.033094786948558066,-0.3531983261744229,-0.4816536257370165,-0.4740938787506022
2021-05-01,57800.37,0.001837315218213768,76.15,67.13659808337424,9.013401916625767,-0.02137124828966742,-0.024638081554326723,-0.01974985394004411,-0.43928927394058775,-0.4392409555675976,-0.5003622270896378
2021-05-02,56578.21,-0.02137124828966742,79.09,67.50453905808668,11.585460941913325,0.01039468653491475,0.012934078945304281,-0.1310018426901567,-0.4126244284278365,-0.43303547479802124,-0.5239384997203231
2021-05-03,57169.39,0.01039468653491475,81.79,66.65364391834524,15.136356081654768,-0.07196003096966748,0.02917795531804651,-0.14059795746792214,-0.5005693859770072,-0.41984789073428097,-0.5259558209870351
2021-05-04,53200.01,-0.07196003096966748,87.96,70.78460291189685,17.17539708810314,0.07661461528794215,0.09052824254383604,-0.0652116171635909,-0.31573396081672467,-0.3041889268730266,-0.42820891867641353
2021-05-05,57436.11,0.07661461528794215,84.39,75.8161314013006,8.573868598699406,-0.018316104117848727,-0.028610124730293854,-0.20558112150439306,-0.4045780808103317,-0.4443876212955318,-0.48717246167975764
2021-05-06,56393.68,-0.018316104117848727,82.14,75.7824338122728,6.357566187727201,0.016200912209963583,0.004888227614282594,-0.19437898727936365,-0.3626117871534069,-0.4624526371323233,-0.5151518825420046
2021-05-07,57314.75,0.016200912209963583,80.56,74.93876905212737,5.6212309478726326,0.02663856290765698,-0.14393592163546098,-0.27492296898158586,-0.3971213681356759,-0.4707131922289548,-0.51574744700679
2021-05-08,58862.05,0.02663856290765698,83.57,74.37794984837805,9.192050151621942,-0.010609743743877945,-0.16977591278596868,-0.31749605976364254,-0.5010690941985443,-0.5620765511815982,-0.5528995851100539
2021-05-09,58240.84,-0.010609743743877945,86.05,74.47706419151079,11.572935808489206,-0.04252375198618774,-0.155739859707427,-0.46208013551269544,-0.5205843119431863,-0.5566056428945069,-0.5718527396384493
2021-05-10,55816.14,-0.04252375198618774,90.26,75.22615830516833,15.033841694831679,0.01518224822672772,-0.17697099677409922,-0.3201035392258649,-0.44855883878845837,-0.4007119402282266,-0.5011346302685129
2021-05-11,56670.02,0.01518224822672772,86.27,75.44548832956441,10.824511670435584,-0.13262323703978,-0.19926721489364627,-0.4195394200005436,-0.4194911016275535,-0.43513036736369926,-0.5256142162986754
2021-05-12,49631.32,-0.13262323703978,93.86,88.15594640119663,5.70405359880337,0.0007985717571492955,-0.13098704734612493,-0.28162258573767973,-0.3020336321078645,-0.2847717540921642,-0.37067307404435074
2021-05-13,49670.97,0.0007985717571492955,92.9,84.89415018339376,8.005849816606244,0.0034263093346637553,-0.1477201469776739,-0.3599714285090851,-0.27924993326635883,-0.3345899309045706,-0.4062913845293651
2021-05-14,49841.45,0.0034263093346637553,98.46,84.98881107409007,13.471188925909928,-0.06375488905286,-0.30634027580526846,-0.25052234365313375,-0.2389773097094357,-0.24475802417225614,-0.42056190585769476
2021-05-15,46762.99,-0.06375488905286,102.85,87.08271205933809,15.767287940661902,-0.007113969892819319,-0.1431325424517657,-0.1989969593059386,-0.2388064997911387,-0.143387962636013,-0.3540533830547739
2021-05-16,46431.5,-0.007113969892819319,105.28,86.80719402451912,18.47280597548088,-0.06434306949225864,-0.22027220510689738,-0.16823279987404322,-0.2680736498529597,-0.14550412217175213,-0.375999254286221
2021-05-17,43538.04,-0.06434306949225864,123.02,88.82300585377403,34.19699414622596,-0.0159345278743997,-0.15063553839155489,-0.12219839915409,-0.19579022324736894,-0.1269063260990241,-0.32734097205538737
2021-05-18,42849.78,-0.0159345278743997,117.01,86.55237636299985,30.457623637000154,-0.15519381949293082,-0.2122512815314112,-0.18357303443490172,-0.24458049141795563,-0.11767076016950034,-0.3070760250421819
2021-05-19,36690.09,-0.15519381949293082,124.83,100.45669306359109,24.37330693640891,0.0994528443006428,0.05581793215213468,-0.05850417643049084,-0.09452550738181142,-0.024004761504393124,-0.14371484278335114
2021-05-20,40526.64,0.0994528443006428,119.77,107.60465024534467,12.165349754655324,-0.084253632547951,-0.055864416854172975,-0.1284552995625935,-0.0806084010023617,-0.1328855359024788,-0.273158335916095
2021-05-21,37252.01,-0.084253632547951,139.98,109.89639713377517,30.083602866224822,0.005293597223083863,0.052039405232854094,4.831837299012348e-05,-0.015590947363155638,-0.045355770871430647,-0.2235213875361351
2021-05-22,37449.73,0.005293597223083863,140.05,109.59982431393551,30.450175686064497,-0.07755027101425602,0.028437139237464815,-0.020411046370184774,-0.0031491683544844287,-0.16955982471727488,-0.15275782627517
2021-05-23,34655.25,-0.07755027101425602,156.2,112.05038124719626,44.14961875280373,0.11287539419061506,0.028678247096509416,0.0807214952427262,0.02538149760451445,-0.06391502938308075,-0.07075885026680238
2021-05-24,38796.29,0.11287539419061506,125.12,120.26642305996324,4.85357694003676,-0.012229504705664857,-0.11432210858262558,0.011545033943698067,0.005764319480877633,-0.14147773980659897,-0.14278448754009354
2021-05-25,38324.72,-0.012229504705664857,129.11,120.20581198756643,8.904188012433579,0.02365018953907607,-0.07259088270842054,-0.03980954048520005,0.05560899666992562,-0.10041968672148442,-0.11217091809097518
2021-05-26,39241.91,0.02365018953907607,117.02,114.85882801168879,2.16117198831121,-0.018308668772305418,-0.051991086859864026,-0.09984084997891643,0.022728677702291096,-0.21708039746425423,-0.10356979017075367
2021-05-27,38529.98,-0.018308668772305418,107.26,114.3986877402228,-7.138687740222792,-0.07730916315521141,-0.04884818560764964,-0.07359182409327891,-0.0047079269449340905,-0.176875729442136,-0.034117636061170915
2021-05-28,35663.49,-0.07730916315521141,122.55,116.58906151585722,5.960938484142773,-0.030124961488519942,0.05204324814621674,-0.06100745698305389,0.06590227426540139,-0.027377991230971427,0.10110604401827045
2021-05-29,34605.15,-0.030124961488519942,129.3,116.67420954586132,12.625790454138695,0.02950172116854018,0.12586714252632358,-0.03602133095132056,0.03449941492609774,-0.003191317793119839,0.14536581967424314
2021-05-30,35641.27,0.02950172116854018,123.61,113.36505379796935,10.244946202030647,0.04424998538763259,0.03278134222322043,0.047846898560231776,-0.004430236339885327,0.0075597469864143035,0.11578713317854493
2021-05-31,37253.81,0.04424998538763259,106.47,115.15866670932549,-8.688666709325489,-0.015165767520091036,-0.04784976311905246,-0.01563926573614574,-0.04540408924442075,-0.061121271522040194,0.12481693604345341
2021-06-01,36693.09,-0.015165767520091036,108.23,115.13336229553468,-6.903362295534677,0.02358227059865497,-0.024743638485629327,0.017261878015700366,-0.14914877834709006,-0.09090302492230187,0.12218479100839065
2021-06-02,37568.68,0.02358227059865497,103.17,115.58232692532549,-12.412326925325488,0.04369893289158691,-0.11305070512927068,-0.05533999763821175,-0.14463652462580695,-0.10610793025275408,0.0588372450266625
2021-06-03,39246.79,0.04369893289158691,99.19,115.32217469156384,-16.132174691563847,-0.06358407913456297,-0.1618884734776442,-0.005780714462820427,-0.15302277375029705,-0.1240199918033869,-0.002524919827514214
2021-06-04,36829.0,-0.06358407913456297,102.91,112.37867186226147,-9.468671862261473,-0.03638111995464031,0.015065556337011274,0.09541853715512569,-0.06061014623628434,-0.042784840384225906,0.03673447524826125
2021-06-05,35513.2,-0.03638111995464031,108.52,112.62593640586613,-4.105936405866132,0.007940357113332096,0.03221049738290665,0.12256952768120755,-0.1172395474853378,-0.05269924540968129,0.11203043803999199
2021-06-06,35796.31,0.007940357113332096,105.93,112.37064553646204,-6.4406455364620285,-0.06472479604498639,0.04200551650132962,0.06888389714834484,-0.10328390534885706,-0.04503425477783515,0.13236697768861408
2021-06-07,33552.79,-0.06472479604498639,108.32,112.55775374594185,-4.237753745941859,-0.005138835456786614,0.05771070749105887,0.1269097312484553,0.033629465752082505,0.00917696607154432,0.24427916092837096
2021-06-08,33380.81,-0.005138835456786614,111.04,112.62362322196373,-1.5836232219637196,0.11336995068009252,0.1561077590148237,0.07052074587741831,0.03283001315820077,-0.01524709674394235,0.28913679037387546
2021-06-09,37388.05,0.11336995068009252,105.82,121.24471973812601,-15.424719738126015,-0.019236178908744933,0.08035298081811434,-0.05227713490011708,-0.04028715157381744,-0.10042269004028624,0.15815413566086628
2021-06-10,36675.72,-0.019236178908744933,99.46,120.81866027713014,-21.35866027713014,0.01773537623175507,0.09035903029830081,-0.02976482350827498,-0.04548200578589438,-0.09048384893497609,0.2320200190317791
2021-06-11,37331.98,0.01773537623175507,97.22,113.4772422121882,-16.257242212188203,-0.04901960505525715,0.026878380647015136,-0.1664106563627904,-0.10816490293800218,-0.08590131995218657,0.19972816369649724
2021-06-12,35546.11,-0.04901960505525715,99.39,114.23655203307948,-14.846552033079476,0.09325821606697823,0.06919902375739635,-0.08929652698759516,-0.050767932614542266,-0.07170145362479441,0.2471233280651677
2021-06-13,39020.57,0.09325821606697823,102.86,119.83944189578762,-16.979441895787616,0.03761517248338315,-0.08558701313740547,-0.14724205928747658,-0.11823927734056641,-0.1758038816854386,0.12912800368036176
2021-06-14,40516.29,0.03761517248338315,98.88,119.13462282639027,-20.254622826390275,-0.009230129428558456,-0.1326301157182315,-0.15602868339141002,-0.13820337753935155,-0.21066542041876085,0.1653215240323682
2021-06-15,40144.04,-0.009230129428558456,96.77,119.14212809828418,-22.37212809828418,-0.04574527341953061,-0.12012385380657589,-0.23980907516654532,-0.17526877309088879,-0.23049513211446881,0.15913021389359594
2021-06-16,38349.01,-0.04574527341953061,95.25,118.14572149681794,-22.89572149681794,-0.006698961944875928,-0.19328903700980565,-0.1721678024972019,-0.11391815192617995,-0.20043464595636323,0.2028617126225249
2021-06-17,38092.97,-0.006698961944875928,95.28,118.07446285541252,-22.79446285541252,-0.06152782082782359,-0.1584955507449916,-0.0932802654963728,-0.11773276517691093,-0.1894052648726815,0.18646347057465962
2021-06-18,35819.84,-0.06152782082782359,94.73,106.96878930325052,-12.238789303250513,-0.00942793009744289,-0.061655046150071204,-0.03769073271921756,-0.08576784262136061,-0.11971008127895799,0.22138096364363113
2021-06-19,35483.72,-0.00942793009744289,91.89,100.68245540936738,-8.792455409367378,0.0032761324830971688,-0.02339856767317859,0.01198998332629965,-0.04814555514016909,-0.1402728000136162,0.2310178393895681
2021-06-20,35600.16,0.0032761324830971688,95.63,96.48993766559107,-0.859937665591076,-0.11891045662276035,-0.11968522135996951,-0.015717182277619413,-0.060719025426701045,-0.17816561666470443,0.27269126348195155
2021-06-21,31608.93,-0.11891045662276035,106.23,104.7589763240091,1.4710236759909066,0.028094524319938106,0.02112123451260365,0.05824575342478822,0.0805093364106039,0.01680199844210488,0.44494008253798034
2021-06-22,32509.56,0.028094524319938106,107.01,102.08000559270722,4.9299944072927815,0.0353126837670968,0.0652152852486187,0.03852859437305288,0.0175950733628008,-0.006843820883721599,0.40664416827793126
2021-06-23,33678.07,0.0353126837670968,102.21,94.3761050974463,7.833894902553695,0.028828548379449724,0.02396431343085355,0.02900278194691018,-0.02856182239796193,-0.0013067477334945121,0.37984357671675023
2021-06-24,34663.09,0.028828548379449724,100.99,95.04891025060085,5.94108974939914,-0.09301052120369376,0.035388550999478144,0.01782530585205846,-0.0546367370273508,-0.011751231369490727,0.35607195960259974
2021-06-25,31584.45,-0.09301052120369376,105.3,99.48531186379425,5.814688136205746,0.021895999249812816,0.10396803908235001,0.06454030207565653,0.00931394305207656,0.1135106072935006,0.41172147480051713
2021-06-26,32283.65,0.021895999249812816,106.7,99.90961161634982,6.790388383650182,0.07218857505595316,0.03712451891218446,0.058249650571021945,-0.028266843459161282,0.14275809338096512,0.4167147499065582
2021-06-27,34700.34,0.07218857505595316,106.41,100.06842459534948,6.341575404650513,-0.005938288050668354,-0.026686690875565935,-0.024452499680538135,-0.09612499937630865,0.12848403524924193,0.30007067183169117
2021-06-28,34494.89,-0.005938288050668354,104.3,99.53395581658138,4.7660441834186145,0.04025278594807432,0.005038468516056518,-0.04807710990214306,-0.08201934855974038,0.14855713746736302,0.3524346150696661
2021-06-29,35911.73,0.04025278594807432,98.86,100.00599842651016,-1.145998426510161,-0.024431033120821895,-0.0175632451474198,-0.060135538466468755,-0.15226278333991577,0.10822738619213067,0.30861831686164315
2021-06-30,35045.0,-0.024431033120821895,104.51,99.067878739424,5.442121260576002,-0.04494752092035272,-0.03942773700669359,-0.045001843149081636,-0.16244843438708495,0.18593820756549365,0.3304379242134287
2021-07-01,33504.69,-0.04494752092035272,102.38,100.1038357878009,2.2761642121990917,0.008377365268202767,0.021125131658837365,0.022263582985815683,-0.041443754982683295,0.21308781593069256,0.3380984895321476
2021-07-02,33786.55,0.008377365268202767,99.23,99.73489185043766,-0.5048918504376587,0.025786871340954098,0.0022341911950276815,-0.020933521010252084,-0.04537241525677443,0.16494517527941663,0.3322291025097369
2021-07-03,34669.13,0.025786871340954098,98.02,98.85900423679165,-0.8390042367916521,0.017651072284598005,-0.0531155784181997,-0.05756460434487211,-0.030309529680404637,0.12149507197587271,0.34209619775581446
2021-07-04,35286.51,0.017651072284598005,95.89,96.74871376963772,-0.858713769637717,-0.04629552498009569,-0.042572293319049076,-0.07246204287940926,-0.029576537221549144,0.07951931563248721,0.33334040401483517
2021-07-05,33690.14,-0.04629552498009569,96.39,97.26001136381002,-0.870011363810022,0.01560534774517823,-0.005574106142388166,-0.05522635902357996,0.04897030521784412,0.16472968344967331,0.39480059233462966
2021-07-06,34220.01,0.01560534774517823,95.74,97.39285385486247,-1.652853854862471,-0.010513575195606917,0.0011384513269781966,-0.08651649403018322,0.08450844280994324,0.1774012324664493,0.377523819812472
2021-07-07,33862.12,-0.010513575195606917,94.93,94.76371466418406,0.1662853358159424,-0.029562898272273284,-0.023167712205279887,-0.07167249969577051,0.1529365349297801,0.23510219485682665,0.42426038467356514
2021-07-08,32875.71,-0.029562898272273284,94.43,95.32163939291001,-0.8916393929100082,0.028194357383748637,-0.004449025926672533,-0.03394223865759731,0.19663424736950613,0.30438388711781783,0.47119612411055956
2021-07-09,33815.81,0.028194357383748637,90.89,86.7597726362681,4.130227363731905,-0.009297337803434783,-0.029889749560360314,-0.09212724487344703,0.16836292465859948,0.2585768257011526,0.3263155841101424
2021-07-10,33502.87,-0.009297337803434783,90.57,86.59979922570763,3.9702007742923655,0.022317905214544593,-0.04965225288119192,-0.1174465912380033,0.23094005071457532,0.32250386796675523,0.318059955984719
2021-07-11,34258.99,0.022317905214544593,88.71,86.75262372051067,1.9573762794893241,-0.034819738727865,-0.08765494535716153,-0.06370733796849898,0.19082423294487696,0.28562948364868385,0.3032457003493866
2021-07-12,33086.63,-0.034819738727865,90.51,85.93932185019094,4.570678149809069,-0.01084421199366593,-0.04850478749049075,-0.024438894246522343,0.1858786962896688,0.3188247816899622,0.3042146048641551
2021-07-13,32729.77,-0.01084421199366593,90.81,78.7250616836589,12.084938316341109,0.002753633750060858,-0.029493212730924905,0.02725507466446747,0.1790596763207449,0.3049318853658004,0.3222297764218222
2021-07-14,32820.02,0.002753633750060858,86.97,77.2268282198625,9.743171780137502,-0.029059841124266395,-0.06223749531308685,0.04288550565786012,0.15198135851189654,0.3759869444511291,0.3381512466165705
2021-07-15,31880.0,-0.029059841124266395,85.55,77.60699510960322,7.943004890396779,-0.015684787261425026,-0.06779433835681152,0.1041966642414241,0.21995604247325334,0.3896253460080648,0.34336565658396784
2021-07-16,31383.87,-0.015684787261425026,82.59,76.45111941643052,6.138880583569488,0.004330419138805793,0.023947607388662445,0.17102493684012646,0.26391772649663253,0.4032963585788882,0.40622349044276707
2021-07-17,31520.07,0.004330419138805793,82.78,76.54753187528904,6.232468124710962,0.008167362765899914,0.024065893243968284,0.2246090346255506,0.30677469455259726,0.3758687354473412,0.42310270662343086
2021-07-18,31778.56,0.008167362765899914,83.52,74.03940090419665,9.480599095803342,-0.029990648832101084,0.056748287395392255,0.23057648602710346,0.33832612577541527,0.3410910449225892,0.4069321072893499
2021-07-19,30839.65,-0.029990648832101084,88.46,74.57494452947861,13.88505547052138,-0.03461668416799106,0.10512300097094686,0.2604901695320465,0.3507040705745997,0.37129063940318435,0.4277086729316226
2021-07-20,29790.35,-0.03461668416799106,91.49,75.23476529999859,16.25523470000141,0.07605715848404894,0.1719910025982355,0.3483866419525786,0.4399504592047586,0.45085688014665604,0.4830967232365534
2021-07-21,32144.51,0.07605715848404894,87.86,68.85260968285539,19.007390317144612,0.0044487049941116285,0.14707732945146387,0.2545315709133759,0.34933682161718294,0.42813808409587556,0.3850363614709877
2021-07-22,32287.83,0.0044487049941116285,84.64,68.15289767528023,16.48710232471977,0.040849756917323884,0.2005431413815822,0.2103175905361911,0.34326367593648455,0.41348798916165286,0.28687292650273244
2021-07-23,33634.09,0.040849756917323884,81.75,68.5425778337296,13.207422166270405,0.01838406474345351,0.17382819863171106,0.1518046016562774,0.27767681070133293,0.38115032445024477,0.19153231735958653
2021-07-24,34258.14,0.01838406474345351,81.31,68.08413012095916,13.225869879040843,0.03225131745929758,0.15536716856109953,0.10909585285403639,0.33310143879326903,0.36782319097209054,0.2398387639298128
2021-07-25,35381.02,0.03225131745929758,83.9,60.200162458076335,23.69983754192367,0.05114348533727734,0.17639563935434302,0.11575937823182922,0.28542868176664077,0.29821086750701653,0.23748825773305804
2021-07-26,37237.6,0.05114348533727734,87.68,62.14083480621121,25.539165193788797,0.05791451692422995,0.10745424146191189,0.09289278965650608,0.23227142173876175,0.27395665652559315,0.13946603121361023
2021-07-27,39457.87,0.05791451692422995,91.84,60.36545753533483,31.47454246466517,0.014134814167452743,0.009774449154608747,0.0821656599270466,0.1512597008217906,0.17158663658244933,0.07827757549069773
2021-07-28,40019.56,0.014134814167452743,95.68,60.34372844480802,35.336271555191985,-7.696532715802908e-05,-0.022023596975433803,0.10774963974831178,0.11051455889548577,0.20387747760230313,0.07556665822145643
2021-07-29,40016.48,-7.696532715802908e-05,93.24,58.998995611728425,34.24100438827157,0.05327978825254109,-0.04627131570706329,0.09021390104255314,0.11080046987113788,0.20039093066951252,0.05188044250629703
2021-07-30,42206.37,0.05327978825254109,93.49,60.55691877697863,32.93308122302137,-0.017797912555153794,-0.06063626112251394,0.09156381725217994,0.10247023819407741,0.14449971664793512,-0.028351983159630983
2021-07-31,41461.83,-0.017797912555153794,89.55,58.371929466852436,31.17807053314756,-0.03976527538307319,-0.01456145180540596,0.09480525070380695,0.17360651318249967,0.12501067360145507,0.0015050714339709063
2021-08-01,39845.44,-0.03976527538307319,89.3,60.61209598987573,28.687904010124264,-0.017663231962589804,0.0723912107724377,0.13294608540029346,0.20317039862546182,0.16728392723032037,0.0951759247932555
2021-08-02,39147.82,-0.017663231962589804,88.52,60.67631873006545,27.84368126993455,-0.024324684058787516,0.1297732367237454,0.12587220904505556,0.22934572279396742,0.2206011257799418,0.20680213830003152
2021-08-03,38207.05,-0.024324684058787516,89.04,61.25580021105327,27.784199788946736,0.03891484283709042,0.13648521674961628,0.22400558593923264,0.2587273381180542,0.253821088382348,0.22054563230162608
2021-08-04,39723.18,0.03891484283709042,91.94,59.8815502253522,32.0584497746478,0.028276896761954197,0.15220007837469374,0.16966930353481152,0.1824514892751874,0.2300709088849564,0.19342433213014476
2021-08-05,40862.46,0.028276896761954197,96.09,60.31250259837538,35.77749740162462,0.04718738719477047,0.10936670250921277,0.1393786320822557,0.1810638668690871,0.2001225873460228,0.18618861247438515
2021-08-06,42836.87,0.04718738719477047,93.62,61.67720950881645,31.94279049118355,0.03971879398871793,0.06055487462785561,0.069094040894744,0.08942097665540277,0.18915818981673854,0.18363859586427336
2021-08-07,44572.54,0.03971879398871793,97.27,61.12141567705818,36.148584322941815,-0.01761270403291667,-0.003901027678690043,0.002764919147173972,0.0961278378539914,0.16681223699274172,0.21592614514616348
2021-08-08,43794.37,-0.01761270403291667,95.99,61.50617486791179,34.48382513208821,0.05462970446216788,0.0875203691896162,0.020586568828584735,0.11017702962695944,0.06773875840898987,0.20549343792757493
2021-08-09,46253.4,0.05462970446216788,106.97,63.181545266130136,43.78845473386986,-0.01455647910352678,0.01746922516011764,0.010906420941897456,0.05293589939575522,-0.0044439119820362145,0.15394922260699961
2021-08-10,45584.99,-0.01455647910352678,103.35,63.639344691329825,39.71065530867017,-0.0016244406865866849,0.030011929573042766,0.07880126247869271,0.030205422897648167,0.017616216700702767,0.18684008962881146
2021-08-11,45511.0,-0.0016244406865866849,100.53,61.75370794876199,38.77629205123801,-0.02473710831782772,0.00853916626688822,0.07022431322516835,0.034337841830026965,-0.014610176825807078,0.18315983043870546
2021-08-12,44399.0,-0.02473710831782772,98.06,62.54673453219428,35.513265467805724,0.07380869283538957,0.0066659468258638555,0.10347351374891188,0.09472891673488629,0.01729789105602186,0.2580696160985227
2021-08-13,47800.0,0.07380869283538957,100.3,66.28586840348952,34.01413159651048,-0.015421439567330678,-0.06693380036103162,0.03472175217882156,0.02981550244311543,-0.037835697834558604,0.15827122830641785
2021-08-14,47068.51,-0.015421439567330678,97.48,65.37319349525241,32.106806504747595,-0.002013774690601655,-0.006562804218220343,0.012782185740375832,0.0604016053501449,-0.0462596894240969,0.19786502517766988
2021-08-15,46973.82,-0.002013774690601655,98.69,64.7898359810211,33.9001640189789,-0.023097203992741226,0.04878933290564978,0.041685234786831435,0.06074395526376718,0.002927131863878968,0.1995464979000119
2021-08-16,45901.29,-0.023097203992741226,98.3,65.97094872160143,32.329051278398566,-0.02661032775885209,0.061685146958279966,0.02032693576065877,0.1200641489219946,0.04723397117608974,0.2953436081088533
2021-08-17,44695.95,-0.02661032775885209,96.68,67.36099389169301,29.319006108306993,0.00020894564849409231,0.09680756692304786,0.09336291870681743,0.16404731784556778,0.06584106236676078,0.30894905132072414
2021-08-18,44705.29,0.00020894564849409231,95.81,65.83346695350025,29.976533046499753,0.0449495565754806,0.10165555253985302,0.0895904607983747,0.04715218958040518,0.05641803352843837,0.31940588001577075
2021-08-19,46760.62,0.0449495565754806,94.5,64.52193090761114,29.978069092388864,0.05333836243326847,0.019344989958596008,0.042029478453857766,-0.015350332923933629,0.03223984308989743,0.28225168641760284
2021-08-20,49322.47,0.05333836243326847,93.06,62.26445602996152,30.79554397003848,-0.010201389940111036,-0.007104098118818514,-0.048595839581044534,-0.061185045777989895,-0.043101722624887845,0.2648779612757134
2021-08-21,48821.87,-0.010201389940111036,92.71,62.7630361666349,29.946963833365096,0.008512092205915797,-0.04135821119762136,-0.03588647139514139,-0.0848344900509754,-0.12661506265892036,0.30149773722957296
2021-08-22,49239.22,0.008512092205915797,94.83,62.01693285726666,32.81306714273334,0.005056931265299252,-0.0034446482162305975,-0.008744597014025593,-0.08617562269288997,-0.18961800709065824,0.2335544046522362
2021-08-23,49488.85,0.005056931265299252,93.64,62.037550004425846,31.602449995574155,-0.03736100600577641,-0.01206509174147849,-0.0049062497357061224,-0.07255745001338013,-0.12798442704227772,0.20400221836260682
2021-08-24,47674.01,-0.03736100600577641,92.85,63.937022044618274,28.91297795538172,0.026889274355853948,0.0226844884952616,0.047619419609769086,-0.05904187516447269,-0.06072260977395846,0.25117728382634846
2021-08-25,48973.32,0.026889274355853948,93.62,62.51363784418705,31.106362155812953,-0.044455503018913885,-0.04149174146222618,0.01905872047693575,-0.038758102922952425,-0.1344906253119829,0.21717264189703256
2021-08-26,46843.87,-0.044455503018913885,93.87,62.65696827978993,31.213031720210076,0.04642565518730656,0.005471739802479816,0.09973721316133584,0.026907035415431005,-0.09330906109175154,0.29756426438043715
2021-08-27,49069.9,0.04642565518730656,90.92,64.19625983625696,26.723740163743045,-0.0035635122599486395,-0.005299948797795155,0.07068439913875037,-0.027521856340056598,-0.12831081938084665,0.20656395521675425
2021-08-28,48895.35,-0.0035635122599486395,90.11,64.25473312330472,25.855266876695282,-0.002611425769036323,0.007158842005772207,-0.0424382712179695,-0.03317242726993629,-0.14851048816321544,0.17786370040827526
2021-08-29,48767.83,-0.002611425769036323,90.6,62.07344003306958,28.526559966930414,-0.03728695560163383,0.024934931114507328,-0.057379811377791384,-0.009789635363960297,-0.17285169980756607,0.21682608495885955
2021-08-30,46982.91,-0.03728695560163383,92.08,63.32667449486854,28.753325505131457,0.0025079782457921107,0.06055046193916177,-0.012589206196945351,0.005494116956156734,-0.12350560216748414,0.2814342133983942
2021-08-31,47100.89,0.0025079782457921107,91.08,61.32044638590939,29.759553614090606,0.03565396658703159,0.09426547335885586,-0.048948018655833994,-0.09072859126377891,-0.07210800243706485,0.2725687762779056
2021-09-01,48810.52,0.03565396658703159,93.65,61.59676224913097,32.05323775086904,0.008895278543618722,0.07598434793654536,-0.07743102567886435,-0.1808734100766326,-0.013798987479910194,0.22783071689719558
2021-09-02,49246.64,0.008895278543618722,92.82,60.52708459980821,32.29291540019178,0.015164663339698799,-0.04959711322374187,-0.06765120027767398,-0.12307817730657154,-0.03327545608072189,0.2125744463504223
2021-09-03,49999.14,0.015164663339698799,90.15,59.58260430284517,30.567395697154836,-0.0016714247769793876,-0.08231474249229886,-0.10666129477424176,-0.1083420293837275,-0.03664657675481157,0.23461474332944263
2021-09-04,49915.64,-0.0016714247769793876,91.3,59.193352388058514,32.10664761194148,0.036222989665486205,-0.07313966813610728,-0.057816823399888154,-0.15354934578891857,-0.0139339748716376,0.2311558197930301
2021-09-05,51756.88,0.036222989665486205,93.37,58.36654383117001,35.00345616882999,0.017372841164721087,-0.14321349201469002,-0.0728301777459048,-0.19304627425308732,-0.00551959395246511,0.1707711913234447
2021-09-06,52663.9,0.017372841164721087,92.86,57.266526760147855,35.593473239852145,-0.11668618261666851,-0.15341537361540988,-0.09820625547880693,-0.198995218519597,0.04911390815342183,0.1459123015077343
2021-09-07,46863.73,-0.11668618261666851,95.16,71.07460440664659,24.08539559335341,-0.017552965928858206,-0.018054087053932275,0.009265843948033236,-0.10607221694524589,0.1377546795185851,0.27131514569283416
2021-09-08,46048.31,-0.017552965928858206,92.31,68.8035093941094,23.506490605890605,0.007503649579212201,-0.024346552281943046,0.047590176013831115,-0.11547188842977463,0.1583931345890359,0.317776959712638
2021-09-09,46395.14,0.007503649579212201,91.95,68.65217677872675,23.297823221273248,-0.03385083421309653,0.01532284473621897,0.018083323153102113,-0.11091639597053872,0.16922387292810875,0.37531547897979706
2021-09-10,44850.91,-0.03385083421309653,90.57,69.69518185759867,20.874818142401324,0.007170959564001218,0.07038331426878505,-0.0417805726079449,-0.02315998378123079,0.1977700072645126,0.40056724191601306
2021-09-11,45173.69,0.007170959564001218,89.46,69.18462728680076,20.275372713199232,0.018675103944809108,0.05520911813660279,-0.10344238439776819,0.06363203819895423,0.24077172504250088,0.36206202514852937
2021-09-12,46025.24,0.018675103944809108,92.13,64.34280060871069,27.787199391289306,-0.023845431156868976,0.02731993100196535,-0.05542697702889754,0.03437574419695215,0.19610692614097652,0.34171836055950994
2021-09-13,44940.73,-0.023845431156868976,92.14,64.64253259420634,27.497467405793657,0.047173046597374216,0.071936728295774,-0.0016807346094857081,0.07001471801943024,0.24412471460176682,0.35544659517084704
2021-09-14,47111.52,0.047173046597374216,90.9,66.83688393743594,24.063116062564063,0.021209635319469546,0.0027604784168829798,-0.09573252238903039,0.043882848528250605,0.196619366036133,0.31228546876730495
2021-09-15,48121.41,0.021209635319469546,90.32,66.68822036227229,23.631779637727703,-0.00800323656818104,-0.11216388687673011,-0.1202160965071825,0.06731058379343975,0.24810963693276358,0.3086145107639077
2021-09-16,47737.82,-0.00800323656818104,84.17,66.01082622285908,18.15917377714092,-0.009214083189828333,-0.15865150253437116,-0.10078896304079002,0.14732016363222883,0.24310798895396343,0.2869954837192612
2021-09-17,47299.98,-0.009214083189828333,82.35,66.12822851297719,16.221771487022806,0.02077136613693967,-0.08274690803086306,-0.1153380608932791,0.1284888355705519,0.2629878464873324,0.23881537519455726
2021-09-18,48292.74,0.02077136613693967,84.7,64.66791595740109,20.03208404259891,-0.0220032032815168,-0.07361746290525986,-0.16306206444360571,0.11080295857520481,0.25001184332770543,0.22279470098622467
2021-09-19,47241.75,-0.0220032032815168,85.72,62.30060867803968,23.41939132196032,-0.09371472997414354,-0.09849300080591354,-0.1289997191236408,0.1511405497750067,0.3079796839006013,0.1858700188432102
2021-09-20,43015.62,-0.09371472997414354,91.76,70.10121945001882,21.658780549981188,-0.054490852225822076,-0.00805220963045255,0.018620588826714142,0.2395505798724575,0.4281127998884933,0.29977998927796223
2021-09-21,40734.38,-0.054490852225822076,96.26,72.07766843522695,24.18233156477305,0.06669051131367976,0.05786253949358096,0.16707442259672245,0.34421410944026914,0.4231724117428945,0.3823853548115644
2021-09-22,43543.61,0.06669051131367976,88.73,76.37986491300882,12.350135086991187,0.029900811262542855,-0.03259115286241622,0.08980272122584973,0.2515339031698741,0.3319866454048846,0.2973474292840185
2021-09-23,44865.26,0.029900811262542855,83.84,76.31499995921708,7.525000040782928,-0.04687874118217047,-0.089444601538346,0.071695452628916,0.24580544921125258,0.31189989360030695,0.2260921305979815
2021-09-24,42810.57,-0.04687874118217047,86.92,77.13078154952092,9.789218450479083,-0.00327393879868255,-0.030506718317727444,0.13961537091728105,0.2923518884251634,0.3516632672090155,0.2957173947678645
2021-09-25,42670.64,-0.00327393879868255,85.88,75.77020559658436,10.109794403415634,0.011423896898211428,0.026672798457166514,0.18752668030062228,0.3683257334399461,0.3908733254721888,0.2919633739428516
2021-09-26,43160.9,0.011423896898211428,89.12,73.849373109357,15.270626890643001,-0.023763181042317418,0.10921188310314132,0.24810912667301888,0.3438969519947535,0.33487477459760095,0.31193036088304904
2021-09-27,42147.35,-0.023763181042317418,89.25,74.16026635433727,15.089733645662733,-0.026952637413386934,0.12239387408826576,0.24382689646383107,0.37832590738061156,0.3263741885714908,0.24273510871356394
2021-09-28,41026.54,-0.026952637413386934,92.27,74.54864671992873,17.72135328007127,0.012059142038448096,0.16114005416726182,0.27386502301881055,0.4130739077713112,0.38967778476642567,0.2880289218784067
2021-09-29,41524.28,0.012059142038448096,91.77,73.90649266350258,17.86350733649742,0.053905577976211407,0.1701220892350083,0.2801402688986475,0.4369794030242422,0.4049398155658784,0.32158381678581077
2021-09-30,43824.1,0.053905577976211407,90.97,76.61129345810946,14.358706541890541,0.09396298154418624,0.1608538818434556,0.22092999104574343,0.40949221106177924,0.3446767787149705,0.27639389720914653
2021-10-01,48141.61,0.09396298154418624,85.84,82.71366658681265,3.1263334131873535,-0.01058119005719298,0.13889724356987737,0.17713968684354675,0.25609798914617204,0.24162970437710582,0.16803664711485475
2021-10-02,47634.9,-0.01058119005719298,83.97,82.71539680146006,1.2546031985399395,0.01179354266560912,0.12143302237556514,0.16173118194402442,0.24218392417903492,0.2458499024311442,0.18270967723509884
2021-10-03,48200.01,0.01179354266560912,85.56,82.64024250465488,2.9197574953451237,0.02104117710619458,0.11272496885154856,0.17410999658233664,0.24020444097139104,0.27126132008425424,0.15853338447148266
2021-10-04,49224.94,0.02104117710619458,89.62,83.00361960075497,6.616380399245031,0.04463737058465869,0.11001817966363908,0.15273651750788245,0.21204789629173448,0.24508979466466774,0.08516825180551467
2021-10-05,51471.99,0.04463737058465869,92.68,83.52199044668133,9.158009553318678,0.07200634327060802,0.060076109202287675,0.18079905313932393,0.20334664517156653,0.17629078527590986,-0.04611067656229754
2021-10-06,55315.0,0.07200634327060802,89.38,87.06622454249296,2.3137754575070346,-0.02804541125150523,0.03824244327366918,0.09578782532173467,0.08676564792458216,0.09679839335431252,-0.1131679895507232
2021-10-07,53785.22,-0.02804541125150523,88.13,76.7875932267539,11.342406773246097,0.00308548914159256,0.04029815956845913,0.13449901091678054,0.08254729210765975,0.13356046617424916,-0.06417613283534941
2021-10-08,53951.43,0.00308548914159256,88.19,76.37480825845967,11.815191741540332,0.018334387918285084,0.06138502773078791,0.13920888475250068,0.11581276174761518,0.1593838251236021,-0.06435102437844559
2021-10-09,54949.72,0.018334387918285084,87.42,76.50782000011567,10.91217999988433,-0.005304699876692706,0.042718337844243205,0.1568391341255947,0.12479954666723089,0.2060916060516884,-0.08501590685765673
2021-10-10,54659.0,-0.005304699876692706,89.23,75.29152309449807,13.938476905501929,0.05017267734198954,0.12072294393703606,0.18856222001603587,0.12374678766922714,0.20279723465150057,-0.13942484520768522
2021-10-11,57471.35,0.05017267734198954,90.49,76.81182505519801,13.678174944801981,-0.02598969495671528,0.05754538204806531,0.0789583023026254,0.06449001753355915,0.12129030010602855,-0.1981532100784578
2021-10-12,55996.93,-0.02598969495671528,93.37,77.60825661505167,15.761743384948332,0.024172357303921338,0.09420085134832124,0.08045274223501055,0.08411872048711988,0.1456114344185335,-0.1255490957214511
2021-10-13,57367.0,0.024172357303921338,95.0,77.04758862585702,17.952411374142983,-0.00033230196825961595,0.07782385702171259,0.06609444438905444,0.09715132350191766,0.11132188056908031,-0.13636880030436535
2021-10-14,57347.94,-0.00033230196825961595,97.87,75.78988383303937,22.080116166960636,0.07269990621610015,0.1141207962813513,0.0593113787838521,0.09235327715678536,0.11566610273117205,-0.20533387368874484
2021-10-15,61672.42,0.07269990621610015,90.71,79.09887485498308,11.611125145016914,-0.013004884546981205,0.06783927607899966,0.0225475920322427,-0.004508267863413962,0.06050487383114421,-0.2435096036721731
2021-10-16,60875.57,-0.013004884546981205,86.8,79.247489946124,7.5525100538759915,0.010665774343540647,0.021412920254559903,-0.00902217739715247,0.0010105680325779038,0.04388749476529784,-0.21977096030879703
2021-10-17,61528.33,0.010665774343540647,89.66,79.00371226197608,10.65628773802392,0.007795362977312687,-0.013748109113310869,-0.05195171880912075,-0.0009385447425313397,-0.02417247129277507,-0.25598493708052156
2021-10-18,62009.84,0.007795362977312687,92.4,78.8851014190836,13.514898580916409,0.035964637291379095,-0.011729412632658318,-0.023396123004885458,0.020174940371101513,-0.027217142341480666,-0.2958035714577994
2021-10-19,64280.59,0.035964637291379095,94.15,78.67031543115087,15.479684568849137,0.0264183860137485,-0.05480941749749938,-0.032039587458363744,0.04925247192609375,-0.12210966505739104,-0.3166380356291133
2021-10-20,66001.41,0.0264183860137485,93.04,69.28555837028337,23.754441629716638,-0.05943124037142096,-0.04529168404675713,-0.06481543234680871,0.01423501463546474,-0.12833281061053103,-0.3463339487489837
2021-10-21,62193.15,-0.05943124037142096,92.52,69.92117507697102,22.59882492302897,-0.024495255024330125,-0.030435097651712546,-0.014468284769066196,0.04233199780340321,-0.040787056931330036,-0.28192531620275174
2021-10-22,60688.22,-0.024495255024330125,86.73,68.50983402687072,18.220165973129284,0.009814059457965237,-0.03820360969581006,0.003665978252109371,0.06515869218352298,-0.034639216120865984,-0.2161791879409675
2021-10-23,61286.75,0.009814059457965237,86.31,68.17223345814314,18.137766541856863,-0.007115367573461971,-0.011666710372227315,0.031056879112863256,0.045227436180025914,-0.08580776300232543,-0.2321837896700465
2021-10-24,60852.22,-0.007115367573461971,89.88,65.31868985471249,24.561310145287507,0.03593611946449075,0.02276983003913546,0.033041898372933295,0.05635472394732,-0.05594587244115093,-0.17978826264235703
2021-10-25,63078.78,0.03593611946449075,84.45,65.61685990372833,18.833140096271677,-0.044574653976376374,-0.019523748300051748,-0.02705585989565662,0.03795728179890158,-0.09890995152933711,-0.21609444349581466
2021-10-26,60328.81,-0.044574653976376374,89.01,68.62744800541293,20.382551994587075,-0.03226376706842764,0.015966812882646182,0.010032745429730415,0.052909672162450364,-0.022944413714551845,-0.17982533838863385
2021-10-27,58413.44,-0.03226376706842764,88.45,69.23331783675613,19.216682163243874,0.03635095878154798,0.041869587947919264,0.05101317406658945,0.027779247516345737,-0.08363907985792673,-0.1401322425046321
2021-10-28,60575.89,0.03635095878154798,89.87,68.39562589710975,21.474374102890252,0.027321172837900806,0.042723589485090405,0.04357106337598701,-0.003821019336595153,-0.10164886288801891,-0.17794264656391462
2021-10-29,62253.71,0.027321172837900806,87.58,68.5764395594543,19.003560440545698,-0.006357458874696461,0.01027206833379767,0.08129205938445754,-0.09007007759902724,-0.08335599878006755,-0.2695680025316136
2021-10-30,61859.19,-0.006357458874696461,87.17,67.31721522455021,19.85278477544979,-0.009084092793678443,-0.007532111595605042,0.0790504469822735,-0.06351737826372228,-0.0682828815058239,-0.28616864944087894
2021-10-31,61299.8,-0.009084092793678443,87.64,60.69782978618268,26.94217021381732,-0.006360992003154558,-0.005934067452915937,0.05680028257246944,-0.02631877216226379,-0.07359305726225102,-0.263060577623766
2021-11-01,60911.11,-0.006360992003154558,85.45,60.55242726364263,24.897572736357375,0.03720496031871912,0.009143586118670024,0.06149271393141365,-0.038305194372975304,-0.06314022519604537,-0.2760694071132864
2021-11-02,63219.99,0.03720496031871912,87.23,61.385504798798785,25.84449520120122,-0.005130348313391929,0.0008474738908964413,0.014170557067162694,-0.11686464211518863,-0.11272793561277152,-0.2812144206502267
2021-11-03,62896.48,-0.005130348313391929,85.84,61.420397953772756,24.419602046227247,-0.024161638804099172,0.0710199910506597,0.023312825574386742,-0.08898777081408418,-0.159921542859153,-0.2852721250804277
2021-11-04,61395.01,-0.024161638804099172,84.73,60.96547556554548,23.764524434454522,-0.007486048650989339,0.08658255857787837,0.06501314169455824,-0.07185409163368045,-0.22240146183820736,-0.27903606100592576
2021-11-05,60937.12,-0.007486048650989339,85.71,56.23463916443448,29.47536083556551,0.008716661568431403,0.06273435002538522,0.04287692673271999,-0.03297715914428221,-0.20996638290503566,-0.2848597575467681
2021-11-06,61470.61,0.008716661568431403,87.07,55.11236556403561,31.95763443596438,0.02890884809094554,0.052349127812743465,-0.02323392655024368,-0.13465225392451613,-0.1977365990095985,-0.3469223161319028
2021-11-07,63273.59,0.02890884809094554,86.59,55.76399227651599,30.82600772348401,0.06504216884637133,0.013323083176266086,-0.047392082712582134,-0.14521992626400587,-0.22373484950204764,-0.3843555504800229
2021-11-08,67525.83,0.06504216884637133,86.69,59.398265572666865,27.291734427333132,-0.008599071276880508,-0.04770716547627313,-0.17136213698348474,-0.16464805816452502,-0.291107512909345,-0.48521611811700416
2021-11-09,66947.66,-0.008599071276880508,84.68,59.494287982677186,25.18571201732282,-0.03133425720348249,-0.021569416883320303,-0.14256782524599573,-0.14733332848809733,-0.34222207985918573,-0.4738959606482381
2021-11-10,64882.43,-0.03133425720348249,86.36,58.7974238048245,27.562576195175502,-0.0016685606442103456,-0.019857423292665387,-0.08311905473473319,-0.1303933398347204,-0.3194435101844863,-0.4381357840458292
2021-11-11,64774.26,-0.0016685606442103456,85.23,57.83803500913913,27.39196499086087,-0.010117196545531833,-0.0755830543629873,-0.09979790830438892,-0.12463293912745897,-0.27116053013998453,-0.4374740691048357
2021-11-12,64122.23,-0.010117196545531833,88.44,57.632817987094285,30.807182012905713,0.004011920193832118,-0.06071516588884837,-0.1310351991823513,-0.12689849267993417,-0.24769068087344562,-0.4059064721196258
2021-11-13,64380.0,0.004011920193832118,87.74,57.61437837752378,30.125621622476217,0.01753867731607232,-0.12365497150721177,-0.1123005963884709,-0.18323436843353968,-0.32099997641991684,-0.3828281153700471
2021-11-14,65519.1,0.01753867731607232,87.22,52.28466999955887,34.93533000044113,-0.029622263612827583,-0.12099840836267559,-0.13686723332823864,-0.28741460353276554,-0.3040144775033173,-0.4314242735702188
2021-11-15,63606.74,-0.029622263612827583,85.04,53.19886445892193,31.841135541078074,-0.057394191714532264,-0.06326163144206795,-0.07585408587700217,-0.2528433096377556,-0.2636584550740948,-0.3901258765744887
2021-11-16,60058.87,-0.057394191714532264,87.28,56.886132464640795,30.393867535359206,0.004750691928607092,-0.024214853941401767,-0.11141832737427243,-0.17450267245935475,-0.23181246578774645,-0.3321668183564598
2021-11-17,60344.87,0.004750691928607092,89.88,56.838084760903406,33.04191523909659,-0.058927885424531284,-0.07032003329350306,-0.09782784355142372,-0.17634276678946548,-0.2685864291163187,-0.3372106995561612
2021-11-18,56891.62,-0.058927885424531284,90.12,58.69733887258158,31.422661127418422,0.020195240460608506,0.011354375118740743,0.006714078818959739,-0.11974537592586025,-0.19452837057172226,-0.2986894454327158
2021-11-19,58052.24,0.020195240460608506,85.78,58.329481343852954,27.450518656147047,0.028114513307780045,-0.0158688249655632,-0.004765503242101586,-0.19965425461318997,-0.21800113813845262,-0.3153248159470294
2021-11-20,59707.51,0.028114513307780045,85.44,55.851365912772856,29.588634087227142,-0.018347414213866074,-0.012592454434934348,-0.047274285099987184,-0.23632445544975303,-0.24113825927142166,-0.3599161322606353
2021-11-21,58622.02,-0.018347414213866074,85.94,55.571303024914144,30.368696975085854,-0.0413544874234942,-0.0872034734328708,-0.02483503082307002,-0.17136262183559556,-0.18153997182010145,-0.36535145327296403
2021-11-22,56247.18,-0.0413544874234942,88.98,57.144020303030544,31.83597969696946,0.022746522987712518,-0.027507810257920796,0.0041367065024171465,-0.11665548169109427,-0.146376026667721,-0.43394312572858085
2021-11-23,57541.27,0.022746522987712518,89.91,57.809581396154606,32.10041860384539,-0.007027959623695437,-0.0046402962997811395,-0.07093377204506879,-0.20869938003144595,-0.12384239020120606,-0.49511587570214416
2021-11-24,57138.29,-0.007027959623695437,90.42,56.19352661239392,34.226473387606084,0.0313908838384089,0.011103321723461481,-0.15054737020452685,-0.16714724417507856,-0.11718449196647747,-0.45518544468831434
2021-11-25,58960.36,0.0313908838384089,86.52,55.41205422373208,31.10794577626792,-0.09295843321180253,-0.034681830665052975,-0.1769892237607534,-0.18780436919709262,-0.15688092467408193,-0.4751695641405214
2021-11-26,53726.53,-0.09295843321180253,86.06,63.245137698967966,22.814862301032036,0.0183411757514558,0.062368442609800644,-0.06308434508508233,-0.12039413841347398,-0.05649316264670533,-0.3741161292901622
2021-11-27,54721.03,0.0183411757514558,83.72,62.144783260517755,21.575216739482244,0.04561403694585218,0.03164451676033781,-0.07851492323804175,-0.17075858556489493,-0.07629378367589564,-0.3964964789167212
2021-11-28,57274.88,0.04561403694585218,86.32,63.59321392940124,22.726786070598756,0.008715658399547181,-0.0662934757452878,-0.12645945474481998,-0.20124244939068195,-0.18621200375154603,-0.4326265281747311
2021-11-29,57776.25,0.008715658399547181,82.85,63.70368894749995,19.146311052500046,-0.014394268550105557,-0.1616506919279885,-0.19488875137108835,-0.21323563489635097,-0.217885767935055,-0.4264785362788059
2021-11-30,56950.56,-0.014394268550105557,84.08,63.80196692406693,20.278033075933067,0.004091840063051094,-0.1423073930957006,-0.18905017034976584,-0.19386397417143444,-0.18946752036151493,-0.4002164472312632
2021-12-01,57184.07,0.004091840063051094,83.64,63.82555860931593,19.814441390684074,-0.012382750098007033,-0.1254527876948831,-0.14652759101252552,-0.15670494099703142,-0.212929181917241,-0.41180563334317455
2021-12-02,56480.34,-0.012382750098007033,85.26,62.30725140977906,22.952748590220942,-0.05232395555977342,-0.11015943999837971,-0.12079218819351142,-0.1505127331701381,-0.16848648503745517,-0.3840944817515175
2021-12-03,53601.05,-0.05232395555977342,84.55,64.57152613063349,19.97847386936651,-0.08664155778315352,-0.06016597899953233,-0.1377656079863771,-0.05290861815613722,-0.12535058222127463,-0.3258688604550311
2021-12-04,49152.47,-0.08664155778315352,87.29,70.28943160833782,17.000568391662185,0.004949030282182365,-0.03323805944310002,-0.01659987397055169,0.033362878238049454,-0.056634599167718326,-0.28681419845967343
2021-12-05,49396.33,0.004949030282182365,89.39,70.42151798553941,18.96848201446059,0.020946445463868552,-0.04674277725406541,-0.010815145436339192,0.020108299086671503,-0.07489337464173243,-0.2805715916641226
2021-12-06,50441.92,0.020946445463868552,86.84,70.8926539303381,15.947346069661904,0.0029105975984963822,-0.021074803317642554,-0.05730979332839163,0.006591182438377046,-0.14918571712230416,-0.19334159017105718
2021-12-07,50588.95,0.0029105975984963822,86.0,69.82605379819395,16.173946201806046,-0.002330494560926045,-0.01063274819513185,-0.09224366232685316,0.0022211395621461504,-0.16062070097797518,-0.2008729120163405
2021-12-08,50471.19,-0.002330494560926045,87.16,64.7949145319218,22.365085468078192,-0.05971363822672122,-0.07759962898684493,-0.07478299464586197,-0.05975254900672602,-0.1941086052076591,-0.17470559725694093
2021-12-09,47545.59,-0.05971363822672122,90.3,67.09730108976741,23.202698910232584,-0.008555687528783013,0.016638185472548195,-0.0183468835252626,-0.02299701656396661,-0.1316738807890523,-0.08114262567332402
2021-12-10,47140.54,-0.008555687528783013,89.98,66.71519517748952,23.264804822510484,0.0466144194002914,0.03592763181772607,-0.004813803821668607,-0.0004173500117490587,-0.11869227386134287,-0.06796715030751486
2021-12-11,49389.99,0.0466144194002914,88.72,69.59662110497898,19.12337889502102,0.013352652721007085,-0.036234990010749216,-0.010177349984505882,-0.06640159090471544,-0.16631353896485115,-0.1071229058884989
2021-12-12,50053.9,0.013352652721007085,92.25,70.03096466953635,22.219035330463655,-0.06929737535263912,-0.08161091413172145,-0.029720544976626694,-0.04769429684394373,-0.1582157912461802,-0.1404443197897477
2021-12-13,46702.75,-0.06929737535263912,90.29,73.01923112038969,17.270768879610316,0.034524176232671906,0.002816634340982815,0.08485698983023988,0.012415025765102507,-0.0618281389501302,-0.0972744547007297
2021-12-14,48343.28,0.034524176232671906,92.34,74.0786663030882,18.261333696911805,0.010733758816394861,-0.03498506899781094,0.04996275220860113,-0.04003472519716661,-0.12740979606690148,-0.13548363455957269
2021-12-15,48864.98,0.010733758816394861,89.34,74.0798293922932,15.260170607706797,-0.025548202428183887,-0.04074143563939482,0.030923444523010685,-0.06407822920539322,-0.12646742150039386,-0.1501145626295479
2021-12-16,47632.38,-0.025548202428183887,86.78,72.26042829426106,14.51957170573894,-0.03202327139996514,0.026057640026243195,0.06390097576676866,-0.09187592379391252,-0.10035435256871326,-0.11316341644045513
2021-12-17,46131.2,-0.03202327139996514,85.34,72.59887644855644,12.741123551443565,0.015130173120065147,0.05189036915509461,0.0944648018889993,-0.06837703865112199,-0.06862427043984241,-0.0349927393932072
2021-12-18,46834.48,0.015130173120065147,87.43,70.75482530559108,16.675174694408923,-0.0032775271061218484,0.08204035548925692,0.015030445639135942,-0.11932561056179711,-0.10416107486099344,-0.06530782305712295
2021-12-19,46681.23,-0.0032775271061218484,87.83,70.11162399376646,17.71837600623354,0.00497739217481098,0.08494782120641192,-0.004650133038704027,-0.11332699726378964,-0.09732367780857669,-0.14165260337064814
2021-12-20,46914.16,0.00497739217481098,87.31,69.0992395069904,18.2107604930096,0.041250873237454126,0.07166488016240535,0.004396453809919534,-0.11387847003967425,-0.11877787298921356,-0.16007929899399426
2021-12-21,48889.88,0.041250873237454126,86.04,71.07878341501286,14.961216584987142,-0.0061905422711137255,0.03784333574052533,-0.05622424092020957,-0.15613618898034523,-0.1838114814528625,-0.1987136741185214
2021-12-22,48588.16,-0.0061905422711137255,82.99,69.92957000633155,13.06042999366845,0.04528015945422746,0.04257443273390454,-0.01797375186731706,-0.1284952462695535,-0.2875670990608598,-0.23566388477545752
2021-12-23,50838.81,0.04528015945422746,82.99,71.47463258392925,11.515367416070745,-0.0003700613889668522,-0.06700990985012115,-0.0724419640651374,-0.1466851287803701,-0.3712734855009381,-0.31752161041170945
2021-12-24,50820.0,-0.0003700613889668522,82.57,71.47836197696952,11.09163802303047,-0.008305548869195585,-0.0895979542451161,-0.08999747740576777,-0.17737254827550258,-0.33800095272183683,-0.2846607982565254
2021-12-25,50399.66,-0.008305548869195585,81.08,70.34324419883544,10.736755801164563,0.007429328815574095,-0.06726842635248598,-0.09500167372840392,-0.1573908660234045,-0.3182886394664394,-0.30233221574091357
2021-12-26,50775.49,0.007429328815574095,80.26,62.90768575752838,17.35231424247163,-0.0014594452777345129,-0.09406757666073506,-0.1557768995606812,-0.16425532833548193,-0.3176229666434568,-0.2812536700333442
2021-12-27,50701.44,-0.0014594452777345129,83.29,62.484192808973646,20.80580719102636,-0.06430418312979821,-0.06054818460122176,-0.16284184054012132,-0.1630890723288417,-0.3202026952408255,-0.2567886546884999
2021-12-28,47543.74,-0.06430418312979821,76.7,63.57506569700543,13.124934302994575,-0.02295810578396181,-0.005432054215016425,-0.13435605620093308,-0.11919152050012936,-0.246414524423185,-0.19510013236017715
2021-12-29,46464.66,-0.02295810578396181,80.73,63.59928188018641,17.130718119813594,0.01402397902343454,-0.00039952316065182403,-0.10867686422508564,-0.09267354476987266,-0.20859276834375082,-0.20905659793222056
2021-12-30,47120.87,0.01402397902343454,80.68,63.9696123733995,16.710387626600507,-0.019369821492674983,-0.0277332473759181,-0.11827492384959382,-0.1231743267991331,-0.21074892686974822,-0.08780186228040221
2021-12-31,46216.93,-0.019369821492674983,75.51,64.0126379177735,11.497362082226502,0.03205994678177879,-0.061709322899946316,-0.0999119480601357,-0.1275872405326529,-0.1988764514259335,-0.03962934821810256
2022-01-01,47722.65,0.03205994678177879,70.91,65.41255243046514,5.497447569534856,-0.009188052743592882,-0.10229365593889973,-0.11052149440223649,-0.2695933471935427,-0.21560799671406228,-0.08365172954892978
2022-01-02,47286.18,-0.009188052743592882,72.06,63.22989039564706,8.830109604352941,-0.01792557472959721,-0.1289240019859168,-0.0742431647152327,-0.2988315214358006,-0.20051827823375645,-0.1077969383935948
2022-01-03,46446.1,-0.01792557472959721,71.94,56.09019755960898,15.849802440391016,-0.013309745191831738,-0.10827734106443399,-0.08737507086973487,-0.24800347531606903,-0.23017959929195506,-0.17092630596598507
2022-01-04,45832.01,-0.013309745191831738,72.52,56.17159860037169,16.348401399628308,-0.0533458970167032,-0.09054167647367588,-0.062389192295000624,-0.22328696573803544,-0.20567821702239011,-0.15126871698073308
2022-01-05,43451.13,-0.0533458970167032,75.64,58.209621498468636,17.430378501531365,-0.00852438625717462,-0.03820262516018957,-0.008478428774800751,-0.16184606708277557,-0.0441558730487529,-0.1230376183901518
2022-01-06,43082.31,-0.00852438625717462,73.19,58.15132679699266,15.038673203007335,-0.03581839879060997,-0.008227838463336915,-0.00024723178872042664,-0.15736085470070416,-0.04025221103836525,-0.12584215163983414
2022-01-07,41566.48,-0.03581839879060997,73.86,59.09764089595764,14.76235910404236,0.0027210861918856148,0.05468083727068394,0.015164535700803665,-0.1120584682222519,0.019403007950718247,-0.07066331337545857
2022-01-08,41679.74,0.0027210861918856148,71.56,55.94648720990777,15.61351279009223,0.00442591939892638,0.020902270194698952,0.016003319455212942,-0.09991590411866515,0.05053125511572833,0.00626563775296958
2022-01-09,41864.62,0.00442591939892638,73.5,56.00801321415027,17.491986785849733,-0.0010068457032168852,0.028152484178675073,-0.004899402949539321,-0.09247400302015442,0.050725123553828085,-0.06011704271600473
2022-01-10,41822.49,-0.0010068457032168852,74.1,52.9773301970364,21.122669802963593,0.02145040043967803,0.029724196385388646,-0.027675292472517262,-0.09896450336579776,0.05919063307635232,-0.07683084215701648
2022-01-11,42729.29,0.02145040043967803,75.37,53.414362272104356,21.95563772789565,0.027090276943410884,0.007980606674616319,-0.15907185279130628,-0.10508650231182579,0.017771471456432587,-0.09627471419533648
2022-01-12,43902.66,0.027090276943410884,71.81,49.29542635917186,22.51457364082814,-0.03105748088409937,-0.03951630156988044,-0.22458835672056798,-0.12627511351852372,-0.03544631575059943,-0.1502654585290652
2022-01-13,42560.11,-0.03105748088409937,67.51,48.4701652250047,19.039834774995306,0.011676133382902501,-0.00489895073948618,-0.16062840444633425,-0.1428045284222202,-0.00807383849267114,-0.07028766077356016
2022-01-14,43059.96,0.011676133382902501,65.13,48.50792384589409,16.622076154105905,0.0005648665034966843,-0.033051887128214566,-0.16089777344303488,-0.14328902472738944,-0.02364714112915397,-0.09186967832644662
2022-01-15,43084.29,0.0005648665034966843,62.95,47.91405580240154,15.035944197598461,-0.0002931892710942959,-0.05739948885790608,-0.15336763830797487,-0.03567744427395214,-0.0128090638717418,-0.04680973339943318
2022-01-16,43071.66,-0.0002931892710942959,62.22,46.78879986228459,15.431200137715408,-0.020406631301085873,-0.1670524594659228,-0.1571136229119838,-0.04000497924964483,0.0336315310466353,-0.05129762011338635
2022-01-17,42201.62,-0.020406631301085873,65.23,46.76570562569673,18.46429437430327,0.0035598699462948903,-0.1850720551506877,-0.1272230039230556,0.004238472249914575,0.03885325180387057,-0.010579293570859068
2022-01-18,42352.12,0.0035598699462948903,67.27,46.830053549807815,20.43994645019218,-0.016476803005825883,-0.1557294537068482,-0.11591922357387814,0.03452793566051538,-0.04432892556207136,-0.0035714809423824014
2022-01-19,41660.01,-0.016476803005825883,65.96,46.95374684166229,19.006253158337707,-0.023782735226194826,-0.12784588631482047,-0.08757460007061514,0.055624526503367404,-0.04130142600478063,-0.00959703041786796
2022-01-20,40680.91,-0.023782735226194826,65.24,44.48723279908966,20.752767200910334,-0.109946159879111,-0.09596814945006898,-0.07128921089328054,0.08686592554886957,-0.014902192665658804,0.00786800260233483
2022-01-21,36445.31,-0.109946159879111,77.8,57.36324263400837,20.436757365991625,-0.038426226985850784,0.009938836553938804,0.05398535047948046,0.17684332424773885,0.05190321428540232,0.15048923285400467
2022-01-22,35071.42,-0.038426226985850784,81.0,54.653081791085725,26.346918208914275,0.032902471390134344,0.05784905122763189,0.09831324320204418,0.18914204096996853,0.05375187508922869,0.20108332658276085
2022-01-23,36244.55,0.032902471390134344,77.29,56.76447603762066,20.525523962379346,0.011406764386201865,0.03981023013296991,0.01782387602411402,0.1525545659536631,0.053340154465311505,0.19370649900091125
2022-01-24,36660.35,0.011406764386201865,78.59,57.30772912380148,21.282270876198524,0.008095001638556682,0.04027128624420516,0.017608748715645373,0.1372506323138809,0.015956423725525883,0.18958590884225304
2022-01-25,36958.32,0.008095001638556682,81.26,57.33456587022656,23.925434129773443,-0.004039173875103207,0.024678938556788252,0.11769019403402269,0.14055857443623307,0.036369296610112664,0.18595162433971943
2022-01-26,36809.34,-0.004039173875103207,80.39,57.2899171179212,23.1000828820788,0.009483987687842301,0.04404651392554146,0.11710864366233892,0.19074515395861907,0.06341404055232569,0.24072457214565024
2022-01-27,37160.1,0.009483987687842301,80.14,54.29936016861776,25.84063983138224,0.014863650295472364,0.040464191974412096,0.13146147617297016,0.16607625572692616,0.051314392063007905,0.23750883476382376
2022-01-28,37716.56,0.014863650295472364,74.77,54.60849468592108,20.161505314078916,0.011867820497437117,-0.021986354108856083,0.15044715923439347,0.07159029801180677,-0.00046382958846968164,0.22925688123681656
2022-01-29,38166.84,0.011867820497437117,75.18,54.50933743152366,20.670662568476345,-0.007497346048860223,-0.022662537528559984,0.14319912657398248,0.04627317406583449,0.12294706458934611,0.20962607634250108
2022-01-30,37881.76,-0.007497346048860223,74.32,54.327928120517356,19.992071879482637,0.015328401493649993,0.09301125547723424,0.15815513644215007,0.05638701822762172,0.15924710320783098,0.18346982313443524
2022-01-31,38466.9,0.015328401493649993,70.99,53.12847870994882,17.861521290051172,0.005901665736712944,0.07306212973679728,0.12285797376825837,-0.0020821361940781477,0.13195626716513256,0.1849871787813773
2022-02-01,38694.59,0.005901665736712944,71.81,53.317328858851475,18.492671141148527,-0.04758689578779582,0.09099728419855785,0.0908287977679243,-0.04456136811281551,0.09272133984016173,0.16882443997321805
2022-02-02,36896.36,-0.04758689578779582,75.0,55.07916548260374,19.92083451739626,0.01119163707773322,0.17243351334324936,0.13473068992954904,0.03551627844119747,0.05925329332597004,0.2293449506655537
2022-02-03,37311.61,0.01119163707773322,74.14,55.42549828414466,18.71450171585534,0.108176446956934,0.1658616641025423,0.1196418835982355,-0.0016523249901195004,0.05440950004165708,0.22187767502933728
2022-02-04,41574.25,0.108176446956934,70.14,65.9997416278794,4.1402583721205986,-0.004620724246786973,0.06514388096491565,0.02286838040221034,-0.08132089742391004,-0.07888174534139883,0.0901774931243401
2022-02-05,41382.59,-0.004620724246786973,67.37,65.96127491054509,1.4087250894549186,0.02383682019847353,0.04979584403146091,0.07363651029628011,-0.05369460311001324,-0.08558994060146882,0.04229643571612418
2022-02-06,42380.87,0.02383682019847353,70.69,65.31574266428265,5.3742573357173455,0.033849333356895696,-0.00016848643063374982,0.034614779553955984,-0.08014708410996227,-0.09006632132617674,0.024780044673853016
2022-02-07,43839.99,0.033849333356895696,69.18,66.33469022141496,2.8453097785850474,0.004619787837026135,-0.03770282341370053,-0.07885686122258675,-0.1509109888228632,-0.04426561736275868,-0.03689448790146973
2022-02-08,44042.99,0.004619787837026135,70.27,66.3357331361541,3.9342668638458917,0.007458663819307352,-0.04621978050430699,-0.09692595250814803,-0.020252061984636388,-0.11084216626983275,-0.029704145806458606
2022-02-09,44372.72,0.007458663819307352,69.81,66.35811950400274,3.4518804959972584,-0.019968761180241705,-0.04227550056270548,-0.1017681182145284,0.0010919667656809108,-0.13602147523336872,-0.051180239372644445
2022-02-10,43495.44,-0.019968761180241705,70.81,66.40067617788534,4.409323822114658,-0.02612751026362113,0.023840666264819028,-0.12494010996233657,0.009098293396874195,-0.114046185651769,-0.09558484401066639
2022-02-11,42373.73,-0.02612751026362113,72.34,66.32235539883769,6.017644601162317,-0.0036850036261710803,0.03478326598458955,-0.13539016588073985,0.0018925420722374214,-0.11481914277846572,-0.05577739344828279
2022-02-12,42217.87,-0.0036850036261710803,71.32,65.45196190118331,5.868038098816683,-0.003897169253580327,-0.04115403780888641,-0.09921441148835161,-0.075477396603579,-0.062213822280888946,-0.02567337139680908
2022-02-13,42053.66,-0.003897169253580327,73.05,65.31951723098432,7.73048276901568,0.011402943760908854,-0.05070617200384124,-0.12129420858835503,-0.06523238355657841,-0.06822253719729258,-0.05150850627389535
2022-02-14,42535.94,0.011402943760908854,72.16,65.457026530261,6.702973469738993,0.046147405647282806,-0.059492617651823086,-0.10418927782612042,-0.10175012574360917,-0.03400066952769131,-0.04776673043378399
2022-02-15,44544.86,0.046147405647282806,70.59,67.44322237960817,3.1467776203918305,-0.015184910543850608,-0.14878077622715577,-0.1273311134062934,-0.15922645089774895,-0.0849291511600216,-0.09819410541223686
2022-02-16,43873.56,-0.015184910543850608,68.07,67.25777987396181,0.8122201260381843,-0.07962230741964704,-0.17017343186532957,-0.11476186366391829,-0.12468110088013275,-0.049432545374729575,-0.10051195847261246
2022-02-17,40515.7,-0.07962230741964704,71.54,72.92483992357384,-1.3848399235738356,-0.013449303448535153,-0.05806037367946538,-0.07205412760027646,0.03459124385982808,0.040757444619689026,0.007020223790060311
2022-02-18,39974.44,-0.013449303448535153,68.83,72.85407781804811,-4.024077818048113,0.0026164981129269994,-0.07058803658451397,0.07667389052351159,-0.013916213761684705,0.03170439558691274,0.03728882651597072
2022-02-19,40079.17,0.0026164981129269994,67.72,72.41279758987969,-4.692797589879689,-0.04314075292804987,-0.04469666017429753,0.10286008498020925,-0.03425335701884033,0.022770195267993704,0.03141371917426124
2022-02-20,38386.89,-0.04314075292804987,73.92,62.81757059929751,11.10242940070249,-0.03657756618202442,0.02144966282086217,0.13403840335921072,0.010893924310567573,0.09858601856860241,0.05309227696345309
2022-02-21,37008.16,-0.03657756618202442,77.69,62.67197240512953,15.018027594870468,0.032490750766217165,0.05541156820141111,0.13728270795297723,0.02057102310227414,0.14733145149353222,0.07044396635027624
2022-02-22,38230.33,0.032490750766217165,75.22,62.64640796900013,12.573592030999869,-0.025976966353583753,-0.013993753920811272,0.02373701488477256,0.037000589207462665,0.14036634453559982,0.031191917227403568
2022-02-23,37250.01,-0.025976966353583753,73.78,63.27714053776564,10.502859462234362,0.028507874523143458,0.14726192710802538,0.05606182503177658,0.05307167139106246,0.1736294851167272,0.057385129315064565
2022-02-24,38327.21,0.028507874523143458,79.88,63.98090084542564,15.899099154574358,0.02300557006710982,0.14755674515450656,0.002439152082511206,0.07018860829842911,0.14958232772960683,0.05331503344225043
2022-02-25,39219.17,0.02300557006710982,71.44,64.39560353865981,7.044396461340185,-0.0026156608014754846,0.11258874053834833,-0.03189533749145558,0.04240196224627183,0.17731053159332463,-0.028619409848905444
2022-02-26,39116.72,-0.0026156608014754846,72.49,64.35959926820969,8.130400731790303,-0.03691457135600522,0.08187113975156593,-0.009919237216214495,0.06532931828918873,0.18619444270081592,0.0030375593025241017
2022-02-27,37699.07,-0.03691457135600522,80.65,65.55080676874042,15.09919323125959,0.1352787146752529,0.03773076880558364,0.1066453714601045,0.1128115722199655,0.2297207108252863,0.05277489862816875
2022-02-28,43160.0,0.1352787146752529,77.47,80.74083207676384,-3.2708320767638384,0.028802692569624658,-0.09120010207624901,-0.09059010428519634,-0.044969494936598846,0.08667901175315502,-0.1117626461995853
2022-03-01,44421.2,0.028802692569624658,76.99,81.07678778137229,-4.086787781372294,-0.01196243454904842,-0.14511759307199557,-0.13711344199904965,-0.08008988971221553,0.024222719926604346,-0.16589396894692476
2022-03-02,43892.98,-0.01196243454904842,73.8,81.21099342084712,-7.41099342084712,-0.033333261588257904,-0.14448407802980412,-0.12314447904864319,-0.035452384790608284,0.05303091161624479,-0.13191857313020952
2022-03-03,42454.0,-0.033333261588257904,73.7,82.2658568992529,-8.565856899252893,-0.0810549423019875,-0.09179037696778061,-0.11671168485070314,0.010048743540554994,0.07610310013305639,-0.09710960247739078
2022-03-04,39148.66,-0.0810549423019875,79.28,85.62064986254569,-6.340649862545689,0.006347843793420254,0.06891460265452064,0.013263574322690055,0.11662932965082724,0.17009165733958373,-0.03693849024483259
2022-03-05,39397.96,0.006347843793420254,77.39,85.57168081737268,-8.18168081737268,-0.025114798426121913,0.0006099977910524537,-0.002990153640714161,0.11756766008495065,0.16746817498768027,0.0073852284812883015
2022-03-06,38420.81,-0.025114798426121913,79.72,76.91137301883512,2.8086269811648776,-0.011328919506856962,0.00800415107294573,0.06774945621591787,0.14714317564709567,0.169059238465739,-0.04983679844314184
2022-03-07,37988.0,-0.011328919506856962,80.7,76.96880458441484,3.7311954155851623,0.019360439473765596,0.02133959898116073,0.07429729973772736,0.20920586908478023,0.12788637631759306,-0.053368955059073304
2022-03-08,38730.63,0.019360439473765596,80.93,76.78906431046948,4.140935689530522,0.07965003732031377,-0.024921307882922718,0.07524855550540317,0.19611367991703044,0.11484636600002983,-0.08787611245367682
2022-03-09,41941.71,0.07965003732031377,81.01,81.09653396365947,-0.08653396365946264,-0.06195676107004793,-0.055651028331830804,0.006166200759860964,0.12307533936518181,0.007371129461289011,-0.20879149809957764
2022-03-10,39422.0,-0.06195676107004793,80.13,83.74829446982665,-3.618294469826651,-0.017720645144228633,-0.0036001514317668213,0.04562060934859746,0.17726911603835138,0.0811380204633742,-0.2705862174203719
2022-03-11,38729.57,-0.017720645144228633,79.73,83.7867546806523,-4.05675468065229,0.002006528401358036,0.059745305142971925,0.05702355228683405,0.16133616192565398,0.08484123586072434,-0.2220647256546108
2022-03-12,38807.36,0.002006528401358036,81.13,83.62771283654718,-2.49771283654718,-0.026900467390317852,0.052957700756566424,0.08769209425803486,0.176175390664888,0.018461341641102663,-0.2877363591605191
2022-03-13,37777.34,-0.026900467390317852,82.47,83.65411558075341,-1.1841155807534136,0.04892031687140569,0.10016986338832569,0.1267604283912581,0.19281478498375954,0.059041749330183003,-0.26338828575300943
2022-03-14,39671.37,0.04892031687140569,82.43,85.65387310714843,-3.223873107148421,-0.009905884169983963,0.06181722909169155,0.10336575532813716,0.15682808301689366,0.03654045088407994,-0.3034843300438566
2022-03-15,39280.33,-0.009905884169983963,81.98,85.69560453477315,-3.7156045347731492,0.045624811430510115,0.04922076078036408,0.12055781372566478,0.17045832862839444,0.0167140309233973,-0.266639341542139
2022-03-16,41114.0,0.045624811430510115,81.79,87.20117676764238,-5.411176767642374,-0.004781075985047464,-0.0027217528561380763,0.07939371943117775,0.10130978224982112,-0.013766060906092592,-0.27180802106800356
2022-03-17,40917.9,-0.004781075985047464,75.18,85.51887129175712,-10.338871291757116,0.02031169524144141,0.03473439350146822,0.1349085693470528,0.0535890765798657,-0.013264954252215185,-0.31457874849115175
2022-03-18,41757.51,0.02031169524144141,70.75,85.76940973654145,-15.019409736541448,0.010567682574771557,0.026590565002932186,0.12086512441162721,0.03959781049462665,-0.05107941309788282,-0.3159598375300979
2022-03-19,42201.13,0.010567682574771557,71.66,81.09131071062271,-9.43131071062271,-0.022502352481311442,0.041548526236445386,0.11690913860532082,0.0012049287014280485,-0.03373722082962864,-0.38501621967908845
2022-03-20,41262.11,-0.022502352481311442,72.67,81.36041698241773,-8.69041698241773,-0.006317702205992036,0.07133705294530049,0.13164850668975386,0.03551741111477674,0.0055844309290580645,-0.30816248078000746
2022-03-21,41002.25,-0.006317702205992036,71.8,81.39853326419298,-9.59853326419298,0.03267507037255884,0.08211547228731562,0.10431260963881989,0.0278176835738903,0.008643523906267608,-0.3394236455301991
2022-03-22,42364.13,0.03267507037255884,71.19,80.54348780017195,-9.353487800171948,0.012167866742905374,0.10017417584558438,0.08848329640685308,-0.06923075261693219,-0.04549374160514924,-0.36377585952804276
2022-03-23,42882.76,0.012167866742905374,69.58,79.2918863630501,-9.711886363050098,0.02552564380828476,0.09427455940869482,0.0660543565925014,-0.0677186790610751,-0.0768874851432559,-0.3475221878501518
2022-03-24,43991.46,0.02552564380828476,65.47,79.0237339652829,-13.553733965282902,0.007286174227543661,0.07536061236887522,0.053462327688756486,-0.06682530444405721,-0.10917442730819615,-0.41294296642764783
2022-03-25,44313.16,0.007286174227543661,62.41,78.24756505337058,-15.837565053370582,0.004460717136023095,0.06031145374445319,0.04990051490272963,-0.10384378280226747,-0.11624435580166256,-0.401665116081281
2022-03-26,44511.27,0.004460717136023095,66.62,77.8171311809332,-11.197131180933198,0.05073377393082759,0.02219713735150406,0.02191606281864334,-0.09315978033727035,-0.09626729428735634,-0.4099243584123863
2022-03-27,46827.76,0.05073377393082759,68.62,79.213781785064,-10.593781785063996,0.006268250306015814,-0.0116908794387315,-0.08131949276718714,-0.148173523599268,-0.20592994144222998,-0.4722612483832454
2022-03-28,47122.21,0.006268250306015814,63.04,79.15402044839328,-16.114020448393283,0.006611696768465159,-0.02822020281619362,-0.0812673139170006,-0.17194453750951005,-0.18315688339829175,-0.4982963063652367
2022-03-29,47434.8,0.006611696768465159,62.04,77.61056743135939,-15.570567431359386,-0.007762984396878372,-0.021898284680118937,-0.1157042099038928,-0.15064635943494947,-0.17694581219711747,-0.4909805448784152
2022-03-30,47067.99,-0.007762984396878372,62.44,62.590291930142484,-0.15029193014248676,-0.03365359925692603,-0.010410938841723763,-0.09613109557497718,-0.1260640757606958,-0.1984416579527402,-0.46828482981667485
2022-03-31,45510.34,-0.03365359925692603,64.11,63.12476954347053,0.9852304565294716,0.01684575714059203,-0.0002810745328609282,-0.07649492606492964,-0.0956690857325523,-0.190116688873529,-0.3605439589708307
2022-04-01,46283.49,0.01684575714059203,59.54,63.19102580542818,-3.6510258054281834,-0.010261073071446306,-0.06962861332845585,-0.1577140490237853,-0.13397703801200234,-0.18494948474645423,-0.37528631637288623
2022-04-02,45811.0,-0.010261073071446306,59.26,62.08068758509181,-2.820687585091811,0.012933614904539842,-0.05304711110080718,-0.1337730356535765,-0.1429418417357573,-0.17321270261044708,-0.42982022499459466
2022-04-03,46407.35,0.012933614904539842,59.47,54.323886432375325,5.146113567624674,0.0037243614415168034,-0.09380592522377407,-0.12028763213281374,-0.16263675499695265,-0.20703014758441624,-0.42128581871246445
2022-04-04,46580.51,0.0037243614415168034,60.54,54.327471870738464,6.2125281292615355,-0.023523734948063195,-0.08572015673325362,-0.15374429770499715,-0.1661448707043922,-0.16008294650639188,-0.450028096810639
2022-04-05,45497.55,-0.023523734948063195,62.88,54.21704290399908,8.662957096000923,-0.052501781655002897,-0.07621385153206892,-0.11507584315591371,-0.11818335710599968,-0.21889603690888074,-0.4210033973366133
2022-04-06,43170.47,-0.052501781655002897,66.05,57.632962204893104,8.417037795106893,0.006320429156202368,-0.08808543569532966,-0.06685403083208089,-0.12461044867504284,-0.18125533137666627,-0.36665594768392423
2022-04-07,43444.19,0.006320429156202368,61.74,57.38195918094321,4.358040819056789,-0.027825199218427053,-0.08072592455276956,-0.09067722359250947,-0.10188956948129116,-0.20272247845370658,-0.3255262880051747
2022-04-08,42252.01,-0.027825199218427053,62.19,51.446670121595,10.743329878405,0.011810129932037259,-0.026481706909039865,-0.03494214953105669,-0.06124160229322467,-0.21616262756086657,-0.30562996949777044
2022-04-09,42753.97,0.011810129932037259,59.72,46.40887663856627,13.31112336143373,-0.014017429746878484,-0.06802414097174372,-0.02993298018571868,-0.10231056237776308,-0.35172423788374607,-0.3474621976397385
2022-04-10,42158.85,-0.014017429746878484,61.08,46.22133879803458,14.858661201965418,-0.06437336581826365,-0.03886199162384502,-0.019174159667622693,-0.11362176280859938,-0.3069059615153351,-0.33658960913932773
2022-04-11,39530.45,-0.06437336581826365,68.28,51.828928447356226,16.451071552643775,0.013679940298762482,0.021231404863248576,0.023737011011782955,-0.027235435722668937,-0.3061977008016217,-0.3066121635645018
2022-04-12,40074.94,0.013679940298762482,65.22,51.04428021025475,14.175719789745251,0.02641901842530263,-0.009951299039740132,-0.009168806082180812,-0.03943966695687058,-0.32243003508319235,-0.34349271581053786
2022-04-13,41147.79,0.02641901842530263,63.61,49.00179768945742,14.60820231054258,-0.029732304130666604,-0.008460442622017023,-0.04234912286413894,-0.0867425154516025,-0.3400247809279365,-0.4372169814503397
2022-04-14,39942.38,-0.029732304130666604,62.1,50.04516740897231,12.05483259102769,0.015144719601020222,0.03809116078602484,-0.012400572999395083,-0.0063386488013947515,-0.2833533724655362,-0.574482318551184
2022-04-15,40551.9,0.015144719601020222,60.4,47.663050352705184,12.736949647294814,-0.004279969331170057,0.01968783195622213,-0.0031075139500859883,-0.10382019375296703,-0.2580419601619109,-0.6053588710194566
2022-04-16,40378.71,-0.004279969331170057,61.05,47.65765116314003,13.392348836859966,-0.017502763604226226,0.002505606148534175,-0.05775641784296198,-0.11440130054458539,-0.30131379423893645,-0.5810733731498768
2022-04-17,39678.12,-0.017502763604226226,63.59,47.40964918555786,16.180350814442143,0.027909874843025737,0.0007824929575591145,-0.011212345888781693,-0.1120452548611971,-0.264880424432215,-0.6652007877872868
2022-04-18,40801.13,0.027909874843025737,63.47,48.35113003417665,15.11886996582335,0.01681929927737526,-0.03388868024212212,-0.026299452762168003,-0.18122047802980987,-0.35127899884945973,-0.6898075129760797
2022-04-19,41493.18,0.01681929927737526,62.46,48.10769295682309,14.352307043176914,-0.0032586092287824916,-0.05049173378542013,-0.07237758219204442,-0.32179125769802736,-0.31374691170906543,-0.7826286486004264
2022-04-20,41358.19,-0.0032586092287824916,62.19,48.06745687805377,14.12254312194623,-0.02146219513885801,-0.022795345906308318,-0.09444760314097672,-0.2877318018477124,-0.34806716943646654,-0.6982423244447733
2022-04-21,40480.01,-0.02146219513885801,63.51,47.17741093931641,16.33258906068359,-0.019225876795201286,-0.06026202399149636,-0.05097244673445191,-0.3299347118134046,-0.3182821179228934,-0.6767854758741112
2022-04-22,39709.18,-0.019225876795201286,61.12,47.301982322303424,13.818017677696574,-0.006761298356655494,-0.011994838846341012,-0.030270860874689776,-0.3132612290010115,-0.2706347027068958,-0.6503131080870673
2022-04-23,39441.6,-0.006761298356655494,61.34,46.21711264307028,15.122887356929724,0.0002162457340772487,0.00758922747995391,-0.044393392587463575,-0.29767565806379753,-0.30376853911945156,-0.6796895036812434
2022-04-24,39450.13,0.0002162457340772487,62.62,46.072327797411475,16.547672202588522,0.02443777865032932,-0.02188584840662449,0.006061924198000321,-0.2709527994661411,-0.2854207602796184,-0.6252843225368527
2022-04-25,40426.08,0.02443777865032932,65.57,47.043930869366626,18.526069130633367,-0.05892887322404605,-0.0716522572346686,-0.10071267980288105,-0.25493444621182487,-0.31365706412502986,-0.6436976878501902
2022-04-26,38112.65,-0.05892887322404605,66.78,46.767602318835046,20.012397681164956,0.02904130834995406,0.009289577257044258,-0.05664488270162343,-0.24355737639597444,-0.2663313069410153,-0.5729031643091205
2022-04-27,39235.72,0.02904130834995406,65.09,48.224364573705806,16.865635426294197,0.012822767969639432,-0.018276022028348965,-0.10083290897241542,-0.2536680785434333,-0.31513942296694486,-0.6232539027491824
2022-04-28,39742.07,0.012822767969639432,63.0,48.47850594557537,14.521494054424629,-0.02925883015250115,-0.05198262006741769,-0.1549210252676419,-0.3249795460872917,-0.3140347326812976,-0.6502226961789437
2022-04-29,38596.11,-0.02925883015250115,60.54,49.15765097567152,11.382349024328477,-0.025328630177714796,0.027947772604624603,-0.24941367550598295,-0.241369329517021,-0.2698431718639346,-0.6434527080229079
2022-04-30,37630.8,-0.025328630177714796,62.23,48.66460949273589,13.565390507264105,0.02201296126766681,-0.029060422568212646,-0.19328419870673572,-0.2536195662954899,-0.17042727009730158,-0.6259589275847315
2022-05-01,38468.35,0.02201296126766681,62.44,49.006602116946844,13.433397883053154,0.0014757090645608362,-0.06593445995866788,-0.2789622650789527,-0.2673096711884415,-0.19033683162643195,-0.6569972343905844
2022-05-02,38525.16,0.0014757090645608362,62.42,49.05410550500805,13.365894494991949,-0.02088383006942929,-0.08255688694406665,-0.2829903681263218,-0.24036384183220605,-0.2566075223841475,-0.6922536186602509
2022-05-03,37728.95,-0.02088383006942929,64.92,48.84870541670939,16.07129458329061,0.05067156251954114,-0.1029384052002244,-0.25328226547633403,-0.25937514653198795,-0.21425567112804814,-0.6727706801688372
2022-05-04,39690.0,0.05067156251954114,60.58,52.72496599941087,7.855034000589129,-0.08233682535055205,-0.27736144811060776,-0.2770147236641415,-0.29148268447761866,-0.28994515030424706,-0.7201742998164021
2022-05-05,36552.97,-0.08233682535055205,63.13,58.90693167483377,4.223068325166231,-0.014861076122788424,-0.16422377613852326,-0.15422176640894386,-0.21294438432214882,-0.20210736042773253,-0.5912641596448587
2022-05-06,36013.77,-0.014861076122788424,62.19,56.692888688729724,5.497111311270274,-0.015146717920837932,-0.21302780512028505,-0.18691249369435106,-0.20968642423939188,-0.18540061630725788,-0.5794160119870654
2022-05-07,35472.39,-0.015146717920837932,64.87,56.59813652242116,8.271863477578847,-0.04126534832558704,-0.20043348118225532,-0.1528351695710179,-0.21430651399452944,-0.12280380955146804,-0.5451878728926208
2022-05-08,34038.4,-0.04126534832558704,68.59,57.41605496189709,11.173945038102914,-0.12375148039084222,-0.1503438602761098,-0.17005852081964984,-0.15911370741365574,-0.0894673419369038,-0.45364017111318466
2022-05-09,30076.31,-0.12375148039084222,84.91,69.88259097414165,15.027409025858347,0.03080084662153245,0.00034672444646608944,0.008044345988961941,-0.020429496357951604,0.004262040244007587,-0.33128758909259126
2022-05-10,31017.1,0.03080084662153245,81.61,71.42893774271249,10.181062257287508,-0.0636651051045502,0.010002009729579184,-0.06033536758875418,0.022856928609434106,-0.029683647623992573,-0.362223662907592
2022-05-11,29103.94,-0.0636651051045502,101.25,71.36176282303582,29.888237176964182,-0.00255239398280821,0.026115311425933756,0.011652593890511176,0.08862543345252079,-0.000414462762880069,-0.3329217092012474
2022-05-12,29029.75,-0.00255239398280821,114.58,70.90103623176581,43.67896376823418,0.008824272580558484,0.047598311611237204,0.0426265262941157,0.02638284574217427,-0.02106268072734544,-0.3744100499652852
2022-05-13,29287.05,0.008824272580558484,99.66,70.00007019500129,29.65992980499871,0.02693910433173367,-0.01971466054354025,-0.006092881055654004,0.03902659434828585,-0.09719220052240315,-0.4155518139915957
2022-05-14,30086.74,0.02693910433173367,93.57,70.91051074955995,22.659489250440046,0.040456131904645545,0.0076976215424956265,-0.01446796081347726,-0.012930426640105595,-0.2911289460856477,-0.3966771893356252
2022-05-15,31328.89,0.040456131904645545,92.34,72.54600181025307,19.79399818974693,-0.04755180340819563,-0.07033737731833359,-0.058722617913204996,-0.04788559401878864,-0.3473169108575456,-0.4197914936109952
2022-05-16,29874.01,-0.04755180340819563,96.37,73.78120272629124,22.588797273708764,0.018930606202495235,-0.014462717535422808,-0.022773930545040844,0.0015118773870931974,-0.2797595789109403,-0.36059269604899635
2022-05-17,30444.93,0.018930606202495235,91.46,74.40939217753683,17.050607822463164,-0.05848869957421896,-0.004971785317121728,-0.06147134442351157,0.030031360019549876,-0.4003203633550716,-0.3621258648625167
2022-05-18,28715.32,-0.05848869957421896,100.59,75.1394542006436,25.450545799356405,0.05435138641776955,0.013621779487886017,0.010944813405994038,0.08059117888274604,-0.3385285141266199,-0.32256625699970065
2022-05-19,30319.23,0.05435138641776955,91.11,78.01829795587281,13.091702044127189,-0.03757886695618367,-0.022165582355973115,-0.028473842346913584,-0.003782305744954341,-0.4688817368913609,-0.301267798235293
2022-05-20,29201.01,-0.03757886695618367,88.56,78.53638853843498,10.023611461565025,0.008322856374715153,0.011614759405128362,0.08319229619818826,0.03065171996476162,-0.3501751550083066,-0.22161173023103686
2022-05-21,29445.06,0.008322856374715153,84.12,78.7526168004122,5.367383199587806,0.028421538420796314,-0.008311213009618262,0.07697283956200958,-0.01206705665339123,-0.3585033579512176,-0.23737006905699423
2022-05-22,30293.94,0.028421538420796314,82.49,79.84263004980997,2.6473699501900256,-0.039895134769211214,-0.05649955910639007,-0.016243680551941468,-0.06368920702146114,-0.3796784053801714,-0.26885831602278637
2022-05-23,29109.15,-0.039895134769211214,82.54,80.55786066377415,1.9821393362258561,0.018564024573910418,-0.002676966081892211,0.04511947540393981,-0.09109931946674912,-0.37592096456179175,-0.24935613859432337
2022-05-24,29654.58,0.018564024573910418,82.27,81.10666812425305,1.1633318757469482,-0.003798525195082192,-0.006308259990940698,0.0015375341733716193,-0.2766609852721705,-0.33986356225723435,-0.2782783077949307
2022-05-25,29542.15,-0.003798525195082192,82.57,80.21205547099214,2.3579445290078525,-0.011603116040031471,0.07157753679305966,0.01083702389441631,-0.28859429294434064,-0.33004062372516024,-0.2687676703346596
2022-05-26,29201.35,-0.011603116040031471,81.63,78.28796735730027,3.3420326426997207,-0.0197668076759755,0.0852840525716276,0.024285807932133995,-0.2569856483658994,-0.3065718573681051,-0.3149962621704314
2022-05-27,28629.8,-0.0197668076759755,84.72,77.15545450399316,7.5645454960068435,0.013927458255286653,0.04025587855444837,0.09150270444306141,-0.33884901893156005,-0.3081144797822374,-0.29787149747468383
2022-05-28,29031.33,0.013927458255286653,80.91,77.19844206382463,3.7115579361753674,0.014932730664861931,0.04779644148583179,0.06964636547675196,-0.349473327532614,-0.33618796349764585,-0.23495090704014532
2022-05-29,29468.1,0.014932730664861931,81.2,77.38325960596735,3.8167403940326494,0.07408727158891816,0.007845794164312074,0.02469153660195919,-0.4404078945444473,-0.37360953615897324,-0.21182058499661832
2022-05-30,31734.22,0.07408727158891816,75.39,82.35230994158208,-6.9623099415820775,0.002103399738536469,-0.060740512898643594,-0.05254057623342668,-0.4333674512064948,-0.45553165748742974,-0.2888135631015994
2022-05-31,31801.04,0.002103399738536469,73.06,81.8005906720593,-8.740590672059298,-0.06479498169315473,-0.06099824463949383,-0.08903989621540084,-0.43547619751322725,-0.4666604027641523,-0.29641033498025393
2022-06-01,29805.83,-0.06479498169315473,74.75,84.23310290227899,-9.483102902278986,0.021468021186670065,0.05124682588861281,-0.047445526469519696,-0.3634347248282299,-0.43564609627610323,-0.24653738777297807
2022-06-02,30452.62,0.021468021186670065,73.43,84.74664630945051,-11.316646309450505,-0.025017916656657774,0.02184992399091995,-0.136218794870689,-0.4210404399657316,-0.4585150090407889,-0.2690925773241643
2022-06-03,29700.21,-0.025017916656657774,71.33,82.32556356259623,-10.995563562596232,0.005500964525962497,0.016845742437646888,-0.27819851944554214,-0.3414010964306059,-0.430229149512155,-0.25619091108793274
2022-06-04,29864.04,0.005500964525962497,70.96,78.1624741999378,-7.202474199937811,0.001845667997686214,0.008199936665216685,-0.299431316838757,-0.3408776476195765,-0.389156799217126,-0.2690891677053307
2022-06-05,29919.21,0.001845667997686214,72.04,78.16114958220457,-6.121149582204566,0.047450088834951915,-0.028041651575907225,-0.2812714562980334,-0.33085766530023913,-0.3940153956798075,-0.2795345451821962
2022-06-06,31373.1,0.047450088834951915,68.51,80.27832670775486,-11.768326707754852,-0.007928880711022794,-0.09869235235813273,-0.4303517233746216,-0.3996171842252988,-0.4223840633411527,-0.29696457208657057
2022-06-07,31125.33,-0.007928880711022794,71.51,79.17000045107073,-7.660000451070729,-0.030022098209930834,-0.15806871886160914,-0.41911969300936597,-0.40583432897439786,-0.36417282917628074,-0.3045205951894308
2022-06-08,30204.77,-0.030022098209930834,71.7,66.98754779174352,4.7124522082564795,-0.00314484124646771,-0.2950442618831892,-0.46509943114640656,-0.39830107276093246,-0.33554962933659876,-0.2649520692899696
2022-06-09,30109.93,-0.00314484124646771,72.57,66.07232054517105,6.4976794548289405,-0.0343959202434377,-0.30763125350397386,-0.3808268749730682,-0.40299108125400307,-0.3325400152835994,-0.23474935718313533
2022-06-10,29091.88,-0.0343959202434377,72.55,63.30878615053196,9.24121384946804,-0.023200611947273582,-0.2532298047221264,-0.34643630129782643,-0.3776205065487515,-0.33250724643836727,-0.2284664767357722
2022-06-11,28424.7,-0.023200611947273582,75.05,63.82060411159613,11.229395888403864,-0.06730524721449922,-0.331659371016489,-0.3159891983587103,-0.3882005698065835,-0.3533473692379397,-0.17112107363400203
2022-06-12,26574.53,-0.06730524721449922,93.99,67.79125106093153,26.198748939068466,-0.16699764123151092,-0.2610509741477571,-0.2848216450950426,-0.32229621417009996,-0.3183596134691924,-0.10463690144740118
2022-06-13,22487.41,-0.16699764123151092,106.0,87.74068108043078,18.259318919569225,-0.01573183286725236,-0.1700551692632175,-0.06320257698506385,-0.15203063006661285,-0.1055482432499773,0.08177834355395872
2022-06-14,22136.41,-0.01573183286725236,103.09,85.86662310335646,17.223376896643543,0.020005528538409763,-0.07319562146909453,-0.04144633078081961,-0.08972548237836898,-0.0724745827534495,0.09905383334316813
2022-06-15,22583.72,0.020005528538409763,89.15,85.53704457751562,3.61295542248439,-0.10163017824163617,-0.09320649657570021,-0.04958620900220573,-0.11274393938177403,-0.08083311713805603,0.07346267224374087
2022-06-16,20401.31,-0.10163017824163617,119.65,90.70549406322897,28.944505936771037,0.0033031496542327322,0.01567017265777856,0.030734539149322695,0.007967660033468868,0.03819449849255507,0.16639776516013596
2022-06-17,20468.81,0.0033031496542327322,108.67,89.38587835830405,19.284121641695947,-0.0760018363469714,-0.023770670947285744,0.013285364034968107,0.05494686383308528,0.015962257126919423,0.15308067559717325
2022-06-18,18970.79,-0.0760018363469714,115.03,88.90154109300315,26.128458906996855,0.08112771492687064,0.1068525922781535,0.06679835838547407,0.12954980180980782,0.167613938656068,0.20738216002052187
2022-06-19,20574.0,0.08112771492687064,109.97,94.66805484078256,15.30194515921744,-5.346568195921985e-06,0.03174929068827475,-0.02216420628093492,0.04828685968946887,0.12856342477726984,0.11974475366223296
2022-06-20,20573.89,-5.346568195921985e-06,99.27,94.49106207099635,4.7789379290036464,0.007246490991842595,0.043620287573494315,-0.031184205250925134,0.013929054859459243,0.12113328889422355,0.012582190647387831
2022-06-21,20723.52,0.007246490991842595,97.96,93.6371839196797,4.322816080320294,-0.03613769395083157,0.015064366491543971,-0.07221137144787335,-0.03735817087922942,0.1108200893573851,0.01990100456240232
2022-06-22,19987.99,-0.03613769395083157,99.76,93.508695169806,6.251304830194002,0.05462142687846785,0.03705603498225369,-0.0374745690750574,-0.033537968374149796,0.1265648259674685,0.07364712501933046
2022-06-23,21110.13,0.05462142687846785,91.46,95.83470743897821,-4.37470743897822,0.0060244133369918825,-0.0400542338926796,-0.0888280530815491,-0.042345666264913435,0.06158525446230377,0.01362995801089769
2022-06-24,21237.69,0.0060244133369918825,90.66,95.99297180211147,-5.332971802111473,0.011865650317023644,-0.053913496969209836,-0.04827915159754947,-0.03102825197262986,0.06127295339050075,0.013629003943640496
2022-06-25,21491.19,0.011865650317023644,86.66,96.32293374164895,-9.662933741648956,-0.02130943009010775,-0.07480449282441962,-0.0631577303795684,-0.03124690813585028,-0.008424404802326146,-0.0057448639973492425
2022-06-26,21038.07,-0.02130943009010775,90.26,96.34367975400731,-6.083679754007306,-0.014146025460121855,-0.08727573793941748,-0.022766879115853927,0.00745995934323241,0.010242982307553689,0.0244615645237455
2022-06-27,20742.56,-0.014146025460121855,89.09,95.9530679756726,-6.8630679756725925,-0.022488841996465433,-0.07453060405731125,0.04166149979811707,0.002676893091951342,0.10123705645750067,-0.02447490761987637
2022-06-28,20281.29,-0.022488841996465433,87.5,95.5570145537921,-8.0570145537921,-0.007834849739538354,-0.04877381918886969,0.06275144342433366,0.10081558027059395,0.16178895116235506,-0.012088277601678764
2022-06-29,20123.01,-0.007834849739538354,91.37,90.34959339060606,1.0204066093939446,-0.009025345538186133,0.005634345371660195,0.0704510659704037,0.15072763105820475,0.1667180943858305,-0.02860173463893769
2022-06-30,19942.21,-0.009025345538186133,94.14,90.16478115050174,3.975218849498262,-0.03378067520510561,0.01164676244485104,0.045113260110384266,0.1523174941451487,0.1702500677838985,0.017079092303817184
2022-07-01,19279.8,-0.03378067520510561,92.97,88.66961768067861,4.300382319321386,-0.001400891578015631,0.06450885882356337,0.03485320056864381,0.18303146080525845,0.18910870850312533,0.027212737577748336
2022-07-02,19252.81,-0.001400891578015631,92.23,87.85642636359835,4.373573636401659,0.003267942871976135,0.11619210385542815,0.00393660070090749,0.1640393950425259,0.18942243171662476,0.04057312715171887
2022-07-03,19315.83,0.003267942871976135,92.07,88.01583365125715,4.054166348742839,0.04657331482099153,0.11152526261320315,0.04648238681663557,0.1504133075438529,0.17403823842422242,0.04135879860739029
2022-07-04,20236.71,0.04657331482099153,86.99,90.31707991670214,-3.3270799167021465,-0.0030129284649952903,0.06481672059874331,0.017250899624919498,0.10955210498805022,0.12006763151179546,-0.01417590972691846
2022-07-05,20175.83,-0.0030129284649952903,86.08,90.23261450425314,-4.152614504253137,0.019081421173606727,0.03346649766553305,0.03191082224371801,0.05473332557724227,0.11448085049761136,-0.017193600970180547
2022-07-06,20564.51,0.019081421173606727,82.25,88.35839035529929,-6.108390355299292,0.05028235345384914,-0.029655658254919746,0.030226838459086223,0.03300986142340763,0.1254194912545823,-0.027819501066683346
2022-07-07,21624.98,0.05028235345384914,81.35,91.15702983952514,-9.807029839525143,-0.0013988983702488548,-0.11225550315452082,-0.03898460670616584,0.05957555665938362,0.05965223398685006,-0.08832679895792131
2022-07-08,21594.75,-0.0013988983702488548,78.39,90.99689195631443,-12.606891956314428,-0.00013522719346830976,-0.06504287579656777,0.038064136846260185,0.09903750773802142,0.07059756004662929,-0.13909295261671195
2022-07-09,21591.83,-0.00013522719346830976,73.55,91.03640771607637,-17.48640771607637,-0.03436315139820555,-0.047565820973824,0.08027656508780097,0.09626702841542681,0.09779065810046417,-0.11258095977518359
2022-07-10,20862.47,-0.03436315139820555,75.86,91.03535232393318,-15.175352323933183,-0.04404073474684607,-0.001555675421815221,0.10720423403476431,0.12513680767351426,0.1040407697025952,-0.07682292704849698
2022-07-11,19963.61,-0.04404073474684607,80.52,91.67247147035825,-11.15247147035825,-0.032317491445751946,0.05988249671400579,0.14817826023661457,0.1542555079344815,0.18222629560393783,0.067614047638212
2022-07-12,19328.75,-0.032317491445751946,85.86,89.79832149227923,-3.938321492279229,0.045813728987704215,0.07327089644835481,0.1601027943416183,0.18548583101571728,0.2137227120217914,0.11333515233646943
2022-07-13,20234.87,0.045813728987704215,80.89,72.08550085551066,8.804499144489341,0.017341827629275455,0.10310701264282776,0.10393092072721721,0.12755585160758687,0.18732658680393616,0.07573442581784906
2022-07-14,20588.84,0.017341827629275455,81.35,72.30299688534906,9.047003114650934,0.011646994153803221,0.1278423860616248,0.09230120536313062,0.10281673188687594,0.17152841609661776,0.08412158077884424
2022-07-15,20830.04,0.011646994153803221,78.7,72.03504765105006,6.664952348949939,0.01739743738897494,0.10875990945657936,0.022822503333524147,0.08257002825389335,0.154295789381797,-0.03202284373610123
2022-07-16,21195.6,0.01739743738897494,81.99,62.836649915772384,19.15335008422761,-0.018929091711402925,0.08829576352260857,0.002783022964321293,0.09519265279549606,0.12820326666758103,-0.04678960477104647
2022-07-17,20798.16,-0.018929091711402925,81.29,63.223574663915436,18.06642533608457,0.07564984518217717,0.08683189789326332,0.09856016336554935,0.0986368406930159,0.13711841847025397,-0.054150458593128316
2022-07-18,22432.58,0.07564984518217717,83.39,62.23908245596911,21.15091754403089,0.04207720104807247,0.0008239080843892715,0.060973370891761115,0.03253342320036911,0.039768221364454015,-0.124665775958226
2022-07-19,23396.62,0.04207720104807247,82.9,57.59060155607462,25.30939844392539,-0.007435482451242203,-0.035541180698494344,0.015990463327625735,0.0175140930126632,-0.00881867111503674,-0.1511943699560934
2022-07-20,23223.3,-0.007435482451242203,83.99,57.71845019331043,26.271549806689563,-0.003066708544995841,-0.0859374061230554,0.01793257363874983,-0.0031634643321691303,-0.10855109824683559,-0.17904934594896538
2022-07-21,23152.19,-0.003066708544995841,82.38,57.758377132006856,24.62162286799314,-0.02039295734074819,-0.08551274055828746,0.006077247697866843,0.03404803536732328,-0.09091908479498266,-0.16977824918227308
2022-07-22,22684.83,-0.02039295734074819,84.28,56.64207560195618,27.637924398043822,-0.010358144626696868,0.011728265472285851,0.025383036674098847,0.053619917680173095,-0.052917700948137913,-0.1838581240140341
2022-07-23,22451.07,-0.010358144626696868,80.45,53.829468846243245,26.620531153756758,0.005712112265188854,0.06014946280737166,0.023624930880369523,0.08339566607671894,-0.04795529645140596,-0.19565837535536024
2022-07-24,22579.68,0.005712112265188854,83.17,53.82667891160629,29.343321088393715,-0.05783170787580325,0.0515316440261199,0.010515526523745215,0.07922721073348714,-0.04764394944686012,-0.15169330362930977
2022-07-25,21310.9,-0.05783170787580325,81.35,57.584638957348524,23.76536104265147,-0.002642042980227913,0.10386997976180504,0.059747524920369104,0.13147328604827285,0.0026795408049770314,-0.0996365176349177
2022-07-26,21254.67,-0.002642042980227913,81.39,57.09267772329646,24.29732227670354,0.07684804868982513,0.09158998825615414,0.09240962983117465,0.12542024370325974,0.014218582216191938,-0.11633064559572906
2022-07-27,22952.45,0.07684804868982513,76.49,62.73056038931002,13.759439610689974,0.03806305270838894,0.013654771201812816,7.667732746644007e-05,0.03855825510470462,-0.12571196407737692,-0.19917533862286166
2022-07-28,23842.93,0.03806305270838894,76.89,63.14268100304439,13.747318996955613,-0.0029057065160629104,-0.036524531927002314,-0.028439947691392124,-0.0212051495273071,-0.1738772287640337,-0.21512954868993492
2022-07-29,23773.75,-0.0029057065160629104,75.03,63.036032294324386,11.993967705675615,-0.0054933721401181045,-0.04101611750237486,0.0015236296850373449,-0.024809134442662476,-0.19531982902476805,-0.21998696331746756
2022-07-30,23643.51,-0.0054933721401181045,78.55,62.94516648902471,15.60483351097529,-0.014922034485878831,-0.04412245484143612,-0.02109603797091908,-0.12648367188558543,-0.15317097548008118,-0.19715498611059176
2022-07-31,23293.32,-0.014922034485878831,78.66,61.79046465589163,16.869535344108364,-0.001087168364516185,0.0008196415750203571,0.02797078766945632,-0.09699633249284949,-0.16189597092537683,-0.17307031505887954
2022-08-01,23268.01,-0.001087168364516185,77.69,61.78563796218275,15.90436203781725,-0.012116250420426194,-0.013578093874346539,0.028236881006074133,-0.07830073762223674,-0.14884930456490575,-0.1806416044622596
2022-08-02,22987.79,-0.012116250420426194,77.79,62.11325715433714,15.676742845662865,-0.007397292091435454,0.00808458423561003,0.0597707351963493,-0.07158022733177548,-0.132679439816832,-0.1742909128654248
2022-08-03,22818.37,-0.007397292091435454,75.87,60.48581407410579,15.384185925894215,-0.008599709479179367,0.04253974718741205,0.0687116842097418,-0.05815947597060533,-0.13424354123871376,-0.18014192005148727
2022-08-04,22622.98,-0.008599709479179367,73.67,60.598653653070656,13.071346346929346,0.030020061930577643,0.02302641687051688,0.07172576112790366,-0.05706798411539206,-0.13167445146779178,-0.1419540636823488
2022-08-05,23312.42,0.030020061930577643,71.85,61.063804943732634,10.78619505626736,-0.01548490381388308,0.027151146094435804,0.03301061387208495,-0.0781910476149827,-0.15323899232126548,-0.13650405886074796
2022-08-06,22954.21,-0.01548490381388308,71.7,59.09157137535469,12.608428624645313,0.009546427689530375,0.04181497488042051,0.03848157777723807,-0.12578864140484336,-0.14797903294477124,-0.12988723199439764
2022-08-07,23174.39,0.009546427689530375,73.6,59.13591783951484,14.464082160485155,0.02705787086036656,0.051686150960739106,0.0072347981640849025,-0.14543728107264153,-0.2096905126633411,-0.14928395218418225
2022-08-08,23810.0,0.02705787086036656,75.17,59.74940111276354,15.420598887236459,-0.028113039796074532,0.026171937022329596,-0.026332764127699942,-0.1968434587098054,-0.2103716178756476,-0.19814930732587122
2022-08-09,23149.95,-0.028113039796074532,74.67,59.292086691706444,15.377913308293557,0.03414479115449657,0.04869934425738662,-0.10538763391466646,-0.1320749375091621,-0.18086369675109204,-0.1757942097012471
2022-08-10,23954.05,0.03414479115449657,70.87,57.6564684441683,13.213531555831707,-0.0008210750278983731,0.0058594677776489835,-0.12496712016230593,-0.18986675859483315,-0.11461224796572568,-0.20885502561823777
2022-08-11,23934.39,-0.0008210750278983731,71.48,56.040873964916706,15.439126035083298,0.01941760376984897,-0.0033333971031826127,-0.106537618628311,-0.17708618557097985,-0.10038755968532183,-0.22396080593292939
2022-08-12,24403.68,0.01941760376984897,70.27,54.48189186911423,15.788108130885767,0.0015436569219570487,-0.04445135279665437,-0.1313509625281249,-0.1924501750131813,-0.11159216098608697,-0.2471420423730881
2022-08-13,24441.38,0.0015436569219570487,70.6,54.355401018314,16.244598981685996,-0.005585632561017508,-0.0525047011500297,-0.12687116018034725,-0.20295522544845554,-0.08740683531777338,-0.24368615073534639
2022-08-14,24305.24,-0.005585632561017508,70.89,54.45107253405972,16.43892746594028,-0.008695085325241067,-0.15408697817205325,-0.12879374524329584,-0.20340021259569543,-0.18631863311789815,-0.22670168006576347
2022-08-15,24094.82,-0.008695085325241067,70.2,54.47260823570738,15.72739176429262,-0.01001393990872997,-0.13082658793995508,-0.11120166148706778,-0.18624960619335043,-0.17499287143862735,-0.22828888555610213
2022-08-16,23854.74,-0.01001393990872997,71.55,54.08202042523943,17.46797957476057,-0.021700351923622782,-0.10320422152512855,-0.16427021918208154,-0.18646061072200926,-0.19126887706338216,-0.22389850804018102
2022-08-17,23342.66,-0.021700351923622782,75.32,48.33303985665883,26.986960143341165,-0.0065096914314182845,-0.08689960973147069,-0.1526720792367266,-0.216925310827426,-0.16443399732267988,-0.1920974685828844
2022-08-18,23191.2,-0.0065096914314182845,74.82,46.096501457326625,28.72349854267337,-0.10716790958304105,-0.07436645903031772,-0.17051069458210558,-0.18403885374794765,-0.14237569884105652,-0.1708047710906575
2022-08-19,20834.39,-0.10716790958304105,81.24,59.281871902936125,21.95812809706387,0.014565304906857087,0.025293232928757244,-0.02668730359449578,-0.07547606283642556,-0.07049824770212965,-0.07507913896530018
2022-08-20,21140.07,0.014565304906857087,77.7,59.620579722339926,18.079420277660077,0.017608426506096567,0.019624926452887152,-0.06489963843252733,0.010354872196580267,-0.0788591643872903,-0.10022776964173609
2022-08-21,21515.61,0.017608426506096567,79.02,59.70115039568149,19.31884960431851,-0.005395740129964921,-0.06106599765695314,-0.07054856694266899,0.006150058942989192,-0.1309404230658961,-0.12213585358567551
2022-08-22,21399.83,-0.005395740129964921,80.35,59.63629703802861,20.713702961971386,0.00602345926973469,-0.06577246950525605,-0.06109921248505651,0.01975880154203795,-0.14770307890395418,-0.11033015220249985
2022-08-23,21529.12,0.00602345926973469,77.78,59.64119950052131,18.13880049947869,-0.007508217623966096,-0.09614423555178801,-0.07608406526810842,0.03946432486257388,-0.10404935418244954,-0.11426962146842538
2022-08-24,21368.08,-0.007508217623966096,75.59,56.149039670850854,19.44096032914915,0.008896998430986994,-0.051980536523253185,-0.07460646735239972,-0.057524887874602276,-0.10231605843989462,-0.08787999906955057
2022-08-25,21559.04,0.008896998430986994,73.83,56.22260085465939,17.607399145340608,-0.06308249760374372,-0.08452456488541463,-0.07504794470628276,-0.06379120995155957,-0.13054922781192088,-0.10915141028852614
2022-08-26,20241.05,-0.06308249760374372,72.6,53.41431288489071,19.185687115109282,-0.010102211978267828,-0.009482569285716001,-0.02219039153992787,-0.026998657881300615,-0.07346337454548466,-0.007984939670802056
2022-08-27,20037.6,-0.010102211978267828,73.03,51.215684994937796,21.814315005062205,-0.024348306776797283,0.004673257020199384,-0.06425323159069954,-0.011761918085953307,-0.04125231992590113,0.03597567911251739
2022-08-28,19555.61,-0.024348306776797283,76.17,51.60801006841629,24.56198993158371,0.03665548140456874,0.020060170283679443,-0.01352815916584221,0.028134995741049076,-0.02466713429269938,0.0371177685414073
2022-08-29,20285.73,0.03665548140456874,73.2,53.76173358938448,19.438266410615526,-0.023647029931174457,-0.022625930829146677,-0.04878875924192991,-0.04381094410763385,-0.04398401063051043,0.01497719762227952
2022-08-30,19811.66,-0.023647029931174457,75.78,54.047622317549404,21.732377682450597,0.011959497995954903,0.009476620179131711,0.07525451062910747,-0.013959525954762967,-0.011174344133502604,0.049147129256755094
2022-08-31,20050.02,0.011959497995954903,75.04,54.36917946377208,20.67082053622793,0.004053614327647557,-0.012707822254212018,0.07669862588565805,-0.06039185612322708,-0.03179229989735376,0.028394016158131
2022-09-01,20131.46,0.004053614327647557,77.83,54.393910251385094,23.436089748614904,-0.008961393513317224,-0.06892648861089908,0.08085801402709433,-0.08660386641889763,-0.04161147304859271,0.017689311190843993
2022-09-02,19951.86,-0.008961393513317224,74.66,54.40741036338331,20.252589636616683,-0.006030619708257377,-0.03358832944952181,0.11554839013068219,-0.0279652889143411,-0.04589837881277337,0.026303170291339873
2022-09-03,19831.9,-0.006030619708257377,77.86,54.39027240941928,23.469727590580717,0.008455521077103931,-0.026162828412783376,0.017081579477797315,-0.0277095910874949,-0.010279612214556932,0.01600384699580701
2022-09-04,20000.3,0.008455521077103931,76.01,53.17984829140578,22.830151708594222,-0.010224944437388826,0.06577789044997562,0.011256734754723094,-0.0555012831056381,0.01673493346051764,0.010322384763551892
2022-09-05,19796.84,-0.010224944437388826,76.88,53.082226425701705,23.79777357429829,-0.052165052029039496,0.08940644813986992,-0.004808266341372856,-0.05127298300555677,0.018091800950373698,0.06604759768038598
2022-09-06,18790.61,-0.052165052029039496,81.46,55.28241222441459,26.1775877755854,0.02637676564806005,0.14978450263799326,0.052491313504746125,0.023000911664798413,0.060406560479158954,0.12532021783810507
2022-09-07,19292.84,0.02637676564806005,76.12,55.23010110990948,20.889898890090528,0.0013948813284810479,0.14913671958020383,0.041663154906891174,-0.011138975126857166,0.01222231054977651,0.08028206635924952
2022-09-08,19319.77,0.0013948813284810479,75.72,54.768318804818925,20.951681195181074,0.10039623993986292,0.04324440789058051,0.004977815134295939,0.004804748611419475,0.005069487049845035,0.06373147659238484
2022-09-09,21360.11,0.10039623993986292,75.12,64.83496806947578,10.285031930524227,0.013403613252505489,-0.054521155695252684,-0.08921403658387055,-0.08642885476261007,-0.09424277765251196,-0.14120471213383512
2022-09-10,21648.34,0.013403613252505489,78.15,65.10707362753986,13.042926372460144,0.008213002469083833,-0.09421471448124295,-0.13709048200888524,-0.10849092578301181,-0.12357324624760743,-0.3071761047656706
2022-09-11,21826.87,0.008213002469083833,78.91,64.73021477798142,14.17978522201858,0.02572898259027063,-0.0972931891332473,-0.16746188044599208,-0.12246948707568704,-0.135549881387001,-0.2151775387944842
2022-09-12,22395.74,0.02572898259027063,79.15,65.52259837343412,13.627401626565884,-0.10449743036114226,-0.10747356467331283,-0.1435136790450234,-0.16144676894345558,-0.15627931541757292,-0.2715300650463542
2022-09-13,20173.57,-0.10449743036114226,81.07,74.4988093047872,6.571190695212792,0.002630676354029713,-0.03826659275628476,-0.04479117056529233,-0.02736119169235425,-0.04038304694786523,-0.18227565620480748
2022-09-14,20226.71,0.002630676354029713,78.19,74.55599234325886,3.634007656741133,-0.026289945533484776,-0.03469288088861805,-0.06675801786036131,0.0054781987057945375,-0.05329601411747467,-0.21400928680409972
2022-09-15,19701.88,-0.026289945533484776,76.05,74.88628509543712,1.1637149045628803,0.00513452781707948,-0.04287576752764248,-0.04646471666418403,0.02290006729174655,-0.03262963097679879,-0.17013976473800066
2022-09-16,19803.3,0.00513452781707948,70.57,74.7800165179927,-4.210016517992713,0.0155486070502051,-0.07016869131274495,-0.02949040183994783,0.00791524697441282,-0.0276634712602044,-0.15850124130890095
2022-09-17,20113.62,0.0155486070502051,69.14,75.13680099176634,-5.996800991766335,-0.03529045844411419,-0.036040114371710744,-0.05280213003374846,-0.029440844357114672,-0.02842907224960088,-0.18822090824595233
2022-09-18,19416.18,-0.03529045844411419,74.86,66.49031348149997,8.369686518500032,0.006204388221696427,-0.006524577809007731,-0.0001730665228765818,9.167191554908596e-05,-0.004580891263170439,-0.1511436279138381
2022-09-19,19537.02,0.006204388221696427,70.23,66.28624521840077,3.943754781599239,-0.03447283217250921,-0.03206513697174342,0.002785181821260363,-0.005028741068641422,-0.02136860525444568,-0.15687546214014303
2022-09-20,18875.0,-0.03447283217250921,75.86,66.77253789596695,9.087462104033051,-0.022158395968022992,-0.003588949136541713,0.028599556225873325,0.01351723576127781,0.008804569480220667,-0.12238885797848242
2022-09-21,18461.36,-0.022158395968022992,76.7,67.0604887090387,9.639511290961309,0.049677183991239306,0.040678289472796975,0.04499239337030493,0.03191199905899106,0.037372926701454395,-0.12572841092833895
2022-09-22,19401.63,0.049677183991239306,74.81,69.63659277646451,5.1734072235354915,-0.005774921881411174,-0.016762015662037864,-0.017933089898432272,-0.012765636372549512,-0.010220267285975752,-0.20653202203241783
2022-09-23,19289.91,-0.005774921881411174,74.23,69.62656043129353,4.603439568706477,-0.019336170941039267,0.006351511286131,0.017429978872937964,0.0044081236174270955,0.01443605937034414,-0.17290933726746457
2022-09-24,18920.5,-0.019336170941039267,73.21,69.69483900542198,3.515160994578011,-0.0059966443373075,0.03485031879300364,0.07223621656615574,0.013462003742886638,0.021397817523394834,-0.13065596312347266
2022-09-25,18807.38,-0.0059966443373075,75.88,66.40708907851213,9.472910921487866,0.02210884264131569,0.03218850536241488,0.06936478395593047,0.013835085687385246,0.06547843487468269,-0.12490990564865312
2022-09-26,19227.82,0.02210884264131569,76.71,66.88856889628842,9.821431103711575,-0.00776312114359553,0.004314103897507807,0.03740564881436054,0.0018269305797434174,0.07722799903841862,-0.1516568889850313
2022-09-27,19079.13,-0.00776312114359553,76.88,66.42015176563218,10.459848234367811,0.01733860506675769,-0.0011710742363945578,0.023361285676633675,0.02437305778414757,0.061784902834106786,-0.14774875329964243
2022-09-28,19412.82,0.01733860506675769,79.4,65.38194825802472,14.018051741975285,0.009162636565833372,0.011078467586806817,0.0002647384384255533,-0.004407824740293864,0.058961208252790054,-0.1668989976835027
2022-09-29,19591.51,0.009162636565833372,77.52,64.98137039102917,12.538629608970822,-0.008658457767896248,0.037385897773151947,-0.0078139228899019,-0.02415378707570605,0.0603214733902578,-0.18928847067730126
2022-09-30,19422.61,-0.008658457767896248,74.06,64.8867906117852,9.1732093882148,-0.00576555882359139,0.037176278593515424,-0.015082320464595629,-0.019794986745652665,0.06018631605548485,-0.16656658062919302
2022-10-01,19310.95,-0.00576555882359139,72.26,64.8797921209961,7.380207879003905,-0.013248299277497894,0.033091544916852574,-0.013080394311313984,-0.007619466668850538,0.0593007842394368,-0.1178790997599559
2022-10-02,19056.8,-0.013248299277497894,76.42,64.95996437081301,11.46003562918699,0.029588146889959064,0.024532359913028073,0.005167453525882642,0.007712822612456514,0.07220154910411335,-0.11554271247672329
2022-10-03,19629.08,0.029588146889959064,70.07,65.8316150762143,4.238384923785688,0.0354700667521785,-0.01081372914838142,-0.013021855255510988,-0.0029939195025938323,0.026283459210364034,-0.1383583281964359
2022-10-04,20337.82,0.0354700667521785,69.87,66.95088945705601,2.919110542943997,-0.008868076947532767,-0.045199820663054,-0.05877421282326921,-0.050838399042760905,-0.006412548696965649,-0.18604470830193637
2022-10-05,20158.26,-0.008868076947532767,71.16,66.92505265882772,4.234947341172273,-0.009850292500254246,-0.05225859905811121,-0.05552969826854534,-0.0038863490812477766,0.04795579673001238,-0.1642023886557423
2022-10-06,19960.67,-0.009850292500254246,68.73,64.30197742485645,4.428022575143558,-0.02180748428132239,-0.04617193922816671,-0.035578718234617224,0.039822350224058084,0.06491365735894622,-0.16253186678718215
2022-10-07,19530.09,-0.02180748428132239,65.99,64.20058933615664,1.7894106638433556,-0.005757942171450429,-0.019364906387145588,0.0010117721075137889,0.0384236171574731,0.06805975580947311,-0.1335237121978595
2022-10-08,19417.96,-0.005757942171450429,64.84,64.23521237859269,0.6047876214073113,0.001083975237505919,-0.0022081261071297247,-0.004672563178719528,0.058696469814364494,0.05866198954253992,-0.14264094703563582
2022-10-09,19439.02,0.001083975237505919,67.51,53.108767094033674,14.401232905966332,-0.015926855342589977,-0.013574392160215368,-0.016339864185804256,0.06813539628015969,-0.04696193448132305,-0.1209728203414486
2022-10-10,19131.87,-0.015926855342589977,68.98,52.94386636741213,16.036133632587877,-0.003763632670309744,-0.0032710992104342832,-0.004712666281057148,0.07526863652008048,-0.18360285851806302,-0.11060828514111853
2022-10-11,19060.0,-0.003763632670309744,70.6,52.75723532473333,17.842764675266665,0.00499954855969873,0.010593220993549325,0.005460927642463333,0.07238117855075077,-0.07962765740748307,-0.10690712318768061
2022-10-12,19155.53,0.00499954855969873,70.2,51.7472098578642,18.452790142135804,0.011398838108565434,0.02037667849465922,0.002545369086573761,0.0670340955782307,-0.11525074962878121,-0.11438763467903015
2022-10-13,19375.13,0.011398838108565434,66.11,37.62144592670657,28.48855407329343,-0.010282290815579725,-0.0024644370715899595,0.010027935752917045,0.03930531446587502,-0.14189260925694216,-0.11850955269757951
2022-10-14,19176.93,-0.010282290815579725,62.08,37.71914539602754,24.360854603972456,-0.0056235623928088925,-0.0027654720255890462,0.0079358137805082,0.05236166412630356,-0.16071327268662497,-0.07593189616899573
2022-10-15,19069.39,-0.0056235623928088925,62.66,36.7038600782935,25.956139921706495,0.010100687533673864,-0.0014415670706230208,0.051643349187297447,0.10348549499855772,-0.1375101337612018,-0.06870902375244442
2022-10-16,19262.98,0.010100687533673864,63.27,36.850404914874055,26.41959508512595,0.014783006060808625,-0.005132293351086148,0.0754010684586752,0.10049237559356344,-0.13083777004869648,-0.10422726170815079
2022-10-17,19549.86,0.014783006060808625,60.01,36.80827916231738,23.201720837682615,-0.011442277457683746,-0.017831309408085614,0.0374118450499592,0.06704798370195932,-0.15979183599635138,-0.16163235974351545
2022-10-18,19327.44,-0.011442277457683746,62.26,34.89813806570323,27.36186193429677,-0.010583325769578811,0.01249237282450685,0.06336903299308391,0.06333455272125943,-0.14656273665066757,-0.14154555804160024
2022-10-19,19123.97,-0.010583325769578811,60.9,35.00435405092821,25.895645949071792,-0.004299657437842867,0.01070128580609709,0.08447526046596385,-0.03062207029551879,-0.13550685688569727,-0.13324839221934545
2022-10-20,19041.92,-0.004299657437842867,61.44,32.858037117678826,28.58196288232117,0.006409961253210738,0.05308491625792032,0.07998130280113752,-0.17889019223700586,-0.13119342745870302,-0.14699360382867294
2022-10-21,19164.37,0.006409961253210738,62.19,31.8981151536802,30.291884846319796,0.0020839900038091583,0.0805333618097612,0.06692025090828733,-0.0850885850499464,-0.16310133762979326,-0.12600196035042527
2022-10-22,19204.35,0.0020839900038091583,62.14,26.699302493890332,35.44069750610967,0.018881404774908718,0.05524315445804466,0.06448872649165682,-0.11779611871535496,-0.19631175474644202,-0.13229055420402164
2022-10-23,19570.4,0.018881404774908718,64.07,27.442484550108443,36.62751544989155,-0.012374412787988572,0.05087666016857691,0.029277378712957866,-0.15192054500985921,-0.18734539663780864,-0.15136455188033723
2022-10-24,19329.72,-0.012374412787988572,64.31,26.912039245383625,37.39796075461638,0.03808397301398036,0.0737739746598666,0.044425850345795256,-0.16864908646713317,-0.15205378064686745,-0.14154550294939594
2022-10-25,20080.07,0.03808397301398036,65.61,29.769351842257542,35.84064815774246,0.033858406805051616,0.026896386543217042,0.051842145811260155,-0.18915348294849926,-0.19038834052333573,-0.17620120240655704
2022-10-26,20771.59,0.033858406805051616,66.28,31.0152455113277,35.2647544886723,-0.023206217347907374,-0.013613110901474025,0.025091307134888132,-0.20623883850737165,-0.22888488802344983,-0.21029781597323288
2022-10-27,20295.11,-0.023206217347907374,61.41,32.11148088570197,29.298519114298024,0.014514910485440964,0.009245572033612006,0.02963613865200001,-0.19720368104631056,-0.2095336561337491,-0.18191966881164182
2022-10-28,20591.84,0.014514910485440964,55.08,31.957112108527884,23.122887891472114,0.01052290170330112,-0.021599281455619204,-3.44802718245784e-05,-0.2099317696437515,-0.22586020593629266,-0.20910539557025912
2022-10-29,20809.67,0.01052290170330112,57.8,31.99916503344174,25.800834966558256,-0.008793615102669194,-0.0293481243140715,-0.11509733076148274,-0.21998211735166112,-0.249609944067559,-0.2291942316710878
2022-10-30,20627.48,-0.008793615102669194,60.36,32.004871127461854,28.355128872538145,-0.006651090639639452,0.024945759268042947,-0.2588714950381435,-0.21117473025984054,-0.2267528966846778,-0.21520723692797172
2022-10-31,20490.74,-0.006651090639639452,59.63,32.03341358416522,27.596586415834786,-0.00034753441282134187,0.03870441803636199,-0.15200883595823383,-0.23002158853808058,-0.1771798839993926,-0.2101198804954495
2022-11-01,20483.62,-0.00034753441282134187,59.92,31.574457733959388,28.345542266040614,-0.016329943003790245,0.020390566618387836,-0.18228484520701188,-0.26080048123809885,-0.18774426158083654,-0.21369876051369363
2022-11-02,20151.84,-0.016329943003790245,56.41,30.64792434925345,25.762075650746546,0.002774058844848819,0.02156480118379446,-0.18119792372281718,-0.2166227753507665,-0.16464178740679988,-0.19288437658789725
2022-11-03,20207.82,0.002774058844848819,53.98,28.01141341058483,25.968586589415168,0.04550026847944526,-0.08574920644741141,-0.2130749368129285,-0.1964796309926627,-0.17963215960497067,-0.19228681069424494
2022-11-04,21148.52,0.04550026847944526,54.19,32.0286475960248,22.1613524039752,0.007107568128679593,-0.28381725430618665,-0.2409956287597595,-0.24223048633459587,-0.2121581853857546,-0.23764854033836424
2022-11-05,21299.37,0.007107568128679593,55.9,31.811165123170625,24.088834876829374,-0.018661385830795497,-0.190713253994596,-0.2313301456422599,-0.25397619515833797,-0.2274455241461283,-0.2343054732578626
2022-11-06,20905.58,-0.018661385830795497,56.76,31.530468623986526,25.229531376013473,-0.015155708438383623,-0.20267541182539991,-0.22683981969831066,-0.23916979478574912,-0.2015834680073325,-0.2167431840637405
2022-11-07,20591.13,-0.015155708438383623,59.48,31.998498313591533,27.481501686408464,-0.10453994878635704,-0.20276272490661182,-0.20989728937192698,-0.2258257256644681,-0.20130293657817566,-0.19455421937020323
2022-11-08,18547.23,-0.10453994878635704,76.66,49.035059166756994,27.624940833243002,-0.15256777937932994,-0.1273257303655173,-0.10488478659017847,-0.13451261330607622,-0.07401088586012547,-0.09043204093542682
2022-11-09,15922.81,-0.15256777937932994,114.72,71.90283775023673,42.81716224976327,0.10021156844027021,0.04282162554642692,0.04769676477830287,0.032118598353465685,0.07299457337694455,0.07295195359125743
2022-11-10,17601.15,0.10021156844027021,93.12,80.9136150268174,12.206384973182608,-0.030623543661599414,-0.0406168916476641,-0.07801275257984686,-0.025171048041158772,-0.027279465780197475,-0.024319609950474864
2022-11-11,17070.31,-0.030623543661599414,102.11,81.4418537290776,20.668146270922406,-0.015243021519595541,-0.02416440787291095,-0.07851563603108704,-0.005459416373824645,0.0008631149497511223,0.021463564644489973
2022-11-12,16812.08,-0.015243021519595541,102.92,81.34447790901045,21.57552209098955,-0.02910295424526251,-0.00713456446531536,-0.03542485162794938,0.016556136316017336,0.023383056559362736,0.06511688131865898
2022-11-13,16329.85,-0.02910295424526251,107.88,81.76995975386623,26.110040246133764,0.017579576532614275,0.022440943775338628,0.016595305820265742,0.03344277720795789,0.08478137651762932,0.143338866079055
2022-11-14,16619.46,0.017579576532614275,98.18,82.16004873700693,16.019951262993075,0.01677305124617919,0.0048751392318757535,-0.001234857574836476,0.028837443374004915,0.06880111000875745,0.18165233805599446
2022-11-15,16900.57,0.01677305124617919,89.99,82.34290520215575,7.647094797844247,-0.014171059886846265,-0.03739586093218295,-0.022646049516078147,0.003884621496131637,0.026610508340545756,0.21502611449423345
2022-11-16,16662.76,-0.014171059886846265,98.64,82.11467617810457,16.525323821895427,0.0017868218880000477,-0.054351228158176286,-0.012329975087438534,0.02525635169097816,-0.0018405237471640148,0.22520830272490583
2022-11-17,16692.56,0.0017868218880000477,76.97,82.12031668446764,-5.15031668446764,0.00047255399539148176,-0.028290287162634226,-0.015928436292541173,0.008594352793751347,0.0050171786090673805,0.2383609545221564
2022-11-18,16700.45,0.00047255399539148176,74.71,82.11431416110257,-7.404314161102576,1.377198915139681e-05,-0.005845637955073084,-0.029627826715897847,0.03087390073005302,0.0022584646663519115,0.2354857789835899
2022-11-19,16700.68,1.377198915139681e-05,72.41,82.12953278797694,-9.719532787976945,-0.025497948917879515,-0.006109996806712424,-0.015578166424837265,0.02529780859864171,-0.01580017636996987,0.21359526457389094
2022-11-20,16280.23,-0.025497948917879515,80.26,82.3560636158673,-2.096063615867294,-0.031126427112839597,0.014749811416104607,0.052841704538688,0.050733286799649405,0.03709937727936806,0.2579741994734392
2022-11-21,15781.29,-0.031126427112839597,80.81,82.78791707577807,-1.9779170757780662,0.02784776288354211,0.042021253070737556,0.0730562196572623,0.07937875098083819,0.06402120054242046,0.3620943256830562
2022-11-22,16226.94,0.02784776288354211,79.71,83.19258641144584,-3.482586411445851,0.02291720320295262,0.012361850870092853,0.05198098794396664,0.058807908187312144,0.03598084475747146,0.3393659603228422
2022-11-23,16603.11,0.02291720320295262,75.27,83.774032368615,-8.504032368615,-0.00025058686248794284,-0.02378218876082496,0.016847471387692065,0.0681860706973636,0.01050827769747157,0.31312197360089605
2022-11-24,16598.95,-0.00025058686248794284,72.21,82.34362666511105,-10.133626665111052,-0.004638140695062483,-0.009468169618125041,0.030072300948841307,0.07003596758359394,0.014187138116778764,0.3225155529385291
2022-11-25,16522.14,-0.004638140695062483,64.89,81.06279674815036,-16.17279674815036,-0.003854985458206651,0.038091893122583195,0.026530671012209704,0.04925655785662393,0.018587072050217042,0.3147028584210043
2022-11-26,16458.57,-0.003854985458206651,65.49,80.87558756828204,-15.385587568282048,-0.0018116393171025897,0.031034966586524562,0.03758632677841661,0.010489451340274542,0.027613987322107392,0.3372939630398575
2022-11-27,16428.78,-0.0018116393171025897,67.12,80.52908707845316,-13.409087078453155,-0.013226836427965193,0.03961913707387359,0.024522789086292435,0.020945614901608574,0.01675481036603363,0.3368790182741457
2022-11-28,16212.91,-0.013226836427965193,67.44,80.2847478515049,-12.844747851504906,0.014063432280211978,0.04062966014851682,0.06050172744595079,0.03188629138224978,0.02041571239647124,0.3529055382411674
2022-11-29,16442.53,0.014063432280211978,64.8,80.6627653524723,-15.862765352472309,0.04292192204564575,0.03954047056696615,0.040875975023478894,-0.00022200994513257855,0.011545659756706152,0.3366050714491194
2022-11-30,17163.64,0.04292192204564575,64.05,82.56390244323626,-18.51390244323626,-0.010911911994265286,-0.011561222110373692,-0.002108417739038675,-0.015742327259319917,-0.03293999649605682,0.3244650746093259
2022-12-01,16977.37,-0.010911911994265286,60.05,82.55661729524711,-22.50661729524711,0.006772531170246441,0.006551360191891852,0.006322531323575794,-0.009035019114841832,-0.02595449893285701,0.2960255277802738
2022-12-02,17092.74,0.006772531170246441,58.75,82.59515396490377,-23.845153964903773,-0.012216313353321956,-0.015096347987581353,0.0068269202433454265,-0.016000143186495154,-0.028242589181097316,0.3022660930509147
2022-12-03,16885.2,-0.012216313353321956,61.15,82.57192460137307,-21.42192460137307,0.012974242698661298,0.01987206729743376,0.05133859930967145,-0.006339193690220473,-0.01265465108927424,0.34041465996077247
2022-12-04,17105.7,0.012974242698661298,61.84,80.77918405090237,-18.93918405090237,-0.008179770631694087,0.0013355044565125452,0.03996366663475255,-0.015885162832062517,-0.025490354952609595,0.317117930768542
2022-12-05,16966.35,-0.008179770631694087,56.01,80.61727443512147,-24.607274435121475,0.007200670308000258,0.009452804371334814,0.022725886844414143,-0.00794359896199264,-0.006859949111734265,0.32286637118113987
2022-12-06,17088.96,0.007200670308000258,56.74,80.67459390266383,-23.934593902663828,-0.014875177009226765,-0.000228828868316263,-0.027096875438142147,-0.009972339456309199,-0.015159716056407898,0.31117198796326884
2022-12-07,16836.64,-0.014875177009226765,61.83,80.67096092695377,-18.84096092695377,0.022752101931693153,0.021923268230926576,-0.0035771741846839407,-0.0077679787202587815,0.0067487172079724956,0.30901553283267436
2022-12-08,17224.1,0.022752101931693153,55.71,73.10601966499213,-17.39601966499213,-0.005562320142259912,0.03146653201223749,-0.02861543606370108,-0.04008601504947951,-0.01642115507530128,0.27880575779394484
2022-12-09,17128.56,-0.005562320142259912,58.71,49.18667285772521,9.523327142274788,-6.247071687181942e-05,0.038628162178239805,-0.041097984968611556,-0.029330315266772714,-4.2619785687061235e-05,0.30514747949212845
2022-12-10,17127.49,-6.247071687181942e-05,59.55,34.27257142234367,25.27742857765633,-0.0024809629316508166,0.013273082473079123,-0.013633909520281318,-0.030831578757018117,0.0029598558297226746,0.29319944989835856
2022-12-11,17085.05,-0.0024809629316508166,61.79,32.56484594425983,29.22515405574017,0.007276920090016073,-0.026868046569826092,-0.015357550438417706,-0.032277030256432776,0.020600449694738916,0.24353871247749195
2022-12-12,17209.83,0.007276920090016073,61.15,32.18072775211644,28.96927224788356,0.032295365713004065,-0.025500442415610725,-0.022827063429840658,-0.035069509424442716,0.0417338247592963,0.22837810670977288
2022-12-13,17774.7,0.032295365713004065,60.66,32.13109323304303,28.528906766956965,0.0015993100237424041,-0.060081968075938776,-0.057677792999891994,-0.06399325039894566,0.05855748956142576,0.20699902945351614
2022-12-14,17803.15,0.0015993100237424041,55.19,31.687997844968567,23.50200215503143,-0.025417550422032496,-0.07972614714685156,-0.05584882946681515,-0.06545402158736212,0.11285122804723707,0.20177923079929946
2022-12-15,17356.34,-0.025417550422032496,57.74,32.663767037826794,25.076232962173208,-0.042622091974556034,-0.026906991993360652,-0.03066948580640686,-0.02958583595614838,0.18841560615368777,0.2267573621565605
2022-12-16,16632.12,-0.042622091974556034,63.31,35.68261810144005,27.627381898559953,0.008644524244231441,0.011510496131408178,0.01712453598183287,0.011937159381734277,0.2270488264720699,0.2887493161081566
2022-12-17,16776.52,0.008644524244231441,62.29,35.80728125866476,26.48271874133524,-0.0022861599473239873,0.0026733789857698582,-0.004190804535574917,0.010325891392656463,0.2333437759130891,0.37148528305758455
2022-12-18,16738.21,-0.0022861599473239873,66.48,35.81724883958314,30.662751160416867,-0.018044869047170384,0.0024041750760465715,-0.01147057898577851,0.012194280988399833,0.23322731431723806,0.34006004972224396
2022-12-19,16438.88,-0.018044869047170384,63.62,36.37076014078447,27.24923985921553,0.027401604731458414,0.02387731768003621,0.011767669701838762,0.04105536518292452,0.22939544094386086,0.40187570474448653
2022-12-20,16895.56,0.027401604731458414,60.1,36.47985454185758,23.620145458142424,-0.004204603849787203,-0.003762493813046413,-0.017197669236736872,0.016593765350004022,0.22087482219407123,0.37699351522221464
2022-12-21,16824.67,-0.004204603849787203,59.12,34.635841004125986,24.48415899587401,-0.00019259290140687945,0.005614039850424489,-0.016919479818015146,0.03595800013315665,0.29807312514063583,0.36646727295226705
2022-12-22,16821.43,-0.00019259290140687945,56.14,33.3737123885238,22.7662876114762,-0.002555363857047274,-0.0068641835213449805,-0.012242445994602136,0.064560888189137,0.30338511556537084,0.3898901512042661
2022-12-23,16778.5,-0.002555363857047274,53.67,32.457544500250535,21.212455499749467,0.003428273556819251,-0.013874754061825288,-0.0063154573990537415,0.11623528256131778,0.3026136959034246,0.37662025066724897
2022-12-24,16836.12,0.003428273556819251,52.35,32.4743344748389,19.875665525161104,-0.00023820676162420736,-0.012109647978197649,-0.00960519212054705,0.16870005751405226,0.30832841482175044,0.3620906603929088
2022-12-25,16832.11,-0.00023820676162420736,53.68,32.42340138293918,21.256598617060817,0.005171929813683699,-0.013435175423690665,0.001083649850258401,0.21908509196009465,0.29611578637078734,0.3522706826087643
2022-12-26,16919.39,0.005171929813683699,53.22,32.41949248968833,20.800507510311668,-0.01267081627317635,-0.02253351966843984,-0.005187376600098673,0.20992429049023703,0.30967997571775013,0.31505772433359325
2022-12-27,16706.36,-0.01267081627317635,54.05,32.754219472882525,21.295780527117472,-0.00956593439752758,-0.005378262473257359,0.014516695928231304,0.23753458044866402,0.3201242079081122,0.3265106482297678
2022-12-28,16547.31,-0.00956593439752758,57.19,32.58474792528931,24.60525207471069,0.005193379640446887,0.007559296662771341,0.023664859974178266,0.2446978933030166,0.33248982584469616,0.35310819320898257
2022-12-29,16633.47,0.005193379640446887,54.59,32.27161018490746,22.318389815092544,-0.0015637342071172207,0.002504455857650396,0.029287695481085684,0.21762777124202215,0.32505941169241337,0.34524683825589614
2022-12-30,16607.48,-0.0015637342071172207,49.82,28.388325891297878,21.431674108702122,-0.003926414431065476,0.01451882527394886,0.03379143458674082,0.2380724914308081,0.3574050711053828,0.3317773710650652
2022-12-31,16542.4,-0.003926414431065476,48.31,28.18824353378645,20.12175646621355,0.004484440922006132,0.017346143068340963,0.05287747995117172,0.314992604958651,0.32198002671313086,0.5423173319391298
2023-01-01,16616.75,0.004484440922006132,46.96,28.121432849316236,18.838567150683765,0.00337162473850112,0.019894958401488458,0.07680333418373905,0.315627561559973,0.330508682232012,0.5279127395893578
2023-01-02,16672.87,0.00337162473850112,50.02,27.859233812334512,22.16076618766549,0.00013853883532594145,0.01610556331140672,0.12255073996037145,0.30892915330247833,0.35306931105004674,0.511253173185793
2023-01-03,16675.18,0.00013853883532594145,48.95,27.438999529586905,21.511000470413098,0.010450635209181243,0.02678323962343508,0.17830524963459923,0.31793360694229755,0.34260828572115165,0.5241753732392717
2023-01-04,16850.36,0.010450635209181243,46.87,27.581735332209707,19.28826466779029,-0.0010990966366733739,0.019272609312791754,0.21800144210983619,0.29503213652052895,0.32972632029287424,0.5138859153204882
2023-01-05,16831.85,-0.0010990966366733739,45.45,27.451985697026032,17.99801430297397,0.007033256255153627,0.035531336882830555,0.21511166709033566,0.3148673523178488,0.32633170401967676,0.5101387135268471
2023-01-06,16950.65,0.007033256255153627,43.61,27.06955820321574,16.54044179678426,-0.0004177703515806188,0.05690837578225039,0.22301788452043267,0.3056075119798809,0.3022668156247019,0.4985473636401992
2023-01-07,16943.57,-0.0004177703515806188,42.02,25.820325238713842,16.19967476128616,0.010816215147354305,0.10644517664896452,0.22103303332883825,0.30882496587051794,0.2952269128692462,0.500112959936935
2023-01-08,17127.83,0.010816215147354305,42.79,26.050932158091584,16.739067841908415,0.0029400048985379155,0.15152201001116394,0.1883400757609364,0.2957717162113277,0.30519009927781565,0.5029964024046027
2023-01-09,17178.26,0.0029400048985379155,44.06,26.071089982709356,17.988910017290646,0.015159630933365425,0.19872883279704423,0.20428105684406722,0.323613636518642,0.290239594068636,0.5453904219428484
2023-01-10,17440.66,0.015159630933365425,45.47,26.57269769701289,18.897302302987107,0.02841029515457346,0.17958033020750488,0.2621151250074792,0.2691025467619592,0.22293826278275308,0.5490515697674241
2023-01-11,17943.26,0.02841029515457346,47.55,28.20470876452554,19.345291235474456,0.04911903051513352,0.1661095087381821,0.23882422737623385,0.25370534804827305,0.18664428195047664,0.510244847164741
2023-01-12,18846.62,0.04911903051513352,51.42,30.997075034888972,20.42292496511103,0.055893048509553726,0.11458785667987353,0.18637841334210678,0.23051857108967536,0.14844153989209044,0.4772481241599015
2023-01-13,19930.01,0.055893048509553726,61.12,36.258099731948256,24.86190026805174,0.050146827684418194,0.03681806574977224,0.1396283573076982,0.16430303608655247,0.08892800275206247,0.4244151970999574
2023-01-14,20954.92,0.050146827684418194,73.62,38.135728069763786,35.48427193023622,-0.003988871656173911,0.005552224047022804,0.07703069441069273,0.11172487818303804,0.03834175600287279,0.36861218951465663
2023-01-15,20871.5,-0.003988871656173911,70.2,34.06392053159498,36.13607946840502,0.014939473685250641,0.08253479479997411,0.0997556852275131,0.11122003692934117,0.06170048963608675,0.3729165740782889
2023-01-16,21185.65,0.014939473685250641,64.92,34.15958542922609,30.76041457077391,-0.0024026215431750143,0.07271471863805161,0.08258962745944814,0.07924893110426928,0.13814150714449555,0.32869967082100604
2023-01-17,21134.81,-0.0024026215431750143,63.35,34.16392795716027,29.186072042839733,-0.021876742420547574,0.07179055666223307,0.0877919325416796,0.07419387954040794,0.10683273540500599,0.3628633821804529
2023-01-18,20677.47,-0.021876742420547574,63.34,34.55235024305909,28.787649756940915,0.018880985981668756,0.10281029155792579,0.10743164045039122,0.11685002351687925,0.17248026380062567,0.3312299858969341
2023-01-19,21071.59,0.018880985981668756,56.9,34.06356422905286,22.83643577094714,0.0729936990967774,0.07147847036366972,0.1193325796745747,0.08595853722456875,0.15611869302814346,0.2929429658526915
2023-01-20,22667.21,0.0729936990967774,59.48,40.75081258205196,18.72918741794804,0.0051193975233281225,0.01722089042753881,0.006987421754479889,-0.03917686222472608,0.0683941478116313,0.18460521598445942
2023-01-21,22783.55,0.0051193975233281225,65.79,40.62657528554846,25.163424714451544,-0.0033267835189935463,0.009874908821396383,0.014881120672039075,-0.052179945425757185,0.08650503563889539,0.1996031678586631
2023-01-22,22707.88,-0.0033267835189935463,61.99,40.65772984095164,21.332270159048363,0.009142992475145141,0.016001375879446344,0.044140157747568465,-0.03793687345001632,0.07400655476382448,0.19476313418924146
2023-01-23,22916.45,0.009142992475145141,64.38,40.58873506789512,23.791264932104873,-0.012450835212587299,0.004621348892465268,0.024674678778854195,-0.05070035455563572,0.05376224557115844,0.182728386965423
2023-01-24,22632.89,-0.012450835212587299,61.33,41.20582078275479,20.124179217245207,0.018736119160646474,0.04785410931090479,0.034694183772345254,-0.0386889384078199,0.05615489623797707,0.223485561378082
2023-01-25,23060.94,0.018736119160646474,61.49,41.28270501068837,20.207294989311634,-0.0022265840828143047,-0.010233468673059087,0.011464351701827984,-0.038055195591426325,0.005377748615843225,0.2087871033377018
2023-01-26,23009.65,-0.0022265840828143047,57.0,40.70727217116505,16.29272782883495,0.0027996835390564157,0.005006211850642525,-0.003340696355178958,0.05555187968504742,0.00638644032165568,0.2475530930708813
2023-01-27,23074.16,0.0027996835390564157,55.0,40.158367436029266,14.841632563970734,-0.002237034511835935,0.028138781868121954,-0.013598053001271725,0.01904080286332642,0.020618367364286475,0.23927337703046447
2023-01-28,23022.6,-0.002237034511835935,54.49,40.37855669933153,14.11144330066847,0.03078192520585222,0.020053329886388763,0.009418383066487946,0.06504862335023448,0.020187426563482838,0.23873463196574096
2023-01-29,23742.3,0.03078192520585222,58.92,40.70338142044327,18.21661857955673,-0.0393514588233174,-0.013159925538559703,-0.033374042450006025,0.036786113353568795,-0.025627700040317548,0.20804712438622455
2023-01-30,22826.15,-0.0393514588233174,56.4,44.16671565584906,12.233284344150938,0.013013096440887308,0.021697820374886906,-0.04616428397920605,0.06140672605715145,0.220337305225999,0.20673259200161653
2023-01-31,23125.13,0.013013096440887308,58.82,44.115013735448464,14.704986264551536,0.025932253556535844,-0.008346908205821651,-0.06706106609779634,0.07162391496685636,0.19740405735734592,0.21492649172592498
2023-02-01,23732.66,0.025932253556535844,58.04,44.32428590464582,13.71571409535418,-0.010322486493569127,-0.04173683486939385,-0.08207703119758486,0.029866397016256045,0.15818386213574634,0.20134533377145136
2023-02-02,23488.94,-0.010322486493569127,57.71,44.817217920489334,12.892782079510667,-0.002431330219096245,-0.010634946819900983,-0.07537503333449,0.02908756679230428,0.18156708751812015,0.20516983803675576
2023-02-03,23431.9,-0.002431330219096245,54.25,45.07679289375834,9.173207106241662,-0.004493712909870792,-0.020214116911446485,-0.07338312218016524,0.021460712465631856,0.18415959502761406,0.2304820729091945
2023-02-04,23326.84,-0.004493712909870792,54.16,45.206749930574155,8.953250069425842,-0.017031632139821246,-0.06786210435409312,-0.04951954729325439,-0.006086603085984729,0.1838070095071704,0.21244297038824883
2023-02-05,22932.91,-0.017031632139821246,55.23,46.23200601204119,8.997993987958807,-0.007457673107036351,-0.05871415789197486,0.0588925760402263,0.009727136676834674,0.19628054801549732,0.21487544626942026
2023-02-06,22762.52,-0.007457673107036351,54.56,46.49756532095618,8.062434679043825,0.020779401555923737,-0.040340196328191184,0.03263885586459806,0.034216420365558234,0.20488604706768893,0.19518973948008955
2023-02-07,23240.46,0.020779401555923737,53.31,46.653476884411205,6.656523115588797,-0.01201050031064175,-0.06474008651458918,0.055630240283746454,0.010769043496994932,0.19780630312678715,0.17294479862596723
2023-02-08,22963.0,-0.01201050031064175,52.99,47.23306295004448,5.756937049955525,-0.052141700352517424,-0.053169005268718914,0.07016015580357474,0.007746342409688514,0.2551508278742126,0.18388625690568233
2023-02-09,21796.35,-0.052141700352517424,51.95,51.856770223275895,0.09322977672410815,-0.007883685677702989,0.018342557060838562,0.10757101003635743,0.26650158920520506,0.326113306984671,0.21293144329389307
2023-02-10,21625.19,-0.007883685677702989,48.69,51.553123965102586,-2.863123965102588,0.010916288456747329,0.117606733932201,0.13868498106465263,0.2644651234551423,0.3236005652142645,0.2143568372441872
2023-02-11,21862.55,0.010916288456747329,47.13,49.2215843923701,-2.0915843923700947,-0.0036204886304742638,0.07297905219278908,0.11194342821384083,0.24026089333333125,0.32880658426781106,0.2027039464322128
2023-02-12,21783.54,-0.0036204886304742638,47.5,45.72181225379837,1.7781877462016311,-0.00043941906477148134,0.12037032679833547,0.10446260012679419,0.25694212085261015,0.33548719434789503,0.2116264520313258
2023-02-13,21773.97,-0.00043941906477148134,50.65,42.43834287605202,8.21165712394798,0.01936986197704005,0.12332916107229348,0.094843834645797,0.2575427172077793,0.3302704335117839,0.22110887226020648
2023-02-14,22199.84,0.01936986197704005,49.17,42.8535723022671,6.316427697732905,0.09138049119365944,0.08922845297551868,0.04343294420726958,0.23332655680042483,0.3112160844422022,0.19700433292603348
2023-02-15,24324.05,0.09138049119365944,52.67,52.87008763125522,-0.20008763125521511,-0.033711393282664585,0.02107824713245146,-0.04916543936339171,0.13738797197527103,0.19055816367651054,0.11928216412355847
2023-02-16,23517.72,-0.033711393282664585,58.8,54.49527182489875,4.304728175101246,0.043770785975072134,0.038964376021051586,0.0015775645009600825,0.17224719120309087,0.256030646775447,0.131441422736581
2023-02-17,24569.97,0.043770785975072134,60.77,55.44102412105889,5.328975878941115,0.002519415209186526,-0.015907726671541444,-0.04486119678675162,0.1421760628430407,0.1587497220963085,0.08986722269609555
2023-02-18,24631.95,0.002519415209186526,58.37,55.246659855079805,3.123340144920192,-0.014730846119734737,-0.028485326426496642,-0.06241381339388631,0.18499067207063788,0.13682427282454812,0.09557901102210083
2023-02-19,24271.76,-0.014730846119734737,59.94,49.91524503030698,10.02475496969302,0.023230285350592204,-0.04579550876824928,0.15893057916884756,0.2185422969483136,0.11621106817282817,0.09713794462332195
2023-02-20,24842.2,0.023230285350592204,60.75,50.4418915691102,10.308108430889803,-0.015825264394064464,-0.07024368649584334,0.12578014239048957,0.18491558414961193,0.11309813221976779,0.07769481253216924
2023-02-21,24452.16,-0.015825264394064464,60.82,50.822522847476556,9.997477152523444,-0.011101316717520895,-0.03738681152009166,0.12831746511949033,0.21686315605397027,0.12075657942541705,0.10721911384335647
2023-02-22,24182.21,-0.011101316717520895,56.83,50.97813659467233,5.85186340532767,-0.01005818454576867,-0.028953470115210336,0.15247952072581586,0.23102459422110083,0.12896614139426466,0.08505413424558786
2023-02-23,23940.2,-0.01005818454576867,54.93,50.900772022200634,4.029227977799366,-0.032041028461487375,-0.03392848696738983,0.16269888256198223,0.23542659886598696,0.16733066514010503,0.1005961326353606
2023-02-24,23185.29,-0.032041028461487375,50.49,51.85583376515114,-1.3658337651511374,-0.0012178923770018468,0.20472608793709668,0.18989361259315515,0.2677831402349327,0.20340935472185867,0.1413672378234445
2023-02-25,23157.07,-0.0012178923770018468,50.29,51.85113705552131,-1.5611370555213142,0.01703161058168721,0.19602382888633277,0.18655341133866266,0.23972360303990226,0.24116665274922572,0.14812470649271411
2023-02-26,23554.85,0.01703161058168721,51.34,52.17711177027425,-0.8371117702742481,-0.0026679753126395687,0.16570427663958184,0.1706696267021307,0.25445308227448693,0.21865500966617807,0.17519150433715364
2023-02-27,23492.09,-0.0026679753126395687,50.44,52.18036806752387,-1.7403680675238746,-0.015033201397948169,0.18143299084102607,0.18703725962979226,0.20361091888306013,0.2185472054022582,0.16608186122458346
2023-02-28,23141.57,-0.015033201397948169,50.37,51.292610487997024,-0.9226104879970265,0.20661354644299915,0.19662736952937193,0.2474044854645241,0.19923808621843442,0.23367482442654214,0.17959965934357613
2023-04-01,28452.73,0.20661354644299915,58.17,87.22413840949933,-29.05413840949933,-0.009920151427765776,-0.014832475343941658,0.05961171777946595,-0.04271951099601937,-0.013604713224382413,-0.044646698158947284
2023-04-02,28171.87,-0.009920151427765776,60.28,87.40317737733601,-27.123177377336006,-0.01328794166506373,-0.009470417547670229,0.059135441759122255,-0.012682010170721767,0.017522434368579136,-0.04925326869479848
2023-04-03,27800.0,-0.01328794166506373,61.83,87.38082680313182,-25.550826803131827,0.01306073888880465,0.004965350062548747,0.08854569093447986,-0.007560885694073241,0.04316147163570508,-0.02025446317158544
2023-04-04,28165.47,0.01306073888880465,59.65,87.23610191064279,-27.58610191064279,0.00016117729039769833,0.005604268788766083,0.07854507349528488,-0.023513379331551183,0.02360275051863569,-0.039699470559767296
2023-04-05,28170.01,0.00016117729039769833,58.02,87.20905263891763,-29.189052638917623,-0.0048462984303144436,0.05077711593515206,0.07272771630400465,0.004631782578122804,0.04632247788158051,-0.038163111822053564
2023-04-06,28033.82,-0.0048462984303144436,57.06,87.21454956266918,-30.154549562669175,-0.004558093631494347,0.0744441931234075,0.07788952764177742,0.013515742128703514,0.028635960881078493,-0.08582397184729643
2023-04-07,27906.33,-0.004558093631494347,54.5,86.90565234153105,-32.40565234153105,0.0011478259451552448,0.06860585930679237,0.05317019170123953,0.05461324141056306,0.018594898253923,-0.024531300196531852
2023-04-08,27938.38,0.0011478259451552448,55.26,86.78291678503541,-31.522916785035413,0.013699657615021985,0.083580340871931,0.08378345557235617,0.0479853829640474,-0.00969630758759929,-0.05893773170554335
2023-04-09,28323.76,0.013699657615021985,58.56,86.67474988246447,-28.114749882464466,0.04533402443678367,0.07294080470651869,0.016573659253267786,0.03150994577246596,-0.024861504500819847,-0.0666087495878716
2023-04-10,29637.34,0.04533402443678367,62.16,87.43026292862088,-25.27026292862088,0.018820778757940998,0.02195060036885248,-0.04816639924608975,-0.013729661037981919,-0.07126457096853019,-0.11272802908978868
2023-04-11,30200.42,0.018820778757940998,60.18,84.69589047782084,-24.51589047782084,-0.010396427448109471,0.003445334518369808,-0.10233122877548542,-0.07321643100384832,-0.11318186369077789,-0.15588532712543052
2023-04-12,29888.07,-0.010396427448109471,55.87,84.77042155869762,-28.900421558697623,0.01612230751029388,-0.015435667605552959,-0.07181745192984411,-0.041613007390543084,-0.10924372797007727,-0.14223043518682724
2023-04-13,30373.84,0.01612230751029388,55.47,84.79087038462126,-29.32087038462126,0.003060121449609667,0.00020311470042504165,-0.0961065766285532,-0.045384219298774744,-0.1261026378355982,-0.15913837689980542
2023-04-14,30466.93,0.003060121449609667,53.46,84.67822506228951,-31.218225062289513,-0.005656179900882534,-0.05636714545325102,-0.10205845282683615,-0.05494232297664915,-0.12386074231656913,-0.16107734414543434
2023-04-15,30295.09,-0.005656179900882534,53.81,84.78782440770384,-30.977824407703835,0.00031551290745832457,-0.07011699961494235,-0.06809593372588194,-0.0264052384224241,-0.10916156125157742,-0.1869790134825805
2023-04-16,30304.65,0.00031551290745832457,56.4,84.81182799346983,-28.411827993469835,-0.029277429572032238,-0.10577656329385532,-0.06437378551307399,-0.04925356676069888,-0.11421175151616869,-0.16876780071638595
2023-04-17,29430.27,-0.029277429572032238,55.6,80.64698135882935,-25.04698135882935,0.031761089816271876,-0.056381784324291265,0.001443049709323456,-0.03457529344731648,-0.07127599955295201,-0.1107452328539747
2023-04-18,30380.01,0.031761089816271876,55.63,79.78216333702393,-24.15216333702393,-0.053510138704066394,-0.09630969132897835,-0.03579807260830884,-0.0934797631599554,-0.12458922403886594,-0.1359991667012128
2023-04-19,28797.1,-0.053510138704066394,55.71,81.57038315643774,-25.86038315643774,-0.01940603406257386,-0.04569130737358524,0.014936286519198105,-0.04143516375408758,-0.06888249940021285,-0.0891871302651068
2023-04-20,28243.65,-0.01940603406257386,56.11,82.02143694082146,-25.91143694082146,-0.03534405077145466,0.002021065889060307,0.03443673820810775,-0.023098171722440386,-0.041245261802447204,-0.05081328305852445
2023-04-21,27262.84,-0.03534405077145466,54.82,82.94163086812962,-28.12163086812962,0.02011734939753183,0.04140277778078123,0.02911479777163701,-0.010850634915292427,-0.019073123549506153,0.03761949416304536
2023-04-22,27816.85,0.02011734939753183,54.53,82.85725849886416,-28.327258498864154,-0.008166817188415205,0.0578248340336146,0.03020444453930095,-0.03742627604023312,-0.03540331968759849,0.07535174206168405
2023-04-23,27590.6,-0.008166817188415205,54.22,82.67215560270375,-28.452155602703755,-0.002891754748673293,0.06051161872066939,0.05072235732977837,-0.029996061207044955,-0.013537465582060516,0.07987887034189219
2023-04-24,27510.93,-0.002891754748673293,52.72,82.53257298225031,-29.812572982250316,0.028306339200071688,0.06062759389278322,0.04711612985018692,-0.02180228948973295,-0.043912007148676734,0.10930461132800967
2023-04-25,28300.79,0.028306339200071688,52.38,82.7771043518633,-30.397104351863298,0.004037661120266265,0.03241567231904732,0.04169069530345775,-0.04106562752569544,-0.06673453250474437,0.07573590425400001
2023-04-26,28415.29,0.004037661120266265,55.47,81.66254045975798,-26.19254045975798,0.0365394056503652,-0.012287980009144342,0.015120218752375025,-0.04983796600309466,-0.062042116898414074,0.06957429072280727
2023-04-27,29472.77,0.0365394056503652,55.07,82.25692581851291,-27.18692581851291,-0.005480032501360423,-0.027620389494313773,-0.036018343156640015,-0.07271904926227542,-0.09304194625651153,0.026623932225751858
2023-04-28,29311.7,-0.005480032501360423,50.73,82.32192954175547,-31.59192954175547,-0.0027757795765594477,-0.009789261390891138,-0.05768169055164664,-0.08879115143055705,-0.043463505329024404,0.04602961647279086
2023-04-29,29230.45,-0.0027757795765594477,50.68,82.32357915988948,-31.643579159889477,9.441762633578723e-05,-0.013511464042596429,-0.05637145027328576,-0.08381878591941092,-0.052465344177674664,0.028563417504469033
2023-04-30,29233.21,9.441762633578723e-05,53.3,81.97577333446671,-28.67577333446671,-0.040665991207925405,0.009275022984410304,-0.05753490993054822,-0.07568200001055492,-0.05407516508296595,0.04069225693708488
2023-05-01,28068.26,-0.040665991207925405,53.19,42.23187900548307,10.958120994516925,0.021206996165195773,0.02740819876151925,-0.03996543268692951,-0.04818792132114311,-0.031041984934564806,0.08216882861126504
2023-05-02,28669.86,0.021206996165195773,53.21,42.74621344838061,10.463786551619393,0.012351095602062214,-0.008397953662326364,-0.06763072057953415,-0.06560776422689939,-0.06677570306337755,0.06469272172066128
2023-05-03,29026.16,0.012351095602062214,52.92,42.63435291985306,10.285647080146944,-0.006497982228264741,-0.047892429160755624,-0.0807184185368234,-0.06425982291183883,-0.06341593480729045,0.05335889776505622
2023-05-04,28838.16,-0.006497982228264741,51.9,42.50895147552314,9.391048524476858,0.02288090465334252,-0.042859986230689456,-0.06891841933991995,-0.0910281369988636,-0.06330222107840293,0.07731375224234974
2023-05-05,29505.61,0.02288090465334252,51.67,43.199951665852936,8.470048334147066,-0.02253281543081646,-0.06680993291495864,-0.08275632282915325,-0.10842522780820205,-0.08448558970363401,0.04184634597935089
2023-05-06,28848.2,-0.02253281543081646,50.53,43.96300136117566,6.566998638824344,-0.01459915625864984,-0.06737363144844888,-0.06495818475546976,-0.07716233565078905,-0.11445993272837486,0.05583677677072844
2023-05-07,28430.1,-0.01459915625864984,51.68,44.25998045618443,7.42001954381557,-0.027143379896367045,-0.0592327669172079,-0.03670070610563547,-0.057023603099871464,-0.04312619845045478,0.05025718283771649
2023-05-08,27668.79,-0.027143379896367045,51.34,45.30526206843541,6.034737931564592,-0.0014655392981985705,-0.0328259893760679,-0.03110946087891048,0.014218185222622293,-0.049241424117943994,0.09231680975994423
2023-05-09,27628.27,-0.0014655392981985705,51.98,45.02240017570615,6.957599824293844,-0.0010690420309266652,-0.02605843310923061,-0.027447335646125223,0.0039061060956111573,-0.04174724508705168,0.09180079921566214
2023-05-10,27598.75,-0.0010690420309266652,50.86,41.83034970944421,9.029650290555793,-0.0230965139643067,-0.015946389914194746,-0.018147090080006763,0.0034597448475823214,-0.04146345812125843,0.08876960213431093
2023-05-11,26968.62,-0.0230965139643067,51.21,41.712100593034016,9.497899406965985,-0.00645829172740886,0.002415446692978996,-0.00822248863421367,0.008923447752364758,-0.042703463434652575,0.1201491602325266
2023-05-12,26795.01,-0.00645829172740886,50.09,41.655972241371686,8.434027758628318,-0.0007366023552270455,0.022532060811572302,0.0020229563526346834,0.0008550175161566448,-0.03298670721674992,0.13350629435289232
2023-05-13,26775.28,-0.0007366023552270455,48.35,41.060042747517215,7.289957252482786,0.005302016968638717,0.0017165284971572964,0.016458595624984498,0.017302483729532997,-0.03303573906420717,0.12630542337215453
2023-05-14,26917.62,0.005302016968638717,48.02,41.11736519672712,6.902634803272882,0.0090430011641092,-0.0013889025368947314,-0.02210971765894373,0.005616198261517073,-0.037216601828865145,0.15575238254321874
2023-05-15,27162.14,0.0090430011641092,52.28,41.36754551847264,10.912454481527362,-0.004734677357132959,-0.0022007001658121365,-0.025668904979048873,-0.0017292668744806929,-0.07781745223100302,0.10971991169037387
2023-05-16,27033.84,-0.004734677357132959,50.57,41.34428647724015,9.225713522759847,0.013658322391184448,-0.010637935327192784,-0.012204150895319359,-0.04950174797290505,-0.0545560492002172,0.1137123635283665
2023-05-17,27405.61,0.013658322391184448,49.72,40.722930400793516,8.997069599206483,-0.021552134669642054,-0.02050910445893774,-0.020322896994236058,-0.006425492344819254,-0.03946923330102264,0.09815289830952402
2023-05-18,26821.28,-0.021552134669642054,46.28,39.31977317772885,6.960226822271153,0.002196585934586688,0.014742067127827087,0.0453276461015327,-0.01813196323903346,-0.011409942662346786,0.11659123170333299
2023-05-19,26880.26,0.002196585934586688,46.52,35.09249595706784,11.427504042932163,0.008231203535191795,-0.02072081512204911,0.03135344174173631,-0.014299909440926408,-0.020304630864893897,0.10509846749151744
2023-05-20,27102.43,0.008231203535191795,46.34,34.7185986067,11.621401393300005,-0.013171912518513606,-0.023468204813236845,0.021606834927589007,-0.023316368041251617,-0.00956802125607719,0.0985430679595839
2023-05-21,26747.78,-0.013171912518513606,47.02,32.79636881696108,14.223631183038925,0.0037871532594394926,-0.0015662155681266856,0.01714593638657835,-0.03448097480043885,0.05669261771255156,0.10805691426746417
2023-05-22,26849.27,0.0037871532594394926,47.58,31.980265128215386,15.599734871784612,0.01369903691712277,0.0001862074647015679,-0.0011679388364781145,-0.03500966356938455,0.1107550617492826,0.10767737132241466
2023-05-23,27219.61,0.01369903691712277,50.08,32.28702700078196,17.792972999218037,-0.03326629631528951,0.030585578973705507,0.000843888104548423,-0.04949433468919162,0.09341633592395276,0.0903693615369445
2023-05-24,26329.01,-0.03326629631528951,51.3,34.254393215277894,17.045606784722104,0.005483813844004058,0.05207425686378532,0.027725915920460725,-0.015106884169921363,0.15321661847668644,0.13331378575930977
2023-05-25,26473.79,0.005483813844004058,47.77,32.64517114035122,15.12482885964878,0.008730076726596555,0.04507503974082575,0.023939638104568107,-0.05214854725195409,0.14247043675874443,0.09720840378354823
2023-05-26,26705.92,0.008730076726596555,45.24,32.79913045915986,12.44086954084014,0.005539576292267746,0.018712151954704933,-0.03729759707758576,-0.042351898304897787,0.1316164076212214,0.0902730242970685
2023-05-27,26854.27,0.005539576292267746,43.09,29.856884516233407,13.233115483766596,0.04409840842612671,-0.0013541463011797848,0.013897404649416738,-0.01914633630678652,0.11966587848226344,0.08893448431486992
2023-05-28,28065.0,0.04409840842612671,49.94,34.07062226947135,15.869377730528647,-0.011777618425209708,-0.029741690869157185,-0.06345960934056623,-0.05673758876387943,0.08949312180181532,0.040425293717691255
2023-05-29,27736.4,-0.011777618425209708,47.12,34.25891527804345,12.861084721956544,-0.0015154032789555,-0.024348340943324685,-0.04565335118266278,-0.051658072606630155,0.08102876168214375,0.05532436349976036
2023-05-30,27694.4,-0.0015154032789555,44.68,34.25261495656858,10.427385043431421,-0.017632811059524262,-0.02113540163625775,-0.04492320296884069,-0.031174856183666153,0.0947674220200509,0.058161122198710336
2023-05-31,27210.35,-0.017632811059524262,43.93,31.819150709119732,12.110849290880267,-0.014526721963616974,-0.0560097490322908,-0.051626911187017274,0.03954668132597326,0.11321081354582992,0.07334449954569496
2023-06-01,26817.93,-0.014526721963616974,42.13,31.10866633450992,11.021333665490083,0.015710863858149307,0.015251550950596417,-0.03384172473290651,0.11192300058576074,0.1314684247840389,0.08620185820370779
2023-06-02,27242.59,0.015710863858149307,41.4,31.328114132114525,10.071885867885474,-0.0063842684993772065,-0.03371791847140915,-0.0503382227937401,0.09257244781940437,0.11677483257234673,0.08656715144994907
2023-06-03,27069.22,-0.0063842684993772065,39.75,31.326136295236022,8.423863704763978,0.0016975360281114345,-0.021305010239338208,-0.04283280009038216,0.12549070255622577,0.1406159733207527,0.07529219584989541
2023-06-04,27115.21,0.0016975360281114345,41.69,30.044332153849773,11.645667846150225,-0.05250715845555731,-0.023787801332583052,-0.07608818535652226,0.11853079865417636,0.12633193568298495,0.07385605227766347
2023-06-05,25728.2,-0.05250715845555731,40.11,34.06966221195324,6.040337788046756,0.05673457801927024,0.004382837845273414,-0.0050543012273120864,0.1689140046988072,0.17029670949910336,0.12363114806686319
2023-06-06,27230.08,0.05673457801927024,43.65,39.827176564323906,3.822823435676092,-0.03325860556385626,-0.04909327568350303,-0.03304374095620333,0.10576847383284675,0.09338338128817134,0.06545773868294197
2023-06-07,26339.34,-0.03325860556385626,45.63,40.377272323898424,5.252727676101578,0.00602863973269374,-0.016620304322331067,0.0067220205766867335,0.1529527311423816,0.1415582338778883,0.09927651778112588
2023-06-08,26498.61,0.00602863973269374,41.35,40.46589885510025,0.884101144899752,-0.0007852550651334101,-0.021527789851044064,-0.006004721423967429,0.1266821128648066,0.13354804430271391,0.09745512589707495
2023-06-09,26477.81,-0.0007852550651334101,40.8,40.46630461315001,0.333695386849989,-0.024336519277700846,-0.05230038402393933,0.01374834678517448,0.13969062498889162,0.1302330602555694,0.11720825936958887
2023-06-10,25841.21,-0.024336519277700846,43.37,40.55227246208574,2.8177275379142586,0.003258464490493794,-0.009437139072585608,0.09117359251299048,0.16483772473284725,0.16285262366717923,0.13519522576226056
2023-06-11,25925.55,0.003258464490493794,42.81,40.542065422044125,2.2679345779558773,-0.0007856342026842933,0.016049534727299603,0.1457647253186672,0.16531014951694542,0.1664930015696423,0.12766016828555735
2023-06-12,25905.19,-0.0007856342026842933,46.45,40.542013781020245,5.907986218979758,0.0011211542039807445,0.02334232489901769,0.14291067061314444,0.1671130553660869,0.15934116243636176,0.12743632205052896
2023-06-13,25934.25,0.0011211542039807445,45.38,40.48509203622249,4.894907963777513,-0.03155784923802867,0.015523068427076521,0.1683235026466079,0.18344877341113494,0.19296898437208393,0.12645584971207224
2023-06-14,25128.6,-0.03155784923802867,44.66,41.647345850465655,3.0126541495343417,0.018526725673652867,0.06604873080911369,0.19461898401069858,0.20242012103950727,0.18753736392137696,0.15371192575892995
2023-06-15,25598.49,0.018526725673652867,46.63,42.28237507122826,4.347624928771744,0.028745138290379006,0.10061073158557599,0.17396830592611925,0.17535101072641548,0.16826841272858375,0.13951279678297593
2023-06-16,26345.0,0.028745138290379006,45.06,43.29282551769416,1.7671744823058404,0.006507155969033793,0.1297151905913675,0.13881221478905,0.1264271222443747,0.13762213161054673,0.10289020561298673
2023-06-17,26516.99,0.006507155969033793,42.95,42.74488725140294,0.20511274859705964,-0.006698102267960423,0.11956834571412663,0.1462307105656948,0.1348362133012016,0.12800117436567982,0.08017396468264933
2023-06-18,26339.97,-0.006698102267960423,45.41,42.78996803921139,2.6200319607886087,0.0189678131440085,0.15280043421953127,0.13268683428877395,0.13955276572668135,0.1254030983564114,0.010703346574198067
2023-06-19,26844.35,0.0189678131440085,45.22,43.23287937725803,1.987120622741969,0.05308872645011515,0.12857025320158477,0.1259422782037171,0.11648471347039496,0.10811108921566115,-0.02988406323095884
2023-06-20,28307.99,0.05308872645011515,52.71,46.785424957450104,5.924575042549897,0.057849597296170514,0.07335757434054316,0.07366413221985671,0.0716790311541888,0.051364296554912654,-0.08120839948610953
2023-06-21,29993.89,0.057849597296170514,55.83,50.69810990116629,5.131890098833708,-0.0036396889082070654,0.00909702419768243,0.019545424198278188,0.020728276250975175,-0.0030776904268678706,-0.13561641755819323
2023-06-22,29884.92,-0.0036396889082070654,51.05,50.628035511756806,0.42196448824319077,0.026533986237444202,0.026662364851568074,0.024202384752942414,0.016430491823217378,-0.0030469743870081955,-0.13438780493693345
2023-06-23,30688.5,0.026533986237444202,52.71,49.5040386739668,3.2059613260332043,-0.005262367873937984,-0.020113599930757408,0.015125270764526993,0.024645481725476096,-0.019902832717376626,-0.16363992360792157
2023-06-24,30527.43,-0.005262367873937984,49.15,49.63548378617199,-0.48548378617199006,-0.002123952410926466,-0.00262797499786779,0.007801137028808651,-0.007081620089321589,-0.04526203297519614,-0.1440229870308994
2023-06-25,30462.66,-0.002123952410926466,49.51,49.67028943198961,-0.16028943198961088,-0.00641095284669021,0.00030655787931343776,0.001382704800296201,-0.005699893197535443,-0.041343383324152855,-0.1515040009622084
2023-06-26,30267.99,-0.00641095284669021,49.51,49.810108566321,-0.3001085663210006,0.013925651745678577,0.010448400000595647,-0.012385092544675378,-0.0011900831785032664,-0.030731394167393476,-0.14968876302381975
2023-06-27,30692.44,0.013925651745678577,48.92,47.82437872201608,1.0956212779839234,-0.020241978544881276,-0.0024599800986257665,-0.011394497264493252,-0.01822953620001493,-0.049067828084124014,-0.1652519783154628
2023-06-28,30077.41,-0.020241978544881276,48.44,48.24249669951462,0.1975033004853799,0.012223257058951633,0.03523887069528429,0.006865931437907367,-0.007283735932362511,-0.025704398182383337,-0.1417712635299022
2023-06-29,30447.31,0.012223257058951633,43.52,48.32930271813314,-4.809302718133139,0.0008105804662547625,0.010429112026676327,-0.00945756473332216,-0.017831188988055895,-0.03660629982134049,-0.15329634430181815
2023-06-30,30472.0,0.0008105804662547625,46.06,47.7554063796972,-1.6954063796971965,0.0037308892745919983,0.0010761469209826496,-0.0019851010656679498,-0.022299835664944,-0.03986631400013489,-0.09478609820397466
2023-07-01,30585.9,0.0037308892745919983,46.56,47.29723785472649,-0.7372378547264873,0.001017271646457164,-0.022833492545271138,0.0011828520526969422,-0.02262311462514601,-0.04526656658033102,-0.11365278256041444
2023-07-02,30617.03,0.001017271646457164,47.88,47.13168098365102,0.7483190163489795,0.01745687224902878,-0.008934517165867602,-0.007771892929725086,-0.027249359139950566,-0.03020768112239762,-0.16574014227022754
2023-07-03,31156.2,0.01745687224902878,49.05,47.21097135547515,1.839028644524845,-0.012586501609656327,-0.02837293925737703,0.009520210960949058,-0.03502810348190358,-0.06532377747085727,-0.18844305313857737
2023-07-04,30766.51,-0.012586501609656327,46.61,47.58623397236792,-0.9762339723679219,-0.008542384639438915,-0.019886676759998598,-0.01488275711813028,-0.05306317000400474,-0.05247588340532143,-0.17336170557630426
2023-07-05,30504.81,-0.008542384639438915,46.45,43.26567979597995,3.184320204020054,-0.02017875019166179,-0.0030612479866507086,-0.007082597997831686,-0.04272608812444901,-0.04666556143224009,-0.1608957592862183
2023-07-06,29895.43,-0.02017875019166179,47.96,40.039060220504254,7.920939779495747,0.014916247025860701,0.024016344597967972,0.01119500936617207,-0.018346301622718046,-0.027925642605229305,-0.14632311506808215
2023-07-07,30344.7,0.014916247025860701,45.04,38.00558911307022,7.034410886929777,-0.0019815498424806542,0.001162624236142407,-0.0068350389355217155,-0.03767333081963071,-0.042281716096762345,-0.16255362944356733
2023-07-08,30284.63,-0.0019815498424806542,44.01,38.073479291695186,5.936520708304812,-0.004100239112277894,0.03789315021832598,-0.014149667370269922,-0.032570329620290654,-0.03609291840563889,-0.16181936284852377
2023-07-09,30160.71,-0.004100239112277894,43.89,38.148352389782275,5.741647610217726,0.008283044133908972,0.005003919641868207,-0.008373624254733779,-0.027148735088018284,-0.01302480088598049,-0.1386836368869037
2023-07-10,30411.57,0.008283044133908972,44.26,36.73253019341637,7.527469806583625,0.006898842392956891,-0.004021350011181085,-0.02031473459927609,-0.03788121293446689,-0.027657397904918606,-0.16017483615430603
2023-07-11,30622.1,0.006898842392956891,43.96,36.72741018388461,7.232589816115393,-0.007937473335964864,-0.01282133523179601,-0.023805966677842995,-0.046449418633027914,-0.038832833284084926,-0.16741684156792516
2023-07-12,30380.0,-0.007937473335964864,41.26,36.96662448111963,4.293375518880367,0.034748976139702924,-0.00799766317166423,-0.019477466210225523,-0.022435788192672487,-0.03190484038583273,-0.1617985136926477
2023-07-13,31454.23,0.034748976139702924,45.15,38.3229144511968,6.827085548803197,-0.03698946968873567,-0.05204281758859602,-0.04454831444285268,-0.07484398843180629,-0.06651313466001162,-0.22317788750815448
2023-07-14,30312.01,-0.03698946968873567,42.21,39.0407227476808,3.1692772523191977,-0.0007422255191403193,-0.013377543896602093,-0.038180412885874496,-0.0375931262871911,-0.03382543816244693,-0.15961645474264163
2023-07-15,30289.52,-0.0007422255191403193,42.98,38.8562765040994,4.123723495900599,-0.0019011428276580337,-0.016293384588095112,-0.035643490126617355,-0.039582963434408355,-0.02875561594560774,-0.14420302502224422
2023-07-16,30231.99,-0.0019011428276580337,42.1,38.02100549706048,4.078994502939523,-0.0031138012758330853,-0.010984631446047093,-0.029541310988890155,-0.03912065197140133,-0.034731925997559907,-0.13089853407574326
2023-07-17,30138.0,-0.0031138012758330853,42.9,38.10786483168654,4.792135168313457,-0.00929617827722886,-0.011479803038561399,-0.03083829188410903,-0.03544667716124058,-0.04782720968303045,-0.12487561820830974
2023-07-18,29859.13,-0.00929617827722886,42.67,38.21258404403393,4.45741595596607,0.0016758040032582482,0.0074945031457432296,-0.018420662250020772,-0.02194325103536892,-0.11469975178221326,-0.11709675588648367
2023-07-19,29909.21,0.0016758040032582482,40.53,37.84459516770589,2.685404832294111,-0.00365806621063334,-0.02480286898927251,-0.01877511083328454,-0.004651176631246659,-0.13799515244661992,-0.1199841519891573
2023-07-20,29800.0,-0.00365806621063334,41.62,33.42354748445307,8.19645251554693,0.0034076103143899864,-0.01935010553852235,-0.01756647833519084,-0.007342663305642464,-0.13257269604102212,-0.10750636593845833
2023-07-21,29901.72,0.0034076103143899864,38.76,26.616104097844058,12.14389590215594,-0.0036089728683473903,-0.018556679542843166,-0.022643451955184957,-0.01502686660624188,-0.1325387271313253,-0.09432189576569837
2023-07-22,29794.0,-0.0036089728683473903,39.07,26.615592486292496,12.454407513707505,0.009678127907075769,-0.019358488845547736,-0.002958321982447002,-0.012427374175607159,-0.13134083054992515,-0.0938512190967781
2023-07-23,30083.75,0.009678127907075769,39.27,25.09865217789481,14.171347822105194,-0.030621568131757492,-0.025915165395764106,-0.030295673988953636,-0.021964820217158895,-0.14373709089054487,-0.12427466365334289
2023-07-24,29176.5,-0.030621568131757492,38.25,27.157729653537928,11.092270346462072,0.0017946972401168204,0.006027758155987866,0.0005872865986833618,0.004354974723427623,-0.09876095405570323,-0.09319927034335808
2023-07-25,29228.91,0.0017946972401168204,37.77,27.180943843961465,10.589056156038538,0.004201036310069169,0.0017836272033314076,-0.00393947330779103,0.006887874181009672,-0.1101606176380555,-0.09515124022042973
2023-07-26,29351.96,0.004201036310069169,38.15,27.18567493828607,10.964325061713929,-0.004410782171051959,-0.004086772412341896,-0.009579340982511205,-0.005190615008669698,-0.1189573688564262,-0.1117550514353924
2023-07-27,29222.78,-0.004410782171051959,36.36,26.6638907288162,9.6961092711838,0.0031214513568593983,0.01640016686310063,-0.00460838527713158,-0.01698891779892136,-0.11618415023133874,-0.10519672991658326
2023-07-28,29314.14,0.0031214513568593983,35.47,25.844691224479384,9.625308775520615,0.0013213554199944793,-0.004380508593189636,-0.0035225887853481824,-0.09627908953219243,-0.1160668653475188,-0.11148382532310733
2023-07-29,29352.9,0.0013213554199944793,34.96,25.426621036399865,9.533378963600136,-0.002449433712539638,-0.005440471557304609,0.014123934202037846,-0.11922004161333533,-0.11669004448047761,-0.10705096852730062
2023-07-30,29281.09,-0.002449433712539638,36.33,25.419275704210914,10.910724295789084,-0.0016693633056041337,-0.005723100511122543,0.01022381502954834,-0.11500621770583122,-0.0549197842038397,-0.08031314059200308
2023-07-31,29232.25,-0.0016693633056041337,36.77,25.35368996224171,11.416310037758294,0.016076157104390566,-0.005492568570169414,0.007616585348943045,-0.10989527517614028,-0.06838621598008336,-0.082887562669693
2023-08-01,29705.99,0.016076157104390566,36.56,26.076345882875607,10.483654117124395,-0.017659224099430867,-0.02100855214023232,-0.009469052193160191,-0.1283825085674781,-0.13553246114782988,-0.09689947194922129
2023-08-02,29186.01,-0.017659224099430867,36.82,25.822391137468,10.997608862532001,0.0002613924558795061,0.0008579198078413463,0.00833085377179471,-0.11344141690159117,-0.12311927566772005,-0.04175036705661338
2023-08-03,29193.64,0.0002613924558795061,36.21,25.558072288996236,10.651927711003765,-0.002732062666357572,0.01956440575934235,0.0037676881247442253,-0.09934824065438652,-0.12088582217098276,-0.0599645289525057
2023-08-04,29113.99,-0.002732062666357572,34.37,25.44379689793763,8.926203102062367,-0.0014388313646510047,0.015946915540670775,0.010827347488800668,-0.1062211443302644,-0.11423019785397816,-0.05971057382229252
2023-08-05,29072.13,-0.0014388313646510047,33.79,24.541048737313275,9.248951262686724,0.0005601735343276643,0.013109153919112352,0.004388725973841472,-0.10937802787391494,-0.1183974724628528,-0.045515123181055314
2023-08-06,29088.42,0.0005601735343276643,34.03,23.8761471946225,10.1538528053775,0.004207247848642796,0.01153949994707202,-0.012380532521789816,-0.1115757649542071,-0.12027191334680494,-0.05941801823744908
2023-08-07,29211.06,0.004207247848642796,36.29,23.954937623826968,12.335062376173031,0.01896787840738051,0.0074729339639532585,-0.09275650074684429,-0.11254427656217054,-0.12572644444288483,-0.044806999351009236
2023-08-08,29770.42,0.01896787840738051,39.85,24.935103164785115,14.914896835214886,-0.006349552885029144,-0.01579671763459823,-0.13334397581537322,-0.1308139786825154,-0.12565883600092315,-0.06285947153039752
2023-08-09,29581.99,-0.006349552885029144,38.73,24.813323340903075,13.916676659096922,-0.004276592986209428,-0.005119568051870214,-0.1252300327353796,-0.06514359923338797,-0.13251743824938736,-0.057928116919641025
2023-08-10,29455.75,-0.004276592986209428,36.2,24.675802538147497,11.524197461852506,-0.0010094804377126705,-0.008720427945270988,-0.11751186052508338,-0.07600280132902634,-0.12858400828384017,-0.065431399597814
2023-08-11,29426.03,-0.0010094804377126705,32.74,24.55910794895173,8.180892051048271,0.0001406818655240356,-0.02392003246886194,-0.11891345637431797,-0.1260634089546696,-0.1298936733068149,-0.07169729235539742
2023-08-12,29430.17,0.0001406818655240356,32.38,20.901795307775956,11.478204692224047,-0.004301773191170979,-0.10022943471079765,-0.12177227067338592,-0.1314501294395147,-0.15666475284814282,-0.0908045035494688
2023-08-13,29303.84,-0.004301773191170979,33.76,16.756111784988583,17.003888215011415,0.0043275966976988696,-0.11754725818077509,-0.10311592877913078,-0.12465351029572692,-0.12579101658019465,-0.09082415689858431
2023-08-14,29430.93,0.0043275966976988696,35.01,16.86375394021497,18.146246059785028,-0.0078774528796102,-0.1201104646835095,-0.11704849181906511,-0.12505754534277877,-0.11544740907663643,-0.09133351366696316
2023-08-15,29200.0,-0.0078774528796102,34.58,17.033782358972157,17.54621764102784,-0.016209084961303622,-0.10879143257981248,-0.11376675384775646,-0.12278619843669421,-0.09616660807818327,-0.0838105275940569
2023-08-16,28730.51,-0.016209084961303622,36.56,17.817460967311934,18.742539032688068,-0.07616872037641167,-0.09499342390545613,-0.09919523243241733,-0.10789138082501508,-0.07704840852527924,-0.05642973510207837
2023-08-17,26623.41,-0.07616872037641167,52.3,31.483291227186488,20.81670877281351,-0.021619596661148415,-0.02154283596258837,-0.019787775815326314,-0.03296994369604047,-0.0023970041042703535,0.06814055138462784
2023-08-18,26054.0,-0.021619596661148415,43.58,32.01524942352913,11.564750576470871,0.0017643901949644589,0.014431329401644186,0.0025299971328577647,0.007685139814450129,0.018011000457462675,0.08607381343625653
2023-08-19,26100.01,0.0017643901949644589,43.01,32.091105451368975,10.918894548631023,0.003441579224086804,0.0030619728644442745,0.06008643350199158,-0.0072874055140076995,0.02506633010256385,0.08163257135518173
2023-08-20,26189.99,0.003441579224086804,43.18,32.092150348416936,11.087849651583063,-0.0024110762869472635,-0.004975321267944076,0.04150905919605698,-0.011072147758756737,0.03821683136562699,0.09199743235709557
2023-08-21,26126.92,-0.0024110762869472635,42.63,32.09867039544643,10.53132960455357,-0.0027181324335439115,-0.004201808526961294,-0.007149952580351698,-0.010980216932496867,0.03748961145314713,0.12713787745672409
2023-08-22,26056.0,-0.0027181324335439115,42.13,31.704249942475272,10.42575005752473,0.01435456870308414,0.0017550601472619584,-0.009677858766128828,-0.03489248217475684,0.019462427237202033,0.1379381179187203
2023-08-23,26432.72,0.01435456870308414,43.38,30.965030006317274,12.414969993682728,-0.009604966342235453,-0.011901332268786518,-0.021537581516596186,-0.02267508780106379,0.005561683712345204,0.1263433800622897
2023-08-24,26180.05,-0.009604966342235453,41.72,30.984628810818272,10.735371189181727,-0.004595714908301547,0.05702446063754721,-0.0080090535237137,0.0016010827424287506,0.01500937741762584,0.23362855427000206
2023-08-25,26060.01,-0.004595714908301547,36.31,30.854957363093238,5.455042636906764,-0.0016375635459644805,0.046484380464000954,-0.009019444588937796,0.017600145769573253,0.007202317421033867,0.26368333574916625
2023-08-26,26017.37,-0.0016375635459644805,35.52,30.86507861504657,4.6549213849534326,0.00323873624067934,-0.0029481440533905,-0.008696148392597797,0.022146823907138135,0.010987420314755542,0.2820804328483799
2023-08-27,26101.77,0.00323873624067934,36.05,30.86845065776011,5.181549342239887,0.000698176287035663,-0.011432918913390886,-0.01318216788071421,0.01739077171105601,0.004583040024411528,0.2688080657918203
2023-08-28,26120.0,0.000698176287035663,36.42,30.856025422352285,5.563974577647716,0.059320826564098275,-0.009636249247809765,0.005155142681592312,0.015481003324604956,0.009639075953177052,0.2604782840375734
2023-08-29,27716.34,0.059320826564098275,40.6,37.93040582609498,2.6695941739050184,-0.0151357950818478,-0.06503351416126102,-0.06737383901599933,-0.03502010339942768,-0.02539335638816332,0.2067179132813018
2023-08-30,27299.99,-0.0151357950818478,38.18,38.21298909640737,-0.0329890964073698,-0.05107008806335594,-0.05550382505293885,-0.05258120695481377,-0.003292227830429942,-0.014501346689609573,0.23482314149405095
2023-08-31,25940.78,-0.05107008806335594,35.98,41.21318984141345,-5.233189841413456,-0.005246038619321044,-0.005748004339207393,-0.003830264352145223,0.04463956403349888,0.038632989198608636,0.2844103440594258
2023-09-01,25805.05,-0.005246038619321044,36.09,40.941557644891944,-4.85155764489194,0.0024948459526167835,-0.0017492489673234218,-0.025214623408628067,0.029140286003330913,0.08136890861110671,0.2944322347415237
2023-09-02,25869.51,0.0024948459526167835,35.57,40.978925386732485,-5.408925386732484,0.003923561650647033,0.01479139192940198,-0.0011375062844676612,0.02709926522894144,0.06092129321847711,0.31425194905012005
2023-09-03,25971.21,0.003923561650647033,37.84,41.0711039917655,-3.231103991765494,-0.005606105973525642,-0.0023403248547384237,0.009610136266142398,0.023018430941339586,0.0545196240316857,0.296689193442163
2023-09-04,25826.02,-0.005606105973525642,38.3,41.066574538836534,-2.7665745388365366,-0.0013142673496244822,0.0029226180981249844,0.026619590358510997,0.01622176200997171,0.07288234928179754,0.29584063271832445
2023-09-05,25792.1,-0.0013142673496244822,39.79,41.04588343377365,-1.2558834337736542,-0.0012472832474370724,0.0019177399870620735,0.03084297229973588,0.019683568707353386,0.06085389510935593,0.3070516759051798
2023-09-06,25759.95,-0.0012472832474370724,39.41,40.95244878528273,-1.5424487852827369,0.019035486849342184,-0.023465374441304743,0.030572939591770164,0.017765207905125785,0.08091944509187562,0.3068664722275165
2023-09-07,26255.0,0.019035486849342184,39.74,40.95726735374907,-1.2172673537490653,-0.01320815513349337,-0.015928898213869735,0.010325860643012595,0.004483933271584787,0.06279936447052567,0.28880760524652294
2023-09-08,25910.5,-0.01320815513349337,40.0,41.072518615096705,-1.0725186150967048,-0.0003431630206622342,0.011950461120880725,0.0323537356165716,0.04198048262783606,0.0745893213297464,0.3120386691173536
2023-09-09,25901.61,-0.0003431630206622342,39.75,41.0971223370857,-1.3471223370857004,-0.0023191454606873935,0.023696972260385918,0.04928897912438378,0.03807986026520425,0.06315260868602622,0.3187346499731378
2023-09-10,25841.61,-0.0023191454606873935,40.52,41.08651751430274,-0.5665175143027383,-0.02663039767580389,0.02892523231267371,0.04846982838564405,0.04246325355075391,0.05819638095141753,0.35082047141698025
2023-09-11,25162.52,-0.02663039767580389,44.33,41.77526915210187,2.554730847898128,0.02657196307677719,0.05403831403307482,0.054354909411958925,0.10658353201973483,0.06586024929867408,0.39368143962769214
2023-09-12,25840.1,0.02657196307677719,43.57,43.22380357004116,0.34619642995883737,0.014671204201257093,0.026254758856882235,0.028236771513409052,0.062058799502944836,0.034966859681610396,0.3624977193130358
2023-09-13,26222.0,0.014671204201257093,44.05,43.629116515399915,0.4208834846000826,0.011403348118842957,0.02040327449569078,0.013408294675197142,0.044909487765543356,0.024113895409673323,0.34605090247756504
2023-09-14,26522.73,0.011403348118842957,41.71,43.922360857030036,-2.212360857030035,0.0029091145916004006,0.025592006863997763,-0.010397828348539334,0.0462627589232866,0.01235608048412642,0.31829402686620073
2023-09-15,26600.0,0.0029091145916004006,39.14,43.7157176659917,-4.5757176659916965,-0.0015173159554027868,0.019544596072970245,-0.01115940359238254,0.030010922809620103,0.020618673423200937,0.29006241388166487
2023-09-16,26559.67,-0.0015173159554027868,39.52,34.72786733106575,4.792132668934251,-0.0012115920994153866,0.0003165953788840173,-0.012807731686644428,0.05034650550010552,0.07053755548889826,0.3544537012370778
2023-09-17,26527.51,-0.0012115920994153866,39.83,33.85326949032435,5.976730509675647,0.008819719840065637,0.0019820126565267175,-0.005841927371427856,0.05247350382751314,0.06806281297879392,0.30986829166436136
2023-09-18,26762.51,0.008819719840065637,41.48,33.97303991622198,7.506960083778019,0.01659208048714994,-0.0069949798204937364,0.009626747011264414,0.04223558571317485,0.05656624125261796,0.3134264683969611
2023-09-19,27210.26,0.01659208048714994,42.53,34.40689906003823,8.123100939961773,-0.003138296199427117,-0.035989835212537194,-0.011209118859179579,0.013863629561642506,0.053780600991468655,0.295582167597025
2023-09-20,27125.0,-0.003138296199427117,43.01,34.41763519661176,8.592364803388236,-0.020745316649489014,-0.030703999665352883,-0.006006574834890199,0.009726552565773532,0.089648266003577,0.3201410541696565
2023-09-21,26568.08,-0.020745316649489014,41.37,35.24369583937583,6.126304160624166,0.0004538251782273123,-0.013124327065528548,0.05222862260777586,0.011505339886715205,0.11847569068151831,0.34326363745243405
2023-09-22,26580.14,0.0004538251782273123,37.29,34.89511523497851,2.3948847650214873,-0.0001572726369548166,-0.007823940027954675,0.033822027989535736,0.006730088168201401,0.12078169634994458,0.29615235503620085
2023-09-23,26575.96,-0.0001572726369548166,37.64,34.71664377529464,2.9233562247053584,-0.01240277490489352,0.016621726831758048,0.031501193090346165,0.010705600734476236,0.21861917685237625,0.34188662646087353
2023-09-24,26248.38,-0.01240277490489352,38.6,34.96678143410458,3.633218565895419,0.002147539347757194,0.024780716353357515,0.05666058727182588,0.02275390883266581,0.2564810183281324,0.35123569083632344
2023-09-25,26304.81,0.002147539347757194,39.25,34.96612508145911,4.283874918540889,-0.0031656440496646743,0.024697424830462583,0.04117032640200259,0.03177807701558353,0.2710930125336245,0.36026816444293397
2023-09-26,26221.67,-0.0031656440496646743,38.67,34.971264601723874,3.6987353982761277,0.005754212215801185,0.06535294967330431,0.0631542371867499,0.08334528717554274,0.2642250257674089,0.36521142802143364
2023-09-27,26372.99,0.005754212215801185,36.06,35.02561532729643,1.034384672703574,0.024288394222757907,0.041645968017490306,0.05831543119894095,0.07390474035022182,0.25083920808439647,0.35059770241391863
2023-09-28,27021.39,0.024288394222757907,38.63,29.254468298869313,9.37553170113069,-0.0042437853832940535,0.01487946625858801,0.03260883870191039,0.04693949424135359,0.2321112696694652,0.3208271778817929
2023-09-29,26906.96,-0.0042437853832940535,33.04,28.828452407766243,4.211547592233757,0.002064247824862265,0.03187987091846826,0.025072748420822043,0.06498971985064828,0.24932448818366057,0.3404231952118406
2023-09-30,26962.56,0.002064247824862265,35.89,22.315217059564887,13.574782940435114,0.03748988079317705,0.016472901571539897,0.015733127400663686,0.09565484083846726,0.24577735486081723,0.3393043245120536
2023-10-01,27992.57,0.03748988079317705,37.5,25.492889845397986,12.007110154602014,-0.017952769440012815,-0.0021987124865545174,-0.040723282721060704,0.0662470680737425,0.21306332613041704,0.2983563185292209
2023-10-02,27494.51,-0.017952769440012815,38.17,26.49294483559676,11.677055164403242,-0.0024781075361443865,0.016669463181450527,-0.027091939821334378,0.08695966836040887,0.253330655831643,0.3414014700323235
2023-10-03,27426.46,-0.0024781075361443865,37.96,26.529454339949194,11.430545660050807,0.012756619276586195,0.017729372443322265,-0.020795592355869974,0.18711798376203015,0.24216956941047735,0.3635346783996343
2023-10-04,27778.57,0.012756619276586195,37.28,26.655638812501092,10.62436118749891,-0.013342721522066095,-0.006807122497646336,-0.033906678439160114,0.1998204310563066,0.22295828343652696,0.3639208534122359
2023-10-05,27410.39,-0.013342721522066095,36.75,27.193042714625758,9.556957285374242,0.018818266735082634,-0.0007397741708763316,-0.009392249386419107,0.2299226861316219,0.24619778079582394,0.4265355524692034
2023-10-06,27931.09,0.018818266735082634,35.06,27.78312493368618,7.276875066313821,0.0009154062279922295,-0.03852457023450631,0.02019104998879279,0.20107078858065905,0.22594702713564094,0.45611420537882724
2023-10-07,27956.67,0.0009154062279922295,37.61,27.153766971400227,10.456233028599772,-0.0014181982742726472,-0.043761403002785026,0.015589309151280834,0.19252377688545555,0.2260082407759973,0.4481258163276915
2023-10-08,27917.05,-0.0014181982742726472,37.85,26.623807990738502,11.2261920092615,-0.011779875664382407,-0.03852496479919236,0.014330655539443155,0.19950243096755482,0.2374493477876073,0.43829450591661473
2023-10-09,27590.12,-0.011779875664382407,36.81,27.071880599240174,9.738119400759828,-0.007275373195296091,-0.027099555941513902,0.0399169714298262,0.22425173976283858,0.25558204128711165,0.47061050113832675
2023-10-10,27390.12,-0.007275373195296091,38.53,27.228570373731507,11.301429626268494,-0.01896652932854734,-0.008652475215542896,0.07992171343780352,0.23004422746015357,0.2926240904655628,0.46747690207312903
2023-10-11,26875.52,-0.01896652932854734,36.88,26.332943164596756,10.547056835403247,-0.004321426540286491,0.05871562022329897,0.10697035079480316,0.2537866088514778,0.32782119032901813,0.48817845588349706
2023-10-12,26759.63,-0.004321426540286491,35.19,24.89930167671964,10.290698323280356,0.0038182399293200187,0.05935071215406573,0.11405160818174322,0.28042259565297745,0.3275308596314255,0.4328391250688593
2023-10-13,26862.0,0.0038182399293200187,35.37,24.44195521272188,10.928044787278118,-0.0003544668067039467,0.05285562033863539,0.20791357611790007,0.2629651617663473,0.32193700706789175,0.4347973884408181
2023-10-14,26852.48,-0.0003544668067039467,36.53,24.142439059915795,12.387560940084207,0.011171707530674917,0.06701652737133998,0.23372710949546668,0.25686496187568714,0.30593794638207433,0.46779147212835204
2023-10-15,27154.15,0.011171707530674917,38.16,24.42043419941907,13.739565800580927,0.04840156611029453,0.08857418865334629,0.23931493551804098,0.2555900301822431,0.2694437404584641,0.4601877669541359
2023-10-16,28500.78,0.04840156611029453,42.63,29.526861328690025,13.103138671309978,-0.0036863346095197267,0.04825473057150406,0.1808797385918662,0.20575597714684818,0.28391614574817964,0.38631572320286417
2023-10-17,28395.91,-0.0036863346095197267,41.08,29.57702066657948,11.50297933342052,-0.0026768518861103275,0.05470089602767735,0.17693446773417468,0.2104189316247165,0.2418054786855675,0.3980224450705245
2023-10-18,28320.0,-0.0026768518861103275,39.24,29.528337770494034,9.711662229505968,0.01380644022600064,0.15505795577926457,0.18517177542811164,0.2231186922481642,0.2568602271443432,0.37910010562142693
2023-10-19,28713.71,0.01380644022600064,39.18,29.369276883040335,9.810723116959664,0.03272936881268124,0.16671058212412657,0.18433476833301235,0.21566506985728548,0.2418015666055564,0.39583543210397815
2023-10-20,29669.04,0.03272936881268124,44.26,31.21788997024983,13.04211002975017,0.008082108028452294,0.15074074686469455,0.15012251402235002,0.2127023770277593,0.23049278816607954,0.35411523474204487
2023-10-21,29909.8,0.008082108028452294,45.9,30.057277567466734,15.842722432533265,0.002759830846653565,0.132625008020362,0.1468162580566746,0.22085083953421503,0.22478794677091574,0.3784506793582223
2023-10-22,29992.46,0.002759830846653565,48.81,30.034279370076305,18.775720629923697,0.09768020786547688,0.12223357170649717,0.16637098747123416,0.21347925144968233,0.17537065868625631,0.38009776508001364
2023-10-23,33069.99,0.09768020786547688,55.37,44.31303426971506,11.056965730284936,0.02545906657086265,0.03011381964884694,0.05505158564844722,0.1140234309499917,0.12326744960849738,0.28485952528158925
2023-10-24,33922.73,0.02545906657086265,54.19,44.163281811863904,10.026718188136094,0.016759533553249224,0.017624186208885635,0.023137852380220408,0.0722108368866077,0.09475467250819104,0.2533122376219991
2023-10-25,34496.05,0.016759533553249224,58.36,44.19078417469752,14.16921582530248,-0.01003363081588025,-0.0006182328423446656,0.016275094664202065,0.03012880494042309,0.0891751519093096,0.2201575970058992
2023-10-26,34151.66,-0.01003363081588025,55.02,44.493367447431304,10.5266325525687,-0.00763160546721126,0.014191250036312452,0.024876238554981937,0.10303640715631349,0.10098640225402485,0.2436983294574641
2023-10-27,33892.02,-0.00763160546721126,47.19,44.85251556218814,2.3374844378118596,0.005560455807826632,0.04413741576473684,0.033484463890541785,0.06487101095139287,0.09975849432952226,0.22653458306000485
2023-10-28,34081.0,0.005560455807826632,50.23,44.48973293994711,5.7402670600528864,0.012969433130901344,0.024937765999600153,0.03794691682005251,0.07168845171623159,0.08871590821232776,0.24238392255038924
2023-10-29,34525.89,0.012969433130901344,54.21,44.311091512182934,9.898908487817067,-0.0014828854979810758,0.005513666171334648,0.031330301524273095,0.05746679827254409,0.09109870702818015,0.20929370961125252
2023-10-30,34474.73,-0.0014828854979810758,53.89,44.3912290328051,9.4987709671949,0.004775852062776867,0.016893327506546603,0.06257986300540924,0.08037027414372956,0.0935269696512365,0.1990358048704988
2023-10-31,34639.77,0.004775852062776867,54.76,43.122258150471126,11.637741849528872,0.022314560261213128,0.01068498851866936,0.0740345814775404,0.07797168871424119,0.08529299239880396,0.1960016089229128
2023-11-01,35421.43,0.022314560261213128,59.78,42.45990775130212,17.320092248697883,-0.013639193957310053,-0.010652951874195182,0.04710826397844813,0.008999671215022202,0.08807081420068061,0.17708182681142978
2023-11-02,34941.59,-0.013639193957310053,60.0,42.996355496746105,17.003644503253895,-0.0064546666973641625,0.013009150820452226,0.05897184530154444,0.0682158639600502,0.12136510898915709,0.2345842020825208
2023-11-03,34716.78,-0.0064546666973641625,57.89,43.25433520218342,14.635664797816581,0.00989677583723088,0.025816635352938322,0.049072984506387266,0.07161682012797066,0.14096256997570897,0.2582588719510201
2023-11-04,35062.07,0.00989677583723088,62.46,42.60417767843469,19.855822321565313,-0.0014324869251003767,0.04568653549886251,0.013853710276220989,0.07290005724510756,0.18033777167337953,0.20047440090122903
2023-11-05,35011.88,-0.0014324869251003767,60.1,42.554864587591425,17.545135412408577,0.0009766198683485855,0.06334959295887091,0.07816016860133151,0.07611016369904294,0.23016717824318636,0.2319304093338843
2023-11-06,35046.09,0.0009766198683485855,57.36,42.55367208434138,14.80632791565862,0.010022908737337355,0.05776121585264319,0.03138654706085105,0.0662740304389805,0.22211757555169426,0.23081810980251993
2023-11-07,35399.12,0.010022908737337355,55.48,42.437716916650785,13.042283083349211,0.0063528178351219345,0.04596269448109209,0.03374153489617904,0.0507689913922753,0.2008451581290075,0.21678241352009472
2023-11-08,35624.72,0.0063528178351219345,57.58,41.845755388313535,15.734244611686464,0.029766675983155067,0.02325634915344882,0.02613649674827096,0.05976840550390708,0.21502845985121521,0.20953537061243202
2023-11-09,36701.09,0.029766675983155067,58.87,42.08005776708056,16.789942232919437,0.01623057053490802,-0.03183282522264165,0.017790411138320292,0.03094710664582728,0.17485281160756633,0.246298901741684
2023-11-10,37301.63,0.01623057053490802,56.84,40.82881764820432,16.011182351795682,-0.004611757237879132,0.01481057564246048,0.003937107236700765,0.01125841092126359,0.160357265554479,0.21199282079174586
2023-11-11,37130.0,-0.004611757237879132,58.09,40.842588529786745,17.247411470213258,-0.0017756126342137468,-0.026374668791792268,-0.038108592763425965,0.04096255022223251,0.10530826543743382,0.2283331859934588
2023-11-12,37064.13,-0.0017756126342137468,58.33,41.01122931680392,17.318770683196078,-0.016353527492521336,-0.012221159584913176,0.009244018658505708,0.06239326368761269,0.11286038137292644,0.2233377363969433
2023-11-13,36462.93,-0.016353527492521336,56.26,41.92505137171207,14.334948628287925,-0.0253224983929354,0.002880147594822018,0.022543835621583356,0.09188958546932174,0.16185352574627776,0.15983838842268372
2023-11-14,35551.19,-0.0253224983929354,56.24,43.7127364264475,12.527263573552503,0.06287397140001015,0.04962323636096182,0.05904634696888654,0.16648406139715857,0.19074402649567193,0.18668510645629435
2023-11-15,37858.2,0.06287397140001015,60.51,45.60587729998431,14.90412270001569,-0.04579700167213188,-0.010873468405759843,-0.002050004902288612,0.15200700964185487,0.10239957745468459,0.09742900635064475
2023-11-16,36163.51,-0.04579700167213188,55.35,49.346168091101624,6.003831908898377,0.012377896572665345,-0.011733923971633822,0.034887483378129414,0.19073102849084325,0.15621696638495705,0.1617146189031255
2023-11-17,36613.92,0.012377896572665345,55.4,49.21310768447598,6.18689231552402,-0.001252220312786142,0.02146517824341876,0.017027456496096223,0.1671036232328285,0.12223987847708384,0.16397462415875955
2023-11-18,36568.1,-0.001252220312786142,54.38,49.29137655342842,5.088623446571582,0.021420590373204398,0.019663688026761213,0.033631908755636084,0.1888919631029443,0.15403386549842182,0.1568032597461131
2023-11-19,37359.86,0.021420590373204398,56.54,48.733700944425514,7.806299055574485,0.0023772666332884944,0.009423110607924598,0.013156695507506953,0.15706240046924608,0.12362244657596537,0.10093127191474974
2023-11-20,37448.78,0.0023772666332884944,57.94,48.76843519605279,9.171564803947206,-0.046657457238005864,0.008823463503471102,0.0073213036845627905,0.15642015831777822,0.15366273258730662,0.10654401917279085
2023-11-21,35741.65,-0.046657457238005864,55.72,52.291071033745155,3.428928966254844,0.045576998787717926,0.04662140734976311,0.07907114298565844,0.1434168582008598,0.20472710639375735,0.15408948484104706
2023-11-22,37408.34,0.045576998787717926,55.5,43.129826581220634,12.370173418779366,-0.003053710529443689,-0.00443772174732266,0.05314924502910695,0.10361636271442075,0.16159207567309194,0.10573354469302866
2023-11-23,37294.28,-0.003053710529443689,53.87,42.49537291374226,11.374627086257739,0.011180012954367782,0.013968220728874749,0.06934574984773836,0.13930969012469444,0.15855756511380814,0.05918125255405218
2023-11-24,37713.57,0.011180012954367782,53.65,42.3147924849353,11.335207515064695,0.0017776195288349984,0.00373358489958223,0.10743771442827199,0.13169767952678546,0.13098244509658968,0.05629619507256663
2023-11-25,37780.67,0.0017776195288349984,52.13,42.057642670535145,10.072357329464857,-0.008859513391713852,-0.0015021598189084366,0.15405701454414344,0.10444958235697321,0.14271192720343936,0.059201609684875874
2023-11-26,37447.43,-0.008859513391713852,53.19,42.10021509927765,11.08978490072235,-0.005482130309367848,0.032449735635895205,0.1558435451127138,0.12132948300682765,0.12677608873048266,0.0649681479102858
2023-11-27,37242.7,-0.005482130309367848,50.62,42.20249886661593,8.417501133384064,0.01535223194675372,0.05758696677642948,0.15007616673673224,0.10521242198098762,0.15366801433806157,0.11600266914593789
2023-11-28,37818.87,0.01535223194675372,50.58,42.281758717400926,8.298241282599072,0.0009453771250752638,0.05537752911886348,0.15526005434730816,0.12040195674278575,0.11819500258307246,0.1077294600061613
2023-11-29,37854.64,0.0009453771250752638,51.9,42.2575669248916,9.6424330751084,-0.0034581251896556686,0.10370412952868963,0.1439057049617391,0.11046575106845843,0.10550883521926238,0.10465530724211182
2023-11-30,37723.96,-0.0034581251896556686,49.8,42.314461481362294,7.4855385186377035,0.025092382063089787,0.15555917436305175,0.14909885463321543,0.14634142890274385,0.11070861652410892,0.13791955237447792
2023-12-01,38682.52,0.025092382063089787,51.46,42.48608929644303,8.973910703556967,0.019655100831166433,0.1233938094768185,0.06434571521520135,0.12565596340809895,0.08901101261074926,0.1044415908514959
2023-12-02,39450.35,0.019655100831166433,52.35,42.43845831760016,9.911541682399843,0.013142794289187723,0.09248919996030264,0.05046711768531378,0.10844283064398504,0.11321909309336378,0.0763417402229457
2023-12-03,39972.26,0.013142794289187723,54.72,42.3786637996933,12.3413362003067,0.049271977534901416,0.09988252522844455,0.06996394027695604,0.0892118152660698,0.11729630197531118,0.07494138155336792
2023-12-04,41991.1,0.049271977534901416,55.09,45.123221606993006,9.966778393006997,0.04839691964470645,0.040201575433049336,0.02425996509851342,0.023544730668317713,0.020136629227849576,0.028382804183587754
2023-12-05,44073.32,0.04839691964470645,55.71,47.37964656010653,8.330353439893472,-0.007072982823143485,-0.006460319729836462,-0.049607432187170244,-0.011345087340704062,0.0017632310906980503,-0.024396621293163893
2023-12-06,43762.69,-0.007072982823143485,53.71,47.605478981701495,6.104521018298506,-0.011249508685349425,-0.05904809426161726,-0.03451406210588619,-0.029067456382231106,0.008700534250825752,-0.027329333321566222
2023-12-07,43273.14,-0.011249508685349425,52.4,48.0345042215795,4.365495778420495,0.020536119557329653,-0.04202208227498898,-0.04486374475574463,0.0035918476013293496,0.015937255391087313,-0.013129472649127984
2023-12-08,44170.99,0.020536119557329653,53.72,48.27595352328236,5.444046476717638,-0.010408972260493799,-0.029918584951488643,-0.034858097604522444,-0.03706505176423568,-0.005493089238783115,-0.024569603896031165
2023-12-09,43713.6,-0.010408972260493799,53.98,47.94162465048029,6.038375349519704,0.0017350244818206502,-0.015941610334536054,-0.03343995389328069,-0.0383968697424767,0.07144609013411772,0.014444423049662009
2023-12-10,43789.51,0.0017350244818206502,55.03,47.81221514446543,7.217784855534568,-0.05966075735492428,-0.04314711245733392,-0.0027574257304716077,-0.038390238109106474,0.051635555237266956,0.03366215823789632
2023-12-11,41253.4,-0.05966075735492428,55.59,52.84582685254372,2.74417314745628,0.005776503301278852,0.024534032155730936,0.061310248192897564,0.024665297395547927,0.12302492055602507,0.13323497918703853
2023-12-12,41492.39,0.005776503301278852,53.87,52.81639774511713,1.0536022548828683,0.032639616880829996,-0.0028416624807557876,0.05797571295867123,0.06275197540805003,0.11047735502401694,0.14049185696363126
2023-12-13,42869.03,0.032639616880829996,53.46,53.230928334195724,0.22907166580427685,0.0035680023564587876,-0.0049395126530339326,0.019247874989113734,0.04733236169835516,-0.0020151373235939435,0.1192816998106363
2023-12-14,43022.26,0.0035680023564587876,53.13,52.073892202178754,1.056107797821248,-0.025470477640977214,-0.017498343558744772,-0.0007152344301957284,-0.004123335870663804,-0.004058920039377514,0.14864937890076574
2023-12-15,41940.3,-0.025470477640977214,54.15,49.03512667828351,5.1148733217164875,0.008020387258140575,0.04038968672686217,0.038262344846466165,0.05137066327786833,-0.0049705711040397525,0.16974950504756042
2023-12-16,42278.03,0.008020387258140575,53.81,45.718369329390725,8.091630670609277,-0.021599191335207872,0.036776216037166486,0.005446605723655056,0.043214596356711966,0.005497652518168521,0.2030293358926188
2023-12-17,41374.65,-0.021599191335207872,54.6,46.57571068646616,8.024289313533842,0.030541766708551847,0.06081737543942688,0.04845559235707396,0.06080100014683198,0.0417347456816758,0.2262649850012972
2023-12-18,42657.8,0.030541766708551847,56.02,47.43049425566477,8.589505744335234,-0.008990828549252048,0.024187387642147527,-0.0022069541597132675,0.029365008365739357,0.0027693942476913463,0.20041746447717204
2023-12-19,42275.99,-0.008990828549252048,57.62,47.30222756171029,10.317772438289708,0.03241755264462973,0.016783109128548898,-0.004956915849196034,0.10488604402739844,-0.02269117466121555,0.20012837522579272
2023-12-20,43668.93,0.03241755264462973,58.1,48.31263856473919,9.787361435260813,0.004406916568444891,-0.002127341880396153,-0.03563281237863489,0.054392980967738605,-0.047118713414515664,0.17725085487583908
2023-12-21,43861.8,0.004406916568444891,58.63,44.56213750701888,14.06786249298112,0.0024419680670525194,-0.03132961031351157,-0.036644950797349654,0.06171467236312754,-0.05063762155271022,0.16585841057668763
2023-12-22,43969.04,0.0024419680670525194,57.24,42.32467826401025,14.91532173598975,-0.006088221088727501,-0.012361783082353063,0.004776262449378774,0.052501642065345744,-0.055858530980063215,0.17272293054053572
2023-12-23,43702.16,-0.006088221088727501,56.97,42.41398105293899,14.556018947061006,-0.016395107062850675,-0.02639434180186094,0.028084486709241407,-0.02126301231270765,-0.09937631255975587,0.17094564110280389
2023-12-24,42991.5,-0.016395107062850675,58.73,43.01792800268544,15.71207199731456,0.013507101635684676,-0.02174002497774508,-0.003408101440468096,-0.003343685609181757,-0.07468625002402296,0.1764625739667015
2023-12-25,43576.13,0.013507101635684676,58.26,43.1235254153754,15.136474584624601,-0.02479535186467053,-0.03350547049823888,0.013108318431402147,-0.04323291595050588,-0.0835103175185634,0.1522868169712518
2023-12-26,42508.93,-0.02479535186467053,59.98,44.10394345646583,15.876056543534169,0.02140979529821103,-0.005315340483838231,0.03776799063305689,5.10467945134957e-05,-0.0618079408201968,0.1931914197697771
2023-12-27,43428.85,0.02140979529821103,64.35,44.355691658811125,19.99430834118887,-0.02012077980823538,0.017138045531731684,0.012345407789757998,-0.006720846675398122,-0.03766534519212358,0.1748916861504545
2023-12-28,42563.76,-0.02012077980823538,63.75,45.046389095657,18.703610904343,-0.011740790238734814,0.054478828511102195,0.0315719625254526,0.004976348407404645,-0.010465542576911074,0.2467656783262527
2023-12-29,42066.95,-0.011740790238734814,62.5,45.36871833462905,17.13128166537095,0.0017416561151908701,0.018331923537276827,0.10984295987659445,-0.017734258812019482,-0.0008535279771504857,0.30444374432050075
2023-12-30,42140.28,0.0017416561151908701,63.11,45.30430917398231,17.80569082601769,0.0033947781497301243,0.04661378892964088,0.09002579334637346,-0.01148590103588074,0.0272109358503691,0.39307551330987345
2023-12-31,42283.58,0.0033947781497301243,64.71,44.64151885419174,20.068481145808256,0.04386318131378095,0.04308333111689497,0.09835962316047717,-0.013992670755360532,0.015430578240746727,0.3686199442986356
2024-01-01,44179.55,0.04386318131378095,66.81,46.53878714496903,20.271212855030974,0.01722000317113513,-0.00479263774197384,0.04772537961596695,-0.06063479342944195,-0.03687735287041799,0.3451093339801957
2024-01-02,44946.91,0.01722000317113513,63.75,46.66365581730342,17.08634418269658,-0.04788769521256018,-0.022906865985649744,-0.04934749902194908,-0.12746079926899723,-0.042354920421943186,0.32144718719942594
2024-01-03,42845.23,-0.04788769521256018,65.17,47.080672534005465,18.089327465994536,0.03002352150755492,0.09151103633931747,6.441583128631839e-05,-0.07127814858355483,0.008246174955738254,0.38734781936039814
2024-01-04,44151.1,0.03002352150755492,65.34,45.132355247159765,20.20764475284024,-0.0001356796630157846,0.043412004416732444,-0.05634123438190805,-0.0966186359499655,-0.026159852383861863,0.43549673314473786
2024-01-05,44145.11,-0.0001356796630157846,67.64,45.05919161539915,22.58080838460085,-0.004012787545087865,0.055276292043582045,-0.03771694383854342,-0.09957593145325366,-0.03602986757239189,0.36707925249851725
2024-01-06,43968.32,-0.004012787545087865,71.39,44.89634043896622,26.49365956103378,-0.000894225072540774,0.052518017357940636,-0.01906625446515614,-0.05001075298188154,-0.029066728040215213,0.4073065568466477
2024-01-07,43929.02,-0.000894225072540774,71.81,44.3129886667337,27.4970113332663,0.06653020711240704,-0.026440633036299482,-0.026595614118047978,-0.042037505102363634,-0.019076514657247967,0.4194747271680527
2024-01-08,46951.04,0.06653020711240704,67.16,49.85794327586358,17.302056724136413,-0.018075510415030107,-0.0914466205080313,-0.12757721868861396,-0.11069648785374489,-0.05700166708445563,0.3722270063708219
2024-01-09,46110.0,-0.018075510415030107,64.17,50.366531517233824,13.803468482766178,0.01172860796383382,-0.09975323879864065,-0.10151169438225423,-0.06281485749600432,-0.017973396999370558,0.39307419138380384
2024-01-10,46653.99,0.01172860796383382,62.7,45.31881354109263,17.381186458907372,-0.006771062230729273,-0.09299323588212562,-0.11235229391583772,-0.0829290449197304,0.010210058631013527,0.3907084256086172
2024-01-11,46339.16,-0.006771062230729273,57.3,45.47150291287222,11.82849708712778,-0.0798528754667809,-0.07158427182309693,-0.10836017304540893,-0.0846027324863849,0.030014501939614385,0.4417628614004998
2024-01-12,42782.73,-0.0798528754667809,57.42,52.79504868199798,4.624951318002019,0.0015242196406752171,-0.0001549810817486532,-0.07811330024704818,0.00699257860000593,0.12129683713423034,0.5128915190557858
2024-01-13,42847.99,0.0015242196406752171,55.07,52.78214837500275,2.287851624997252,-0.02638212870563945,-0.03613059818058281,-0.07134256441484117,0.008181759124451972,0.15270829894014337,0.5337921312056029
2024-01-14,41732.35,-0.02638212870563945,56.87,52.838152298786966,4.031847701213032,0.01848861088034885,-0.0017584555836137484,-0.04027740156805749,0.030181381998046222,0.1747200761516003,0.5368663479662332
2024-01-15,42511.1,0.01848861088034885,55.96,53.16741653308641,2.792583466913591,0.014637901828299413,-0.019359058033712268,-0.061858987614710266,0.0016870762661515635,0.19753168337445035,0.491559375994714
2024-01-16,43137.95,0.014637901828299413,55.16,52.80003695979866,2.359963040201336,-0.008423584725432613,-0.03677590122231215,-0.030944498516725434,-0.010000473575059036,0.18453023931962145,0.4145985638867036
2024-01-17,42776.1,-0.008423584725432613,50.79,51.83286526966524,-1.042865269665242,-0.03445139745815894,-0.07795831916529969,-0.01544189098431569,0.007519099460800049,0.19764807022948078,0.4692979630444928
2024-01-18,41327.5,-0.03445139745815894,48.31,53.13877499107842,-4.828774991078419,0.007990013891329613,-0.03521196623425852,0.016880730834869025,0.07057555160415836,0.22281954988700836,0.4922276152504313
2024-01-19,41659.03,0.007990013891329613,48.04,51.88778247302426,-3.8477824730242602,0.0008880084302503328,-0.038518945984443886,0.03869683688624987,0.08353829738288371,0.22436956829035484,0.3966060457217668
2024-01-20,41696.04,0.0008880084302503328,47.96,51.851264820494904,-3.8912648204949036,-0.002778941360300473,-0.04249992958099815,0.029423248996107293,0.12256235254685129,0.21649603212939791,0.4867533488774592
2024-01-21,41580.33,-0.002778941360300473,47.82,51.83090218626523,-4.010902186265227,-0.049606002668420156,0.005831402705586568,0.02375744055902399,0.13837467498502334,0.22858146152059905,0.4544423128599035
2024-01-22,39568.02,-0.049606002668420156,48.98,54.43483261712308,-5.454832617123081,0.008294955472882228,0.06251642818098385,0.08510587884705409,0.19941013738127858,0.27032195366255984,0.47767930814922477
2024-01-23,39897.6,0.008294955472882228,49.59,54.36919775109701,-4.7791977510970085,0.004683034141144241,0.0520926970691274,0.07952432353929312,0.2240508633549846,0.2511488239907246,0.47241080571500305
2024-01-24,40084.88,0.004683034141144241,47.54,54.129020878233355,-6.589020878233356,-0.003092975166303934,0.07721578287069361,0.07045878356610369,0.21499747771965783,0.2357971344898153,0.5168226913425648
2024-01-25,39961.09,-0.003092975166303934,45.01,53.54442103853969,-8.53442103853969,0.04555239092628425,0.07192317857710531,0.06354606388086179,0.25939067098916063,0.254999360589974,0.5588733976826948
2024-01-26,41823.51,0.04555239092628425,43.73,55.502740867344855,-11.772740867344858,0.00707902280697713,0.017926037853437278,0.020944024941666358,0.2154747378363469,0.2125570313425782,0.5148651771704771
2024-01-27,42120.63,0.00707902280697713,42.43,55.14888213646051,-12.718882136460508,-0.002128775638974226,0.022589450666070085,0.022960990445115702,0.21308996121379647,0.25723122090316386,0.5003572163388783
2024-01-28,42031.06,-0.002128775638974226,45.25,55.00069473920276,-9.750694739202757,0.029806119942710457,0.027431626470165574,0.0536948207692893,0.20593881905213934,0.30529727229765136,0.5211760830723846
2024-01-29,43302.7,0.029806119942710457,45.36,55.97684998360699,-10.61684998360699,-0.008385579459892248,-0.00675699930459008,0.0448414604966338,0.185672731404105,0.3658645774595044,0.47814282780230355
2024-01-30,42941.1,-0.008385579459892248,46.91,56.061707805961134,-9.151707805961138,-0.008444749797383772,-0.008377114696243648,0.09313910355074395,0.18707278313329065,0.3531893660578889,0.4826790908124739
2024-01-31,42580.0,-0.008444749797383772,45.79,53.898314377138846,-8.108314377138846,0.011742435619609937,0.003017987088228938,0.11461723442599932,0.20482402096157507,0.3819866868506138,0.5152312639890172
2024-02-01,43082.94,0.011742435619609937,44.76,53.69581232616927,-8.93581232616927,0.0027134001651212595,0.0003715397790454728,0.11430425853422445,0.18521607481550578,0.3638021076213692,0.48035273363638936
2024-02-02,43200.0,0.0027134001651212595,42.41,51.017419529180415,-8.607419529180419,-0.004382505832045197,0.026263194299123587,0.1445265398156914,0.17162450045143146,0.37910164440466004,0.41565972521929095
2024-02-03,43011.09,-0.004382505832045197,41.52,49.89143313030547,-8.37143313030547,-0.010005694851545816,0.05159845980122374,0.14453869415355408,0.16533835092371166,0.46165658552859984,0.4276402341443647
2024-02-04,42582.88,-0.010005694851545816,42.69,49.99178067054263,-7.301780670542634,0.002950351987088814,0.10151621824698746,0.19584460710829882,0.19145329670911224,0.40310912007090927,0.4752031866384293
2024-02-05,42708.7,0.002950351987088814,42.37,50.00148697050689,-7.6314869705068915,0.009095988310426472,0.11159924733777023,0.1945307128946805,0.19161300640091186,0.43637328488686294,0.46246363194820667
2024-02-06,43098.95,0.009095988310426472,42.87,50.12463796912977,-7.254637969129774,0.028605054685199374,0.11393271875517882,0.19012897076868077,0.2342702304580482,0.4385512418253007,0.46909948631796344
2024-02-07,44349.6,0.028605054685199374,43.82,45.23562380152632,-1.4156238015263227,0.02095275967005496,0.11826334551656768,0.15224399828284998,0.251602451528362,0.42922867345527765,0.44721226574466
2024-02-08,45288.65,0.02095275967005496,44.91,45.526603075893604,-0.6166030758936074,0.03991206359421791,0.09294023435233019,0.14083127090747116,0.32102311696287067,0.41104758838317446,0.4583179153510432
2024-02-09,47132.77,0.03991206359421791,47.79,47.50548147292773,0.2845185270722723,0.013033381077871586,0.0943283888613112,0.09393367958254667,0.260050262507145,0.38049836697760375,0.38325169836028505
2024-02-10,47751.09,0.013033381077871586,49.91,47.63442284850664,2.2755771514933585,0.01142945972783506,0.08293146555691013,0.09020678653557572,0.2673694524246145,0.4117483594608855,0.39146838036544535
2024-02-11,48299.99,0.01142945972783506,51.29,37.74884931720373,13.541150682796271,0.03293568144658824,0.07619625201350179,0.0709118162812813,0.24949784908714484,0.39159468192155544,0.37115288446992584
2024-02-12,49917.27,0.03293568144658824,54.28,39.052577720546225,15.227422279453776,-0.004370351494182536,0.03398065276628216,0.027097960635740014,0.2345751045889686,0.3810838322654596,0.2960631783116442
2024-02-13,49699.59,-0.004370351494182536,52.19,37.545548922573964,14.644451077426034,0.041300218103198914,0.04789103655514081,0.02079965677015752,0.31711789137504576,0.3621462718146331,0.25170617234360393
2024-02-14,51795.17,0.041300218103198914,55.13,39.31542926784034,15.814570732159666,0.0016364577734705157,-0.0003947092787646893,-0.004391310399186617,0.20726451296261048,0.29402769262026374,0.2372210331555911
2024-02-15,51880.0,0.0016364577734705157,55.08,39.241710729512626,15.838289270487373,0.004694246184426713,0.007275320978665427,-0.0029177064937687043,0.24184257199218248,0.2300683245670822,0.20084575198298005
2024-02-16,52124.11,0.004694246184426713,55.24,38.8937213677145,16.346278632285504,-0.009279917800631372,-0.00528443573222064,0.04414125968936742,0.24842227105661996,0.2716498928150122,0.20202197433502989
2024-02-17,51642.64,-0.009279917800631372,56.24,36.46603360593381,19.773966394066193,0.009540032294676114,-0.006882692130542308,0.09935845324551201,0.27698467517242764,0.26940806536342304,0.17106291892473496
2024-02-18,52137.67,0.009540032294676114,57.24,36.47305127007087,20.766948729929133,-0.00698552773070659,-0.027091379784983455,0.18019184605539945,0.27021631747570335,0.17223647743141202,0.19668089362887203
2024-02-19,51774.73,-0.00698552773070659,56.83,36.754441170001,20.075558829998997,0.009306488030900633,-0.003996601120422088,0.1661165829245983,0.28656468739505714,0.2702573167480613,0.209133246520116
2024-02-20,52258.82,0.009306488030900633,55.63,36.58211459360337,19.04788540639663,-0.007865510526459354,-0.010193027472434293,0.17716266588903876,0.3215415729253098,0.22586085133930456,0.21726417151603658
2024-02-21,51849.39,-0.007865510526459354,54.01,30.80511155840237,23.204888441597628,-0.01087817419895304,0.049425695421587895,0.17858603280586346,0.3206828656402742,0.20735735448666506,0.2251383052715966
2024-02-22,51288.42,-0.01087817419895304,55.38,31.57744808136397,23.802551918636034,-0.010668655359765033,0.10624114537605414,0.20747714395322855,0.3539858716297196,0.22126198172427855,0.2645272645814983
2024-02-23,50744.15,-0.010668655359765033,52.23,32.25000943478139,19.979990565218607,0.016109250933854777,0.20728322584038278,0.2963182346048882,0.3413466150444756,0.2810255568527496,0.26911153728981063
2024-02-24,51568.22,0.016109250933854777,54.18,32.12447931865528,22.055520681344717,0.0031100616788884284,0.17011318404502024,0.21165582336179703,0.29841900301945035,0.30387403709272093,0.22049212950505293
2024-02-25,51728.85,0.0031100616788884284,55.17,29.245299587270086,25.924700412729916,0.051753212367562834,0.18735569336147292,0.24476027848595114,0.23298603106085097,0.30230814582789906,0.22062383408195602
2024-02-26,54476.47,0.051753212367562834,56.05,33.13665623116168,22.913343768838317,0.045937275755513214,0.12916033738427543,0.20428101136725252,0.22750863312564476,0.24312599543571461,0.15751415181867934
2024-02-27,57037.34,0.045937275755513214,58.36,35.350084369908,23.009915630092003,0.09037342510456357,0.10123599857717425,0.17762622192691563,0.1700496121179111,0.21587881077473342,0.10673484534714751
2024-02-28,62432.1,0.09037342510456357,67.76,44.667966908784464,23.09203309121554,-0.021060790861507746,0.08903500876450529,0.09002447142030384,-0.007955368623987435,0.1122782503427992,0.01093624699863257
2024-02-29,61130.98,-0.021060790861507746,65.54,45.611856655200796,19.92814334479921,0.02035257099534111,0.04154263931677665,0.12044810447045881,0.10414073382346305,0.12948972475458503,0.04376836308020234
2024-03-01,62387.9,0.02035257099534111,65.37,45.108535407273095,20.26146459272691,-0.006442143609634661,0.05740458512447806,0.144378907036271,0.0486981854502658,0.13324457713840346,-0.027889039683390817
2024-03-02,61987.28,-0.006442143609634661,65.82,45.602043476234364,20.21795652376563,0.018012936948412033,0.07512067398297692,0.14209683283441069,0.028771321680801612,0.11655062601502025,-0.060213321608500375
2024-03-03,63113.97,0.018012936948412033,71.72,45.51672617707199,26.20327382292801,0.07817243529189463,0.07639022334974123,0.14650872767649104,0.013784837771050044,0.03655808081463105,-0.06637793491277424
2024-03-04,68245.71,0.07817243529189463,74.81,50.470700851880956,24.339299148119046,-0.06855316030923639,0.0009894626557983726,0.04502838043958737,-0.015292677752138592,-0.034016351384235005,-0.08185446168770376
2024-03-05,63724.01,-0.06855316030923639,73.19,57.78059314320132,15.409406856798675,0.03621451680304252,0.07890546515368199,0.0867631796576533,0.09221821373092393,0.07209406656752013,0.0026333693466015495
2024-03-06,66074.04,0.03621451680304252,74.85,58.184302831881496,16.6656971681185,0.011273945248864211,0.08697432191179276,-0.0117742474251002,0.05754786734194796,0.026090347061343784,-0.03170536565668161
2024-03-07,66823.17,0.011273945248864211,69.68,58.16358316099161,11.5164168390084,0.019282486315176334,0.0669761588514336,0.023227621758392224,0.03884498406846211,0.03054824449266282,-0.056296518416878966
2024-03-08,68124.19,0.019282486315176334,71.87,57.97200817513312,13.897991824866885,0.0027716745979517753,0.07011850432674963,-0.00757660980900457,0.0382525888478178,0.017983592289382486,-0.08917705552578624
2024-03-09,68313.27,0.0027716745979517753,75.04,58.05651229401769,16.983487705982313,0.009362842188647231,0.04403891778378882,-0.09797984004429128,0.022253778922495394,0.04727032696786885,-0.11007074345885827
2024-03-10,68955.88,0.009362842188647231,80.12,57.293513450164035,22.82648654983597,0.044283373561153284,0.00785771450397113,-0.016307370646995778,0.009041620284126261,0.0027533313826813358,-0.08915808098759635
2024-03-11,72078.1,0.044283373561153284,83.02,58.344800679618125,24.67519932038187,-0.008724217811494954,-0.09874856933689313,-0.09568072158600519,-0.011134329897867501,-0.020279979095440038,-0.17016062885379468
2024-03-12,71452.01,-0.008724217811494954,78.08,58.865767519983734,19.214232480016264,0.022424831790492365,-0.043748537093041544,-0.11332551115360909,-0.0255462068193904,-0.020441797451629534,-0.16100887080137347
2024-03-13,73072.41,0.022424831790492365,77.5,58.532163790020974,18.967836209979026,-0.02330791194500903,-0.07769511413575439,-0.13272388990544098,-0.10995064686185994,-0.0850206539538153,-0.172674051612483
2024-03-14,71388.94,-0.02330791194500903,74.58,59.59057012622494,14.989429873775059,-0.02681836109117046,-0.1420187578280803,-0.06032105819172598,-0.07904473182382234,-0.11044009947102904,-0.12595979269895816
2024-03-15,69499.85,-0.02681836109117046,76.7,60.119878281354055,16.580121718645948,-0.062322910279710986,-0.024165085150967103,0.005455034073270616,-0.014669113090133135,-0.05680665946467252,-0.12102821261640145
2024-03-16,65300.63,-0.062322910279710986,75.73,65.14263352285403,10.587366477145977,0.046275814432356635,0.0030678477508877533,0.06932211476704814,0.037864594486444025,-0.02922257258410209,0.013776961418757096
2024-03-17,68393.48,0.046275814432356635,75.93,66.50406917666668,9.425930823333331,-0.01152174525222046,-0.06957697406056773,0.015617362310069875,0.007320622734270636,-0.06962791847998216,-0.047278144604317056
2024-03-18,67609.99,-0.01152174525222046,74.08,66.58640615916194,7.493593840838059,-0.08763155563733493,-0.055028775769686816,0.045829198656822355,0.025560202098387098,-0.09834514643868797,-0.008704988990782231
2024-03-19,61937.4,-0.08763155563733493,76.61,74.62488006125211,1.9851199387478857,0.09103531158594273,0.0816976996363541,0.12023361896678667,0.14525016701216018,0.024444416197460093,0.07730194855221716
2024-03-20,67840.51,0.09103531158594273,77.73,80.14882426049678,-2.418824260496777,-0.03508997737785613,0.02962011922423751,0.025348990931122032,0.019060702029677155,-0.06112407022794523,-0.023361694839885427
2024-03-21,65501.27,-0.03508997737785613,75.26,81.61075476717463,-6.350754767174621,-0.026369007379098856,0.06625426701616019,0.08454639168813768,0.07540074249056519,-0.008596679823267894,0.08688106568245078
2024-03-22,63796.64,-0.026369007379098856,72.46,82.30233427405031,-9.842334274050316,0.003026453038660462,0.0851943363706374,0.08777930433421868,0.0928837137019796,0.01778095078493163,0.09491161830332184
2024-03-23,63990.01,0.003026453038660462,73.68,82.06661609878508,-8.386616098785069,0.04909491976870599,0.10085797442650896,0.022773243043581026,0.04770323595162573,0.043265282857219825,0.0777913988778459
2024-03-24,67209.99,0.04909491976870599,72.62,83.05438518855988,-10.434385188559872,0.038957731173826136,0.03853591933043234,-0.018723673632096382,-0.05011904127930302,-0.011914019562938812,0.011239384820221372
2024-03-25,69880.01,0.038957731173826136,76.25,83.66793006548544,-7.417930065485436,0.0015441704140665396,-0.004271128293115693,-0.02012414716340377,-0.0622616935379431,-0.08338190758766795,-0.01921636823891442
2024-03-26,69988.0,0.0015441704140665396,75.39,83.68624484586712,-8.296244845867122,-0.007428938024621631,0.018292124671977293,-0.03145752028060414,-0.0985446873511502,-0.08168431174594296,-0.010014976881638379
2024-03-27,69469.99,-0.007428938024621631,75.78,82.51456174039066,-6.73456174039066,0.01869009109453202,0.0025849679635810627,-0.008296739575799263,-0.085245280790052,-0.08561184361703517,-0.01394915095491487
2024-03-28,70780.6,0.01869009109453202,76.53,81.48307073422357,-4.953070734223573,-0.01322713532737063,-0.07808473138292814,-0.02026899655843528,-0.1441743450955103,-0.10914396542758578,-0.019173294112117364
2024-03-29,69850.54,-0.01322713532737063,73.11,76.00120475280715,-2.8912047528071554,-0.0038493164497219014,-0.05725959296252893,0.02501654804537349,-0.09578920276932652,-0.10134200334416654,-0.021008530185127536
2024-03-30,69582.18,-0.0038493164497219014,74.93,75.52988298239066,-0.5998829823906533,0.024107423379159526,-0.01585301887028829,-0.0062882889014448905,-0.08647306115906722,-0.0857213616743826,-0.028125373740486063
2024-03-31,71280.01,0.024107423379159526,76.64,75.64149551143748,0.9985044885625172,-0.02313609473301786,-0.049749644952581634,-0.009145649197572506,-0.09314307151140555,-0.16113361682179417,-0.04194261243430046
2024-04-01,69649.8,-0.02313609473301786,73.81,76.16612658170222,-2.3561265817022132,-0.06197960825197718,-0.01088170753938053,0.005104409367760906,-0.06999835354928702,-0.17676394762352055,-0.030759665703513586
2024-04-02,65463.99,-0.06197960825197718,74.37,79.34305202011885,-4.973052020118843,0.007598003093028574,0.057815734824492655,0.02492999290804468,0.02049203981363882,-0.10293601572740518,0.034572916854710804
2024-04-03,65963.28,0.007598003093028574,72.45,74.39223215755885,-1.9422321575588484,0.03755725764251874,0.08227614100790222,-0.03139536764720666,0.006809654069157597,-0.04783811030346864,0.02695691069702891
2024-04-04,68487.79,0.03755725764251874,72.31,71.43734364179744,0.8726563582025619,-0.009789202703133824,0.009564729968843194,-0.04213754637453934,-0.06325776042426413,-0.06946069722091847,0.004692148731289491
2024-04-05,67820.62,-0.009789202703133824,71.96,70.49282399427369,1.4671760057263015,0.015731842680183246,0.040603995755008934,-0.06708716707054607,-0.05022679146533879,-0.057795712718025284,0.03928302491300849
2024-04-06,68896.0,0.015731842680183246,72.3,70.59271459826414,1.7072854017358594,0.006717834111896003,0.015986116907141235,-0.07694854121425275,-0.07731510404123587,-0.08684476290954167,0.031601726878486586
2024-04-07,69360.39,0.006717834111896003,77.43,70.31907566632579,7.11092433367422,0.03205840927643814,-0.03288574191644818,-0.12390534853707504,-0.08887496886915049,-0.10716064781516861,0.02052976848152942
2024-04-08,71620.0,0.03205840927643814,76.25,71.16980727191374,5.08019272808626,-0.03515415339654028,-0.11367150865510908,-0.12080575081470005,-0.12635855138954,-0.15734107042672701,-0.03212747124978224
2024-04-09,69146.0,-0.03515415339654028,73.69,72.2425980141136,1.4474019858864011,0.02125006308303191,-0.05170227634338273,-0.08018477225762234,-0.07943307277293768,-0.09191141237027758,0.002375621583062819
2024-04-10,70631.08,0.02125006308303191,72.32,70.90357217273925,1.4164278272607476,-0.00888603616768445,-0.1076911628255552,-0.08399742231383306,-0.15198796762422165,-0.14988064975835452,-0.014014279340885328
2024-04-11,70006.23,-0.00888603616768445,68.42,70.90590642196834,-2.4859064219683376,-0.04215402471169341,-0.09293465812139419,-0.07510276291704794,-0.18186835699128143,-0.14056707334974383,-0.00668211150937849
2024-04-12,67116.52,-0.04215402471169341,66.94,71.82919750371049,-4.889197503710491,-0.04872735746222276,-0.09101960662062705,-0.004437953094405873,-0.12786600863544986,-0.08765339765866759,0.0029415907872849673
2024-04-13,63924.51,-0.04872735746222276,72.95,73.27383126565731,-0.32383126565730436,0.026815078915186055,-0.007134242159591159,0.03820502171636424,-0.016442742656261958,-0.015519693227929007,0.0656795388289981
2024-04-14,65661.84,0.026815078915186055,71.99,73.53002808837891,-1.540028088378918,-0.03473882339914055,-0.0284824959142398,-0.02112021404972481,-0.027323150846379096,-0.06422155315172884,0.016781022149140314
2024-04-15,63419.99,-0.03473882339914055,70.48,71.27161355537228,-0.7916135553722796,0.005870468536476564,0.023693740511721947,0.016860375605207263,0.009291454352520812,0.04299953400285928,0.04054192372414285
2024-04-16,63793.39,0.005870468536476564,70.88,69.26540368083842,1.6145963191615778,-0.040238973210926274,0.01783189520434605,-0.0003665628269831373,-0.00989622169528889,0.022349773875665203,0.03745752910897701
2024-04-17,61277.37,-0.040238973210926274,70.72,70.45951420483722,0.26048579516277925,0.035158006998813135,0.08658165352622099,0.03503037966792452,0.016744700721906446,0.08964015744790585,0.08444750941219713
2024-04-18,63470.08,0.035158006998813135,69.98,64.74301680645038,5.236983193549619,0.005466825160537417,0.0453392638759552,-0.005552800574839977,-0.03653531961202695,0.05285753235475716,0.04669844456843159
2024-04-19,63818.01,0.005466825160537417,70.4,56.02837806385013,14.371621936149879,0.01743741302682119,0.007362281864514791,0.000751699484684636,-0.011726640112655212,0.03776237538805989,0.021045430749462486
2024-04-20,64940.59,0.01743741302682119,71.98,55.11659474814966,16.863405251850345,8.623229100669178e-06,-0.006833364906514875,-0.06799054531038862,-0.06588322744452144,0.09547774550571878,0.0005200325006646071
2024-04-21,64941.15,8.623229100669178e-06,72.05,54.3075286148481,17.742471385151894,0.028510785110948657,-0.01819845803132938,-0.1067655940742335,-0.06546431043269586,0.07713066751839032,-0.001096362101556567
2024-04-22,66819.32,0.028510785110948657,69.37,55.171884264302065,14.19811573569794,-0.006084382651452649,-0.051551273858296644,-0.12342805554104398,-0.08321544456426169,0.034526116020626184,-0.04086856397234694
2024-04-23,66414.0,-0.006084382651452649,64.16,52.464151959186786,11.69584804081321,-0.03251015685090299,-0.05089206445079537,-0.05464776437262622,-0.053724714944293206,0.023153404383160294,-0.032939245254674794
2024-04-24,64289.59,-0.03251015685090299,62.44,51.63252354802932,10.807476451970679,0.0032417662557915235,-0.006610582379830341,-0.006202936796654311,-0.04310133910200399,0.06416553934875363,-0.016935046093627996
2024-04-25,64498.34,0.0032417662557915235,59.29,51.653806083120735,7.6361939168792645,-0.011356469895713836,-0.06115718040387392,-0.007568921252686481,0.02613915839765206,0.07166933486430468,-0.06741850058769853
2024-04-26,63770.01,-0.011356469895713836,55.12,51.71697194784809,3.4030280521519103,-0.004842030716018614,-0.08856713604290431,-0.009529658868305785,0.022716336702648374,0.07166269266212041,-0.03128240821452899
2024-04-27,63461.98,-0.004842030716018614,54.69,51.13122704470445,3.558772955295545,-0.005425173243951366,-0.07187678168274751,-0.018285678946018107,0.054609777779981356,0.08997067131546854,-0.04178285386118848
2024-04-28,63118.62,-0.005425173243951366,56.79,51.019369418486704,5.770630581513295,0.01177132522006203,-0.0037556999218310294,-0.030982519037186997,0.05841033292959717,0.08033347315903912,-0.022627025530435663
2024-04-29,63866.0,0.01177132522006203,55.33,51.29142487932421,4.038575120675787,-0.051304831768252054,0.00040764558317585645,-0.012478339597339873,0.03701067590337529,0.057595987933896656,-0.055337212502010846
2024-04-30,60672.0,-0.051304831768252054,59.81,53.01749213529232,6.79250786470768,-0.03876642553474422,0.05358825915118726,0.0021073178658671393,0.16346829081610742,0.11919100438749383,0.00517317304085785
2024-05-01,58364.97,-0.03876642553474422,61.22,53.948821778361896,7.2711782216381025,0.011848323644138173,0.07903747717459834,0.0413012836415376,0.18389626159262384,0.14600428192000706,0.0727933923853466
2024-05-02,59060.61,0.011848323644138173,56.77,50.31185065524231,6.458149344757693,0.06269590851696512,0.053591102736729235,0.04021261097678227,0.1579541715616702,0.1375089325821161,0.06298179998191966
2024-05-03,62882.01,0.06269590851696512,55.88,55.25943077107419,0.6205692289258096,0.01593467072506892,-0.02722681911535614,0.0009230494283329789,0.07780116875578655,0.07479502100049766,-0.011943111854785303
2024-05-04,63892.04,0.01593467072506892,56.89,53.827386551412246,3.0626134485877543,0.0018757817997593531,-0.012885985180515907,-0.036898402305349715,0.07036847614540798,0.07415284595220807,-0.059379916907976726
2024-05-05,64012.0,0.0018757817997593531,58.65,53.777291340130105,4.872708659869893,-0.013317207511333138,-0.0514809412853203,0.0337080796503385,0.0792382561169912,0.09707873763103389,-0.11514231419083676
2024-05-06,63165.19,-0.013317207511333138,55.57,53.53074863297616,2.0392513670238372,-0.013598050793730939,-0.037736193533060916,0.032245995570954124,0.08119235153042623,0.11844648978802838,-0.10923584514170116
2024-05-07,62312.08,-0.013598050793730939,53.76,53.54062042164932,0.21937957835067579,-0.018122013335120257,-0.01337849175994714,0.07289545672599942,0.10825635026148667,0.12769041629669817,-0.06775238910595406
2024-05-08,61193.03,-0.018122013335120257,55.43,52.181353104652615,3.2486468953473846,0.030275504659909153,0.028149868543688946,0.08939285196678413,0.11131599219622614,0.12521359917694488,-0.09122393955081753
2024-05-09,63074.01,0.030275504659909153,52.17,52.451292935541275,-0.28129293554127344,-0.03671917430504504,-0.024012417124833985,0.04948901550071514,0.07007432753123655,0.09428703395334051,-0.10627677298241307
2024-05-10,60799.99,-0.03671917430504504,54.27,52.96411885529068,1.3058811447093248,0.0004275402409262431,0.08518902093565862,0.16136097295024027,0.11708368652162672,0.1358663704174693,-0.046284916354523066
2024-05-11,60825.99,0.0004275402409262431,54.17,52.97765217229629,1.1923478277037134,0.01075965097938284,0.06998218910401487,0.14259497795108622,0.10470299827846949,0.13388496184036544,-0.05231208461802951
2024-05-12,61483.99,0.01075965097938284,54.52,51.46080270539446,3.0591972946055463,0.023406346968515828,0.08627394848594638,0.11774156058488788,0.09729632160533386,0.09059498844595265,-0.06978027364693248
2024-05-13,62940.08,0.023406346968515828,56.13,49.49293510074577,6.637064899254234,-0.021886781008613777,0.06124298342309501,0.07687811932745353,0.07387197157216471,0.08119923205692721,-0.08365405144373722
2024-05-14,61577.49,-0.021886781008613777,56.23,49.02089872794714,7.209101272052855,0.07248226375544757,0.07350143262554894,0.10726687845075766,0.11105124825755781,0.08100257530086925,-0.0393069366887371
2024-05-15,66206.5,0.07248226375544757,58.61,54.0550203110027,4.5549796889972995,-0.014779291590717515,0.07617195201458145,0.045530176466652666,0.06337065798069541,-0.002457610278716344,-0.08522323205279483
2024-05-16,65235.21,-0.014779291590717515,57.49,54.320906832042546,3.169093167957456,0.027051410361314365,0.07261278884707117,0.04894635595947206,0.08620049421707428,0.015107755233311891,-0.007865115277427503
2024-05-17,67024.0,0.027051410361314365,55.26,52.98542723037328,2.2745727696267153,-0.0016246180943355483,0.03146761209894132,0.03536089353548722,0.05479495957069874,-0.0051926480357086325,-0.02998695398329723
2024-05-18,66915.2,-0.0016246180943355483,56.67,51.7126809383913,4.9573190616087,-0.00962833180615985,0.01563513590435833,0.021923140229441966,0.03582074721016077,-0.0061590877863254845,-0.04316916323299135
2024-05-19,66274.01,-0.00962833180615985,57.32,51.8444484036615,5.475551596338498,0.07515278314448008,0.03376544582520852,0.020585312030521392,0.044798018452625404,-0.01671694463859732,-0.035103498760034976
2024-05-20,71446.62,0.07515278314448008,61.94,57.69034274060416,4.249657259395839,-0.018338454758227797,-0.03064177554792898,-0.04427728642861356,-0.025494602532770916,-0.09495771300505408,-0.06934552456907017
2024-05-21,70148.34,-0.018338454758227797,58.59,58.17034610680909,0.41965389319091173,-0.014093766386815483,-0.023666432887599304,-0.03789197967261675,-0.008710016110720729,-0.0782270296199468,-0.043832746908757256
2024-05-22,69166.62,-0.014093766386815483,56.8,57.675286947341576,-0.8752869473415785,-0.017457094288918538,0.0038932814365457025,-0.02044523897955406,-0.0271465721389352,-0.07539467999297304,-0.014582151780952443
2024-05-23,67969.65,-0.017457094288918538,53.18,57.99041212910888,-4.810412129108883,0.008501978114690344,0.006288004325083443,-0.003006147755288842,0.0043211127294737126,-0.056092649637835,-0.006459574321817527
2024-05-24,68549.99,0.008501978114690344,52.29,56.779718579770424,-4.489718579770425,0.01074556177134258,-0.013180133794687332,0.003784369806800138,-0.02626430314988836,-0.08110058544238154,-0.03887853387072435
2024-05-25,69290.57,0.01074556177134258,52.21,56.858336254837674,-4.648336254837673,-0.011363112097898122,-0.013635510880684786,0.01784048151404273,-0.047987786745368965,-0.13908783545200315,-0.058153603265523185
2024-05-26,68507.67,-0.011363112097898122,53.73,56.85853840418845,-3.128538404188454,0.013465947937329524,-0.01422554678501765,0.037254138257602196,-0.03383860072616012,-0.10294510087664932,-0.04032663135027321
2024-05-27,69436.43,0.013465947937329524,53.91,56.92407538762829,-3.0140753876282957,-0.0150623714003808,-0.024338520416099962,0.019434066035211507,-0.040553541571195804,-0.13175352517665692,-0.02225795704984465
2024-05-28,68398.39,-0.0150623714003808,54.76,57.20215562243589,-2.442155622435891,-0.010966160005080427,-0.009294152080372486,0.013897606980718787,-0.028082228015767405,-0.10296049868947468,-0.007364799495448255
2024-05-29,67652.42,-0.010966160005080427,53.24,57.29694483604876,-4.056944836048757,0.010290184685345129,0.016964503601487265,0.02421270642210399,-0.03730225666911867,-0.1129332004359074,0.008792549487060534
2024-05-30,68352.17,0.010290184685345129,53.27,54.03045665877156,-0.7604566587715595,-0.011953148002230988,0.03147599239472731,0.018782683895842627,-0.05068042657644048,-0.1140178313466359,-0.023199448362628515
2024-05-31,67540.01,-0.011953148002230988,51.99,52.137228943294154,-0.14722894329415226,0.003352974306247208,0.05147968504261964,0.029181963561896004,-0.04033504994733,-0.07321088953466037,-0.02022098538822098
2024-06-01,67766.85,0.003352974306247208,50.68,52.078225604767894,-1.3982256047678945,-1.800306465331948e-05,0.04377258645131127,-0.006701333159381158,-0.054949441013418934,-0.07452713260019633,-0.047425383909481915
2024-06-02,67765.63,-1.800306465331948e-05,51.11,47.67877112623317,3.431228873766827,0.015292495676779325,0.02319175906109107,0.007327260484762537,-0.05308650188254611,-0.08673813285528287,-0.03623618116148338
2024-06-03,68809.9,0.015292495676779325,52.77,47.65650593727966,5.113494062720342,0.02480167347858517,0.007248202820616524,-0.03004867295668852,-0.08488495524918163,-0.1335327628601847,-0.11233760996395376
2024-06-04,70537.84,0.02480167347858517,53.95,48.287169457537345,5.6628305424626575,0.008050544645661345,-0.012693308498884882,-0.06582826825941171,-0.1569283169660458,-0.21222105182187057,-0.15023871957139992
2024-06-05,71108.0,0.008050544645661345,55.62,47.93918630596058,7.680813694039415,-0.004354124285061161,-0.02229772148072384,-0.07109273898376234,-0.14019923913425145,-0.22768233492972945,-0.20098482103525833
2024-06-06,70799.06,-0.004354124285061161,51.87,47.620723136086426,4.249276863913572,-0.020598830454873523,-0.05047391961069263,-0.059987607606407325,-0.1511875912118684,-0.19544280540265213,-0.27051340453174044
2024-06-07,69355.6,-0.020598830454873523,50.02,47.77480498908517,2.245195010914834,-0.00065106056369522,-0.01586449857632873,-0.04197983499648621,-0.11685810567019343,-0.21643753872776234,-0.2135022440893728
2024-06-08,69310.46,-0.00065106056369522,50.34,46.85722423785342,3.4827757621465807,0.004860162159083764,-0.03729687577730524,-0.061514963091222674,-0.13714590685801134,-0.20056380693575349,-0.2288263449936847
2024-06-09,69648.14,0.004860162159083764,51.79,44.59511741526255,7.194882584737449,-0.0015538683361776106,-0.053134959760527026,-0.06946311047228312,-0.1328005152424785,-0.18215128677199227,-0.12139915623860721
2024-06-10,69540.0,-0.0015538683361776106,50.88,44.623399424662324,6.2566005753376785,-0.032530322415029955,-0.0487950175030387,-0.06951701350922602,-0.10239285309655632,-0.18619704645839488,-0.13368769720971732
2024-06-11,67314.24,-0.032530322415029955,52.49,46.374955518548276,6.115044481451726,0.014010590579490376,-0.0095136879957149,-0.04824810785403778,-0.06782579944081513,-0.16037526209288505,-0.099752661251203
2024-06-12,68263.99,0.014010590579490376,50.56,45.96912364673344,4.590876353266559,-0.02208343776467173,-0.026115336420157675,-0.06041376236730866,-0.09406539334004536,-0.16485328350066436,-0.1507282104989005
2024-06-13,66773.01,-0.02208343776467173,49.23,45.98241499259086,3.2475850074091355,-0.010977921824138023,-0.02421808731391763,-0.05483628229249313,-0.10348408990349614,-0.12030951198960627,-0.11790345083728825
2024-06-14,66043.99,-0.010977921824138023,48.56,38.675758798539995,9.884241201460007,0.0027860739213107213,-0.016328150711756296,-0.09110004870663412,-0.1463927835624588,-0.08276562177407842,-0.0862382107696922
2024-06-15,66228.25,0.0027860739213107213,48.03,38.319281272347816,9.710718727652186,0.006751007092293841,-0.020721996006187522,-0.06910650015048914,-0.15658959594596705,-0.02297287051073932,-0.12095038650942774
2024-06-16,66676.87,0.006751007092293841,47.9,37.186622303664414,10.713377696335584,-0.002591057844952401,-0.038734419858323085,-0.09119998360546108,-0.13545519779624474,-0.024794305947588514,-0.14735933624792344
2024-06-17,66504.33,-0.002591057844952401,48.81,37.19289768767778,11.617102312322224,-0.020186188658431685,-0.034298425947151184,-0.07487827067370723,-0.17445770373127606,-0.037010075446665784,-0.1218573000657171
2024-06-18,65175.32,-0.020186188658431685,50.06,37.7083133636732,12.351686636326804,-0.0030879852219766885,-0.030618194978575694,-0.0756309437667887,-0.13904884384453076,-0.018386554121437578,-0.09123918802507566
2024-06-19,64974.37,-0.0030879852219766885,48.6,25.992271612927603,22.6077283870724,-0.001607771373120505,-0.07477189799487802,-0.06333740477019537,-0.11268817629970912,0.025612188435983996,-0.10620878232010257
2024-06-20,64869.99,-0.001607771373120505,48.28,25.41165921824704,22.868340781752963,-0.011261416759841722,-0.048384504144301815,-0.03287583958733033,-0.11668003294916882,0.03439428271118962,-0.08744294851103476
2024-06-21,64143.56,-0.011261416759841722,47.11,25.269331909653864,21.840668090346135,0.001844936066219504,-0.05246556374713819,-0.019577691586777364,-0.11212715423884721,0.060812528212020676,-0.08335238144978648
2024-06-22,64262.01,0.001844936066219504,46.43,24.723650118664455,21.706349881335544,-0.016505957689856198,-0.040579844726556236,-0.03365163097273671,-0.10443952113335564,0.049633075316017544,-0.04954016512985877
2024-06-23,63210.01,-0.016505957689856198,48.23,24.941084928056814,23.288915071943183,-0.04724168823827901,-0.045012748788213194,-0.04864780761100301,-0.06547322969711308,0.042222051571657274,-0.04587364976758055
2024-06-24,60293.3,-0.04724168823827901,50.96,28.893830994744697,22.066169005255304,0.024779622477455705,0.011434493224682462,-0.055292734855824685,0.00833442693255575,0.08093423218648002,0.06024380268732449
2024-06-25,61806.01,0.024779622477455705,48.14,30.538261611521676,17.601738388478324,-0.015342476362678105,0.015508664556971282,-0.08748309579547792,0.046133629639749874,0.06261846952637617,0.03733275130176503
2024-06-26,60864.99,-0.015342476362678105,47.05,30.183159881571093,16.866840118428904,0.013730655086801458,0.032887872160360626,-0.044255214190783654,0.06640567765787261,0.10949556812681237,0.05365655609785927
2024-06-27,61706.47,0.013730655086801458,47.94,30.570412644438488,17.36958735556151,-0.020938861751513153,0.006928213753819327,-0.09957943305756885,0.03786819522704149,0.0955956991940265,0.01810754059293478
2024-06-28,60427.84,-0.020938861751513153,45.4,31.073524847870477,14.326475152129522,0.009205553774616642,-0.00363505882279002,-0.06341790007774208,0.05724438964535117,0.12172574992296803,-0.01690320615680732
2024-06-29,60986.68,0.009205553774616642,43.47,31.014025457677715,12.455974542322284,0.028853793809744524,-0.06672722808050735,-0.04935077152951375,0.08894959320617941,0.09081838298400746,-0.03252668522616732
2024-06-30,62772.01,0.028853793809744524,45.44,32.87439910278492,12.565600897215077,0.0020367312407112426,-0.1029917603524494,-0.08380419336183849,0.06727012229852002,0.052989904146439476,-0.05590535266068492
2024-07-01,62899.99,0.0020367312407112426,44.71,32.84840020518338,11.86159979481662,-0.012229003319739846,-0.07714308635114449,-0.09254946265206986,0.0803902197987981,0.02710174869071451,-0.06190924051011039
2024-07-02,62135.47,-0.012229003319739846,42.33,33.008759635448364,9.321240364551635,-0.0315021343281225,-0.10650764681138837,-0.07078789016061893,0.08328470628875433,0.05050195169379957,-0.052220502157846106
2024-07-03,60208.58,-0.0315021343281225,45.36,33.79058344589097,11.569416554109033,-0.05388661548310068,-0.05978284125495225,-0.01682542208611007,0.09086985918266036,0.02119515289623103,-0.04948178314916698
2024-07-04,57050.01,-0.05388661548310068,47.53,36.27276758201772,11.25723241798228,-0.007410738462197537,0.017376456550993395,0.06362716178838045,0.13622696704230475,0.06198233225047071,0.035846179914737354
2024-07-05,56628.79,-0.007410738462197537,48.98,35.859917818800405,13.120082181199592,0.027885405242016163,0.019187566990610725,0.13361672543522782,0.15010156532185417,0.026697513894471177,0.015054020597084296
2024-07-06,58230.13,0.027885405242016163,48.21,37.929518269982275,10.280481730017726,-0.04159356377998373,-0.015406376300925565,0.11066089184865628,0.1537507823175961,-0.07507059912908821,-0.004461757869907037
2024-07-07,55857.81,-0.04159356377998373,50.99,39.581676118277834,11.408323881722168,0.015222671228313616,0.03571975665076925,0.13744762828461035,0.1951751322515954,0.002935294638389589,0.005751467083356318
2024-07-08,56714.62,0.015222671228313616,51.03,40.29382862862854,10.736171371371462,0.023272682322844962,0.04295741916884198,0.12066228972309326,0.18514365000071015,-0.028262538057931143,-0.049733955225245936
2024-07-09,58050.0,0.023272682322844962,50.05,41.45301790763838,8.596982092361614,-0.0055996280225802065,0.04625070523738685,0.13830036473569318,0.14016915451352127,0.060752130533385164,-0.069346200788548
2024-07-10,57725.85,-0.0055996280225802065,48.69,41.421529614101985,7.268470385898013,-0.006708538049520128,0.11442915844461687,0.1510743156603585,0.13679409750827803,0.052509349248677624,-0.050739240295611124
2024-07-11,57339.89,-0.006708538049520128,48.54,40.32074673778817,8.21925326221183,0.009532569171711086,0.12606726814958163,0.17293968245086797,0.11965121134278442,0.06062260084168213,-0.005208703466850942
2024-07-12,57889.1,0.009532569171711086,46.32,40.07971162617483,6.240288373825173,0.022460333746386348,0.1017278716338409,0.15407259644937324,0.12128984185441856,0.014125073001763931,-0.0043819122755098215
2024-07-13,59204.02,0.022460333746386348,49.18,40.76502487051504,8.414975129484958,0.02656596839138983,0.07770487055425107,0.10769528126877043,0.03802057498234115,0.002406061152318107,-0.03202586480813782
2024-07-14,60797.91,0.02656596839138983,49.3,42.04084881772663,7.259151182273364,0.06257882518464983,0.09204965949830612,0.07259980525392434,-0.001644829537909667,-0.003472588995613708,-0.0448336219191025
2024-07-15,64724.14,0.06257882518464983,54.52,47.81077933231991,6.709220667680093,0.004929571655444641,0.036645157215741415,0.01648483988662637,-0.10691921154075656,-0.09797751599868836,-0.067523931926803
2024-07-16,65043.99,0.004929571655444641,56.49,47.77894757864192,8.711052421358083,-0.014806827344029673,0.0468724143012861,0.04308989046893981,-0.18573149097774444,-0.12256503030033485,-0.08083542141381674
2024-07-17,64087.99,-0.014806827344029673,58.28,48.02509382276013,10.254906177239874,-0.0015626673332034774,0.05234472481553215,0.05772750396698509,-0.1345123336462207,-0.08484722461905123,-0.08048474983850783
2024-07-18,63987.92,-0.0015626673332034774,57.1,47.53691978410041,9.56308021589959,0.040910757335444886,0.029990410714519158,0.06448136027761693,-0.14892482778102434,-0.07285263390363803,-0.09456861168604694
2024-07-19,66660.0,0.040910757335444886,60.8,49.67775017748611,11.122249822513886,0.00717432290208512,-0.01944985424438199,0.001868789777828117,-0.07754823420230796,-0.1318209707560865,-0.1000409894223308
2024-07-20,67139.96,0.00717432290208512,62.65,49.717409926365676,12.932590073634323,0.015156828740989328,-0.020160317329115253,-0.014280218152080453,-0.09856496641168083,-0.1218372312222243,-0.0835236519822688
2024-07-21,68165.34,0.015156828740989328,66.0,49.74154245840811,16.258457541591888,-0.009334516829783621,-0.0037825238323465,-0.053288471108083504,-0.11231708160918577,-0.14416490966180706,-0.07962739464534418
2024-07-22,67532.01,-0.009334516829783621,67.63,49.899294150167314,17.73070584983268,-0.023916981434216472,0.005382779151452716,-0.03278275459495467,-0.13994752344760927,-0.09917324044587622,-0.06628079275403075
2024-07-23,65936.01,-0.023916981434216472,63.91,50.30408245743696,13.605917542563034,-0.008529507623456261,0.034490949563097555,-0.06967470628642924,-0.10528922011645227,-0.08809570133923775,-0.040026236358713725
2024-07-24,65376.0,-0.008529507623456261,61.39,47.31552816170401,14.074471838295992,0.006463859817351855,0.021318644022209888,-0.07424463479183398,-0.07607239424953799,-0.020690429499155463,-0.027875766331100903
2024-07-25,65799.95,0.006463859817351855,61.81,46.666537665337856,15.143462334662146,0.03153462223775808,0.005880099177034585,-0.12340405142738292,-0.11446235588531467,-0.02528571822461108,-0.038102195220199454
2024-07-26,67907.99,0.03153462223775808,60.1,47.322836057788756,12.777163942211246,-0.00016921384598440523,-0.049505947275737226,-0.22882138144668424,-0.1656549207692746,-0.05583901202895302,-0.055174331078566966
2024-07-27,67896.5,-0.00016921384598440523,55.04,47.19836371170991,7.84163628829009,0.005191188977428364,-0.03816553374640761,-0.19223983761320573,-0.14257472858603626,-0.07748815860109165,-0.07243980957574507
2024-07-28,68249.88,0.005191188977428364,52.65,46.39041682239422,6.259583177605776,-0.02170181316434392,-0.10416565584952703,-0.21340618805864123,-0.1373339941812549,-0.13862895607977527,-0.04611521286182246
2024-07-29,66784.69,-0.02170181316434392,51.73,47.20426238070072,4.525737619299278,-0.008974685027823451,-0.0955632788140441,-0.07941702398013605,-0.13368976053391454,-0.12334506821017471,-0.015310815569476915
2024-07-30,66188.0,-0.008974685027823451,50.62,46.43724530364582,4.182754696354181,-0.02385142421501373,-0.12928415060441772,-0.08428474825960033,-0.10755701307014379,-0.10889525680712432,-0.004998268588577284
2024-07-31,64628.0,-0.02385142421501373,48.73,47.28843644201422,1.4415635579857735,0.011171199683345215,-0.1793154341709472,-0.05902861050110222,-0.0908764385537235,-0.08901098920082483,0.014958582309959287
2024-08-01,65354.02,0.011171199683345215,49.81,47.174804412254765,2.635195587745237,-0.06080893312569105,-0.15407430386679835,-0.10716476885265455,-0.0663904858509215,-0.10272245385164562,-0.03149785792814048
2024-08-02,61498.33,-0.06080893312569105,51.4,50.74226571551108,0.6577342844889174,-0.013099436128860992,-0.10924053220911441,-0.03561451383002297,-0.018420995052808434,-0.07067693604539793,-0.011325169729108735
2024-08-03,60697.99,-0.013099436128860992,51.45,47.0814982718871,4.3685017281129035,-0.04269555681819708,0.016146254833907844,-0.0018277594577039667,0.05355420529267858,-0.02613615233573329,-0.0008028199170232848
2024-08-04,58161.0,-0.04269555681819708,56.13,49.52088634246265,6.60911365753735,-0.07388270778154322,0.04499940234481718,0.008941695542068293,0.0981183332027719,-0.011643493297386804,0.043596663254021714
2024-08-05,54018.81,-0.07388270778154322,63.08,54.962101768454104,8.117898231545894,0.03641232998749407,0.12028682366984479,0.06316646067740965,0.17298236941773126,0.07060884125918125,0.1391882014456022
2024-08-06,56022.01,0.03641232998749407,61.54,54.71353401839799,6.826465981602006,-0.015975161468007117,0.046909535014143605,0.049665109027169516,0.11475167901211418,0.002816172444966805,0.1023247823925909
2024-08-07,55134.16,-0.015975161468007117,60.88,54.71024156690933,6.169758433090671,0.11228735091416127,0.07362601837909123,0.07607219387738638,0.07477723197886603,-0.021471417167314714,0.1305025736815942
2024-08-08,61685.99,0.11228735091416127,56.81,67.08079895019584,-10.27079895019584,-0.013842409307287744,-0.01797401429161202,-0.05427273655377848,-0.0439280442300386,-0.1300983313219331,0.008683938736106556
2024-08-09,60837.99,-0.013842409307287744,55.02,67.26009650288121,-12.240096502881208,0.001404713543484379,-0.0360577068027491,-0.02327226481054343,-0.024610508547523932,-0.10324858954428867,0.021505159541207967
2024-08-10,60923.51,0.001404713543484379,56.28,67.1911731734432,-10.911173173443203,-0.036964958668207114,-0.05712036299243533,-0.03184782805262125,-0.02998237869972253,-0.06583130430853298,-0.004730036978703587
2024-08-11,58712.59,-0.036964958668207114,57.11,68.48194730070225,-11.371947300702246,0.010741321896940523,0.0027555740130257265,0.04077428300173309,0.004442315001009013,-0.01850698527727367,0.027115468856971588
2024-08-12,59346.64,0.010741321896940523,57.48,68.1294218962265,-10.649421896226507,0.020687318243458014,0.0024461754982949453,0.017193518777214582,-0.03506242221537489,-0.03443192596045585,0.052410845887480254
2024-08-13,60587.15,0.020687318243458014,56.92,67.87215305973126,-10.952153059731259,-0.031926101818424826,-0.03629872226216666,0.055381964750382595,-0.02430839287802925,-0.04136103292348871,0.042319889645951604
2024-08-14,58683.39,-0.031926101818424826,55.31,64.82132482742055,-9.511324827420552,-0.019657942646201854,0.012785441992205472,0.08917663766070366,-0.02058518883945502,0.03045358407188546,0.06891269794441977
2024-08-15,57541.06,-0.019657942646201854,55.64,64.99717787530788,-9.357177875307883,0.022910978337253942,0.025272534939813882,0.10981590874032165,0.007442380581771662,0.04172960888651822,0.13842772882472787
2024-08-16,58874.6,0.022910978337253942,53.12,65.54331918053016,-12.423319180530164,0.010431923382209742,0.03801870898870716,0.06508656998494468,-0.046848936582202655,0.004362474780543503,0.13038881650268636
2024-08-17,59491.99,0.010431923382209742,53.71,65.70579943297426,-11.995799432974259,-0.018057579517003593,0.014747343278919437,-0.001294961898520318,-0.09754361104470104,-0.02171597778240881,0.12806226352445998
2024-08-18,58427.35,-0.018057579517003593,55.32,64.00783699858513,-8.687836998585134,0.017158062435947308,0.09168068701254906,0.01034469232373992,-0.07582559476815455,0.031779981333755786,0.14318400899511868
2024-08-19,59438.5,0.017158062435947308,53.68,64.32886848419645,-10.648868484196448,-0.007170849698593443,0.07639119566849799,-0.0013382437369804673,-0.07997632473374518,0.038313579239955625,0.1408399330305918
2024-08-20,59013.8,-0.007170849698593443,54.06,63.95970359085307,-9.899703590853065,0.03565715238614722,0.08454337380050757,0.0018654493528987527,-0.033983476255911686,0.06453751501646299,0.14727982060433292
2024-08-21,61156.03,0.03565715238614722,54.68,65.4662821972473,-10.786282197247296,-0.012839442327577983,0.027067860996237324,-0.036331968000724045,-0.059281268279006705,0.0328924476918456,0.12114155309863388
2024-08-22,60375.84,-0.012839442327577983,53.99,65.14054059766922,-11.150540597669213,0.05887576421662603,-0.01604230517743995,-0.05225594099258943,-0.051625444737670376,0.048069464980524126,0.1097221093727218
2024-08-23,64037.24,0.05887576421662603,55.43,68.56515012053995,-13.135150120539954,0.0018685710918962383,-0.08133599468880934,-0.0796903576284118,-0.09674299767387125,-0.007185336831945343,0.05156591107378598
2024-08-24,64157.01,0.0018685710918962383,55.14,68.52353014632482,-13.383530146324816,0.0009813284334161388,-0.07772943940547865,-0.10976182650015863,-0.05872305358881814,-0.012816476995588275,0.03840146720945268
2024-08-25,64220.0,0.0009813284334161388,54.2,67.5280329187909,-13.328032918790896,-0.021818360418123024,-0.08267792444760902,-0.10237352815854994,-0.06808629985380338,0.0006646809503861473,0.06010465592867138
2024-08-26,62834.0,-0.021818360418123024,51.58,67.88105348076905,-16.301053480769056,-0.05594960850125526,-0.06339982899696156,-0.11193550656714729,-0.06072409520440113,0.005048349025346666,0.05968358688363076
2024-08-27,59415.0,-0.05594960850125526,52.69,70.30649189744858,-17.616491897448583,-0.006417925294743356,-0.03621363581514967,-0.09624864914618067,-0.020421015883888435,0.09251374321795289,0.1215294197554489
2024-08-28,59034.9,-0.006417925294743356,52.91,70.04076135592008,-17.130761355920086,0.005475126375226921,0.0016456370603973348,-0.08617028709189443,0.021435289010015925,0.10803425264069788,0.14169797746871282
2024-08-29,59359.01,0.005475126375226921,52.98,70.09581096754647,-17.115810967546473,-0.003967156608714223,-0.03203238709468018,-0.07863808099676467,0.039651822976936146,0.10389698821854712,0.16435131830869384
2024-08-30,59123.99,-0.003967156608714223,51.96,69.71593563133506,-17.755935631335056,-0.00254026496747557,-0.019695603710941124,-0.035848925608810395,0.0626720656635643,0.1039695715107842,0.20720545774678562
2024-08-31,58973.99,-0.00254026496747557,50.48,69.52975858824391,-19.04975858824391,-0.028763415319443375,-0.048535677570185926,-0.02294930027828262,0.0692244156925697,0.07122459592350522,0.20434624904591725
2024-09-01,57301.86,-0.028763415319443375,54.36,67.05539722512827,-12.695397225128275,0.03144134758080365,-0.060035013331031194,0.0006304962549190975,0.10032540597311361,0.05935176631628929,0.2043250526694496
2024-09-02,59132.13,0.03144134758080365,52.92,67.95102712991451,-15.031027129914506,-0.028202897779850595,-0.08781592415229195,-0.017052640045459394,0.07250502079646652,0.025333332418710088,0.16149490934313906
2024-09-03,57487.73,-0.028202897779850595,55.29,67.00981281219931,-11.719812812199315,0.008369626775024829,-0.046605693902084674,0.05103877291134054,0.09694534950457043,0.055240156551408605,0.18795129058403512
2024-09-04,57970.9,0.008369626775024829,55.73,61.57715748784204,-5.84715748784204,-0.03138033882672037,-0.016153321897869458,0.03428722830474661,0.10303820910893616,0.06857936018642105,0.17091354096975672
2024-09-05,56180.0,-0.03138033882672037,56.79,61.39783458150112,-4.607834581501123,-0.040262751080288636,0.025586377291903124,0.051211411362746206,0.11698385559249402,0.09950860994762417,0.18873871198870495
2024-09-06,53962.97,-0.040262751080288636,59.46,62.76707812056615,-3.307078120566146,0.0036604367595428834,0.0606655095859501,0.07582763326229228,0.18876239236413364,0.15197399084890903,0.2511854014428977
2024-09-07,54160.86,0.0036604367595428834,58.84,47.80576919728751,11.034230802712493,0.01300733247035669,0.07076328410683237,0.10760557610191039,0.19420453973259239,0.13878227005803975,0.3331272045315699
2024-09-08,54869.95,0.01300733247035669,59.32,48.0505464391085,11.269453560891499,0.03882199877924005,0.09764446681342503,0.11828990397370086,0.18253506921531187,0.12475374908549673,0.323895881653279
2024-09-09,57042.0,0.03882199877924005,58.82,50.24780224571466,8.572197754285341,0.010359360363052208,0.05044055020261588,0.09852099127237474,0.13981849711959465,0.0611012673298295,0.2936307371935592
2024-09-10,57635.99,0.010359360363052208,57.18,48.81715515159802,8.362844848401977,-0.005183618786241656,0.025625034070842895,0.09217371597085236,0.0941738962017879,0.04562245413424535,0.2854605939868394
2024-09-11,57338.0,-0.005183618786241656,54.84,48.6666019708706,6.173398029129402,0.013758211280425158,0.015162123676341985,0.09969490971819456,0.05872127006137025,0.08684277184793619,0.33767751646739697
2024-09-12,58132.32,0.013758211280425158,53.96,48.33419561537219,5.625804384627813,0.039888515176949337,0.03684229199507783,0.08955766084192596,0.04238597246416955,0.08368092256944039,0.4219515673661306
2024-09-13,60498.0,0.039888515176949337,52.51,49.10652643707771,3.4034735629222865,-0.008381917831569096,0.02064543716027564,0.04590657659322992,0.004201383640068131,0.038459113872534395,0.37418101817754573
2024-09-14,59993.03,-0.008381917831569096,52.48,48.66457949547186,3.8154205045281344,-0.014456155768720775,0.048080441069758666,0.06875098080418958,0.03429213188167451,0.09669811993820976,0.409741504670299
2024-09-15,59132.0,-0.014456155768720775,53.21,48.329113835540994,4.880886164459007,-0.01564652918074257,0.06654868190000927,0.06577244422974786,0.048297198584878034,0.12602634172214294,0.3898713140011107
2024-09-16,58213.99,-0.01564652918074257,53.29,48.48629128238914,4.80370871761086,0.035438379599161005,0.08453278604185238,0.11293475910184139,0.07614635758661681,0.14977824130686887,0.4470861581566767
2024-09-17,60313.99,0.035438379599161005,53.12,49.655700399027175,3.464299600972822,0.023691660342147144,0.05271536884684793,0.08659896363068201,0.03117669395612941,0.11140402766136298,0.4067457483082687
2024-09-18,61759.99,0.023691660342147144,51.59,49.97358585167604,1.6164141483239618,0.01905308607791393,0.025261139432954095,0.06424516524161104,0.006463845111795934,0.10252635379063628,0.37495253387470223
2024-09-19,62947.99,0.01905308607791393,51.95,50.25198607861887,1.6980139213811327,0.004012085061529829,0.020670539734430726,0.041297505847219966,-0.03741972394254517,0.08274230558787003,0.36264403596314393
2024-09-20,63201.05,0.004012085061529829,50.15,48.78727424873423,1.3627257512657707,0.0023375749611005414,-0.0007762376702616057,0.0020001802309355804,-0.04655126183660693,0.08824910540678836,0.3788401211459671
2024-09-21,63348.96,0.0023375749611005414,51.04,48.528158879173006,2.5118411208269933,0.0036209624041565595,0.02840197305998882,-0.04097363965682427,-0.012852137870258296,0.06165264439219775,0.3976801657219468
2024-09-22,63578.76,0.0036209624041565595,51.13,43.92980012646176,7.200199873538246,-0.0037625690717466927,0.03388359478383389,-0.04717168837775637,-0.005876738272485494,0.05875124790573141,0.4359187204172428
2024-09-23,63339.99,-0.0037625690717466927,50.45,43.93969917541821,6.51030082458179,0.01446248637939056,0.03898402580865676,-0.04170519295316176,-0.00744746272069546,0.051217944205041034,0.4455114623368836
2024-09-24,64262.7,0.01446248637939056,51.52,44.244649418388896,7.275350581611107,-0.017434692343162504,0.020626966112789046,-0.03445884892251504,0.02794713913402025,0.05943997497828532,0.4186396520859183
2024-09-25,63152.01,-0.017434692343162504,49.75,43.998028931663505,5.751971068336495,0.03151578569135097,0.0027764179011969953,-0.017475245644869786,0.06025389749239516,0.05463523785828417,0.4384022808479737
2024-09-26,65173.99,0.03151578569135097,52.38,40.38618962096456,11.993810379035445,0.009102584128001627,-0.06937561271681328,-0.03678840151522455,0.036843482205027554,0.029015676537496076,0.35564665880974844
2024-09-27,65769.95,0.009102584128001627,51.91,40.28932864221517,11.620671357784829,0.0013378619530761801,-0.08105528316159046,-0.05542226967455256,0.02480506403068103,0.033663724828015,0.3352467625856159
2024-09-28,65858.0,0.0013378619530761801,52.6,40.29095314733711,12.309046852662888,-0.003894573316477157,-0.08068921876181871,-0.05778132012981508,0.0382811885490253,0.06045433009014678,0.37542032731045255
2024-09-29,65602.01,-0.003894573316477157,54.02,40.28927631643205,13.730723683567952,-0.03528524055475455,-0.055085815035304284,-0.07871722978976509,0.04144479974065013,0.10323588623600151,0.37702642038701206
2024-09-30,63327.59,-0.03528524055475455,54.21,42.46393566804836,11.746064331951644,-0.04063624492665931,-0.02025166354606697,-0.04855144206754248,0.08624892517585284,0.13312165312241211,0.43112094224557174
2024-10-01,60805.78,-0.04063624492665931,56.64,43.74238930607537,12.897610693924634,-0.002577086316775542,0.03258721120158854,0.028121501786566007,0.10262628404902209,0.14497328635316037,0.46090423175612444
2024-10-02,60649.28,-0.002577086316775542,56.35,42.448755752072294,13.901244247927707,0.001703926352847916,0.025633013487037695,0.041294950105270914,0.10592293628348784,0.13616157692442904,0.4715104667796369
2024-10-03,60752.71,0.001703926352847916,57.45,41.134432248214324,16.31556775178568,0.02170883041003728,0.022907898632003446,0.03425773023246633,0.09292313715820286,0.1327111340326266,0.45587491318220497
2024-10-04,62086.0,0.02170883041003728,55.53,41.660663451727906,13.869336548272095,-0.00045108906551724495,-0.02363141475446101,0.06240598805653533,0.09389882390080043,0.10233418078333574,0.43426071457704896
2024-10-05,62058.0,-0.00045108906551724495,55.41,39.873370521718414,15.536629478281583,0.012202629820996201,-0.0282997785214757,0.07772914313726499,0.07211048350315402,0.08923010204108082,0.4628732213094476
2024-10-06,62819.91,0.012202629820996201,57.17,36.731985351623706,20.438014648376296,-0.009531284031326389,-0.004465709415022723,0.07363188372025214,0.06580407805272069,0.09921141059398875,0.43387824444722983
2024-10-07,62224.0,-0.009531284031326389,56.6,37.08204574071464,19.51795425928536,-0.0010211885021863328,0.01566193661823303,0.08022733370523363,0.08908599450256763,0.19434493447353024,0.4718344445660531
2024-10-08,62160.49,-0.0010211885021863328,55.63,37.005745038501296,18.624254961498707,-0.024830482976427176,0.011349831600462702,0.09606250867884042,0.11823565021996194,0.19914213256778232,0.4737690841260604
2024-10-09,60636.02,-0.024830482976427176,56.11,36.15197423531418,19.95802576468582,-0.005119452832531935,0.08603740281099614,0.12016202953041527,0.18195311602576666,0.23252946986372972,0.5113158721706931
2024-10-10,60326.39,-0.005119452832531935,54.97,36.10661295912812,18.863387040871878,0.03603669892744918,0.1060289216587405,0.13480036724339536,0.18167309518995464,0.2398381398525941,0.4777874774506426
2024-10-11,62540.0,0.03603669892744918,57.51,37.9584983225339,19.5515016774661,0.010596362001929363,0.07809759313527469,0.07450478226245612,0.11685178456659444,0.25083474461946087,0.43469992279503555
2024-10-12,63206.22,0.010596362001929363,56.84,37.8605013251906,18.979498674809406,-0.0053332935199566596,0.06456539708700042,0.06462798617821697,0.0948666268191582,0.33827064479669033,0.46995466134703134
2024-10-13,62870.02,-0.0053332935199566596,57.14,35.49524057043978,21.644759429560217,0.04985708823410627,0.08471267707837753,0.058665406925736574,0.09845340380016031,0.3357219043050114,0.46414366455624484
2024-10-14,66083.99,0.04985708823410627,57.85,39.12677738846202,18.723222611537985,0.014872066015212413,0.034124626719418925,0.03149283584426515,0.03992819272680048,0.3130433847320893,0.4283857056928251
2024-10-15,67074.14,0.014872066015212413,58.15,38.79478216621418,19.355217833785815,0.008105370403983361,0.028771445584654685,-0.005618659634110911,0.01150095890381591,0.26384497227896775,0.4134717356058865
2024-10-16,67620.01,0.008105370403983361,57.44,38.14456079052592,19.295439209474075,-0.0029358340463448997,-0.003592810872818746,-0.007827805667531404,0.025579526873736665,0.29730791684980784,0.4349384735525458
2024-10-17,67421.78,-0.0029358340463448997,56.4,36.607020489038526,19.792979510961473,0.014813986471420449,6.258909121636795e-05,0.00885866079733405,0.11411760076829669,0.29534172064690584,0.45302422615263427
2024-10-18,68428.0,0.014813986471420449,55.18,36.12502058959976,19.054979410400243,-0.0007309621248523259,-0.02604727015264114,0.02217314154112156,0.10307962388894198,0.27242618008406605,0.4389178993630237
2024-10-19,68378.0,-0.0007309621248523259,54.7,35.70394346344468,18.996056536555322,0.00951888488044817,-0.002631790875153979,0.06179108649535145,0.11236744033331451,0.27990173037527394,0.38215707234487406
2024-10-20,69031.99,0.00951888488044817,56.66,35.77987424181844,20.880125758181556,-0.02425888605349007,-0.034390105218765794,0.04687272794655934,0.10503777260919882,0.2905910157391788,0.3448911016403266
2024-10-21,67377.5,-0.02425888605349007,55.69,37.017659829045805,18.672340170954193,0.0007195659176902162,-0.004234994794712853,0.042347002304138376,0.1763299623570048,0.33602752132974906,0.37266906492356017
2024-10-22,67426.0,0.0007195659176902162,55.77,37.01604655980861,18.753953440191395,-0.01129587277243706,0.008796071706117483,0.030238640640941273,0.2736426586184734,0.3771674725115115,0.3666859628801597
2024-10-23,66668.65,-0.01129587277243706,56.29,37.255081203692036,19.034918796307963,0.02268451715263484,0.048220411693762504,0.03978799687442379,0.2770564973792749,0.3942935181318426,0.35610088126974776
2024-10-24,68198.28,0.02268451715263484,57.3,37.716909111945995,19.583090888054002,-0.022239429463163648,0.06442287737050523,0.008435356882535383,0.28155054888782427,0.359199677107633,0.33020908379399455
2024-10-25,66698.33,-0.022239429463163648,58.08,38.063854710064874,20.016145289935125,0.005896224370562871,0.08126283316532493,0.017119618537926873,0.26946363191307876,0.38376704298968956,0.39153596625594367
2024-10-26,67092.76,0.005896224370562871,55.36,36.567909633184556,18.792090366815444,0.013750632418520554,0.04658199709885102,0.033407332541268125,0.3051357225173393,0.3266309822722524,0.3933737165557469
2024-10-27,68021.7,0.013750632418520554,57.18,36.7336244835032,20.4463755164968,0.02812846721520796,0.021442568934823585,0.1052589399709627,0.28648305984957184,0.301583037757601,0.34234822654427194
2024-10-28,69962.21,0.02812846721520796,57.78,37.92279895352691,19.857201046473094,0.03888698282937757,-0.008432414819338915,0.0809064823478205,0.25025303854294456,0.3149659972203059,0.2985156641350859
2024-10-29,72736.42,0.03888698282937757,59.83,39.96470773145076,19.86529226854924,-0.005399473668343945,-0.05598752048797005,0.05057635383796313,0.21811064387992252,0.2737905341510106,0.2701875886996121
2024-10-30,72344.74,-0.005399473668343945,59.11,37.60994244057231,21.500057559427688,-0.02878461169591104,-0.06414321462739826,0.05816504466263954,0.24371828779261953,0.29799928912315965,0.25906304196977953
2024-10-31,70292.01,-0.02878461169591104,58.23,36.01565141706397,22.214348582936026,-0.011388795745506882,-0.013174664557583104,0.13398296005286647,0.29368051902561076,0.3159309454029641,0.2777028314226958
2024-11-01,69496.01,-0.011388795745506882,59.77,36.37319519554854,23.396804804451463,-0.0017465165389545408,0.0838163710361389,0.2434040179775322,0.3469288318705703,0.33534888985520794,0.29750459949762353
2024-11-02,69374.74,-0.0017465165389545408,60.26,36.4269134719592,23.833086528040795,-0.008668122839253566,0.08933889716715919,0.23726850050485115,0.35450552125741885,0.3231637791495784,0.3100478615104965
2024-11-03,68775.99,-0.008668122839253566,62.49,36.152681975828585,26.337318024171417,-0.013555167807772158,0.10656387432593296,0.27311519200528894,0.35076432022509774,0.33192653379371323,0.3436994606120453
2024-11-04,67850.01,-0.013555167807772158,64.97,36.61486898799269,28.355131012007305,0.02218393837390412,0.1223082592900376,0.25234401337515194,0.36664742445176274,0.3736431192683668,0.3694437143325076
2024-11-05,69372.01,0.02218393837390412,63.71,37.09388465694042,26.616115343059583,0.08560223984821512,0.14715762461044937,0.27172838997607124,0.29322364973098436,0.33466683385324114,0.34773147917234515
2024-11-06,75571.99,0.08560223984821512,55.97,46.57941645967018,9.390583540329821,0.0037760095920657505,0.1595876469413931,0.1812241198786092,0.19632409778663837,0.2774895100925229,0.26358520669891794
2024-11-07,75857.89,0.0037760095920657505,53.55,46.51221310804986,7.037786891950134,0.00855685431952021,0.14792960333769176,0.16934655619512412,0.23405951487248547,0.27462695155827815,0.2984182322304224
2024-11-08,76509.78,0.00855685431952021,49.85,45.10582296733248,4.7441770326675226,0.0021892171563324633,0.16655131767935574,0.16753429004195947,0.22321418031304754,0.2787864023069634,0.23682435504332588
2024-11-09,76677.46,0.0021892171563324633,50.54,44.91498267850714,5.625017321492862,0.04703330369431591,0.13003575408511417,0.18555324312998006,0.2398342444605202,0.2379493375980486,0.21490689521022432
2024-11-10,80370.01,0.04703330369431591,53.28,45.931382242528535,7.348617757471466,0.09803226217915882,0.12457076536562167,0.15969755897274437,0.18194798535009774,0.18386517817557477,0.1411348463844476
2024-11-11,88647.99,0.09803226217915882,61.52,55.57908082002583,5.940919179974173,-0.007882034011635572,0.021636472937215913,0.10352481389303815,0.09194487187767583,0.13168401655034107,0.06631631613912635
2024-11-12,87952.01,-0.007882034011635572,57.69,55.6819590458152,2.0080409541848,0.027178568661184198,0.02141695285743217,0.11723702075256781,0.08589527864472735,0.12842176025123347,0.07286604553290292
2024-11-13,90375.2,0.027178568661184198,58.54,54.24315400429275,4.296845995707251,-0.03432634643790914,0.0009829723626035205,0.07764912821980885,0.0588113417884244,0.11534232096073585,0.04510665277355432
2024-11-14,87325.59,-0.03432634643790914,59.46,56.40796659357906,3.0520334064209393,0.041568314974823425,0.05551748904486571,0.11430341107661089,0.12129910589321495,0.1496267633269188,0.07933822509428859
2024-11-15,91032.07,0.041568314974823425,56.29,57.55249412406778,-1.2624941240677785,-0.004902030249246929,0.035126793607122495,0.02149525975491319,0.06293844387716996,0.137630556702738,0.05896162111429022
2024-11-16,90586.92,-0.004902030249246929,56.84,57.61178672677042,-0.771786726770415,-0.008101554091419313,0.08188834095582204,0.015099977908029243,0.09626539021391377,0.15768250550572852,0.10382152722674988
2024-11-17,89855.99,-0.008101554091419313,57.23,57.91669142787419,-0.6866914278741945,0.006744588166355547,0.09582006789513542,0.06471295867736138,0.10528039536315408,0.16649171927895773,0.10683490024879724
2024-11-18,90464.08,0.006744588166355547,58.3,57.81590324721269,0.484096752787309,0.02020817024435305,0.07666615585720513,0.05567989027108813,0.11125211226500395,0.1022553419696002,0.14018275592616009
2024-11-19,92310.79,0.02020817024435305,58.25,57.94038737005772,0.3096126299422792,0.021177619537080205,0.058785922031744986,0.05428100133054022,0.052396094468068574,0.05430008590114782,0.12456397672802005
2024-11-20,94286.56,0.021177619537080205,60.18,56.74520908518213,3.4347909148178672,0.04185951709945262,-0.013631533852209499,0.022250426377353437,0.024167619202830476,0.036641543593811166,0.07205935564901794
2024-11-21,98317.12,0.04185951709945262,61.29,57.596831735925505,3.693168264074494,0.005830172847894076,-0.066788363047793,-0.01157994201536226,0.028159202657302998,-0.010481509631351721,0.03932051472044289
2024-11-22,98892.0,0.005830172847894076,60.78,57.010381760957884,3.769618239042117,-0.012409323871574746,-0.031107109217774244,-0.0313417421078404,0.011184739498665771,-0.03819263686209481,0.07076662138449089
2024-11-23,97672.4,-0.012409323871574746,60.89,57.582438024146676,3.307561975853325,0.002327936418892903,-0.0209862655861172,-0.0188377864313844,0.03769319274092707,-0.028990593313638457,0.059947315197830475
2024-11-24,97900.04,0.002327936418892903,64.09,56.37012758285701,7.719872417142994,-0.051239836346874276,-0.004504920701204961,0.006995694816604114,0.03532335225030797,0.007768923266254196,0.059581453804998935
2024-11-25,93010.01,-0.051239836346874276,60.65,60.61318127659094,0.036818723409055565,-0.011297312096130885,0.03588196022956273,0.041443184122256824,0.11613529694782487,0.0667427342834945,0.12001913387301931
2024-11-26,91965.16,-0.011297312096130885,61.23,61.09206223017964,0.1379377698203541,0.04151142667791282,0.05520842103243054,0.08116541230588459,0.14258252759769935,0.04076518878667102,0.1301366770774827
2024-11-27,95863.11,0.04151142667791282,59.73,61.76507648866042,-2.0350764886604225,-0.002288480239917697,-0.00023463289006634552,0.04056743668579277,0.10177876060159644,-0.016450333085219888,0.06811160916234633
2024-11-28,95643.98,-0.002288480239917697,57.55,61.04884790349718,-3.498847903497186,0.01880928130380514,0.0021484791547326087,0.05557222199391588,0.046575451698512155,-0.003602945451398394,0.06515178645487198
2024-11-29,97460.0,0.01880928130380514,56.11,60.90769188935767,-4.797691889357672,-0.010852955416106586,0.011500615517808881,-0.001884906862471586,1.9084570607688645e-05,-0.03893624715338012,0.03899495403729845
2024-11-30,96407.99,-0.010852955416106586,55.17,59.783793886001305,-4.613793886001304,0.008029148706736931,0.0055612238926938985,0.0019171928254770989,0.014391117216457812,-0.03822811398026828,0.07323352189353824
2024-12-01,97185.18,0.008029148706736931,57.2,59.269164591681,-2.0691645916809946,-0.013931627244584067,0.025956991273453855,0.03973914467266531,0.0010984323840106218,-0.03784429035758437,0.07469996536787271
2024-12-02,95840.62,-0.013931627244584067,55.94,59.75401800340172,-3.8140180034017206,9.463180488125695e-05,0.04080206957585892,0.042526481606506225,-0.006850894754254322,-0.01311591763908182,0.06648873936129227
2024-12-03,95849.69,9.463180488125695e-05,56.5,59.47271398308761,-2.9727139830876084,0.028161417666881416,0.05342374283918307,0.05653097917231152,-0.010152806882253975,0.011772926818332162,0.0487253333812568
2024-12-04,98587.32,0.028161417666881416,57.17,59.07797437215887,-1.9079743721588684,-0.01679234704122157,-0.013385522380280658,0.028327657433703905,0.0007732284496501651,-0.004199404935859097,-0.009035055008090667
2024-12-05,96945.63,-0.01679234704122157,60.96,59.82960440685686,1.1303955931431418,0.028424916087496886,-0.0036440310672169888,0.0746921128255681,0.025299550161237763,0.013064645319104066,0.04421760571800393
2024-12-06,99740.84,0.028424916087496886,58.44,53.90580056466895,4.534199435331047,0.0009134510578209996,0.013782153399211267,0.06141711529181481,-0.040400223519213484,-0.013904303393604892,-0.02002770988375545
2024-12-07,99831.99,0.0009134510578209996,57.2,53.951612299019494,3.2483877009805084,0.012716305068205409,0.0017244120306471166,0.06121132391580373,-0.05701776977101257,0.023791280672144345,-0.03278126514846397
2024-12-08,101109.59,0.012716305068205409,58.15,53.96532177091713,4.18467822908287,-0.03864784755258232,0.0031072363331282604,-0.008996770295403675,-0.05917516744531419,-0.0419620472636374,-0.04609891586989419
2024-12-09,97276.47,-0.03864784755258232,59.74,56.46395881359621,3.276041186403795,-0.007050855728157901,0.04171317981398438,0.0019039914330793231,-0.037051340290908445,-0.023042442387824175,-0.007943658369339199
2024-12-10,96593.0,-0.007050855728157901,59.18,54.87917726421744,4.30082273578256,0.04585110055392514,0.07833614389278491,0.01247392439098076,-0.04014530680574529,-0.04273033179112709,-0.0015360729891662312
2024-12-11,101125.0,0.04585110055392514,59.94,46.215061301976036,13.724938698023962,-0.011144290310743151,0.04763496189260337,-0.03864071228865464,-0.07758343503024959,-0.06536770041121465,-0.04720045191758763
2024-12-12,100004.29,-0.011144290310743151,60.14,46.33793180390487,13.802068196095128,0.014099129370686553,0.05948691188515644,-0.049377376360760505,-0.055642399245587955,-0.055555714718330505,-0.026070497367198006
2024-12-13,101424.25,0.014099129370686553,59.0,45.74525712760461,13.25474287239539,-4.190407172619906e-05,-0.012104006628532109,-0.06668378605456546,-0.044758052353979276,-0.07023566818718145,-0.05727711276817375
2024-12-14,101420.0,-4.190407172619906e-05,58.08,43.66020354209178,14.41979645790822,0.02957210835064263,-0.03980918838090523,-0.02755442898405369,-0.03252706236956292,-0.07028853823263014,-0.035630345105506084
2024-12-15,104463.99,0.02957210835064263,60.65,42.58236861654162,18.067631383458377,0.015149918553743596,-0.06586221950180432,-0.0493925626643303,-0.061627467506463945,-0.0786689355884477,-0.07817941603878752
2024-12-16,106058.66,0.015149918553743596,58.54,42.59434264985293,15.945657350147066,0.0007076596818099129,-0.08627567418125819,-0.10181733881102825,-0.07532141868541962,-0.053860978278978566,-0.0841350362026526
2024-12-17,106133.74,0.0007076596818099129,59.51,42.35680797023059,17.153192029769407,-0.057491789143001994,-0.10886428824591711,-0.11822909368681625,-0.0374200432436593,-0.05965681903016042,-0.08413341251694877
2024-12-18,100204.01,-0.057491789143001994,60.49,47.71596229741144,12.774037702588565,-0.02774708582409932,-0.05457977942603351,-0.05017839714991047,-0.032965276968233634,0.03792741395655996,-0.041630356017803405
2024-12-19,97461.86,-0.02774708582409932,59.6,48.51611780005897,11.08388219994103,0.003519077229743537,0.012254759396851375,-0.038955331723987734,-0.024946433820903408,0.07026389082687229,-0.01740722707150403
2024-12-20,97805.44,0.003519077229743537,58.87,48.01730579441858,10.852694205581415,-0.005263536125710258,0.016469656837473864,-0.05261923119672602,-0.05520425618210776,0.035417812055206846,-0.02205724217142718
2024-12-21,97291.99,-0.005263536125710258,57.87,45.757868761458994,12.112131238541004,-0.02188095438284901,-0.01554166462977024,-0.03894272274159491,-0.026726988122559924,0.04980202435179466,-0.006678710554999856
2024-12-22,95186.27,-0.02188095438284901,61.43,46.304484899423734,15.125515100576266,-0.0032072803231183965,-0.009364805440899317,-0.006265022884827425,-0.006178338357569911,0.10895925824658576,0.032239181852302554
2024-12-23,94881.47,-0.0032072803231183965,60.21,46.13688382102592,14.073116178974082,0.039087452998785556,0.004401382276122875,0.02192573370058621,-0.003551882132615917,0.088937908511469,0.013613593654085373
2024-12-24,98663.58,0.039087452998785556,60.83,48.20268155347042,12.627318446529578,0.007733974670366026,-0.05121009112083926,-0.004972633385509189,-0.042734109248576346,0.051812530538744794,-0.021644411661922644
2024-12-25,99429.6,0.007733974670366026,60.73,44.521206131526036,16.20879386847396,-0.03727485759295436,-0.06908888803420003,-0.012234904842133623,-0.029276372924117312,0.05327639958952486,-0.03241776945619103
2024-12-26,95791.6,-0.03727485759295436,61.67,46.3968279741034,15.2731720258966,-0.01570409519397809,-0.023401058111824826,0.026495920125608665,0.047956360532049776,0.08937148829081171,-0.045258269614957915
2024-12-27,94299.03,-0.01570409519397809,60.61,44.41460153764648,16.195398462353516,0.010558907393903796,0.0030997825560717396,0.08080905044315699,0.058572274656655925,0.08456194224756627,-0.06143200792840464
2024-12-28,95300.0,0.010558907393903796,60.43,44.577022907980826,15.852977092019174,-0.016524020398176582,0.01752435142446318,0.017213120181676866,0.08810581110647052,0.06875473190627042,-0.12324017317899752
2024-12-29,93738.2,-0.016524020398176582,60.48,44.39191633949229,16.088083660507706,-0.010144822242994745,0.04623745773532992,0.014008897903084346,0.10921922255086011,0.07793120119067863,-0.10128889503303921
2024-12-30,92792.05,-0.010144822242994745,61.03,44.373415611213005,16.656584388786996,0.008412972329420844,0.05685398319206626,-0.002585024985381726,0.08803704325193294,0.11146163587380659,-0.09538687034913368
2024-12-31,93576.0,0.008412972329420844,60.03,44.38374490392892,15.64625509607108,0.010796745473918477,0.049896978237433345,0.012215734619035013,0.08874474709338966,0.11254425572545713,-0.08367657662863531
2025-01-01,94591.79,0.010796745473918477,61.1,44.33335999978777,16.766640000212234,0.02498347626229524,0.0777092678870851,8.668452725753457e-05,0.11522428113141327,0.07960465700037414,-0.0034076804142651185
2025-01-02,96984.79,0.02498347626229524,59.85,45.21223017068412,14.637769829315879,0.012189085912690157,-0.00031123124278646663,-0.025477615833202107,0.06701217481088287,0.0369524065629247,-0.11764491786604647
2025-01-03,98174.18,0.012189085912690157,58.74,44.31180668263936,14.428193317360645,0.00047170321374159335,-0.03222855983224572,-0.037761475863067134,0.056785163924254076,-0.004835650072231513,-0.1175992211202761
2025-01-04,98220.5,0.00047170321374159335,59.87,43.90251879483581,15.96748120516419,0.001455967374787927,-0.05943900817744813,-0.017041468081983674,0.06551130443165858,0.031152960398899924,-0.08069440482138321
2025-01-05,98363.61,0.001455967374787927,59.55,42.730661681807234,16.819338318192763,0.03860903512357024,-0.03768124361839848,0.021460440406441128,0.06287556816520312,-0.0061234064901504945,-0.08961831253420818
2025-01-06,102235.6,0.03860903512357024,58.84,44.853740881727646,13.986259118272358,-0.05303702286757633,-0.07762258335982773,-0.022236775786501052,0.0037528918044093668,-0.05657254582060825,-0.1636531709560182
2025-01-07,96954.61,-0.05303702286757633,58.6,48.37906222089255,10.220937779107452,-0.019728242676769096,-0.02516638459041579,0.07089269092479367,0.05154161172459364,-0.004136868606256725,-0.11731234624574563
2025-01-08,95060.61,-0.019728242676769096,58.47,46.975363024602494,11.494636975397505,-0.026738745131460816,-0.005532916030821563,0.09521032464777578,0.06392230328759436,0.015098784018485032,-0.16335030516904125
2025-01-09,92552.49,-0.026738745131460816,59.47,47.8014771696388,11.668522830361198,0.02321373193383758,0.04239754009546431,0.0906220682373147,0.11404666085918838,0.04119425880196091,-0.1634569167413729
2025-01-10,94726.11,0.02321373193383758,57.19,45.584386385219204,11.605613614780793,-0.0013323046178590012,0.05914168402483945,0.07652901247435467,0.10032852110642221,0.018167248493627074,-0.1329567426504777
2025-01-11,94599.99,-0.0013323046178590012,58.52,45.469836881096434,13.05016311890357,-0.0005808240981644022,0.055385807573326507,0.11513759660415575,0.07951797247311668,0.029485217351132555,-0.12265593599958008
2025-01-12,94545.06,-0.0005808240981644022,59.57,45.108554618299465,14.461445381700536,-9.477411717486941e-05,0.0960590755152093,0.092489790644085,0.0624300223961269,0.012958555419007759,-0.15319902945797179
2025-01-13,94536.1,-9.477411717486941e-05,61.25,45.108219200319716,16.141780799680284,0.021191710994825055,0.10074324067859718,0.09454663978732122,0.032925825790835694,0.03465819312712409,-0.11836499329359551
2025-01-14,96560.86,0.021191710994825055,60.87,44.45188250904338,16.418117490956618,0.03995787586321273,0.048224528141850215,0.08255277251364226,0.04819442848088368,0.000489519549660233,-0.13533573154325346
2025-01-15,100497.35,0.03995787586321273,61.23,46.49549449616034,14.734505503839657,-0.005088181069371945,0.01738732844951504,0.041415127758762015,-0.02758384689659154,-0.03027405792367397,-0.19643007952696245
2025-01-16,99987.3,-0.005088181069371945,62.56,46.50017430442384,16.059825695576166,0.04009244384371839,0.059751789030829075,0.025989667590910433,-0.034335770034107115,-0.024476593486788285,-0.1741069814458708
2025-01-17,104077.48,0.04009244384371839,63.19,44.2432018600301,18.9467981399699,0.004589391046213007,-0.0035692848711244736,-0.019351079200200016,-0.07502955953105031,-0.07955776997436331,-0.2297342950165444
2025-01-18,104556.23,0.004589391046213007,65.04,42.99456774360089,22.045432256399117,-0.0313270015419219,-0.006196600891276119,-0.031288021360181405,-0.08011154062929067,-0.08767111789837626,-0.18558926848381307
2025-01-19,101331.57,-0.0313270015419219,66.02,44.56391810464419,21.45608189535581,0.009120676170877553,0.034328244371791876,0.023424592621873717,-0.049427809435353694,-0.057475054226633966,-0.18492533762553326
2025-01-20,102260.01,0.009120676170877553,63.07,44.58456075004628,18.48543924995372,0.03727627951194209,0.0240277993092468,0.02379950863206756,-0.0583617639807275,-0.05648073490679445,-0.1956454230452658
2025-01-21,106143.82,0.03727627951194209,61.92,45.42035425236253,16.499645747637473,-0.023228630058235156,-0.03376212143991881,-0.03561962413103906,-0.08565237925302313,-0.07672007639428315,-0.23587770919202572
2025-01-22,103706.66,-0.023228630058235156,61.04,46.32761676143159,14.712383238568407,0.001962075026061362,-0.015781794329075706,-0.03005976824795809,-0.07953123522507716,-0.07532431485738357,-0.18626019815283087
2025-01-23,103910.34,0.001962075026061362,60.08,44.4562662051512,15.623733794848796,0.009197843721146091,-0.02509142046890545,-0.061620813996485516,-0.05988844666019706,-0.07345694220066738,-0.1719106473505266
2025-01-24,104870.5,0.009197843721146091,57.37,44.48408492940914,12.885915070590855,-0.0011797688916675218,-0.01090365174991833,-0.03435834403275857,-0.08206325296398195,-0.08569416904571585,-0.18231255525633136
2025-01-25,104746.85,-0.0011797688916675218,57.05,42.220050791439725,14.829949208560272,-0.02051364123722352,-0.00022829067717940882,-0.06899897465535354,-0.0716891856824359,-0.13462975790576956,-0.18668293645658418
2025-01-26,102620.0,-0.02051364123722352,56.74,42.52018741278592,14.21981258721408,-0.005248302947392055,-0.0018575026911204148,-0.06032543762501754,-0.050466261077698644,-0.14599395017597086,-0.16246149480292693
2025-01-27,102082.83,-0.005248302947392055,59.05,42.515506996922994,16.534493003077003,-0.00734755111376838,-0.014277973918882548,-0.055678480330850294,-0.06020669077416323,-0.1919949050852679,-0.18992832011802935
2025-01-28,101335.52,-0.00734755111376838,56.2,42.12303575822738,14.076964241772622,0.023385612440133215,-0.03652939352758022,-0.04882351926910925,-0.05638309653819479,-0.1792200962237178,-0.2038398321934346
2025-01-29,103733.24,0.023385612440133215,56.15,42.46865280465958,13.681347195340422,0.009495592181071395,-0.02345469228284041,-0.0728524020572274,-0.0808996468485076,-0.2068485062229402,-0.23035865493925273
2025-01-30,104722.94,0.009495592181071395,54.64,42.48540061444239,12.15459938555761,-0.022142853251164527,-0.06877068397817429,-0.08216127261279504,-0.08028024353886196,-0.1962208323540924,-0.23791390456902894
2025-01-31,102429.56,-0.022142853251164527,53.32,43.34284802723572,9.977151972764283,-0.017668774175154188,-0.058467934933897285,-0.050032755121984046,-0.04110045226324402,-0.0830123374146392,-0.18466299570699132
2025-02-01,100635.65,-0.017668774175154188,53.77,43.129943979886804,10.6400560201132,-0.029598970722466058,-0.04140050641196791,-0.04947146697711906,-0.045264546609425416,-0.15459732442897112,-0.19851084025303684
2025-02-02,97700.59,-0.029598970722466058,57.04,44.24240655038533,12.797593449614666,0.03646031368487303,-0.012294125741529187,0.0017323673362884678,-0.011836128204181806,-0.11276357104804453,-0.16050293074248417
2025-02-03,101328.52,0.03646031368487303,56.94,46.05110501645158,10.888894983548418,-0.03582039951426249,-0.04939770977438715,-0.047704908931223367,-0.05133582501295719,-0.11184736522028309,-0.1888630444012971
2025-02-04,97763.13,-0.03582039951426249,54.03,47.81051736493851,6.219482635061489,-0.011840104206887518,-0.013390588634620917,-0.0026902110270823516,-0.06563078325041595,-0.08349490604405765,-0.15724601364649377
2025-02-05,96612.43,-0.011840104206887518,54.53,45.85414709459306,8.675852905406941,-0.0006013456532248081,0.00843517981191308,0.009859176547318908,-0.08566851255095326,-0.10708062513540989,-0.20850090066422544
2025-02-06,96554.35,-0.0006013456532248081,53.91,41.97574356777638,11.93425643222362,-0.0004925900520273397,-0.00807096056515131,-0.004528210443312921,-0.13631642475441752,-0.11317547763948885,-0.1985940125763042
2025-02-07,96506.8,-0.0004925900520273397,54.17,41.37780784222012,12.79219215777988,-0.0006432703479849328,0.014026493077817495,-0.007559577269085524,-0.13039657695460846,-0.17844908918752622,-0.23464673695083632
2025-02-08,96444.74,-0.0006432703479849328,53.49,40.19982135570166,13.290178644298344,0.00018672162550374357,0.0016928008431636235,-0.008047244791280205,-0.13399610416571275,-0.20465117554333379,-0.1547762767814857
2025-02-09,96462.75,0.00018672162550374357,54.21,39.420052994246255,14.789947005753746,0.009985664239646478,0.010700377607538402,0.0018810290739331176,-0.11405955974129728,-0.1511239911441047,-0.19205112627298757
2025-02-10,97430.82,0.009985664239646478,52.4,39.54749817576505,12.852501824234949,-0.017107486030289196,0.0014239967354056672,0.008932302858740035,-0.032979582292655074,-0.1521411533507126,-0.15520846786477194
2025-02-11,95778.2,-0.017107486030289196,54.23,40.046730090263736,14.18326990973626,0.021604863590941464,0.003542750121838226,0.004206920367693656,-0.105125857451852,-0.1661575848769795,-0.11613149275787565
2025-02-12,97869.99,0.021604863590941464,51.49,40.720426660900515,10.769573339099487,-0.012976962582638805,-0.021586070346903182,-0.013568495540470264,-0.11449593838433295,-0.15302318642071955,-0.1556843986990844
2025-02-13,96608.14,-0.012976962582638805,51.76,40.346793740461514,11.413206259538484,0.009194298389878524,-0.00974004563444399,-0.0036309160817338216,-0.06414245628905965,-0.13582525109291366,-0.1328282682064697
2025-02-14,97500.48,0.009194298389878524,51.6,37.86428375888488,13.73571624111512,0.0007092833675137415,-0.00881934853360545,-0.06294057222333359,-0.08080469501697522,-0.16615602160328843,-0.15328772319836087
2025-02-15,97569.66,0.0007092833675137415,50.61,37.839667944150136,12.770332055849863,-0.014988732643856638,0.007508306123334207,-0.09552768909827217,-0.11693980168272873,-0.1496303879590825,-0.14938818431176307
2025-02-16,96118.12,-0.014988732643856638,50.84,35.124986072883544,15.715013927116459,-0.0035239568777999416,0.0006641702458552654,-0.1317882143111046,-0.10864726719617586,-0.15017652504218107,-0.12353960668444816
2025-02-17,95780.0,-0.0035239568777999416,51.73,35.02833711717874,16.70166288282126,-0.001130937870179614,0.008017574806432757,-0.12283699968552293,-0.17088951191844065,-0.09791815058543676,-0.12560193204561315
2025-02-18,95671.74,-0.001130937870179614,51.69,33.496485261287475,18.193514738712523,0.010114995490717066,0.0061091295527100084,-0.12594885937443254,-0.19660393075205349,-0.12745028339889927,-0.11736611072424255
2025-02-19,96644.37,0.010114995490717066,49.15,33.53948699118763,15.610513008812369,0.017036938024453396,-0.054121223689728305,-0.1159405888152304,-0.15300502021803775,-0.1391646881384713,-0.12628021036196238
2025-02-20,98305.0,0.017036938024453396,49.06,31.22869202508455,17.831307974915454,-0.021832868521335577,-0.10303599522160652,-0.0419118851513951,-0.16107345620945254,-0.1591576327977425,-0.11625062868194744
2025-02-21,96181.98,-0.021832868521335577,48.71,31.115999679360762,17.59400032063924,0.0038294476827775473,-0.13245238455696,-0.10933277781954566,-0.1703645052446731,-0.11093588329544726,-0.02889050432632713
2025-02-22,96551.01,0.0038294476827775473,48.6,31.156576103475242,17.44342389652476,-0.0030393831239023624,-0.13085457449195584,-0.10092744284386267,-0.13945469088024923,-0.09845370514985916,-0.030068482446716775
2025-02-23,96258.0,-0.0030393831239023624,48.47,30.87193101510951,17.59806898489049,-0.05011535775172125,-0.13205798892714268,-0.06051154020732584,-0.13219433501117975,-0.0966183862106155,-0.0239450918707727
2025-02-24,91552.88,-0.05011535775172125,47.07,34.982513017861386,12.087486982138614,-0.03187783350742482,-0.06181936512550224,-0.01786412279364164,-0.10321544937995476,-0.05205317855081457,0.03314954313671993
2025-02-25,88680.4,-0.03187783350742482,48.59,35.851547155763654,12.738452844236349,-0.05124925785668909,0.06112411007021125,-0.021412112584456577,-0.054102698860810275,-0.016467544626956016,0.06491452001231368
2025-02-26,84250.09,-0.05124925785668909,51.3,39.334619620224984,11.965380379775013,0.005427257747781736,0.023119606737414214,0.023140947114928742,-0.018388310731076378,0.0020665849672385703,0.10683456067481972
2025-02-27,84708.58,0.005427257747781736,51.68,39.54769487601486,12.132305123985141,-0.004242797559089215,0.029927131648093016,-0.048052512232917725,0.024918849100086238,-0.02461973596971676,0.11477767365788377
2025-02-28,84349.94,-0.004242797559089215,50.76,38.1143469610774,12.645653038922596,0.020123266049919198,0.07154644871981669,-0.07065507137762098,-0.0015014240244666695,-0.02351014871631248,0.1110490867830629
2025-03-01,86064.53,0.020123266049919198,51.87,38.8625018796887,13.007498120311297,0.09106564168828868,0.04395524233186045,-0.03706443140280738,-0.023224099323240842,-0.04169307221493648,0.0900255337629339
2025-03-02,94270.0,0.09106564168828868,55.47,51.23450355194685,4.235496448053148,-0.08925376118948612,-0.08253622265466798,-0.11916157105805746,-0.11724574764634733,-0.10165065829235209,0.023275437884654963
2025-03-03,86220.61,-0.08925376118948612,59.48,59.3040295290875,0.17597047091249607,0.01223478265846054,2.134037751436689e-05,-0.06103172742512745,-0.0016031054759015374,-0.04391351582406565,0.1166375517325606
2025-03-04,87281.98,0.01223478265846054,62.07,58.92762438374749,3.142375616252508,0.03737651951263447,-0.0779796438810109,-0.038527248036386574,0.0024737376940035735,-0.04773935969443957,0.09370742002729546
2025-03-05,90606.01,0.03737651951263447,57.6,59.00714213182402,-1.407142131824017,-0.007467940338037054,-0.14220152009743783,-0.07168279480385394,-0.036106846003289596,-0.07701567918101396,0.03972328740544975
2025-03-06,89931.89,-0.007467940338037054,60.15,57.8844052868639,2.265594713136096,-0.035425823298239754,-0.081019673734668,-0.08535132658631314,-0.03418905575717286,-0.07375110760243604,0.052016980331356856
2025-03-07,86801.75,-0.035425823298239754,54.32,58.924169674387585,-4.604169674387585,-0.006696198157303769,-0.03662534840338962,-0.0326905862763537,0.0049445679575006295,-0.1014202755288155,0.10937159606735404
2025-03-08,86222.45,-0.006696198157303769,52.66,58.92388114040673,-6.263881140406731,-0.06576620160006473,-0.06105306780264197,-0.04152925784600513,-0.021074362147690102,-0.08541853493681531,0.11809477747329432
2025-03-09,80734.37,-0.06576620160006473,59.1,62.74161210371718,-3.641612103717179,-0.026845356703792466,0.03945239584462418,0.07297136133300396,0.023432776263201036,-0.056197647763310044,0.24610119120276208
2025-03-10,78595.86,-0.026845356703792466,59.57,63.12724979619806,-3.5572497961980574,0.053713906024732805,0.07051872529358374,0.0691536473531543,0.04714492266130857,0.04987489876184813,0.27013798320697147
2025-03-11,82932.99,0.053713906024732805,59.9,66.54379168604817,-6.643791686048168,0.008968502033038601,-0.004331652851645308,0.013840332079566524,-0.004628640812129042,-0.0409271351288828,0.23411177055013638
2025-03-12,83680.12,0.008968502033038601,56.89,66.51582897281719,-9.625828972817189,-0.03112391755655611,0.0039347621270357635,0.0019158234117101136,0.01751091276570543,-0.0030673145140592897,0.21852343698642085
2025-03-13,81115.78,-0.03112391755655611,55.42,67.01287108373327,-11.592871083733272,0.034739262047201416,0.019523809956636676,0.0594286219492259,0.017118211601061854,0.0500260921191039,0.23682339686505202
2025-03-14,83983.2,0.034739262047201416,53.27,67.83403865942834,-14.564038659428341,0.004220972745167093,0.03351896548837961,0.041000985730390134,-0.009212111658052951,-0.002661212278364803,0.2147709310121189
2025-03-15,84338.44,0.004220972745167093,53.46,67.84795453575438,-14.387954535754382,-0.021136472120496245,-0.0013650779404296015,0.03557594880056434,-0.005332884377159952,0.002996982886444023,0.20480941382098894
2025-03-16,82574.53,-0.021136472120496245,55.27,67.90071467821825,-12.630714678218247,0.017234917011719673,0.018171984931211665,0.05116227082914026,0.011600218983877158,0.012868298404927616,0.22841501549347823
2025-03-17,84010.03,0.017234917011719673,52.86,68.33537959245423,-15.475379592454232,-0.015534869726955195,-0.0020189387153258164,0.03763515423385432,-0.06872968925246173,0.00024220364731951122,0.2082865631156836
2025-03-18,82715.03,-0.015534869726955195,52.0,68.3457043029965,-16.345704302996495,0.04873441757894435,0.03990481199258906,0.020454895698315018,-0.043889277090810114,0.02663691835773297,0.22055651777676474
2025-03-19,86845.94,0.04873441757894435,54.02,70.8723760292369,-16.8523760292369,-0.030663070683642123,0.007482020242010355,-0.04953858506980292,-0.12916900909631393,-0.027683781460176346,0.20357966499789557
2025-03-20,84223.39,-0.030663070683642123,49.01,71.50628130444187,-22.496281304441872,-0.0015994092488549737,0.036941026740993775,-0.02200872469184574,-0.0192787485913061,0.010084172674656777,0.2259369924597868
2025-03-21,84088.79,-0.0015994092488549737,47.56,71.32664061991825,-23.76664061991825,-0.00295600663481781,0.03299028589792843,-0.018468972891695568,-0.05476746720844925,0.012884477776508987,0.23955262377947978
2025-03-22,83840.59,-0.00295600663481781,48.88,70.90158143617946,-22.021581436179453,0.026388880980959678,0.03965409294917997,0.015595089353995315,-0.004983137925769335,0.042907004115795136,0.2683214048385076
2025-03-23,86082.5,0.026388880980959678,47.66,71.47956721226365,-23.81956721226365,0.01631162582836565,-0.019449916294274203,-0.042310410348164046,-0.009402529830121933,0.08204537896912018,0.26047663658674464
2025-03-24,87498.16,0.01631162582836565,47.32,71.77698850449286,-24.456988504492863,-0.0012040641846587025,-0.05702060531181344,-0.050213097388443095,-0.04366219800875487,0.06838522270314243,0.20418142038384746
2025-03-25,87392.87,-0.0012040641846587025,46.99,71.78062336633971,-24.79062336633971,-0.005550150091920325,-0.05894975143283968,-0.0409088331777243,-0.03257896591412025,0.07267329433984283,0.20951055613177794
2025-03-26,86909.17,-0.005550150091920325,47.27,69.77122023523825,-22.501220235238243,0.0037078004164337397,-0.05145925878962416,-0.03956205184526311,-0.03829397242421258,0.08520272168753457,0.2265227715628468
2025-03-27,87232.01,0.0037078004164337397,46.61,68.93535236781327,-22.325352367813267,-0.0327151282624945,-0.02405900359518482,-0.10636484348631606,-0.037392950586534746,0.08138206463926975,0.22675749603599574
2025-03-28,84424.38,-0.0327151282624945,49.93,67.50803795449012,-17.57803795449012,-0.02125906318917359,-0.022860494053890006,-0.06434417278912515,0.0061820226594180155,0.10476797570758122,0.2549242511284777
2025-03-29,82648.54,-0.02125906318917359,52.69,67.8821474242925,-15.1921474242925,-0.003133210305684936,0.006807507923370197,-0.07963042402651102,0.021854803609626647,0.13939740962760055,0.2655114682331538
2025-03-30,82389.99,-0.003133210305684936,53.73,67.87621008492896,-14.14621008492896,0.0019403425512951966,0.018040918255115224,0.0027299761005396134,0.03209289736650258,0.13455923549937543,0.2480973532136304
2025-03-31,82550.01,0.0019403425512951966,51.02,67.46637999544465,-16.44637999544465,0.031108055610873073,0.011897206944360892,-0.0362984943167537,0.03135345066820462,0.13171860597787044,0.23084698250478877
2025-04-01,85158.34,0.031108055610873073,49.55,59.947351911566535,-10.397351911566538,-0.031516618721199686,-0.0823058398911314,-0.020578227279764667,0.027311914761799887,0.12492609617700709,0.2055535724387269
2025-04-02,82516.29,-0.031516618721199686,52.61,52.452996660062865,0.157003339937134,0.008408938788086611,-0.04148367873523529,0.03290788051804211,0.12435578931728429,0.1605510675566263,0.2470690943559689
2025-04-03,83213.09,0.008408938788086611,52.64,52.34410377217107,0.29589622782893343,0.008100200026060092,-0.08643793194988136,0.006550899379688203,0.11859832009158558,0.14144677972173508,0.2406938117252141
2025-04-04,83889.87,0.008100200026060092,55.33,50.56689057964371,4.763109420356287,-0.004203368759459135,-0.015310942154575763,0.00832986726360403,0.1135821275175672,0.11673896658646374,0.22803848489557932
2025-04-05,83537.99,-0.004203368759459135,57.1,50.539883055091074,6.560116944908927,-0.06309499122461922,-0.04819570126111474,0.0012680794210505157,0.12476477353279773,0.12576808793379293,0.22576762852867255
2025-04-06,78430.0,-0.06309499122461922,59.59,53.638082732988245,5.951917267011758,0.00930554243469642,0.061727612611366584,0.0689718928997813,0.18774690812558587,0.21079187159616958,0.2579378048422552
2025-04-07,79163.24,0.00930554243469642,52.79,53.80373926046854,-1.0137392604685402,-0.036545314426559464,0.07439155925327724,0.07052619544854315,0.16911214849670642,0.20351331241010967,0.2756484720725881
2025-04-08,76322.42,-0.036545314426559464,56.84,50.35794015011199,6.48205984988801,0.0792271898213657,0.09298883132956942,0.10148522763613764,0.21902783365411163,0.3022988389660721,0.3242384083472931
2025-04-09,82615.22,0.0792271898213657,53.04,56.90395471796873,-3.8639547179687312,-0.03708812786599812,0.023640809418179635,0.029362921265962946,0.13182925939883586,0.22026308444512338,0.2467325811888673
2025-04-10,79607.3,-0.03708812786599812,53.56,55.2400261346174,-1.6800261346173997,0.04682832264786211,0.0494637806821651,0.0676519449849583,0.1680171002946242,0.2750389056790192,0.325762805404277
2025-04-11,83423.84,0.04682832264786211,56.15,57.65697483870331,-1.5069748387033144,0.02196948907660708,0.007244280288414559,0.047890142041564526,0.14550432345677183,0.2215907515004802,0.2790375945142801
2025-04-12,85276.9,0.02196948907660708,57.45,57.0323836982903,0.41761630170969966,-0.01794804235026729,-0.0038653638047342603,0.09144790879924217,0.12764318703858427,0.18679730474594816,0.24218318191694385
2025-04-13,83760.0,-0.01794804235026729,56.29,56.14102209545075,0.1489779045492483,0.009879167909975919,0.00849639630656807,0.11204742071189736,0.13489588034204691,0.2174321432904837,0.2323818354799319
2025-04-14,84591.58,0.009879167909975919,53.31,56.230310658459146,-2.920310658459144,-0.01126515660201265,0.005722111847783151,0.10525226025396316,0.10840909932285979,0.20181243093454493,0.22623236994721882
2025-04-15,83643.99,-0.01126515660201265,50.39,55.865322180230116,-5.4753221802301155,0.0046088222541115645,0.018188164302793037,0.1234966941117472,0.12450000851274247,0.21554671708855067,0.23133194802212426
2025-04-16,84030.38,0.0046088222541115645,49.58,55.56001985294415,-5.980019852944153,0.010859844983458261,0.04064586175314981,0.11877501522580457,0.14181997869638835,0.20804435946836417,0.22842324605411837
2025-04-17,84947.91,0.010859844983458261,48.41,55.39321654080139,-6.9832165408013935,-0.005586282238964962,0.09531327260397626,0.09858595304816326,0.1329871169615666,0.1939195994190318,0.2288684628781682
2025-04-18,84474.69,-0.005586282238964962,46.9,52.66089345122741,-5.76089345122741,0.0071048834511910006,0.10355102440532912,0.117542606017974,0.20081361132993455,0.23126344645807193,0.21322465376096653
2025-04-19,85077.01,0.0071048834511910006,48.29,51.61369295142922,-3.323692951429223,0.001200895852997235,0.09953014840617984,0.1024663381328729,0.1909001631791605,0.21585281978513005,0.2093246363549102
2025-04-20,85179.24,0.001200895852997235,48.2,51.609718058931364,-3.409718058931361,0.027066519704468342,0.105308529808954,0.10036515530966586,0.20738696069406098,0.2266681460029708,0.20594578648459166
2025-04-21,87516.23,0.027066519704468342,49.16,52.41795517056224,-3.2579551705622407,0.06552725583428472,0.07812915347265459,0.09761418141520727,0.17370060945891572,0.2254144007227125,0.1657936561691376
2025-04-22,93442.99,0.06552725583428472,52.69,56.390663812563155,-3.700663812563157,0.0026514695623879032,0.0032726804441868245,0.03619527823934207,0.09534939594670608,0.1784312576176245,0.0887971725854982
2025-04-23,93691.08,0.0026514695623879032,49.42,56.17761970258724,-6.757619702587242,0.0030840074520417163,0.013991581612644695,0.02284845963014955,0.10538472257858642,0.13579619768070506,0.07475974279674959
2025-04-24,93980.47,0.0030840074520417163,46.96,56.16406237439734,-9.204062374397338,0.006979277255771385,0.002936189726692887,0.0031568390688965983,0.09656017068058188,0.13683726179193514,0.11404859473350028
2025-04-25,94638.68,0.006979277255771385,46.45,56.110219194344005,-9.660219194344002,-0.00011285663183106742,-0.004943374499288299,0.0010033144009952586,0.09205002297680354,0.14132004987531227,0.1141555345986598
2025-04-26,94628.0,-0.00011285663183106742,47.42,56.11860828920426,-8.698608289204259,-0.009329217194183042,0.019485027942552514,0.02304496347058376,0.08926934424255965,0.145375431396726,0.12605335477501733
2025-04-27,93749.3,-0.009329217194183042,48.12,54.8386826051762,-6.718682605176205,0.013370370730845774,0.03292259779515508,0.03440116391340332,0.09533364637086862,0.15015627542089657,0.13170974751352807
2025-04-28,95011.18,0.013370370730845774,47.05,54.19801257088969,-7.148012570889691,-0.007971384433910092,0.008856878017504687,0.08327100531196056,0.113720840440098,0.12611405860555328,0.119278933050985
2025-04-29,94256.82,-0.007971384433910092,46.17,54.31157724896172,-8.141577248961717,-0.0009002869702098006,0.00022064934220354313,0.08843382504628758,0.11338648165225722,0.11353811771425498,0.12957554861322348
2025-04-30,94172.0,-0.0009002869702098006,45.07,54.337362497937725,-9.267362497937725,0.024315545810009744,0.005946688900283388,0.1070218053843951,0.12630299069330503,0.09912837652691837,0.14030778784521247
2025-05-01,96489.91,0.024315545810009744,46.11,53.967396996750225,-7.857396996750225,0.004108352658419524,0.0035599355280310774,0.07608642804370844,0.1278002193075053,0.08062747626171982,0.10475861360434234
2025-05-02,96887.14,0.004108352658419524,44.54,52.41104973610303,-7.871049736103032,-0.01069534904680462,0.00147856611824807,0.059154117707363986,0.1422359793782825,0.08651802679934265,0.08687965148711635
2025-05-03,95856.42,-0.01069534904680462,44.9,52.693652364549756,-7.793652364549757,-0.016607613109211234,0.0744141272944557,0.08253626294843684,0.11294773805055558,0.09924703200347902,0.12711566598766613
2025-05-04,94277.62,-0.016607613109211234,46.35,53.196245024309185,-6.846245024309184,0.004825752587870044,0.08821317570408387,0.09340333161168525,0.13368042272303862,0.1112995183091156,0.15045466246252057
2025-05-05,94733.68,0.004825752587870044,45.0,53.1164891174887,-8.116489117488698,0.021928792437757434,0.10107511648411154,0.09104670857580825,0.14031673547431708,0.09999954059487964,0.13091570416708262
2025-05-06,96834.02,0.021928792437757434,46.66,47.54762745853652,-0.8876274585365209,0.0020269832486365163,0.07252649251567718,0.06622438077197587,0.12233046792614234,0.04714593324608563,0.11096561220963166
2025-05-07,97030.5,0.0020269832486365163,44.8,47.5714897378429,-2.7714897378429058,0.06224021212940302,0.05767555158911574,0.06093248245746529,0.11575511150749332,0.07213515966247845,0.11819086545831993
2025-05-08,103261.6,0.06224021212940302,45.88,48.71230831971239,-2.8323083197123893,-0.002808564699583071,0.008122135653980966,0.030449835128137433,0.042843053293592795,0.02193956938122102,0.047297323645940456
2025-05-09,102971.99,-0.002808564699583071,45.78,41.99647455422469,3.783525445775311,0.017687693367897713,0.005190155907601211,0.024952656605969615,0.025104292667967487,0.026469496743743923,0.056184017462022805
2025-05-10,104809.53,0.017687693367897713,47.13,38.93751102894002,8.19248897105998,-0.0066198315306769204,-0.010028407908303448,0.01928118530890991,-0.00789342885747664,0.050723899725257815,0.05949129771083751
2025-05-11,104118.0,-0.0066198315306769204,47.13,36.83756120288452,10.29243879711548,-0.012823957677924932,-0.0063021117437014815,0.051713791263796834,0.0045410482180114715,0.0574468430138,0.10815152295089349
2025-05-12,102791.32,-0.012823957677924932,45.44,37.102148985265885,8.337851014734113,0.012686796194268246,0.003256930868349378,0.0830818616709185,0.027363909091978743,0.05538587717099569,0.1339727964778018
2025-05-13,104103.72,0.012686796194268246,45.71,36.11550296373737,9.59449703626263,-0.005740544445962826,0.022327699474156294,0.030411475102118724,0.01671076905504226,0.014949692189448228,0.12036954078327475
2025-05-14,103507.82,-0.005740544445962826,44.79,36.38223219843322,8.407767801566777,0.0024691295519930546,0.01976250069836823,0.04027709111135334,0.01789618669743043,0.024419939012673864,0.1402041300192493
2025-05-15,103763.71,0.0024691295519930546,43.57,35.83871077945577,7.731289220544227,-0.0028935353660749547,0.029309593217213183,0.04927002689850881,0.008952832019071467,0.015785230933573605,0.14405107122358707
2025-05-16,103463.9,-0.0028935353660749547,42.62,36.00175289906605,6.618247100933949,-0.0032649150658740724,0.05801590300749814,0.05610608715416644,-0.019078447525890156,0.020378886585754232,0.12940967582696145
2025-05-17,103126.65,-0.0032649150658740724,43.13,36.14476676266485,6.985233237335152,0.03175756480007516,0.07982493080256894,0.05482262905002801,0.01120267720501325,0.034948863459136406,0.14005518585509832
2025-05-18,106454.26,0.03175756480007516,44.93,36.91665298755045,8.01334701244955,-0.00830574322175089,0.00808377562796226,0.012393218165455348,-0.008510265746916318,-0.018038792697105396,0.11289907254856786
2025-05-19,105573.74,-0.00830574322175089,44.02,37.33733021423895,6.68266978576105,0.012016222070838009,0.020514590412984944,0.00015163606199785837,0.0015168401377744008,-0.006528183430219834,0.11063780626966158
2025-05-20,106849.99,0.012016222070838009,47.3,37.30936419767829,9.990635802321705,0.025812774424210004,0.01996043368129545,-0.027174614166386564,0.031442714416347994,-0.020722359518379137,0.0979018839783663
2025-05-21,109643.99,0.025812774424210004,49.13,37.229320396363335,11.900679603636668,0.018544112729196732,-0.00190981585333187,-0.04717274304578538,0.005733051750003261,-0.05962074455357487,0.06719869163604067
2025-05-22,111696.21,0.018544112729196732,49.0,31.12038465418623,17.87961534581377,-0.03998359037453153,-0.02500230175254111,-0.05571795257893977,-0.027695984499922714,-0.08963408503212628,0.049636826758073876
2025-05-23,107318.3,-0.03998359037453153,47.68,35.00019801809544,12.67980198190456,0.004125071563271793,0.004309442537492918,-0.013700706047076478,-0.015461782912670398,-0.06103645488395545,0.11131265233887651
2025-05-24,107761.91,0.004125071563271793,47.53,34.9966811847747,12.5333188152253,0.011462065339148519,-0.020362954350987256,-0.022380904413922927,-0.015857152098679383,-0.02278866705843484,0.09714662722969804
2025-05-25,109004.19,0.011462065339148519,48.96,35.070517627279024,13.889482372720977,0.003942524889582682,-0.04713504784768219,-0.04031719487943736,-0.0334847959649351,-0.027164515276652437,0.08218388108212607
2025-05-26,109434.79,0.003942524889582682,47.13,35.02881836993586,12.10118163006414,-0.004548373170012511,-0.04526292719245368,-0.07518453468005662,-0.03572720056841212,-0.01932207662170867,0.07208186498825148
2025-05-27,108938.17,-0.004548373170012511,46.16,34.824416011712756,11.33558398828724,-0.0106718460844975,-0.03071565082639883,-0.04361995184501477,-0.0198737655908915,-0.018446527907368462,0.07922587006089225
2025-05-28,107781.78,-0.0106718460844975,45.24,35.10613483684854,10.133865163151462,-0.02054732532520838,-0.018010148584569566,-0.02090348391237168,-0.030432010862560643,-0.006835125554568257,0.1025007994922106
2025-05-29,105589.75,-0.02054732532520838,44.61,35.91970775013835,8.690292249861649,-0.015310028157546413,-0.0020179500629358416,0.0013652040757765286,-0.006679819492217591,0.01603743089896852,0.11165131847719867
2025-05-30,103985.48,-0.015310028157546413,43.71,36.50317464351879,7.206825356481211,0.00581464554481119,0.006817852968244662,0.058617328582734544,0.006452254648007526,0.04117941131829412,0.1260159752315271
2025-05-31,104591.88,0.00581464554481119,45.88,35.72497966453314,10.155020335466865,0.00999890319604234,-0.029921607487603107,0.05290579479578863,-0.012448001507789396,0.02413113734262254,0.11926439842154829
2025-06-01,105642.93,0.00999890319604234,45.13,35.81344080566689,9.31655919433311,0.002033656157331761,-0.012904301018616112,0.02802196807901704,-0.03391613245318641,0.0003616246877737369,0.09148950428682692
2025-06-02,105857.99,0.002033656157331761,42.97,35.479644680952276,7.490355319047723,-0.004555126803574655,-0.002893335327802282,-0.0017610768655939336,-0.04733574883687887,0.027868633984187128,0.06792241887981826
2025-06-03,105376.89,-0.004555126803574655,42.83,34.87199532218232,7.9580046778176765,-0.00647422512636591,0.0033831541387122016,0.006523752315243528,-0.000407762644511811,0.03915514415340498,0.06582178469154655
2025-06-04,104696.86,-0.00647422512636591,42.18,35.0487922006849,7.131207799315099,-0.030924814911036578,0.051799475614489714,0.006832398914502238,0.013152679602785019,0.030916163572202983,0.08695922506858896
2025-06-05,101508.68,-0.030924814911036578,42.76,36.344051887988,6.415948112011996,0.027016209665029333,0.08282740228339157,0.03945733411164448,0.055862458058348045,0.06381967896354605,0.12526622358053432
2025-06-06,104288.44,0.027016209665029333,40.53,37.41298199004574,3.1170180099542577,0.012044621848145592,0.040926269097632986,0.023746186254123253,0.025173423937646405,0.04605570579584149,0.09017543734671489
2025-06-07,105552.15,0.012044621848145592,41.99,30.825827479611405,11.164172520388597,0.0017213626629398297,0.0011322584622081786,-0.009528526950188977,0.01406835835780352,0.025357754264719447,0.08565976513275064
2025-06-08,105734.0,0.0017213626629398297,42.52,30.800840377851625,11.719159622148378,0.0419420963494116,0.0031405981765311583,-0.008045023567994134,0.014672226823192086,0.0297145207182789,0.10527358619814368
2025-06-09,110263.02,0.0419420963494116,42.61,33.509240774631685,9.100759225368314,0.00010311175786527098,-0.044967076699987646,-0.05216507393472703,-0.017437917264440324,0.008767397985579718,0.05652146082878359
2025-06-10,110274.39,0.00010311175786527098,42.51,33.38119233760659,9.128807662393406,-0.01488492352072924,-0.043370068171747246,-0.06535379630357804,-0.028774657453165986,0.05070467993709351,0.05459547181030065
2025-06-11,108645.12,-0.01488492352072924,40.95,33.50324210505471,7.446757894945293,-0.027749388787279217,-0.0171800828435099,-0.061938100532203465,-0.02766034339124321,0.07858691930680613,0.09350432745809409
2025-06-12,105671.73,-0.027749388787279217,39.77,34.8002682484456,4.969731751554406,0.0037297023772628075,-0.010660785412397327,-0.04557467197128495,0.029629710849781162,0.10541984859382653,0.11614394821978048
2025-06-13,106066.59,0.0037297023772628075,40.72,34.743310765978634,5.976689234021364,-0.0061655785271072,-0.011185621744525462,-0.006931514959755358,0.03263139183816155,0.11578419100657547,0.12454134794359734
2025-06-14,105414.64,-0.0061655785271072,41.0,34.82199525422395,6.17800474577605,0.0017001202861056666,-0.007197997234739558,0.0063202806882827626,0.024083764657700846,0.1282658402900135,0.1567710321477274
2025-06-15,105594.01,0.0017001202861056666,42.32,34.80207460693595,7.517925393064047,0.011305061807508105,-0.021983728131830957,0.016405123946703543,0.02436234485190167,0.10903078924120725,0.11358061929532787
2025-06-16,106794.53,0.011305061807508105,41.73,34.964931905664606,6.7650680943353905,-0.02123009135616664,-0.04475801768869373,0.0014272376835231353,0.022309519541718337,0.10510632239596193,0.0941864659573836
2025-06-17,104551.17,-0.02123009135616664,41.62,34.001419030534095,7.618580969465903,0.0032048660451346727,-0.034913886558887795,0.023596885307992484,0.03488628121490853,0.13093786524567327,0.11574554124823838
2025-06-18,104886.78,0.0032048660451346727,39.69,33.910072019497015,5.779927980502983,-0.0021779540173212956,0.00425410678476993,0.022717250391186203,0.037759544286273136,0.11716598969988141,0.11274809842520488
2025-06-19,104658.59,-0.0021779540173212956,40.21,33.625794543937815,6.584205456062186,-0.013085610610985732,0.01351827792302215,0.03472715667028669,0.06093247192030685,0.11862424349674545,0.10484207696523162
2025-06-20,103297.99,-0.013085610610985732,40.67,32.484957598846535,8.185042401153467,-0.011469227749354669,0.03838885207853433,0.03657913885041203,0.11605847624067164,0.12681943618961555,0.08864484324711264
2025-06-21,102120.01,-0.011469227749354669,41.01,31.776609730326115,9.233390269673883,-0.011385960226360707,0.046185255372216696,0.034277757140960236,0.14052501983900967,0.13927091179020018,0.11242623029453669
2025-06-22,100963.87,-0.011385960226360707,41.75,29.03330526410315,12.716694735896851,0.0423728593887924,0.05851077186688011,0.07520438282106609,0.1509945205651116,0.17234910722283198,0.10819049157354663
2025-06-23,105333.93,0.0423728593887924,39.86,32.86673570571043,6.993264294289567,0.007086217120930923,0.018463143606416106,0.039562906797916894,0.12271570596633093,0.11993529428813289,0.10449110161040348
2025-06-24,106083.0,0.007086217120930923,39.05,32.69693755232929,6.353062447670709,0.011784963544526447,0.02120887874726437,0.017763483969418063,0.12194555960173083,0.10934839635877852,0.08451221585040246
2025-06-25,107340.58,0.011784963544526447,38.4,32.95668821123634,5.443311788763658,-0.003672824455672302,-0.0018097132281224698,0.00795722090519811,0.0926256652945038,0.09140394160996017,0.05573958943053787
2025-06-26,106947.06,-0.003672824455672302,38.25,32.945046211504305,5.304953788495695,0.0009395562683027059,-0.011907498231256627,0.020882281858195184,0.10367908471243889,0.09767239796826073,0.029163902312301582
2025-06-27,107047.59,0.0009395562683027059,38.1,32.74728298528637,5.352717014713633,0.0023252311283283957,0.016693610954185818,0.011289395906916024,0.10734097993768088,0.10933592504677887,0.04310902433528962
2025-06-28,107296.79,0.0023252311283283957,37.71,31.92246795991318,5.78753204008682,0.00983195226177919,0.021099763191500618,0.01504229389508691,0.09444873930869531,0.0956138875782302,0.03628913720966495
2025-06-29,108356.93,0.00983195226177919,39.34,31.554298355452314,7.785701644547689,-0.011233628430860393,-0.0034453947778464757,0.026205315250020143,0.08389708682645886,0.08483656391323302,0.038117026239069186
2025-06-30,107146.5,-0.011233628430860393,37.74,31.811518671174056,5.928481328825946,-0.01377060945880646,0.00976693413332041,0.0794793373902596,0.09024029733920363,0.09513326107892577,0.011422523287166052
2025-07-01,105681.14,-0.01377060945880646,37.61,32.026534968532694,5.5834650314673056,0.029540665453745153,0.032789780089451645,0.10624726269804945,0.10499315464924003,0.09112787959905322,0.029234967632694047
2025-07-02,108849.6,0.029540665453745153,39.6,33.641554677501816,5.958445322498186,0.006731383365643195,-0.005404215047269964,0.07579013774404547,0.09714472440176598,0.04005378489563115,-0.005557464822671219
2025-07-03,109584.78,0.006731383365643195,39.08,33.640332863281806,5.439667136718192,-0.014713205707567904,-0.006057469296413879,0.08315279916841403,0.08037238749021611,0.026666640538141582,-0.0031748176534816663
2025-07-04,107984.24,-0.014713205707567904,39.21,34.000954512024244,5.209045487975757,0.001978700480306492,0.029650710027866446,0.10418207563231274,0.09158491238936055,0.05604306149638599,0.02970482871141173
2025-07-05,108198.12,0.001978700480306492,38.54,31.986130858984453,6.5538691410155465,0.009252236497324772,0.06971240325693902,0.08466844438930568,0.08344672070476215,0.061446544616988286,0.031903832807178845
2025-07-06,109203.84,0.009252236497324772,38.98,30.825507002348413,8.154492997651584,-0.008653329682976453,0.07345748260859762,0.08279680285424369,0.07679011611006564,0.044119731550873405,0.013886435100786857
2025-07-07,108262.94,-0.008653329682976453,38.71,30.78276379237281,7.9272362076271925,0.0060781291164992805,0.08119435279131526,0.09605158403076484,0.09804652913986295,0.06030201086803122,0.02189944925834597
2025-07-08,108922.98,0.0060781291164992805,37.77,30.835835944471025,6.934164055528978,0.02099497361671242,0.08921026846482773,0.07940644541360839,0.08057159368314337,0.0755590654798648,0.011546698644376633
2025-07-09,111233.99,0.02099497361671242,38.77,28.07668616559843,10.693313834401572,0.042040393709379065,0.07453136560444612,0.0576917715764387,0.05863124866321296,0.047754062843203895,-0.0008692667897959236
2025-07-10,116010.0,0.042040393709379065,38.62,31.627253759277448,6.99274624072255,0.012997315848983379,0.014956041132366482,0.010760959948944018,0.01565392368866627,0.0038907918732071635,-0.03459528181323182
2025-07-11,117527.66,0.012997315848983379,37.94,31.281540838227478,6.6584591617725195,-0.0009164595002588142,0.00933932024564589,-0.001254108048809416,-0.015119383098996127,0.014917408151287979,-0.05223315195085378
2025-07-12,117420.0,-0.0009164595002588142,38.2,29.342947515712442,8.85705248428756,0.014094044790011754,0.014857231239449408,0.021354586657720498,-0.03573635284841423,0.010724099625953967,-0.029909741006331918
2025-07-13,119086.64,0.014094044790011754,39.24,29.5743254158202,9.6656745841798,0.006316070756330813,-0.009803823051219525,-0.0027804116781979266,-0.05648615863027235,0.008757156937021872,-0.030730646825723282
2025-07-14,119841.18,0.006316070756330813,39.64,29.361494006728616,10.278505993271384,-0.01753493076270058,-0.01683959402800761,-0.012597163242952203,-0.04813901413592666,0.028505191857713927,-0.032323586542652584
2025-07-15,117758.09,-0.01753493076270058,39.93,30.324616626728478,9.605383373271522,0.0073805949622627876,-0.004195081183422644,-0.0012217236845435218,-0.023221899772317294,0.004549830054120636,-0.015746889068854932
2025-07-16,118630.43,0.0073805949622627876,39.07,30.230422737739737,8.839577262260264,0.004601451493544703,-0.010593428294455488,-0.0060066867441780514,-0.038677071303370184,-0.010919856438578316,-0.028753091733434544
2025-07-17,119177.56,0.004601451493544703,39.47,28.883113571984094,10.586886428015905,-0.01056700950065718,0.006497355418270907,0.001994945109098095,-0.03574957316273353,-0.015192323997434878,-0.03264601134644635
2025-07-18,117924.84,-0.01056700950065718,38.6,29.348433581993604,9.251566418006398,-0.0007197002204572691,0.007023411373021418,0.0011651482695349807,-0.0038473799337434937,-0.00441789127467653,-0.00967892699599892
2025-07-19,117840.0,-0.0007197002204572691,38.85,29.314777264892,9.535222735108,-0.004890417918115617,0.004242430785055222,0.0009394770867742647,-0.009937708733234706,-0.013782166531513804,-0.011886471615682211
2025-07-20,117265.12,-0.004890417918115617,39.23,28.850921387156838,10.37907861284316,0.0009822478512299445,0.002973357498878941,0.004892963739722252,-0.006870168075736755,-0.03817459294250291,-0.0016351552992932986
2025-07-21,117380.36,0.0009822478512299445,39.28,28.320319919100296,10.959680080899705,0.021692235206271098,0.0045867415502772535,-0.01386527505018671,0.016171516200097494,-0.026844681495663474,-0.015003581264730784
2025-07-22,119954.42,0.021692235206271098,39.88,28.31436116602496,11.565638833975044,-0.01004095354590667,-0.004502410309172996,-0.05709093950613472,-0.01063048703176643,-0.06415861564928534,-0.036235411326234854
2025-07-23,118755.99,-0.01004095354590667,39.58,25.547696904204127,14.032303095795871,-0.0035006808084234644,-0.005858263103486619,-0.053705746952074425,0.011537568615219899,-0.015444192677729424,-0.030120879622517277
2025-07-24,118340.99,-0.0035006808084234644,40.22,25.653285600575256,14.566714399424743,-0.006159491204291899,-0.00330295369828114,-0.03554185089297446,0.04110235510066623,-0.024836180508376056,-0.04927574781750299
2025-07-25,117614.31,-0.006159491204291899,40.06,25.700180270546003,14.359819729454,0.002595631902628258,0.0019196062408431292,-0.02200017608777377,0.00577155373866426,-0.0356643521794223,-0.04892255478315624
2025-07-26,117919.99,0.002595631902628258,38.95,25.586655544068925,13.363344455931077,0.012603083346820849,-0.018452016600464145,-0.032670384559192134,-0.004913169694400163,-0.06850849565595915,-0.039905394634972356
2025-07-27,119415.55,0.012603083346820849,39.37,25.77649900036113,13.593500999638866,-0.011396806340220294,-0.052588529196961914,-0.037744518271831624,-0.01718726910653287,-0.06622690071148925,-0.09131209649187666
2025-07-28,118062.32,-0.011396806340220294,38.27,26.303880416052955,11.966119583947048,-0.0009453714032179849,-0.047847483848587995,-0.005012528203278473,-0.005583039544211408,-0.05932475036856523,-0.07397879188210847
2025-07-29,117950.76,-0.0009453714032179849,35.18,26.229734492379436,8.950265507620564,-0.0009369312651676298,-0.0322388971946935,-0.010877185820008968,-0.014721643618287965,-0.04671953767416382,-0.07310282967215233
2025-07-30,117840.3,-0.0009369312651676298,36.13,25.77696434701221,10.353035652987792,-0.01777599093867902,-0.023919782328617082,-0.011763131815459005,-0.04306755668222506,-0.08371073779175972,-0.04936867776346232
2025-07-31,115764.08,-0.01777599093867902,36.73,26.143551915896555,10.586448084103441,-0.02153342924967691,-0.014218367958728172,0.030036791250284207,-0.012979406445476658,-0.06189291196635917,-0.012623124790212992
2025-08-01,113297.93,-0.02153342924967691,38.42,25.692831528643843,12.727168471356158,-0.006655760991846373,0.014844010925130099,0.04646045247436829,-0.007067676143150518,-0.04561124971830237,0.006606669048696032
2025-08-02,112546.35,-0.006655760991846373,37.67,25.76318089225344,11.90681910774656,0.014663215250676506,0.04283495564530933,0.06524331556729432,0.038261554274345105,-0.029841458191623246,0.05234910604254035
2025-08-03,114208.8,0.014663215250676506,38.03,25.56096680716372,12.469033192836282,0.007382183600908784,0.021361711374684345,0.07664420599364069,0.0107056703845985,-0.026338232784974252,0.05386493969100181
2025-08-04,115055.03,0.007382183600908784,36.89,25.63329547629757,11.256704523702432,-0.008074576568790104,0.012156650513157893,0.027771729826438038,-0.013664176091648425,-0.029542711809809434,0.06051034260304891
2025-08-05,114129.75,-0.008074576568790104,36.01,25.73269387136628,10.277306128633718,0.00752894963418136,0.04425515920901219,0.02775721486479197,-0.03583811109676691,-0.030233296450086548,0.069884878884467
2025-08-06,114992.27,0.00752894963418136,34.88,25.549797553890464,9.330202446109539,0.021335183728332856,0.031616441549238004,0.020557249165298757,-0.028482382439657526,-0.03840256160968525,0.07123299822921322
2025-08-07,117472.01,0.021335183728332856,35.66,26.395778385406132,9.264221614593865,-0.00681002901994848,0.022408359921984807,-0.0005705113409329318,-0.05431222216528665,-0.06401236683548817,0.05937822701478267
2025-08-08,116674.74,-0.00681002901994848,34.4,25.71926166688155,8.680738333118448,-0.0018228772606176664,0.05528249461895615,-0.003844457798278995,-0.03584235185415475,-0.04862332963299981,0.03914835620184082
2025-08-09,116462.25,-0.0018228772606176664,35.07,21.18854850270806,13.881451497291941,0.024023932127064194,0.015615079313279948,-0.03130442486676605,-0.07194760597630061,-0.038486073686438985,0.057101884626315894
2025-08-10,119294.01,0.024023932127064194,35.43,22.348686756782836,13.081313243217163,-0.005109768025592827,-0.01649794434422041,-0.043016197695760865,-0.09192970321664326,-0.06715056010214177,0.0196588775187306
2025-08-11,118686.0,-0.005109768025592827,36.56,22.429788545667765,14.130211454332237,0.01212710210107966,-0.011059192383939443,-0.05352812861751881,-0.09207170219267055,-0.04063384063228588,-0.05109110058410163
2025-08-12,120134.08,0.01212710210107966,36.94,22.288220599934416,14.651779400065582,0.02606410567702287,-0.022978871262917935,-0.02698176129294922,-0.09508477375891747,-0.03948780376274515,-0.0822869971783769
2025-08-13,123306.43,0.02606410567702287,39.0,23.961623670067475,15.038376329932525,-0.04149029256629387,-0.05912695241723534,-0.06593853560904218,-0.10298243877861483,-0.06082877840036651,-0.07009875473716846
2025-08-14,118295.09,-0.04149029256629387,36.95,27.485392119849518,9.464607880150485,-0.008089091530436165,-0.046919504180046194,-0.041435905918086456,-0.05731444163624736,-0.02029671912297557,-0.02680769966295366
2025-08-15,117342.05,-0.008089091530436165,35.37,27.502960409426375,7.867039590573622,0.00032898393468814104,-0.026518253351540646,-0.06359532596155888,-0.05799051131487841,-0.017833235294856226,-0.037456359684317174
2025-08-16,117380.66,0.00032898393468814104,35.38,27.446192404151876,7.933807595848126,0.00020742322210116917,-0.04246893623357956,-0.04903963160495627,-0.0589598107749839,-0.01745368734901147,-0.05802684643485717
2025-08-17,117405.01,0.00020742322210116917,35.83,27.205355418560316,8.624644581439682,-0.010083975477294543,-0.004002890030031486,-0.05374171082435372,-0.06344185549455512,-0.00526103572132239,-0.0817010811498761
2025-08-18,116227.05,-0.010083975477294543,35.99,27.42534645169698,8.56465354830302,-0.02928284432910472,-0.00681158319180704,-0.03199789405587575,-0.04477887183472071,0.0018956949158315931,-0.08804232867147042
2025-08-19,112872.94,-0.02928284432910472,37.87,29.184709536633353,8.685290463366645,0.012312159298069381,0.005483598261959537,-0.040643181109534555,-0.007181648819672828,0.03653943764320961,-0.05170635452402507
2025-08-20,114271.24,0.012312159298069381,36.02,29.56003674609562,6.459963253904384,-0.01562169894735077,-0.03707707261001843,-0.04891350552088241,-0.02413436240638079,0.01184110023093269,-0.050509668007215104
2025-08-21,112500.0,-0.01562169894735077,37.25,28.827760259947993,8.422239740052007,0.03867346942564925,-0.006570695371376915,-0.03854357357515174,0.012894287985233031,0.02792320432305049,-0.017647335606868726
2025-08-22,116935.99,0.03867346942564925,34.53,31.9822326028297,2.5477673971703005,-0.012892668639070098,-0.04973882079432244,-0.06810301246596825,-0.012506042469795822,-0.014676686944787853,-0.07674305160671137
2025-08-23,115438.05,-0.012892668639070098,34.97,32.25917737203739,2.7108226279626066,-0.016987662875338143,-0.02518631086406891,-0.03704390316957265,0.0051097572086757845,-0.024439567309126935,-0.07061602272714652
2025-08-24,113493.59,-0.016987662875338143,35.07,32.70248177079203,2.367518229207967,-0.03024851157390859,-0.04612677937149429,-0.015878535718160905,0.021139186795111,-0.01325820260373394,-0.0305555189375936
2025-08-25,110111.98,-0.03024851157390859,37.93,34.196640685720226,3.733359314279774,0.014884678291290745,-0.01183643291086417,0.005604814646680466,0.04576209066670277,0.028603101020986794,0.008076406414229572
2025-08-26,111763.22,0.014884678291290745,36.92,34.33064967679065,2.589350323209352,-0.004494655997296272,-0.03197287820377503,-0.009920179170027618,0.031585944255944916,-0.025085195780387405,-0.0010469565163288008
2025-08-27,111262.01,-0.004494655997296272,37.91,34.18221657080684,3.7277834291931597,0.011659841291183425,-0.018364191671646008,-0.009700144670201406,0.04848067510303144,-0.014654041513543237,0.029205595492650616
2025-08-28,112566.9,0.011659841291183425,36.95,34.51131220658376,2.4386877934162428,-0.037928131382763526,-0.011857592305503938,-0.012780977778844963,0.03389358897170746,-0.026383291997988504,0.013594589504013922
2025-08-29,108377.4,-0.037928131382763526,38.98,36.76596713414148,2.2140328658585133,0.004041834886721533,0.030248243653333194,0.03346153228986173,0.07718261875274428,0.0343420600282974,0.040869161913466914
2025-08-30,108816.33,0.004041834886721533,38.85,36.43280950307903,2.4171904969209734,-0.005251767001620112,0.01744124755754444,0.024779143114501613,0.0607546057518152,0.049269787176146176,0.011012477448513348
2025-08-31,108246.35,-0.005251767001620112,39.62,35.77434305794159,3.8456569420584046,0.009114030534832748,0.022052699033747215,0.051437861560384775,0.06646677789820234,0.0522179187669984,0.000706748628930309
2025-09-01,109237.42,0.009114030534832748,39.5,35.91204308055782,3.5879569194421777,0.018166440657325495,0.008664047001444408,0.05559696999617242,0.0534263255211805,0.0821905642341636,0.003386777180864121
2025-09-02,111240.01,0.018166440657325495,38.8,36.12445006801332,2.67554993198668,0.004177704576073605,-0.0009233854733412192,0.042153660378248435,0.012604335860445823,0.08020317247597605,-0.010318332720806657
2025-09-03,111705.71,0.004177704576073605,38.85,36.04944193077211,2.8005580692278897,-0.008765161209067217,0.0032132886365283404,0.0370177225132719,0.0026203331144270675,0.09005305441285834,-0.010484225832035824
2025-09-04,110730.87,-0.008765161209067217,38.48,36.06733645451949,2.4126635454805054,-0.0006403155254173387,0.0073378955569569785,0.040157276020022295,0.02299828637430643,0.10011817533455356,-0.038178262991549756
2025-09-05,110659.99,-0.0006403155254173387,37.49,35.93629752837947,1.5537024716205323,-0.00427462149747006,0.029385162526637365,0.04150612342597253,-0.015165016610359686,0.10963555983889847,-0.08643093815887976
2025-09-06,110187.97,-0.00427462149747006,37.76,35.00603241766551,2.7539675823344894,0.008579008182539868,0.046932922994727816,0.05818081977323285,-0.004953896843341731,0.12339059385027082,-0.05890166734543166
2025-09-07,111137.34,0.008579008182539868,37.9,35.158509007489904,2.7414909925100943,0.008314378685943164,0.04307704585158946,0.04667456675055241,-0.013602314219143439,0.08777168583484062,-0.0922259341744488
2025-09-08,112065.23,0.008314378685943164,37.08,35.32857183226207,1.7514281677379273,-0.004640554288638579,0.03380443387674337,0.043721086462882544,0.0008805277384357699,0.09558795831275486,-0.08106549230611518
2025-09-09,111546.39,-0.004640554288638579,37.36,34.1390308419727,3.2209691580273017,0.02140695144426305,0.03281938046306512,0.035975462637313584,0.02449064406164466,0.08680943762087234,-0.08640440251355198
2025-09-10,113960.0,0.02140695144426305,36.95,35.09779594439967,1.8522040556003319,0.013273138970620393,0.01212096089933497,0.015028916337817562,0.0007800572066137233,-0.010457259951815762,-0.08452912257573936
2025-09-11,115482.69,0.013273138970620393,35.26,35.15543070391749,0.10456929608250931,0.004723131039401508,0.011247896778504827,-0.0021706444749919262,0.02659359423799128,-0.04279919341563175,-0.08557656000037482
2025-09-12,116029.42,0.004723131039401508,34.66,33.82643132392313,0.8335686760768652,-0.0009582332889029288,0.0035975208989627587,-0.029549324517802615,0.03804951209772772,-0.009269976336801967,-0.11854223690410962
2025-09-13,115918.29,-0.0009582332889029288,34.28,30.68344383593241,3.5965561640675894,-0.005625607702316823,0.009916652586138983,-0.03439738939884483,0.05303533189958654,-0.006510980539978106,-0.13130701654633697
2025-09-14,115268.01,-0.005625607702316823,34.41,30.620506888155546,3.7894931118444504,0.0007085318805328954,0.003156082174248266,-0.017158989645715866,0.05996089931453136,-0.019623124389460962,-0.1451743050044594
2025-09-15,115349.71,0.0007085318805328954,35.56,30.622233659354947,4.937766340645055,0.01240007484979025,0.0029079554384823982,-0.05667114003633221,0.06812943641292604,-0.04057315908584571,-0.19837442142980283
2025-09-16,116788.96,0.01240007484979025,36.52,30.95529829487304,5.564701705126964,-0.00292724484014056,-0.013418541253496948,-0.06313471661657458,0.0652097740770381,-0.07644004542855372,-0.20023505663887642
2025-09-17,116447.59,-0.00292724484014056,35.55,30.767052820493145,4.782947179506852,0.005360898398273296,-0.03314684541676557,-0.060276880969695856,0.04109711908428831,-0.08993802358730202,-0.21136910226609978
2025-09-18,117073.53,0.005360898398273296,33.81,28.92607047273424,4.883929527265764,-0.01238617811420754,-0.044314041984984016,-0.04284055872444677,0.05186687184987243,-0.0882457921672347,-0.23867787361216516
2025-09-19,115632.38,-0.01238617811420754,34.78,29.016560994958667,5.763439005041334,0.0004604051447670285,-0.020315071819964326,-0.011484818575668923,0.050833974983558856,-0.06235076823814781,-0.21823779918758782
2025-09-20,115685.63,0.0004604051447670285,34.48,28.435708117770954,6.044291882229043,-0.003926421842189095,-0.05957909547481481,-0.014248859131203839,-0.02548617628963322,-0.04557053992991922,-0.2339369782697983
2025-09-21,115232.29,-0.003926421842189095,34.51,24.99306612417683,9.516933875823167,-0.02265554900340918,-0.04971617536307781,0.028764238712983208,-0.04062854894063973,-0.062066364661923536,-0.28522037331950423
2025-09-22,112650.99,-0.02265554900340918,35.17,25.821153953786286,9.348846046213716,-0.005806298169945148,-0.027130035552930473,0.06759883661553033,0.02027934818100075,-0.04617645541801961,-0.2801216508903365
2025-09-23,111998.8,-0.005806298169945148,37.14,25.227410562586677,11.912589437413324,0.011612792050812145,0.001473483260537048,0.08743272129843138,0.027886408858866833,-0.017297316333859676,-0.27890347996691367
2025-09-24,113307.0,0.011612792050812145,36.17,23.141744602286696,13.028255397713306,-0.03880361851008345,0.008830253244295216,0.07711988896024723,-0.0024641347437449924,-0.02052669460675724,-0.2661487649302401
2025-09-25,108994.49,-0.03880361851008345,37.69,26.41894521286986,11.271054787130137,0.0059364982695478945,0.045330236343610775,0.12480057644925825,0.016097980950486604,0.024038239264058583,-0.21055710963251953
2025-09-26,109643.46,0.0059364982695478945,36.55,26.487596067910303,10.062403932089694,-6.94091932618392e-05,0.07848041407606085,0.12834449069361265,-0.013305328811979046,0.04385963700619384,-0.22708231227541129
2025-09-27,109635.85,-6.94091932618392e-05,36.42,26.12398823859706,10.29601176140294,0.022797220643522374,0.09472887216846064,0.10137400005398417,-0.029661142617606072,0.039977881502002405,-0.19199115903987896
2025-09-28,112163.95,0.022797220643522374,35.86,23.765296083371783,12.094703916628216,0.01896956203457031,0.08595923803789414,0.0947074305743192,-0.04540523344278782,0.00652710188516949,-0.2054390706905344
2025-09-29,114311.96,0.01896956203457031,36.39,24.551730680845086,11.838269319154914,-0.0023036354107678868,0.06828963571595184,0.06231879355922779,-0.050865949662478774,-0.038257309727632846,-0.22927351652872796
2025-09-30,114048.93,-0.0023036354107678868,36.61,24.46893391047931,12.141066089520688,0.03908667600199795,0.0794703401056473,-0.011237317158429377,-0.03132168079871528,-0.0515111701380681,-0.2279414093434301
2025-10-01,118594.99,0.03908667600199795,37.12,27.634407746580525,9.485592253419473,0.01617904889913795,0.04986407661755165,-0.06939278765362294,-0.09083060337490663,-0.07880378705329949,-0.2719125512385168
2025-10-02,120529.35,0.01617904889913795,37.39,27.50315308504006,9.88684691495994,0.014027586512955888,0.00664512788552336,-0.047319488434529586,-0.11377529203354984,-0.09052150519678274,-0.3342258157115105
2025-10-03,122232.0,0.014027586512955888,38.03,27.784119681209006,10.245880318790995,0.001299959712627995,0.008748192536424886,-0.05954631243956455,-0.10473003763229095,-0.10053728024489418,-0.2920123982073196
2025-10-04,122391.0,0.001299959712627995,38.03,27.46761471592429,10.56238528407571,0.008877068978927581,-0.005970842156724212,-0.07958402370399223,-0.09764658356700437,-0.13829643832610333,-0.27000888031833303
2025-10-05,123482.31,0.008877068978927581,37.95,27.494748057444223,10.45525194255578,0.009480412513902298,-0.09070765726407684,-0.10870259549877165,-0.10076233718519957,-0.19606649799777823,-0.2934612113862572
2025-10-06,124658.54,0.009480412513902298,39.26,27.41397779762967,11.846022202370328,-0.027039899832890336,-0.11925686427117475,-0.14164981950559172,-0.0844848536874187,-0.1822922611957025,-0.33324049396432154
2025-10-07,121332.95,-0.027039899832890336,39.28,29.425207058168425,9.854792941831576,0.01613065116385741,-0.053964616320053116,-0.13103514267159025,-0.061396118551981654,-0.17999762000928946,-0.30724502112245344
2025-10-08,123306.0,0.01613065116385741,39.44,29.730091618828347,9.709908381171651,-0.013419074980521103,-0.06829450497598957,-0.14011266401710704,-0.0881803286891496,-0.17665345061887006,-0.31047668526552213
2025-10-09,121662.4,-0.013419074980521103,39.73,30.175316276287273,9.554683723712724,-0.07585974612842505,-0.07361318154726816,-0.11318474322170657,-0.10057610328686054,-0.17321384013442434,-0.29441682587304285
2025-10-10,112774.5,-0.07585974612842505,44.11,40.10396872647134,4.006031273528663,-0.019068794493195606,-0.01799493823469496,-0.020084363640285905,-0.04027385297963862,-0.07407186262392364,-0.19625049797483785
2025-10-11,110644.4,-0.019068794493195606,46.15,40.307493142735304,5.842506857264695,0.0382523481182313,-0.022392955234417117,-0.02143781572128371,-0.009410999399676457,-0.04277736658474308,-0.18436582687210407
2025-10-12,114958.8,0.0382523481182313,46.24,42.58376984412116,3.656230155878845,0.001800762507920933,-0.07707052635153729,-0.06645580359902026,-0.043202016762253034,-0.10927226056730766,-0.21722052059650646
2025-10-13,115166.0,0.001800762507920933,43.38,42.589349501717145,0.7906504982828579,-0.01873775155179968,-0.07181815904111759,-0.04518372519272641,-0.04099096780532953,-0.12479603600635891,-0.24358688970038145
2025-10-14,113028.14,-0.01873775155179968,45.01,43.04210045970353,1.9678995402964645,-0.020241502815851853,-0.03957156167443855,-0.01806255986301215,-0.058712414622111,-0.12555118061499848,-0.2251639156937035
2025-10-15,110763.28,-0.020241502815851853,45.25,43.57563947415578,1.6743605258442216,-0.023466811492917763,-0.0020894254055910874,0.007940258313572075,-0.08736390249900648,-0.15780126234395714,-0.2281039311012432
2025-10-16,108194.28,-0.023466811492917763,47.78,43.94527310481097,3.8347268951890285,-0.016425222998888867,0.0009551395131332657,0.057164965818172986,-0.04064244169011068,-0.12379501121032269,-0.22456959675738516
2025-10-17,106431.68,-0.016425222998888867,50.0,44.211341502276355,5.788658497723645,0.007053129818340636,0.010614722752516882,0.06963902411960858,-0.048962477337699095,-0.12143107867879777,-0.19171971359794063
2025-10-18,107185.01,0.007053129818340636,49.08,44.25552830619486,4.824471693805137,0.013508845814879343,0.026634433848391027,0.05193233532795741,-0.03654078660176293,-0.15043208144493053,-0.21738496264373947
2025-10-19,108642.78,0.013508845814879343,47.68,44.481137603058215,3.1988623969417844,0.017240633452995615,0.021509001811426266,0.012608639934846035,-0.06002909691271766,-0.15588703094944,-0.23935696523350675
2025-10-20,110532.09,0.017240633452995615,45.95,44.983927503775426,0.9660724962245766,-0.02042224657419341,0.010029683719163024,-0.020189489339352724,-0.05398749898363762,-0.1883664383398791,-0.22641414472132573
2025-10-21,108297.67,-0.02042224657419341,49.27,45.46050174836328,3.8094982516367253,-0.006765639759505252,0.05620982630503958,0.012026816321607242,-0.02133955086345926,-0.2231540086575807,-0.20345407535902332
2025-10-22,107567.44,-0.006765639759505252,50.7,44.8891151584551,5.810884841544905,0.02307284091421478,0.05902430136709156,0.02325378683676721,-0.0428164569682873,-0.23394519547231696,-0.19332202857929834
2025-10-23,110078.18,0.02307284091421478,45.13,45.66709255749007,-0.5370925574900696,0.008383413777914583,0.025297901479566242,0.004192757387396868,-0.07961231081363239,-0.26160616363305406,-0.21682436042025194
2025-10-24,111004.89,0.008383413777914583,42.84,45.57239625076555,-2.7323962507655466,0.005761315360732372,-0.00890036187658037,-0.040649854759098866,-0.10748862075198623,-0.24562207032348288,-0.2380954738338334
2025-10-25,111646.27,0.005761315360732372,42.9,43.483920322121435,-0.5839203221214362,0.025757896011683146,-0.03021917305851589,-0.09530416081257857,-0.16574152065752912,-0.23459534889657818,-0.24176207770167502
2025-10-26,114559.4,0.025757896011683146,43.91,44.32014214185751,-0.41014214185751285,-0.003951164697453273,-0.04418300998343247,-0.09780740750828368,-0.1809599770284956,-0.27094194928160514,-0.272599383257585
2025-10-27,114107.65,-0.003951164697453273,42.82,44.35768988996023,-1.5376898899602267,-0.010653558973310539,-0.03577051453032449,-0.11860150145730769,-0.19107010279840625,-0.23196904054188133,-0.266995362827242
2025-10-28,112898.45,-0.010653558973310539,42.39,43.852070457016055,-1.462070457016054,-0.025814849578232026,-0.021105144092169507,-0.08847312192972034,-0.2023644167728878,-0.2119661725757039,-0.2505505188287361
2025-10-29,110021.29,-0.025814849578232026,45.07,44.22247039573649,0.8475296042635136,-0.015557495821203146,-0.03174949288251863,-0.07263773684756372,-0.16849567088428596,-0.19101620680109516,-0.2238746088486885
2025-10-30,108322.88,-0.015557495821203146,44.85,44.50202782965501,0.3479721703449883,0.011794059086766558,-0.06508498775406282,-0.033798009644284914,-0.16817694900052627,-0.17643023920536205,-0.21648635365929203
2025-10-31,109608.01,0.011794059086766558,43.31,42.31699755308088,0.993002446919121,0.004461330755654716,-0.05362439752485135,-0.03336636718506652,-0.23518082497918782,-0.19310876418521739,-0.21407187201545375
2025-11-01,110098.1,0.004461330755654716,43.49,41.856461765483,1.6335382345170046,0.004011811464844439,-0.08283098692698333,-0.06607024380505452,-0.25719898230908406,-0.2437043105147278,-0.22804048342299638
2025-11-02,110540.68,0.004011811464844439,44.12,41.4872810108888,2.632718989111197,-0.03645919836858115,-0.06736797783755097,-0.08380506820102929,-0.26579892102045083,-0.19147511796242545,-0.21855740498094578
2025-11-03,106583.04,-0.03645919836858115,45.73,43.016880995007405,2.713119004992592,-0.048892990692747336,-0.040888243965045215,-0.06683876599288736,-0.20497221556438389,-0.1317124419922297,-0.1691688418818428
2025-11-04,101497.22,-0.048892990692747336,47.79,45.39131081072998,2.3986891892700157,0.02325464931597804,0.03128697810977778,-0.07043735984495056,-0.13929118808399948,-0.09739471338847897,-0.11326808252781399
2025-11-05,103885.16,0.02325464931597804,46.55,46.24918526770448,0.3008147322955139,-0.02474525864647728,0.020258030339784683,-0.08315256952021191,-0.17313454177332135,-0.15094823276861905,-0.12662222072033885
2025-11-06,101346.04,-0.02474525864647728,46.94,46.125035490538856,0.8149645094611415,0.0194748205542768,0.016760743121928684,-0.07246860134109856,-0.11336753908457356,-0.12724740111316404,-0.0767395789602686
2025-11-07,103339.08,0.0194748205542768,44.61,46.341226249116104,-1.731226249116105,-0.009979464496075391,-0.016437090363478426,-0.11389129484316747,-0.1234930506459835,-0.1338232346466521,-0.09740560888521795
2025-11-08,102312.94,-0.009979464496075391,44.88,46.286373955872,-1.4063739558719988,0.02328223138207566,-0.02595052202784228,-0.09585793403672226,-0.11837846995353132,-0.12120298573861851,-0.11318287665022744
2025-11-09,104722.96,0.02328223138207566,45.11,39.8649099557763,5.245090044223701,0.012225701545984949,-0.10172433795472846,-0.13437893935624137,-0.14263222956107702,-0.12217863535091425,-0.13936069255754566
2025-11-10,106011.13,0.012225701545984949,44.3,39.719000812053416,4.580999187946581,-0.028242545864333283,-0.10341059985999673,-0.20181445779412133,-0.15974239700015075,-0.141588460287361,-0.15663435017938443
2025-11-11,103058.99,-0.028242545864333283,46.61,38.097341434261416,8.512658565738583,-0.013723012931130311,-0.08922934446302738,-0.19112873850402956,-0.1776340667096732,-0.10794826002919881,-0.12989975967659004
2025-11-12,101654.37,-0.013723012931130311,46.07,38.202843530619504,7.867156469380497,-0.019492896160439244,-0.09745420447968918,-0.18199385281942151,-0.10767004976139607,-0.11879085369402258,-0.11056903453651482
2025-11-13,99692.02,-0.019492896160439244,46.52,38.240001517016736,8.279998482983267,-0.052491584544810524,-0.06990741200888012,-0.13813344957149654,-0.06487367599934224,-0.09961273507870505,-0.0879764679388795
2025-11-14,94594.0,-0.052491584544810524,49.71,41.463087880914564,8.246912119085437,0.01053943964071668,-0.03265460140151305,-0.06885382823904895,-0.026957353543528316,-0.07030266875728608,0.008631269112305232
2025-11-15,95596.24,0.01053943964071668,48.5,41.27992929841515,7.220070701584852,-0.014061290467363924,-0.09840385793412473,-0.08998197225310947,-0.06779566324840704,-0.1007745855470625,0.01408025275953269
2025-11-16,94261.44,-0.014061290467363924,49.64,41.19944166682676,8.440558333173243,-0.02194787294779212,-0.10189939404100232,-0.04089893774347503,-0.05477879977206537,-0.07028863491914289,0.014150829729343964
2025-11-17,92215.14,-0.02194787294779212,50.62,41.45701216606834,9.162987833931659,0.008053896310369823,-0.08453964833973247,-0.00960175580281602,-0.01993193980348454,-0.066952881198809,0.03553518309435719
2025-11-18,92960.83,0.008053896310369823,50.52,41.19307186496232,9.326928135037683,-0.015238773937443459,-0.06822603756261658,-0.022520535916809085,-0.025345051701896146,-0.08346993428406674,0.023252935153416913
2025-11-19,91554.96,-0.015238773937443459,51.04,40.518838833706845,10.521161166293155,-0.055209816891895,-0.03619922683753603,-0.008253290204835659,0.01220030400532724,-0.03804770638144665,0.022872040900185728
2025-11-20,86637.23,-0.055209816891895,54.65,43.73632234413993,10.91367765586007,-0.017556826574241523,0.008421885681015127,0.042072060793970564,0.06022599750676041,0.019699933298557338,0.06689422804039384
2025-11-21,85129.43,-0.017556826574241523,57.38,43.87717255380332,13.502827446196683,-0.004588127246522274,0.061000456297527164,0.013494671794356358,0.08318047847483084,0.04062316689301861,0.038012012397887374
2025-11-22,84739.74,-0.004588127246522274,59.16,42.46580002402546,16.694199975974534,0.024367507087485724,0.07493789253691632,0.07432380305802544,0.06320299912539906,0.04478180321280205,0.05414801027481681
2025-11-23,86830.0,0.024367507087485724,56.5,43.6262163776017,12.8737836223983,0.016788036787637094,0.04570550164580736,0.0732597735721543,0.03852071449279161,0.007526596489649444,0.03095292297055069
2025-11-24,88300.01,0.016788036787637094,53.31,44.23525038587212,9.074749614127882,-0.010588704373343843,0.027945936632700234,0.0418964746955206,-0.001448840518237033,-0.007166728805096901,0.01461800090219784
2025-11-25,87369.96,-0.010588704373343843,52.56,42.547324564383835,10.012675435616167,0.035021744042270514,0.0336501751129553,0.022186309004702403,-0.010792613293952938,-0.0016574339759798462,0.02101356347331859
2025-11-26,90484.02,0.035021744042270514,49.92,45.220703838822374,4.699296161177628,0.009349308992866888,-0.047505784503170945,-0.013879862028590368,-0.029389697175667764,-0.03502632228536068,-0.04306130370509396
2025-11-27,91333.95,0.009349308992866888,49.31,45.59477547579665,3.71522452420335,-0.00486488380362324,-0.0006140894788910292,-0.010330184000668534,-0.05735112539599288,-0.038584346253032205,-0.0332494216703097
2025-11-28,90890.7,-0.00486488380362324,48.7,45.093309816229095,3.606690183770908,-0.0009715282254700339,0.027554271926346803,-0.0028245157850870844,-0.06094939836725756,-0.032858402047593396,-0.018216265058612832
2025-11-29,90802.44,-0.0009715282254700339,49.13,45.00608619752921,4.1239138024707955,-0.004884465893088772,0.01395053806282023,0.02045359421016288,-0.02979441617661088,-0.04005611445393003,-0.01668478159252697
2025-11-30,90360.0,-0.004884465893088772,48.78,44.55541967933747,4.2245803206625325,-0.04613421557385573,-0.011463866108253045,0.018153936712789833,-0.02237212749541312,-0.020963107830236433,-0.06527469288659092
2025-12-01,86286.01,-0.04613421557385573,53.13,46.452547062393,6.677452937607001,0.0562410040171468,0.033625922474580426,0.06968580668047447,0.027128495098662365,0.015663827091731385,-0.023754404158493617
2025-12-02,91277.88,0.0562410040171468,49.24,51.47114825342204,-2.2311482534220346,0.023303477601614594,-0.009716094521777652,-0.011120803932626395,-0.029541999845223273,-0.02708228701852036,-0.14774335159562996
2025-12-03,93429.95,0.023303477601614594,47.44,51.29674466181007,-3.856744661810069,-0.014575262088996607,-0.030378787711434034,-0.03473905907936271,-0.06573317708250474,-0.03745639988961312,-0.19381947818285622
2025-12-04,92078.06,-0.014575262088996607,48.03,48.88970909195295,-0.8597090919529506,-0.030298870064162046,0.006503056147342499,-0.04334531521375765,-0.049063203500617394,-0.015873369139335063,-0.1565030632312429
2025-12-05,89330.04,-0.030298870064162046,48.94,48.804578482453884,0.13542151754611353,-0.001044426991022257,0.02961780282104273,-0.03297892229865536,-0.023843742980682134,0.02432601204828018,-0.16463261800664164
2025-12-06,89236.79,-0.001044426991022257,49.0,48.29717981427022,0.7028201857297773,0.012898987020788722,0.036059884205893886,-0.015509835147077409,-0.021146460256770198,0.0505078221528954,-0.1985648897985186
2025-12-07,90395.31,0.012898987020788722,49.65,47.94393573789326,1.706064262106736,0.002640784411958209,-0.001404709410848904,-0.04702094139532435,-0.02825416225236356,0.03641762576143413,-0.36248947734322107
2025-12-08,90634.34,0.002640784411958209,49.01,47.96318395644244,1.0468160435575555,0.02230658176977993,-0.00436027136792883,-0.05812488258217049,-0.030033886262506197,0.008020109088391021,-0.2500826679298298
2025-12-09,92678.8,0.02230658176977993,46.44,47.89439020402464,-1.4543902040246408,-0.007184123390461821,-0.04984837136110031,-0.050248010386773775,-0.0605097086640928,-0.017182057206631452,-0.2908481040039269
2025-12-10,92015.37,-0.007184123390461821,44.92,47.54026868967347,-2.620268689673466,0.005397654393828906,-0.06259672511969824,-0.04052606420820296,-0.03911704454302615,-0.015045889892023446,-0.26875177490758917
2025-12-11,92513.38,0.005397654393828906,44.46,46.88890550626958,-2.4289055062695795,-0.024565606595954068,-0.05156971935297146,-0.04255731158181213,-0.05402197958874297,-0.021951499647391248,-0.2768885528007044
2025-12-12,90268.42,-0.024565606595954068,44.22,47.333990889413286,-3.1139908894132873,-0.0003147775451217187,-0.04561623198447562,-0.01842119591259689,-0.015961483085893846,0.008221819157507738,-0.2709839658375321
2025-12-13,90240.01,-0.0003147775451217187,44.65,47.01348436829127,-2.3634843682912745,-0.023181518223391553,-0.05376461121424182,-0.03099411800314205,-0.0027173408102502926,0.011636267139825511,-0.29654939523188384
2025-12-14,88172.17,-0.023181518223391553,46.74,44.18146416442909,2.5585358355709147,-0.019932477149059748,-0.00039963902567362666,-0.00571788828685975,0.02747194607442271,0.07893393786959127,-0.28552132994616986
2025-12-15,86432.08,-0.019932477149059748,46.68,44.34135375514435,2.338646244855653,0.016424660160555687,0.02207066091149511,0.00913517931797321,0.05730493434693565,0.11485483830659515,-0.22737116333236224
2025-12-16,87863.42,0.016424660160555687,45.69,44.68895935729216,1.001040642707835,-0.018612119227458226,0.009012407771159175,-0.0056366251096927975,0.06601765729997293,0.08443946464848681,-0.22982081106526261
2025-12-17,86243.22,-0.018612119227458226,47.0,44.519600801585845,2.4803991984141547,-0.00846315677488792,0.027195036071878564,0.018766779142960786,0.08343856715675861,0.10248806429316615,-0.22549426476283077
2025-12-18,85516.41,-0.00846315677488792,47.48,44.411957887134065,3.068042112865932,0.030183453965176642,0.0227704932110996,0.02809099631966428,0.06614499167056162,0.10672286943748363,-0.21616198474348017
2025-12-19,88136.94,0.030183453965176642,45.06,45.61816225091566,-0.5581622509156574,0.0025378227881089903,-0.00531824926118629,-0.010261698277319034,0.03306595318014244,0.06091974728163234,-0.26671199664931555
2025-12-20,88360.9,0.0025378227881089903,45.11,41.26292971026455,3.8470702897354485,0.003366407020219751,-0.012935481593522067,0.0014090196651768052,0.02548017431617964,0.04719429474183646,-0.28481425464654264
2025-12-21,88658.86,0.003366407020219751,45.07,40.74266171751953,4.3273382824804685,-0.00042949092673883664,-0.014649032880852139,-0.011464668006930861,0.02060581193442099,-0.0026111544951312876,-0.2800476816414606
2025-12-22,88620.79,-0.00042949092673883664,45.09,40.692113681106555,4.397886318893448,-0.012887699635666881,-0.008428256928917943,0.0024597128267030335,0.026643015070104744,0.009366207062014716,-0.2645645536032483
2025-12-23,87486.0,-0.012887699635666881,43.4,40.12723429515852,3.2727657048414756,0.002094711492890748,0.00532050310856451,0.028276777192891747,0.04263038514296767,0.023426326480901198,-0.2523251086367085
2025-12-24,87669.45,0.002094711492890748,42.81,39.69000679383231,3.119993206167692,-0.005079409544226788,-0.004943449016132909,0.03318983436128245,0.08465182615645114,0.021784729707294694,-0.25932370317328873
2025-12-25,87225.27,-0.005079409544226788,42.55,39.55548194660416,2.9945180533958364,0.00165285573288968,0.014344501258698707,0.04816975502896244,0.10571965898862207,0.022670997449298395,-0.2994128648454236
2025-12-26,87369.56,0.00165285573288968,41.04,37.48962198107001,3.5503780189299903,0.00579128502519536,0.003184364873921113,0.07165428240966572,0.09007608975817974,-0.008034981419733321,-0.3103556736555293
2025-12-27,87877.01,0.00579128502519536,41.83,37.38439085962042,4.445609140379581,0.0008610604018155715,0.01088796975562081,0.0646717880137978,0.08372128515020548,0.005334924582722462,-0.2566064159149021
2025-12-28,87952.71,0.0008610604018155715,42.11,37.36874965993557,4.741250340064433,-0.00816924063180667,0.022956274084327072,0.038053995350897346,0.07863187311781945,0.014642136988980523,-0.26489126545368913
2025-12-29,87237.13,-0.00816924063180667,42.25,37.4499990071338,4.800000992866202,0.014208540730604829,0.03813328337741519,0.043327651457461466,0.07118144555895148,0.02337133286140302,-0.2809150599168641
2025-12-30,88485.49,0.014208540730604829,42.79,37.81265378417686,4.97734621582314,-0.009507280651887915,0.03382525377026356,0.024071154651002825,0.04578527507665977,-0.04431158505635453,-0.27854514851960105
2025-12-31,87648.22,-0.009507280651887915,43.01,34.265245350872014,8.744754649127984,0.013494889906895059,0.06846991753574444,0.03207047994135184,0.008853513511799686,-0.03941823125022505,-0.2870691275242936
2026-01-01,88839.04,0.013494889906895059,42.22,28.22892489077456,13.991075109225438,0.012929364730521834,0.05378381825817684,0.024183302243401702,0.0069064942353117935,-0.12066106457710962,-0.2551856249017647
2026-01-02,89995.13,0.012929364730521834,43.43,27.326795620757128,16.10320437924287,0.00700776866128145,0.0150977212665701,0.01435360795007592,-0.004850450711990439,-0.15636307829324314,-0.2752895769337091
2026-01-03,90628.01,0.00700776866128145,44.4,27.037488067249516,17.362511932750483,0.009900511123453195,0.005194368080046105,0.05146199179516868,-0.011405104653987645,-0.14062969409190787,-0.2208791302780598
2026-01-04,91529.73,0.009900511123453195,44.39,25.02784703859265,19.36215296140735,0.025137383113592964,-0.009754099119260904,0.05754990395965963,-0.02549875757966393,-0.18895863005492183,-0.25552430114386354
2026-01-05,93859.71,0.025137383113592964,43.94,26.41148573160907,17.52851426839093,-0.0011912093706725466,-0.036399437594392764,0.018421807348514008,-0.07968926382939892,-0.24907271195141406,-0.3206181549719164
2026-01-06,93747.97,-0.0011912093706725466,44.09,26.114024416968913,17.97597558303109,-0.025756732261084898,-0.029600516014775303,0.019049497136407658,-0.059336863431075235,-0.39890710310465527,-0.33200104096451116
2026-01-07,91364.16,-0.025756732261084898,44.64,27.746294722605562,16.89370527739444,-0.0028955845252425483,-0.0007441133164943479,0.0405778777669221,-0.023411858361916706,-0.2581027770182209,-0.32563499586592054
2026-01-08,91099.99,-0.0028955845252425483,43.24,26.595423055553002,16.644576944447,-0.005047956075853812,0.04626762371512241,0.027853794101490012,-0.019956318596058332,-0.27366604679729545,-0.2861148049271588
2026-01-09,90641.28,-0.005047956075853812,40.52,26.53896400161636,13.981035998383643,-0.0015079553615388976,0.06730400307892037,0.021714120425656937,-0.06838273970735724,-0.25370588501556574,-0.25914862291903124
2026-01-10,90504.7,-0.0015079553615388976,41.03,26.454942452006875,14.575057547993126,0.005607712208944919,0.054821244942906605,-0.02321696642955216,-0.07148871119157676,-0.25493705315331316,-0.25416943316645196
2026-01-11,91013.65,0.005607712208944919,41.68,25.09195215075948,16.58804784924052,0.003099670437196053,0.0486500131511828,-0.017276808008089915,-0.14484436682051122,-0.27920578499503984,-0.2548105743263486
2026-01-12,91296.2,0.003099670437196053,41.27,25.11012549315511,16.159874506844893,0.04411615250637421,0.04132199108341629,-0.019204058662066363,-0.17071668624331895,-0.3081856623717094,-0.2524156904911755
2026-01-13,95414.0,0.04411615250637421,41.69,27.969050416756648,13.72094958324335,0.01598842328794414,-0.018413829613632568,-0.06286709644915633,-0.19209168588707642,-0.3644552678157612,-0.29256467679803017
2026-01-14,96951.78,0.01598842328794414,40.81,27.115160424175656,13.694839575824346,-0.01399071349755265,-0.045589882653263594,-0.08304866153932355,-0.24650853401458134,-0.3422260016389575,-0.2862884675462066
2026-01-15,95604.8,-0.01399071349755265,40.61,27.41067907155474,13.19932092844526,-0.0005635195827788953,-0.07803821137245893,-0.09811107117791293,-0.26749451929992796,-0.3142602757137495,-0.2442738313243149
2026-01-16,95550.94,-0.0005635195827788953,38.27,26.336873910164766,11.933126089835238,-0.004228351630570454,-0.06592682115927288,-0.0783863605674829,-0.4179566002410628,-0.327982329055997,-0.2568200308399371
2026-01-17,95147.77,-0.004228351630570454,39.08,26.137125820607444,12.942874179392554,-0.015619668190674642,-0.06052604974548282,-0.06398973612883882,-0.29868065478514283,-0.3228848541809638,-0.2892849002224793
2026-01-18,93673.14,-0.015619668190674642,40.23,25.127784612291528,15.102215387708469,-0.011187629751686884,-0.04445326683552393,-0.04781011269754835,-0.30151984089878536,-0.3276317439309479,-0.2923167468821371
2026-01-19,92631.0,-0.011187629751686884,39.7,25.545524808358017,14.154475191641986,-0.046439042216747994,-0.03745877888606013,-0.09009686013301418,-0.2754200054412226,-0.33200854938837915,-0.2728589620274714
2026-01-20,88427.66,-0.046439042216747994,42.23,30.526963605040258,11.703036394959739,0.011547870630407164,-0.020072859805454174,-0.04827174476202462,-0.2317200867237609,-0.2774365271463293,-0.24926568334528257
2026-01-21,89454.73,0.011547870630407164,40.14,30.79475562502087,9.345244374979131,0.0011724197832196023,-0.012459539408210197,-0.12756755881242132,-0.26192897698694984,-0.27393076066526306,-0.27630066423401256
2026-01-22,89559.67,0.0011724197832196023,38.88,30.424510431859204,8.455489568140798,0.0004531147192842445,-0.003463686383356165,-0.1515126275812526,-0.28898160370964293,-0.2757514351176097,-0.23354370444114086
2026-01-23,89600.26,0.0004531147192842445,38.06,30.42097618795004,7.639023812049963,-0.004193141802223088,-0.0033568458620245843,-0.12922458943792015,-0.30158817136660476,-0.28110843288058346,-0.23894101294524836
2026-01-24,89225.34,-0.004193141802223088,38.27,30.401252686174512,7.868747313825491,-0.029053123136142035,-0.05263808124695422,-0.16345987247525778,-0.25917734009963384,-0.3220838622947221,-0.223756541526388
2026-01-25,86670.36,-0.029053123136142035,41.16,32.12500492635897,9.034995073641028,0.019161191027651143,-0.02819888495657061,-0.16938344812201503,-0.21614920453583641,-0.302320692235796,-0.2306130519603301
2026-01-26,88347.08,0.019161191027651143,38.75,32.774327188581765,5.975672811418235,0.010168272808073633,-0.11510801940421128,-0.3395702396735799,-0.24959596848851395,-0.2619413404976245,-0.2854664588249368
2026-01-27,89250.0,0.010168272808073633,38.2,32.95901250202986,5.240987497970146,0.0005599552406158251,-0.1480489411978966,-0.23469091865630407,-0.25889511805212495,-0.27953340244266967,-0.2960903577611775
2026-01-28,89299.99,0.0005599552406158251,38.0,32.810733430740655,5.189266569259345,-0.05347437718715272,-0.1258677435758957,-0.25370972820123705,-0.2798216312333994,-0.3042863927782672,-0.30218104152450265
2026-01-29,84650.16,-0.05347437718715272,41.55,37.484562836967825,4.065437163032172,-0.00461392684575843,-0.11082179122830377,-0.1853231453082084,-0.24191168925536485,-0.23423356346324653,-0.23686329020316477
2026-01-30,84260.49,-0.00461392684575843,40.45,37.39136681931399,3.058633180686016,-0.06774794341998952,-0.1411845631654446,-0.1834483419617363,-0.22916478238430465,-0.24765089627406855,-0.21023056390847833
2026-01-31,78741.09,-0.06774794341998952,47.58,43.5696058718566,4.010394128143396,-0.02277264898561169,-0.2244622202693688,-0.13436141817452854,-0.14636320185284163,-0.13452456032465512,-0.1449835308935674
2026-02-01,76968.21,-0.02277264898561169,48.27,43.60100654746245,4.668993452537556,0.02274115286261672,-0.08664197745840763,-0.13746897612839037,-0.12423880753635703,-0.11892649864046594,-0.140163766880682
2026-02-02,78738.61,0.02274115286261672,46.29,44.492263687416816,1.797736312583183,-0.03842842483956077,-0.12784198462534152,-0.17236358192868462,-0.15188384344266323,-0.08024943618615195,-0.16197399076185062
2026-02-03,75770.21,-0.03842842483956077,51.74,45.67563288983515,6.064367110164852,-0.03497669878289926,-0.07450135407990482,-0.09571746762437601,-0.15862398981946418,-0.06656567108894176,-0.1185387301404745
2026-02-04,73165.83,-0.03497669878289926,53.47,45.27952963414933,8.190470365850672,-0.15102560052391373,-0.04226377879629189,-0.046765756413821406,-0.13293724411378086,-0.07154544302050239,-0.058126764437319206
2026-02-05,62909.86,-0.15102560052391373,82.62,67.18244728076036,15.437552719239648,0.11504759382534949,0.09010080209484006,0.08997427118506593,0.07762889917595545,0.066906062140144,0.09028047462507167
2026-02-06,70580.26,0.11504759382534949,58.85,80.5233074027799,-21.673307402779905,-0.01845885430431717,-0.050826998669982935,-0.02420419939582089,-0.04484248378636551,-0.06753221884769972,0.018862562745541087
2026-02-07,69289.38,-0.01845885430431717,59.35,80.56743289149489,-21.217432891494887,0.014912205705875922,-0.0445215973033433,-0.02611190303216242,-0.050576664577030014,-0.01244875812986334,0.02537267419477042
2026-02-08,70330.38,0.014912205705875922,57.29,80.9941669769256,-23.7041669769256,-0.0027391234992863328,-0.02121611354447138,-0.056588543947156476,-0.04891041815503804,-0.0054427379034655485,0.020513059864798067
2026-02-09,70138.0,-0.0027391234992863328,54.46,80.98200994502564,-26.522009945025637,-0.01866101963278177,-0.0045019776175297,-0.04571644042256837,-0.06420255431233216,0.0007676199868612253,0.03948362175457998
2026-02-10,68841.29,-0.01866101963278177,54.84,80.89235166649527,-26.05235166649527,-0.02588020693947351,-0.00012653090977432328,-0.01200178367831311,-0.00016314215012647182,0.0243952106686912,0.059246789042870396
2026-02-11,67082.52,-0.02588020693947351,55.29,80.964482647015,-25.674482647015004,-0.012153452937677535,0.026622799274161855,0.013230168592033326,0.018542477487924532,0.0557699718805339,0.053101533896118096
2026-02-12,66272.17,-0.012153452937677535,55.28,78.54990862851865,-23.26990862851865,0.038217689464747844,0.01840969427118069,0.0204797384860214,0.09211414574253278,0.07189059101773093,0.11592766328936277
2026-02-13,68853.96,0.038217689464747844,52.04,79.92279255407962,-27.88279255407962,0.013975012427655345,-0.03537243040268529,-0.06290652219508819,0.029151796535434343,0.055937534092750825,0.0738534778030459
2026-02-14,69822.95,0.013975012427655345,49.89,80.40286922242223,-30.512869222422225,-0.014285572925026392,-0.04121446280503886,-0.08617148769995948,-0.02477968660668088,0.06998644438943452,0.0689886799241485
2026-02-15,68832.58,-0.014285572925026392,51.28,80.3323934149814,-29.052393414981395,0.0008691232444626728,-0.011875252768538977,-0.012345372009110511,-0.02306820904492183,0.07116229821605985,0.08786602103483192
2026-02-16,68892.43,0.0008691232444626728,52.19,80.4055821470329,-28.215582147032904,-0.0203665579406587,-0.013392630682128724,-0.020638284390544652,-0.04332801945187874,0.03359995395848451,0.11219374728024131
2026-02-17,67503.52,-0.0203665579406587,52.01,80.4587013397718,-28.44870133977181,-0.015564435209118136,0.002070044214840516,-0.024464761544867628,0.013663144902299185,0.03531499704881079,0.11448955912521555
2026-02-18,66461.0,-0.015564435209118136,53.67,80.4750086326114,-26.805008632611404,0.008132980025301773,-0.027534091792403088,0.007678125792118408,0.05114580604369103,0.05914958736090771,0.10476767659698577
2026-02-19,67003.73,0.008132980025301773,52.66,79.70353454936061,-27.043534549360615,0.015053637111473492,-0.04495702489492081,-0.018486113889763817,0.0464840604094297,0.02817084380104678,0.12389035846621341
2026-02-20,68020.01,0.015053637111473492,51.43,79.82794444907655,-28.397944449076554,-0.0006482546691270726,-0.0004701192405717272,0.011838641528186603,0.03639699434700441,-0.002369903568749549,0.11534468717405438
2026-02-21,67975.93,-0.0006482546691270726,51.7,79.80088893028639,-28.100888930286388,-0.00490388304368946,-0.00724565370841612,0.005312308895891173,0.042539803288500676,0.04220773067646888,0.1398375481216268
2026-02-22,67643.4,-0.00490388304368946,52.0,79.74125331574176,-27.74125331574176,-0.04516857121636174,-0.026534805759708336,0.07163440725651135,0.05141085253170965,0.04216741993533505,0.1457546270242363
2026-02-23,64656.02,-0.04516857121636174,56.1,80.68174800189894,-24.581748001898937,-0.009289953077215952,0.0352122175845213,0.0920583187305225,0.1188440562878391,0.09832732076833409,0.1803851636656905
2026-02-24,64058.15,-0.009289953077215952,57.77,80.41107367189309,-22.64107367189309,0.059540542765822574,0.026470911005156802,0.06139180109327856,0.1561579320893941,0.07170764027546588,0.19209827566541482
2026-02-25,67988.04,0.059540542765822574,53.59,83.4356714744171,-29.845671474417102,-0.007423789136971464,0.01230876076875815,-0.010722837035811344,0.08350767022517047,-0.023525118327312272,0.1457718124571961
2026-02-26,67485.18,-0.007423789136971464,52.19,83.15930824439042,-30.96930824439042,-0.024193035094981677,0.01255796260430711,-0.02268973506133412,0.054238238349029265,-0.016556955318507805,0.13670815107505763
2026-02-27,65872.1,-0.024193035094981677,52.55,83.23742887723338,-30.687428877233387,0.0165784521278679,0.0981692130162195,0.03812790644716678,0.05977975859367851,0.0021053512537645095,0.14751834857730792
2026-02-28,66973.26,0.0165784521278679,55.21,82.22791085150189,-27.017910851501888,-0.018031259656580454,0.056846101146001006,0.04346768025157259,0.05147146156878941,-0.002629726739918247,0.12354097034048946
2026-03-01,65776.47,-0.018031259656580454,55.07,82.29547491928044,-27.225474919280437,0.04537839252942392,0.03492089008812158,0.06497017429919348,0.04665695769081069,0.037420332365590225,0.14902093037318015
2026-03-02,68830.06,0.04537839252942392,53.38,81.45811787454201,-28.07811787454201,-0.007174587301422502,-0.023031597804569676,0.024558352818817776,-0.014208545096936056,-0.01045897056891228,0.12802708205633428
2026-03-03,68338.0,-0.007174587301422502,55.41,81.19863482784686,-25.788634827846863,0.061418215316930716,-0.03524769766564141,0.037227494392609466,0.0368954217805778,-0.02123726824021609,0.13786636318769077
2026-03-04,72666.77,0.061418215316930716,55.5,83.87623892692537,-28.376238926925367,-0.024744659742350593,-0.060041306569052905,-0.020223554724801737,-0.029466987321176207,-0.08172455457569867,
2026-03-05,70890.72,-0.024744659742350593,54.71,83.27575296729086,-28.565752967290855,-0.03995647071445988,-0.013378420894428603,0.02678573755731658,0.00626900203781168,-0.051973059051532745,
2026-03-06,68114.02,-0.03995647071445988,55.52,83.53999663344685,-28.019996633446844,-0.012574095363267338,0.030049284211071718,0.0947661309961155,0.010315839182187404,0.013418678583183165,
2026-03-07,67262.91,-0.012574095363267338,58.63,64.2710778628255,-5.6410778628255045,-0.01939068716249424,0.047589950623387264,0.09423050726098178,-0.012802281291500829,0.023374412484927658,
2026-03-08,65971.2,-0.01939068716249424,60.45,50.118243755613655,10.331756244386348,0.03662460641351922,0.0724751920582507,0.07692797341036334,0.006132779742826415,0.0863947815932408,
2026-03-09,68432.16,0.03662460641351922,55.49,51.538950503515856,3.9510494964841456,0.02191822593227371,0.03981775184425098,0.0216518521465117,-0.03602255519340217,0.037821432324633746,
2026-03-10,69948.63,0.02191822593227371,55.04,51.85813429380168,3.181865706198316,0.003471234391040441,0.040164158451744994,0.00800378131721678,-0.04609740699149074,0.0259557977682636,
2026-03-11,70191.86,0.003471234391040441,53.93,51.864825804891815,2.0651741951081846,0.004966571049048208,0.0647168467850436,-0.018313216608382817,-0.02754984193360316,0.038716001767718736,
2026-03-12,70541.34,0.004966571049048208,54.26,51.44648718302256,2.813512816977436,0.005494554272369187,0.04664055663759432,-0.038766897915753856,-0.03501732338772996,0.03485157837417917,
2026-03-13,70930.0,0.005494554272369187,52.98,50.55381462216225,2.426185377837747,0.003967166199519513,0.004452781352112474,-0.00033207261203169885,-0.05846476263282545,-0.0026684379844158154,
2026-03-14,71211.95,0.003967166199519513,53.26,50.30352279111799,2.9564772088820064,0.022264632539767723,-0.01816589969773947,-0.009243432596374505,-0.06150099985089683,0.04403707227163182,
2026-03-15,72815.24,0.022264632539767723,52.89,49.16867238987311,3.7213276101268917,0.028023922724339036,-0.0321603771345284,-0.02051673551950493,-0.07875879660884923,0.017915943710295045,
2026-03-16,74884.67,0.028023922724339036,52.81,49.84375431598952,2.966245684010481,-0.01310971909840106,-0.08303006339342658,-0.08445029181392813,-0.08134745241293223,-0.0009977644652860353,
2026-03-17,73909.36,-0.01310971909840106,51.42,49.796075699843755,1.6239243001562471,-0.03669322101311266,-0.08540745455334837,-0.10703278855248265,-0.07085609477605402,0.016703722818772054,
2026-03-18,71246.54,-0.03669322101311266,53.77,51.628705363535,2.1412946364650054,-0.018651514850332427,-0.004784853964144353,-0.07079519366753698,0.009466808182877547,0.07859379332175678,
2026-03-19,69930.0,-0.018651514850332427,54.27,51.542263792865384,2.727736207134619,0.008270155102978788,0.008922467101364781,-0.057674407339913907,0.016169580178122138,0.07917456207640475,
2026-03-20,70510.73,0.008270155102978788,54.44,51.2374570686734,3.2025429313265974,-0.022845763534559155,0.011643641615023287,-0.05410118830870755,0.01795201645104692,0.04561808923607803,
2026-03-21,68918.12,-0.022845763534559155,55.22,51.903677658029466,3.316322341970533,-0.015487110258322837,-0.0014202284205017124,-0.009236625325220377,0.05702921837610164,0.09571951466516661,
2026-03-22,67859.0,-0.015487110258322837,56.74,51.95155324276992,4.7884467572300835,0.04392937957609135,-0.021625333999134452,0.003749574528023873,0.07361847628993312,0.11771459074280391,
2026-03-23,70906.45,0.04392937957609135,53.53,54.16962146199038,-0.6396214619903802,-0.004944193784823292,-0.06601033970339279,-0.05813269002079379,-0.0023363653723840194,0.09762981744515792,
2026-03-24,70556.74,-0.004944193784823292,52.68,54.17021436156892,-1.490214361568917,0.010991329616637294,-0.06659687444127887,-0.052257567254522366,0.053280504868006416,0.10358720708890123,
2026-03-25,71336.53,0.010991329616637294,51.04,51.57258209850577,-0.5325820985057703,-0.03590963357008416,-0.06574482992373101,-0.05824206108934433,0.038432679229800065,0.0820578428973564,
2026-03-26,68820.31,-0.03590963357008416,52.54,53.19922775712476,-0.6592277571247607,-0.035692215836955574,-0.007816396904718845,0.0031028394009958576,0.08345252734864218,0.12039063538994894,
2026-03-27,66407.28,-0.035692215836955574,53.71,50.631591321884905,3.078408678115096,-0.00045562612816699334,0.02537490852715814,0.036176693776428584,0.12373651137125478,0.16929693078450833,
2026-03-28,66377.03,-0.00045562612816699334,53.74,50.57488849067803,3.1651115093219744,-0.005530728522709364,0.007877649682598825,0.08026200185041449,0.14938898698929384,0.15326510639356541,
2026-03-29,66010.93,-0.005530728522709364,54.56,49.89121562564222,4.668784374357784,0.011843374134185144,0.014339307186756321,0.073843987518036,0.13684896941631874,0.1454129973235434,
2026-03-30,66797.37,0.011843374134185144,55.3,49.72106713676174,5.578932863238258,0.02201879944892802,0.007502768834386505,0.07205320475975444,0.09971927754478568,0.12617069708040768,
2026-03-31,68284.48,0.02201879944892802,52.25,49.86420671270442,2.385793287295577,-0.0025009104050785873,0.010919236305714519,0.06626584370132199,0.10495613999038707,0.1116005980075899,
2026-04-01,68113.92,-0.0025009104050785873,51.49,47.25957199656375,4.230428003436252,-0.01795288497272631,0.010801785249270257,0.06986890176190923,0.11396501621478013,0.13848605262524655,
2026-04-02,66901.99,-0.01795288497272631,50.85,47.60379460759482,3.24620539240518,0.0009309289814481332,0.07238435216781547,0.05579632464840973,0.15576250746595177,0.15910363142790684,
2026-04-03,66964.3,0.0009309289814481332,47.41,42.01577475996233,5.394225240037663,0.005006835781815329,0.059504680331279515,0.10553807212252875,0.1558447743434237,,
2026-04-04,67300.42,0.005006835781815329,47.37,41.329208095097535,6.040791904902463,0.025435266920256033,0.06455043592536774,0.09667474031914436,0.1402999039867008,,
2026-04-05,69034.18,0.025435266920256033,47.53,39.98957606725193,7.5404239327480695,-0.002618361461522849,0.05534660739560729,0.0803496879476463,0.11728779598895317,,
2026-04-06,68853.66,-0.002618361461522849,48.99,39.73150528180503,9.258494718194974,0.043629681945818906,0.05906711651263878,0.08755981759482617,0.13312023700807984,,
2026-04-07,71924.22,0.043629681945818906,47.37,41.73524471554231,5.63475528445769,-0.011948742855087834,-0.016588027519405926,0.06912698513887933,0.07300310454315102,,
2026-04-08,71069.93,-0.011948742855087834,44.35,40.203073096564104,4.146926903435897,0.010052591375903568,0.04603339179124905,0.06300498189828271,0.07156900980550748,,
2026-04-09,71787.97,0.010052591375903568,44.52,39.64486983299197,4.875130167008031,0.01623143839049557,0.032124304393776434,0.027666072785031207,0.05411749232065333,,
2026-04-10,72962.7,0.01623143839049557,43.14,39.99870685524674,3.141293144753263,0.0011021476555086477,0.02500308055203882,0.03869029628906506,0.04533475430626801,,
2026-04-11,73043.16,0.0011021476555086477,44.61,39.9767126925958,4.633287307404203,-0.0320254620862258,0.0284927010821872,0.04409611445287087,0.0686171508633374,,
2026-04-12,70740.98,-0.0320254620862258,45.43,41.57513326550781,3.854866734492191,0.050672676455567146,0.08571501265828507,0.09996618281754205,0.10330730677949719,,
2026-04-13,74417.99,0.050672676455567146,44.01,45.18388306493708,-1.1738830649370797,-0.00385649602156905,0.01697159010703346,0.05030670222089491,,,
2026-04-14,74131.55,-0.00385649602156905,44.1,44.585344619418166,-0.4853446194181643,0.009110214548757956,-0.004458231608745426,0.04362516366755642,,,
2026-04-15,74809.99,0.009110214548757956,43.92,43.598129823655654,0.32187017634434767,0.004591768185657028,0.013687215737026045,0.036938108041306844,,,
2026-04-16,75154.29,0.004591768185657028,42.33,43.366496172054205,-1.036496172054207,0.025196849489872067,0.015603413370683474,0.04556041941325364,,,
2026-04-17,77072.0,0.025196849489872067,42.83,42.0280424966473,0.8019575033526962,-0.01807074609568446,0.014251170159256768,0.003876119404271662,,,
2026-04-18,75691.76,-0.01807074609568446,44.1,41.991518977945,2.1084810220550025,-0.025286317737347935,0.03333511211386125,0.008564027907224743,,,
2026-04-19,73801.79,-0.025286317737347935,43.44,43.04327916406177,0.3967208359382255,0.027255661894529427,0.04808339527630164,0.0264514195356221,,,
2026-04-20,75840.97,0.027255661894529427,42.03,43.021199139167784,-0.991199139167783,0.006507965819314458,0.023250892304280603,0.006644458017202918,,,
2026-04-21,76336.15,0.006507965819314458,42.13,42.50024570776676,-0.370245707766756,0.02384460627844536,0.029957006042569963,0.024521036410466504,,,
2026-04-22,78178.23,0.02384460627844536,43.18,40.6582093811801,2.5217906188198995,0.0010131958589200225,-0.010375050754985307,0.003341123961955126,,,
2026-04-23,78257.48,0.0010131958589200225,42.83,40.55999684196233,2.2700031580376674,-0.010538034574907543,-0.024771084206636707,,,,
2026-04-24,77437.13,-0.010538034574907543,40.16,40.751114142587,-0.5911141425870028,0.0024231589225083856,-0.021631975740679744,,,,
2026-04-25,77625.0,0.0024231589225083856,40.77,38.29536395755853,2.4746360424414746,0.013214079557603819,-0.016606434287077882,,,,
2026-04-26,78657.55,0.013214079557603819,40.34,35.61928352188024,4.720716478119762,-0.01648745051910991,-0.00543596963210366,,,,
2026-04-27,77371.32,-0.01648745051910991,40.62,36.39528241629795,4.224717583702045,-0.013382837592731378,0.013716174716940236,,,,
2026-04-28,76342.77,-0.013382837592731378,40.58,36.7851574992979,3.794842500702096,-0.00739892610895058,,,,,
2026-04-29,75780.0,-0.00739892610895058,39.62,36.936548882315904,2.6834511176840934,0.007448700376110247,,,,,
2026-04-30,76346.57,0.007448700376110247,38.88,36.3978683083589,2.4821316916411007,0.024384544212578043,,,,,
2026-05-01,78231.13,0.024384544212578043,38.52,37.02225478076666,1.4977452192333445,0.0026646938299339866,,,,,
2026-05-02,78439.87,0.0026646938299339866,38.83,36.12801839623025,2.7019816037697453,,,,,,
