1,5,10,20,30,60,variante,bloco
-0.0004098439250921672,-0.0016177204168942188,-0.0028395513296199373,-0.005308712666447299,-0.006818069393113103,-0.013702981114743416,Ridge_alpha_fixo,60
-0.000236097455993867,-0.0011510868902304243,-0.002579463306274777,-0.005699924117297917,-0.007944844124781879,-0.013354907445131271,Ridge_alpha_fixo,60
-0.0002748134819713323,-0.00076631122567365,-0.0008995732385171664,-0.000500862960967852,-0.0003081090199765065,-0.004076079083386846,Ridge_alpha_fixo,60
-0.0002981592839406119,-0.001262007949859805,-0.0019406249149170943,-0.0026979031978088333,-0.003921941887089551,-0.009937428096715571,Ridge_alpha_fixo,60
-0.00016508380183899237,-0.0004164600663209515,-0.0005893317907447404,-0.0011970112971840183,-0.003044448594286681,-0.014413835058665475,Ridge_alpha_fixo,60
-0.0003927308745240237,-0.0011229404092284608,-0.0018948834899707374,-0.0030751251679658883,-0.003215596348368311,-0.0051685906062194425,Ridge_alpha_fixo,60
-0.0004038490509626381,-0.0016895964632329603,-0.0033732005745799394,-0.007489987244846793,-0.011721290584280064,-0.028681258717747647,Ridge_alpha_fixo,60
-0.00024264251317141332,-0.0007802931229597334,-0.0013732890740550123,-0.002212303211645338,-0.0035254441179903904,-0.005894165342115315,Ridge_alpha_fixo,60
-0.0004998877802346132,-0.001545258669880147,-0.002672932672561362,-0.004532559114040121,-0.004973939710743969,-0.00723141257354412,Ridge_alpha_fixo,60
-0.00012863484087166137,-0.00019992829165372164,4.091637887997258e-05,0.00013926863272301174,0.0005434719370892362,-0.0016533076379741565,Ridge_alpha_fixo,60
-9.196506303405713e-05,-0.0004346027162906426,-0.00017336645401107352,0.00034149992337844303,0.0010154966906438041,-0.005097607397041259,Ridge_alpha_fixo,60
-0.0005614749323985101,-0.0016254834855144776,-0.0028046420258128466,-0.005364899372771981,-0.007198481155572153,-0.010403302031956855,Ridge_alpha_fixo,60
-0.0005227971085488698,-0.0025461109810319344,-0.005362731233934122,-0.009661055769310645,-0.012542543895881513,-0.02021382093748998,Ridge_alpha_fixo,60
-0.0002305618335065011,-0.0013195960692703197,-0.0020577702160934717,-0.0039349318423777,-0.0043076286669549895,-0.008509597969422966,Ridge_alpha_fixo,60
-0.0001562202677016028,-0.0006100656531059787,-0.00015429731187072384,0.0011778907107619378,0.0021093472188144485,0.0023449946573534945,Ridge_alpha_fixo,60
-0.00035592452712660287,-0.001023728942473616,-0.0021398089245887094,-0.005157485624125573,-0.007918475667303079,-0.01710901026305862,Ridge_alpha_fixo,60
-0.0003016946677182227,-0.0010612091756851609,-0.001705159797554142,-0.0035561415101904217,-0.006546490633721314,-0.021773578168550044,Ridge_alpha_fixo,60
-0.0002001972989175183,-0.0010754177975043253,-0.0018826462198426957,-0.0033169218713379324,-0.004160699480535805,-0.007487343765021527,Ridge_alpha_fixo,60
-0.0003171972235729098,-0.001030201897367873,-0.0017272641599377862,-0.003189055076672414,-0.004602490518947847,-0.016479450397975045,Ridge_alpha_fixo,60
-0.0006970137460318639,-0.0032799877491172863,-0.0055131540077748625,-0.007843002828529644,-0.01126317990916888,-0.015094716364170339,Ridge_alpha_fixo,60
-0.00023750161050931475,-0.0007399152385608548,-0.001761981354061355,-0.004067890422928923,-0.005630786714582532,-0.009640000212109891,Ridge_alpha_fixo,60
-0.000286001750888538,-0.00020101637617217554,-0.001314884231268742,-0.00411984934516272,-0.006513412372039718,-0.02182405007174903,Ridge_alpha_fixo,60
-0.00031417416424684883,-0.0015894561283836459,-0.002893125861829635,-0.004909498867427099,-0.00484459768612617,-0.004252872039092013,Ridge_alpha_fixo,60
-0.0004054832115398646,-0.0018161918960495694,-0.0034197905186523357,-0.004157468140766186,-0.004142953056921646,-0.008179177051432928,Ridge_alpha_fixo,60
-0.00020650777487167679,-0.0009122379355197884,-0.0013159889850434788,-0.0023371695403182967,-0.00313229311900575,-0.008080843147995915,Ridge_alpha_fixo,60
-0.00012885553730880396,-0.00037860258913636786,0.00013413603307983093,0.001227163226526087,0.0021870647985798596,-0.007160322542096211,Ridge_alpha_fixo,60
-0.0002169446690105038,-0.00018424995621445957,1.157951745538555e-05,-0.0007590291286524257,-0.0013644532254389482,-0.011492158605060246,Ridge_alpha_fixo,60
-7.768476212117454e-05,-0.00022006727572751033,-0.0002962174252886156,-4.462360398934475e-05,0.000369197399957368,-0.005388496607771033,Ridge_alpha_fixo,60
-0.00014313480643597464,-0.0009766979077363424,-0.0021217042238719625,-0.004586106154529099,-0.005754746215913862,-0.013102078594790493,Ridge_alpha_fixo,60
-0.0004093332667330904,-0.0011616236761792104,-0.0011706176746099394,-0.0004340404943321481,0.0007091270062647801,-0.003369094770825765,Ridge_alpha_fixo,60
-0.00030630971414112286,-0.0012667701361817121,-0.0024258340995162763,-0.004944963210958997,-0.006204660281765173,-0.01365477160034557,Ridge_alpha_fixo,60
-0.0002694274491867688,-0.0010092551989156068,-0.0011293791699824216,-0.0015621257520909136,-0.001656565076647311,-0.004364470182677993,Ridge_alpha_fixo,60
2.2120448147774456e-05,0.0006109029728695878,0.0005497688957326583,-0.0005387862496001897,-0.0019707249979203714,-0.013840007945262049,Ridge_alpha_fixo,60
-0.00022026068470488161,-0.0011362788313963776,-0.0023062594424815767,-0.004559174286118848,-0.006068465050213121,-0.01046307468911734,Ridge_alpha_fixo,60
-0.0003914416783845801,-0.0014466533471338705,-0.002826788681700296,-0.005736386307463487,-0.008727232000312606,-0.017397457781314164,Ridge_alpha_fixo,60
-0.00044584144116198465,-0.0014310411248843063,-0.0035166956333172877,-0.005742004225715837,-0.0071994758050179745,-0.010243596057043263,Ridge_alpha_fixo,60
-5.8177871658937245e-05,3.934480441951688e-05,0.0004602147247770161,0.000534034013721038,0.0002564434858045315,-0.006279862578737425,Ridge_alpha_fixo,60
-0.00016869978518396845,-0.0006692137948840516,-0.001217254408284857,-0.0032208886648977027,-0.00544122573610142,-0.012658696750290724,Ridge_alpha_fixo,60
-0.0002787775132438417,-0.0015402250752731823,-0.003029281860949027,-0.005430989476644675,-0.007454107421215445,-0.014887999786102701,Ridge_alpha_fixo,60
-0.0004277100815352471,-0.0012078684592758185,-0.0028791359358785983,-0.006493157231252323,-0.009389541978451195,-0.01976919667234023,Ridge_alpha_fixo,60
-0.00036605331110440805,-0.0018973604065169695,-0.0031122296294782787,-0.0048321322550088945,-0.005142509797088007,-0.009077435860374105,Ridge_alpha_fixo,60
-0.00019010258799602507,-0.0006314092956245594,-0.0005847292614181919,-0.0012258134033499763,-0.0013253061351097529,-0.009817647598593863,Ridge_alpha_fixo,60
-0.0003289356698542573,-0.00157182037054941,-0.005146861379135672,-0.012017917531625639,-0.018792771198041333,-0.04038692305292,Ridge_alpha_fixo,60
-0.00034173981721984136,-0.001523152033988952,-0.0025380903456507643,-0.004437619925866346,-0.006177146314351437,-0.013036638912909907,Ridge_alpha_fixo,60
-3.363403876436945e-05,0.0003128708769859638,0.0007765269678207285,0.0006023140028577034,0.0008239392600383908,-0.006133764687053092,Ridge_alpha_fixo,60
-0.00016499767872894816,-0.0004189313455929969,-0.0009764998005469757,-0.0024711097316739467,-0.003699697647433613,-0.010256572662225018,Ridge_alpha_fixo,60
-0.00038555864741444756,-0.0016150644582397908,-0.0026300970692949522,-0.004432880290153723,-0.008515174392605762,-0.02482624226676405,Ridge_alpha_fixo,60
-0.0003029397114590918,-0.0012733539064576644,-0.0018277638560266693,-0.0032571525582656803,-0.004531451493534016,-0.008083899061233767,Ridge_alpha_fixo,60
-0.00014259567397912267,-0.00022900371314340233,-0.00018573911033513917,-0.0014453167610482434,-0.0012637882184205126,-0.0045500847701071805,Ridge_alpha_fixo,60
-0.000156956046707634,-0.0005994914420715077,-0.00042818755533467843,0.0007551598677572825,0.0018410189393987175,-0.0022445620487101586,Ridge_alpha_fixo,60
-9.359313337173432e-05,-0.0005168320407491411,-0.0007905844855451151,-0.0007110495886134115,-0.0012102357844188329,-0.007173382495823857,Ridge_alpha_fixo,60
-0.00040295173865198325,-0.001057863239260744,-0.0003568266901026955,0.0012283244014428517,0.0036755546579818467,0.00412035901086004,Ridge_alpha_fixo,60
-8.85198717429993e-05,-0.000788607024750107,-0.0019247424526808428,-0.005353174015154435,-0.008271219813217955,-0.014244629667396555,Ridge_alpha_fixo,60
-4.044889047852526e-05,0.0004910495770006753,0.0016730537436438154,0.0022225398324761964,0.002210063313568463,0.01389632128493897,Ridge_alpha_fixo,60
-0.00028426742253577714,-0.0013304899067118775,-0.002281174530206042,-0.0030357020578077173,-0.0030841157433809654,-0.005211939640437144,Ridge_alpha_fixo,60
-5.840125113279708e-05,9.142038362892649e-05,0.000930121339357155,0.0027281950165495266,0.004372931494810351,0.007663487422486467,Ridge_alpha_fixo,60
-0.0003645331238265486,-0.0010615514759393257,-0.002167178735832606,-0.0047496888589777814,-0.007167896996271358,-0.01667078348102688,Ridge_alpha_fixo,60
-0.0002933898620057671,-0.0013983392814026197,-0.0016813376587627943,-0.0016279792753335857,-0.002606614469592731,-0.009727930413727708,Ridge_alpha_fixo,60
-0.0003725586773514757,-0.0014512719753146848,-0.0021194307256197256,-0.0029731171819246376,-0.004261423268985655,-0.01699720784500547,Ridge_alpha_fixo,60
-0.00025686586425634585,-0.0007577570174853677,-0.0017608447838377845,-0.004660212267062772,-0.007386840606090396,-0.011176926377084367,Ridge_alpha_fixo,60
-8.872136141373484e-05,-0.0001569210980178541,-0.0001539797604201286,-7.127949995585386e-05,-0.0005474615446197496,-0.0037662973715211906,Ridge_alpha_fixo,60
-0.0002026918584531501,-0.00114164338286261,-0.0022640893020343983,-0.004034262180880262,-0.0051333588169289925,-0.012961546930106161,Ridge_alpha_fixo,60
-0.0002081286773252571,-0.0010731073880281574,-0.0014750591400088326,-0.0025660613996188212,-0.003537419465380559,-0.011040776865423287,Ridge_alpha_fixo,60
-9.263380696083231e-05,-0.0003398665419698916,-0.0002949097955630843,-9.739157971950523e-05,0.00013757057895049057,-0.006017093838143343,Ridge_alpha_fixo,60
-0.00015851879822258242,-0.0004983997959488857,-0.0009778602543974331,-0.001811576646087166,-0.0016933941221605646,-0.005278294894534495,Ridge_alpha_fixo,60
-0.00010004702067622112,-0.0003676934562295468,-0.00038205664904027414,-0.0005910304020247266,-0.0018096491478192059,-0.012349497012547339,Ridge_alpha_fixo,60
-0.00023567623734611513,-0.001273252786837641,-0.002448500377039134,-0.004373674777024212,-0.007525131358504076,-0.017080927554465806,Ridge_alpha_fixo,60
-0.00017238076045842098,-0.0001988979495456471,0.000357749194192895,-1.2347161754408818e-05,-0.001568103582690124,-0.006421988322585996,Ridge_alpha_fixo,60
-0.00014338514512460135,-0.0006013823160940614,-0.0007394969631558061,-0.0011357295942452143,-0.0013570871409594619,-0.00725945527844084,Ridge_alpha_fixo,60
-0.00026686417982968815,-0.0011932232743810688,-0.0020678618464193823,-0.005224486972445453,-0.007823363364484793,-0.016048633186334777,Ridge_alpha_fixo,60
-0.00012081658442244255,-0.0005516236626355832,-0.0009289400127595004,-0.0012318039235585819,-0.001170930011804868,-0.010792663642429937,Ridge_alpha_fixo,60
-0.00045583284145315247,-0.001895709539506209,-0.0032682821739504833,-0.006911845557140669,-0.008971314461608463,-0.020779095720504428,Ridge_alpha_fixo,60
-0.00041491252076351307,-0.0017658832405130066,-0.0022670269967417804,-0.0027797882001985115,-0.002190960767418962,-0.012018381499658523,Ridge_alpha_fixo,60
-0.00012769806750056556,-0.00021860157551698058,0.00010155241832611174,0.0011607271467247145,0.0016399055224040153,-0.0024548746554785995,Ridge_alpha_fixo,60
-0.00025487255406386663,-0.0006383734224693219,-0.0011939805649696744,-0.002615877511213389,-0.0042148584493101925,-0.015319371738907496,Ridge_alpha_fixo,60
-0.00013950461803367994,-0.0004649188604114426,-0.0006596109431245272,-0.002167337807106637,-0.00267050117483811,-0.007482093457080411,Ridge_alpha_fixo,60
-0.00034318032605593996,-0.0010713109448020276,-0.0019418377561125511,-0.003195808893019194,-0.004345335217370633,-0.00627415917482429,Ridge_alpha_fixo,60
-0.0003036973289366716,-0.0012078818961399867,-0.0019535005531677078,-0.004653887817481786,-0.007391328605575018,-0.01938362833158172,Ridge_alpha_fixo,60
-0.0006170810926697848,-0.002453481008995739,-0.004284725723594828,-0.006514626835988463,-0.008463703349351853,-0.012097629224195763,Ridge_alpha_fixo,60
-9.958653460463582e-05,-0.0004207951084719777,-0.0010298872082668813,-0.0015457041480314857,-0.0018778254951959394,-0.00986201790418964,Ridge_alpha_fixo,60
-0.00012147101377260272,-0.0004369030978137966,-0.00030754660050309366,-0.0009752150888251111,-0.0028714622889671683,-0.013505556930561618,Ridge_alpha_fixo,60
-0.00035004527306765535,-0.0017243681482622883,-0.0024676834904306076,-0.003135957438204138,-0.0027945369148583304,-0.009850533877808133,Ridge_alpha_fixo,60
-0.00026111028438988095,-0.0008317203368446518,-0.001732969688987159,-0.0032645995400629457,-0.004490617721692381,-0.011192234257497562,Ridge_alpha_fixo,60
-0.00016216609108102463,-0.0005409831002348644,7.11719443270643e-05,0.0006685467198584449,0.0034052252513296767,-7.805687892519231e-05,Ridge_alpha_fixo,60
-0.00011010356228859187,-0.0004326298575261448,-0.0003112515392387982,-0.0007251492218368009,-0.0016818872395609299,-0.008392020162336663,Ridge_alpha_fixo,60
-0.0005821332342176966,-0.002682733221561922,-0.0055453129683397835,-0.010645014029707323,-0.014339930866668625,-0.030139816520678497,Ridge_alpha_fixo,60
-0.0002763145763237785,-0.0014217802248649616,-0.0026754535747060457,-0.005605654875995628,-0.007299930801504327,-0.008040456151704557,Ridge_alpha_fixo,60
-0.00026911052727044245,-0.0005577733343870654,-0.000771822323768211,-0.0022026517818578882,-0.002933706395362145,-0.010482468883979908,Ridge_alpha_fixo,60
-0.0001367606589353885,-0.0007689278597003813,-0.002279688544802233,-0.005210114404919343,-0.0075622376779289876,-0.022282069356445153,Ridge_alpha_fixo,60
-0.00012690945497153498,-0.0007311431834242697,-0.0013922533667305478,-0.0020588310274404307,-0.003199614632439734,-0.007840343834261132,Ridge_alpha_fixo,60
-9.31308878569174e-05,-7.301187285377096e-05,-7.19950515233727e-05,-0.00038229405387908856,-0.0014919042098518525,-0.00725489725227558,Ridge_alpha_fixo,60
-8.586473082523266e-05,-0.0002511119132070159,0.00026584001108832984,0.0014125759027342948,0.00258891542446202,0.001988838797546947,Ridge_alpha_fixo,60
-0.00038835906461422777,-0.001741230579387684,-0.002349969251078954,-0.0032429558143904913,-0.0036997852278523695,-0.008659108497399332,Ridge_alpha_fixo,60
-0.0003156863943718219,-0.0008906000697273884,-0.0011822133141593358,-0.001451291950564448,-0.0007945962631448306,-0.00985850301510826,Ridge_alpha_fixo,60
-0.00019916098850059392,-0.0006108544230361686,-0.0013035835917591437,-0.002566081699334357,-0.004049394608770298,-0.008497491515190097,Ridge_alpha_fixo,60
-0.00033346865997431637,-0.0016242922461791177,-0.0033482278621943494,-0.005606680495833376,-0.007090118929608787,-0.014019096213043742,Ridge_alpha_fixo,60
-0.000268487053517526,-0.0006993057508322616,-0.001509928079404485,-0.004087881886266919,-0.007158362577256591,-0.01772765474487454,Ridge_alpha_fixo,60
-4.6471199846956586e-05,-7.4321303995934e-05,0.0003977980199946046,0.001623762362596325,0.0024783238779454053,-0.002108755150860819,Ridge_alpha_fixo,60
-0.00017019709216647334,-0.0003530795836381167,4.431283858326811e-05,0.0003679968597119108,0.0004220645729721715,-0.006909549823113326,Ridge_alpha_fixo,60
-0.00043851329042558107,-0.002332580301942767,-0.005424526133011808,-0.011091700122928875,-0.017439178153121675,-0.040170128449985215,Ridge_alpha_fixo,60
-0.00024825141116912973,-0.0005108173559399199,-0.0005794887578831501,-0.0014516958195348113,-0.0024617660225801433,-0.00907838378294152,Ridge_alpha_fixo,60
-0.00025067841589723945,-0.0007620246707577517,-0.001060059507212944,-0.0007683791809245461,0.00024591321663662786,-0.0018758085146491537,Ridge_alpha_fixo,60
-0.00047313028205276986,-0.0014750750621438265,-0.0033261764847557864,-0.006769984653567514,-0.010592425841903277,-0.014843963326964268,Ridge_alpha_fixo,60
-0.0002648105658359574,-0.001061525326813604,-0.0020706548602224778,-0.004283241655625486,-0.006367271093264265,-0.013622868359055764,Ridge_alpha_fixo,60
-6.515187879367147e-05,-2.768620282736102e-05,5.8360369105478275e-05,-0.0007277534282626863,-0.0022986706515640805,-0.014267019121087361,Ridge_alpha_fixo,60
-0.00044531530469890906,-0.0019415753069879785,-0.002205837598020064,-0.0016011026435621093,0.0021889112370855114,0.004049382022756195,Ridge_alpha_fixo,60
-0.00019255759753986158,-0.0005523362149715031,-0.0006155821487729331,-0.00043198258728191936,7.857463230833835e-05,-0.0010985229765256975,Ridge_alpha_fixo,60
-0.0001906532593321397,-0.0006312373008660142,-0.0008633803899038338,-0.002787315327983853,-0.00437630499536731,-0.01294419061104047,Ridge_alpha_fixo,60
-0.0003513784667762806,-0.0014453051565603712,-0.0018900685066905191,-0.00229990036041136,-0.0027478197202537103,-0.019482359088739375,Ridge_alpha_fixo,60
-0.00011591527290809606,-0.0004167623043118301,-0.0006045372899201895,-0.0023586554953454195,-0.004178495142246257,-0.009331222987361151,Ridge_alpha_fixo,60
-0.00022484430075122094,-0.000657745083561051,-0.0008248179782440394,-0.0009850311507166433,-0.0007477875085909523,-0.009587461819965105,Ridge_alpha_fixo,60
-0.00035743331324027816,-0.0009930931718480417,-0.0023792010022785407,-0.006099323817420132,-0.009900991843554766,-0.019060604365247997,Ridge_alpha_fixo,60
-0.00014415854331179282,-0.0005541460405642173,-0.0009285705831897739,-0.0016955343625320442,-0.0005496340600343228,-0.008025803495084567,Ridge_alpha_fixo,60
-0.00014079588586549062,-0.0007001998583609238,-0.0011737977871745782,-0.0026668747614279017,-0.0034522490023952412,-0.00903124266531082,Ridge_alpha_fixo,60
-0.00019880488656428365,-0.0006729192984135535,-0.0018946203657690013,-0.004821583143298677,-0.005790695467330596,-0.016311428778492367,Ridge_alpha_fixo,60
-0.00026690904893468894,-0.0009345141505590398,-0.002787203390266889,-0.0072225529413761135,-0.012342254223076369,-0.02606417019030514,Ridge_alpha_fixo,60
-0.0003413439164552947,-0.0011434306539074798,-0.0019265494009651986,-0.003861373875787847,-0.005007953358860734,-0.010562047350258147,Ridge_alpha_fixo,60
-0.00019059654125441473,-0.00040964931107044473,-0.0004272345165998177,-0.0013067207599782226,-0.0018355879968784362,-0.006188988807051251,Ridge_alpha_fixo,60
-0.0003348493745861426,-0.0013396184825050614,-0.0016949388388112687,-0.0004937112509188533,-0.0009970341815920365,-0.014946432527482761,Ridge_alpha_fixo,60
-0.0002364837544322361,-0.0014375729664565075,-0.0027324050194782717,-0.0031660462584051047,-0.004377591378013595,-0.014422429225004122,Ridge_alpha_fixo,60
-0.00038033832650064285,-0.00145213306127279,-0.0031111996939329842,-0.005632217839499101,-0.006652092516226291,-0.012333016564480239,Ridge_alpha_fixo,60
-9.654369549585238e-05,-0.0006485367870145633,-0.0014277604845070143,-0.0023855242266219447,-0.0035511498887153834,-0.007386604920648994,Ridge_alpha_fixo,60
-0.00034400489316152127,-0.0006411670617615425,-0.0008154570960362366,-0.000942363529844982,-0.0006546213084018055,-0.004757019069268663,Ridge_alpha_fixo,60
-0.00019783836632652485,-0.0007263313596479028,-0.0009684137399342434,-0.0025728416364992693,-0.0047906178580989205,-0.012698436315119447,Ridge_alpha_fixo,60
-0.0002192487667429866,-0.0005927881544439293,-0.00024424750738097063,4.9018472701573045e-05,0.00022233481767453748,-0.0037537416017048887,Ridge_alpha_fixo,60
-0.00015918193159454136,-0.00043220150080697803,-0.0006988621779707515,-0.00038934423761436093,-0.00018791899379606446,-0.005992523527102366,Ridge_alpha_fixo,60
-0.00024946508538288065,-0.000927499414800516,-0.001045726858417723,-0.0005641236896651041,-0.00019076329955317747,-0.00826376427779013,Ridge_alpha_fixo,60
-0.00022478047715182781,-0.000582031732775597,-0.00026848498192435827,-0.0005046580360629727,-0.00145313338147752,-0.004980546878196345,Ridge_alpha_fixo,60
-0.0004791315524222897,-0.0018124473026677258,-0.002398437900733939,-0.0031370735212456614,-0.0024887669371425817,-0.005230745310320425,Ridge_alpha_fixo,60
-0.00048271748611987154,-0.0006608402823098803,0.0005751333640846534,0.0011386076378043306,0.0011980162758633386,-0.009172924462885661,Ridge_alpha_fixo,60
-5.3257013378153046e-05,-0.00023952330785996707,-0.0002312091734823239,-0.00017635070482549463,-1.8894688488545766e-05,-0.01324728059769004,Ridge_alpha_fixo,60
-0.00034724662643334075,-0.0016572126550772628,-0.002190277371160621,-0.003303012281034468,-0.002587634949386684,-0.010855428879628799,Ridge_alpha_fixo,60
-0.00027597946927748155,-0.0011143447105852477,-0.002532116976720912,-0.00565356198923718,-0.008595004323917289,-0.012522443855762665,Ridge_alpha_fixo,60
-0.0001764708727474126,-0.0007937630105179318,-0.001055997327678006,-0.0017510773530261554,-0.002498886417138916,-0.007595149275409143,Ridge_alpha_fixo,60
-0.0003846902357260708,-0.0017626667590910164,-0.002857162013993358,-0.0038960061450830103,-0.005422812311821319,-0.012360595683027628,Ridge_alpha_fixo,60
-0.00026800644622916733,-0.0010160396446126927,-0.0016869477890537664,-0.0038099229922406385,-0.005707775139587029,-0.007568004603324442,Ridge_alpha_fixo,60
-0.0006122475997654667,-0.0027042066486587567,-0.004171604913586434,-0.0073105150020241665,-0.010444375885190663,-0.013464594940185986,Ridge_alpha_fixo,60
-0.00022267750193321354,-0.0008398622680392482,-0.001912110656083153,-0.004448348318575591,-0.006733124183921188,-0.017631904814760648,Ridge_alpha_fixo,60
-0.00048633852435636584,-0.0013556460502813956,-0.0016495677941349741,-0.002961500423763168,-0.003928874138526547,-0.01099321785279702,Ridge_alpha_fixo,60
-0.00030755648423994394,-0.0012606096978223062,0.00042609382850671473,0.003339547825436448,0.006240360234706276,0.003053259317474316,Ridge_alpha_fixo,60
-0.00028181443284318796,-0.0011242918651244332,-0.0019272974925582402,-0.004047774169757384,-0.00463681153163168,-0.012127108169191617,Ridge_alpha_fixo,60
-0.00012090552872604876,-0.00022311756965872657,-7.89103924249593e-05,0.000570039744591228,0.0009009978823908717,-0.007792223450837078,Ridge_alpha_fixo,60
-2.2100577674034162e-05,0.00027658389121547897,0.00043618055338320313,0.002141240278973135,0.0037454761357900413,0.001382747185172753,Ridge_alpha_fixo,60
-0.0003915124061973094,-0.0014793554002878256,-0.002334736995392174,-0.003440895830923638,-0.003815822429239962,-0.022488596598207705,Ridge_alpha_fixo,60
-0.00013585501200910177,0.00010117554639513489,0.0015563978352901929,0.005112056309745184,0.00954736612712769,0.014854596989541282,Ridge_alpha_fixo,60
-0.00021715065375287943,-0.0007182210490869844,-0.0007138721709135484,-0.000993782127541462,-0.0014265089702218616,-0.004370723247884462,Ridge_alpha_fixo,60
-0.00025387069570787695,-0.0007540473143562786,-0.001266345991251296,-0.0024791336969275527,-0.003788922861532207,-0.012062537452521593,Ridge_alpha_fixo,60
-2.8100902596847695e-05,-9.059123386674188e-05,-0.0006856582406957462,-0.00202272260586718,-0.0038380975232571507,-0.011368573123659997,Ridge_alpha_fixo,60
-0.0002523539248983763,-0.001088065624683064,-0.002355150466571079,-0.004589652655502206,-0.00494996024866003,-0.010250848566940597,Ridge_alpha_fixo,60
-0.00021587691791326362,-0.0008477604811644484,-0.0010785415775718165,-0.0011865009116080536,-0.0019226669031988256,-0.0050562546832714755,Ridge_alpha_fixo,60
-0.00036044077997495985,-0.0011898149093760157,-0.002490349454402624,-0.005305949847951845,-0.006901425145900527,-0.012474593911312093,Ridge_alpha_fixo,60
-0.00025670225635916245,-0.000959156669967626,-0.0020880178595767142,-0.004754755129732423,-0.007061390630302859,-0.01121548552048653,Ridge_alpha_fixo,60
-0.000253034760841776,-0.0010697054899767335,-0.0017402318297359447,-0.0031667641696657913,-0.005330256468619913,-0.008522828283561368,Ridge_alpha_fixo,60
-0.00030090257444527843,-0.0011397464040600184,-0.0010426290194235914,-0.0004031511097009139,-2.3420862878301576e-05,-0.008158946412249655,Ridge_alpha_fixo,60
-2.462820548953616e-06,-0.0002943933357571411,-0.0011902646151587062,-0.002012637042246432,-0.0028860723033380304,-0.013998460250561916,Ridge_alpha_fixo,60
-7.271849615433836e-05,-0.0007895026859495787,-0.001838465708093303,-0.003514192687750736,-0.005592290319021457,-0.017009370101920114,Ridge_alpha_fixo,60
-0.0003585688757538839,-0.0012818265440559706,-0.0022702404580820026,-0.004344264772218233,-0.006570491962274869,-0.018235734788122494,Ridge_alpha_fixo,60
-0.0003389925651765926,-0.0010083504953388917,-0.0014186061684789413,-0.0034056608642107837,-0.005283823477603182,-0.017805447204742402,Ridge_alpha_fixo,60
-0.00024726112105182793,-0.0011993156997949417,-0.002853754950578598,-0.005223426125140179,-0.006780164199637459,-0.01569032772164663,Ridge_alpha_fixo,60
-0.0003424970914187899,-0.0015012180180278886,-0.003208930739777735,-0.006597439900932012,-0.008994394350821755,-0.01023299720379984,Ridge_alpha_fixo,60
-0.00023507135974199888,-0.0010302943161489247,-0.002089746027079665,-0.004884848590684025,-0.007214956498665417,-0.014627355661181675,Ridge_alpha_fixo,60
-0.00019339721797090464,-0.0007986760969513513,-0.0012529074758996926,-0.003036792052985282,-0.004394013728064868,-0.008784564751179362,Ridge_alpha_fixo,60
-0.000517918230746272,-0.0018608349894824077,-0.0032067692603013538,-0.005906028150278311,-0.007589079738472249,-0.01595077481166253,Ridge_alpha_fixo,60
-0.00031011364836580467,-0.0011453013003686506,-0.0021143626563376768,-0.0030556215960863037,-0.0034272624954725965,-0.008924953261220022,Ridge_alpha_fixo,60
-0.000420338262652889,-0.0017897824354394956,-0.0027325870908267882,-0.004960001472592756,-0.007975168000753137,-0.025356226282597413,Ridge_alpha_fixo,60
-0.000494751517072819,-0.0016098683728233319,-0.00281333178315401,-0.005770352858972587,-0.007551125911144314,-0.008215164199123508,Ridge_alpha_fixo,60
-0.000237438804893556,-0.0008151682729581356,-0.0009364962098997578,-0.0017813233693825558,-0.0015751219792646078,-0.004401823869277396,Ridge_alpha_fixo,60
1.538762216990771e-05,-0.0003087120192431878,-7.800150463762838e-05,0.0009442874599542887,0.0015669068865202165,-0.007584030503702027,Ridge_alpha_fixo,60
-0.00034488047574087155,-0.0013842920894359197,-0.0027697579339414757,-0.005069009749957497,-0.006067549928567003,-0.010436631795762681,Ridge_alpha_fixo,60
-0.0004548805660568627,-0.0015615150549423576,-0.0019474297158264971,-0.0020400753419440314,-0.00114515470429936,-0.004708072188400577,Ridge_alpha_fixo,60
-9.53343248866294e-05,-0.00027001920542340277,-0.00027414671908238485,-0.0002363743999137453,-0.0006649279006173442,-0.004505657678351723,Ridge_alpha_fixo,60
-0.00025792664613012375,-0.0013437689052359886,-0.0021604768628309345,-0.003701316090099695,-0.005273352105002261,-0.009336822153569953,Ridge_alpha_fixo,60
-0.0003701962452713479,-0.001341291852880178,-0.0020849903858742927,-0.005175590959462734,-0.007691093137223129,-0.013462191850665035,Ridge_alpha_fixo,60
-0.00014134416003710293,-0.000622634761878245,-0.0013490021634616346,-0.0024005341638891012,-0.003654872832134523,-0.007066681219454796,Ridge_alpha_fixo,60
-0.00015544443570970158,2.1639602010514814e-05,0.0005467039808896941,0.000378513896893435,0.0007751431715263828,-0.00958507970687297,Ridge_alpha_fixo,60
-0.00024817944052072825,-0.0008553994418339266,-0.001099716358954296,-0.0014881195121968054,-0.002414619055229555,-0.013172876206468096,Ridge_alpha_fixo,60
-2.857899601572337e-05,0.00011720426253576508,0.0009152331875358099,0.0028407214920825575,0.0042121744120752974,0.005322939671978814,Ridge_alpha_fixo,60
-0.00032578601031995724,-0.0013511156978047582,-0.002357126676907896,-0.004076190406735191,-0.0044210631089877704,-0.006415420355197763,Ridge_alpha_fixo,60
-0.00031450594493381297,-0.0007822148215809987,-0.001484468149808944,-0.0032675947174363148,-0.004908511251950002,-0.01067341409727879,Ridge_alpha_fixo,60
-0.00015752827267792087,-0.0007189985848260074,-0.00119463271810472,-0.0023762309109249505,-0.002415164811669317,-0.004758315273416798,Ridge_alpha_fixo,60
-0.00039743547455010664,-0.0013178568536616956,-0.002018210465065709,-0.003667741151531244,-0.004333420511417798,-0.007016423709814232,Ridge_alpha_fixo,60
-0.0001115295287302322,-0.0006372135082365557,-0.0011859460030665505,-0.0014215402059987415,-0.0019503485880584014,-0.0076223494513890395,Ridge_alpha_fixo,60
-0.00011277595777567632,-0.000642542015856048,-0.001058094263243307,-0.0021003546959037192,-0.0033993100652638733,-0.012035758877742164,Ridge_alpha_fixo,60
-0.00018984467059830081,-0.0006404307693640718,-0.0007596855708400146,-0.0009043214151361995,-0.0006404403143746656,-0.0014456197535905875,Ridge_alpha_fixo,60
-4.3218801199173085e-05,-0.0005456436267961178,-0.0005359193801992464,0.0014723433785124335,0.003639407634580568,0.004140779415514704,Ridge_alpha_fixo,60
-0.00011479954905374732,-0.00043585128547646496,-0.0003825510070155631,-0.001618136828352082,-0.0035203765810439998,-0.008244232781270356,Ridge_alpha_fixo,60
-0.00038217830302278574,-0.0015738669873105896,-0.0028538648897995737,-0.004987127441389218,-0.005430093222374308,-0.007814781140130246,Ridge_alpha_fixo,60
-0.00021296038313507303,-0.0005989258083178469,-0.0009513261366756155,-0.002822633212830184,-0.005052454982938165,-0.013103426505471315,Ridge_alpha_fixo,60
-0.00015949713436859333,-0.0007371174081552419,-0.0015978438570274608,-0.0027688434443087296,-0.0029877658999275685,-0.011268568172484972,Ridge_alpha_fixo,60
-0.00035081547719415976,-0.0015750513367164666,-0.002383485600424898,-0.0031945575205442785,-0.002492397992180882,-0.005982710497891271,Ridge_alpha_fixo,60
-0.0002844707924267838,-0.0012061926678132687,-0.002187389080447117,-0.004456183721729364,-0.006894646189961848,-0.02349066714939886,Ridge_alpha_fixo,60
-0.00026414462125650627,-0.0011030490496113958,-0.0016870564137427522,-0.002158421973239713,-0.0019034476917950173,-0.0009407444130488584,Ridge_alpha_fixo,60
-0.00039575680164744687,-0.0014793400317720223,-0.0026604235079108096,-0.006161381700174987,-0.008840506927124112,-0.01549161141635053,Ridge_alpha_fixo,60
-0.000251876683330318,-0.0009273991495591083,-0.0016817676565372744,-0.0027615568834309283,-0.003562814506643777,-0.005802051959422524,Ridge_alpha_fixo,60
-0.00041738492630879174,-0.0017481713802568355,-0.002563786742352652,-0.0034199935032188803,-0.0036267878188095052,-0.0014156377587184398,Ridge_alpha_fixo,60
-0.00014485239336866322,-0.0008262909652493457,-0.001419957779834822,-0.003772218998226487,-0.004674410219870848,-0.010953900399568128,Ridge_alpha_fixo,60
-0.0002145935162700543,-0.0007851589488471255,-0.0016050429222114468,-0.003381053029431628,-0.005746223639578344,-0.007222837515296007,Ridge_alpha_fixo,60
-0.0004135175655866077,-0.0011819692068190386,-0.001849977694990055,-0.004163497027284859,-0.0069091667266794965,-0.02364091197911376,Ridge_alpha_fixo,60
-0.0002868000698013201,-0.0016787080175684104,-0.003088875569656179,-0.006456690028801033,-0.008020158860972631,-0.015612543014929677,Ridge_alpha_fixo,60
-0.00036131331157343626,-0.0011736432757891086,-0.0014735937088092442,-0.0016924005607660108,-0.0017912221778785095,-0.0009678000139006352,Ridge_alpha_fixo,60
-0.0005171939404365878,-0.0019925317425420943,-0.0037964470910722384,-0.008267092398930448,-0.010822358752370273,-0.02712629821265732,Ridge_alpha_fixo,60
-0.0002988591715619741,-0.0011046790040275685,-0.0014292063556351027,-0.0029821235554516583,-0.004630630513930651,-0.01085177523371499,Ridge_alpha_fixo,60
-0.00026134122321129234,-0.0011418119067918141,-0.0018984681989654994,-0.00282638561059894,-0.002906449125418337,-0.006343912264078001,Ridge_alpha_fixo,60
-0.00029508971767129653,-0.0011271097154184014,-0.0025097977566509006,-0.005553494505100325,-0.008882025981823877,-0.020502858490368175,Ridge_alpha_fixo,60
-0.0002073159232417758,-0.0004201648973688528,-0.00023008260776834116,-0.00010060828825324351,0.0009205555496515625,-0.0014903128905231996,Ridge_alpha_fixo,60
-0.00046757274476421203,-0.001215926865199175,-0.0017275721198602072,-0.002692759063104374,-0.0029258780818871106,-0.005506484563381698,Ridge_alpha_fixo,60
-0.0002760523007157459,-0.0006576326185971126,-0.0013950255044208246,-0.0019471134622165752,0.0009099678300014363,-0.0017081563129193748,Ridge_alpha_fixo,60
-0.0003761372076993583,-0.00171814422183601,-0.0024405859639724096,-0.0034727170269468824,-0.0034122308200440115,-0.019635746875047867,Ridge_alpha_fixo,60
-5.448838984837245e-05,1.8641105972409213e-05,-0.0007659863404984271,-0.0022294377968486642,-0.0033009241792530866,-0.010640815305819434,Ridge_alpha_fixo,60
-0.00011602110724418291,-0.0006070832807907819,-0.0024371752882121874,-0.006665655077729594,-0.01101746976392831,-0.021380940219334683,Ridge_alpha_fixo,60
-0.00031704641389700426,-0.0010469100567817831,-0.0012772504401328511,-0.0014955007139153807,-0.0012416424109305793,-0.007979781516551786,Ridge_alpha_fixo,60
-0.00029694215073004744,-0.001139185083254825,-0.0030545433346090564,-0.006627513946340355,-0.0111358865913436,-0.024409589614550375,Ridge_alpha_fixo,60
-0.00013247207913403368,-0.00043839076356730697,-0.0002610003491922798,-0.0005002088699654816,-0.0010088127893576272,-0.008232007122652528,Ridge_alpha_fixo,60
-0.0001493309613455738,-0.0006619541551655753,-0.0008900728785024273,-0.0007803107861819146,-0.0007127993340870404,-0.006577153487612572,Ridge_alpha_fixo,60
-1.7388880287733908e-05,0.0001830659245388628,0.000192445079020215,-0.0002448864189874237,-0.00042696090374354115,-0.0056325196026540385,Ridge_alpha_fixo,60
-0.00020571693851130867,-0.0006906615526677613,-0.0013261851587830094,-0.0032602990919881588,-0.0042273002484386315,-0.013710735177088271,Ridge_alpha_fixo,60
-0.00024011048897501364,-0.0010734868747645288,-0.0020390083230447643,-0.0035929472518628357,-0.00490912974475695,-0.02091932814845238,Ridge_alpha_fixo,60
-0.00023019870608476917,-0.0008314479851876908,-0.001046588162172721,-0.0017364045725049566,-0.0020754823403017373,-0.009391163236570703,Ridge_alpha_fixo,60
-0.00015096519591552236,-0.000269351243169603,0.00032474740528826775,0.0008239403689521116,0.0019243579728952338,-0.0041255817850660344,Ridge_alpha_fixo,60
-0.0002626346046208733,-0.0011655949249492765,-0.00225453574694693,-0.004286556352234648,-0.006029585975462511,-0.011809065026159835,Ridge_alpha_fixo,60
-5.161809705880086e-05,0.0001269620853205825,0.0006433768963370976,0.0008732672884139135,0.0009091750498640517,-0.002920119963977814,Ridge_alpha_fixo,60
-0.00014656455805626254,-0.00041729999568266353,-0.00014034347098872713,0.00011428733825711707,0.00023910810806190337,-0.002183095882174997,Ridge_alpha_fixo,60
-0.0003247734662874891,-0.0010537299472280983,-0.0015902262166491285,-0.003213154004138877,-0.004931563622047909,-0.009192032163760088,Ridge_alpha_fixo,60
-0.00030324454153001564,-0.0013923046216815136,-0.002110894490875154,-0.005211311908750248,-0.00721368907102072,-0.01668043571556264,Ridge_alpha_fixo,60
-0.00015015114488967985,-0.0007567329628785235,-0.0008477440909123064,-0.00043081192817376676,0.0012980759784234402,0.0005773299879545767,Ridge_alpha_fixo,60
-0.00046066715038389436,-0.001632626019179649,-0.002513511201622138,-0.0033518843727047957,-0.0027607292792652988,-0.002528037226519765,Ridge_alpha_fixo,60
-0.00028186775261731747,-0.001077930343164404,-0.001448365859697895,-0.0022617276314216813,-0.003002722547343045,0.00025996374014251,Ridge_alpha_fixo,60
-4.493201245916344e-05,-0.0005701819855371644,-0.001898088378709211,-0.005697171315216923,-0.008220787250143581,-0.010740913069501822,Ridge_alpha_fixo,60
-0.0002967443812839859,-0.0013743593606529365,-0.003417080268387566,-0.007486993943779914,-0.011827767807305807,-0.017799447939419955,Ridge_alpha_fixo,60
-0.0002826157258857272,-0.0012179181453435537,-0.001917548354421862,-0.002492393120090048,-0.003328436821277378,-0.007055184248664758,Ridge_alpha_fixo,60
-0.00015122328204567558,-0.0002925885633014978,0.0005588541003946889,0.0017566900270756215,0.002181247509322528,-0.00243168597852327,Ridge_alpha_fixo,60
-3.402523431146263e-05,-7.530998570794743e-05,-0.0004233458324539427,-0.0013202495839641716,-0.0018485615234634693,-0.007027207287711833,Ridge_alpha_fixo,60
-0.0004408326304176867,-0.0012983158588952231,-0.0009680263544788305,-0.0005348208429630359,-0.0009209843212909324,-0.011102793189382919,Ridge_alpha_fixo,60
-0.0002890817650456354,-0.0014498871864092276,-0.0019713406898268855,-0.002865586281781352,-0.004126072385018187,-0.007002583122287112,Ridge_alpha_fixo,60
-0.000284645309304255,-0.0008375621898082293,-0.0012966291334936789,-0.0025345207245687255,-0.0038705437683448376,-0.0074207536660115215,Ridge_alpha_fixo,60
-0.000295182256741718,-0.0009474539800884803,-0.0023189441157095954,-0.006020421009788764,-0.009527067299310039,-0.019405001316201258,Ridge_alpha_fixo,60
-0.00026073336522744944,-0.0011731427992100162,-0.0023579169223325075,-0.004821246082675936,-0.007066377852244679,-0.022304253624688436,Ridge_alpha_fixo,60
-0.00028061316564683087,-0.0009119077536335872,-0.0011036572404587014,-0.001046742692862639,-0.0005785913084901273,-0.004584142087307902,Ridge_alpha_fixo,60
-0.00015357022413470134,-0.0005714902441760768,-0.0012159092813348886,-0.0025732384945230473,-0.003968919577017683,-0.014833249265961633,Ridge_alpha_fixo,60
-0.0002083156890578071,-0.0005593973373436069,-0.00037906498806306683,-0.0010731440931151253,-0.0026432689245834066,-0.015800143909143274,Ridge_alpha_fixo,60
-0.00022853435772241293,-0.000919217112259929,-0.0015777549959475497,-0.004341186002007466,-0.007574947480927521,-0.01634925605491763,Ridge_alpha_fixo,60
-0.00027779885659230387,-0.0008562119265126517,-0.0011366172854943195,-0.0016260855920781111,-0.0018492467982887731,-0.006717451473661394,Ridge_alpha_fixo,60
-0.0001990367683389943,-0.000728714205533704,-0.0008754521978669421,-0.001646983541027927,-0.002015044244142016,-0.008548265102039536,Ridge_alpha_fixo,60
-0.0001374542839553754,-0.0003729204665401542,-0.00042903373173187355,-0.0008107330518571649,-0.0009478754587383338,-0.005006344728433623,Ridge_alpha_fixo,60
-0.0002274147966709416,-0.0011827315562837133,-0.003042953566305201,-0.006487339593809185,-0.008015287706566229,-0.013114627497710751,Ridge_alpha_fixo,60
-0.0002870546375614835,-0.0008697245452242713,-0.0012988345665679434,-0.0025884205448380012,-0.004236570358118839,-0.009648954316196228,Ridge_alpha_fixo,60
-0.00030620968534445235,-0.0010912104288262998,-0.0014814019404650251,-0.0023280124972279597,-0.002152570409617589,-0.01667853249423192,Ridge_alpha_fixo,60
-0.00014985167275334996,-0.0007711357670916491,-0.000910304573662505,-0.001425514472833608,-0.0019258058035620204,-0.010586400161176575,Ridge_alpha_fixo,60
-4.9289656490079395e-05,-0.0006470678966825938,-0.0013236259393700268,-0.003636052829471794,-0.004274396946022297,-0.00876773105535812,Ridge_alpha_fixo,60
-0.00017994705546000493,-0.0006052741649579136,-0.0006008655222155875,-0.0006273188593865386,-0.0006518454848966652,-0.003856216639280046,Ridge_alpha_fixo,60
-0.0005476224902553453,-0.0018989994648818472,-0.0035974539780748425,-0.006819931876046082,-0.009650911935113762,-0.01590460450820904,Ridge_alpha_fixo,60
-0.000449209690815813,-0.0012386115604902516,-0.002031510626907712,-0.003174105615395662,-0.006204767022312647,-0.016708429626530536,Ridge_alpha_fixo,60
-0.0006023696017342918,-0.0019560414185425174,-0.0025239579181693477,-0.00401881423889739,-0.0060425008420547915,-0.015385886959832546,Ridge_alpha_fixo,60
-0.00041395925224934173,-0.0019784094671590896,-0.0032583722890756634,-0.0057731606666660325,-0.006928492439996453,-0.014474367980508059,Ridge_alpha_fixo,60
-0.00034691423820592133,-0.0010025343389660915,-0.0012741256275343156,-0.0017336565743474427,-0.0024777851137888023,-0.006505840639727538,Ridge_alpha_fixo,60
-4.048763915133475e-05,1.394285141491516e-05,0.0001468064553023847,-0.0006425381833826251,-0.0022748683169495207,-0.012373980497644545,Ridge_alpha_fixo,60
-0.00027450579981973456,-0.0009868828067916013,-0.001934668611201956,-0.003929600356603486,-0.005512306267919439,-0.01257870529685485,Ridge_alpha_fixo,60
-0.00046857862803191004,-0.001526108034296036,-0.002687101666860336,-0.004815172534187622,-0.005560061184913611,-0.01295535624991067,Ridge_alpha_fixo,60
-8.027263200895627e-05,-0.000259072957288626,-0.00023258777415552826,-0.0008833160574150377,-0.0018329138511723204,-0.011537317672948143,Ridge_alpha_fixo,60
-0.00020283337581065156,-0.0008040746119493518,-0.0016390129133728388,-0.002968062847548409,-0.004196684266719675,-0.011985354660252015,Ridge_alpha_fixo,60
-0.0005003860393850524,-0.0023993263840421377,-0.004337785219763619,-0.009029634350155719,-0.01176645405669218,-0.02027267206197285,Ridge_alpha_fixo,60
-0.00023402337721943988,-0.0004747225295552382,-0.0010301892278891487,-0.0022851779788572693,-0.00317929842122232,-0.009301514243011814,Ridge_alpha_fixo,60
-0.0004070336611051069,-0.0014693068767723915,-0.0023755014730975554,-0.0029997335279826854,-0.0034376465654999125,-0.008508379436327235,Ridge_alpha_fixo,60
-0.000281916859110048,-0.001057442531426311,-0.0015954221715299868,-0.0024158618607988984,-0.0031432948033913947,-0.005362769037420438,Ridge_alpha_fixo,60
-1.0624208119600606e-05,-0.0002594060446647333,-0.0007318051627301444,-0.0016427865955250544,-0.003149706273606279,-0.011137384212684877,Ridge_alpha_fixo,60
-0.00040149838900615755,-0.0014812328605304207,-0.0020908060013519066,-0.00323279946044057,-0.003618300965059864,-0.004075246552183978,Ridge_alpha_fixo,60
-0.00024486453249578604,-0.0007210810758956979,-0.0006795797514989576,-0.00023170932435812462,-0.0003680224301460283,-0.008543689974970837,Ridge_alpha_fixo,60
-0.0004112419545456404,-0.0008363993955404954,-0.0022167133003404517,-0.00496776149018498,-0.00829980144138461,-0.018262868580833595,Ridge_alpha_fixo,60
-0.00031555634628175353,-0.0013789359576577198,-0.0020177767017065464,-0.003914758011167721,-0.005445588110332629,-0.007591613510655245,Ridge_alpha_fixo,60
-2.541848407647535e-05,7.135629370021993e-05,0.0009779018327236927,0.0037002531058645855,0.0056855427388842,0.0008796629345651167,Ridge_alpha_fixo,60
-0.00025600463362199797,-0.0005922706129352918,-0.0011982329026978891,-0.0024650558446803806,-0.0033687326328142217,-0.006450793741998819,Ridge_alpha_fixo,60
-0.00045427674880991624,-0.002029103226523962,-0.0034259911969519554,-0.006156833895826038,-0.006640883813040112,-0.008972415438164443,Ridge_alpha_fixo,60
-8.47955536192271e-05,-0.0004900900613628766,-0.0005485691257044775,0.00010959911476558238,-0.0003658277467592859,-0.0027985827009812418,Ridge_alpha_fixo,60
-0.0002618670024723872,-0.00086321745763248,-0.0019560636590755845,-0.0052037917336037786,-0.007701068550197249,-0.014311006182406275,Ridge_alpha_fixo,60
-0.0006882038850484339,-0.0024645495868217235,-0.004664253271545811,-0.010765625502753586,-0.015555852849639323,-0.023826970515968895,Ridge_alpha_fixo,60
-2.5329768155225684e-05,0.00042524932155214504,0.0016237468715638579,0.003916508597810309,0.005729058441525093,0.0005516050093951201,Ridge_alpha_fixo,60
-0.0003137498763641627,-0.0011450240027822821,-0.0017611777557466457,-0.0015558002687369402,-0.0006113779495595199,0.00036597453086921114,Ridge_alpha_fixo,60
-0.0003532872016131205,-0.0012152194761521158,-0.0016111123147355582,-0.0029824373182991476,-0.00528344597455059,-0.012427803733722534,Ridge_alpha_fixo,60
-0.00026932664461729565,-0.0011216251800790934,-0.0018434445898933617,-0.003314181607325844,-0.004885902701907392,-0.011810572261313159,Ridge_alpha_fixo,60
-0.000449496047970213,-0.001705667699418989,-0.0027927949558621055,-0.003975864214828828,-0.0030310110301481554,-0.0023872543371179084,Ridge_alpha_fixo,60
-0.0003659620564543119,-0.0009804992693775991,-0.0014893048321442208,-0.003079523385464635,-0.0039392961502342895,-0.009102199178898778,Ridge_alpha_fixo,60
-0.0001053079290911353,-0.0008326389595718222,-0.0018069812483620358,-0.002861052843656675,-0.0037438133706760445,-0.009504556300572444,Ridge_alpha_fixo,60
-0.00011535098864946678,-0.0005229097596283063,-0.0012312755089965253,-0.0033512136740029815,-0.006832488054483342,-0.023879463068456445,Ridge_alpha_fixo,60
-0.000321782595897628,-0.0014170752483402033,-0.0030554852386342345,-0.00679977829580829,-0.009845118699389694,-0.02537948721769607,Ridge_alpha_fixo,60
-0.00014562137158945736,-0.0006891163908090941,-0.0014181467295258485,-0.0043160055973310955,-0.006901363482103284,-0.01937765747912802,Ridge_alpha_fixo,60
-0.0001754664151295304,-0.0005718236931472141,-0.0011332774656832992,-0.0034033517110761283,-0.004992864232106039,-0.011831423299801363,Ridge_alpha_fixo,60
-0.00021066214561485426,-0.000798624838812311,-0.0009206177348708621,-0.0014762482350732051,-0.0012057719529705805,-0.0027152768625613435,Ridge_alpha_fixo,60
-7.413249858938845e-05,-0.0003189031580774393,-0.0007606451677430503,-0.0005493765162213661,0.0007429469175442968,-0.0010519206710934586,Ridge_alpha_fixo,60
-0.00011712358948830188,-0.0003176384909460109,0.0004107142411563827,0.0020606344829835897,0.004329710954971534,0.0024333701903591224,Ridge_alpha_fixo,60
-0.0004241599160020306,-0.0019292919413652822,-0.0031408105059094497,-0.00496921796898851,-0.0075199768624357845,-0.020689794643565972,Ridge_alpha_fixo,60
-0.00031998498284116874,-0.0016890008766497397,-0.0033119256969491263,-0.005496809954866101,-0.007258688945797288,-0.013485283476127444,Ridge_alpha_fixo,60
-0.0003012455009788877,-0.000971805339818253,-0.0017849804513987684,-0.0037097084711431123,-0.005474608456866357,-0.018996649470981754,Ridge_alpha_fixo,60
-0.00018549942833834582,-0.000872006346298171,-0.0015900377134162814,-0.0029744689355969476,-0.003184824360881087,-0.010461680371844488,Ridge_alpha_fixo,60
-6.243288756411937e-05,7.604426366613323e-05,0.0011240808321267125,0.0008813823487560045,0.0005734127106735798,-0.005805575111089016,Ridge_alpha_fixo,60
-0.00028355422567872765,-0.0010048249762723183,-0.000929593357713395,-0.0015825309969180682,-0.0005832947739797162,-0.001773213671809995,Ridge_alpha_fixo,60
-0.0003122717830476848,-0.0013859183351587678,-0.0022870061690582664,-0.0037187773867919565,-0.0042366278988825706,-0.008600084765132398,Ridge_alpha_fixo,60
-0.00042646258178805557,-0.0016015923588488202,-0.0031942179922148915,-0.00574010294990306,-0.006329183222272429,-0.010399570570068064,Ridge_alpha_fixo,60
-0.00019052820304497683,-0.0004895335059615461,-0.00027744187858156223,-0.0003708279040723553,-0.00018494171450807203,-0.0011384353090360514,Ridge_alpha_fixo,60
-0.00025611288390152735,-0.0009264202013759371,-0.0021333467630240332,-0.005507993298332557,-0.007170182748262514,-0.015323437467266152,Ridge_alpha_fixo,60
-0.00010931073427444014,-0.0006461606770929506,-0.0009837131604064821,-0.002017538768209895,-0.0038674457353222334,-0.010150867157155206,Ridge_alpha_fixo,60
-0.00019788302399472316,-0.0007607160198397421,-0.0008933694444773759,-0.0016674869286261726,-0.0023420055475976763,-0.00417875103945115,Ridge_alpha_fixo,60
-0.0003891066522243179,-0.001217725944270731,-0.00226740331009375,-0.005213227939816453,-0.007657319567260546,-0.010932343964721997,Ridge_alpha_fixo,60
-0.00041929071733890676,-0.0014000442776020802,-0.002298042566726595,-0.0032683900180113523,-0.003410975127935477,-0.006564578696315915,Ridge_alpha_fixo,60
-0.00032234377767187465,-0.0015435154909859443,-0.00290063053564083,-0.00616889169726974,-0.009800721095785022,-0.017919600510465452,Ridge_alpha_fixo,60
-0.00020906053741869755,-0.0008921125104739824,-0.0014051797728951941,-0.0023958356839240665,-0.0033367006720986985,-0.007734601849502765,Ridge_alpha_fixo,60
-0.00011636811333186118,-0.00030413494387546104,-0.0006451564533259761,-0.002001825512598409,-0.003568486185524927,-0.00856983175238762,Ridge_alpha_fixo,60
-0.0001800527054232206,-0.0006328508729852092,-0.0008651909738991931,-0.0006623863138339782,-7.680003157693495e-06,-0.004302302503642164,Ridge_alpha_fixo,60
-0.00018977648381927057,-0.000563007666193885,-0.00013172965351557886,0.0006939358266755068,0.000977964676966492,-0.0036995678371277334,Ridge_alpha_fixo,60
-0.000328677221341457,-0.001185503975469455,-0.0013523323292353856,-0.0018165089687738648,-0.0026272696964203795,-0.007040912301731069,Ridge_alpha_fixo,60
-0.00017593316402642094,-0.0005551067120677205,-0.0009732277212629307,-0.0016326968442879686,-0.002580929018207237,-0.010122114781866656,Ridge_alpha_fixo,60
-0.00017800494432737742,-0.0008503728623429282,-0.0011284129227475657,-0.0016726927117084347,-0.0018904660325855392,-0.005526922450242623,Ridge_alpha_fixo,60
-0.00010259040187374846,-0.0007138815775327477,-0.0017362276043507987,-0.004418814048033052,-0.006983544057071635,-0.015006014310522326,Ridge_alpha_fixo,60
-0.00047124552506445407,-0.0019955760151531385,-0.002934289588069356,-0.00616994596386687,-0.0075349920538590204,-0.017294193968212704,Ridge_alpha_fixo,60
-0.0002550299199650798,-0.0011943924622021753,-0.002019995301520765,-0.003359215255995977,-0.0032961509063195184,-0.001845486673997552,Ridge_alpha_fixo,60
-0.00036034023322447,-0.0016407423497842536,-0.0028729239190203575,-0.006398927702651043,-0.008768763445627025,-0.016326879490244795,Ridge_alpha_fixo,60
-0.0003711837876903588,-0.001596611329480083,-0.0034167593631148716,-0.004618433319571042,-0.005969292622716795,-0.0088873354367106,Ridge_alpha_fixo,60
-0.00032428620649310253,-0.0012793565809432596,-0.0014638362176533695,-0.000606578906900125,0.0010812138439467462,0.0030709455518204464,Ridge_alpha_fixo,60
-0.00020201785267036322,-0.001039557531316101,-0.0026656092546379043,-0.006556120527893753,-0.01017741280828866,-0.018016701599210257,Ridge_alpha_fixo,60
-0.0003769346067564714,-0.0012513382982755478,-0.0025360819897131464,-0.005152811702673966,-0.007326661433349365,-0.016409236136664517,Ridge_alpha_fixo,60
-0.00047300019765403523,-0.0014389165009089358,-0.0022715340208477484,-0.0046789550477456966,-0.006878153259642261,-0.01707751953683086,Ridge_alpha_fixo,60
-0.00021712987246027014,-0.0003930307113775257,-8.427736637743225e-05,-3.097924179203901e-05,0.0004972360832731432,-0.014663399241151268,Ridge_alpha_fixo,60
-8.458283662101906e-05,-0.00026884609474984083,0.0008239432813336366,0.0021803377099675852,0.003750192232124201,0.0024525728773269065,Ridge_alpha_fixo,60
-0.0003785505100369687,-0.001676877554900637,-0.002903440306416337,-0.0042215975428788015,-0.0050135146032141715,-0.004795958199736145,Ridge_alpha_fixo,60
-0.0005819176196934759,-0.002324980220448853,-0.005044763804581725,-0.010696430128625024,-0.0148504660580083,-0.0283906244864921,Ridge_alpha_fixo,60
-0.00018670960415161772,-0.0007214116435567956,-0.0015310311343536213,-0.00237461125867281,-0.003159117021745728,-0.007597266730966046,Ridge_alpha_fixo,60
-0.00023847703361713145,-0.0007957881039589662,-0.0016489703176574368,-0.002592331813429938,-0.004407600388384527,-0.008403730314206926,Ridge_alpha_fixo,60
-0.00039209253838413087,-0.000978090129193289,-0.001647299589394031,-0.003951393799720743,-0.004582808826700987,-0.012057770872799741,Ridge_alpha_fixo,60
-0.0004073048459476455,-0.0012685257207595577,-0.0017295162336780333,-0.004086581182908716,-0.005766293313754054,-0.011005543743913231,Ridge_alpha_fixo,60
-0.0004281344202118499,-0.0017596657248714904,-0.0019177812926024862,-0.0012593164868211178,0.00147702478341173,-0.0035313714561968942,Ridge_alpha_fixo,60
-0.0004179542615151946,-0.001542108948306617,-0.0022445109416432793,-0.0036198237282983733,-0.0036743499648242742,-0.009905551223171712,Ridge_alpha_fixo,60
-0.0004281924329329488,-0.0018738312235785464,-0.0031510770550413035,-0.004705214732733261,-0.006437671219944372,-0.014172826058285232,Ridge_alpha_fixo,60
-0.00021012264960068583,-0.0008847547508130751,-0.0011387526665431807,-0.0030635714097214366,-0.004402072964211941,-0.010183392462456033,Ridge_alpha_fixo,60
-0.0001050161680682906,-0.0003177245139063549,-0.00043331076958719585,-0.0006432124221772288,-0.0015325690922307884,-0.011582436200724956,Ridge_alpha_fixo,60
-0.0003286391907828,-0.0014815288607984017,-0.0021624194452965107,-0.0028613791678043007,-0.0026119360290623285,-0.0034162914742369957,Ridge_alpha_fixo,60
-0.0001978115492598011,-0.0005658879736115881,-0.0013169944184142543,-0.004202098268583128,-0.006474092542060651,-0.011699913830101858,Ridge_alpha_fixo,60
-0.00037289376810339486,-0.0012369799346510766,-0.002429898607730243,-0.004533490725762322,-0.005366080954057067,-0.012554379713934182,Ridge_alpha_fixo,60
-0.00036278907173601386,-0.001328508815642366,-0.0021319419158469647,-0.004217045246236328,-0.006859613271355424,-0.012283065776864057,Ridge_alpha_fixo,60
-0.000545785497499288,-0.001775780271901979,-0.0028772415001874522,-0.00525578061463337,-0.007710562888353051,-0.015704029901612,Ridge_alpha_fixo,60
-0.00034533532992443136,-0.0011274732924203012,-0.0015364276742479625,-0.0029923288074899797,-0.004876317050438058,-0.01126791591854889,Ridge_alpha_fixo,60
-0.00020840210282901294,-0.0008026038594616902,-0.0009112166805857864,-0.0012484171187671464,-0.0018401384610352543,-0.008105833892957465,Ridge_alpha_fixo,60
-0.00032718612695693957,-0.0011235221625841175,-0.00202800132630317,-0.0039703378814965945,-0.005994882650459369,-0.012910208872155342,Ridge_alpha_fixo,60
-0.0002041240686445662,-0.0011251272960149604,-0.002649620955877429,-0.0054629031292605405,-0.008367832405388843,-0.01334712864861503,Ridge_alpha_fixo,60
-0.0001972470985743427,-0.0005970198860368413,-0.00018524539424664114,0.00010099091634969948,0.0015279896582747917,-0.003299802881440303,Ridge_alpha_fixo,60
-0.0003073997371745239,-0.001014137950762906,-0.00169195406826399,-0.003402862131112417,-0.004003218168875304,-0.006455223961802524,Ridge_alpha_fixo,60
-0.00015930773922022038,-0.0002806708787716737,0.00033005535229850753,0.0007074916294338371,0.002447827476375503,0.007339400324715847,Ridge_alpha_fixo,60
-0.00036272058498594686,-0.001294686684265817,-0.002177819506834495,-0.003986015534988628,-0.005852212245089526,-0.009848308103256402,Ridge_alpha_fixo,60
-0.00028450367334168365,-0.0009608842208090033,-0.0014173686169297007,-0.0034998026838877006,-0.004767604764873408,-0.009514801045630957,Ridge_alpha_fixo,60
-0.00042446464894546615,-0.0014772013537012972,-0.0016133939253335447,-0.003270266490008011,-0.003998045896809076,-0.004198475256489944,Ridge_alpha_fixo,60
-0.00014052939653734573,-0.0008827617381647301,-0.0019710874603368184,-0.0044795031990225,-0.006432118364840913,-0.015859553113233938,Ridge_alpha_fixo,60
-0.00022976054492237558,-0.0007705903326749637,-0.00157047519401027,-0.003890007760243282,-0.00575127802202315,-0.013375686489416791,Ridge_alpha_fixo,60
-0.0001582571748097923,-0.000334873949474496,-0.000680853399792728,-0.0013771355447060938,-0.0015164247038166755,-0.009556852404061615,Ridge_alpha_fixo,60
-0.00019965265264231558,-0.0010729752020101474,-0.00201806091466113,-0.00386014930874279,-0.005154031613277531,-0.02167823084055563,Ridge_alpha_fixo,60
-0.00014204824466424945,-0.0003467129418741869,-0.00020785228856371696,-0.0004286765304871645,-0.0009673010273879591,-0.010772161857215566,Ridge_alpha_fixo,60
-0.0002940661798428044,-0.0006941227521422638,-0.0010656565909094868,-0.0023295928614417726,-0.0035142381873049145,-0.007606211412505442,Ridge_alpha_fixo,60
-2.859183767051987e-05,-7.787837796247887e-06,-0.00032842205201986935,-0.001421568289147937,-0.0010616762911135626,-0.002553381466502849,Ridge_alpha_fixo,60
-0.0006109020925178829,-0.0023034127275955653,-0.004113556796613631,-0.007645977799824177,-0.01045061246962822,-0.017042238641582285,Ridge_alpha_fixo,60
-0.0003157364522925786,-0.0009592907403306503,-0.0019034089315369247,-0.004830695477215492,-0.0069901613797054545,-0.012690836989283081,Ridge_alpha_fixo,60
-0.0003931004258263381,-0.0012551676054984905,-0.001650679027242005,-0.003075567206418698,-0.004839910373777491,-0.015911965048856787,Ridge_alpha_fixo,60
-0.00026040805334682035,-0.0009329948034455743,-0.0007552441390948866,-0.001609341447884933,-0.001920390017083332,-0.001332542826346712,Ridge_alpha_fixo,60
-0.0002771708157378891,-0.0010104933071965567,-0.001495927109948269,-0.0022308867160040825,-0.0019975001189466665,-0.004426418320098171,Ridge_alpha_fixo,60
-0.00036145650033380197,-0.0007522793560667236,-0.00037647344878669894,-0.0011590406064224852,-0.0008838468326386301,-0.005853549368216661,Ridge_alpha_fixo,60
-0.00011386240873946838,0.00010054821926252198,0.0007076726796055907,0.0016022432157602583,0.002017309409528913,-0.0018270004459979867,Ridge_alpha_fixo,60
-0.0002528554781514494,-0.0010237990478706297,-0.0018045762885388404,-0.003535713447264817,-0.004226005826970451,-0.008010791188586443,Ridge_alpha_fixo,60
-0.0002938546311987231,-0.001054328414396843,-0.002774008683386592,-0.007329924931962186,-0.012595654622955097,-0.028506550912468044,Ridge_alpha_fixo,60
-0.00041609524959704974,-0.0014351129732082363,-0.002589787499254782,-0.005106827368498628,-0.00674685422084412,-0.010890123383332796,Ridge_alpha_fixo,60
-0.0002982569672493746,-0.0011297453070654698,-0.0024125299558303585,-0.005397236961358522,-0.0077433272290232955,-0.009461162718704806,Ridge_alpha_fixo,60
-0.00037280497235288356,-0.0009991657583670985,-0.002275272466960968,-0.0044507705497178465,-0.0062858333162537465,-0.01614237032150938,Ridge_alpha_fixo,60
-0.000370736918724622,-0.0011059575620906553,-0.0019919171129294502,-0.003770802853495204,-0.004420317081045355,-0.020367718371711058,Ridge_alpha_fixo,60
-0.00011314183978917683,-0.0005161531198959688,-0.0015863066716423342,-0.005166180297869938,-0.0072380798289779546,-0.018382487364534107,Ridge_alpha_fixo,60
-0.00021933143046445872,-0.0010058092720357742,-0.0022846671114350975,-0.004973213621863671,-0.006790975403172493,-0.011075236987510038,Ridge_alpha_fixo,60
-0.0002896897701785784,-0.0010041763002408628,-0.00201743085956465,-0.0035816628587766615,-0.004402496730161766,-0.009038218921968424,Ridge_alpha_fixo,60
-0.00037088291849970154,-0.0010870025444248907,-0.0019911049584010665,-0.0054874009819126475,-0.00959938042494695,-0.018871759093469415,Ridge_alpha_fixo,60
-0.00013672423954090888,-0.0005272830301291392,-0.0011925507621461328,-0.002391700045769797,-0.0020799864463796978,-0.008601685723268403,Ridge_alpha_fixo,60
-0.00049342994677211,-0.002074929332781647,-0.0029859513881816033,-0.005703497636991901,-0.007835845058026057,-0.01762218307644338,Ridge_alpha_fixo,60
-0.00039579998649609034,-0.0013266834274510513,-0.002393464883298591,-0.0052736459226560995,-0.007201957975000844,-0.012363804340954127,Ridge_alpha_fixo,60
-0.00023765789424755527,-0.0008164692926337341,-0.001298094455136272,-0.000839652630647935,7.597889641152088e-05,-0.003850009806444335,Ridge_alpha_fixo,60
-0.0004745572427989563,-0.0017023672548349769,-0.0024389866362585166,-0.004113351279978667,-0.004624993501506994,-0.007372310043393358,Ridge_alpha_fixo,60
-0.0004170341126021018,-0.0013910145751710001,-0.0021012581898796133,-0.0037646227244620277,-0.0034863954909751006,-0.011674586511935963,Ridge_alpha_fixo,60
-0.00013998127503783397,-0.0006189558989133783,-0.0003401830922185313,1.350058668443307e-06,0.0001545054865749349,-0.009750306985206311,Ridge_alpha_fixo,60
-0.0005775235997256945,-0.002160086444867301,-0.004212822130024207,-0.007816507633507368,-0.011424151364755716,-0.018505149980422485,Ridge_alpha_fixo,60
-3.757427605470954e-05,-0.00040536879188712215,-0.0014039303503803366,-0.0020867542170343663,-0.0032028999347094005,-0.008387759260484542,Ridge_alpha_fixo,60
-0.000322862773178921,-0.0011662739571762974,-0.001934080870127451,-0.004670073474620299,-0.00758584620938552,-0.022527107913256655,Ridge_alpha_fixo,60
-9.390166953200352e-05,-0.0002909598602516972,-0.0009164208588473722,-0.002145768195958902,-0.004607421236159925,-0.016001951102126658,Ridge_alpha_fixo,60
-8.128019898937983e-05,-0.00048457876867242806,-0.0012443934732205664,-0.0033683368194551795,-0.005991625471550478,-0.01894511495791735,Ridge_alpha_fixo,60
-0.0001058201137747699,-0.00023804092414975986,0.0004320621968448948,0.0017258178508684446,0.0023413262222297666,0.0007619094010738759,Ridge_alpha_fixo,60
-0.00027264414408018246,-0.001395258846152811,-0.0020147538160794954,-0.0034929613538880575,-0.005187553071254628,-0.01524937238526871,Ridge_alpha_fixo,60
-0.0002461072025398177,-0.000962040355438729,-0.0018407114503868772,-0.0033325123493992224,-0.003996054048859361,-0.010089887430387575,Ridge_alpha_fixo,60
-0.00022387999319066213,-0.000828505584756781,-0.0013889625859170613,-0.002324256889532242,-0.0025078152843249764,-0.006384170710273991,Ridge_alpha_fixo,60
-0.00014036648812055705,-0.0008327593937462451,-0.001330001857275984,-0.0017482554572128015,-0.0020856335979576946,-0.010436602613723341,Ridge_alpha_fixo,60
-0.00022993985363361306,-0.0006780046156878186,-0.0009523292897028517,-0.001731312782905071,-0.002453125604908834,-0.004933934347067209,Ridge_alpha_fixo,60
-0.00018190543935868054,-0.000847497427194777,-0.0017178873560914577,-0.004397081013906669,-0.007048986859939649,-0.012104439905553406,Ridge_alpha_fixo,60
-0.00027551122236798675,-0.0010836353421047654,-0.0018806006085935669,-0.004348186021304043,-0.0066557936269388196,-0.01209093507753601,Ridge_alpha_fixo,60
-0.00024421011142552746,-0.0010980652348576503,-0.0020550121538945236,-0.0045643259353982425,-0.005731345030200475,-0.014521330121946114,Ridge_alpha_fixo,60
-0.00028933098716240837,-0.0007670603792160824,-0.0005535529764951337,-0.0011418435087303142,-0.0032318701698046143,-0.02370629677187774,Ridge_alpha_fixo,60
-0.0006167443374169435,-0.0020506562807323515,-0.004279254663297881,-0.008134019346392681,-0.01275170027998702,-0.02157186182657197,Ridge_alpha_fixo,60
-0.00010930167432840234,-0.0002891728165157799,0.00026352583139817765,0.0014741875058806467,0.0042670837984382535,0.0029237300032765013,Ridge_alpha_fixo,60
-0.00024289905437309574,-0.000499897590503911,-0.0009655665909795488,-0.003303235074182406,-0.005722994231728661,-0.018161830267065013,Ridge_alpha_fixo,60
-0.00011841560461154922,-0.0004939932188338447,-0.0008522284061380197,-0.00033871845342086835,-0.00014900029084678997,-0.0038824969075795138,Ridge_alpha_fixo,60
-0.00024821682867995793,-0.0015365955648865967,-0.0028469556018270647,-0.00485127361665927,-0.004313210876032731,-0.005535619812999959,Ridge_alpha_fixo,60
-0.0003016257646763577,-0.000983558280082933,-0.0017396241890862392,-0.003561219165478154,-0.004710747122841066,-0.005871174245284083,Ridge_alpha_fixo,60
-0.0003323795357486334,-0.0011083277854343715,-0.0011947799828232362,-0.0019494176764807102,-0.0016358037976921987,-0.005019890428363059,Ridge_alpha_fixo,60
-0.00017749218407550756,-0.0007335491825436443,-0.0016156159838857992,-0.003886394057958575,-0.005401311285809446,-0.011144182190962148,Ridge_alpha_fixo,60
-0.0001882037959850489,-0.0008697844697300275,-0.0015868789671298943,-0.0028033326991013705,-0.00483973925712586,-0.017547407097974713,Ridge_alpha_fixo,60
-0.00025362065854498913,-0.0011623452615359537,-0.0026602981312923856,-0.005827960326414076,-0.009633205679104632,-0.024671968191550556,Ridge_alpha_fixo,60
-0.0002743096896724078,-0.001004971957472027,-0.0017496085601811475,-0.0033019797034659105,-0.004372286828508681,-0.00593844382396463,Ridge_alpha_fixo,60
-0.00032252637051419,-0.0011686556170039167,-0.0022026124709827993,-0.004786253220755901,-0.00782770270473699,-0.01662750323416538,Ridge_alpha_fixo,60
-0.00013648717571106917,-0.0005919943748823101,-0.001518166139036026,-0.003527778383290105,-0.005696165798631545,-0.018110169033874836,Ridge_alpha_fixo,60
-0.00028897946282368327,-0.0010498534271701147,-0.0013155105532407188,-0.001649876566063789,-0.0018841450705495053,-0.013731977623560128,Ridge_alpha_fixo,60
-0.000173036991312363,-0.0007483419716111867,-0.0017254876705390756,-0.004819426389167261,-0.008082921683542424,-0.018337670491721417,Ridge_alpha_fixo,60
-1.9027955953269576e-05,-0.0004066359688341682,-0.0004857550963912972,0.0008457251293834331,0.002204456776539228,-0.002204956702828196,Ridge_alpha_fixo,60
-0.00018676954978589356,-0.00033530042962843837,-0.0004128583327407718,-0.0008843873472721931,-0.001974583223623251,-0.008211339789820834,Ridge_alpha_fixo,60
-0.00034696994416240747,-0.000874278622574031,-0.0011937054792326763,-0.002703187501614205,-0.0037365862081748433,-0.009522425526456817,Ridge_alpha_fixo,60
-0.0004429932033549817,-0.0018189862555186174,-0.0025127072382873676,-0.003377872353761209,-0.00401836568699638,-0.00552575929125934,Ridge_alpha_fixo,60
-0.0001066099618326769,-0.0005387759981033561,-0.0013304124451642084,-0.0027931028781025646,-0.0038854064592932186,-0.004933838801109144,Ridge_alpha_fixo,60
-0.0002206909483811844,-0.0003364858245065083,-0.00033556363539597974,-0.0012935557203333965,-0.0025182308997118595,-0.00948732176794725,Ridge_alpha_fixo,60
-0.00048696994257619187,-0.002270136133463089,-0.0039255526459207254,-0.006590620096096718,-0.009126952390508846,-0.019376488560156835,Ridge_alpha_fixo,60
-8.718474264814587e-05,-0.00022933981581045506,-0.0007601249516197828,-0.0016699656260037161,-0.003175814156337799,-0.006312303805520394,Ridge_alpha_fixo,60
-0.00030277145849466917,-0.0009032886011959356,-0.00184387469291957,-0.004438194801354099,-0.006923741961473041,-0.013401744350673938,Ridge_alpha_fixo,60
-0.0002562214314632214,-0.0008734839887277493,-0.0012509722965062043,-0.003265015427393801,-0.005614011469649426,-0.014815096163225787,Ridge_alpha_fixo,60
-0.000142477220243656,-0.0008339038266257677,-0.0019197594255529662,-0.0038556052679312573,-0.005040038877330919,-0.00696360385509332,Ridge_alpha_fixo,60
-0.0001987376486123821,-0.0007623289320074222,-0.001078334364328388,-0.002368837879717734,-0.0038547471612754704,-0.008680150124171958,Ridge_alpha_fixo,60
-0.00014880707820543967,-0.0006756250860953271,-0.0017703784906006974,-0.0031413090316865194,-0.004329140056259567,-0.0060064187538445895,Ridge_alpha_fixo,60
-0.00012150256588584809,-0.0005039692197776887,-0.0011845301984717948,-0.003177109194212576,-0.005692023144352676,-0.017232410601029882,Ridge_alpha_fixo,60
-0.00016636694792339834,-0.0004934873284420635,-0.000962111344855325,-0.0018887826594263517,-0.002539630017015299,-0.005726986081515591,Ridge_alpha_fixo,60
-0.0003987394398422119,-0.0018078575333881027,-0.0031068985579656384,-0.004697160096723686,-0.005453318546974604,-0.0071405396083203485,Ridge_alpha_fixo,60
-0.0002820879203181146,-0.0006088928797617879,-0.0006981726043120264,-0.0005713001234936312,-0.0012420715330829324,-0.013920775414970844,Ridge_alpha_fixo,60
-0.00023254651510243546,-0.0009529508799242621,-0.0010322166255405205,-0.00022295721669091144,0.0006611336103993592,-0.004107096762122546,Ridge_alpha_fixo,60
-0.0005651492227391416,-0.002559161835581545,-0.003681978458411306,-0.006150976782322996,-0.007299655784902327,-0.013513078433904976,Ridge_alpha_fixo,60
-0.0002275459507935312,-0.0010919890108812608,-0.001603521425473979,-0.0018739004019513487,-0.0021540549399537362,-0.0062751230996590844,Ridge_alpha_fixo,60
-0.0001517600647815166,-0.000886036793646946,-0.002112788028247868,-0.004626559644620716,-0.00837873915480983,-0.013552893930940902,Ridge_alpha_fixo,60
-8.46853005807405e-05,-8.314490675376679e-05,-0.00031444016245421455,-0.0014131290214041117,-0.0016248120150558103,-0.005989603426282483,Ridge_alpha_fixo,60
-0.00017440529081780217,-0.0005508615266981236,-0.0005167669459769256,-0.002068206864093611,-0.0022560586659244397,-0.004000171063618531,Ridge_alpha_fixo,60
-0.00021137489059133954,-0.0011571879933414367,-0.0019227085139962262,-0.004328778967470569,-0.0056888165358987665,-0.013515471565806028,Ridge_alpha_fixo,60
-0.00016444493864989598,-0.0009128294919617679,-0.0016120428161361673,-0.0031829018260738006,-0.00393963455571549,-0.011621302813820615,Ridge_alpha_fixo,60
-0.0003523804177242525,-0.0013068502236428794,-0.0032500745200524307,-0.006073490888121143,-0.008447210851698429,-0.020760444318038754,Ridge_alpha_fixo,60
-9.6809503974632e-05,-0.0008184362763600667,-0.0011822225209089025,-0.0009143767757436102,-0.0024143357920829245,-0.01180489682958361,Ridge_alpha_fixo,60
-0.00024009708590538685,-0.0005260481427430266,-7.84627413491146e-06,0.0003647693346559768,0.0012284351093242035,0.0016835504781028683,Ridge_alpha_fixo,60
-0.0001685140409554463,-0.0005075071129688592,-0.0009151990777429189,-0.0020550395412627155,-0.003335915447014239,-0.005641979703101719,Ridge_alpha_fixo,60
-0.00018266204323360338,-0.000823392365494995,-0.0010889105374808413,-0.0011620196959006685,-0.0011136006400762823,-0.0037876254212684235,Ridge_alpha_fixo,60
-6.716589388547122e-05,-0.00037087914933082745,-0.000884065360111808,-0.0026896735789031065,-0.0029117589718975555,-0.010038344322250375,Ridge_alpha_fixo,60
-0.0003381243170521858,-0.0018961425696067365,-0.003073116991312041,-0.005418333112937314,-0.007967634051381267,-0.015674748192348188,Ridge_alpha_fixo,60
-0.00012054599125436031,-0.00045451373514817257,-0.0007421601416772456,-0.001401930629912583,-0.0014034603370062797,-0.004358806257699927,Ridge_alpha_fixo,60
-0.0003416665186089957,-0.0013653559298078262,-0.0022610524548712027,-0.004298031100103689,-0.006708392370888199,-0.01432981711965528,Ridge_alpha_fixo,60
-0.000178502324585971,-0.0005544280263480941,-7.706726058431431e-05,0.0007626335876398251,0.0029395599293518425,0.0020628592272405656,Ridge_alpha_fixo,60
-0.00027099554062769707,-0.0007926462244532913,-0.001036531624797743,-0.0019974625209001925,-0.002418496974379056,-0.00719295869265298,Ridge_alpha_fixo,60
-0.0003871126307857683,-0.0015315112807280206,-0.004282175131176277,-0.0076365549437117,-0.007581515602839834,-0.008409949213717778,Ridge_alpha_fixo,60
-0.000408135931515248,-0.0014383895661955735,-0.0029540358458189533,-0.0057668062629180955,-0.008505880990733173,-0.014027286295921952,Ridge_alpha_fixo,60
-0.00035505476785135134,-0.0007884288985344668,-0.0018396857150448328,-0.004714808345277914,-0.007451358760703416,-0.01623900744885295,Ridge_alpha_fixo,60
-0.0004577096814159336,-0.0015748862734769867,-0.0024477286084080693,-0.004816421277871223,-0.0059545714694289875,-0.009947408446587574,Ridge_alpha_fixo,60
-0.00028950570479596314,-0.0007196784507748809,-0.0007386746977034667,-0.0012283107970016299,-0.0016413526458428857,-0.00037580564558183696,Ridge_alpha_fixo,60
-0.00027392250867650593,-0.0009592918192905165,-0.0015844229281649622,-0.0016265527819328553,-0.0013585187431706788,-0.00363003070099363,Ridge_alpha_fixo,60
-0.00031176015054154094,-0.0010617523318517733,-0.0010519075121389508,-0.0009882119191622655,-0.001045126112565606,-0.0027090934836184297,Ridge_alpha_fixo,60
-0.00040676492895460155,-0.0010442629766744056,-0.0018515473541942976,-0.003576140797558966,-0.004483886902299015,-0.004277525827780666,Ridge_alpha_fixo,60
-1.2120902922449203e-05,-7.403350501545934e-05,-0.00012063703639562935,-0.0009517099645937923,-0.0020911472171764836,-0.010508181890886266,Ridge_alpha_fixo,60
-0.0001606554877703438,-0.0008533293645009744,-0.0016087757064018465,-0.001966691686970008,-0.0020503585620561845,-0.005963074625264664,Ridge_alpha_fixo,60
-0.000493982135497345,-0.0018479868246718178,-0.0023077098882854584,-0.0038179037485091736,-0.004698616933193619,-0.01099308913001072,Ridge_alpha_fixo,60
-0.00017209884335255484,-0.0010048852602983936,-0.002281351459643389,-0.003917472880744293,-0.0050724885658325215,-0.011071449482201085,Ridge_alpha_fixo,60
-0.0003803453458254234,-0.001729288414136262,-0.0037274062550815695,-0.0071904552653578886,-0.0079364192309815,-0.004859230698099802,Ridge_alpha_fixo,60
-0.00024471940160918104,-0.0008917739337467629,-0.0007987575286189397,-0.00010856811376681625,-0.0013788559422683417,-0.010433481168161524,Ridge_alpha_fixo,60
-0.0005485134670934667,-0.00195667390597254,-0.0033398988087348976,-0.006845185559663893,-0.009723581263802338,-0.019595620973287375,Ridge_alpha_fixo,60
-0.0006609096726814194,-0.0022663541590635405,-0.0038860120222997075,-0.006182433998057997,-0.008261768388704838,-0.008330359740396809,Ridge_alpha_fixo,60
-0.00031135155098580247,-0.0010949583494558237,-0.0017418153384190637,-0.0037257463998291245,-0.006161259645680126,-0.02037789347939543,Ridge_alpha_fixo,60
-0.0007588751082415791,-0.0020216302289485545,-0.002919213524469697,-0.004701296819951255,-0.006024215944611154,-0.015848057717842434,Ridge_alpha_fixo,60
-0.00019356057537435242,-0.000701225846586665,-0.002037661548527509,-0.005072925541829906,-0.008383633091136131,-0.01834487000292701,Ridge_alpha_fixo,60
-6.597088059508994e-05,-0.0005514969932024779,-0.001703428323770521,-0.0035205686965231347,-0.005120050100864657,-0.017063043537546573,Ridge_alpha_fixo,60
-0.00016378202037430916,-0.0007166532748640932,-0.0012823548473499256,-0.002389450292620391,-0.0033960685509435715,-0.007136048259360045,Ridge_alpha_fixo,60
-0.0004416106850871585,-0.0013722895955164858,-0.0025416460164651112,-0.005415662521632176,-0.0068275990081404425,-0.017067061949209903,Ridge_alpha_fixo,60
-0.0003160156995585295,-0.0008637239409865566,-0.0010916300753560715,-0.002827417115198997,-0.0052694699230891205,-0.01269173065950894,Ridge_alpha_fixo,60
-4.97596208264793e-06,-0.0006588368327398568,-0.0017443764231246143,-0.004154085368288258,-0.007182338112166441,-0.02113711613821733,Ridge_alpha_fixo,60
-0.0003788020227077788,-0.0016399461067776106,-0.0027168209675785806,-0.0054207452400588125,-0.00758632958495003,-0.01360711644974064,Ridge_alpha_fixo,60
-0.0004982144529485099,-0.0015396944915447425,-0.002665022020036316,-0.004925532189396539,-0.006449472345423651,-0.016900665015437008,Ridge_alpha_fixo,60
-0.0002747068516970681,-0.0011804260284357278,-0.002007043544904506,-0.0035009347376095375,-0.0046538952320685925,-0.00875132320977487,Ridge_alpha_fixo,60
-9.641159156072488e-05,-0.0003963812403650195,-0.0009360770108523686,-0.0017041786762376882,-0.00333410491046839,-0.007760468269400782,Ridge_alpha_fixo,60
-0.00046028158162030654,-0.0014618073358039641,-0.0032316956376022454,-0.00709559154150179,-0.00950430871808658,-0.017425946172703585,Ridge_alpha_fixo,60
-6.138815778737412e-05,-5.241289991612017e-05,-0.00030747291960058707,-0.00015139846692050263,-2.9488920541997365e-05,-0.0017684838311662248,Ridge_alpha_fixo,60
-0.00025034207545610363,-0.0007741630991024586,-0.0007256548567345102,-0.00017445546805508024,0.00026662085929550527,-0.01491788171980654,Ridge_alpha_fixo,60
-0.00020054006913734377,-0.0004714977990968182,-0.00026632902524669107,-0.00027424205341887437,0.000257678520181079,0.0001507327401821139,Ridge_alpha_fixo,60
-0.0003608955323816416,-0.001547776941141865,-0.0031324254715398192,-0.005730900854933254,-0.007878405145408631,-0.012742436375711621,Ridge_alpha_fixo,60
-0.00016976806295522203,-0.00040718327276019966,-9.606133375589147e-05,-0.000529540048933274,-0.0007532308725546783,-0.0064432759400030555,Ridge_alpha_fixo,60
-0.0002741651431476933,-0.0007487965796825907,-0.0013590787564640642,-0.0028601854986755925,-0.004164009151814168,-0.011101111647919664,Ridge_alpha_fixo,60
-0.00017679308903122978,-0.00045614999222340336,0.00038873750687248995,0.0020899535364966677,0.0035576824820701273,0.004365771894659947,Ridge_alpha_fixo,60
-0.0002709978799629734,-0.0006483015796898205,0.000506804471103657,0.0019716723191452526,0.00312981967877635,0.0029721608031382032,Ridge_alpha_fixo,60
-0.0002859179160823131,-0.0010440228589032993,-0.0014944697864863765,-0.0028118250094108896,-0.003233729349220903,-0.004787019554598462,Ridge_alpha_fixo,60
-0.00018260253694808273,0.00021469919246404966,0.0013882856874603618,0.004019558706804446,0.007472648196012707,0.010641974319908903,Ridge_alpha_fixo,60
-0.00014807091605072278,-0.00030909161326900025,-0.00040485700561739956,-0.0006609656667671874,-0.0011334681543782382,-0.008649670398013563,Ridge_alpha_fixo,60
-0.00036722806686597103,-0.0012760580377738587,-0.002555350790964183,-0.005762027708460685,-0.0082850652855815,-0.012558837787123094,Ridge_alpha_fixo,60
-9.504571561555872e-05,-0.0002129776758042336,-0.000423504408368325,-0.0016090377958064373,-0.0030537449961822723,-0.009293193524582742,Ridge_alpha_fixo,60
-0.0002659737633262347,-0.001111385066353517,-0.001732571989214342,-0.0025389564680100406,-0.0037922296850505526,-0.011820170573656844,Ridge_alpha_fixo,60
-0.0002709395933802955,-0.0009436453382595933,-0.0016708959466698748,-0.0028646803631503107,-0.0029526154512497876,-0.0068363923081244254,Ridge_alpha_fixo,60
-0.00022762057875205064,-0.0006032540338888574,-0.0009649742178281608,-0.0013195929114484196,-0.0018114376285921793,-0.0027582843311191162,Ridge_alpha_fixo,60
-0.00033134286950023395,-0.0011062269446667184,-0.0018412320003565411,-0.0033043903004866095,-0.004402162005498501,-0.009066366731433358,Ridge_alpha_fixo,60
-0.00030659422260023033,-0.001189814713883713,-0.0014871789320346157,-0.0030159595966836373,-0.004415629408037363,-0.0064203339146354935,Ridge_alpha_fixo,60
-0.0004507734778901082,-0.001486040038268252,-0.003289361093195513,-0.005898622744539854,-0.007188582483914409,-0.018980422064731387,Ridge_alpha_fixo,60
-0.00015240993080765987,-0.0002656357278753063,-0.0005021382628374582,-0.002044478936311951,-0.0043725996836855565,-0.012783927449819054,Ridge_alpha_fixo,60
1.939484506154666e-05,0.00040006529534697595,0.0013213808615801673,0.0031244809211123555,0.004282248682323166,0.0005441903002233449,Ridge_alpha_fixo,60
-0.00021370639001636358,-0.0008157303398158338,-0.0005614961319338472,-0.00037772511043792663,0.00015940090789968647,-0.0021437231145286437,Ridge_alpha_fixo,60
-0.0005353663840847879,-0.0017003973965393632,-0.0036518355603250806,-0.008043883021092,-0.01108097054965241,-0.012040676684391932,Ridge_alpha_fixo,60
-5.952137453765215e-05,0.00046658475966520886,0.0019872609722996508,0.004312497478801969,0.006945570083574451,0.008659241592656838,Ridge_alpha_fixo,60
-8.495957431445489e-05,-0.00031520334105778733,-0.0006844578418466173,-0.002281498506103382,-0.00420216998762089,-0.01124013457351373,Ridge_alpha_fixo,60
-0.00026739982925464117,-0.001187029275844785,-0.0023177070263917863,-0.004352973354619572,-0.006408414550820987,-0.015814411660171054,Ridge_alpha_fixo,60
-0.0003737789723093885,-0.001419225527625177,-0.001819611193923398,-0.0035540831736940066,-0.0051916836734028585,-0.005704075282597952,Ridge_alpha_fixo,60
-0.0003288491792371371,-0.0009604747085684553,-0.0012275979964376884,-0.001936481572370879,-0.0024572402499262675,-0.010479660867715903,Ridge_alpha_fixo,60
-0.00019992727291280797,-0.0010284866701379348,-0.001124177431865865,-0.0008070785058088486,0.0006324796176357204,-0.002160397018146704,Ridge_alpha_fixo,60
-0.0001638979233987546,-0.0009406136727166167,-0.001743694891762504,-0.003773572673294792,-0.006611341722730065,-0.012659608335081932,Ridge_alpha_fixo,60
-0.00028456656110622045,-0.0010515636304326919,-0.0017637390210725908,-0.002402675383614636,-0.002219245315120797,-0.003937053843598892,Ridge_alpha_fixo,60
-0.0002088527615405757,-0.0003572434717420042,-0.0007242283095366181,-0.0016189471887581978,-0.0023845916904010754,-0.005696755739132768,Ridge_alpha_fixo,60
-8.871902748338426e-05,-0.0002920259695777504,-0.0005849688300417565,-0.0008817190923991513,-0.0016429949189197546,-0.008677252434094005,Ridge_alpha_fixo,60
-0.00019917898381286103,-0.00041733294627079086,-0.00046994935955988355,-0.0005285476470909519,-0.0004850000833549471,-0.00581912476922913,Ridge_alpha_fixo,60
-0.0003110222779005177,-0.0010805103703726208,-0.0017593324604996837,-0.003066077399195694,-0.003679979508587408,-0.0073919162423190425,Ridge_alpha_fixo,60
-0.0004463897615865671,-0.0020233766858203154,-0.003487275027291262,-0.0077772437113087685,-0.010902453482543734,-0.018612911314249737,Ridge_alpha_fixo,60
-0.00020510113242529728,-0.0006459947921611786,-0.0011678167982830969,-0.0033579877795181685,-0.005018866571749801,-0.014174184211697534,Ridge_alpha_fixo,60
-0.00028219559746435404,-0.0010275630464589157,-0.0021402341677712227,-0.0048968746994287405,-0.006950766366203554,-0.012259993122433898,Ridge_alpha_fixo,60
-0.00027018812248371375,-0.0013976098287374731,-0.0018010235987895493,-0.003257939170761068,-0.004019612547860624,-0.008253433613741677,Ridge_alpha_fixo,60
-0.00027019588399795793,-0.001058569147826,-0.0007563315548246872,0.0005337861343665341,0.0004618344103785527,-0.0045488126925115205,Ridge_alpha_fixo,60
-0.00016121408484262903,-0.0006570519719827856,-0.000751989297943705,-0.0006429299904379629,-0.0009880662995914956,-0.00798269244918495,Ridge_alpha_fixo,60
-0.0003830283519901283,-0.0016363878087310745,-0.0032274602456964425,-0.007603799250473974,-0.010760957533069153,-0.021082883766164517,Ridge_alpha_fixo,60
-0.00025691174229088525,-0.0008005800244520266,-0.0006034717139099332,-0.0007662471029225022,-0.0011981119332124287,-0.006370705964192276,Ridge_alpha_fixo,60
-0.0003623928193948926,-0.0009980897475485326,-0.001111159672071449,-0.0005996120036217111,0.000721027423233077,0.000788730721668793,Ridge_alpha_fixo,60
-0.00038343655154653806,-0.001541382868831505,-0.0028314212846313833,-0.005464040821580546,-0.006668248513803813,-0.011263184640541855,Ridge_alpha_fixo,60
-0.0001491005018294767,-0.0005582565676762279,-0.0004735789267916537,0.00017501730702399544,0.000987809403648763,-0.0022542948939188547,Ridge_alpha_fixo,60
-0.00019998467326756388,-0.0003961426562560995,-0.0005773053969283506,-0.0010531353912460524,-0.00209018527292691,-0.011506709342599519,Ridge_alpha_fixo,60
-0.0003344588411709429,-0.0010188275793963741,-0.0009522768873606487,-0.0014067887527788939,-0.0005251284568060659,-0.0007722245003310744,Ridge_alpha_fixo,60
-0.00045541206915008186,-0.0020772360847851144,-0.002796247680335859,-0.003236407472149078,-0.002948304898249071,-0.004652220071020675,Ridge_alpha_fixo,60
-0.0004211980421651513,-0.001656314723127665,-0.0023248303272124364,-0.0038129646987306053,-0.006820632683494256,-0.02060087526617497,Ridge_alpha_fixo,60
-0.0004637639444842388,-0.0015963755406787703,-0.002680588884274849,-0.005049342724841881,-0.006962412910746417,-0.011225929106288689,Ridge_alpha_fixo,60
-0.00015081371265342382,-0.00042443017968920953,-0.0006931069301794873,-0.0007868007044316144,-0.00011629383133983247,-0.007054015468621987,Ridge_alpha_fixo,60
-0.00011105169902246816,-0.00040858928208638843,0.0006712381955301197,0.0024712631042991067,0.0038842626260238407,0.0020781278038412383,Ridge_alpha_fixo,60
-0.00030141131422159803,-0.0012060879206337494,-0.0016325362472893584,-0.0028291787788286725,-0.00321113858469765,-0.006711061089862863,Ridge_alpha_fixo,60
-0.00019034583737615967,-0.0005177451235648143,-0.0007807948095377442,-0.001295357037067353,-0.00185377064320917,-0.0066097098386832896,Ridge_alpha_fixo,60
-0.0003540618822308658,-0.001310072591787033,-0.002324195161579755,-0.0032547073918155612,-0.0036374864896797773,-0.008581236182463389,Ridge_alpha_fixo,60
-0.00035393586970296496,-0.0013313378783859177,-0.0021975736509864683,-0.003737389552387788,-0.004508713007783174,-0.009657223814122462,Ridge_alpha_fixo,60
-3.458449989672495e-05,-0.0002208729930445639,-0.001303828021433333,-0.002808749627952535,-0.003295670516037765,-0.006035825913732345,Ridge_alpha_fixo,60
-0.0003102594450878575,-0.00153221000303077,-0.002945836067705111,-0.005406792113324701,-0.006519666742319937,-0.01349230008430494,Ridge_alpha_fixo,60
-0.00020397079484746512,-0.00034177637416480186,-0.00043889790918343844,-0.0017247862366506891,-0.003303078692543281,-0.007015317162366212,Ridge_alpha_fixo,60
-0.0005709777374994662,-0.002237239952338773,-0.003759911599695621,-0.005510765161232313,-0.00680387791440531,-0.020049325470081793,Ridge_alpha_fixo,60
-0.00018873048313664128,-0.0005120961389464217,-0.0011549312923012772,-0.003315038420467028,-0.004452736004004965,-0.014638168575029576,Ridge_alpha_fixo,60
-0.00014616521512308007,-0.0005604132431030741,-0.0005547461207999116,0.0007770541743948381,0.003298585706938379,0.004625966918200189,Ridge_alpha_fixo,60
-0.0002588831951906532,-0.0007803602086420945,-0.0008321850309754678,-0.0008317796822813575,-0.002581682648440613,-0.014205333635400474,Ridge_alpha_fixo,60
-0.0003259116426635554,-0.0015516485691410078,-0.002953814604983024,-0.004989512976908515,-0.007954222674891386,-0.021003650489270744,Ridge_alpha_fixo,60
-0.00039047437278469545,-0.001510583895525308,-0.002988722453831894,-0.006609049635372486,-0.010089125537596761,-0.018500987192432098,Ridge_alpha_fixo,60
-0.00010030992228261831,-0.0006188946239348429,-0.0014861658293112015,-0.003787242760755335,-0.006062649071003527,-0.013346864141908313,Ridge_alpha_fixo,60
-0.000308314298051352,-0.0011532571095479913,-0.0026370519781194713,-0.006901850553748519,-0.010336901504815185,-0.03758902102937599,Ridge_alpha_fixo,60
-0.00038038388275212913,-0.0013883291289615695,-0.0019315805606879477,-0.004073090991765953,-0.006169846979935366,-0.010716208871631773,Ridge_alpha_fixo,60
-0.00042094106546509193,-0.0017950584523313993,-0.003571082462086314,-0.007805580927567871,-0.01282364668973586,-0.018944747162029735,Ridge_alpha_fixo,60
-0.00024893428031085566,-0.0013662424163846311,-0.002646173610663394,-0.0036467606999050803,-0.004918769484852004,-0.012578458513942481,Ridge_alpha_fixo,60
-0.000205700952993702,-0.000882870229981284,-0.0013715596477868507,-0.0019376936277182132,-0.003391498669649179,-0.007983029910830074,Ridge_alpha_fixo,60
-0.0002715576564220764,-0.0016499025039035194,-0.0029682076528088075,-0.00452094836347118,-0.003907322586384,-0.014106061395494881,Ridge_alpha_fixo,60
-0.00031323218678321513,-0.0012749891331479762,-0.001970591057812335,-0.002891538217769854,-0.003638970213853569,-0.007485684979717399,Ridge_alpha_fixo,60
-0.000361851166796793,-0.001059610305602753,-0.0020210183431012166,-0.004427078818539184,-0.006068781801402789,-0.009143664186620278,Ridge_alpha_fixo,60
-0.00035442379473174773,-0.001019838752979231,-0.0019212035646100274,-0.0040463333653100765,-0.004553945305143369,-0.008583012211343513,Ridge_alpha_fixo,60
-0.00015444541878431353,-0.0002445820885876547,0.0008377041120511977,0.0022889232726264405,0.002390725858171782,0.0006927712338962447,Ridge_alpha_fixo,60
-0.00027367263971359425,-0.0011613850110916192,-0.0019150126379959094,-0.0026232345646527654,-0.003175653859355646,-0.007368725883693896,Ridge_alpha_fixo,60
-0.00028651906160524716,-0.0004363119060305691,-0.0010656475965809657,-0.00291783668059171,-0.0040798987491478655,-0.007373753054384378,Ridge_alpha_fixo,60
-0.0002081550368251666,-0.00044083450498530615,0.0004243948044543165,0.00041723662000782793,0.0007603683707131875,-0.006621769151024793,Ridge_alpha_fixo,60
-0.00029764926778800627,-0.0013855920807182617,-0.002271752835001371,-0.0035310465935811794,-0.00396863710278386,-0.008320832929466608,Ridge_alpha_fixo,60
-0.00035125932391742167,-0.0012536551375532487,-0.0018651192932549706,-0.0028026601245508044,-0.0024472467456856622,-0.003908074803250491,Ridge_alpha_fixo,60
-0.00022503546150294033,-0.0007910618353724019,-0.0016001153548831511,-0.002972817018552453,-0.003957825736728005,-0.00812463104126591,Ridge_alpha_fixo,60
-9.95322674456621e-05,-0.00011522781703424182,0.00038007970546104875,0.0016265222707647115,0.002686266770115609,-0.00044740537109869014,Ridge_alpha_fixo,60
-0.00013805048326058205,-0.0006036304763276521,-0.0005759631694319998,-0.0005976751069615851,-0.0007330450525435131,-0.007041296951017999,Ridge_alpha_fixo,60
-0.0005596684360487275,-0.002492903243089352,-0.003804108331359099,-0.00500394057885824,-0.005565251066390957,-0.00997531545082183,Ridge_alpha_fixo,60
-0.0004137250369358763,-0.0018225215664384102,-0.0029889904994286746,-0.004128901452703794,-0.0037983391720220945,-0.011714869745594991,Ridge_alpha_fixo,60
-0.0001137082146001108,-0.00037801318038421143,-0.0008775888976948306,2.8709289999579173e-05,0.0005793683678141927,-0.009492395416679155,Ridge_alpha_fixo,60
-5.182435708271794e-05,-0.0001651224900311853,-0.00013840360150367583,-0.0012914527787151958,-0.003508261439022772,-0.006878705398255523,Ridge_alpha_fixo,60
-0.0001241622655357857,-0.0003705061832273486,-2.769861423753185e-05,-0.00018989811445226416,-0.0016170628834151902,-0.012826458474444307,Ridge_alpha_fixo,60
-0.0005150342156173299,-0.0024007728927196415,-0.006273930589631269,-0.01471045224894463,-0.021964345059597015,-0.03714442377454861,Ridge_alpha_fixo,60
-0.00028745281752767706,-0.001383966486282444,-0.001789767731928442,-0.0012730119226580835,0.0005373225625959259,-0.003657506650762828,Ridge_alpha_fixo,60
-7.677536410073587e-06,0.0003948303532543992,0.0021429268857134135,0.005327955409910966,0.009293042270265294,0.008805752009445389,Ridge_alpha_fixo,60
-0.00015357450043512988,-0.0005015474893817799,-0.0006522663384724281,-0.0014955671014647719,-0.0023194052143119415,-0.00565966170641195,Ridge_alpha_fixo,60
-0.00014513249826931052,-0.0006070583049015837,-0.0010312383990478777,-0.0016908651272232345,-0.003262350281635884,-0.010305912974779884,Ridge_alpha_fixo,60
-0.00027581033617640554,-0.0010359529533514893,-0.0006217875816420692,-0.0003076777102489401,-0.003228649775809054,-0.010866781374292141,Ridge_alpha_fixo,60
-0.0003945967219582604,-0.0013556716303371617,-0.002170432777547792,-0.0033401798801429463,-0.005421053948494409,-0.018869493833831404,Ridge_alpha_fixo,60
-0.0002730829552061647,-0.0012759226487440223,-0.0025383910924571726,-0.00423786570181641,-0.00526844715827695,-0.006649480571132251,Ridge_alpha_fixo,60
-0.0004337795238416918,-0.001885479879473059,-0.003112673952332895,-0.005355572639548479,-0.008469541452866396,-0.016833966262780744,Ridge_alpha_fixo,60
-0.0003638785219024877,-0.0013427170951162807,-0.0019625843443631754,-0.002723010759469044,-0.001497877874899319,-0.0003315985883673599,Ridge_alpha_fixo,60
-0.0002833152578881995,-0.0009610335548445267,-0.0020502015331963115,-0.00450185618690642,-0.006676752103094142,-0.011812468870639841,Ridge_alpha_fixo,60
-0.00014044622657017684,-0.0001405029183461029,0.00012034152053093513,0.00012368022510689787,0.00041057950623905957,-0.005014373576893893,Ridge_alpha_fixo,60
-0.0002728366414518004,-0.0006161240530492159,-0.00046841583923453914,-0.0005032525888920287,0.0002774696612071799,-0.008548577888516188,Ridge_alpha_fixo,60
-0.00025028855645595216,-0.0003783252212199902,-0.0012733883857416128,-0.00270738260060759,-0.004421371447884148,-0.015556581674856112,Ridge_alpha_fixo,60
-0.0002806597150644574,-0.0011938051169393864,-0.001508556216327239,-0.0020486365950027558,-0.0020262941925583682,-0.007057072620456363,Ridge_alpha_fixo,60
-0.00031816063798156146,-0.0016587094412715794,-0.0032618881366118396,-0.005138320508768297,-0.00524225732239127,-0.01162883676494825,Ridge_alpha_fixo,60
-0.00026267670295102014,-0.0012132685233354104,-0.001445976857227659,-0.0013662208898450362,-0.00036473224631502924,-0.0003285705641126704,Ridge_alpha_fixo,60
-0.00021411674768044035,-0.0007267389923080609,-0.0014641572304116399,-0.0025091175877784487,-0.003180260358989727,-0.011488087330025543,Ridge_alpha_fixo,60
-0.0002328849692154349,-0.0008466813055528656,-0.0012178024497658544,-0.0010087815909751727,-0.002258344146287849,-0.010220318416579244,Ridge_alpha_fixo,60
-0.0002534646744456144,-0.0009007676146828014,-0.0018179233231838245,-0.003997506647077467,-0.005657466966513921,-0.012327879105200034,Ridge_alpha_fixo,60
-0.00037463505630407203,-0.0011868336189217892,-0.0010391898640843575,-0.0011580258554413608,-0.00224806301085769,-0.005501452926609301,Ridge_alpha_fixo,60
-0.00012645942159940436,-0.001220765165524972,-0.0022721067794145397,-0.003284230466415472,-0.0031375683916000084,-0.010555428307564348,Ridge_alpha_fixo,60
-0.0002803025697904066,-0.0008411968139527403,-0.0006121687539083989,-0.0008457251244876801,-0.0007050961588552421,-0.0010746329463404175,Ridge_alpha_fixo,60
-0.0002777500475716086,-0.0012493467035938116,-0.0019723165887976326,-0.002749213333076995,-0.00387825768456314,-0.01101680580498506,Ridge_alpha_fixo,60
-3.9660230464230765e-05,-1.6745150742238082e-05,-0.00035703961126137737,-0.0011124026179903364,-0.0010404298421918562,-0.005742383787662315,Ridge_alpha_fixo,60
-0.00029629202548063754,-0.0011345004639703395,-0.002012106405202493,-0.005466397305352455,-0.008997505392422377,-0.0195771164509271,Ridge_alpha_fixo,60
-0.00021203083873250076,-0.0006985359315223945,-0.0009941405587782775,-0.001467196296465289,-0.0021743497029966525,-0.007483600155274563,Ridge_alpha_fixo,60
-0.000320826301505909,-0.0011685023325473424,-0.0017333468191448233,-0.003343346627298185,-0.004020706298271599,-0.006529313175146607,Ridge_alpha_fixo,60
-0.00022492622975232534,-0.0010045295076335531,-0.0011832897488678199,-0.0024766106076634254,-0.003620926456086945,-0.00748694355096851,Ridge_alpha_fixo,60
-0.0003707982385786462,-0.0015142388492659115,-0.0021982995349146667,-0.0038680078145568626,-0.004105214506440588,-0.012769723680538718,Ridge_alpha_fixo,60
4.151187418530894e-05,0.0003129570195760544,0.00013447775472847685,-0.0007577248913105335,-0.0017295585822406359,-0.009150318720376461,Ridge_alpha_fixo,60
-0.00034447212502128945,-0.0010598514733377192,-0.001552465549968105,-0.0028840229616029513,-0.004263736818600668,-0.00908683531769078,Ridge_alpha_fixo,60
-0.00012224851237205262,-0.000659059862720146,-0.0010746269499602875,-0.0011849052605485155,-0.0007441154433291871,-0.003939451919103795,Ridge_alpha_fixo,60
-0.00022582907690573857,-0.000974524512001164,-0.0015645844908944927,-0.003459182853463738,-0.006374498248174594,-0.013281597069068528,Ridge_alpha_fixo,60
-0.00039540236772595737,-0.0016698454344836902,-0.0027331353316046346,-0.004528426803801488,-0.005410568367984805,-0.007130779643517214,Ridge_alpha_fixo,60
-0.0002851171551824104,-0.0012614263562989135,-0.0019231196215384618,-0.002639986858109738,-0.002266941292151304,-0.0037420607324066117,Ridge_alpha_fixo,60
3.824831327020269e-05,0.00030243836794306857,0.0012195344086007177,0.001959488033677291,0.0015153782731353877,-0.008200276336997468,Ridge_alpha_fixo,60
-0.00021652573644581697,-0.0006984412416552495,-0.0007696107904682228,-0.0005068232969976132,-0.0003155511716546792,-0.007911820516084373,Ridge_alpha_fixo,60
-0.00037348941749833323,-0.0011719465578141932,-0.0015897875063826765,-0.002618404805013514,-0.002975924686726677,-0.013121215833149017,Ridge_alpha_fixo,60
-0.00032891558565183025,-0.0010013362799530935,-0.0016054098123368511,-0.0029683328055061945,-0.00408917268872026,-0.009956425251251698,Ridge_alpha_fixo,60
-0.00019401476109671425,-0.0006865675602263705,-0.0015572671438385051,-0.002549732644623705,-0.0019380244848320098,-0.004824494597690131,Ridge_alpha_fixo,60
-0.0005140534836890504,-0.0019296656675092177,-0.0030842166287336505,-0.004466731924703766,-0.00589736934768396,-0.007897409485774599,Ridge_alpha_fixo,60
-0.00030191595411865744,-0.000880516095789091,-0.0014753144010071196,-0.003238300451725655,-0.004938728308136068,-0.01215738113972181,Ridge_alpha_fixo,60
-0.00017811372700057224,-0.0009015961676390469,-0.0020264505699395894,-0.004312953292888994,-0.006115205415108321,-0.012164534482558458,Ridge_alpha_fixo,60
-0.0005011042761571253,-0.0016232345669007304,-0.0029514421458685072,-0.005507145277019456,-0.007761057741053242,-0.01596916338668708,Ridge_alpha_fixo,60
-0.00022774935040676436,-0.001131420941240135,-0.0019468057042280867,-0.0031138709272975963,-0.004127600712092449,-0.011208430158310958,Ridge_alpha_fixo,60
-0.0003601066435936537,-0.0015676667658375972,-0.003280794603717964,-0.00737406934304122,-0.009769197724852434,-0.02146220291937807,Ridge_alpha_fixo,60
7.791449392450978e-06,-0.00014160258796778208,-0.000597599767064381,-0.0026242294012614317,-0.004546423437452797,-0.015519295420531626,Ridge_alpha_fixo,60
-0.0003640542643119349,-0.0009282395608785694,-0.002099619614665825,-0.00437454387993532,-0.0069823506082663635,-0.012864422097617947,Ridge_alpha_fixo,60
-0.0002835445127356216,-0.001013113851590277,-0.0009015099089988488,-0.0009468582823553019,-0.0008326359814390414,-0.005826371151963559,Ridge_alpha_fixo,60
-0.00019000985113381234,-0.0006590540879286373,-0.0005762928528193013,-0.00024966345937748935,0.0005135179453845068,-0.004226184121186492,Ridge_alpha_fixo,60
-0.00027644814113280644,-0.0012066539583738482,-0.0019580380990827794,-0.00285379045931807,-0.0027156052764859733,-0.00532467828814188,Ridge_alpha_fixo,60
-0.00033046746035242044,-0.000651235217063836,-0.0016164915225326273,-0.004986427609479127,-0.008253633415503203,-0.018866228491227374,Ridge_alpha_fixo,60
-0.0004935206527077546,-0.0018299002752081488,-0.002338905120463388,-0.0033899279006082634,-0.004279910630099474,-0.007629618569021697,Ridge_alpha_fixo,60
-0.0001836663048509237,-0.0008635674727203121,-0.001553285129155912,-0.0035056389418003818,-0.004934063320317396,-0.007317625081313882,Ridge_alpha_fixo,60
-0.0003875456237590984,-0.0013178092406433877,-0.0019965838588508803,-0.0029003074834718454,-0.0038270373005203297,-0.008990358244394417,Ridge_alpha_fixo,60
-0.0003046975305097721,-0.0010193065345790405,-0.002117717895970213,-0.005375799666349861,-0.008932305173224598,-0.016790578496029298,Ridge_alpha_fixo,60
-0.0001549371175140114,-0.0007341147992679016,-0.002118704023520226,-0.004846003226464052,-0.006344698106135095,-0.01333444100178822,Ridge_alpha_fixo,60
-0.0005556445539087181,-0.0021583444213827403,-0.0038216115886905697,-0.006740105106974332,-0.010478930780350256,-0.027128768354618357,Ridge_alpha_fixo,60
-0.0006223973819345357,-0.0022431340916570027,-0.003142190307683685,-0.005015590936323662,-0.006012707731823051,-0.012506429153935343,Ridge_alpha_fixo,60
-0.0002772621530009795,-0.0012336274304853797,-0.0021439651177669727,-0.0028662506953753227,-0.003307495232765276,-0.0034192988870050036,Ridge_alpha_fixo,60
-0.00020446270214090383,-0.0006327092964560216,-0.0009101794927025638,-0.0004765591524109505,0.0014738746123131705,0.007160330836719117,Ridge_alpha_fixo,60
-0.00034913451079563454,-0.0013094667216016135,-0.0026094837470679653,-0.004631909332675645,-0.007146852110124207,-0.012900375169704183,Ridge_alpha_fixo,60
-0.00018096814893268673,-0.0011711583909207578,-0.0021865886513443423,-0.004245412201765005,-0.007231432322789665,-0.016972378700126398,Ridge_alpha_fixo,60
-8.410494345313783e-05,-0.00031196162388323466,0.00014617512184955677,0.0008862591097705857,0.0012563601480316275,-0.0050865418034758275,Ridge_alpha_fixo,60
-3.2002464368324836e-05,0.00047890379140491565,0.0013892067084681535,0.002892356354479327,0.004093089469994448,-0.006431618134663624,Ridge_alpha_fixo,60
-0.00044581995189872935,-0.0008491730932008282,-0.0015834106392984134,-0.0033930897335857886,-0.004262456752912791,-0.008901653646643989,Ridge_alpha_fixo,60
-0.00028731293026917334,-0.0007509948176988167,-0.0008772528722433811,-0.0013751287338081776,-0.0022307161333434485,-0.004871505056790824,Ridge_alpha_fixo,60
-0.00032716198468764915,-0.0007411371068232695,-0.001112241338642139,-0.0023848972421784487,-0.0029067938291271475,-0.007849531593740187,Ridge_alpha_fixo,60
-0.00029059768148269636,-0.0008867541804587345,-0.001326891786310014,-0.002358550295070539,-0.0025967567768407796,-0.004668317987037835,Ridge_alpha_fixo,60
-0.0002890475553677546,-0.0012716342763012896,-0.0024976296167815307,-0.005772733488728299,-0.006716293683463394,-0.015124331459500331,Ridge_alpha_fixo,60
-0.00019917592166003513,-0.0007762435891424955,-0.0012344196556028496,-0.001643461194480225,-0.0013480562611646958,-0.0039577646136652826,Ridge_alpha_fixo,60
-0.0006039815844770038,-0.002035334929412815,-0.003481537870042619,-0.006484065652744166,-0.00990363603215204,-0.025143777285954804,Ridge_alpha_fixo,60
1.558882537920781e-05,-0.0002958516111574077,-0.0010816910410555915,-0.0024837157511699995,-0.002907725368815721,-0.009286643533373414,Ridge_alpha_fixo,60
-0.0002796919755622406,-0.0010646354320817503,-0.0011510105274588525,-0.0014997993352483504,-0.0013533114226856634,-0.006937800489807644,Ridge_alpha_fixo,60
-0.00028644374018657555,-0.0008917102777208769,-0.0018848273523896307,-0.004300615984301326,-0.007365203983774296,-0.022200408058313234,Ridge_alpha_fixo,60
-0.00022340567370706622,-0.0013031463347254195,-0.003514986552379849,-0.008691217970040686,-0.014756795941991585,-0.03215160431916714,Ridge_alpha_fixo,60
-0.0003402777280771617,-0.0012373945537869067,-0.002347569363264514,-0.004821474528404922,-0.0053590544376308676,-0.015535494671663918,Ridge_alpha_fixo,60
-0.00011914566681211625,9.684287882068523e-05,0.001093931613964998,0.0024351549801559774,0.004113776745712638,0.005745740849893264,Ridge_alpha_fixo,60
-0.0002623452653497769,-0.0013818375238285887,-0.002965581670540007,-0.005933135143513828,-0.007515825379707375,-0.017104515552993103,Ridge_alpha_fixo,60
-0.0002244034560390174,-0.0007993996874268198,-0.0011626522824170547,-0.00021172290636797803,0.0006838383052116447,-0.011280717320445539,Ridge_alpha_fixo,60
-0.00048720358856031145,-0.0015158101040508604,-0.003370557436406556,-0.00799019714754922,-0.010821808590977476,-0.012994174535635528,Ridge_alpha_fixo,60
-0.00023259086080821986,-0.0008757426469308949,-0.0017579111859254211,-0.0034524114143164894,-0.005118919153983538,-0.009595067283381914,Ridge_alpha_fixo,60
-0.00021084450290137597,-0.0007687829609804315,-0.0007675605557678983,-0.00040818284581534993,0.0006110276869089533,-0.0006714313653655271,Ridge_alpha_fixo,60
-0.0005184629044170869,-0.002951128664665586,-0.005735186115017144,-0.010596839731963749,-0.012851826766207436,-0.018244154328469524,Ridge_alpha_fixo,60
-6.0146010224126324e-05,-0.0004202842442917468,-8.117834829141635e-05,0.0014063846789870757,0.0016332765287146802,-0.00179824342389817,Ridge_alpha_fixo,60
-0.000525453978437843,-0.0019890071702216767,-0.003362393889061242,-0.005786983049944917,-0.009063204394621263,-0.017742023195922066,Ridge_alpha_fixo,60
-0.00015925991775435824,-0.00033803621121588647,0.0004805346632587012,0.00022348024072687894,0.001155521067164795,7.289703412371068e-05,Ridge_alpha_fixo,60
-0.00026624460381933953,-0.0008845709905160678,-0.0010946006353154938,-0.002927241271333989,-0.005464393987243308,-0.011367758443118596,Ridge_alpha_fixo,60
-0.00021720796631473412,-0.0007448059165396717,-0.0011711184640018834,-0.002501687416045468,-0.0038905723151918745,-0.015284594793843198,Ridge_alpha_fixo,60
-0.00038537739641412685,-0.0012904350752899977,-0.003106633905024187,-0.006508049271531817,-0.008618503731984684,-0.013541462608894694,Ridge_alpha_fixo,60
-0.0001658056931435119,-0.0005402612244643165,-0.0010654231437557254,-0.001371181219717361,-0.0007554536419313501,-0.0062849265348260824,Ridge_alpha_fixo,60
-0.00034459925850764445,-0.0008655064536868768,-0.0022601551526478868,-0.00553783288773876,-0.008223081288967761,-0.013630496488116066,Ridge_alpha_fixo,60
-0.0003348253446346642,-0.0013883171076672176,-0.0027315955199340935,-0.005030111939843333,-0.007875988412750216,-0.02440532675443986,Ridge_alpha_fixo,60
-0.00014607340006355575,-0.0007098704552351425,-0.0012193929332048146,-0.0017994645891843209,-0.0015710451893278165,-0.004181778255468972,Ridge_alpha_fixo,60
-0.0001984113480253449,-0.0008193162312708142,-0.0010870847012029396,-0.0012328851805383661,-0.0009343792828481985,-0.002972192797709008,Ridge_alpha_fixo,60
-0.0005122594688133983,-0.0016949162328509819,-0.003435652712770673,-0.007059608972785888,-0.00920406725901385,-0.018577250608726375,Ridge_alpha_fixo,60
-0.00040155827875367823,-0.0015619145881288785,-0.002297000482026294,-0.004427957772745707,-0.0064048042511980815,-0.01825287469707899,Ridge_alpha_fixo,60
-0.0004218307585153517,-0.0017692240846283803,-0.00231702462865012,-0.0036429820036680918,-0.004543106829512174,-0.013723777298231246,Ridge_alpha_fixo,60
-0.00015498405945904762,-0.0003838694057826563,-0.0005031746149579769,-0.0010024010553693226,-0.0011342282086882424,-0.0020253310445739183,Ridge_alpha_fixo,60
-0.0005414574674330101,-0.0019452471737101448,-0.0032739414735419086,-0.004904540226157332,-0.0065594118989230855,-0.01585083446117305,Ridge_alpha_fixo,60
-0.00028826543731987574,-0.0007777732974590455,-0.001389754858194254,-0.001855308384350917,-0.0026905620496521948,-0.009026254983734421,Ridge_alpha_fixo,60
-0.00018746014804422718,-0.0008398039898476023,-0.001125329600217492,-0.0014605309818027936,-0.0019443359189589842,-0.0015049814512455993,Ridge_alpha_fixo,60
-0.00027278284209889816,-0.0014046165923894708,-0.002495835229750696,-0.00542069453650083,-0.00688179191242052,-0.013871545980374492,Ridge_alpha_fixo,60
-0.00024179220467979498,-0.0008676579525820217,-0.0010935674619039462,-0.0019647133228856413,-0.0021048909481585433,-0.0011086268854031734,Ridge_alpha_fixo,60
-0.00032874842111325924,-0.0009746545467099831,-0.0013791378933067958,-0.0024887732382919124,-0.003057049661640335,-0.008460049353739426,Ridge_alpha_fixo,60
-0.00024317244736844933,-0.0010335637008506886,-0.0014587289372106464,-0.0026942522555250554,-0.004188147703350975,-0.009281191720703717,Ridge_alpha_fixo,60
-0.00027689845152102936,-0.0010179295055414042,-0.0012753486762113009,-0.0013827011424619254,-0.0007207739760111208,-0.0013429591947797287,Ridge_alpha_fixo,60
-0.0003404295162824959,-0.001624293225236892,-0.002604952285773915,-0.0033617450547811564,-0.0040617387675657935,-0.014571119251884595,Ridge_alpha_fixo,60
-0.00016179567971042367,-0.0006656558008391958,-0.0010155810651930816,-0.0021433420897387953,-0.0033159241779905503,-0.006013402620914425,Ridge_alpha_fixo,60
-0.00045211405097172195,-0.001810696715553214,-0.0022309029926406328,-0.0028754985046578843,-0.002825346824301562,-0.006178228917246391,Ridge_alpha_fixo,60
-0.00030217194791795025,-0.0011878535618791704,-0.002429916094371728,-0.005237431939092782,-0.007980573139097991,-0.020027598838826162,Ridge_alpha_fixo,60
-0.00023645167670826407,-0.001273647617743274,-0.002498693291434435,-0.00440148113706309,-0.00687071121378524,-0.014865261234734512,Ridge_alpha_fixo,60
-0.00019437584473812428,-0.0005493891355028731,-0.0011802020709050013,-0.0032531424045193105,-0.006379237196519016,-0.02219891572652313,Ridge_alpha_fixo,60
-0.0005089822838920741,-0.0021000037966061435,-0.004273199190931966,-0.009233672896624745,-0.014437765387263045,-0.02290631259038914,Ridge_alpha_fixo,60
-0.00041979773325474394,-0.0008131023354271639,-0.0006351023831931425,-0.00032262124866921335,-0.0010429279958838265,-0.011521815545610667,Ridge_alpha_fixo,60
-0.00015494845510292146,-0.0007663893555974382,-0.0018359651200858867,-0.0021556359739269603,-0.0009591961674979965,-0.010890404779008904,Ridge_alpha_fixo,60
-0.00034195407358497313,-0.0011048060450531989,-0.0019537726776800383,-0.003452434891147692,-0.00421269152290824,-0.00755832513987528,Ridge_alpha_fixo,60
-0.0002369265221416699,-0.0015220399661437442,-0.0030960467793510727,-0.005714109111567549,-0.00766115974557283,-0.012683377634037898,Ridge_alpha_fixo,60
-0.00019064793779460172,-0.0004924059676594405,-0.0007835607719372099,-0.0022426589232806137,-0.0029872522842689514,-0.012030785476053444,Ridge_alpha_fixo,60
-0.00034462091701538053,-0.0015790475552890533,-0.002909509769967148,-0.005472399561594409,-0.007163249057401681,-0.00814157597129254,Ridge_alpha_fixo,60
-0.0004181568355701558,-0.0016416582532067577,-0.0028217588598071727,-0.005827430817476139,-0.0073646289454992134,-0.008279270683387269,Ridge_alpha_fixo,60
-0.0002990986816295229,-0.0016491023777473483,-0.0029208299525145622,-0.004240971046616126,-0.00479331330800649,-0.006790541253445045,Ridge_alpha_fixo,60
-0.00022460917421038244,-0.0008660210377464668,-0.001830432492185319,-0.0031420163728865065,-0.004752576456000195,-0.017340350637784187,Ridge_alpha_fixo,60
-1.2200827527950102e-05,-5.7862993679326006e-05,-0.0007537738790891844,-0.0021077086651647954,-0.003467271010777364,-0.01250428574747408,Ridge_alpha_fixo,60
-0.0003593732029567145,-0.001104812661886002,-0.0012927448868941527,-0.0012961559989678468,-0.0010287543322880937,-0.005995555997842563,Ridge_alpha_fixo,60
-8.123372996171225e-05,-0.0005030868922228788,-0.0014544856937895386,-0.004600795133183423,-0.008004630956741636,-0.01838065064991817,Ridge_alpha_fixo,60
-0.00017534660576604176,-0.0004054672601946783,-0.0006209134903337716,-0.0016917060982573463,-0.0029079152200843154,-0.008431114307521874,Ridge_alpha_fixo,60
-7.15039837418396e-05,-0.000386506439452978,-0.00016777074089038618,0.0012567664467787944,0.003210272940668229,0.0021806439104386094,Ridge_alpha_fixo,60
-0.0003321449912217409,-0.0012302140159463288,-0.0027622512061723095,-0.005184926230379445,-0.007045188312460891,-0.01063266505160091,Ridge_alpha_fixo,60
-0.0003042604950214364,-0.0013322911362002306,-0.003150186904860603,-0.005592388045765123,-0.006620707014300474,-0.014099063007381384,Ridge_alpha_fixo,60
-0.00020649733522356525,-0.0005699343284269315,-0.001553101309594843,-0.003591137679411794,-0.006112158219315662,-0.01709162991306592,Ridge_alpha_fixo,60
-0.0002520207093682075,-0.00102998002591471,-0.001147338209136673,-0.0015418970062099037,-0.0015482178095679638,-0.005204506997081314,Ridge_alpha_fixo,60
-0.00034040330864685474,-0.0004500606100321944,-0.0006724029057447341,-0.0019436490668139274,-0.0029967676527534568,-0.0033665201741053994,Ridge_alpha_fixo,60
-0.00035817530768321904,-0.0014807567751948312,-0.00221706597501372,-0.00327252534078728,-0.004051437974381537,-0.007723562144109609,Ridge_alpha_fixo,60
-0.0003282015868911102,-0.0014583036036715377,-0.00202236267025644,-0.003295335559017519,-0.005473037184817735,-0.01987281319183357,Ridge_alpha_fixo,60
-0.00012813899173473047,-0.000495310657844724,-0.0011368310483427994,-0.0020507911923327944,-0.003004882190434259,-0.016753169569893128,Ridge_alpha_fixo,60
-0.0003227704341112551,-0.0007139211397763487,-0.001359592598108034,-0.001181037649626514,-0.001935711282144472,-0.010035009162956902,Ridge_alpha_fixo,60
-0.00035989431697617364,-0.0016384555197072697,-0.0032669132923136435,-0.0059312831250796835,-0.008230547999215162,-0.01370086867555861,Ridge_alpha_fixo,60
-0.00048097519892887855,-0.0019231202045034194,-0.002955973648963835,-0.004015600088642197,-0.0038983008760052184,-0.011624395012155826,Ridge_alpha_fixo,60
-0.000301070977288616,-0.0010567160982749952,-0.0020119832617477547,-0.0035996947832369597,-0.003999107471420495,-0.00903409916726553,Ridge_alpha_fixo,60
-0.0002736899166546417,-0.0012477895423309647,-0.0020996981818717044,-0.004639726599046558,-0.006910543263574326,-0.01358065782596312,Ridge_alpha_fixo,60
-0.000272706617709911,-0.0013888902659125503,-0.0018432690855985276,-0.002670317896601121,-0.0023306672531266184,-0.0048274609612638094,Ridge_alpha_fixo,60
-0.0005495047218949877,-0.001978923976418354,-0.0031565372464350816,-0.005359206990454239,-0.007685509298008622,-0.01598200111968602,Ridge_alpha_fixo,60
-0.0002273612099093313,-0.0005942528950255264,-0.0005403363877054094,-0.0003800055579255581,-1.4327886557373635e-05,-0.007348052225183347,Ridge_alpha_fixo,60
-0.00035282708631105406,-0.0014978063532749965,-0.0020006692166414943,-0.0014765370994597698,0.0005342550611685628,-0.009229202930171114,Ridge_alpha_fixo,60
-0.00019020156883092204,-0.000889805875658609,-0.0013406172475902297,-0.001991881730250105,-0.0025662094900702685,-0.015819220592647724,Ridge_alpha_fixo,60
-0.00016369700401276378,-0.0005419556377706239,-0.0012379754606315966,-0.0030441993756683953,-0.0043943801157889555,-0.014064714153011061,Ridge_alpha_fixo,60
-0.00034937945762384797,-0.0013486679166886109,-0.002189840871990157,-0.0035352374710522936,-0.0041206072871693995,-0.008372898490140494,Ridge_alpha_fixo,60
-0.00022313099916021953,-0.0007344293927422941,-0.00045767675245233185,-0.0007113588588954203,-0.0011698609513257833,-0.0027432575777048248,Ridge_alpha_fixo,60
-0.0002846664199322243,-0.0006761807854808044,-0.0013271808317943609,-0.0025433653769853654,-0.004568008363175033,-0.015410159688552633,Ridge_alpha_fixo,60
-0.0004100895389615355,-0.001243165661160877,-0.001975604017889141,-0.0032954498649867296,-0.004657185882242097,-0.015820311574863456,Ridge_alpha_fixo,60
-0.0002207801298829707,-0.0009920978179001438,-0.0012169075302502577,-0.0009246667482411691,-2.9429529645600184e-05,0.002042790334330053,Ridge_alpha_fixo,60
-0.00020694574430379917,-0.0013026331421482934,-0.0024189943608034477,-0.0038818341665168214,-0.004541987328638091,-0.010061632268590408,Ridge_alpha_fixo,60
-0.00042591759648293086,-0.0013916411700948424,-0.002769799968295083,-0.005265424224393677,-0.008085696922395257,-0.017464087661831083,Ridge_alpha_fixo,60
-0.00012126495048024774,-0.00028509956658519145,-0.0006960680657240258,-0.001507423613944053,-0.0023398851620910783,-0.006809013376564272,Ridge_alpha_fixo,60
-0.00045183660880657764,-0.002291290691738691,-0.004816420313380052,-0.01006971488606833,-0.014127004426324486,-0.022030435403135255,Ridge_alpha_fixo,60
-0.0003351126234746172,-0.001048757731234259,-0.0015504585344943925,-0.002194494733359135,-0.0017919100813784251,-0.009188560028573977,Ridge_alpha_fixo,60
-0.00030952584911614193,-0.0018378579332617906,-0.0026602745216990926,-0.004482957584791317,-0.004661325826527281,-0.0037767118195726193,Ridge_alpha_fixo,60
-6.691089030465435e-05,-0.00025122789933248465,-0.000213455756155337,-0.00038879093447099594,-0.0011349711762589625,-0.007464136976548032,Ridge_alpha_fixo,60
-0.00022621434452599465,-0.00140074936054052,-0.0025888409264389896,-0.006699706966168662,-0.011301003388768494,-0.016737450513755126,Ridge_alpha_fixo,60
-0.00014682344310544765,-0.0003649032741636229,0.0003648318873833399,0.001854425990182259,0.0028190545238330317,-0.006624849679844603,Ridge_alpha_fixo,60
-0.00016681555959587903,-0.000501094806471699,-0.0009724903886622117,-0.001096303102944054,0.0008823670344272319,0.004045583288456737,Ridge_alpha_fixo,60
-0.0001540706506218036,-0.00043182710994805795,-0.0008045698836519321,-0.0022004112116236958,-0.004264211393376735,-0.01968714072734202,Ridge_alpha_fixo,60
-0.00014007301938428628,-0.0002480920827030134,0.00019867614947778337,0.0016634348019070719,0.005066519266639967,0.0115545117542894,Ridge_alpha_fixo,60
-0.00022117571848101066,-0.0012743341099231832,-0.0018205457263805222,-0.00307638115093129,-0.0039938032319045795,-0.006353760432508626,Ridge_alpha_fixo,60
-0.0002898489288041551,-0.0009677121777668886,-0.001384254734792046,-0.0028998074071233614,-0.00325027064180516,-0.00702985495877638,Ridge_alpha_fixo,60
-0.0001953049557348424,-1.7417429668005845e-05,0.0007309985434262178,0.001244512563742591,0.0014174609600016025,-0.008607680263813226,Ridge_alpha_fixo,60
-0.0002619807413211699,-0.000964922797126418,-0.0011681432361775154,-0.0019217927736247971,-0.0021418800924549826,-0.01054564974899109,Ridge_alpha_fixo,60
-0.0002702093371363499,-0.000696506949822609,-0.00048452199483593294,-0.0006070085022265601,-0.00040823422722211146,-0.0028758882961228646,Ridge_alpha_fixo,60
-0.0002522793433391892,-0.0007833187307008722,-0.0007475619959845434,-0.0016787920040796267,-0.002948277888118078,-0.009234715398809386,Ridge_alpha_fixo,60
-0.00032892180486919514,-0.0012469657747554738,-0.0015623350296777444,-0.0021471688331956514,-0.003097374389799209,-0.006595133614051099,Ridge_alpha_fixo,60
-0.00019630210091018337,-0.0007774542101141356,-0.0014677411428028978,-0.0031934267559734393,-0.004917989047829155,-0.012785708518341725,Ridge_alpha_fixo,60
-0.000287193420892547,-0.001195022096818741,-0.0018869415322539985,-0.002257827765460354,-0.0017516600480653103,-0.004773713639963163,Ridge_alpha_fixo,60
-0.00032923373166563884,-0.00172528347044532,-0.0030548521134020853,-0.005726930612096785,-0.006944477398121224,-0.009399184768915029,Ridge_alpha_fixo,60
-0.0003675762801978839,-0.0012368405596814968,-0.0020987257803662834,-0.003611279546053804,-0.004078247720594383,-0.00715852570231978,Ridge_alpha_fixo,60
-0.00029800929775601636,-0.0010869309420898144,-0.002228634608234165,-0.005153215830903077,-0.008347987906959847,-0.01885614675974987,Ridge_alpha_fixo,60
-0.00021383334344743602,-0.0008093459218293146,-0.0010097215959121867,-0.0008970343433500165,-0.0009015332527009957,-0.0016046208603469837,Ridge_alpha_fixo,60
-0.0002114544210664602,-0.000834835314476931,-0.0010188110795907345,-0.00014661224774170856,0.0009188748305403096,-0.001365768503858267,Ridge_alpha_fixo,60
-0.00041121165772828414,-0.0015524769281315084,-0.001470559045549744,-0.0014043379274916302,-0.0006082025098536265,-0.004190515916911044,Ridge_alpha_fixo,60
-0.0003074761410294059,-0.0009530454450196769,-0.001842440977041244,-0.0036112921819632148,-0.004794875707059221,-0.008317583867592244,Ridge_alpha_fixo,60
-8.59138556298941e-05,-0.0002954546734044852,4.7890509539777204e-05,0.0002822604259381801,0.0007019439097312009,-0.002057593389612476,Ridge_alpha_fixo,60
-0.00026395721509233754,-0.001060161783528918,-0.0027154849278514604,-0.005076089774565169,-0.007169415705118892,-0.01878356636617616,Ridge_alpha_fixo,60
-0.0003454569993868867,-0.0008829767648163749,-0.001116308095541069,-0.002024388138333442,-0.0018046649846764056,-0.0066400510037895495,Ridge_alpha_fixo,60
-0.0005360734766668066,-0.0011974215282331638,-0.0032150477867880344,-0.008966448290668888,-0.015190251678833557,-0.02987140438933157,Ridge_alpha_fixo,60
-0.0004567378052912086,-0.002209631473942321,-0.003951509996540836,-0.007484452868497867,-0.009060114282199218,-0.012653264846869903,Ridge_alpha_fixo,60
-0.0004750414402991571,-0.001552438233771322,-0.0026860875463375826,-0.003978395468708887,-0.004067382941006948,-0.005108866346658433,Ridge_alpha_fixo,60
-0.00022036595382628798,-0.0006599325372381965,-0.0009279489681447522,-0.0018227711801901165,-0.0021710187605267395,-0.008617610791306582,Ridge_alpha_fixo,60
-0.0002014966614034674,-0.0010971049744045815,-0.0026275582979355294,-0.005737623944473374,-0.008380278667602905,-0.013615601291038143,Ridge_alpha_fixo,60
-0.00038316982932410667,-0.001479112259346778,-0.0018649122219326188,-0.002010591507273577,-0.0010179752719717947,-0.005222163002873987,Ridge_alpha_fixo,60
-0.00034771189996540895,-0.0011692129139464849,-0.0017281921911621383,-0.002807242798619536,-0.00413811443956138,-0.01061313653296697,Ridge_alpha_fixo,60
-0.0002451950370047076,-0.0007511339540356794,-0.0016874510605491512,-0.003331618541624472,-0.0066352093417065775,-0.022477845132331482,Ridge_alpha_fixo,60
-0.00038779453944087327,-0.0008314145809268497,-0.0013634578841983048,-0.0032548532796323444,-0.005747318017373121,-0.015263848624907251,Ridge_alpha_fixo,60
7.937533514854318e-06,0.00012203810879833166,0.00021348724451861767,-8.616359079706923e-05,0.00030473011941744394,-0.006471692148606083,Ridge_alpha_fixo,60
-0.00045818130247549517,-0.0014519673885075015,-0.001709930635540828,-0.002018703148923062,-0.002000816716675996,-0.010071680169031916,Ridge_alpha_fixo,60
-0.00012200117811752279,-0.0005060224417334212,-0.0013769925697139013,-0.0032708658120879025,-0.005568057732017354,-0.014973384997849318,Ridge_alpha_fixo,60
-0.00031615078861966156,-0.0010694524659581063,-0.0017728955942090897,-0.0026755762099981767,-0.0035398826786459643,-0.00692232709798318,Ridge_alpha_fixo,60
-0.0002307080522191382,-0.0009038960483312235,-0.002168453403978262,-0.004753211646506508,-0.006967121545651963,-0.01084699496263948,Ridge_alpha_fixo,60
-0.00012986222551449945,-0.0005397932828066973,-0.0005332787345065066,-0.0008947750393398143,-0.0006936457598720091,-0.006235325805167386,Ridge_alpha_fixo,60
-0.00028985140225992365,-0.001284313279397263,-0.0012916489337264,-0.0006482893636383341,0.0010138604099589764,-0.0025792046150221264,Ridge_alpha_fixo,60
-0.0002668401814605189,-0.0006275961730800256,-0.0004925610312506844,-0.0008278449769165312,-6.979019852913922e-05,-0.009908329757984233,Ridge_alpha_fixo,60
-0.00018269438238518199,-0.000761412318677706,-0.0010599194419670195,-0.002265691471818959,-0.0032814892438048004,-0.010923820641498492,Ridge_alpha_fixo,60
-0.00013284610291555937,-0.00031062054544591993,-0.0006343137070976836,-0.001069245536901933,-0.002362658122393131,-0.011401352520686192,Ridge_alpha_fixo,60
-0.00042448880365911093,-0.0008856894802213585,-0.0006847484530131047,-0.0017827387321261066,-0.001648372501974263,-0.006830951619116448,Ridge_alpha_fixo,60
-0.0003189079120894751,-0.0013633002447787752,-0.0021812078933465357,-0.002759959812605315,-0.002129529266745016,-0.005992478570273325,Ridge_alpha_fixo,60
-0.0001837637841042231,-0.0006655527596911373,-0.0021387373092772548,-0.005976303489266294,-0.008061847565380836,-0.014250775031011048,Ridge_alpha_fixo,60
-0.00014009802707269693,-0.00043971931437486336,-0.000602749794397843,-0.00035923797834827646,5.022614058682207e-07,-0.0036452634707374028,Ridge_alpha_fixo,60
-0.00029057814622464865,-0.0007610303162170452,-0.0011817035319929834,-0.003559631031031458,-0.005907356879091694,-0.014900828651286354,Ridge_alpha_fixo,60
-0.00034363076442062325,-0.0011464225595787338,-0.0017591464047487396,-0.0032762208812979073,-0.004329465248320599,-0.01021788894180861,Ridge_alpha_fixo,60
-0.00024139658765097576,-0.0005386110707040853,-0.001408370394258125,-0.0038066495812477054,-0.00655006659082584,-0.02264523279723263,Ridge_alpha_fixo,60
-0.00039140430650906323,-0.0014004294591958507,-0.0018999318829134905,-0.0038359190590822297,-0.0046499836556510386,-0.009604524095585602,Ridge_alpha_fixo,60
-0.00039578779026050014,-0.0011993645691888728,-0.0020239895587039775,-0.0035507011203201873,-0.0046087463447967054,-0.011737828463796986,Ridge_alpha_fixo,60
-0.00023029320875408892,-0.0010491655749642567,-0.0020751753333197462,-0.004620387649443918,-0.007558413765998821,-0.01536107140389515,Ridge_alpha_fixo,60
-0.0001893363857523444,-0.000736321071104319,-0.001496942795641668,-0.0032375886534219576,-0.004952551983915004,-0.013396899036294305,Ridge_alpha_fixo,60
-0.00033668592133865503,-0.0009596231152592976,-0.0010620152776991507,-0.002193776456218012,-0.0028995885772830662,-0.004358799663279948,Ridge_alpha_fixo,60
-0.00026776353848545823,-0.0009931527636142295,-0.0011185901563462136,-0.0008276419311424528,-0.0010847115267900661,-0.008644097660581218,Ridge_alpha_fixo,60
-0.00023762629847263463,-0.0007033018732018498,-0.0008445749482050656,-0.0011430554254727055,-0.0015327572383133327,-0.007150120272894859,Ridge_alpha_fixo,60
-0.00042263667351205136,-0.0017591356728725428,-0.004093331488975014,-0.00930533269330198,-0.014899480790149458,-0.02529997991855281,Ridge_alpha_fixo,60
-0.00024483869577296755,-0.0004204810206172969,-0.000522703838201134,-0.0013996873259507435,-0.00350562850625535,-0.014049141795259401,Ridge_alpha_fixo,60
-8.881424723721846e-05,-0.0005567363277018137,-0.0011677926351562494,-0.0029165464553299486,-0.005079782198589147,-0.010878962794353757,Ridge_alpha_fixo,60
-0.00040687498319262475,-0.0014290948743043972,-0.0023387307714838462,-0.003855857399069518,-0.005729190620647752,-0.013051484433011816,Ridge_alpha_fixo,60
-0.00038610596912707837,-0.0015594497860517702,-0.0026898456978254083,-0.004521833505861861,-0.0046469074096910585,-0.016515261020210687,Ridge_alpha_fixo,60
-0.00012505748526768032,-0.0004596899838901837,-0.0011205994035369592,-0.0018024311659931857,-0.0021477997562103176,-0.005391007440627921,Ridge_alpha_fixo,60
-0.00034951408859748724,-0.001367664955112446,-0.002391154022089961,-0.0036651177570644674,-0.004663130125264089,-0.013369861583846388,Ridge_alpha_fixo,60
-0.0003428747662987976,-0.0012164484270123133,-0.0020874028123138975,-0.004882295245218872,-0.007201414031506307,-0.015482651517478001,Ridge_alpha_fixo,60
-0.00010034540851411364,-0.0003561357278629245,-0.0014471119102005968,-0.004281866843912169,-0.006782589247609435,-0.01602907153254027,Ridge_alpha_fixo,60
-0.0002838673436661086,-0.0010691361821872686,-0.0016249546931616618,-0.002350142308352885,-0.003465068245612583,-0.009111977997632666,Ridge_alpha_fixo,60
-0.00036118560586904084,-0.001184774493139542,-0.0027341974489002853,-0.004839026335537889,-0.007067855028659397,-0.01574641565105089,Ridge_alpha_fixo,60
-0.00013921518474339174,-0.0007870146456629653,-0.0016619316305296577,-0.003487495021538201,-0.005173338413879306,-0.008410088713308929,Ridge_alpha_fixo,60
-0.00020632921692843132,-0.001175255661613371,-0.0020233226430828384,-0.0029206267477980175,-0.0045608224682543545,-0.013865357404145684,Ridge_alpha_fixo,60
-0.00041765686480341754,-0.0016634378701969115,-0.002217223200744998,-0.002862203280336403,-0.0022461685520049532,-0.0045319776267562315,Ridge_alpha_fixo,60
-0.0005528368260089881,-0.0019871806514867754,-0.004018494871861999,-0.009650617773920827,-0.014284434981443234,-0.02090976202600274,Ridge_alpha_fixo,60
-0.00024081172542802362,-0.0008115688307041402,-0.001729333181762407,-0.004418794003831964,-0.00732761711312512,-0.01158275859922342,Ridge_alpha_fixo,60
-0.0001823129036110787,-0.0006024753693906923,-0.0008152279340198468,-0.0017227991282975552,-0.002929777929249376,-0.013460982716670596,Ridge_alpha_fixo,60
-0.00012034781316156512,-0.00010446933771787484,0.00011638868449736548,0.0001878717937902454,-0.0005498138767184243,-0.010903836920143847,Ridge_alpha_fixo,60
-0.0002276971331657489,-0.0006538271012502305,-0.0007572091223030091,0.0014512025135989678,0.003999327746389239,-0.005424280208270783,Ridge_alpha_fixo,60
-8.778113669345143e-05,-0.000363047498674407,-0.0005987249898033631,-0.0005383746967103357,-0.0008096177123830212,-0.0038070015824390687,Ridge_alpha_fixo,60
-0.00028823805106220016,-0.0011432453995230925,-0.0019686555682405255,-0.0032131179969976578,-0.0046290436887333405,-0.008222855308126394,Ridge_alpha_fixo,60
-0.00023896725602753154,-0.00038425457624999845,-0.0013062656636524087,-0.003216305846457563,-0.004747407407828239,-0.010403797149200766,Ridge_alpha_fixo,60
-0.00028280712770033424,-0.000949850850996004,-0.0017622360999826985,-0.0030400729311068123,-0.004701847833638389,-0.01228185123536912,Ridge_alpha_fixo,60
-0.00043616879311569526,-0.0018598633326149926,-0.004331686416655015,-0.008985907444387119,-0.012492715931195693,-0.024540433880409697,Ridge_alpha_fixo,60
-0.00019276431138568509,-0.0005426240384794381,-0.0002919167441135948,-0.0004898729032904886,-0.0007159333659916973,-0.0059670208216487395,Ridge_alpha_fixo,60
-0.0002799140079569566,-0.0011620787481326918,-0.0014246453414973525,-0.002370767861146658,-0.0020564796381542546,-0.009839944249273291,Ridge_alpha_fixo,60
-0.00010002217920750349,-0.00035538375854283653,-0.0004117797172577432,0.0002517918847505434,0.0008693904865719544,-0.00015157033823417408,Ridge_alpha_fixo,60
-0.00018238634900129578,-0.0011214725960541393,-0.0018493000322057761,-0.003399599777303294,-0.004846653931978709,-0.01439405828001638,Ridge_alpha_fixo,60
-0.00031548768367069654,-0.0011742885091004206,-0.0014466589165009205,-0.002596725770347785,-0.003899184430778725,-0.009127352471706334,Ridge_alpha_fixo,60
-0.0004294814626428719,-0.0010001046833563389,-0.001816937528930129,-0.0035786546723374836,-0.004714798368080745,-0.005978141788902677,Ridge_alpha_fixo,60
-0.00038663921207284256,-0.0014765357667520687,-0.0022452933761771504,-0.005133466724815929,-0.007590752027800652,-0.00973349503201819,Ridge_alpha_fixo,60
-0.00033996418117948575,-0.0007736456239763172,-0.0014488950981232922,-0.003361797121389689,-0.002901714563920052,-0.0145612634584049,Ridge_alpha_fixo,60
-0.00036830049211957904,-0.000898733050419353,-0.0013912932441796015,-0.0028056123779789835,-0.0035101102344608378,-0.012633705386755106,Ridge_alpha_fixo,60
-0.0005515677414675154,-0.0018763511647107009,-0.0038844019685787892,-0.006765890532759977,-0.008563169189063769,-0.012840230501457718,Ridge_alpha_fixo,60
-0.00019027197648938316,-0.0007359041222334755,-0.0013700601871199985,-0.002947939939265129,-0.004284811599816932,-0.008409350142876342,Ridge_alpha_fixo,60
-0.00015976172494790427,-0.0003656893680688369,-0.001561877331954048,-0.004463815767999784,-0.006218794248853777,-0.017559866237118898,Ridge_alpha_fixo,60
-0.00014882033759306752,-0.00026665121920162627,-8.437230935509182e-05,-0.0007431877446932791,-0.0011645751897291848,-0.0041170974205220505,Ridge_alpha_fixo,60
-0.000178846086633651,-0.0006275882263929019,-0.0011694005758103208,-0.002644784280007916,-0.004409600026302573,-0.012074152122365405,Ridge_alpha_fixo,60
-0.0003486810398575217,-0.001300738187773845,-0.0024466219634444145,-0.005019403439684662,-0.00791036776989965,-0.018058184005635473,Ridge_alpha_fixo,60
-0.00047319033058526545,-0.0018818699477565152,-0.001696665374944036,-0.0002247198635845158,0.0013982486576420553,-0.004289279407908966,Ridge_alpha_fixo,60
-0.00031515359480672496,-0.0011064227702244722,-0.001471414535169995,-0.0018716960372117649,-0.0027534162018171262,-0.00926377523667774,Ridge_alpha_fixo,60
-0.0003350639512911656,-0.0014472773489665571,-0.0024378748533228954,-0.004643777604547266,-0.006421164658923531,-0.022821421202621203,Ridge_alpha_fixo,60
-0.0003072432338648042,-0.0013504769490841006,-0.0024552109261016587,-0.006139500328971778,-0.00954918709362758,-0.020460989293949985,Ridge_alpha_fixo,60
-0.00033514813713944407,-0.0012589218508738606,-0.002192130039858333,-0.003968523549932682,-0.004523382827624385,-0.004411251334707892,Ridge_alpha_fixo,60
-8.067037019235615e-05,-0.00013044579263795554,0.00031875482973716085,0.0007558471410917,0.0014292530398241495,-0.0009381573382946972,Ridge_alpha_fixo,60
-7.01856273032239e-05,-0.0009169815138154822,-0.0019358935898326096,-0.004188752817892058,-0.005780536453841347,-0.009965530469926194,Ridge_alpha_fixo,60
-0.00019357890637210345,-0.0009173453230144301,-0.001462172576622315,-0.002097442476011285,-0.003417443588120089,-0.0102337759320941,Ridge_alpha_fixo,60
-0.00045764820052606413,-0.0018277554689047086,-0.0031535677748760218,-0.004617109738062758,-0.0046446802572925605,-0.005419959436166869,Ridge_alpha_fixo,60
-8.11878306589772e-05,6.874869018671294e-05,0.0003767673837169204,0.0012612829317257708,0.0019359252628425175,-0.007907089752174915,Ridge_alpha_fixo,60
-0.0003456686845401294,-0.0012227094715674452,-0.0017283225742754948,-0.0017826814233000187,-0.0019013703983140839,-0.008285807695622162,Ridge_alpha_fixo,60
-0.0003869390444450809,-0.0014174083546382099,-0.002062702084637858,-0.00414313441632692,-0.005247231796500388,-0.008017834023965829,Ridge_alpha_fixo,60
-8.027163038550975e-05,-0.00047085955017192447,-0.0011897845835366536,-0.0017692045249945642,-0.002004023092896503,-0.016250781764425726,Ridge_alpha_fixo,60
-0.0003893420987329202,-0.0017196166197886173,-0.002459582802935585,-0.00373209570394411,-0.00608569133657166,-0.015410125103755013,Ridge_alpha_fixo,60
-0.00032755992999302974,-0.0011949018077949808,-0.0021354297364486324,-0.004843336947629912,-0.006704408306655133,-0.013025083733334261,Ridge_alpha_fixo,60
-0.00023023614704177606,-0.0005265075007148352,-0.00044892390312757993,-0.0005656552271685236,0.00027329202687986597,-0.003922880867200877,Ridge_alpha_fixo,60
-0.00025607918238250947,-0.0009015140346535765,-0.0011157090813319892,-0.001772623732239256,-0.001150717810598238,-0.0034522198717844557,Ridge_alpha_fixo,60
-0.0003166840257260305,-0.001027690955609275,-0.0017550413618295394,-0.003085291643567943,-0.0043560360147555125,-0.008123020668564542,Ridge_alpha_fixo,60
-0.0003075027058578689,-0.0014905430840917557,-0.002331024662580027,-0.003535208294893143,-0.003785333013072842,-0.0033003243045356357,Ridge_alpha_fixo,60
-0.00027042021283176746,-0.0009614210018988967,-0.0017915083633253492,-0.0021173487657940365,-0.0010291931546800115,-0.008129098838044546,Ridge_alpha_fixo,60
-0.00021871645094770093,-0.0005493168273736073,-0.0004936914010039161,2.438605752663592e-06,5.65260321625154e-05,-0.0074584535077411515,Ridge_alpha_fixo,60
-5.843226401535781e-05,-0.00024751845684606983,0.00016913737005091691,0.0013902522366652597,0.0023312199885119444,-0.0019121058206377924,Ridge_alpha_fixo,60
-0.0002668941494719983,-0.0006785212572857141,-0.001790258349247892,-0.0046335737666076396,-0.007624325030972351,-0.021598724153295314,Ridge_alpha_fixo,60
-0.00018558216594966173,-0.0006321056023301942,-0.0008973644875377713,-0.001514164906573313,-0.0017481101887941793,-0.006344479306057781,Ridge_alpha_fixo,60
-0.00039400817136650947,-0.0017541786968231657,-0.0023723647717998736,-0.004187861539929283,-0.005455367565594952,-0.01160198768394137,Ridge_alpha_fixo,60
-0.00034511480860652656,-0.0011465128928710385,-0.0017685055027620103,-0.0027671759690826906,-0.0027556995050210145,-0.004506624833674115,Ridge_alpha_fixo,60
-0.00020091176271466252,-0.0005063204304360314,-0.0013204183652086947,-0.0025970381088889724,-0.003455531498646343,-0.006745691004886291,Ridge_alpha_fixo,60
-0.00020833074155439401,-0.00048532813643717616,-0.0009644856581885522,-0.0019496660710479191,-0.0030030528545994927,-0.008006028847327986,Ridge_alpha_fixo,60
-0.00025818333825129036,-0.0006842859569436698,-0.0007071576045461462,-0.0019004549916369936,-0.002533393127509157,-0.009374550133476099,Ridge_alpha_fixo,60
-0.0003371890113155554,-0.0012225814565705888,-0.002676413857400955,-0.006021819427076641,-0.009132618249783784,-0.01913804911444476,Ridge_alpha_fixo,60
-0.0002900274178522441,-0.0010055083630499233,-0.0012376113920124128,-0.0016657092792897212,-0.0018430585039251575,-0.0019007026059004585,Ridge_alpha_fixo,60
-0.00015236837481120516,-0.0004550972937374834,-0.0005739724314336966,-0.0003753856060301118,-0.0008405566331948878,-0.005474732291281002,Ridge_alpha_fixo,60
-0.00039613685661077895,-0.0013545998986418059,-0.0029291449439391736,-0.00565381142606728,-0.007290626099633232,-0.011922909664801154,Ridge_alpha_fixo,60
-0.0005623930605967326,-0.0029415239540923573,-0.006106443534718062,-0.013087083002821409,-0.019444571893445953,-0.029113255639559275,Ridge_alpha_fixo,60
-0.0002572475698799532,-0.0005424198681661107,0.0002420838013368467,0.0010413187731852164,0.0023095117898501434,0.0017399211475667275,Ridge_alpha_fixo,60
-2.1944303756364312e-05,-0.00013418284697268992,-0.0005524304920969925,-0.0022112812591146996,-0.0030664325896963807,-0.01533514702178171,Ridge_alpha_fixo,60
-0.00043721525236370504,-0.0015609893765592688,-0.0030517202770747706,-0.005526368107935639,-0.007053812634993103,-0.009395541912949492,Ridge_alpha_fixo,60
-0.0004003129358577657,-0.00192272096150939,-0.004101252486446389,-0.007268735314194664,-0.008600304319803815,-0.014100803729640959,Ridge_alpha_fixo,60
-0.0003604620669640986,-0.0010047530722165404,-0.0012832555417600102,-0.001762490060629274,-0.0014631307405003342,-0.00299028066918276,Ridge_alpha_fixo,60
-0.00022291525987937184,-0.0009531373313655882,-0.0011060847707595291,-0.0012981788929539901,-0.0018032633930477747,-0.004475247611029789,Ridge_alpha_fixo,60
-0.0004040782110976977,-0.0017124119576606514,-0.002391452179535386,-0.0036856840732569177,-0.004155047235000537,-0.008186490862617093,Ridge_alpha_fixo,60
-0.00039134712207331094,-0.0014211513620436267,-0.002085271368032767,-0.0026005365446608334,-0.0029100235942876264,-0.005236556170960427,Ridge_alpha_fixo,60
-0.00011445596110273052,-0.00046269442223925223,-0.0012557001166714253,-0.003105189933980834,-0.005452015629815584,-0.012232637859989454,Ridge_alpha_fixo,60
-0.00011203939107856481,-0.0012510142208269474,-0.0022400616779863114,-0.002571008500642209,-0.0049480202255930104,-0.01397875589263426,Ridge_alpha_fixo,60
-0.00025322860111130443,-0.0009011291931779259,-0.0021403831161371963,-0.0032925830723927346,-0.0037788978529733046,-0.008246320965903981,Ridge_alpha_fixo,60
1.4166957847986133e-05,-0.0004858883179147888,-0.000705230322193776,-0.0012865807404357122,-0.001666346649127772,-0.00206244052720055,Ridge_alpha_fixo,60
-0.00040296827606111176,-0.0016407540766963673,-0.0020418001648004956,-0.0029124667514772696,-0.0033500638723051707,-0.0072825930197676185,Ridge_alpha_fixo,60
-0.0004125214211036093,-0.0019527436702381723,-0.0033071488568401815,-0.005636855531771924,-0.006749660243977142,-0.022343475888520228,Ridge_alpha_fixo,60
-0.00032529952528486544,-0.001514423013217856,-0.002473784968606722,-0.0033551599569780683,-0.0027379583666011214,-0.010243773280435756,Ridge_alpha_fixo,60
-0.00016017398856413282,-0.000506080242349188,-0.0007096983377777733,-0.0012529187391877147,-0.001520229435148273,-0.006025145942605845,Ridge_alpha_fixo,60
-0.0002835780430654384,-0.0010420173452973546,-0.0017755711773426003,-0.003304857496683655,-0.005081463982523518,-0.01063929947994498,Ridge_alpha_fixo,60
-0.00043925780799509783,-0.001307642217074691,-0.003147621277765095,-0.006406977776635644,-0.008400346526855932,-0.014054361566964452,Ridge_alpha_fixo,60
-0.00040672004149331894,-0.0015055013997127646,-0.0024862109856040693,-0.00465824003834556,-0.005811362227250548,-0.008800339398006231,Ridge_alpha_fixo,60
-0.0002300277147985032,-0.0008687235225346256,-0.0016279593460562455,-0.0014793836203116952,-0.00033892936813208,-0.007650708927730913,Ridge_alpha_fixo,60
-0.00029037923226195994,-0.0006124942667066196,-0.0005184719480620957,-0.0009406296694500594,-0.0017303834639271006,-0.008798506039795786,Ridge_alpha_fixo,60
-0.0002304017832269928,-0.0008557858069325429,-0.0015112911209337924,-0.003483219470963514,-0.005626908836354737,-0.014776945923068137,Ridge_alpha_fixo,60
-0.0005661207275957302,-0.0021615357245226103,-0.004082173658825313,-0.00650772983111249,-0.009055739885445373,-0.0203318024732639,Ridge_alpha_fixo,60
-0.0001849792014467961,-0.0005031100279023673,-0.00048187149909504853,-0.0009769152265791327,-0.00019746401641114667,5.3459134555417993e-05,Ridge_alpha_fixo,60
-0.0003451167856610937,-0.0009774261313118216,-0.0021347152788741045,-0.0045996834742961495,-0.0068219286080810505,-0.011645023355216513,Ridge_alpha_fixo,60
-0.00017090739405883437,-0.0003699810510902833,0.0006217240214652841,0.0018045629254340363,0.0022007569585962587,-0.004093496151243404,Ridge_alpha_fixo,60
-0.00024785583430413484,-0.0012788794240203801,-0.0023354051289195296,-0.003700265322435784,-0.005174566983508933,-0.011086802420047955,Ridge_alpha_fixo,60
-0.0002943726710948754,-0.001134139235034152,-0.0016276854046097572,-0.002959769028332514,-0.004838388061940589,-0.013532659684832932,Ridge_alpha_fixo,60
-0.00030378105443723715,-0.0009478718801999643,-0.0011894518370653261,-0.0022383401344390637,-0.0025097710336959636,-0.008535038515583706,Ridge_alpha_fixo,60
-0.00038203094672045133,-0.0009296764089694719,-0.0012708803263428658,-0.004204078394072934,-0.007587404024446306,-0.023834385123783,Ridge_alpha_fixo,60
-0.0002546217800184411,-0.00038813958952380647,0.00015020893439302913,0.000283088921668197,0.0006535778547547142,-0.008255949671051303,Ridge_alpha_fixo,60
-0.00023797340734955173,-0.0007513142691525677,-0.0009713045355030682,-0.0013554763384301366,-0.0022281613206947375,-0.006508857174903537,Ridge_alpha_fixo,60
-0.0002463421995956564,-0.0007333026473590858,-0.0005779856512320709,0.00019020220062417444,0.0014101002101032179,-0.0002596043634584561,Ridge_alpha_fixo,60
-0.00012545168873875703,-0.00042413671769930085,-0.000190869550363882,0.0013383546276269254,0.0040531607266993215,-0.0007574048853249945,Ridge_alpha_fixo,60
-0.00018550293693232967,-0.0008950530393102861,-0.0014301145569197524,-0.0030319634618640747,-0.004523443022164489,-0.010078100581211594,Ridge_alpha_fixo,60
-0.0001174760780806089,-0.00041302690852059793,-0.0009061675962369942,-0.0015638458408955727,-0.0022783213422034915,-0.004847470090010586,Ridge_alpha_fixo,60
-0.0006442539782050707,-0.0009650641493716036,-0.0018745789811105069,-0.004204188958478814,-0.006467806712261289,-0.016854027896218777,Ridge_alpha_fixo,60
-0.00046167092563854315,-0.0016851198001016899,-0.002875986820918606,-0.004785791393450637,-0.005876766528245343,-0.012566548581916404,Ridge_alpha_fixo,60
-0.00029459838603466027,-0.0012188796110154173,-0.002220510397171287,-0.0031045475718397414,-0.0032797573769126824,-0.008773746801363023,Ridge_alpha_fixo,60
-0.00019092626733196986,-0.0008379772401738274,-0.0011981027624524538,-0.0021601360383174594,-0.002341531758768961,-0.006416786040407309,Ridge_alpha_fixo,60
-0.00026079693284556337,-0.0007711945962952156,-0.0005504919299312164,4.569962599923345e-05,0.000785380508379382,0.003412578206220793,Ridge_alpha_fixo,60
-0.00014653557138096491,-0.0006151715572565482,-0.0009574021793780724,-0.0015466801538112848,-0.0020838735021370424,-0.009245687093944011,Ridge_alpha_fixo,60
-0.00023732566335425847,-0.001002871557122035,-0.0012654606145900982,-0.001259378163734326,0.0001575270679052857,0.001213817488223105,Ridge_alpha_fixo,60
-0.0007725162260719664,-0.00320927396835833,-0.0054319076455853176,-0.009208395618353753,-0.011977761579385909,-0.01994128866414297,Ridge_alpha_fixo,60
-0.00028841900691294276,-0.001219762489215805,-0.002873223534900024,-0.004594646575732013,-0.005176716911051064,-0.008154054462015892,Ridge_alpha_fixo,60
-1.8823587999163116e-05,0.00021051121372160994,0.001105924531750442,0.003190929080226458,0.006260633244482268,0.013011849321305571,Ridge_alpha_fixo,60
-0.00013583796521506782,-0.00014663705585536807,0.001116858124417893,0.0034035566009494762,0.0070996495557925764,0.007271963967850642,Ridge_alpha_fixo,60
-0.00013355273139905254,-0.000444472318155281,-0.0011349592111142132,-0.002347546867291881,-0.0035674970356244333,-0.010214334517665671,Ridge_alpha_fixo,60
-0.00028473236678839365,-0.001321807689949996,-0.0023486215730379313,-0.004728274841612516,-0.007327102303581172,-0.01185067127699385,Ridge_alpha_fixo,60
-0.0003373676468344101,-0.0013441764529806023,-0.00320021501084286,-0.0069558247932086665,-0.009189207163262818,-0.01278742714569791,Ridge_alpha_fixo,60
-0.0003199179920716879,-0.0013600786669647276,-0.001982678272766811,-0.0033642598722632504,-0.004696262117068377,-0.009773057437979227,Ridge_alpha_fixo,60
-0.0008009006497160597,-0.002596894084847385,-0.0051119333611114115,-0.011223941223562595,-0.016956997945396037,-0.038264948839355516,Ridge_alpha_fixo,60
-0.0003980726502048381,-0.0013357648618062157,-0.0018898359115403635,-0.002563856674610508,-0.0025987548631916653,-0.011503462395813745,Ridge_alpha_fixo,60
-0.00044958525649608496,-0.0013136898742705284,-0.0031854569647150944,-0.007559725351855164,-0.011192568988533136,-0.01846160484656664,Ridge_alpha_fixo,60
-0.0002732945134229155,-0.001503442101188313,-0.0027483043911467695,-0.004895057662145149,-0.008736719629795392,-0.016868602540959697,Ridge_alpha_fixo,60
-0.00026378907468888903,-0.0010271577341432524,-0.0017437414778442388,-0.003419736496854797,-0.004813096958730775,-0.009207427093489061,Ridge_alpha_fixo,60
-8.326727499374056e-05,-0.0005335050676666228,-0.0007963889702023853,-0.0009549860224089676,-0.0014093973743247385,-0.004536277286751028,Ridge_alpha_fixo,60
-0.0004977587267144974,-0.0017954338418645886,-0.0036507156335441396,-0.007747964657698876,-0.010058684535865108,-0.014516421055578543,Ridge_alpha_fixo,60
-0.00022517439621124927,-0.000352358341291578,-0.0009059592695130999,-0.0035122631524589017,-0.006383286719760339,-0.025864011946871497,Ridge_alpha_fixo,60
-0.00030780535207163305,-0.0011134189083783304,-0.0030256681401605937,-0.005984880342386861,-0.007080869123259759,-0.015643975711036668,Ridge_alpha_fixo,60
-0.00021665729017413478,-0.0006586240912834846,-0.000505330252490162,-0.00033375687304746526,0.00021875167816875848,-0.0011554367344355284,Ridge_alpha_fixo,60
-0.00016423821084357297,-0.0007772672940900086,-0.0011353547792839036,-0.002366273847174706,-0.003172530172103747,-0.011863058371172385,Ridge_alpha_fixo,60
-3.3724251543083595e-05,-6.494806422278871e-05,0.000313727442660625,0.0009369879300590331,0.0018232807282607872,0.0006859888836298007,Ridge_alpha_fixo,60
-0.0002704282276011741,-0.001163135665901303,-0.0013412129295166228,-0.002322018232518343,-0.0036242625658150862,-0.008154316047035126,Ridge_alpha_fixo,60
-0.0005055053012098062,-0.0017931179517170063,-0.0030957686261949943,-0.0052426363247117394,-0.006676031190467854,-0.0092540602339929,Ridge_alpha_fixo,60
-0.0001524472817372407,-0.00026135067091807385,-0.0007694295657208837,-0.002321569624252354,-0.002742943450114991,-0.008063875641267723,Ridge_alpha_fixo,60
-0.0003097631270285516,-0.0013096363983200999,-0.0019108798539529586,-0.0038572203598727095,-0.004300757844846849,-0.009764529940891763,Ridge_alpha_fixo,60
-0.00027388608352813985,-0.0008607371903113725,-0.0016749925230052324,-0.004859172534397962,-0.00837706927948766,-0.018296235310071206,Ridge_alpha_fixo,60
-0.0001652525485227045,-0.0010642098784431238,-0.002286485332311304,-0.0042830765924626426,-0.004832632977416414,-0.009242409090992637,Ridge_alpha_fixo,60
-0.00023963387058382197,-0.0008802521045282609,-0.0017215310191910581,-0.002474751990342201,-0.0022610926049250477,-0.004237839865881896,Ridge_alpha_fixo,60
-0.00019411574495527503,-0.0010799544864803824,-0.0019850397538715304,-0.0034908381369139277,-0.004892137750263543,-0.006140152517343887,Ridge_alpha_fixo,60
5.653730501452662e-05,0.0003554303031940154,0.0006873093199821338,0.0002726833753276028,-0.001589055859482686,-0.012905788208489134,Ridge_alpha_fixo,60
-0.0002550620458893344,-0.0008384339174942028,-0.001356873989321807,-0.0026902216487486447,-0.0031731488201360153,-0.00938624842323325,Ridge_alpha_fixo,60
-0.00022480049245700428,-0.0008443658857665637,-0.0015860413960436049,-0.0029197551350477256,-0.003257877651242345,-0.0031361232822717557,Ridge_alpha_fixo,60
-0.0003258821482138433,-0.0011153798955527182,-0.0017536360414315776,-0.0024524922403004732,-0.002512860168031794,-0.005607147858685822,Ridge_alpha_fixo,60
-0.0003916487285883158,-0.0015461120146641786,-0.002601491145945139,-0.004356818877521619,-0.006079867065760108,-0.0119590477344585,Ridge_alpha_fixo,60
-0.00043013908267991013,-0.0012888367131928236,-0.0015725969181187576,-0.0030649707256714216,-0.004931119937249984,-0.007626687496308066,Ridge_alpha_fixo,60
-0.0003809481979351527,-0.0010329720271019043,-0.0017551143941967012,-0.0037576589061204496,-0.004942475669016046,-0.008946214796584018,Ridge_alpha_fixo,60
-1.8258163615450022e-05,0.0001477408906354292,0.00047075155577478095,0.0009091110102013465,0.000644450006001504,-0.004018832006610158,Ridge_alpha_fixo,60
-0.0002565395072794894,-0.000947798793749572,-0.001288248120844011,-0.0013098940989569891,-0.0002860676577114489,-0.0108941967078245,Ridge_alpha_fixo,60
-0.00012903308550542676,-0.00019748405976063665,-0.0003419966900815512,-0.0010751519960183588,-0.002434136391712383,-0.00795032533870381,Ridge_alpha_fixo,60
-0.00014033648160496185,-0.0004505666966327964,-0.0004501132308053413,-0.0010379613575019575,-0.001438691241704705,-0.007734830449345721,Ridge_alpha_fixo,60
-0.00032123721078707615,-0.0010132152755292975,-0.0017615950873682235,-0.0035339533508000048,-0.0048991812427027735,-0.008635328016657942,Ridge_alpha_fixo,60
-0.00022281318930518498,-0.0008987079748430253,-0.0011804574989646083,-0.0021119751727095436,-0.0013653318223678745,-0.007448343277067281,Ridge_alpha_fixo,60
-0.0003480210024712763,-0.0016668467902381655,-0.0026429660318747633,-0.0039567245205095174,-0.004054455892435629,-0.00924130811046231,Ridge_alpha_fixo,60
-0.00022448173734550335,-0.0006983696764950055,-0.000666537765323563,-0.0012044798376043752,-0.0021611300172460963,-0.003266718547286328,Ridge_alpha_fixo,60
-0.0002435825925473304,-0.0009367827549848306,-0.0018245781665028392,-0.0033266665350804837,-0.003334689173704476,-0.0073889282400278694,Ridge_alpha_fixo,60
-0.0004496116931845677,-0.0017310874043327466,-0.0025953000741739873,-0.003291513400293777,-0.002008624873273245,-0.009456123056092686,Ridge_alpha_fixo,60
-0.00015525620426105007,-0.00070730885675629,-0.0014227994025975098,-0.003912369179277479,-0.006468788056479467,-0.01735072147632049,Ridge_alpha_fixo,60
-0.0004332580120175763,-0.002108557987470695,-0.003699115651624104,-0.006634788445874527,-0.010013113255652491,-0.014940148405371518,Ridge_alpha_fixo,60
-0.00011993697823851292,-0.00038901582846780016,-0.00020604301245954752,5.478399323272404e-05,0.0006389772403648562,-0.0030086303409337756,Ridge_alpha_fixo,60
-0.00044012625189391924,-0.0014956232783995228,-0.0021760684387987935,-0.0025782530592258464,-0.00223723440786723,-9.600136496776694e-05,Ridge_alpha_fixo,60
-0.00037898248814597024,-0.0007938971000890436,-0.0018911164382809228,-0.005020934693926835,-0.007406169904203101,-0.016059273869339842,Ridge_alpha_fixo,60
-0.0002788676842082703,-0.0011785998942216635,-0.0019048520480265617,-0.004209049995222455,-0.005633577608060949,-0.012452363521524857,Ridge_alpha_fixo,60
-0.0004473255793921378,-0.0014967884669032955,-0.0017179511229457461,-0.0021598584294022305,-0.001744514009083748,-0.005619315969124554,Ridge_alpha_fixo,60
-0.00023720629455632465,-0.0009662242673658929,-0.0010354415178681687,-2.81827230099471e-05,0.0010857188302272587,0.0007213749060374288,Ridge_alpha_fixo,60
-0.00012762942954854336,-0.00024109563982713676,-0.0005269301750810612,-0.0018305435219406658,-0.003534599596138712,-0.01559371373505502,Ridge_alpha_fixo,60
-0.0002244345359555292,-0.0007925941037708145,-0.0008100790972534961,0.0004161207693718547,0.0016296338546879848,0.0022479808660635365,Ridge_alpha_fixo,60
-0.000203888593148932,-0.0006134576832270553,-0.0015393731580786428,-0.0034562153131440596,-0.005254264728675082,-0.011634652415911185,Ridge_alpha_fixo,60
-0.0003215264532763188,-0.0009041661178967646,-0.0005029010081504704,0.0005096078489560996,0.0008700363810121944,0.000649482722706296,Ridge_alpha_fixo,60
-0.00029245335467415124,-0.0012455217402321985,-0.0018928083389438011,-0.0013821178453733247,-0.001395631413933152,-0.007512553995175297,Ridge_alpha_fixo,60
-0.00023907263762680417,-0.0008096222898074788,-0.0015661527748958275,-0.003578995833777918,-0.004456264467269063,-0.007418333962108571,Ridge_alpha_fixo,60
-0.00024702784902584575,-0.0005284674161371583,-0.0008708253343067752,-0.001989873639116919,-0.002688571689577135,-0.006111171441133859,Ridge_alpha_fixo,60
-0.0003182214302612381,-0.0013343742345836463,-0.002517689391362275,-0.004084142092602642,-0.004871392783732629,-0.011597976727545615,Ridge_alpha_fixo,60
-0.0002230636968913706,-0.0005417687973801333,-0.0003661792905985266,-9.128110733151197e-05,-0.0002719014571592494,-0.004672024774854848,Ridge_alpha_fixo,60
-0.0002789425647380319,-0.0008705650276225068,-0.0014336208434682384,-0.002714725845116861,-0.0051689824942511686,-0.014138978811673421,Ridge_alpha_fixo,60
-0.0002949112549188277,-0.0011180140324459685,-0.0021662421226782817,-0.0038238912520809484,-0.005775790882993505,-0.007448950360194773,Ridge_alpha_fixo,60
-0.0002203130616003007,-0.0006618021638308048,-0.000738129249252575,-0.0016215885761797315,-0.0036765762846310535,-0.012528350415085347,Ridge_alpha_fixo,60
-0.0003659716420784431,-0.0012306707072588267,-0.0018852584705595812,-0.003503676973279491,-0.004957204393804099,-0.007934961013331014,Ridge_alpha_fixo,60
-0.000310059960758011,-0.001261577066504022,-0.0016211426427455151,-0.0018019644107757922,-0.002081847672929854,-0.00884711457333926,Ridge_alpha_fixo,60
-0.00038476112234514574,-0.0009575812071636733,-0.0005638084646787524,-0.0010330274857618066,-0.0012740335760241625,-0.0008603792201406443,Ridge_alpha_fixo,60
-0.00024021238632392105,-0.001242278869192726,-0.003331676718109989,-0.007473877193122867,-0.011558482776043688,-0.022951078958151013,Ridge_alpha_fixo,60
-0.00022898218627358824,-0.0013586333543298766,-0.0024738660559994294,-0.0048246628626928325,-0.006773637204557641,-0.012671201030071622,Ridge_alpha_fixo,60
-0.00040045601187300956,-0.0013963730107827428,-0.0031317605637012284,-0.006514296130857639,-0.008589614034200698,-0.012823409237056924,Ridge_alpha_fixo,60
-0.00011193853059187337,0.0001016845100239924,0.0009861834020568436,0.001435763069435909,0.0038848147116791664,-0.007099597091007004,Ridge_alpha_fixo,60
-0.0002531328971822639,-0.000979334944450314,-0.0020508890746968236,-0.004997869725435406,-0.008293599185136544,-0.0196561683068708,Ridge_alpha_fixo,60
-0.00028489672871419205,-0.0009985184653976892,-0.0008607026108328374,-0.00018908995432522936,0.0008274282143515461,-0.005320538424881325,Ridge_alpha_fixo,60
-0.0001867584585458671,-0.0007803229952856114,-0.0012771300230926255,-0.002891544937063236,-0.003503812643390523,-0.00893161224045865,Ridge_alpha_fixo,60
-0.00033917725371208603,-0.0012659870398735644,-0.002558939883592258,-0.005451491901627537,-0.009105159186705474,-0.01816470053784565,Ridge_alpha_fixo,60
-0.00022464811127316352,-0.0009446468554879844,-0.0017490444060722532,-0.0033710756321459344,-0.00458327772705557,-0.01700690419457706,Ridge_alpha_fixo,60
-0.00032418300161794555,-0.00116367038173263,-0.0011654972368304736,-0.0016055964759742435,-0.0013734551565295608,-0.003176340531262066,Ridge_alpha_fixo,60
-0.00031268639586643594,-0.001025147125311992,-0.0016167781558580779,-0.0035341373769552003,-0.006604955536514877,-0.02031674110048343,Ridge_alpha_fixo,60
-0.00026341016754086877,-0.0011517210606064579,-0.002423654414018308,-0.00391087245405482,-0.0061917179803728795,-0.012587939555395155,Ridge_alpha_fixo,60
-0.00023483934602040014,-0.0010539668715965709,-0.001960505593227958,-0.003547598508063868,-0.004901306258658642,-0.013224521227176461,Ridge_alpha_fixo,60
-0.000161614771866629,-0.0012037072958446745,-0.00242577025953351,-0.005093136218416335,-0.007354469018690802,-0.015048308567794776,Ridge_alpha_fixo,60
-0.00017873176643807144,-0.0005776109993456648,-0.001006553760110637,-0.0016674759790319576,-0.002041562746044821,-0.005116296429397012,Ridge_alpha_fixo,60
-0.00017215445605368247,-0.0005403494673778947,-0.0001647680698422121,-4.24218763802578e-05,-0.00011781533429723431,-0.004341618569110892,Ridge_alpha_fixo,60
-0.0003770200562385601,-0.0011561509475925844,-0.0016193256248936182,-0.0020664491634619746,-0.0030788950483891966,-0.009339764239556582,Ridge_alpha_fixo,60
-0.00028011980367081865,-0.001424778321750822,-0.0024000174728804353,-0.004347743641614413,-0.005331637433097092,-0.011967792661854297,Ridge_alpha_fixo,60
-0.00023355169693511205,-0.0009780230962266464,-0.0009286893368294511,-0.0002738104577259941,0.0018788195989454944,-0.0013072379507947077,Ridge_alpha_fixo,60
-2.6464664535114568e-05,0.0001211133784668926,0.0018832135085090572,0.004574336395217692,0.007814639494078514,0.0030573320585691576,Ridge_alpha_fixo,60
-0.0004072317340416338,-0.0013260662793937925,-0.0023429229306992498,-0.004415991227486767,-0.00705334898858773,-0.012821578118288867,Ridge_alpha_fixo,60
-0.00029410235322228565,-0.0011763455805017032,-0.0012585755296054975,-0.0015838217942805365,-0.0031708556468444398,-0.007636087483178455,Ridge_alpha_fixo,60
-0.0001565411282761835,-0.0008299288578931789,-0.0018535990616670886,-0.003535512949317209,-0.004845379769062914,-0.012001257485918347,Ridge_alpha_fixo,60
-0.00023499144370594705,-0.00041753703832929573,-0.00025190406256722734,0.000526128188157536,0.001044497715334203,-0.005280468265623601,Ridge_alpha_fixo,60
-0.00016684107325265046,-0.0009329328288184643,-0.0019231694044559875,-0.005790726490560363,-0.00891416758829617,-0.015677025458520163,Ridge_alpha_fixo,60
-0.00030082390253292457,-0.0020856320901756404,-0.004576442405068554,-0.009331282218748078,-0.010353763933320098,-0.01652719246699592,Ridge_alpha_fixo,60
-0.00016084562313347953,-0.0009305577955400227,-0.0013436293447661267,-0.0008473220746370995,-0.002481440337300293,-0.017574362169788218,Ridge_alpha_fixo,60
-0.00015806841807173417,-0.00030072316765292293,-0.00026899459937747034,0.000669256514626773,0.0014606259748784246,0.001135078679848363,Ridge_alpha_fixo,60
-0.00044165811260072436,-0.001889766465502396,-0.003627514487671911,-0.007970180703565198,-0.011834868444866968,-0.028485082311587542,Ridge_alpha_fixo,60
-0.0002417848861777273,-0.00015373265342359714,0.0005754396986411505,0.0015755669907643506,0.0032719408822068016,3.187662194842677e-06,Ridge_alpha_fixo,60
-0.0004293077186045298,-0.0012864339739560048,-0.0026942021834807472,-0.005337927771943874,-0.0087640057826546,-0.02137925257147694,Ridge_alpha_fixo,60
-0.00026208204242643337,-0.001214949810670212,-0.002182076161954214,-0.004682149663189871,-0.00851789142134432,-0.023573835249614317,Ridge_alpha_fixo,60
0.00011615890617858206,0.0005737097404028065,0.000844920379869667,0.0014562969679791711,0.0052305830645434275,0.004653022298283321,Ridge_alpha_fixo,60
8.400786683605791e-05,0.000897429903147182,0.0021687437359894225,0.00481355827073384,0.006606062562784629,0.003915431683924314,Ridge_alpha_fixo,60
-0.00027980173751123875,-0.0013255171793515664,-0.002740969480454487,-0.004674081985203194,-0.0068336208095310545,-0.012018266929097824,Ridge_alpha_fixo,30
-0.00035104766651070096,-0.0009755805857387037,-0.0009160587546434498,-0.0003898303712906259,0.00025887711861035653,-0.0048491238205443255,Ridge_alpha_fixo,30
-0.0007944440479364166,-0.0021303580464249227,-0.003406290720921052,-0.004662073230261244,-0.00614589171003995,-0.008089492401382516,Ridge_alpha_fixo,30
-0.0005134291870582749,-0.0016762737351696806,-0.0025929187430512816,-0.005942348521241744,-0.00811642382935542,-0.01852001162351368,Ridge_alpha_fixo,30
-0.00032284805988594265,-0.0011885755009613081,-0.0012240283548042553,-0.0009984817755873854,-0.0008738550790317436,-0.007827028190620406,Ridge_alpha_fixo,30
-0.00016521443197684344,-0.000880229928079304,-0.0023258570470010877,-0.006036389438645565,-0.009859282740412739,-0.018238449358444795,Ridge_alpha_fixo,30
-0.00014788440480501908,-0.0008959440283980634,-0.0008605672310904578,0.0008326396485552619,0.0015252232367574693,-0.006640780468921639,Ridge_alpha_fixo,30
-0.0004747944740131162,-0.001411286686407684,-0.002826631821410262,-0.005068686844484689,-0.005590845205887931,-0.009184954569952728,Ridge_alpha_fixo,30
-0.00020060523479941165,-0.0007374961590470422,-0.0010251984530031575,-0.001522036060716001,-0.0015817525889768563,-0.008818859574738913,Ridge_alpha_fixo,30
-0.00018501395568844574,-0.0008741642611149244,-0.0021704708408537667,-0.004429959142833549,-0.006348111915566408,-0.011639554292996675,Ridge_alpha_fixo,30
-0.00013052264885245822,-0.0004205172043836331,-0.0004319962914122407,-0.0004817954192018247,-0.0016741095395062626,-0.011273651454238207,Ridge_alpha_fixo,30
-0.0004800024361595483,-0.001532701403879743,-0.0029782290993574847,-0.006062282919983101,-0.007328192583198699,-0.01363150604412841,Ridge_alpha_fixo,30
-0.0002757392490622296,-0.001421247746272376,-0.003007805943264061,-0.00640303799177378,-0.009723071261529914,-0.014407566301052877,Ridge_alpha_fixo,30
-0.0004559677079702008,-0.00265496906728086,-0.0054057044554175464,-0.010226426457644752,-0.012939347892183959,-0.023780512414903716,Ridge_alpha_fixo,30
-0.0003566615879768792,-0.000920503673312272,-0.001552576480831682,-0.0023200520459734303,-0.0019350769354820245,-0.006633986868428197,Ridge_alpha_fixo,30
-0.0006933010265562788,-0.0025984336632395295,-0.005336875752330421,-0.010190627069155031,-0.01355196630084106,-0.020323935039572506,Ridge_alpha_fixo,30
-0.00028793682842088417,-0.0009748446703844654,-0.0012307426211814688,-0.0033267878376908523,-0.004297894451860978,-0.00656117185777747,Ridge_alpha_fixo,30
-0.0003012527752011618,-0.0011648468389675213,-0.002550343248629362,-0.005445689790112142,-0.008042268705575858,-0.01526074519485308,Ridge_alpha_fixo,30
-0.0005675697744473949,-0.002114295916000642,-0.0035030188675631148,-0.005691665589454874,-0.008228120829988453,-0.015404860459924542,Ridge_alpha_fixo,30
-0.0005170623580362104,-0.0020942706151735936,-0.004063034109918333,-0.008909374051283237,-0.01166717800573353,-0.0187492475833194,Ridge_alpha_fixo,30
-0.0002789258993037039,-0.0010651000792054075,-0.0021579833947206555,-0.0033832064464251765,-0.003284593311495855,-0.002626417833518088,Ridge_alpha_fixo,30
-0.0005199880264182266,-0.001661599120289001,-0.0026793370008460164,-0.004829576315108427,-0.004498401796737198,-0.007517515569297134,Ridge_alpha_fixo,30
-0.0003195341875343228,-0.0011960223997232098,-0.0023105256564226323,-0.005059334800038105,-0.007770046093432981,-0.017597634899974225,Ridge_alpha_fixo,30
-0.0005030198603738731,-0.0019573264944659696,-0.0037625071743034194,-0.007128432023350673,-0.00911907928493432,-0.01086761149425334,Ridge_alpha_fixo,30
-0.0002414637954376751,-0.0008148134085998538,-0.000619172360797816,-0.001706784525577464,-0.003613815857831359,-0.016100781425572704,Ridge_alpha_fixo,30
-0.00025912741863931245,-0.001059198425253793,-0.0013516415817135003,-0.0028614313767669516,-0.004849273805606299,-0.011260658233203326,Ridge_alpha_fixo,30
-0.00035227817636496303,-0.00164306323271382,-0.00204178897147889,-0.0009992982827588676,8.133512558896874e-06,-0.005402132204805713,Ridge_alpha_fixo,30
-0.00018721060433830533,-0.0008330892129726852,-0.0018011596167504997,-0.005280720141291915,-0.007853073544086884,-0.01605336632348036,Ridge_alpha_fixo,30
-0.0002030307674402537,-0.0010499740212975785,-0.0019717610220548586,-0.0034468136690309413,-0.006274673457981607,-0.02180600365554426,Ridge_alpha_fixo,30
-0.00014996813041580275,-0.00047797146114147954,-0.0005105479799465483,-0.0008738498825514748,-0.00043389983614055335,-0.005195047071643098,Ridge_alpha_fixo,30
-0.00028048155642758273,-0.0012298976861721794,-0.002184016799942478,-0.005765404494385254,-0.008081654557856166,-0.011607822089282273,Ridge_alpha_fixo,30
-0.00027097761331208324,-0.001199406033144607,-0.00225224780338463,-0.004687637039893668,-0.007055169972045707,-0.010402139188853595,Ridge_alpha_fixo,30
-0.0002964902676821728,-0.0008915087205799588,-0.0012785180840307149,-0.0027086703251236405,-0.004754478910828678,-0.014377526405335262,Ridge_alpha_fixo,30
-4.818585544538161e-05,-7.041652646475806e-05,-0.00015738574122668792,-0.000565990547466668,-0.0012872466637657831,-0.006346125215514714,Ridge_alpha_fixo,30
-0.00046502976031066425,-0.0007975753615215062,-0.0014060029030450373,-0.0028981578907762364,-0.004226968087685684,-0.02017118719446862,Ridge_alpha_fixo,30
-0.0004857047664210177,-0.0010246254892755295,-0.001742988113155492,-0.0028096792836183873,-0.002472985750439988,-0.010035641375931721,Ridge_alpha_fixo,30
-0.0004148560430839203,-0.0012104910673138144,-0.0020199179031255483,-0.004571804269011169,-0.004444473882462542,-0.009464852830780838,Ridge_alpha_fixo,30
-0.0005155037245942218,-0.0023050099920118895,-0.004365624323675552,-0.00693694687921204,-0.009085857731454228,-0.019054507741013225,Ridge_alpha_fixo,30
-0.00027030759647582203,-0.0007654707346607748,-0.0009279872621324952,-0.0010890402434879816,-0.0020168081118163146,-0.00512033014536313,Ridge_alpha_fixo,30
-0.00036733101329060005,-0.0012229457581946779,-0.001967390822389108,-0.002881550075967713,-0.0019524890976565304,-0.003589599162347583,Ridge_alpha_fixo,30
-0.00029353608053350494,-0.001397042219073116,-0.0023518242953655,-0.0032811181396031437,-0.0041614214607869696,-0.014867645437154076,Ridge_alpha_fixo,30
-0.00035393876068704285,-0.0015928703465875695,-0.0032350020781182097,-0.008404777364488055,-0.012353452158506785,-0.024518690062809163,Ridge_alpha_fixo,30
-0.0004817903805526519,-0.0010836298684143077,-0.001970753162255338,-0.002745301533678029,-0.0009745586289752171,-0.00897649070854512,Ridge_alpha_fixo,30
-0.0002163588765523824,-0.0009560789265336002,-0.0005177004118444595,8.769738767892802e-05,0.0010321867345063286,-0.0032974050767055696,Ridge_alpha_fixo,30
-0.0003094405433087438,-0.0009170683347014701,-0.0014053857711670563,-0.00402012619495568,-0.005305448650583319,-0.009528445821972301,Ridge_alpha_fixo,30
-0.00033825836316749507,-0.0015253319055911665,-0.002362071597483319,-0.005849627238658308,-0.009629210538085535,-0.015271003425386525,Ridge_alpha_fixo,30
-0.0003909458138750786,-0.0015279930130138663,-0.0027534529010121585,-0.004710271760983507,-0.005780173828105771,-0.010126362608891394,Ridge_alpha_fixo,30
-0.0002137285943495587,-0.000688452707928788,-0.0005277764345672681,-0.00084978537664635,-0.00134506659815201,-0.010125319248511892,Ridge_alpha_fixo,30
-0.0005858161668087117,-0.0020130107065178403,-0.003782320077107231,-0.007089120184156248,-0.008966410433936627,-0.014685619805093421,Ridge_alpha_fixo,30
-0.0002779949554105588,-0.0009710720570401481,-0.0016458627047327614,-0.0036442306147613946,-0.005916863624308729,-0.008548248982606432,Ridge_alpha_fixo,30
-0.00013697964477118945,-0.00044751476237069065,-2.1748338000307576e-06,0.0011613303135838415,0.0015308702106682538,-0.002148033065472625,Ridge_alpha_fixo,30
-0.0008735128937931766,-0.003484413782722102,-0.005917496760421133,-0.009823864969917983,-0.01140555465012254,-0.014816661917809214,Ridge_alpha_fixo,30
-0.00031921139505059116,-0.0005416304351510829,-0.0012610884700323918,-0.0031002036273134605,-0.005395350766893388,-0.0171336969141307,Ridge_alpha_fixo,30
-0.00040062288649613995,-0.0015961219463355586,-0.0024030955950469805,-0.003732290786910852,-0.004289364804374218,-0.007060176634103646,Ridge_alpha_fixo,30
-0.0001143152328700084,-0.0004308227698058606,-0.0004068753623424294,0.00039205978791134115,0.0007045042966667294,-0.003781730381772478,Ridge_alpha_fixo,30
-0.00025488236674677743,-0.0008118010590426224,-0.0010876000897587564,-0.00028254491021783966,0.000539662469263208,-0.0006846472040190167,Ridge_alpha_fixo,30
-0.000426973712943094,-0.0013804568376063,-0.0022532486018102113,-0.0048618975304263465,-0.007361173644853368,-0.010248014442302236,Ridge_alpha_fixo,30
-0.0004200097999062571,-0.0010826626975824205,-0.0016194112715373628,-0.002843140122006099,-0.002548571194707112,-0.008379495825144257,Ridge_alpha_fixo,30
-0.0004928080344344406,-0.0019337100601126578,-0.003541944946556119,-0.006927319996121271,-0.007469954552106299,-0.008749782075173379,Ridge_alpha_fixo,30
-0.00014828907634683816,-0.0007164129224980329,-0.000827481019770094,0.00018034007798796946,-0.0012676649036244552,-0.005858511269235356,Ridge_alpha_fixo,30
-0.0005603125429631549,-0.001547051644947922,-0.0033008367802506667,-0.006610165090902155,-0.008727584324714975,-0.02399155082949268,Ridge_alpha_fixo,30
-0.00023146155649106246,-0.0008998510550835936,-0.0014992665636502287,-0.0015011537290100714,-0.0009967802948059625,-0.004533024997131183,Ridge_alpha_fixo,30
-0.0005306144008149528,-0.0019878354808176447,-0.003897986266049288,-0.006961473836072811,-0.00836510224854315,-0.014479328034143275,Ridge_alpha_fixo,30
-0.00028673624831585545,-0.0007727740779692794,-0.001918209702447573,-0.006759386134093194,-0.009661225178086283,-0.024254606826716214,Ridge_alpha_fixo,30
-0.00033979706076222037,-0.0019955166093272546,-0.003350162801988183,-0.006918793004601773,-0.0078005330020383045,-0.014714436481049628,Ridge_alpha_fixo,30
-0.0003331612483813617,-0.0013567144798030909,-0.0020883502500085123,-0.0017092151799990541,-0.0020071092582436556,-0.012743142246462195,Ridge_alpha_fixo,30
-0.0006084953715448958,-0.0017312724986429107,-0.0037202062300236215,-0.0073234795536163645,-0.010063474568036222,-0.020040002476323242,Ridge_alpha_fixo,30
-0.0002838813647021613,-0.0008630124631201583,-0.0015207078793686658,-0.00390969778762954,-0.0048111558349452485,-0.006630314944382089,Ridge_alpha_fixo,30
-0.00041735652919839444,-0.0019061211360464911,-0.0024850125287153176,-0.0036806971058924894,-0.0049575482623537125,-0.013139467208333658,Ridge_alpha_fixo,30
-0.00018080565822345645,-0.00044039312219794444,-0.0011306024440474072,-0.0034533709040623505,-0.005178151536178466,-0.01511833495324039,Ridge_alpha_fixo,30
-0.00012793755864807515,3.735332845616252e-05,0.0004649038917943509,-0.0009430784384105793,-0.003453724775079216,-0.009258193215556832,Ridge_alpha_fixo,30
-0.0002532037414901671,-0.0013341313048764783,-0.002278014665880763,-0.0033061318989052223,-0.004761535870310696,-0.010657461084774937,Ridge_alpha_fixo,30
-0.0002177170765641542,-0.0003467151371684005,-0.00025433144163270415,-0.0008071727500208871,-0.002652087353322772,-0.007023028739529404,Ridge_alpha_fixo,30
-0.00034849530400857313,-0.0009805532030662133,-0.0009934770626884787,-0.001083915603980899,-0.0016289990631293198,-0.008645969870012352,Ridge_alpha_fixo,30
-0.0001960844729222209,-0.001310530547169535,-0.002880649294816481,-0.004418568301409065,-0.005597026376499832,-0.012574349450633416,Ridge_alpha_fixo,30
-0.0002566798749435929,-0.0010384267180336018,-0.001960179484281194,-0.004099502608840068,-0.005390533778472438,-0.013378077733919596,Ridge_alpha_fixo,30
-0.00041484546243063274,-0.0017493977041063123,-0.0028266890917350773,-0.003181636570213349,-0.0022805671935513254,-0.006558847093358107,Ridge_alpha_fixo,30
-0.00021513183881096223,-0.0005555495567718476,-0.0007458923699037585,-0.0004475115025818552,0.001228724205060742,-0.004652547952801006,Ridge_alpha_fixo,30
-0.00035422150725213255,-0.0009254552258906498,-0.002257681072577708,-0.0035166317819856695,-0.00412378016643379,-0.01184821391123545,Ridge_alpha_fixo,30
-0.0003736425946484229,-0.00137083359075632,-0.0026484617347655682,-0.004225505524936339,-0.0067054844345016676,-0.01841063882478823,Ridge_alpha_fixo,30
-0.00011596363483515501,-0.0004061096451184945,-0.00035624921866044484,-0.0003238259618702602,7.486984498581581e-06,-0.0072416674690948465,Ridge_alpha_fixo,30
-0.00011652803559916407,-0.0005119051447369144,-0.0008340151347852729,-0.0007775963436016707,-0.0016815669021528008,-0.00891446675713611,Ridge_alpha_fixo,30
-0.00011352726531003432,-6.912275709432352e-05,-0.0006824009161219383,-0.003702706604732277,-0.008562881359666444,-0.026113180040555295,Ridge_alpha_fixo,30
-0.00010344299223588007,-3.480160418741284e-05,-0.0003634287547971921,-0.001373631727359721,-0.0007970334635677916,-0.005342592974983228,Ridge_alpha_fixo,30
-7.70310473491354e-05,0.0004219307741890567,0.001385378681482024,0.003773653750374577,0.00446504909677203,-0.009649813514728059,Ridge_alpha_fixo,30
-0.00036603674295462136,-0.0012794003031627555,-0.0018409681948202859,-0.003606033572530041,-0.004129318718321844,-0.007325522623632082,Ridge_alpha_fixo,30
-0.00040832701592958284,-0.0008667610223819911,-0.0011655221142061304,-0.0015773318197021204,-0.00044858651751294,-0.008995116757556395,Ridge_alpha_fixo,30
-0.00017671881761067545,-0.00020151955486584478,7.926084924539449e-05,-0.000369809610422767,-0.0005229295545916199,-0.011994674376235524,Ridge_alpha_fixo,30
-0.00016057519412021495,-0.0004540699089148066,-0.0019162910200399286,-0.004754311624075955,-0.006728775051240727,-0.0147298686229082,Ridge_alpha_fixo,30
-0.0002842915477744382,-0.00032366493759842396,-0.00013927860571573734,0.001223589169455533,0.0031850714204470034,0.002196036901493838,Ridge_alpha_fixo,30
-0.0001057870489552516,-0.00043991231492585887,-0.001132254714394656,-0.0013992086270518225,-0.0015773825450840664,-0.006766240341937034,Ridge_alpha_fixo,30
-0.0003782852488738949,-0.0016234938446677777,-0.0026910341820907055,-0.003958818625056134,-0.003947439057979024,-0.005100951199338038,Ridge_alpha_fixo,30
-0.0003298807317502965,-0.0009124840321708228,-0.001504604835281404,-0.002553918208475484,-0.0022691020423856517,-0.009443976479454877,Ridge_alpha_fixo,30
-0.00033621580949631813,-0.0016236705052636784,-0.0037267633528902094,-0.007572498258169474,-0.012168114835824818,-0.02182745956861634,Ridge_alpha_fixo,30
-0.0003825961976171426,-0.0013482182233396929,-0.0013645168536401409,-0.002252437561471713,-0.0029574586801415464,-0.007384741334622568,Ridge_alpha_fixo,30
-0.00023878571696233516,-0.000701022722724732,-0.0016902662812771066,-0.0026798748916012005,-0.00354331553831845,-0.007481226539862228,Ridge_alpha_fixo,30
-0.0002749545254694222,-0.001025724078508979,-0.001119824680180579,-0.0024865381197079826,-0.0032553070698238167,-0.0064639238531814395,Ridge_alpha_fixo,30
-0.0002759173097638275,-0.0007421245529696648,-0.0004883782341195297,0.000676494338824628,0.004959651124216958,0.004696407644656804,Ridge_alpha_fixo,30
-0.00013509594202171588,-0.00030669295554459973,-0.00020518042782152813,0.00015770673699381745,0.00048135916451697616,-0.010797956637819238,Ridge_alpha_fixo,30
-0.00022898033775909667,-0.000813457845214902,-0.0012572916201531365,-0.0029435684263444395,-0.004949420342290986,-0.011269895276636303,Ridge_alpha_fixo,30
-0.0004363375607306464,-0.0008707696006052283,-0.0011646246194554689,-0.0013806754218610702,-0.0014173012390526023,-0.008213614416105573,Ridge_alpha_fixo,30
-0.0001787108004059084,-0.00104309213656578,-0.0019063470492632652,-0.004889689156470403,-0.007052931434918508,-0.015452468592531264,Ridge_alpha_fixo,30
-0.0006109654138972305,-0.0023212251739939387,-0.004162040336053742,-0.006121867289544913,-0.008331553407186023,-0.016298583213344545,Ridge_alpha_fixo,30
-0.0005939284964024634,-0.0022633297854839523,-0.0030542063141271343,-0.004754246349505679,-0.005613033871847808,-0.008880465686737877,Ridge_alpha_fixo,30
-0.00025698829284691863,-0.001064103258907969,-0.001548654474470845,-0.0033397679573151855,-0.005534917081143884,-0.009432427017584222,Ridge_alpha_fixo,30
-0.0002974111422174078,-0.0013437603576147775,-0.0024676038699956086,-0.004761533444819445,-0.0050213592368566345,-0.008424253435889699,Ridge_alpha_fixo,30
-0.0003459536386466511,-0.0017645518082236905,-0.003624393111036925,-0.007214521325368527,-0.011135138903776313,-0.017858492674466292,Ridge_alpha_fixo,30
-0.00029132969269370746,-0.001032328807339191,-0.0021560061708682217,-0.004629292946043587,-0.005644058136180016,-0.01185011258040079,Ridge_alpha_fixo,30
-0.0005994376690305728,-0.0027916621370402805,-0.0042978530680429705,-0.0057218450613565775,-0.005334206366945578,-0.013000174487348934,Ridge_alpha_fixo,30
-0.0007188879342671439,-0.0023934562105678717,-0.0038663090062172278,-0.006827988917471551,-0.009706798341898512,-0.014496668593601719,Ridge_alpha_fixo,30
-0.00023337908608874386,-0.0010238583960902653,-0.0016713560047833956,-0.0016656407809456464,-0.0024852974744935374,-0.010199148532545041,Ridge_alpha_fixo,30
-0.0005215717230084894,-0.0016975482884686339,-0.0035300499251049978,-0.0052740224703886705,-0.005155939391191566,-0.005610733954931596,Ridge_alpha_fixo,30
-0.00044527879110249126,-0.0019728841007002167,-0.002751380181733969,-0.00445865319477622,-0.006844903726365463,-0.01297282266181896,Ridge_alpha_fixo,30
-0.0001830295828677223,-0.00025328450968118354,0.00011961381270010545,-5.865755013510726e-05,-0.0007229295032322921,-0.008543158147938342,Ridge_alpha_fixo,30
-0.00042235183689812606,-0.0015736915173963852,-0.002645677781586984,-0.004222014597791462,-0.003652637597652327,-0.0072236237970142924,Ridge_alpha_fixo,30
-0.0004628106491115788,-0.0011711136668432541,-0.0021702503279653804,-0.0036925224453931657,-0.0024889421706931927,-0.009310085367326111,Ridge_alpha_fixo,30
-0.00017011456968522487,-0.0007608614090544346,-0.0016486965282093667,-0.0028202009198470554,-0.004020189777607559,-0.01646189999849217,Ridge_alpha_fixo,30
-0.00038218601495457736,-0.0011561330053569878,-0.001922090243696846,-0.004543285704133853,-0.007431377671909664,-0.012093063801192542,Ridge_alpha_fixo,30
-0.00016248721575389346,-0.00014086229778600493,-0.00038466383330350176,-0.0014183472741550042,-0.0029555435619957574,-0.012977634726905786,Ridge_alpha_fixo,30
-0.00025042230421347,-0.000928002568356432,-0.0019811406177418283,-0.004433128778470239,-0.0065980767016648985,-0.015988449164725346,Ridge_alpha_fixo,30
-0.0004598863750901505,-0.0012911600378723357,-0.002611014896442651,-0.004233383347730767,-0.004655251443311338,-0.012779830042086285,Ridge_alpha_fixo,30
-0.00036995962777259194,-0.0011038817514541163,-0.002126985614055736,-0.003132547718204904,-0.002608011822548034,-0.011285986662849795,Ridge_alpha_fixo,30
-0.00015333861440989225,-0.00044821578043729944,-0.0005928997031208857,-0.0009208402761891743,0.0006570558451838558,-0.002262476099768956,Ridge_alpha_fixo,30
-0.000609188938860914,-0.0022379704612104025,-0.004461090294359366,-0.008291644686988146,-0.010761793387547174,-0.012068374609860707,Ridge_alpha_fixo,30
-0.00012874394323035036,-0.0008164054181213387,-0.001623235289365251,-0.002557540653550921,-0.002539612001169331,-0.012097664866639135,Ridge_alpha_fixo,30
5.909661340294744e-05,-0.00028780835330073217,-0.0012397661200603905,-0.0033175624517471775,-0.005285910736494728,-0.012300450203017795,Ridge_alpha_fixo,30
-0.00041606236570384755,-0.00224367983546127,-0.00466958733347636,-0.008181930854451278,-0.00920118221671097,-0.013190391749783245,Ridge_alpha_fixo,30
-7.937371800449104e-05,-2.0520537870637454e-05,0.0008721638873412039,0.0020278473330471642,0.0032729424299086938,-0.0028651120501348654,Ridge_alpha_fixo,30
-0.00041040190295736005,-0.0022305853604115827,-0.00371480417150116,-0.00608528666094,-0.009260637575263013,-0.016754714744893564,Ridge_alpha_fixo,30
-0.00028862369394727953,-0.00047290770348446014,-0.0009243539167125953,-0.0019375670916995547,-0.002732383488310345,-0.012261286948854824,Ridge_alpha_fixo,30
-0.00018269532590630067,-0.00012943498209742478,0.0005738884804831848,0.002861840578333189,0.004105820743274288,-0.004806426911007676,Ridge_alpha_fixo,30
-0.00035676455988865695,-0.0008837458053939204,-0.0010221618085851413,-0.0012808784385853417,0.0002845333967610859,-0.007171787198926252,Ridge_alpha_fixo,30
-0.00012027319024918085,-0.0003971725822773205,-0.00039411955332904395,-0.00030637118335946693,-0.0005001177569341519,-0.00619758100716339,Ridge_alpha_fixo,30
-0.00010155343212476975,-0.0004529907561025811,-0.0013285439402098,-0.002444141316506366,-0.004098312557550874,-0.01933473871987823,Ridge_alpha_fixo,30
-0.0005947663706860797,-0.002378789172133654,-0.00402303416783935,-0.0057872292637253875,-0.006426422800548711,-0.008920360956872372,Ridge_alpha_fixo,30
-0.00025581765378890873,-0.0007897976531696504,-0.000566490353821451,0.00022230488624921268,0.0021940005895508346,-0.0016626741032038823,Ridge_alpha_fixo,30
-8.461373176799284e-05,0.0004554447704871431,0.0008888250801847229,0.002376631506652023,0.00400747434059821,0.002223101245132033,Ridge_alpha_fixo,30
-0.00025566377823280887,-0.001143770486224719,-0.001987353619954448,-0.002652954840014365,-0.003503269634837033,-0.008495995770202366,Ridge_alpha_fixo,30
-0.00022220594398721175,-0.000692646507305478,-0.0009594914320631021,-0.0022409087771416126,-0.0031619755635255535,-0.008505748313113988,Ridge_alpha_fixo,30
-0.0003030186417192683,-0.0008329236355281743,-0.002086531333801346,-0.0029775212411844087,-0.0038821975558699447,-0.009510161678222327,Ridge_alpha_fixo,30
-0.0005278916385635934,-0.0021786107168672605,-0.0033003106710436866,-0.005723356495566561,-0.007080513778456731,-0.010575294403219518,Ridge_alpha_fixo,30
-0.0004508478947611103,-0.0018705204844106256,-0.003611539555807341,-0.006214861517847945,-0.007157995418871435,-0.010924254280827807,Ridge_alpha_fixo,30
-0.00025803768884093495,-0.0010165533266155609,-0.0015460873065634775,-0.003071631532829551,-0.00535188182637447,-0.013542688637881595,Ridge_alpha_fixo,30
-0.000170458217465423,0.00022210220330614377,0.0011365475541122065,0.0009592102043951306,0.0003472899277937056,-0.0003110870972803181,Ridge_alpha_fixo,30
-0.0003119790629078701,-0.0012635726201298673,-0.0012843219218534657,-0.001600528249322021,-0.0011853165514953343,-0.007294498843667406,Ridge_alpha_fixo,30
-0.00013426039402542574,3.739273820602152e-05,-0.00010363940819223842,-0.0011220068682848414,-0.003297963549221181,-0.013009408050235757,Ridge_alpha_fixo,30
-9.279399007224225e-05,-0.0005914482527888306,-0.00033508389853871296,-8.361481860066252e-05,0.00039820216541662507,-0.0024472362415879317,Ridge_alpha_fixo,30
-0.00028966463118945283,-0.0010032840777493815,-0.0011651107694585611,-0.00203679940888199,-0.00495097416383219,-0.015478338650064448,Ridge_alpha_fixo,30
-0.0004950523019288827,-0.0015983727239865858,-0.002510328036999644,-0.003864805985878468,-0.0056961708965860775,-0.01643104521496101,Ridge_alpha_fixo,30
-0.00011739084277315821,-0.0002937206690494958,-0.00021833668170396578,-0.0006513499861091048,-0.0016481299188891134,-0.00978506071007138,Ridge_alpha_fixo,30
-0.00024903804639287526,-0.0011666266030434871,-0.0020164086954371292,-0.003635501371073321,-0.0026006062936732854,-0.008334468587317848,Ridge_alpha_fixo,30
-0.00030257427594393107,-0.0012511176316920426,-0.002567198622322506,-0.004054857874986917,-0.00511066338723799,-0.007881397516488062,Ridge_alpha_fixo,30
-0.000230129188320738,-0.00043454521523718186,-0.0007307084529932228,-0.0014204511689859948,-0.003016156397570511,-0.012682703914236997,Ridge_alpha_fixo,30
-0.0002247752597788116,-0.0008206067270554822,-0.0010722606155423716,-0.0015419028881159596,-0.0008169689034680142,-0.0036759400011446043,Ridge_alpha_fixo,30
-0.0005173477778309592,-0.002054943398604403,-0.004454723608397617,-0.008952596128029625,-0.013164406309748628,-0.029254443903707128,Ridge_alpha_fixo,30
-0.0002805300990065294,-0.0011114410616485245,-0.0020515166592311855,-0.0031540299031932993,-0.0033955936480235165,-0.007414459782848142,Ridge_alpha_fixo,30
-0.00025389288290376656,-0.0009786162776165804,-0.0019697102015780307,-0.0021303644318233796,-0.0012743859273415409,-0.006008413812934678,Ridge_alpha_fixo,30
-0.00031997862228006727,-0.0007469627090419075,-0.0004529370814010859,0.0006252003431320414,0.0033620104731972972,-0.0014692603046061487,Ridge_alpha_fixo,30
-0.0003172529899534652,-0.0009109013111125056,-0.001531587965034757,-0.002051636092522482,-0.0021611300892876864,-0.008271301087316569,Ridge_alpha_fixo,30
-0.0001689721162225179,-0.0009524994727553361,-0.0012547722090230633,-0.0022838130954871178,-0.0030170490907806065,-0.009743627519143695,Ridge_alpha_fixo,30
-0.0003060961842149753,-0.0005051627120259175,-0.0016103446841673461,-0.004465615471439205,-0.0068338869786308985,-0.011738928292934126,Ridge_alpha_fixo,30
-0.00047577986617371247,-0.001657150900660293,-0.0034178948322363574,-0.006001497127181243,-0.006980665026691133,-0.013020855966297054,Ridge_alpha_fixo,30
-0.00021280167703625872,-0.0008878637187146347,-0.001890304522435063,-0.0026839228568569956,-0.0030287270267424313,-0.008980043909169464,Ridge_alpha_fixo,30
-0.00034589620639574554,-0.0014584726521511492,-0.002828611717410199,-0.004844373598406945,-0.005114843424480099,-0.00492762708981424,Ridge_alpha_fixo,30
-0.000619295950375145,-0.0013588874742569699,-0.0015614348548054135,-0.0024427747238613996,-0.0025432786020943804,-0.010270304306032582,Ridge_alpha_fixo,30
-0.00043723655565543944,-0.0020234874516124055,-0.0029733164482869437,-0.0043745758882019975,-0.005947796666522508,-0.011023915877677823,Ridge_alpha_fixo,30
-7.048929365346492e-05,-0.0003783891168660139,-0.0008900506622722316,-0.0033802536782880405,-0.006276707570452741,-0.016989481508878114,Ridge_alpha_fixo,30
-0.00028924902172869913,-0.0009340753455918301,-0.0014545701063069488,-0.002711178539259052,-0.00329344416126205,-0.00454599889226789,Ridge_alpha_fixo,30
-0.00021451691531858597,-0.001212003798169235,-0.0025972114341492668,-0.0054051100185618884,-0.007270230714757793,-0.010428920106088244,Ridge_alpha_fixo,30
-0.00011939859217046767,-0.00022005112319641975,2.8549313485482595e-05,0.0005636808030891334,0.001045253115001424,-0.0051604679074047635,Ridge_alpha_fixo,30
-0.0005851283530181073,-0.0017582184956492354,-0.0033009135121219407,-0.005520384023008286,-0.005877417456012349,-0.006679357903636039,Ridge_alpha_fixo,30
-0.00017637307683865102,-0.0004028804383422823,-0.0003542467733312974,-0.00040823487393470476,-0.001626913249542171,-0.012512619600085631,Ridge_alpha_fixo,30
-0.00018549731964811282,-0.0006708539480482149,-0.001967626918881494,-0.004864186253216361,-0.007738159694860032,-0.014914753868615072,Ridge_alpha_fixo,30
-0.0004673970239163656,-0.0016507466933235657,-0.0030122061529500675,-0.005829999846769413,-0.007177449937670434,-0.011803276849783804,Ridge_alpha_fixo,30
-0.00039815761899423543,-0.0017492508527047147,-0.0032247552321245927,-0.005278465601057586,-0.0070129924703782745,-0.01235499337028438,Ridge_alpha_fixo,30
-0.00026685440855318604,-0.0009080345987924515,-0.0021559193450659537,-0.005973828294775781,-0.008294047242691244,-0.0107527051586076,Ridge_alpha_fixo,30
-2.5451340188267253e-05,0.00040338731407971596,0.0014744567342303216,0.002411467233970595,0.001938422618291892,-0.011501755844710358,Ridge_alpha_fixo,30
-0.00021232914242014583,-0.0006328710757041823,-0.0006289807775904103,-0.0028344042125004964,-0.007087216456921091,-0.021103969064132186,Ridge_alpha_fixo,30
-0.0003841690111252254,-0.0017258700086247977,-0.0022487147456403895,-0.002796453649370902,-0.0034751269920506784,-0.007604209436022611,Ridge_alpha_fixo,30
-0.000305157658821949,-0.001688663464174957,-0.0019880480003111154,-0.0019318049716834254,-0.0008909156315899552,-0.004432097056973174,Ridge_alpha_fixo,30
-0.00017101127268756845,-0.0009984703074427134,-0.0017867069833861545,-0.004045423286564153,-0.006751857401370011,-0.01776990032030856,Ridge_alpha_fixo,30
-0.000283213333100783,-0.0005972521115684275,-0.0007671770113668708,-0.0013546664835691897,-0.002827405378712597,-0.010886333639590854,Ridge_alpha_fixo,30
-0.00044594247641217903,-0.002040825469661521,-0.004044184990885627,-0.008808249081236064,-0.012634500994364911,-0.020207582644589515,Ridge_alpha_fixo,30
-0.000444941805927943,-0.0016959834788603696,-0.003505867968178254,-0.005962151472047015,-0.007982499114349579,-0.011990877853810542,Ridge_alpha_fixo,30
-0.0003035702422002843,-0.0010737852976527267,-0.0007025889695924457,-0.0011098435837437236,-0.002122958923313788,-0.010154576560238158,Ridge_alpha_fixo,30
-0.00012691485183655114,-0.0006695981572643484,-0.0011250843197210363,-0.0026783497513793203,-0.00367396797576694,-0.012158511505550612,Ridge_alpha_fixo,30
-0.0005592075274001998,-0.0017614953029805752,-0.003800276681729306,-0.00626756518699085,-0.00783959115711953,-0.011600253336059647,Ridge_alpha_fixo,30
-0.0002115509787148865,-0.0007203014154345497,-0.001652695580623481,-0.004384130078889665,-0.0072272642397104275,-0.014449697457421631,Ridge_alpha_fixo,30
-5.339870375517639e-05,-0.0001973255114640125,-0.00021317103495684486,0.001198528187565036,0.0026669857261696897,-0.005321572717208651,Ridge_alpha_fixo,30
-0.00041720126587446466,-0.0017099698723107642,-0.0032660108345800806,-0.006296967470212346,-0.008348706546928202,-0.015616116812641022,Ridge_alpha_fixo,30
-0.00073291949028195,-0.001681005372407703,-0.002423272854482006,-0.0034392896174219793,-0.0038634687107436173,-0.004128388487786352,Ridge_alpha_fixo,30
-0.0005600352038793498,-0.0018643826419575836,-0.002903005354697445,-0.005087994762118855,-0.007456017279771249,-0.016028185442529985,Ridge_alpha_fixo,30
-0.0002802546941769348,-0.0007007194580902277,-0.0006672227893054851,0.00024346341343247648,0.0010976154298286797,-0.00033557371576694136,Ridge_alpha_fixo,30
-0.00013027704337793299,-0.00023717190130471237,-0.0005723423101493101,-0.0014947245755530876,-0.0023885812768595117,-0.014279706760872196,Ridge_alpha_fixo,30
-0.0003206726728076168,-0.0010894194123438655,-0.0019512098993640227,-0.004722972719686446,-0.007866409127707816,-0.017274563519066886,Ridge_alpha_fixo,30
-0.0003874265896358497,-0.00046710844274785134,-0.0007896009922712902,-0.0013178497838000215,-0.0027965935105140178,-0.010029973278754592,Ridge_alpha_fixo,30
-0.0002776796252008882,-0.0005556187706425256,-0.00041959052725424006,-0.002082177420782089,-0.0036519783535780112,-0.010877465134871488,Ridge_alpha_fixo,30
-0.0003230735584801403,-0.0010715600457699799,-0.002080836844321544,-0.0044289934708451216,-0.00703048039374121,-0.01953564476519495,Ridge_alpha_fixo,30
-0.0002627040998370465,-0.0015942119675815675,-0.003360831057099859,-0.005599592284907613,-0.007815622671631373,-0.015228713629754571,Ridge_alpha_fixo,30
-0.00023314454848118296,-0.0009521921156049589,-0.0018666526485936043,-0.0038212985633391035,-0.005187755853037399,-0.011640095494071242,Ridge_alpha_fixo,30
-0.00026847669923737684,-0.0008657968534050599,-0.0011287264012930793,-0.001894160042739046,-0.0027489672102934677,-0.006113624518619325,Ridge_alpha_fixo,30
-0.0004766585025342931,-0.0019495447786850137,-0.0034892369333574843,-0.005399671244597776,-0.007570638458814746,-0.01921532840359078,Ridge_alpha_fixo,30
-0.00017235434608687226,-0.0007082785891715825,-0.0006486041996150322,-0.00014038641633180832,0.0004484611685333531,-0.006037077481955172,Ridge_alpha_fixo,30
-0.0004908967542558368,-0.0012018814395370917,-0.00241534175121554,-0.005695590688031238,-0.00903549501729665,-0.026519144603321856,Ridge_alpha_fixo,30
-0.0002804386366891165,-0.001333968996039691,-0.002818148657278789,-0.005735225287054017,-0.006497029617655264,-0.008192562154002998,Ridge_alpha_fixo,30
-0.0002578391595655224,-0.00010817021992804676,-0.00031622349025152825,-0.0014385938065398709,-0.0008710217229321568,-0.00664399363865691,Ridge_alpha_fixo,30
-7.855538957231958e-05,0.00013682865247377656,0.0010630834935003927,0.0022911613360008685,0.004024373751187178,-0.0035881520318880697,Ridge_alpha_fixo,30
-0.00029770036348800833,-0.000848676541410115,-0.0013484747070518742,-0.0014673342582122528,-0.001132497128474357,-0.008270184176648784,Ridge_alpha_fixo,30
-0.00030866716450904434,-0.0014380148094895065,-0.002540402660752648,-0.0054332197857895346,-0.005654942358201366,-0.008688564468601022,Ridge_alpha_fixo,30
-0.00020673389671693098,-0.0009350842790161813,-0.0024110509237614797,-0.005033483975123204,-0.0065813163559136105,-0.010786919715267499,Ridge_alpha_fixo,30
-0.00022528786678576392,-0.0005930877622941596,-0.0011679378244447316,-0.002009983619221433,-0.0027180999198163918,-0.00708394553624335,Ridge_alpha_fixo,30
-0.00015362114283275165,-0.000913914506954947,-0.0021891829653309896,-0.004136625997876381,-0.004467172497955159,-0.007709802138563551,Ridge_alpha_fixo,30
-0.00043726066708161485,-0.00113720411737422,-0.0015394019399172778,-0.002816857727424735,-0.003750384775224727,-0.0055198600431454305,Ridge_alpha_fixo,30
-0.00033838986638683324,-0.0012401147713304627,-0.002032738380657404,-0.0034063629697974407,-0.004562304895779302,-0.01508428199673407,Ridge_alpha_fixo,30
-0.0003488904155711747,-0.0013838388489942656,-0.0028230852768691694,-0.0054925635440723295,-0.007863300802226933,-0.015234794277162515,Ridge_alpha_fixo,30
-0.000310173299554939,-0.0015045943313319165,-0.002896556246812087,-0.005213066851913917,-0.007658390878004756,-0.014450061305739727,Ridge_alpha_fixo,30
-0.00020280785770424945,-0.0006503596177810375,-0.0015001461938621296,-0.003175835417136896,-0.004681461215743222,-0.010866951103831858,Ridge_alpha_fixo,30
-0.00044880433210393563,-0.0020142005407193953,-0.004760413673007098,-0.008746572539047131,-0.010194832789584886,-0.0107807312663187,Ridge_alpha_fixo,30
-0.00027935475043003533,-0.0013591236599510422,-0.003053526662805841,-0.005420029296733415,-0.0071337111741467665,-0.009773198273764635,Ridge_alpha_fixo,30
-0.0007026000995717962,-0.0025274445452088644,-0.0032570904695706083,-0.004310624244397053,-0.00597452803171089,-0.011979243518566152,Ridge_alpha_fixo,30
-0.0005404113309827406,-0.0010755336828463628,-0.002165313686572584,-0.0049247062959333985,-0.007440382813355072,-0.011982850170636734,Ridge_alpha_fixo,30
-0.0002049651262724767,-0.0007976602175452648,-0.0011525595448254474,-0.0026228121362276862,-0.0033040358463389233,-0.010455227844881128,Ridge_alpha_fixo,30
-0.00021777730541936037,-0.000553652221938063,-0.001025150932027519,-0.0015773366560009573,-0.0011627111782416327,-0.003396259192773844,Ridge_alpha_fixo,30
8.61261481306257e-05,0.0006961551058358069,0.0008926817709164654,0.0006692062062870325,0.002709247111739683,-0.0019597993485582473,Ridge_alpha_fixo,30
-0.00037829204524452776,-0.0008242738641356534,-0.0021860668255593452,-0.0055166384929109585,-0.008052932768549969,-0.01499621761764802,Ridge_alpha_fixo,30
-0.0005618903015344259,-0.0019866587199494153,-0.00261272985522061,-0.0029955863469225247,-0.006354018771671924,-0.020172276981135197,Ridge_alpha_fixo,30
-0.0002049386138454026,-0.00016295358720085646,-5.706838987858954e-05,-0.00011415162856458164,0.002030288747438032,-0.0014224819841107002,Ridge_alpha_fixo,30
-0.00016514973446065073,-0.0008785164187310021,-0.0010655911853262126,-0.0025934909166906027,-0.0026667682193017494,-0.00911554435345164,Ridge_alpha_fixo,30
-0.0006999086537403825,-0.0016931448982676187,-0.0032683277763608585,-0.0060249918340865545,-0.007976295976376675,-0.013493896175453943,Ridge_alpha_fixo,30
-0.00036059982594103586,-0.001747678351506699,-0.00207371366281851,-0.001872554205499919,-0.000751800724857233,-0.0033250473222374657,Ridge_alpha_fixo,30
-0.0001238055464577307,-0.0002759779535509704,-0.0009705938809304621,-0.001968394517623079,-0.0025766546643116116,-0.013809003003404619,Ridge_alpha_fixo,30
-0.0002109259370816253,-0.00031833225127702886,0.0002945780283806559,0.0007532242875083302,0.002188622963246016,-0.004178221000992621,Ridge_alpha_fixo,30
-0.00037793458018317523,-0.00031775784765148855,-0.0017351608559139863,-0.006513747688216943,-0.007503520283820681,-0.010977895877279154,Ridge_alpha_fixo,30
-0.0003296392942885864,-0.0008435019504442346,-0.0007723607787505531,-0.001067168003373284,-0.001685516792147138,-0.004555295560622031,Ridge_alpha_fixo,30
-0.0004900402600844607,-0.001612555596464297,-0.003075881005006188,-0.005150358630156088,-0.0062991665054854115,-0.013162095592699851,Ridge_alpha_fixo,30
-0.00023714312662024412,-0.0004976951781443275,-0.00038184554105526294,-0.0005315266012809522,-0.0006583169742846786,-0.011598585410930938,Ridge_alpha_fixo,30
-0.00018181554531804722,-0.0008710957127256011,-0.0015819920243333504,-0.0028676573374352356,-0.0023071515653219975,-0.005616210113948793,Ridge_alpha_fixo,30
-0.00032184665425898513,-0.0013599627219834328,-0.001865687094285541,-0.0026760104231648117,-0.003962610593059325,-0.012324447633407567,Ridge_alpha_fixo,30
-0.00034224863187015794,-0.0014237889289267325,-0.003308090905207015,-0.008267563561493198,-0.011863568375324622,-0.01755297424464285,Ridge_alpha_fixo,30
-0.0005861133140402991,-0.002272213624843905,-0.004553958001110939,-0.00885203733415133,-0.010749389245463987,-0.017294677021914586,Ridge_alpha_fixo,30
-0.0002476266045515225,-0.0008466682733095539,-0.0016558478255126474,-0.003819684278085398,-0.005607226791647545,-0.012518600601787892,Ridge_alpha_fixo,30
-0.0003945592143795008,-0.0013137403351076856,-0.0021377385006073413,-0.004331852013505503,-0.006352623904562755,-0.01310220017447978,Ridge_alpha_fixo,30
-0.00034693592716779565,-0.0012390347779642256,-0.0016641246367731888,-0.0009928323990912684,-0.0008000421693789764,-0.007186504626671261,Ridge_alpha_fixo,30
-0.00026877571482385594,-0.0010787911390304733,-0.0016078416901856808,-0.001778750069469041,-0.0020084608578551633,-0.0072689918129997776,Ridge_alpha_fixo,30
-0.00028933583295885374,-0.001271403535114665,-0.0015216702539336889,-0.002964639203446383,-0.00299030020492483,-0.005888581649397563,Ridge_alpha_fixo,30
-0.000310902528731609,-0.0005608161714030394,-0.00036647796845879643,0.0009399021875155326,0.0016180381124460414,-0.0035964460748943382,Ridge_alpha_fixo,30
-0.0003485707639205004,-0.0017973078451820246,-0.0034979925259899496,-0.006892356156503488,-0.010440574851427933,-0.012123649490363823,Ridge_alpha_fixo,30
-0.000764073398984861,-0.0027576113876863627,-0.004660151293152793,-0.008499751504845094,-0.01107230469904966,-0.013116591164326553,Ridge_alpha_fixo,30
-0.00016212730789088727,-0.0005393334328856404,-0.0005903340318548168,-0.0008166231853247769,-0.00082086247551487,-0.006646625337352856,Ridge_alpha_fixo,30
-0.0005645016633055165,-0.00152450742994383,-0.0026245815290495255,-0.0048652919107940425,-0.00629725423385829,-0.015253353896343896,Ridge_alpha_fixo,30
-0.00043730285183626324,-0.0018395107721008931,-0.0026298919888931085,-0.0029409720404808253,-0.0023977101321208697,-0.006218363204251858,Ridge_alpha_fixo,30
-0.0005416033011862097,-0.0011088219061394728,-0.0008707339025901976,-0.0015166213076596993,-0.0019112689070397949,-0.011501986162955974,Ridge_alpha_fixo,30
-0.0004722819745782263,-0.0019755067536155533,-0.003915017331482792,-0.006885226827374365,-0.009340414433722266,-0.013012665313890927,Ridge_alpha_fixo,30
-7.531189918675596e-05,-0.00027861238451858794,-0.00036488109286476715,7.800779641698658e-06,0.0010649331029150843,0.00017042266338709375,Ridge_alpha_fixo,30
-0.0004888429143942049,-0.001759452982085418,-0.003596022614185975,-0.007542823776677231,-0.010657285632916572,-0.01471972954147222,Ridge_alpha_fixo,30
-0.00031655373050800095,-0.001120565393100073,-0.002405979420841588,-0.004807140896561391,-0.007138006834643689,-0.014370844341602143,Ridge_alpha_fixo,30
-0.00030655038894828227,-0.0010320338831655705,-0.0016373603250693129,-0.003269910154122014,-0.002972748643974669,-0.009298806197438352,Ridge_alpha_fixo,30
-0.0005817874973944744,-0.0015928174313963774,-0.002063009640633647,-0.003417434269488988,-0.0033412503034833184,-0.011341172870315218,Ridge_alpha_fixo,30
-0.00016158617105408932,-0.0006314526051650444,-0.0005035869891040994,-0.00040435297769338786,-0.00014422709929357423,-0.005150974163198178,Ridge_alpha_fixo,30
-0.0003344621585338654,-0.001102051881472289,-0.002913159819473951,-0.005851677829581488,-0.007978083944539287,-0.010227658490802387,Ridge_alpha_fixo,30
-0.00011446237499237183,-0.0005877726472963426,-0.00121212872662589,-0.001154419735080395,-0.0008339917894683749,-0.0076431854601286,Ridge_alpha_fixo,30
-0.00021830998685864957,-0.001386542650876249,-0.0023625405926636926,-0.004184524281998323,-0.0060350662800878275,-0.01665287370145825,Ridge_alpha_fixo,30
-0.0004040394075115059,-0.0017531598512220377,-0.0036504883162438036,-0.007815472133049369,-0.011282711756218256,-0.017636314598732477,Ridge_alpha_fixo,30
-0.00020528258555401735,-0.0002872725794336632,-0.00014332326566050574,-0.0003333271303756652,0.0010254087142506324,-0.0029680970910201158,Ridge_alpha_fixo,30
-3.088098909426905e-05,-3.649253132901773e-05,-0.0005294209775816295,-0.0007403495228650196,-0.00034998662013444216,-0.012977382096019625,Ridge_alpha_fixo,30
-0.00022595069467519323,-0.0005951920398865904,5.822457814236315e-05,0.000512405158167776,-0.00010973625563392373,-0.004762478338582887,Ridge_alpha_fixo,30
-0.0005583965501137823,-0.002278330040702669,-0.005084236934648871,-0.010875971413207185,-0.015383295692231574,-0.01579892692254688,Ridge_alpha_fixo,30
-0.0005615722146488798,-0.0018675095475172315,-0.0027315848418763265,-0.005427487476611791,-0.006182557309207286,-0.013638549396980667,Ridge_alpha_fixo,30
-0.0003253224981680042,-0.0013805488634171252,-0.002569922708980687,-0.004451415678356478,-0.005484227113642109,-0.00716483997183561,Ridge_alpha_fixo,30
-0.00013070560720009498,-0.0006965743301844856,-0.0005148162311284458,-0.0004751013840556921,-0.0008647321179370323,-0.001885479127617889,Ridge_alpha_fixo,30
-0.00024200450706203628,-0.0011738845473313127,-0.0029130309085362363,-0.0062581443588726445,-0.009683981882381726,-0.014892522757945562,Ridge_alpha_fixo,30
-0.0007977019550640783,-0.002455878146333467,-0.0045308020564538126,-0.00891977217630861,-0.011365907289765368,-0.015242752864843398,Ridge_alpha_fixo,30
-0.0001975591307146741,-0.0009377932655530482,-0.0018150802604079725,-0.0030200986518487856,-0.006049920049195206,-0.019064052601749235,Ridge_alpha_fixo,30
-0.0005148700294785052,-0.001360807846502147,-0.0027548775537517907,-0.004661392842619548,-0.002826945526670199,-0.0013237862495158554,Ridge_alpha_fixo,30
-0.0005086209648359204,-0.0015900339522936346,-0.0032265721812987434,-0.007587574965409496,-0.011773668998008429,-0.01987908057409218,Ridge_alpha_fixo,30
-0.00047895534582869824,-0.0015231867478885427,-0.0022158760471047193,-0.003416678815700326,-0.0039043209775549243,-0.011718784433134257,Ridge_alpha_fixo,30
-0.00033755693986814905,-0.0012646805492051794,-0.00241552884042082,-0.004302970574750116,-0.005290834832816478,-0.010754130001838167,Ridge_alpha_fixo,30
-0.00019405891605338277,-0.0008171705628387458,-0.0014803403070602428,-0.0031745751678335836,-0.00531552419564658,-0.013761706655906139,Ridge_alpha_fixo,30
-0.00038222731225838556,-0.0009148992429624639,-0.0014993022353654202,-0.00303003935731778,-0.00428137321428386,-0.00876021494194102,Ridge_alpha_fixo,30
-0.00035610791919837045,-0.00137436001528937,-0.0018333131317138257,-0.003186934382647923,-0.0040804853330106295,-0.006390017107288191,Ridge_alpha_fixo,30
-0.00044370565091569734,-0.0012322889214822805,-0.0022152665540185767,-0.0034523575608897943,-0.003140201411447013,-0.00961684539979855,Ridge_alpha_fixo,30
-0.00027777019532248626,-0.0012496192136920324,-0.0016094336734785405,-0.002219645509717544,-0.0035712798235097752,-0.008475179986569607,Ridge_alpha_fixo,30
-0.0003150842448830648,-0.0004938749320037312,-0.0011834954510434247,-0.0019268696030068355,-0.0020412510385083983,-0.006889241896341867,Ridge_alpha_fixo,30
-0.00038159101044437613,-0.0020986198548251407,-0.0043958794766259385,-0.0082732312196643,-0.009677361250971529,-0.011258089229826813,Ridge_alpha_fixo,30
-0.0002223111474880646,-0.00011968337729803263,-9.680096743950938e-05,-0.0012488591219985915,-0.0038590996750407554,-0.007930985095577487,Ridge_alpha_fixo,30
-0.00020281183288922212,-0.0010955197748311776,-0.001804589924208063,-0.004556141986045619,-0.006154817067171458,-0.017480087598682532,Ridge_alpha_fixo,30
-0.0006362400167189879,-0.0019156584046193376,-0.0026888042106300047,-0.004348408818215936,-0.0038579036406253347,-0.014825053436670045,Ridge_alpha_fixo,30
-0.0004716128951872477,-0.001309242442941234,-0.0012684329232872642,-0.0016739040614448337,-0.0020244894529011554,-0.007525181531352716,Ridge_alpha_fixo,30
-0.00038371050632465955,-0.0012262514725492324,-0.0016526334575270585,-0.003910633383933329,-0.00630245678898419,-0.017161776328898804,Ridge_alpha_fixo,30
-7.774283880516388e-05,-0.00032020874540108617,-0.0005805350775789238,-0.002844539645885695,-0.005698478287881737,-0.01748710025239805,Ridge_alpha_fixo,30
-0.0004538439473960796,-0.002177464404015018,-0.004343069091904658,-0.00902574837585072,-0.013088503632738956,-0.018952216404837106,Ridge_alpha_fixo,30
-0.00029230429540726556,-0.0007300628789982192,-0.0010984126962099144,-0.0016945646677360281,-0.0013959394054748177,-0.004588642963427679,Ridge_alpha_fixo,30
-0.0002788832937267592,-0.001343652052589774,-0.001983481355125918,-0.0037625255341257944,-0.005006518488266662,-0.012509679698161559,Ridge_alpha_fixo,30
-0.0002363590997323204,-0.0007012515353086208,-0.001156281698087419,-0.0025236498372003344,-0.004531122767821751,-0.016580841398454314,Ridge_alpha_fixo,30
-0.00017896502584853252,-0.001141393225274529,-0.002711998233602995,-0.005373812065852979,-0.009592006960622079,-0.017205605089779676,Ridge_alpha_fixo,30
-0.0004184799720375939,-0.0010414272406532102,-0.0008642347368352365,-0.0007998378856774736,-0.0003590563577915922,-0.0058453166516793265,Ridge_alpha_fixo,30
-0.00022701795609328794,-0.0009003109466591312,-0.0009682884226257227,-0.001124873249656481,-0.002121818192960762,-0.008417126012419278,Ridge_alpha_fixo,30
-0.0003673436143260086,-0.0014207667726566936,-0.002573374532140883,-0.004253869664175772,-0.004075866641620173,-0.007890175457858521,Ridge_alpha_fixo,30
-0.00018438534964950297,-0.0005983442477236778,-0.000639085379557086,-0.00160828036251621,-0.0035215126293951563,-0.016602709056711448,Ridge_alpha_fixo,30
-0.00046130831577930023,-0.002349533710463786,-0.004647465166734906,-0.0090845996235043,-0.010905933739207091,-0.007953614831775613,Ridge_alpha_fixo,30
-8.636003620187066e-06,-6.28974622561935e-05,-0.0006511324863987796,-0.0017443434839661011,-0.0027604528766003275,-0.013622786385077459,Ridge_alpha_fixo,30
-0.0002785308291343261,-0.0014275666676745614,-0.0024952112884238232,-0.0030889152532519856,-0.003061636317028195,-0.00937598587619497,Ridge_alpha_fixo,30
-0.00053110443188345,-0.001814500367781239,-0.003006054015165296,-0.00406050635810498,-0.003743171221591091,-0.007540759283896403,Ridge_alpha_fixo,30
-8.659932468954767e-05,-5.049548241436583e-05,0.00012303381261629878,-0.0004986735854128004,-0.00031452898660681036,-0.00819444574931913,Ridge_alpha_fixo,30
-0.00019150536755155645,-0.000799572354142287,-0.0027913656508602443,-0.008491483756639604,-0.01261303205383369,-0.02185066924601593,Ridge_alpha_fixo,30
-0.0002452316827537623,-0.00042931128266895143,-0.000732815082364646,-0.0016583925029072602,-0.0020183311791997244,-0.005984973582567344,Ridge_alpha_fixo,30
-0.00040547673765843064,-0.002049122912491428,-0.004594898620629777,-0.009223873319146992,-0.013491098019342467,-0.02533792903144665,Ridge_alpha_fixo,30
-9.64123754355222e-05,0.00021657004402425318,0.0003897416095336417,0.0015002228269954338,0.0016140301478788706,-0.005153783248131177,Ridge_alpha_fixo,30
-0.00040181790217251996,-0.0011018923385055911,-0.00225200063239268,-0.004456174603385858,-0.006520137854691678,-0.017748891189974938,Ridge_alpha_fixo,30
-0.00043418275787675866,-0.0019019731015995959,-0.00454428085145629,-0.011563639246426336,-0.01570803997932357,-0.028488548617254746,Ridge_alpha_fixo,30
-0.0004921913431496776,-0.0021057461235754367,-0.0035962639225710458,-0.006186146693553796,-0.008320325879358772,-0.017072684188815676,Ridge_alpha_fixo,30
-0.00025918631384576503,-0.0009725499719876123,-0.0012047256282204837,-0.002564389620239544,-0.004712938158823309,-0.011592765533645636,Ridge_alpha_fixo,30
-0.00041198871104491263,-0.001954045430047661,-0.003110674082997066,-0.0064498943333087325,-0.010284926867417965,-0.020308718821842018,Ridge_alpha_fixo,30
-0.000267971746159354,-0.00105726585029471,-0.0021509817238101045,-0.003592968609695277,-0.005883400875061309,-0.013850065258873386,Ridge_alpha_fixo,30
-0.0003323729048439586,-0.0008271591288878052,-0.0019182704914087485,-0.003638611383420633,-0.004608072306260793,-0.013687575203074656,Ridge_alpha_fixo,30
-0.00025005931894714816,-0.0008983159409161186,-0.001487745255612149,-0.0033201373356062215,-0.004678260630048952,-0.008484974444147222,Ridge_alpha_fixo,30
-0.0003631140202213642,-0.0014859528205430396,-0.0024219418626205175,-0.0033488057997509363,-0.0037172743678894693,-0.009869535358384,Ridge_alpha_fixo,30
-0.0003106799242208427,-0.0010523198442111586,-0.0027319934334769083,-0.006560661037928408,-0.008161899911378107,-0.010988005105973088,Ridge_alpha_fixo,30
-0.0006020529217642757,-0.0014474454896550343,-0.00258585527049638,-0.0037089062684566134,-0.00451513501898038,-0.007856584310406867,Ridge_alpha_fixo,30
-0.0003067900062537457,-0.0012974916749996207,-0.0021590858823423743,-0.0030376152476962897,-0.0032144160696219583,-0.005568715945851227,Ridge_alpha_fixo,30
-0.00036763028371888896,-0.0017057505606535267,-0.002771876928133345,-0.004009406147603842,-0.004059353348951941,-0.006396923914476688,Ridge_alpha_fixo,30
-0.00025273813823675924,-0.001412171109565491,-0.002234098426833529,-0.003189116506816439,-0.003955412869650288,-0.009256115730354479,Ridge_alpha_fixo,30
-0.0006517516935585702,-0.0026944736736602922,-0.0032559972822436955,-0.004092077664939892,-0.004938046441626961,-0.007741307262370168,Ridge_alpha_fixo,30
-0.00022692787590797338,-0.0006101440926526027,-0.0009997696786301527,-0.0012814464465241034,-0.00041822972354543174,-0.0019198828541770521,Ridge_alpha_fixo,30
-0.00031777835192458204,-0.000538178449746219,-0.0018313345222613806,-0.004719357885709069,-0.005347883021995334,-0.011810435058025181,Ridge_alpha_fixo,30
-0.00031324360782566664,-0.0007498063008730017,-0.0012198960040602014,-0.0023282814051584313,-0.0025995300715576223,-0.008307667922585506,Ridge_alpha_fixo,30
-0.0003340409566944118,-0.0008281679756411307,-0.001968328671904962,-0.004877062941635957,-0.008152022413640254,-0.011893515251390816,Ridge_alpha_fixo,30
-0.00030257929533282556,-0.0013063086997163941,-0.003020210593669924,-0.00572873593664751,-0.008723747474639486,-0.020383710916836623,Ridge_alpha_fixo,30
-0.00029066609269291023,-0.0006141165648236626,-0.0010168305989717186,-0.0013196470437055253,-0.0006214025050223593,0.0007851203380111511,Ridge_alpha_fixo,30
-0.00015993797646201207,-0.0008240728221172536,-0.002247533145672358,-0.005052730102756533,-0.006218011836923259,-0.0149076876003639,Ridge_alpha_fixo,30
-0.0002349577221685705,-0.0007095357172107391,-0.0013618436931478535,-0.0035923490592649795,-0.004958353796739546,-0.00905651381104812,Ridge_alpha_fixo,30
-0.00014268385583532584,-0.0002192199828532801,0.00011693487262701534,0.0002820527361955462,0.000699673304770091,-0.00238746670516578,Ridge_alpha_fixo,30
-0.00021675084504528094,-0.0009404225546848782,-0.0018993982312169192,-0.002068081542460421,-0.0011219376254372707,-0.0011016521814066504,Ridge_alpha_fixo,30
-0.00024806564122684577,-0.0010821089701782676,-0.0017986108409669614,-0.00365631216229309,-0.004572446713203409,-0.0074564676070098136,Ridge_alpha_fixo,30
-0.0003573310260063504,-0.0017831962859306317,-0.002852164136919439,-0.004923028895769375,-0.007502422274151955,-0.013228170442268665,Ridge_alpha_fixo,30
-0.0003408449420543984,-0.0014205543197264167,-0.001989982715647839,-0.003911663099639496,-0.004894358213697205,-0.017631103150887818,Ridge_alpha_fixo,30
-0.0001774890110491085,-0.0008164060853928502,-0.0011509192569947335,-0.002147463065893361,-0.00372769008020736,-0.018273407941537288,Ridge_alpha_fixo,30
-0.0002544174658552411,-0.0010979892883431813,-0.0022563119809374857,-0.00601834825692522,-0.009928363853248006,-0.018133752535596265,Ridge_alpha_fixo,30
-9.616171211311257e-05,-0.0008326011191636621,-0.002704927476675113,-0.00753339723120858,-0.013786511470237453,-0.02761674194505634,Ridge_alpha_fixo,30
-0.00012720273832351063,-2.516486733033002e-05,0.00024323911783903984,-0.0008681414982968501,-0.002790888717906589,-0.021132536959711377,Ridge_alpha_fixo,30
-0.00027681681708877196,-0.0009383628819576418,-0.0013276248994148832,-0.0025203245501271287,-0.003609000624346481,-0.009570465080863984,Ridge_alpha_fixo,30
-0.00025807456798328953,-0.0012056763760962238,-0.0004942635470476163,0.0016384438490521494,0.00348316774492408,-0.004875269820505545,Ridge_alpha_fixo,30
-0.00023125390430015177,-0.0011291240483948415,-0.0012501117832014786,-0.0016837055048870137,-0.0023999889348532994,-0.009871383565801577,Ridge_alpha_fixo,30
-0.00020879954736127034,-0.0006919015738847035,-0.0011218538113575544,-0.002122573338922345,-0.0036708943802172514,-0.007008791794909707,Ridge_alpha_fixo,30
-0.00019293629350121828,-0.0006793356570860137,-0.0011903416659384827,-0.0011983649177994917,-0.0011405930726372578,-0.0038828197408638204,Ridge_alpha_fixo,30
-0.0002971958677556466,-0.0015578571339768304,-0.0023362488865060825,-0.0030483771406424835,-0.003931840521370647,-0.0071479151379439275,Ridge_alpha_fixo,30
-0.0004665214856013073,-0.0013406785417382626,-0.003194103713289085,-0.005635524418633788,-0.006378875663984467,-0.00938651073479851,Ridge_alpha_fixo,30
-0.00018856750608940451,-0.0004653014118285669,-0.00022493836642367915,-0.00013291246809829572,-0.0006389122216025133,-0.004335053152301725,Ridge_alpha_fixo,30
-0.00027401355182075,-0.0011621291452304098,-0.0025141782914733673,-0.005778974693358452,-0.00980476377763346,-0.017294502971172125,Ridge_alpha_fixo,30
-0.0003227802909810848,-0.0012027219576956167,-0.0016731176738190386,-0.002118796903792543,-0.0027325133484679145,-0.005767965647150879,Ridge_alpha_fixo,30
-0.0001104388915723743,-0.00016546271206286327,0.00011586345389272225,0.0004220741736698351,0.0012958141215031944,-0.003365499975688081,Ridge_alpha_fixo,30
-0.0002242062575350406,-0.00114865967612519,-0.001871667791295927,-0.00297852782018705,-0.0042509693140756555,-0.01528028594009874,Ridge_alpha_fixo,30
-0.00020599998664721253,-0.0010007720180857666,-0.0025347128618706262,-0.005689225139054721,-0.008832006376598952,-0.022334238603115814,Ridge_alpha_fixo,30
-0.00011915994055491599,-0.0005823178040898342,-0.0011234765327764115,-0.003121708682249753,-0.0028232023036644967,-0.009119178987505245,Ridge_alpha_fixo,30
-0.00046318412025009363,-0.0017049103993096479,-0.0030765161455991448,-0.0044701202108037566,-0.00576936848201483,-0.008518177704043475,Ridge_alpha_fixo,30
-0.00035924817144235874,-0.001175517831344058,-0.002577444671728434,-0.005049260069115601,-0.007274454673271279,-0.013451718121080676,Ridge_alpha_fixo,30
-0.0004021814846066018,-0.001690852523345674,-0.0029519555573687965,-0.00523668400292021,-0.005502948637349743,-0.01139674546682666,Ridge_alpha_fixo,30
-0.00034277071763829335,-0.0007194389883128456,-0.001265432984064382,-0.0014064505275256055,0.00012620067944638038,-0.0009327856130784372,Ridge_alpha_fixo,30
-0.0003578442470344982,-0.0013213404021172877,-0.0023481384830352564,-0.004175328610864756,-0.004857990817964995,-0.011615714503884478,Ridge_alpha_fixo,30
-0.00045150531048595834,-0.0019296082407922216,-0.0033799662252997783,-0.00711978520628897,-0.00932670731433524,-0.018301231590679735,Ridge_alpha_fixo,30
-0.00040626327481573736,-0.0015482823517183582,-0.002015777690300496,-0.003285575793192142,-0.0043268565302666505,-0.011883417468173086,Ridge_alpha_fixo,30
-0.0003927632069768706,-0.00140750501827629,-0.0023632201268709765,-0.004625480366874758,-0.007158158106406651,-0.013900292315823556,Ridge_alpha_fixo,30
-0.0001886850656908196,-0.000802510122670843,-0.0014410669010274052,-0.0027794797833025553,-0.0037877918414750125,-0.013036151470952237,Ridge_alpha_fixo,30
-0.0004438634892382192,-0.0016026857580689747,-0.0028814097753017704,-0.004136043389698633,-0.004306675258733458,-0.011667386684806588,Ridge_alpha_fixo,30
-0.000177343657981527,-0.0007177342637805494,-0.002324066493607633,-0.0054094399849142554,-0.0071626026005625655,-0.013356618748388865,Ridge_alpha_fixo,30
-0.00023310267160133957,-0.000985010243005635,-0.0016925790585820086,-0.003482429891507234,-0.0048314890225868695,-0.013222477870843786,Ridge_alpha_fixo,30
-0.00022683773856308002,-0.0011106971207995333,-0.0016667365299588546,-0.002928603492881753,-0.003807913606387293,-0.0058672680359039405,Ridge_alpha_fixo,30
-0.0002263525740165281,-0.0009149156642336135,-0.001261964598247553,-0.0015411495486264682,-0.002513141588122184,-0.013079742257971858,Ridge_alpha_fixo,30
-0.00036603125188483927,-0.0018206465670160235,-0.00467679704894624,-0.011731681108915464,-0.017464297001105366,-0.02979608694461891,Ridge_alpha_fixo,30
-0.00020035364560420514,-0.001176268174964434,-0.0019106665473779371,-0.0033787198103356997,-0.005120815797417652,-0.008408503165895281,Ridge_alpha_fixo,30
-0.00020559201113387628,-0.0008117270474854633,-0.0014210497533239871,-0.0028446672424293318,-0.003439243027346386,-0.006037925053514458,Ridge_alpha_fixo,30
-0.000270044675408752,-0.0006723872631124325,-0.001534142093848332,-0.0026652687425608164,-0.0027048785428551727,-0.00887651533609102,Ridge_alpha_fixo,30
-0.00031485735522403707,-0.001664755217814396,-0.0029148874232580316,-0.005047649617197076,-0.005509887961859578,-0.01442239096448742,Ridge_alpha_fixo,30
-0.00047846362117019844,-0.0017703733262071576,-0.00299347798999299,-0.00644066125680522,-0.009312191883646175,-0.017326260366637473,Ridge_alpha_fixo,30
-0.0005471545696235593,-0.0017279557782944553,-0.002291494747782073,-0.003509977173211081,-0.004351744611680804,-0.007075730150951992,Ridge_alpha_fixo,30
-0.0003365125399594274,-0.0015915149535654376,-0.0032389862955016988,-0.007160550562588158,-0.010374650959987436,-0.01685460955702209,Ridge_alpha_fixo,30
-0.00043877982404160235,-0.0020032927745731698,-0.0036978046508016906,-0.005638172767942167,-0.0060984139025799374,-0.008915697373985359,Ridge_alpha_fixo,30
-0.0009572258118162497,-0.0026137972457188417,-0.0053569817105700085,-0.010428297853051709,-0.012613185259762814,-0.017656537025555804,Ridge_alpha_fixo,30
-0.00048022160342590806,-0.002298157290152448,-0.0044294074119270365,-0.007275593737492394,-0.006649747924064989,-0.004360992432764021,Ridge_alpha_fixo,30
-0.0005161569221534473,-0.0017749028068253486,-0.004395174352247655,-0.008481708068041967,-0.011805559128595848,-0.022915972565750477,Ridge_alpha_fixo,30
-0.0004432228122342743,-0.0017168012824593133,-0.003414488424173443,-0.006726861637591968,-0.008760440894850273,-0.015029040629185815,Ridge_alpha_fixo,30
-0.00029099699970386794,-0.0015386868918085845,-0.0031533067889101683,-0.005655704118058865,-0.008126729636283928,-0.01350433218898903,Ridge_alpha_fixo,30
-0.0002635855724623351,-0.0008699328524200904,-0.0013739629356714672,-0.0015868522576034203,-0.0033373191123675567,-0.011654778801155253,Ridge_alpha_fixo,30
-0.0003776478948307477,-0.001418137343590833,-0.0024206773277064744,-0.004104374978218485,-0.00444242813781131,-0.00960794149975492,Ridge_alpha_fixo,30
-0.0003799647416625161,-0.0018131607376658582,-0.003283853223664293,-0.005787493642598102,-0.007905873618280837,-0.012740286854842225,Ridge_alpha_fixo,30
-0.0004232270832384924,-0.0023047087479944606,-0.0048536889265473815,-0.008711855810403298,-0.012765419467567466,-0.016820815896000818,Ridge_alpha_fixo,30
-9.42169534236908e-05,-0.0002700005523003675,-0.00032122437585598983,-0.0006262503029019087,-0.0008009258122157586,-0.00794992577338474,Ridge_alpha_fixo,30
-0.0005195346647408819,-0.0017704478815404178,-0.002694758672494478,-0.005141757416534455,-0.0064156960602100715,-0.010075712202597746,Ridge_alpha_fixo,30
-0.0004883125463359107,-0.001204998282382731,-0.002312175994417907,-0.0051887485627917125,-0.005808460704769683,-0.011001560125254014,Ridge_alpha_fixo,30
-0.00018115067457181706,-0.0009327445863185107,-0.0024885751565628606,-0.0062503138764942135,-0.009700951817683823,-0.026877030174457396,Ridge_alpha_fixo,30
-0.0005200675567030194,-0.0017194873518497067,-0.0028458540131732456,-0.005534187469625361,-0.007754484022605062,-0.017385313821763577,Ridge_alpha_fixo,30
-0.00040763309827714246,-0.0013892439646932715,-0.001503865166890324,-0.0017158736099409638,-0.00027899464386593563,-0.003180133223793807,Ridge_alpha_fixo,30
-3.9342571813193384e-05,-0.0002712931914239836,-0.0001854730579532825,-0.001997658810629457,-0.0062891816257971385,-0.027738945654648232,Ridge_alpha_fixo,30
-0.0002800350481486145,-0.0008316548726583511,-0.000993948534188791,-0.0019311068728916144,-0.0030917386086921016,-0.017177716579272508,Ridge_alpha_fixo,30
-0.0003172565176570146,-0.0006846315531361512,-0.0017186597028178187,-0.005258017941485408,-0.007725404692670649,-0.023071286408036976,Ridge_alpha_fixo,30
-0.0003206793767940349,-0.0015322113137712268,-0.002772626553669128,-0.004243698671953448,-0.005350532623175021,-0.004331141806460851,Ridge_alpha_fixo,30
-0.0002326842079189939,-0.0013077157009907408,-0.002872505594689773,-0.007651624990909438,-0.010841327385929926,-0.01751143283603473,Ridge_alpha_fixo,30
-0.00015566941329981087,-0.0006172612577164608,-0.0015247614383984052,-0.0032949944810651984,-0.005126579557933259,-0.013209668108554489,Ridge_alpha_fixo,30
-0.00023069829426222984,-0.0007195283126133047,-0.0004522906195075443,0.000853393359179938,0.0022782248371965626,0.0008337160698535229,Ridge_alpha_fixo,30
-0.0005350467327201758,-0.0012619709585509344,-0.0024816610415008197,-0.0038969184528301823,-0.005501941788531842,-0.0080258863562842,Ridge_alpha_fixo,30
-0.00013888051521870957,-0.0005912235603053062,-5.5523649004010164e-05,0.0017947924447208779,0.001914329200034511,-0.00623739461899478,Ridge_alpha_fixo,30
-0.0004464473030542809,-0.0016241630994504618,-0.0022347465260373995,-0.004248163072241101,-0.005731266231025263,-0.010251723990608032,Ridge_alpha_fixo,30
-0.00025416937970187313,-0.0005297266246218623,-0.0007580014700488151,-0.002085376888578306,-0.0033876676302553635,-0.013130290706539326,Ridge_alpha_fixo,30
8.112053012310634e-06,0.00033742767726063446,0.0012675924826249813,0.002276812528000582,0.0029662703765034534,-0.003184868215099551,Ridge_alpha_fixo,30
-0.00035958511367914807,-0.001665509108329564,-0.0030570874106572673,-0.005729298137144488,-0.006956759146784052,-0.009699903143384649,Ridge_alpha_fixo,30
-0.0004874309784761809,-0.0009852287557015592,-0.0017394602283471576,-0.0028574049729720597,-0.0025980611552644164,-0.00823171307073534,Ridge_alpha_fixo,30
-7.108399626014114e-05,1.578564176522192e-05,0.00044878912612564997,0.000781206560981155,0.0016885523200913393,-0.004227993190076928,Ridge_alpha_fixo,30
-0.00038848373490793465,-0.000726777165552464,-0.00032773852354004313,0.00029465892984090864,0.0014569578595573665,-0.004388807306705327,Ridge_alpha_fixo,30
-0.0004636293422734196,-0.0018417503840025434,-0.0026507267312417984,-0.003122897006017869,-0.002632736492038837,-0.010052038342345845,Ridge_alpha_fixo,30
-0.0004109419352879824,-0.0017652464093995625,-0.0026638754446700824,-0.0065102027622967636,-0.010856964585344485,-0.020148294974755114,Ridge_alpha_fixo,30
-0.00034631179070800306,-0.0016208891787066852,-0.0035106709234439836,-0.007879062507961991,-0.012728346375010904,-0.020217102499917,Ridge_alpha_fixo,30
-0.0003984878857592717,-0.0012562925500052063,-0.0015444754377511372,-0.002334604443090697,-0.002249328220777322,-0.009051792836849825,Ridge_alpha_fixo,30
-0.00017249130806086568,-0.0005998797280810167,-0.0014294577476822513,-0.0036114203142749435,-0.0062260432390628785,-0.019500051896246175,Ridge_alpha_fixo,30
-0.0003172660070535006,-0.0006234933952245813,-0.001237777429016915,-0.0037845045703150974,-0.005681737274842983,-0.017013070712543318,Ridge_alpha_fixo,30
-2.1715460686649752e-05,-2.4682167530715234e-05,-0.0001483675484945232,-0.00033266692840137603,-0.0015079544023810702,-0.0073505013997734354,Ridge_alpha_fixo,30
0.00018990326390132834,0.0008507520929478991,0.0008153214593227094,-0.0011103516961865321,-0.0025209630201524884,-0.0064415291185851995,Ridge_alpha_fixo,30
-0.00027124444044688114,-0.0013177082882080387,-0.002905370401349506,-0.006080232524818639,-0.00761693991057918,-0.015964303123249195,Ridge_alpha_fixo,30
-0.00030045988152613653,-0.0009162458165694499,-0.0019824830245064686,-0.004659391623679508,-0.006854339950355787,-0.01747105645649754,Ridge_alpha_fixo,30
-0.0002152732479303078,-0.0007357904764163888,-0.001511355913902669,-0.0027143848092937898,-0.004302339169894568,-0.015072799496295967,Ridge_alpha_fixo,30
-0.00040596184901594857,-0.0011636101530623415,-0.0020664734918755443,-0.004131091768236802,-0.005649672715307695,-0.013398486759024083,Ridge_alpha_fixo,30
-0.00010490825266524892,-0.0002152364238640161,0.000538359387688332,0.00013178030606846844,-0.0009212220927452553,-0.007981613433975587,Ridge_alpha_fixo,30
-2.3125237281199253e-05,-0.00016692371110778385,4.637604445912361e-05,0.0006245014606662296,0.0001760922037341204,-0.008662780875402851,Ridge_alpha_fixo,30
-0.0006504491432917125,-0.0019409553961123886,-0.0031557239179844407,-0.005686465562695439,-0.008122320923306626,-0.010331688607392319,Ridge_alpha_fixo,30
-0.00012923587606741168,-0.0003496170930318302,-0.0011084596379378987,-0.002420618965112925,-0.004786801165303906,-0.016434660716594805,Ridge_alpha_fixo,30
-0.00012929890651635213,-0.0003074138322208259,-0.00010860599262903766,0.000963881738835073,0.0026516080072048957,0.0013387050415910933,Ridge_alpha_fixo,30
-0.0004521029658220432,-0.0018395559308552532,-0.003445980048234862,-0.00592829029372611,-0.008088448731030495,-0.01179424569318487,Ridge_alpha_fixo,30
-0.00021020189678494475,-0.0007999892194730972,-0.001784322344983695,-0.0046703875351750065,-0.007252104042205172,-0.016333636144580135,Ridge_alpha_fixo,30
-0.00026261140930056257,-0.0015757855695141113,-0.003740922820339915,-0.008290983515658894,-0.013531831478400053,-0.023637639698504142,Ridge_alpha_fixo,30
-0.00046249006249494425,-0.002293323173683574,-0.004395047948278012,-0.006944640991670115,-0.007139042403598614,-0.00877395599701206,Ridge_alpha_fixo,30
-0.0002669019854303372,-0.0005397562363279937,-0.0005251585752391565,0.0006777832282746848,0.001975238511078438,0.0009036852218009962,Ridge_alpha_fixo,30
-0.0003969308993821557,-0.000969836214270642,-0.0014818681138089602,-0.0027517836851322004,-0.004183374915576486,-0.0036297666240282015,Ridge_alpha_fixo,30
-0.00032156650403014603,-0.0011305459973537028,-0.0018679355273000116,-0.00434813471174547,-0.005079274544994927,-0.01301378475181285,Ridge_alpha_fixo,30
-0.000325550936098887,-0.0011216107342068415,-0.0014623035103944876,-0.002717534697271422,-0.003343856383246529,-0.010646871079386876,Ridge_alpha_fixo,30
-0.0003246678087362364,-0.0017522223963029493,-0.003429238480990383,-0.008132762001679722,-0.012220960374891504,-0.021310283426972294,Ridge_alpha_fixo,30
-0.0002119479454378514,-0.0011396927192988049,-0.0023490274223004243,-0.0029980936532342482,-0.0026882084130813457,-0.004059528684285892,Ridge_alpha_fixo,30
-0.0006098396721747677,-0.002359864237952632,-0.004449406781503004,-0.008642663605006057,-0.011796744869803798,-0.012784362284810091,Ridge_alpha_fixo,30
-0.0002728861710356678,-0.0014400067790680557,-0.002347235956063286,-0.0035571294551696195,-0.004130562130752978,-0.012280502791425915,Ridge_alpha_fixo,30
-0.0007378108007723184,-0.002569717477129939,-0.0051626469720902545,-0.008736607622027654,-0.011314241415805025,-0.016750555503575376,Ridge_alpha_fixo,30
-0.00010850109800039663,-0.0004548100409835662,-0.0010094923849423654,-0.0027277633803236517,-0.003945353976508622,-0.008913283409708522,Ridge_alpha_fixo,30
-0.0005081236523723315,-0.002095351102290718,-0.0030032327033772907,-0.0034512786686270373,-0.0046866925213539705,-0.01824156645717299,Ridge_alpha_fixo,30
8.131705452013063e-05,-0.000259141821348071,-0.0010185075747404914,-0.0019314405731072318,-0.0017061340821898326,-0.0030316305866637623,Ridge_alpha_fixo,30
-0.00014575502889262746,-0.0009851498583132914,-0.0023900133532318985,-0.005011188658443132,-0.005610093086111522,-0.01631477333688349,Ridge_alpha_fixo,30
-0.000222140349232672,-0.0009187752989924776,-0.0013223954180719372,-0.0023141014422711267,-0.00214460757293736,-0.006652502531273016,Ridge_alpha_fixo,30
-0.0002217492529721545,-0.0010915556765444057,-0.002037240813283924,-0.003999080757675113,-0.00471775208741693,-0.011514635213340672,Ridge_alpha_fixo,30
-0.000251403194753917,-0.0007416875459980198,-0.0006056334044849357,-0.0004901889186357222,0.00028571292376174064,-0.002666548513498269,Ridge_alpha_fixo,30
-0.00035804306513714226,-0.0012693822051139778,-0.0029487346287665065,-0.0067998038041665945,-0.007234178989919147,-0.01721826243037737,Ridge_alpha_fixo,30
-0.00017352676431441345,-0.0009154103213428645,-0.0016617162729844577,-0.0025328301276463577,-0.003733296216912938,-0.014344394693733414,Ridge_alpha_fixo,30
-0.00048402362798885497,-0.002039013606780958,-0.0036387432411059966,-0.006989953364087014,-0.00900029152830331,-0.01287964091532107,Ridge_alpha_fixo,30
-0.00042820419192303124,-0.0022304141531645323,-0.003806019964190467,-0.007000945660422607,-0.008458520501469604,-0.009667014426916386,Ridge_alpha_fixo,30
-0.0003341740049928132,-0.0011883666919904569,-0.001630880988978805,-0.0033610075965052636,-0.004090393642011938,-0.014445955947667849,Ridge_alpha_fixo,30
-0.0004438926964556433,-0.0010215745519560233,-0.0017260745827072871,-0.003984220546226897,-0.006185697881149039,-0.018439640360087616,Ridge_alpha_fixo,30
-0.0002872786892510757,-0.0010289928362279524,-0.0012504350374157027,-0.0014506514851976673,-0.0031382954791200667,-0.013939441472072515,Ridge_alpha_fixo,30
-0.0003611210651414333,-0.0013018632457593782,-0.002794615292882793,-0.005567294420555044,-0.008487086328801074,-0.01985416128114202,Ridge_alpha_fixo,30
-0.00017154228244313353,-0.0006216298664163086,-0.0009877220882925524,-0.0023216149325584485,-0.00366176570018699,-0.0047941892949771156,Ridge_alpha_fixo,30
-0.0005305039196190965,-0.0019502893531094512,-0.003570221834293225,-0.0062739297550756775,-0.00785309009341457,-0.014992260851932438,Ridge_alpha_fixo,30
-0.0005446584830681071,-0.0018192753164724409,-0.003059549436967478,-0.005383452463908374,-0.006066651375306743,-0.013622900981520783,Ridge_alpha_fixo,30
-0.0006418199439755783,-0.0027582826242341604,-0.004702732122222164,-0.007968657221380843,-0.01107643605196397,-0.019547359470035105,Ridge_alpha_fixo,30
-0.0007132332739481813,-0.002117137473702798,-0.00419229621707831,-0.0066858164380099285,-0.008039803091111597,-0.009180823444277137,Ridge_alpha_fixo,30
-0.00014509712547261029,-0.000722844557492467,-0.0011698778892240145,-0.0023211339200465255,-0.004019899573964789,-0.008982055151098619,Ridge_alpha_fixo,30
-0.0002990135441875754,-0.0005799060163819142,-0.00076499555763456,-0.002078714820123498,-0.003341872614040853,-0.008912188986454362,Ridge_alpha_fixo,30
-0.0005116104105301739,-0.0013670078030381873,-0.0021958899450314918,-0.004611151377765167,-0.006413850869884742,-0.010710837579300518,Ridge_alpha_fixo,30
-0.00024040952612233295,-0.0005296812561106574,-0.0006997536309028112,-0.002277691086493082,-0.00447507953519303,-0.013307548170092182,Ridge_alpha_fixo,30
-0.00020515624204253308,-0.0003726760854026267,-0.0002709765873457858,0.0001591350755933351,0.0005826237326824326,-0.005383933687720245,Ridge_alpha_fixo,30
-0.0003350606582999326,-0.001226253994242557,-0.0022133972867050856,-0.0034810683630777583,-0.003954253956600589,-0.0037741922456336406,Ridge_alpha_fixo,30
-0.000411879052674837,-0.001190799454529162,-0.0026688697541706603,-0.005928321649087597,-0.008339830194376134,-0.01548915142163157,Ridge_alpha_fixo,30
-0.000349094567707538,-0.001318507746617729,-0.0020116854872745536,-0.0036596880952105303,-0.00489560963545078,-0.015101997964020819,Ridge_alpha_fixo,30
-0.0005533681592422699,-0.0020810260943053874,-0.003257008728134014,-0.005345482240450666,-0.005978408197849438,-0.008012624823633827,Ridge_alpha_fixo,30
-0.0005976862279646819,-0.0022508036185955906,-0.004234280296832732,-0.007277399897702854,-0.008756103732493054,-0.0199200381288479,Ridge_alpha_fixo,30
-0.00038950218518764187,-0.0015303384003952428,-0.002006565501836805,-0.003110722939633356,-0.004727330188156243,-0.010537744708956206,Ridge_alpha_fixo,30
-0.00033573722712793355,-0.001460555741754379,-0.0028226888484826577,-0.005086698864586903,-0.0074514377013497664,-0.0196804485574422,Ridge_alpha_fixo,30
-0.0005751567985539875,-0.0013795259803194078,-0.002535778857120071,-0.004111830656024012,-0.005010925183579688,-0.011122204791273195,Ridge_alpha_fixo,30
-0.0005534901952924468,-0.0015402043294729486,-0.001766317183842504,-0.0033887741630607643,-0.004339985878928242,-0.008026121504112322,Ridge_alpha_fixo,30
-0.0002582373287943784,-0.001545109105871679,-0.003345812289216134,-0.006053288185759405,-0.010428956732089404,-0.020512879359463908,Ridge_alpha_fixo,30
-0.00034664716103695705,-0.0012721447173525404,-0.0025940503631839825,-0.0058099416619701956,-0.007976670604808084,-0.018287488436607845,Ridge_alpha_fixo,30
-0.0005045737695547313,-0.002496720069239051,-0.004542607028839666,-0.009553883539854776,-0.013817128152459427,-0.025681014595662917,Ridge_alpha_fixo,30
-0.0003239708113759338,-0.0017151320626652663,-0.002938284466497501,-0.006046711835556453,-0.011187594582337805,-0.0181301380544148,Ridge_alpha_fixo,30
-0.0002620215184745932,-0.0007265095112365097,-0.0007596796618270837,0.00016379741369258724,0.00038090126687037324,-0.007971148246376673,Ridge_alpha_fixo,30
-0.0004457862059994095,-0.002041402984928821,-0.0038560980044390855,-0.006311990067749438,-0.008275936708908305,-0.009689624950745265,Ridge_alpha_fixo,30
-0.00036404210167067006,-0.0006853994491262995,-0.0006856874202952897,-0.0008564104115803655,-0.0006214393194453649,-0.008618564992523815,Ridge_alpha_fixo,30
-0.00014188450694123915,-0.0008275124218797055,-0.0016458112780058146,-0.0026346763361547857,-0.004495278248638006,-0.011570763841140447,Ridge_alpha_fixo,30
-0.0001300431063878979,-0.0007148309057281726,-0.00048609373476786737,-0.00019671010357208418,0.001175890093900478,-0.003508425830498931,Ridge_alpha_fixo,30
-0.00023152971772550418,-0.0010564023339713043,-0.0016941984648587661,-0.0030427736759919962,-0.0022124790647462343,-0.0038902347666108536,Ridge_alpha_fixo,30
-0.000434921661856395,-0.0013955934543664248,-0.002906527980048404,-0.005873872611722576,-0.006388545263853696,-0.014735115755606739,Ridge_alpha_fixo,30
-0.00010268970816301725,-0.00022692805898358572,-5.005773024488679e-06,-0.0007836379452726541,-0.0018737897138851377,-0.012197847053735507,Ridge_alpha_fixo,30
-0.0002199957368178773,-0.0007970170683087844,-0.0011368096891092676,-0.0028291512265984984,-0.00454715696970843,-0.02163123303200855,Ridge_alpha_fixo,30
-0.0005131630380228525,-0.002272162896056073,-0.004491247300072379,-0.007646798522292309,-0.010062702013741496,-0.026163797581029036,Ridge_alpha_fixo,30
-3.533072832214234e-05,0.000497319213313798,0.0017153641356933505,0.004500371317569572,0.006025163283112924,-0.001974507471262074,Ridge_alpha_fixo,30
-0.0001936485145951784,-0.0006340449739625865,-0.0011205083604909165,-0.0025208886392115893,-0.0053682577291984425,-0.017487198753569952,Ridge_alpha_fixo,30
-0.0005688809453293553,-0.0022812216480159494,-0.004033439644478113,-0.006763914354595487,-0.009426155955686391,-0.015228224944032257,Ridge_alpha_fixo,30
-0.00011984282240946702,-0.00015440057867206102,-0.0004419419064406328,-0.0005302558622050922,-0.003287028949581566,-0.018177055416066037,Ridge_alpha_fixo,30
-0.0003389975350972532,-0.0008165978684134134,-0.0007352998904668879,0.0007742059850778012,0.0023589486231478263,-0.0030303766157236444,Ridge_alpha_fixo,30
-0.0006265131801346978,-0.001456758653986966,-0.0017948003265976867,-0.0020857321297294926,-0.001487192903247505,-0.008056182106896504,Ridge_alpha_fixo,30
-0.0001915036638601167,-0.0005919521113388444,-0.0008235295535865993,-0.0010833040217401338,-0.002265290915382526,-0.005055434049108243,Ridge_alpha_fixo,30
-0.00014519382279325652,-0.0007913456926332842,-0.0010877640409487426,-0.00018634736936941373,-0.0012003741109766083,-0.01577201116346833,Ridge_alpha_fixo,30
-0.00022911000058718975,-0.0007719760181924239,-0.000774034684320109,-0.00198336779431693,-0.0022778783528117626,-0.008856724447247874,Ridge_alpha_fixo,30
-0.00045966475844496995,-0.0015022632008020497,-0.0027019639582220147,-0.0036255130514751435,-0.003290393222325193,-0.0029271498311753334,Ridge_alpha_fixo,30
2.552609665623591e-05,0.000344695553057716,-3.1058564822956276e-05,-0.001841911110405221,-0.0034948890245961456,-0.00749848933380742,Ridge_alpha_fixo,30
-0.00018191409235573808,-0.000365556922176229,-0.00047819617501215875,-0.0008937320650443209,-0.0006410407009539514,-0.006447805966163077,Ridge_alpha_fixo,30
-0.0005090798961351739,-0.001340707720569895,-0.0026161650968911086,-0.004118462644365989,-0.005017704086544946,-0.009494689033848992,Ridge_alpha_fixo,30
-0.00022020066704845674,-0.0005728420354075349,-0.000429916181107778,8.754729164796279e-05,0.0004667554944553825,-0.0041682034311690845,Ridge_alpha_fixo,30
-0.0005082128183087583,-0.0022926273809062356,-0.003959091580560711,-0.007710226309895801,-0.00803964231298656,-0.01714122737438455,Ridge_alpha_fixo,30
-0.00011522896995958298,-0.0005792017406423572,-0.0011351351741750516,-0.0018062583421655453,-0.002382011793973551,-0.011503643313889247,Ridge_alpha_fixo,30
-0.00039811899680502,-0.0008153380597659053,-0.0021775367539738043,-0.004923017781219863,-0.007862217314748234,-0.016254079160448562,Ridge_alpha_fixo,30
-0.0005494132352953688,-0.0017572702696199358,-0.003425595867013418,-0.007773806886749089,-0.010368826056392104,-0.014382027774464248,Ridge_alpha_fixo,30
-0.00017435911648681687,-0.0003438596621314657,-0.0007350327130197322,-0.0022714030181549792,-0.004748866941190322,-0.011937607299383571,Ridge_alpha_fixo,30
-0.00026643373921581855,-0.0006508666319001645,-0.0018185474802935992,-0.006044545817332561,-0.01076329315977241,-0.021586244239316658,Ridge_alpha_fixo,30
-0.00013549870388629458,-0.00013394194808425013,-0.0009245172154287399,-0.0029287643703503567,-0.0019246775984886361,-0.004456385409733955,Ridge_alpha_fixo,30
-0.00028246249428627595,-0.0013900614907577866,-0.003331032617122096,-0.006278546569127776,-0.0077594321146515965,-0.01160913358390072,Ridge_alpha_fixo,30
-0.0002619791802639401,-0.0008099558339327401,-0.0011528698634465458,-0.002479658631622928,-0.0037500659769388774,-0.010585964134441912,Ridge_alpha_fixo,30
-0.00011863799275316083,-0.00038602626138441545,-0.00029477927713762394,0.00021644931344706457,-0.0003369992899801973,-0.010802165943128064,Ridge_alpha_fixo,30
-0.00029536490824415854,-0.0013166419592825595,-0.0023763039328324096,-0.00413224800475947,-0.004827344908268469,-0.008519163427044674,Ridge_alpha_fixo,30
-0.0002979688261788315,-0.0013131213189938999,-0.0025898093141771025,-0.005821935904147816,-0.00908750841197424,-0.01993672582831181,Ridge_alpha_fixo,30
-0.0003304869011976228,-0.0017084563363413913,-0.003214551667084182,-0.006253637302706821,-0.007960439765071124,-0.01842481148826136,Ridge_alpha_fixo,30
-0.0002601513409248306,-0.0008043923573076116,-0.0012285347263526602,-0.0029401949445982656,-0.005706427513328788,-0.01584517853412928,Ridge_alpha_fixo,30
-0.0004961647747447022,-0.000989295158214584,-0.0028012577981231246,-0.006815604728532521,-0.009420193955165548,-0.020208121638036692,Ridge_alpha_fixo,30
-0.0003881230944765659,-0.0016590642385015215,-0.0026478426184010145,-0.00512303240338385,-0.007480111122969635,-0.017079718334350975,Ridge_alpha_fixo,30
-0.00019728908659924754,-0.0009947153042040892,-0.00217977268877261,-0.004327785507772787,-0.006746397283094572,-0.00756265337098926,Ridge_alpha_fixo,30
-0.00040299095659518006,-0.0007416922083333717,-0.0009358303494890982,-0.0012597224094529364,-0.001513133834563641,-0.007853791220136415,Ridge_alpha_fixo,30
-0.00010786981006523907,-0.0013228826531027197,-0.0036716077053758228,-0.00954915174821582,-0.013453251970768668,-0.016436519873234127,Ridge_alpha_fixo,30
-0.0004044495943088802,-0.0018407249464944672,-0.0037327328644353097,-0.0067719031534483045,-0.00915803712446212,-0.019105519864423964,Ridge_alpha_fixo,30
-0.00014427468738607653,-7.59247237279935e-05,0.0002660336219497962,-0.0012669725395465104,-0.004681234646208239,-0.01762306354136023,Ridge_alpha_fixo,30
-0.0003123262117134077,-0.0007692947753872184,-0.0016651583450221401,-0.0028122340827669385,-0.004963554359990837,-0.012369035961585964,Ridge_alpha_fixo,30
-0.00021925471366275327,-0.0010075018566852996,-0.0017947364873460657,-0.0020990662451283028,-0.000834637496448279,-0.0018705808604448895,Ridge_alpha_fixo,30
-0.0002754153927332023,-0.000879615604890667,-0.0021133810427558983,-0.003715882065650416,-0.004861686081787289,-0.01177334091473188,Ridge_alpha_fixo,30
-0.00032321143261441874,-0.0013533936716754597,-0.0028622818874873227,-0.00473292483415957,-0.005852634686799446,-0.01534287684331546,Ridge_alpha_fixo,30
-0.0003213713005584181,-0.0010436228982333663,-0.0013498582686145367,-0.0019258573659568141,-0.004620367462900355,-0.012911670917787572,Ridge_alpha_fixo,30
-0.0002955517279625811,-0.0008255201970177715,-0.0015731916164795168,-0.003464187358684022,-0.004018792829775582,-0.003955133166448579,Ridge_alpha_fixo,30
-0.0005990864862271283,-0.0019002507693145012,-0.0032681242301860042,-0.005440760918773401,-0.006291593493691928,-0.011535428986047936,Ridge_alpha_fixo,30
-0.0004170058837430811,-0.0011722161182207195,-0.0027627844729653803,-0.005788180516431189,-0.007062424767193143,-0.013187773097364634,Ridge_alpha_fixo,30
-0.0006667832126065691,-0.0021021964902355455,-0.004232988450527307,-0.007959311505505747,-0.010465617219706931,-0.015254461224904039,Ridge_alpha_fixo,30
-0.0003179897616605232,-0.001045848701358171,-0.0014675671433796297,-0.002381366253837304,-0.0031175522498479926,-0.01446672190902834,Ridge_alpha_fixo,30
-0.0002188371193187541,-0.0008789306526574899,-0.00198710104811409,-0.004809615860120341,-0.007361742405131801,-0.023166919600363368,Ridge_alpha_fixo,30
-0.0004738093397015038,-0.0016722608805475345,-0.003944098325451713,-0.008969556377581183,-0.010549460269886535,-0.01855183924042091,Ridge_alpha_fixo,30
-0.0002883491226413848,-0.0011399010290673334,-0.0012282927891217894,-0.0012772798228661466,-0.0009305218338905376,-0.0052022448114287505,Ridge_alpha_fixo,30
-0.00046412706166158594,-0.0018075109385633987,-0.0029271784646180484,-0.004624856875595614,-0.005636395825982046,-0.011741194560268531,Ridge_alpha_fixo,30
-0.0005881210127417245,-0.0024084058789935626,-0.0044524095514028505,-0.006083800595339948,-0.0054051783888830725,-0.008094128567518746,Ridge_alpha_fixo,30
-0.00042089080372182704,-0.0014973456785801497,-0.0025037221712859207,-0.004741306773078642,-0.006347364567815216,-0.01097961018633061,Ridge_alpha_fixo,30
-0.00016861047033808938,-0.0003440407523749066,-0.0005478456752200884,-0.0023099197753295338,-0.00615257434862608,-0.01734505958544424,Ridge_alpha_fixo,30
-0.00017486540809187826,-0.0004216743064780999,-0.00046307532726628164,-0.00011280808017249212,0.0014924703719734185,-0.0046815360039410775,Ridge_alpha_fixo,30
-0.00024397542086014131,-0.0016284117806663456,-0.002638869675139276,-0.003972774245386079,-0.007093683026861489,-0.022145700107735502,Ridge_alpha_fixo,30
-0.00022655929420454903,-0.0008594825809473138,-0.001720014501999576,-0.0027932294178617746,-0.003980253105178236,-0.007739897690524025,Ridge_alpha_fixo,30
-0.00040145211372645735,-0.0012430305050603946,-0.0020397550505826764,-0.0032403316210585687,-0.004727160614586749,-0.011912064293818286,Ridge_alpha_fixo,30
-0.00015826837843213213,-0.000990005493277673,-0.002060799811207454,-0.0034196984978299453,-0.0058723990765280005,-0.02195934106021163,Ridge_alpha_fixo,30
-0.0002552054228297051,-0.00062374571192614,-0.0004408926275703605,-0.0008541063517521364,-0.0014716479172383584,-0.011368915803380663,Ridge_alpha_fixo,30
-0.0004210711110058976,-0.0013985993189107853,-0.0020285531826333488,-0.003874406964831661,-0.005041576070841514,-0.003592337486691927,Ridge_alpha_fixo,30
-0.0002166179073261715,-0.0008131501646400273,-0.0019232694463146962,-0.004624576572921856,-0.006824692181166082,-0.012185284594845532,Ridge_alpha_fixo,30
-0.00047979928600631194,-0.0011367164257462255,-0.0023004756466304135,-0.005613348860439988,-0.006851580399383509,-0.01029454289582088,Ridge_alpha_fixo,30
-0.0003745906497956984,-0.0017501843858121946,-0.0032510906436167045,-0.008711876360805993,-0.013262241684659183,-0.02257389211980119,Ridge_alpha_fixo,30
-0.00027564135467986184,-0.0010666350552603328,-0.0014574717791041702,-0.002887578616803764,-0.004483601462428196,-0.006422887320932439,Ridge_alpha_fixo,30
-0.00018084977540857772,-0.001132615294919014,-0.001894090143932555,-0.002719078667847045,-0.002978899194159186,-0.0006435821670846127,Ridge_alpha_fixo,30
-0.0001386032668989894,-0.000710145625612994,-0.0009101394008360105,-0.0012939077340888613,-0.0033045412953701865,-0.012080138077796192,Ridge_alpha_fixo,30
-0.0004267987438808009,-0.0012278944817368865,-0.00230460847221089,-0.004629081721190562,-0.006355230138309429,-0.013507659784716049,Ridge_alpha_fixo,30
-0.00038473597111331745,-0.0009285157069606968,-0.002069401036920927,-0.00431612562835848,-0.006514141114173281,-0.018992547057196368,Ridge_alpha_fixo,30
-0.0002507982299333458,-0.0007824910686851864,-0.0007746809844546021,-0.0003253245834868844,-0.0011969376785536025,-0.007573992555066224,Ridge_alpha_fixo,30
-0.0004006536955486487,-0.0006930334265419544,-0.0006738477695727023,-0.001255231000521809,-0.0010051248133871897,-0.0036388054492109056,Ridge_alpha_fixo,30
-0.00021688920416885964,4.088978228366318e-06,0.0007724058745434691,0.0020236724596034133,0.002004713247833506,-0.00448101799811199,Ridge_alpha_fixo,30
-0.0001965138573611187,-0.0003994315937600269,-0.0008770131842439207,-0.003065473645100835,-0.006209584693373682,-0.01603983936723317,Ridge_alpha_fixo,30
-0.0004279170306276485,-0.0018347162372518407,-0.002896392662070363,-0.004732384681360725,-0.005364159627559317,-0.010913651853141132,Ridge_alpha_fixo,30
-0.00031876809815280276,-0.0010571957677122366,-0.0018202088983163124,-0.001957406256494333,-0.0022774145228096885,-0.0069081622813655175,Ridge_alpha_fixo,30
-0.00023310813968161186,-0.0011669675600757528,-0.002440989007988241,-0.004817018733998144,-0.007882741841421226,-0.010550281033977767,Ridge_alpha_fixo,30
-0.00043746152359906064,-0.0010786846145461684,-0.001421758635390511,-0.0016739843308061538,-0.004089989782378997,-0.009110898267197756,Ridge_alpha_fixo,30
-0.000507421868143527,-0.0020397067528407117,-0.003954095115379113,-0.010292776031678802,-0.01500694765677235,-0.024223067833917474,Ridge_alpha_fixo,30
-0.0006370529582026371,-0.0021295117923285263,-0.0036128255543766306,-0.006963663575215659,-0.009310789110267982,-0.01441026343425214,Ridge_alpha_fixo,30
-0.00030144324971306916,-0.0007009592696157445,-0.001223068313138828,-0.001959715999136411,-0.003268762419178709,-0.018719328150859606,Ridge_alpha_fixo,30
-0.00046746022116654287,-0.0011463824967760776,-0.0017458081488344042,-0.003424290925620309,-0.0024170715434918845,-0.000998941012110584,Ridge_alpha_fixo,30
-0.000319548375891902,-0.0006178189927296177,-0.0012016588967160018,-0.002550892609408893,-0.004162011425422564,-0.009672570010485267,Ridge_alpha_fixo,30
-0.0006816219646126113,-0.0024233087430578473,-0.0038262636104384453,-0.00583520212756293,-0.0065421135500857265,-0.014351209467097347,Ridge_alpha_fixo,30
-0.0005497622418766573,-0.0012126335696645417,-0.0027076493627895756,-0.005262571611442458,-0.007087191612760613,-0.016510893379953134,Ridge_alpha_fixo,30
-0.000779752314160938,-0.0022747964959064196,-0.003818478975603149,-0.007512969862331687,-0.00943669388531599,-0.021575230570064236,Ridge_alpha_fixo,30
-0.00023945760413908286,-0.0009408950889417662,-0.001852226545088983,-0.0032649733987228933,-0.004305511723615056,-0.008795887255671663,Ridge_alpha_fixo,30
-0.00021378111566663699,-0.0010085518407295575,-0.002380552529044775,-0.00483291506426928,-0.0065833645228746554,-0.013601922135822682,Ridge_alpha_fixo,30
-0.00040487923285483396,-0.0016862558544201401,-0.002242127769306595,-0.0031360722458076648,-0.003531927296973451,-0.011515497731095376,Ridge_alpha_fixo,30
-0.0004621466191875169,-0.0009215716824346741,-0.0007776625736667493,-0.003031489790534297,-0.006980573180832548,-0.01699405763738231,Ridge_alpha_fixo,30
-0.00012716013155582206,-0.0007117894341591624,-0.001367428704893463,-0.0029390353799667195,-0.005553871406688264,-0.012034350077686152,Ridge_alpha_fixo,30
-0.00022977110404322646,-0.000705305867202862,-0.0011360663030517686,-0.002142785966647643,-0.00340707377998678,-0.010469611295448348,Ridge_alpha_fixo,30
-0.0002600768434015721,-0.0004425428730114126,0.0002957687330489899,0.002181679167509553,0.003739559448246978,0.0019924482483777493,Ridge_alpha_fixo,30
-0.0005340114303600916,-0.0019908270115926263,-0.003398193740899262,-0.006005589911675565,-0.008453389612641846,-0.010226966741653173,Ridge_alpha_fixo,30
-0.00019999927113955178,-0.0009173720232309175,-0.0013974607788996831,-0.003516116997883505,-0.005328288109467205,-0.011949508073066951,Ridge_alpha_fixo,30
-0.0003980028411854193,-0.0017770996614557381,-0.003380522721215885,-0.007915133901576518,-0.010958008223431199,-0.02247962936934455,Ridge_alpha_fixo,30
-0.00022589398497704875,-0.0005939064735766292,-0.00016671217309795403,-0.0006957275907417322,-0.001918227762212675,-0.010603703794702884,Ridge_alpha_fixo,30
-0.00023932136083460053,-0.0006769741226931296,-0.0009088123843497551,-0.000635810977128239,-0.0023427521369706623,-0.00871613310194473,Ridge_alpha_fixo,30
-0.0002992709815097645,-0.001431287349954524,-0.0022921553993484507,-0.004623044950281989,-0.008087788367547382,-0.030098362352258393,Ridge_alpha_fixo,30
-0.00022031394652774765,-0.0006299466817170357,-0.0019697307572143167,-0.006472960549425603,-0.011132154757653993,-0.020192447073378094,Ridge_alpha_fixo,30
-0.0006141951770387199,-0.0016337001993422767,-0.0029095054739738868,-0.004609312890378765,-0.005184748062842527,-0.007517899126549679,Ridge_alpha_fixo,30
-0.00027461089363216404,-0.0009113435329349935,-0.000788079350191527,0.00019092070889618245,0.0020690017332498944,0.002448250306260895,Ridge_alpha_fixo,30
-0.00021142270187756554,-0.001089365664797904,-0.002663753932646644,-0.0062517643337683315,-0.009138397307586634,-0.019938658097871285,Ridge_alpha_fixo,30
-0.0005423799977150752,-0.0017832545114388587,-0.002576510706523772,-0.0038544775282306023,-0.004655436813803758,-0.004033699078572642,Ridge_alpha_fixo,30
-0.0004846636489394303,-0.0025947012765107818,-0.0056640102711018,-0.012532669790271914,-0.019618171672373924,-0.029849139134693753,Ridge_alpha_fixo,30
-0.00029544986699827497,-0.0014350155231446294,-0.00191177894391002,-0.0025411916957210883,-0.0033875972465078675,-0.01073597283243556,Ridge_alpha_fixo,30
-0.0006643212874457293,-0.0031694314789249296,-0.005019073842436696,-0.005569935997654468,-0.005210404165273743,-0.008976617282554016,Ridge_alpha_fixo,30
-0.00022437320054468154,-0.0007847011413845306,-0.001998496755238744,-0.005170177885416549,-0.006258313047678487,-0.012466621099546738,Ridge_alpha_fixo,30
-0.0003396427706069051,-0.0016771556610381691,-0.003774050465666845,-0.00798272592285758,-0.012233935769560207,-0.018945589086966228,Ridge_alpha_fixo,30
-0.000363291359439935,-0.0010503650672526496,-0.0017044749561016793,-0.003196948136518746,-0.005756190317691818,-0.018845864420777254,Ridge_alpha_fixo,30
-0.0003211387808526076,-0.0014305420918795722,-0.0023952415376203673,-0.0043445287205879785,-0.007041442593445091,-0.016563250195177397,Ridge_alpha_fixo,30
-0.0003554462512036684,-0.0009815438546642782,-0.0015685841810094128,-0.00308876780642025,-0.004232966636600375,-0.007592200963769287,Ridge_alpha_fixo,30
-0.0006003617274118287,-0.0009851286894233683,-0.0009815762458162153,-0.0022843363911540814,-0.0034295654695498555,-0.009782999669836409,Ridge_alpha_fixo,30
-0.00014153966686806854,-0.0004145775317103956,0.00014440324064040298,0.0019818764090155823,0.004248108405790591,0.0009609087296959267,Ridge_alpha_fixo,30
-0.00032387192283481246,-0.0010719967252328711,-0.001501069500088448,-0.0028562922542444366,-0.004714557336318057,-0.014986480542721848,Ridge_alpha_fixo,30
-0.0002636271204605256,-0.0007785219110969483,-0.0012886387985059573,-0.0038724696511452605,-0.006339979860751767,-0.013311106427840367,Ridge_alpha_fixo,30
-0.0005324690985273366,-0.0019064903277980583,-0.003513896637063803,-0.0079593328765437,-0.011012507852119251,-0.015332134461886122,Ridge_alpha_fixo,30
-0.0003263906647634288,-0.0011430040651142271,-0.0019240069096606329,-0.0026182573839403146,-0.002560024371766211,-0.0037592507661447475,Ridge_alpha_fixo,30
-0.0003285062379248634,-0.00127950574724913,-0.001659514428807541,-0.002448296476491542,-0.0021131335743410657,-0.0037195584201436633,Ridge_alpha_fixo,30
-4.983084075755758e-05,-0.0002736743244740364,-0.001392423996711976,-0.005520698144818706,-0.009463282234958643,-0.020861536633418575,Ridge_alpha_fixo,30
-0.0006242156315924345,-0.002164021385256668,-0.004380105665443464,-0.008205704139088651,-0.0118118503847391,-0.015366004778416847,Ridge_alpha_fixo,30
-0.00042576142702016747,-0.001806728376748622,-0.0031237754494721054,-0.005839839137153899,-0.007974187916294966,-0.012386085363250093,Ridge_alpha_fixo,30
-0.0004482638191983125,-0.0011321169507807676,-0.0012975251001638263,-0.0006102164055889702,-0.0007726404033463333,-0.00625566107724445,Ridge_alpha_fixo,30
-0.00048029526537051375,-0.0018321275158055428,-0.0034330093932205133,-0.005963522560465552,-0.006950500758792231,-0.005084289057039055,Ridge_alpha_fixo,30
-0.0003967296856385943,-0.0012272698325459205,-0.0016234792702645917,-0.0021857650933447973,-0.002582392696109879,-0.009677897462016685,Ridge_alpha_fixo,30
-0.0005578994621047264,-0.0019197590446607604,-0.003125423136640368,-0.0059206231312639,-0.008453356718796767,-0.020997643810630365,Ridge_alpha_fixo,30
-0.0006100012942415398,-0.001630843988479251,-0.0015384623183913179,-0.0024142154192669405,-0.003789957573359809,-0.011518005320739369,Ridge_alpha_fixo,30
-0.00037493102561781793,-0.001201145295822575,-0.0016499255723655358,-0.001978682172173917,-0.0020769064305878313,-0.004328199546994899,Ridge_alpha_fixo,30
5.257857666296808e-05,2.9437441832401862e-05,-0.0004950369173030779,-0.002239555350529687,-0.004717824078245889,-0.021784695693279878,Ridge_alpha_fixo,30
-0.0002839973791648401,-0.0005179807343374802,-0.0011999312039819218,-0.003425183283196181,-0.006011528276332844,-0.02225611601056896,Ridge_alpha_fixo,30
-0.0004253231749771111,-0.0017113313179508726,-0.0027263582208913325,-0.005060136260915174,-0.007122465476664769,-0.010622151589430319,Ridge_alpha_fixo,30
-0.0002082990047188771,0.00031915172626892087,0.0005136159889496132,0.00024070832865103254,-0.0025720450171943985,-0.010956136689621204,Ridge_alpha_fixo,30
-0.0001395203022119992,-0.0006665160510113277,-0.001068863604196576,-0.002229575145079521,-0.002820133193222107,-0.016294104968366224,Ridge_alpha_fixo,30
-0.0002687010146163173,-0.0009520722842667897,-0.001766920189175379,-0.003948125218160896,-0.006001536369512837,-0.013220942458742184,Ridge_alpha_fixo,30
-0.00020284520422694208,-0.00024288133217356962,-0.00020761001665915195,-0.0019412883285512734,-0.0036479300148861645,-0.013493731126418579,Ridge_alpha_fixo,30
-0.00023527922393088194,-0.0007950826476167324,-0.0008649659704557575,0.00023610450344558996,0.00011546433855484359,-0.0026103786741328476,Ridge_alpha_fixo,30
-0.0003876105769131952,-0.0012182081660547187,-0.0017130658952189237,-0.0025492221667425857,-0.0036996731130918346,-0.015534155492754354,Ridge_alpha_fixo,30
-0.0006331427450695716,-0.0020180214913312184,-0.002059647865338923,-0.00011937431967745883,-0.0001421457671735042,-0.008304719189991223,Ridge_alpha_fixo,30
-0.00027929792261308344,-0.0007195915283307455,-0.0009671800353370398,-0.0034599285968854314,-0.005628305437794502,-0.013157590562115167,Ridge_alpha_fixo,30
-0.000314902104607763,-0.001499427234115143,-0.002408118022678461,-0.004911133064548428,-0.006243182987265345,-0.01699800668858805,Ridge_alpha_fixo,30
-0.0004193335478172062,-0.001445449578664104,-0.0021446638782631677,-0.004435253663900121,-0.006090525463008042,-0.015797043171531903,Ridge_alpha_fixo,30
-0.00039896467533302493,-0.0016932447857928802,-0.0037264896020305603,-0.006689905484655834,-0.010241056506325289,-0.016636910348894873,Ridge_alpha_fixo,30
-0.0005070382353656694,-0.0020916572198718636,-0.0026571084993370596,-0.004219708289072129,-0.005155272218354589,-0.009184816852571581,Ridge_alpha_fixo,30
-0.00022022465410668343,-0.0008768130195093172,-0.0012502913181241322,-0.0022822900472725446,-0.0012405959617995859,-0.008820923243193123,Ridge_alpha_fixo,30
-7.237897637063544e-05,0.0001340592105591528,-0.0008282389362355316,-0.003410977444250392,-0.004805047924685024,-0.012099519669489711,Ridge_alpha_fixo,30
-0.0001798582387236068,0.00013431335854450181,-0.0006624781572494978,-0.003183890240916307,-0.005146222598963436,-0.01198998150189811,Ridge_alpha_fixo,30
-0.00033807631309986156,-0.0013522113269412099,-0.0026402221634426568,-0.004474913517027334,-0.005713585488793892,-0.010391890616364042,Ridge_alpha_fixo,30
-0.000276459395702102,-0.0013604289260019564,-0.0019560586611881876,-0.0032400048942837095,-0.0035642776854236413,-0.00545548129797673,Ridge_alpha_fixo,30
-0.0004767564292504234,-0.0013996776204548281,-0.0022188006636946985,-0.003978002020755482,-0.004287071717299606,-0.0028171538770360672,Ridge_alpha_fixo,30
-0.00023372534553845378,-0.001196303027253122,-0.0018713320519368102,-0.002650219147879489,-0.0024330582806339827,-0.0005964942552678289,Ridge_alpha_fixo,30
-0.00044082858514331557,-0.0010205086182720443,-0.0012006003129850524,-0.001608915487928272,0.0006532398725806114,-0.006665689380147024,Ridge_alpha_fixo,30
-0.00019332345127509603,-0.0006582862447623768,-0.0012362472167758711,-0.002346931626315938,-0.0010378000920495214,-0.01106086386145206,Ridge_alpha_fixo,30
-0.00043563991439462906,-0.0016690232641532,-0.003538107797805793,-0.004869684855400556,-0.00499697161333355,-0.004612990957270107,Ridge_alpha_fixo,30
-0.00029823975949626693,-0.0014583316114361582,-0.0024544547498803397,-0.002904168309201175,-0.005089835662017115,-0.012175427938657033,Ridge_alpha_fixo,30
-0.0002851789633073097,-0.0005072239008762961,-0.0010328988519482949,-0.002687449794320969,-0.0030321898082202262,-0.01069879401339997,Ridge_alpha_fixo,30
-0.00023049906953703626,-0.0008007754155389492,-0.0011854847719730238,-0.0016984716219164318,-0.0028176903810557003,-0.00994544958878711,Ridge_alpha_fixo,30
-0.00030664486007463983,-0.0009390830584067775,-0.0019773685810542153,-0.004429736727342838,-0.006842224468018895,-0.016202635962810703,Ridge_alpha_fixo,30
-4.296575453899306e-05,-0.0002993949958258455,-0.001773809507610232,-0.0052983772531556795,-0.010087222393048137,-0.025975457551886356,Ridge_alpha_fixo,30
-0.00011774384375941242,-0.0006033471408530635,-0.0006777091924818767,-0.0016943752137706333,-0.0024485236122867775,-0.010576782818955648,Ridge_alpha_fixo,30
-0.0002177148642471231,-0.0007449496414060526,-0.0009869562792191372,-0.0016790269312205162,-0.0025692580475150852,-0.008090109379997466,Ridge_alpha_fixo,30
-0.0003508064578541975,-0.0015935354469657078,-0.0031532897138565265,-0.005649777929163791,-0.0071896585902049125,-0.014696520623457266,Ridge_alpha_fixo,30
-8.270682356486271e-05,-7.084834821180791e-05,0.0005322747285606984,0.0010253204818076907,0.0012733185790644976,-0.010645132493974188,Ridge_alpha_fixo,30
-0.00011259043150866576,-0.0004875147780590092,-0.0005596859027432247,-0.00040867829654453046,-0.000576433681575783,-0.0057625225394276015,Ridge_alpha_fixo,30
-0.0005300078652576838,-0.0014073417856210516,-0.002651593987557943,-0.004175333224781369,-0.0046430531463104475,-0.01687197245058361,Ridge_alpha_fixo,30
-0.0004231231943264597,-0.0015553907613505694,-0.002994663430731112,-0.005300806616364107,-0.0063832587851454315,-0.011141870356807002,Ridge_alpha_fixo,30
-0.00030122919682452605,-0.0008886261118803923,-0.0021646211988125023,-0.0043044816305536394,-0.006306439761698302,-0.009344079839340005,Ridge_alpha_fixo,30
-0.00048633624778132885,-0.0016469587540107733,-0.0037883253806324556,-0.007738004875015443,-0.010370145206052502,-0.017838260349145724,Ridge_alpha_fixo,30
-0.0005673855648384516,-0.0025401511469619873,-0.005461294130907243,-0.01075708897198991,-0.014682990645381538,-0.022246369601171243,Ridge_alpha_fixo,30
-0.0002361711613586644,-0.0009587588032741574,-0.0019054929230031342,-0.0033361508599141433,-0.004854164392513023,-0.012808342208608431,Ridge_alpha_fixo,30
-0.0005206256143319841,-0.0018620045313636337,-0.0032087153077653427,-0.005854236718834843,-0.00841897544202407,-0.013699574233602322,Ridge_alpha_fixo,30
-0.0003255041154731322,-0.0015869607277338394,-0.002148564286580368,-0.003346110629812506,-0.003982679875678198,-0.005974877511115391,Ridge_alpha_fixo,30
-0.0003696807551275927,-0.0014752767220176793,-0.002867203343879766,-0.005518768875157576,-0.006932731329824869,-0.012883643728586499,Ridge_alpha_fixo,30
-0.0003504726758985927,-0.0020568438917062965,-0.003995464442185678,-0.006415910514824355,-0.008948777820192442,-0.018352463586566035,Ridge_alpha_fixo,30
-0.00031266317905159465,-0.0008655709165345857,-0.0017390271638552679,-0.004187275680382068,-0.0071541581422592425,-0.019308788708294982,Ridge_alpha_fixo,30
-2.7929276679617785e-05,0.00025444950795252815,9.557777177241091e-05,-0.000804547981984665,-0.0009661433786318365,-0.0048805946146066054,Ridge_alpha_fixo,30
-0.000228379371789782,-0.0012201348815022777,-0.0019203340341155946,-0.0016470313373359764,0.0006048739707649667,-0.0036320297206190585,Ridge_alpha_fixo,30
-0.0007096608822391872,-0.00311845802042573,-0.006338758980160704,-0.012772037845264178,-0.018559033685259314,-0.024204113630285393,Ridge_alpha_fixo,30
-0.000274849824590104,-0.0008792682375031811,-0.0016145293888898743,-0.003001226899207561,-0.003935291424508448,-0.010671378712794121,Ridge_alpha_fixo,30
-0.0006368635255983832,-0.0021919947276101653,-0.004869304923269,-0.008547149581350964,-0.012308569720771295,-0.01861248809654257,Ridge_alpha_fixo,30
-0.0006243469636074465,-0.0019813002887278733,-0.003312653798500808,-0.007118366812222243,-0.007950800974242124,-0.008168911144007697,Ridge_alpha_fixo,30
-0.00024421076085421196,-0.0013575707886362943,-0.0031231054317598563,-0.0051263616222965635,-0.005578238707302256,-0.012397261291917322,Ridge_alpha_fixo,30
-0.000459124547861005,-0.0017097404314432149,-0.002182252414182029,-0.0032693906783814474,-0.003732590355510392,-0.008542045009857266,Ridge_alpha_fixo,30
-0.00031298578607618087,-0.0012556792522026967,-0.0023418314173997644,-0.0039575973896275735,-0.005456242304335623,-0.012889195450402373,Ridge_alpha_fixo,30
-0.0001991869047596861,-0.0004178215994596091,-0.0009582327319464693,-0.0025090857477249907,-0.0025688599180422314,-0.007409555762473485,Ridge_alpha_fixo,30
-0.00022882001302207525,-0.0004651336716721547,-0.0012869081697053952,-0.0014255988008100053,-0.0019332881554089292,-0.010133238235087163,Ridge_alpha_fixo,30
-0.00045559402861787736,-0.001037261315888378,-0.0020099753637768335,-0.004068062332109957,-0.0056604763230775484,-0.006896180640015948,Ridge_alpha_fixo,30
6.906557001602473e-07,-0.0001876750929965906,-0.00045085994615758204,-0.0010640198117234274,-0.0030139293280912415,-0.011097307258010827,Ridge_alpha_fixo,30
-0.00034270246513005346,-0.0014910712705874676,-0.002377406395643714,-0.004030733814574147,-0.0033660056485031705,-0.0097667925013736,Ridge_alpha_fixo,30
-0.00029829421401974756,-0.0006304912668735805,-0.0001933905729798808,0.0008875382762074283,0.002581351638793291,-0.004006857783724428,Ridge_alpha_fixo,30
-0.0005138951028616436,-0.0018704895841763294,-0.004390694138493914,-0.010167839140080676,-0.013975827862218432,-0.016805573061949793,Ridge_alpha_fixo,30
-0.00036052056305288407,-0.001204724421835243,-0.001625572388750617,-0.004012560137962997,-0.008232945241751777,-0.029749313253105973,Ridge_alpha_fixo,30
-0.00044737888111047463,-0.0014123379895507513,-0.0023272493993759854,-0.0050961167864093555,-0.006081559893955807,-0.010657723970166266,Ridge_alpha_fixo,30
-0.0006122586710689366,-0.0019597559914485757,-0.002877628376716522,-0.005252777858132951,-0.0059180279933644326,-0.005966774870758734,Ridge_alpha_fixo,30
-0.0006369031078073974,-0.0021874472907938906,-0.0032978558607547202,-0.005548339735500892,-0.005200298564656863,-0.013718624652514937,Ridge_alpha_fixo,30
-0.00035404420623855686,-0.001140516747755946,-0.0019215412186524563,-0.0028047605981411537,-0.003912663611700089,-0.008715537250363366,Ridge_alpha_fixo,30
-0.000485754327858948,-0.0020295864456736307,-0.003927542589035956,-0.006819981931292836,-0.009241037592128569,-0.020220890687301575,Ridge_alpha_fixo,30
-0.0002870218262919987,-0.0006810330601590459,-0.001642139704477846,-0.004902765409017599,-0.007496434267101105,-0.015335043906326316,Ridge_alpha_fixo,30
-0.00028953330107734667,-0.0007286602445305293,-0.0010246170414260638,-0.0010854875393507561,-0.002679904478930569,-0.015412147467600685,Ridge_alpha_fixo,30
-0.00030296094554424166,-0.0007627138277192759,-0.0006118102800257877,0.0008682997309263094,0.0011941152640271085,-0.0069330711935007144,Ridge_alpha_fixo,30
-0.000602536045798608,-0.002941936171674656,-0.005159670288266983,-0.007014864323398516,-0.007629233560680972,-0.013282092296957641,Ridge_alpha_fixo,30
-0.00023773659838759685,-0.000492558830165205,-0.00046359285323646675,-0.0027011662911350055,-0.004931708402157814,-0.014629821213892325,Ridge_alpha_fixo,30
-0.00021380244494843725,-0.001038144607898499,-0.0016757947339771087,-0.0038184776377962206,-0.0065948291182398346,-0.01361704500704645,Ridge_alpha_fixo,30
-0.00020574685277389095,-0.0009817280550711367,-0.0020999838054501763,-0.002722349541726489,-0.002853225637034111,-0.016801625636214904,Ridge_alpha_fixo,30
-0.000229027372134161,-0.00024376975872555934,-0.0016591152630221029,-0.0033432107382175644,-0.0066591161251456235,-0.012983005069061807,Ridge_alpha_fixo,30
-0.0003090642598769634,-0.0009549573537451996,-0.0015025806801620479,-0.003297181779851639,-0.0036702780092199233,-0.008501384984130469,Ridge_alpha_fixo,30
-0.0002697902217800822,-0.0005445341874923685,-0.0011189378985179712,-0.0038597466345422662,-0.005912094634799113,-0.01989245496839208,Ridge_alpha_fixo,30
-0.0006204993083472499,-0.0021076610565449556,-0.0036446604573319415,-0.005135634767969088,-0.005458046382537358,-0.012342202356517515,Ridge_alpha_fixo,30
-0.00048398823577141685,-0.002014705584237763,-0.003356188468995371,-0.006234030366144251,-0.011370745530799581,-0.034697122180896975,Ridge_alpha_fixo,30
-0.00037272356417542224,-0.0022278617017415093,-0.004984323074675013,-0.00962419854838302,-0.014632578936909038,-0.026130095949152506,Ridge_alpha_fixo,30
-0.0001537293506006307,4.652197941777923e-05,0.0003665227493413588,-1.5945324313965899e-06,-0.0012004135523720335,-0.008985445793599653,Ridge_alpha_fixo,30
-0.0005338693158181757,-0.0021974243887373994,-0.0030566298056877786,-0.0034496065867881355,-0.0033285007099286275,-0.007376769221725646,Ridge_alpha_fixo,30
-7.314811859264461e-05,-0.0003358719668030328,-0.00032344132805217315,-0.0006080543209327301,-0.0016110539158351897,-0.01138506813567599,Ridge_alpha_fixo,30
-0.00045485531577126286,-0.0009720992794568282,-0.0011043661588016767,-0.001505934906986658,-0.0019885704612453378,-0.01041315464714488,Ridge_alpha_fixo,30
-0.00033655302632389745,-0.0015903365507377266,-0.0027833895255088186,-0.004494064493505836,-0.00662943800204006,-0.01489399889731515,Ridge_alpha_fixo,30
-0.00020262983601697918,-0.0005980594742879499,-0.000932761928425861,-0.001468168883607505,-0.0039048548899252283,-0.010185729303705584,Ridge_alpha_fixo,30
-3.5192552814463176e-05,0.00042428592835609533,0.0007903701481022516,3.5658506812722015e-05,-0.0012896746385272916,-0.008798864350166616,Ridge_alpha_fixo,30
-0.0002233842756125115,-0.0010195144283835016,-0.0019127127012114344,-0.00314650274530144,-0.004938073218468705,-0.01005099500842851,Ridge_alpha_fixo,30
-0.0003313968945657938,-0.0013832612411523214,-0.0025426861530374535,-0.00541110383621702,-0.008166037982524297,-0.01920609668346847,Ridge_alpha_fixo,30
-0.0005398864543093441,-0.002530726382439723,-0.005367122135253072,-0.013097071777676189,-0.020073202971652517,-0.030619521060880263,Ridge_alpha_fixo,30
-0.0003379062409861825,-0.001193014496302301,-0.0021406709204807466,-0.004241363279072741,-0.006370234261808411,-0.011070561786284103,Ridge_alpha_fixo,30
-0.0001661992321229304,-0.000673199810523927,-0.0013032104822160119,-0.0018694596756847867,-0.0018172109712814946,-0.007044988494611011,Ridge_alpha_fixo,30
-0.0002323036502279643,-0.0005883253899517964,-0.0007062680713696941,-0.0010954329625692475,-0.0008951619352502876,-0.004972299807343629,Ridge_alpha_fixo,30
-4.2256012562414606e-05,-0.00045669364576896785,-0.0007938624042219396,-0.0015537956220107157,-0.0015557303183537682,-0.00818154518693129,Ridge_alpha_fixo,30
-0.0004506637257441749,-0.001678611692378339,-0.002402203858367375,-0.0035767548961720486,-0.005735088514883381,-0.017732530228305433,Ridge_alpha_fixo,30
-0.0002350995099192092,-0.001175656895719302,-0.002249941924972309,-0.005047696370915603,-0.007250990737231224,-0.01466818380827766,Ridge_alpha_fixo,30
-0.00036533707986014516,-0.0013208221156957032,-0.0024528264387380125,-0.005476104988684062,-0.0071002719551562865,-0.0072862661503379006,Ridge_alpha_fixo,30
-0.00021111191925685333,-0.00023612880973547366,-0.0002641196900466528,-0.0007410504513279917,-0.0012023337739928946,-0.007730144385975423,Ridge_alpha_fixo,30
-0.0004529335262439899,-0.0011719343710911087,-0.0014171289834050108,-0.00262408486119276,-0.002305319680685023,-0.003644564766793183,Ridge_alpha_fixo,30
-0.00020941264234459575,-0.0008814150747334975,-0.0020724847383159525,-0.00393412769236128,-0.004684712237866087,-0.00774469152877544,Ridge_alpha_fixo,30
-0.0004511181596975445,-0.0015731126390445764,-0.003302904835417984,-0.007140237342971564,-0.009060780820060942,-0.016489154488396027,Ridge_alpha_fixo,30
-0.0001905213886387831,-0.0011523778225142234,-0.0019853283542220885,-0.0032218717347505966,-0.0034930378930109742,-0.011916879108569759,Ridge_alpha_fixo,30
-0.0001427759690568015,-0.0004227773026617081,-0.001432908590656989,-0.005791376557537971,-0.01099719328338112,-0.0266464386947215,Ridge_alpha_fixo,30
-0.0001902191947309934,-0.0005696124602111172,-0.00020529455360469775,0.0010497450121396662,0.0025064464539811195,0.0024018430901537055,Ridge_alpha_fixo,30
-0.000261046033780305,-0.00015340033485312357,0.0002916627678376146,0.0011595475393721129,0.0009396826820687969,-0.0035666209551156467,Ridge_alpha_fixo,30
-0.000659871912296587,-0.0024653202350560922,-0.004916538761437495,-0.008003487059074199,-0.01082453789528986,-0.02567139532080564,Ridge_alpha_fixo,30
-0.00013518423051421603,-0.0009506515390770682,-0.0021433410242966203,-0.004919522523099557,-0.007885121049982555,-0.02225941559638854,Ridge_alpha_fixo,30
-0.00020922153399929188,-0.0011386696837695635,-0.0022301300151014183,-0.0049068397464227176,-0.008325819040062526,-0.01461730134605806,Ridge_alpha_fixo,30
-0.0002957820423897169,-0.0011585891282800142,-0.0013880894992647245,-0.004263994793879717,-0.009123890143328896,-0.014565413473723027,Ridge_alpha_fixo,30
-0.0005131671911417132,-0.0018982721989528758,-0.0036833673993066575,-0.0069298315027651065,-0.009761074765235609,-0.015701494296851144,Ridge_alpha_fixo,30
-0.0003145943718502978,-0.0005968091075630518,-0.0006186203292965805,-0.0012363344303901946,-0.0018532966803769002,-0.016451681511687154,Ridge_alpha_fixo,30
-0.00030279410598871135,-0.0014256234353123617,-0.0027059270676267266,-0.006306615897548259,-0.00952771942703062,-0.020846848754237392,Ridge_alpha_fixo,30
-0.00017746101696251485,-0.0007100438619548188,-0.0013443341475463013,-0.003845885580246252,-0.00643361981868586,-0.011094220821188857,Ridge_alpha_fixo,30
-0.00027572023325071466,-0.0010342009710144562,-0.0020870975725913376,-0.00420449481038503,-0.005793437142029498,-0.01019603417821784,Ridge_alpha_fixo,30
-0.00025362734453011616,-0.0012888808950488758,-0.001227830732170199,-0.0003397444761717266,-0.0002673913966527273,-0.006293126181654727,Ridge_alpha_fixo,30
-0.00040185516696905876,-0.0015756653135681415,-0.003408489616721654,-0.00723161967333165,-0.009884375606330507,-0.014193764767464527,Ridge_alpha_fixo,30
-0.00010867045401405355,-0.00029140381737907537,-3.102291598443184e-05,0.002190803998580089,0.004911361550433746,-0.0008497385252678315,Ridge_alpha_fixo,30
-0.0002415741913251808,-0.000563984013376714,-0.00044889711563794683,-0.0013723844498841052,0.00048684034048024317,-0.0030094996293411084,Ridge_alpha_fixo,30
-0.00026572950442766883,-0.0012614433615018418,-0.002040055057534939,-0.0017631219940544768,-0.002346045868729763,-0.005987929159721886,Ridge_alpha_fixo,30
-0.00018991385436872786,-0.0012680944624386863,-0.0016607173826779585,-0.002010626657879347,-0.0019738037272528123,-0.010472336324141893,Ridge_alpha_fixo,30
-0.00044448231816483725,-0.0014980009831083822,-0.002051192996981056,-0.0032653756503422996,-0.0027934589251844603,-0.00405775419697647,Ridge_alpha_fixo,30
-0.0003371662362091777,-0.0013992361212162238,-0.0023368551655932666,-0.0049382386740319,-0.007052267741481302,-0.016120968035521484,Ridge_alpha_fixo,30
-0.00032302417406849924,-0.0015549613961342629,-0.0017846527956025848,-0.003331963351873129,-0.005051293167551113,-0.01708735812921541,Ridge_alpha_fixo,30
-0.00026167216047722446,-0.00031862371466266436,0.00012450691970243672,-0.0005967048504712724,-0.002020001228057252,-0.004046794452884538,Ridge_alpha_fixo,30
-0.00022092623002322183,-0.0006271041109347492,-0.0008282981182126763,-0.0010920959415343392,-0.0004947781943536455,-0.002374236854141589,Ridge_alpha_fixo,30
-0.00024451723222615435,-0.0008977874696898667,-0.0005015670863561488,-0.00015633424557516987,-0.0003102561711744682,-0.004003372663487634,Ridge_alpha_fixo,30
-0.00016234750322504795,-0.0010225565010889568,-0.0016314736950334857,-0.0017380904261936844,-0.0029871528752180914,-0.010984231815362223,Ridge_alpha_fixo,30
-0.0005325050047694453,-0.0021105706332108214,-0.0029877438442687558,-0.003643109608852312,-0.0032018552473978275,0.0002515733146187535,Ridge_alpha_fixo,30
-0.000706792402006028,-0.0029136684432520574,-0.005364606390662436,-0.010794016512610784,-0.014376389463579168,-0.02030129659620611,Ridge_alpha_fixo,30
-0.0004573365286390593,-0.001382448483447427,-0.002933539617104415,-0.006964895376546308,-0.008109063370814695,-0.01252491522671004,Ridge_alpha_fixo,30
2.951502162118276e-05,-4.2371176373407786e-05,0.0003331657274312044,-0.00172594942229632,-0.004687923921034722,-0.015296692450127233,Ridge_alpha_fixo,30
-0.00021208312474923474,-0.0005186215678461757,-0.0008368011464545312,-0.0017221333728873341,-0.0018036757821256843,-0.0033988356274635635,Ridge_alpha_fixo,30
-0.0002791306517220359,-0.0007148107941830351,-0.0016847552160023293,-0.0036482160732410414,-0.004905717447968327,-0.013575010055202627,Ridge_alpha_fixo,30
-0.00018486926553032347,-0.0005944673023567421,-0.0008951459066661769,-0.0007784132601199983,-0.0024049573146996436,-0.012084857757396806,Ridge_alpha_fixo,30
-0.0003704930408668197,-0.0009465598975658948,-0.00034303794315704034,0.0010516506976353344,0.0006904563331081223,-0.0116416956524045,Ridge_alpha_fixo,30
-0.00033329570956851164,-0.0012678941398171011,-0.001937333395419824,-0.004112384814031179,-0.005950842664659693,-0.016534114244797712,Ridge_alpha_fixo,30
-0.0005835059099322434,-0.001433731753686556,-0.002855189988548312,-0.0038456407286439165,-0.003674213045315065,-0.009178853832641387,Ridge_alpha_fixo,30
-0.00015513755699752502,-0.00028130659214619866,-0.0006892110570424361,-0.0016965015233509424,-0.0017172257309245455,-0.011416301812473361,Ridge_alpha_fixo,30
-0.00024549576598729105,-0.0009695969705853922,-0.001988124706191293,-0.004317909563784644,-0.0066334724165450125,-0.013566795870369457,Ridge_alpha_fixo,30
-0.00025513412412360334,-0.0008146591384528497,-0.002086875370595755,-0.005287057086098725,-0.009091437037803704,-0.0250649538411601,Ridge_alpha_fixo,30
-0.00033593301012321337,-0.0006723689255089687,-0.0015916770574796173,-0.003403657594169709,-0.005735484692293277,-0.012254662879737411,Ridge_alpha_fixo,30
-0.00035137051970629833,-0.001162037876397722,-0.0021461793094490096,-0.004459351972493215,-0.0048110401282376305,-0.012830102970251342,Ridge_alpha_fixo,30
-0.0006369154310975974,-0.0012046998028602438,-0.0017109067339746342,-0.002179259165202679,-0.002537958790699986,-0.006952070591587315,Ridge_alpha_fixo,30
-0.0006457081853132757,-0.002265995855036406,-0.003984823898260961,-0.006700507469716319,-0.009086055119499137,-0.0077784904237512935,Ridge_alpha_fixo,30
-0.00021362003471112092,-0.0006282341498282624,-0.00013515082489581022,0.0007323589469228416,0.0025928475658128156,0.0027536909461312216,Ridge_alpha_fixo,30
-0.00017456241403914833,-0.0006481949958350956,-0.0018390845693440686,-0.003966284014854693,-0.005276367704592989,-0.01932272631592168,Ridge_alpha_fixo,30
-0.00038746153287671354,-0.0013029756123052896,-0.0021647960256410306,-0.004511783079164474,-0.006713672294670091,-0.011764130821585965,Ridge_alpha_fixo,30
-0.0002645512359802975,-0.0016373344649202811,-0.0023285719632719012,-0.004580969072370886,-0.007594451872147981,-0.010203066658977732,Ridge_alpha_fixo,30
-0.00013593525188536752,-0.00028021521014307097,5.233017189440043e-05,0.00013299365574392046,0.0003998310562856047,-0.0010338682190099695,Ridge_alpha_fixo,30
-0.00034769571092970825,-0.0015595263788316647,-0.0036105787462174456,-0.00794348385911804,-0.009889692112988072,-0.01631793651237922,Ridge_alpha_fixo,30
-0.00029099526991789365,-0.0008470420553922511,-0.0010252302041273106,-0.0029422918351014785,-0.004127010914168599,-0.018212495919974925,Ridge_alpha_fixo,30
-0.00016439685154742904,-0.0007103170850778594,-0.0018391062929922065,-0.004026221150676996,-0.006220166860689697,-0.020114826890759444,Ridge_alpha_fixo,30
-0.0002463019853568767,-0.0007281722804895755,-0.0007510417216171086,-0.0019831567961660244,-0.0027541646943853686,-0.014561248333749027,Ridge_alpha_fixo,30
-0.0005017468984871426,-0.0023614119571950024,-0.004402703728672978,-0.00935083030365364,-0.013422149133148363,-0.025311854875331954,Ridge_alpha_fixo,30
-0.0006879891663291809,-0.002117720510225183,-0.003298562432057493,-0.005555874960164248,-0.005622031641794886,-0.014298778974701287,Ridge_alpha_fixo,30
-0.00028602832969476446,-0.0011862696072067601,-0.0021239320556511385,-0.0019059108656280372,-0.002044672929118033,-0.006769744098166429,Ridge_alpha_fixo,30
-0.0004855215368568991,-0.001619780382766651,-0.0029808161397348602,-0.005142387745968912,-0.005137356939176778,-0.009064128420858707,Ridge_alpha_fixo,30
-0.00044340700084486036,-0.0016887747412780167,-0.002926750258643822,-0.00699014252807958,-0.011224117296366807,-0.02103325656060674,Ridge_alpha_fixo,30
0.00010462570734195666,0.00016082837123276747,0.0008720142507038306,0.002589204670636159,0.0031866000083847286,-0.0002497082078143752,Ridge_alpha_fixo,30
-0.0004562401441229664,-0.0014265901606554056,-0.002140681189318688,-0.002541854930408984,-0.0033029821670205093,-0.005206349977299709,Ridge_alpha_fixo,30
-0.0002933676658086573,-0.0011679382680838243,-0.001746858119228156,-0.002146804940841779,-0.0008797739857086453,-0.004883183159716241,Ridge_alpha_fixo,30
-0.0003590563595381452,-0.0011006831040736374,-0.0011372070497154799,-0.0005222974740529117,0.0019419555640519798,-0.0004104591860654292,Ridge_alpha_fixo,30
-0.00030703038506003927,-0.0009597311845470698,-0.0018051754128337156,-0.004095864430782036,-0.005932299279772317,-0.013520884213098935,Ridge_alpha_fixo,30
-0.0003349697409882036,-0.0009561520612705618,-0.0013243557536385595,-0.0015301182110013906,-0.0008947504921953274,-0.007093935110345277,Ridge_alpha_fixo,30
-0.00048209622948545614,-0.0016305223162567048,-0.002728778434139717,-0.003642882034022222,-0.003701286753439876,-0.002772204423224549,Ridge_alpha_fixo,30
-0.0004111397202737361,-0.0015824961083449902,-0.0028770799822205075,-0.005486964241119243,-0.007158576895895368,-0.010458517961464547,Ridge_alpha_fixo,30
-0.0002670897884454049,-0.000953773145064122,-0.001235662026313939,-0.0021497216200955065,-0.0017500187369253132,-0.0035188138280136975,Ridge_alpha_fixo,30
-0.00037235710133101885,-0.0016717821343795011,-0.0041213274286037846,-0.008777094671834462,-0.01154795316970559,-0.016281639712304563,Ridge_alpha_fixo,30
-0.00029890128048430296,-0.0007081767649679081,-0.001043690617342817,-0.0002237486827516284,0.0022486929393403738,0.0005304337287071915,Ridge_alpha_fixo,30
-0.0003702051136457971,-0.0012574016974142145,-0.0015735500538231696,-0.0034049435493618287,-0.00428373184296323,-0.015454108991058532,Ridge_alpha_fixo,30
-0.00037992873433502863,-0.0015906522325029775,-0.0029311528796479246,-0.0058025728918041425,-0.006773756368135235,-0.008746032213261472,Ridge_alpha_fixo,30
-0.0006737336186645836,-0.0022161454776081085,-0.003961313725898132,-0.007038933566565416,-0.008153487505327269,-0.015915153688407506,Ridge_alpha_fixo,30
-9.468954514704268e-06,-0.00019788840533799295,0.0009339702530387497,0.002627414367537807,0.0047233928490766144,0.007916927031157237,Ridge_alpha_fixo,30
-0.0004885722142570494,-0.0009352423026290121,-0.0017699657777640945,-0.0036412365431914644,-0.003961405671911782,-0.007830421917871689,Ridge_alpha_fixo,30
-0.00016862135656461094,-0.0007533225796312747,-0.0012283091363119016,-0.002386770639462902,-0.0034754877561075383,-0.017854701328359306,Ridge_alpha_fixo,30
-0.00013008038445844468,-0.0005219532822268762,-0.0005654841917203819,-0.0013654598961787123,-0.003188145273839302,-0.01260126240855852,Ridge_alpha_fixo,30
-0.00039406247684610317,-0.0012388775660662553,-0.002229749582948092,-0.003913042511031927,-0.004608637818413793,-0.013897295690169318,Ridge_alpha_fixo,30
-0.00065114944268195,-0.0025013608014927717,-0.005291043645994598,-0.01086213524568217,-0.01432965401759554,-0.0179870249544394,Ridge_alpha_fixo,30
-0.00026348249910433235,0.00013669342314651147,0.000424055371381726,-0.0012598161925466368,-0.00431065539347162,-0.01427981115115838,Ridge_alpha_fixo,30
-0.00026359596700194053,-0.001052745933772047,-0.002193200435636185,-0.004181442015172627,-0.004439249492446094,-0.00904958088660638,Ridge_alpha_fixo,30
-0.0002773934129838624,-0.0011785406003087947,-0.002045653939153863,-0.003764278817143622,-0.0049664053278210656,-0.012146193522243779,Ridge_alpha_fixo,30
-0.0002537735793559122,-0.0011443902521614147,-0.0017023838325572274,-0.003893038980446275,-0.003387005106709806,-0.010662854947269868,Ridge_alpha_fixo,30
-0.0003222850792341672,-0.000658802225597325,-0.00016169615811431287,-0.0008814562680305004,-0.00255095390677959,-0.009402920739136124,Ridge_alpha_fixo,30
-0.0004839622551657744,-0.0018232011977050747,-0.003243259282732764,-0.0069438708453134195,-0.010046544769157712,-0.018546359303891344,Ridge_alpha_fixo,30
-1.3325552236343931e-05,-0.0007617579336624552,-0.0013506283669379234,-0.0016145292226993873,-0.002710237271333358,-0.009918561405867558,Ridge_alpha_fixo,30
-6.247053499054555e-05,0.00029659392989692503,0.0008795607683409428,0.0013538295001375928,0.001418871284095202,-0.00457343486677459,Ridge_alpha_fixo,30
-0.00017398837794477644,-7.35884182615469e-05,0.0004482895575355682,0.0025760129994765253,0.005897019486509664,0.004740105407525254,Ridge_alpha_fixo,30
-0.00023250881901044646,-0.0011106318622243964,-0.0018514595129646757,-0.003592443300329012,-0.005001795403895169,-0.013671618036244485,Ridge_alpha_fixo,30
-0.00023494718896635022,-0.000914037810799327,-0.0019113997937456524,-0.0039707666757317185,-0.006466247039921473,-0.01457343622185229,Ridge_alpha_fixo,30
-0.0003079410236687911,-0.0007241797030438357,-0.0011444573241980744,-0.004038496987124321,-0.008881274104079965,-0.026194462361322727,Ridge_alpha_fixo,30
-9.193059591054322e-05,-0.00037396569368803196,-0.0007011761125523244,-0.002201153045421426,-0.0036209730072869224,-0.01036538563586627,Ridge_alpha_fixo,30
-0.00035941038514876596,-0.0012256048305258297,-0.002190774339312031,-0.003862017651059386,-0.0038516877983944095,-0.012043665703644369,Ridge_alpha_fixo,30
-0.00020674122486724888,-0.0007258563111328226,-0.0016216898759752968,-0.00357010656480695,-0.005912550960317943,-0.012162566551924213,Ridge_alpha_fixo,30
3.27220761501996e-05,0.0010495916636022694,0.0011429036892936623,0.0012351683026557338,0.0005685754997060789,-0.008878872981396788,Ridge_alpha_fixo,30
-0.0004061767114525198,-0.0017803437617329686,-0.003570273980197903,-0.005719618344271664,-0.006696394386447827,-0.011695722989267089,Ridge_alpha_fixo,30
-0.0003183640208833113,-0.0013459586890084074,-0.0021761699349503423,-0.003061115095361142,-0.0034843053791869232,-0.009880579803011755,Ridge_alpha_fixo,30
-0.00042226080334059943,-0.001632272323329902,-0.00265921659758916,-0.006491101425677069,-0.00986674348938254,-0.015389001410549105,Ridge_alpha_fixo,30
-0.0003411810951580169,-0.0005369411378216536,-0.0005725330001389469,-0.0014998101913770588,-0.0017018918990957266,-0.007509464515552167,Ridge_alpha_fixo,30
-0.00021032814226321382,-0.0002450132120819319,-0.00037986714181755676,-0.0008039721212480384,0.0003141688640399631,-0.0017218538361130802,Ridge_alpha_fixo,30
-0.0005508324201777675,-0.0015930259711995263,-0.00220048698428031,-0.003011251399064852,-0.0038423555807409254,-0.012269284278901681,Ridge_alpha_fixo,30
-0.0004354046627649784,-0.0013509739842866423,-0.0024156083614118797,-0.0035507052111448845,-0.00426607446043906,-0.016494580128232964,Ridge_alpha_fixo,30
-6.417921155872531e-05,-4.434543765042631e-05,0.00018131551415020059,0.0014069416683951041,0.0033488941036278726,0.000693015278952994,Ridge_alpha_fixo,30
-0.00041933970751478777,-0.0010339941626313527,-0.0022372251542890284,-0.0061495596398945815,-0.00938666231365741,-0.018199639505514,Ridge_alpha_fixo,30
-0.0003544423120119584,-0.0007000688134557154,-0.0008686584590811379,-0.0007134247252647154,6.85342999666606e-05,-0.0009580120038819873,Ridge_alpha_fixo,30
-0.00019322048779333364,-0.000639942993488557,-0.0008967079125649232,-0.0014054104715321822,-0.0017551253785635964,-0.008551893818686176,Ridge_alpha_fixo,30
-0.0003235291731042953,-0.0008774946968883701,-0.0019009745667561099,-0.0031589490172548302,-0.003901509941122072,-0.012360255509128164,Ridge_alpha_fixo,30
-0.0003632876325048462,-0.0014752095261153246,-0.0026284048791490357,-0.004502425133191173,-0.0058071336007957785,-0.010044462721993757,Ridge_alpha_fixo,30
-0.0005983657031544559,-0.0029432976734329896,-0.005215032544574876,-0.009605541598938635,-0.012894364240541039,-0.025390248628810654,Ridge_alpha_fixo,30
-0.00034723125683410556,-0.0013588053584379217,-0.0028717314673163174,-0.0061758593180672805,-0.008616474823405178,-0.018307250263403796,Ridge_alpha_fixo,30
-0.00011978176012426606,-0.00017577609814130077,-0.00019152276777093565,-0.00045551906725038195,-0.0020120797615092393,-0.013584323700770867,Ridge_alpha_fixo,30
-0.00023567375627735874,-0.00031527912827947175,0.0010134670675570254,0.0019972976057760026,0.0027342924739382876,-0.007822861231799844,Ridge_alpha_fixo,30
-0.0003745551037103654,-0.0008900795080490065,-0.0015347732469441593,-0.0041224760309357,-0.006651691502340421,-0.018729622706694756,Ridge_alpha_fixo,30
-0.0003215199332090508,-0.00141459882015964,-0.0025483103821271826,-0.004694128876402976,-0.006413577772559495,-0.013769743117144883,Ridge_alpha_fixo,30
-0.0002884654348980837,-0.0011153372583979464,-0.0017808672355388612,-0.0022182855438619272,-0.0014740984623329615,-0.007857371027137287,Ridge_alpha_fixo,30
-0.00026365913655460385,-0.0010247780995218017,-0.0012901109842378133,-0.0018927230687164234,-0.0023436020195749694,-0.00589853522362236,Ridge_alpha_fixo,30
-0.0003338341107725816,-0.0017163878771198572,-0.003356954951389608,-0.0067006506668507064,-0.008561838299100842,-0.008687368129508927,Ridge_alpha_fixo,30
-0.00035790663504461776,-0.001297306329006263,-0.0026518704696364154,-0.005802991956695283,-0.007331628441418587,-0.019374088967106275,Ridge_alpha_fixo,30
-0.0004105575177399837,-0.0009491121533920142,-0.002261738612378272,-0.00439307715203131,-0.003945920689245851,-0.005977560252398355,Ridge_alpha_fixo,30
-0.00035880140714111825,-0.0010243449016820415,-0.0012651433442394193,-0.0014827059518473411,-0.0008744075193956635,-0.007361441474727252,Ridge_alpha_fixo,30
-0.0004164129953121666,-0.0017292552727434301,-0.002769154170977853,-0.006424724842092426,-0.009808409953662065,-0.015970837355142625,Ridge_alpha_fixo,30
-0.0004564404148356109,-0.0009986782506012791,-0.0016962563762208279,-0.00473739933553271,-0.006264776170461893,-0.009990699567276936,Ridge_alpha_fixo,30
-0.0003367104685427603,-0.0015079256552447068,-0.003334317328672268,-0.006654517598546146,-0.010367534348021748,-0.02365902622994699,Ridge_alpha_fixo,30
-0.00017751138970151012,-0.0007710240706024993,-0.001233514432660527,-0.0024807640620203675,-0.005703339395759471,-0.017373022543286286,Ridge_alpha_fixo,30
-0.0003862495859858361,-0.0016713923228499276,-0.003596327326186943,-0.007004056382866768,-0.009727912775570863,-0.016337754423102827,Ridge_alpha_fixo,30
-0.0003260974839780335,-0.0008968731579001855,-0.0019449933729063678,-0.004135810814521741,-0.005458149608074032,-0.011002496415396452,Ridge_alpha_fixo,30
-0.0004308863437396034,-0.0017186057769009156,-0.0028516168233182412,-0.005176868554850326,-0.005643036205941926,-0.008588406046927653,Ridge_alpha_fixo,30
-0.0005982486109786322,-0.0019604425393494602,-0.003145326188511688,-0.005970376351703478,-0.008545661297087021,-0.016089076730935976,Ridge_alpha_fixo,30
-0.0003358553359666376,-0.0016053104364881494,-0.0025499533804508867,-0.003043943996127559,-0.0033900585923561685,-0.009580813309368486,Ridge_alpha_fixo,30
-0.00017988720980875364,-0.001170854101724148,-0.002656206781898026,-0.005669573192864262,-0.009017780133514194,-0.02505192732510859,Ridge_alpha_fixo,30
-0.0005353642409552735,-0.0016579231994373615,-0.0025527155720458257,-0.004865966818394549,-0.0058967524443887176,-0.010793305794944695,Ridge_alpha_fixo,30
-8.720052005005993e-05,-0.0002548811911274917,-0.00016661519814834523,0.0017884412741338426,0.003591983949440623,-0.00556978639223715,Ridge_alpha_fixo,30
-0.0003186198442943768,-0.0005633056843311168,-0.0007312880163909719,-0.0006794204774388442,-1.3740426205686499e-05,-0.003453853217937228,Ridge_alpha_fixo,30
-0.0006544664118976338,-0.0018849003952471602,-0.0038806605278931183,-0.00829782314239714,-0.012096949582227467,-0.017772282757337773,Ridge_alpha_fixo,30
-0.00033332483692727485,-0.0012488252853132794,-0.00214120976547435,-0.004925961190083935,-0.008148756881591442,-0.01595483332010885,Ridge_alpha_fixo,30
-0.00020973584419092638,-0.0002808391605567127,-0.0004870951425437025,-0.0018902341968514039,-0.0019427753677623396,-0.012947925524983288,Ridge_alpha_fixo,30
-0.0005555018042332514,-0.002426749957268866,-0.004328678457029171,-0.007479363434694246,-0.010293943789363701,-0.01621046363987719,Ridge_alpha_fixo,30
-0.00019499073572753624,-0.0007441126452915008,-0.0009478118459782596,-0.0005333063366721368,6.6622491688172445e-06,-0.003234599905509872,Ridge_alpha_fixo,30
-0.00041252452459001156,-0.001682766643424657,-0.004215086591198092,-0.0076321743059543645,-0.011260491787113103,-0.013445046536942068,Ridge_alpha_fixo,30
-0.00018861215800677255,-0.0006968698180929463,-0.002240127147737357,-0.005592719451067479,-0.00754849646193492,-0.01254710979631788,Ridge_alpha_fixo,30
-0.0002890897345636685,-0.0007147476088075773,-0.0014458275210058181,-0.003311449301572685,-0.004572619561246734,-0.009202103570338368,Ridge_alpha_fixo,30
-0.00035186334898077337,-0.0014815388762826637,-0.002338245042536529,-0.0035021317427615366,-0.00480374219093063,-0.003793632191696175,Ridge_alpha_fixo,30
-0.0002872237829087422,-0.001544493642395332,-0.0029232598352542,-0.005309554681362947,-0.006659698126850427,-0.01996076252108714,Ridge_alpha_fixo,30
-0.0003888446277822408,-0.001661843581831269,-0.004102461430392475,-0.006496079733831093,-0.00498299942704831,-0.005579655446653861,Ridge_alpha_fixo,30
-0.00032954594918915007,-0.0013206331439390333,-0.0023756526423763017,-0.006892386467090065,-0.011068770900031203,-0.02112935652972833,Ridge_alpha_fixo,30
-6.602314602960679e-06,-0.00015509645727380467,0.000448152529772827,0.001793464666430145,0.002292989902853398,-0.002776416116109553,Ridge_alpha_fixo,30
-0.00011525059030198551,-0.0003921175178954719,-0.00028196961699187434,-0.001208822064782835,-0.003956099005492027,-0.016255166128367207,Ridge_alpha_fixo,30
-0.00048193670180386223,-0.001307882063856156,-0.0027962085364108325,-0.00721913691006719,-0.011650378025483226,-0.03059764908927375,Ridge_alpha_fixo,30
-0.00012607429323765017,-0.0002891052647350169,-0.0002570930125984706,-0.0022334734630980947,-0.003877726617588405,-0.016113312019229963,Ridge_alpha_fixo,30
-0.000176356240988632,-0.0001861047156528046,-7.804064537456723e-05,-0.000626067049422108,-0.00171344420637313,-0.010911589375154752,Ridge_alpha_fixo,30
-0.00033703368658138846,-0.0010583156671306803,-0.001851769479733252,-0.0027341885498153606,-0.0017700879398743394,-0.004881450729670068,Ridge_alpha_fixo,30
-0.0005767781070583912,-0.0024448120495764235,-0.005171745435962302,-0.007952523699095907,-0.00928226016323056,-0.012693456045518603,Ridge_alpha_fixo,30
-0.0003294852373448667,-0.0013462363270689952,-0.0024771286025793275,-0.0037669154584766447,-0.004245009248183162,-0.006255353387122974,Ridge_alpha_fixo,30
-0.0005391734355881667,-0.0024135438497478773,-0.004945577541026438,-0.009989339085020144,-0.014251944933053418,-0.02451919521475355,Ridge_alpha_fixo,30
-0.000406129625914004,-0.0012205707826549764,-0.0016908228553101448,-0.003797037578773482,-0.004594458853849626,-0.006726885809755921,Ridge_alpha_fixo,30
-0.00023619742903006742,-0.00031536846279748133,-0.0011546395023218335,-0.0034150818818483985,-0.005814393133821539,-0.013140882066664663,Ridge_alpha_fixo,30
-0.000329366680725075,-0.0013338498905936956,-0.00199304218161931,-0.0031768975127957557,-0.003951051327924786,-0.010267926801911199,Ridge_alpha_fixo,30
-0.0003377530613486368,-0.0014708926387378314,-0.002761397806600257,-0.004935532333784421,-0.005811484361737067,-0.0053174335018748185,Ridge_alpha_fixo,30
-0.0002825816270965918,-0.0009599666768591115,-0.0026971122090320783,-0.005432895157312153,-0.008600655578210357,-0.014339800243740031,Ridge_alpha_fixo,30
-0.00034520909735963844,-0.0015656910622232527,-0.0026699757330251876,-0.005641026694558441,-0.008060020257962909,-0.016950020824535107,Ridge_alpha_fixo,30
-0.00018878272401782271,-0.0003644390450978841,4.6983446631591466e-05,-0.0005916958250025685,0.0005007267344016861,-0.005311581971457099,Ridge_alpha_fixo,30
-0.0005214191313552499,-0.0016318891443405819,-0.0025383738883064918,-0.003734668199750379,-0.004643648821858154,-0.013607430747280555,Ridge_alpha_fixo,30
-0.0008121964989518825,-0.0028142823279787166,-0.004483670732702185,-0.0072700394090026415,-0.008613327593260296,-0.018141455470158926,Ridge_alpha_fixo,30
-0.00016047830731332898,-0.00037937954554294307,-0.0005083008504507794,-0.0018238342906293067,-0.0037503097828693295,-0.011614030521239159,Ridge_alpha_fixo,30
-8.948812736461177e-05,-2.6047602614047106e-05,-0.001082076074765122,-0.002940257180805753,-0.005090289194991563,-0.01541997075713893,Ridge_alpha_fixo,30
-0.00048044083905122086,-0.0011901827345232965,-0.0014445463140517,-0.002476447324920124,-0.0021130596305289307,-0.0035587266654550677,Ridge_alpha_fixo,30
-0.0001104435996397282,-0.0005761204883408435,-0.000886175490953821,-0.001364930282137062,-0.0018320357107168355,-0.007541566097140942,Ridge_alpha_fixo,30
-0.00025023811123415867,-0.0006873228997840679,-0.001380829127448978,-0.0029460205336984176,-0.004350524713293723,-0.010685857595706897,Ridge_alpha_fixo,30
-0.0006051670722983122,-0.002316125065453101,-0.00355959851028601,-0.004554295548281437,-0.0033586624533657487,-0.005479647497395711,Ridge_alpha_fixo,30
-0.00038641409473318865,-0.0013594339295663893,-0.002473845162036704,-0.005185109394717196,-0.006206694126031047,-0.009358913857209772,Ridge_alpha_fixo,30
-0.0006101917840473885,-0.001889811679318422,-0.0028653171864261033,-0.004704319398527472,-0.006545908747954823,-0.010118971017547336,Ridge_alpha_fixo,30
-0.0006776238173044517,-0.0019030975058351232,-0.0037269480145355987,-0.0074550650878000835,-0.00894096500917391,-0.018710573354980543,Ridge_alpha_fixo,30
-0.00030949084244993907,-0.000876122784053406,-0.0017442837426916583,-0.004908258097983981,-0.007751707586041108,-0.019229412168208063,Ridge_alpha_fixo,30
-0.0004234396361217339,-0.0012113670702982838,-0.0016371317831116125,-0.003118412175717466,-0.004523728781018456,-0.018709405145633445,Ridge_alpha_fixo,30
-0.00035303002968445547,-0.0011881953402688994,-0.0017794364034249175,-0.0034578820059697935,-0.005083020962186827,-0.010807070654302338,Ridge_alpha_fixo,30
-0.0007177378056491603,-0.0020550835844885427,-0.003826937418627905,-0.007267638962000566,-0.008467856631522974,-0.010292026974408173,Ridge_alpha_fixo,30
-0.00043025551741225165,-0.0018088867850258367,-0.0030094014049020907,-0.004537032987410136,-0.004453908223766361,-0.00982162546623826,Ridge_alpha_fixo,30
-0.000313876042628372,-0.001225404557036732,-0.0017451120989106388,-0.002472592680226705,-0.001475569246196972,-0.004181518503732067,Ridge_alpha_fixo,30
-0.0003228770079818634,-0.0009864482713508435,-0.0015332840837356692,-0.00278151825352006,-0.004229426867882955,-0.010287904151212267,Ridge_alpha_fixo,30
-0.00034921925034084626,-0.0011980472698309111,-0.002102865074157071,-0.00294113304461589,-0.006240916512069116,-0.02449956189858637,Ridge_alpha_fixo,30
-3.066481201726061e-05,-0.0006565238678095325,-0.0012710639868090945,-0.0008579437462979184,-0.002510307578038589,-0.002186769557768764,Ridge_alpha_fixo,30
-0.00023356180467095318,-0.0009316924497709443,-0.0012960595138921654,-0.0020442278458409195,-0.004263477003257272,-0.015964938009077747,Ridge_alpha_fixo,30
7.998914529942808e-05,0.0008546483606337909,0.0015632016494670983,0.0017307999759799697,-0.00019703613454428098,-0.011640882766614484,Ridge_alpha_fixo,30
-0.00031119606787153366,-0.001493543144174813,-0.002275196666296879,-0.0029473855533187435,-0.003545608174751919,-0.0009638604668855234,Ridge_alpha_fixo,30
-0.0004180123682853173,-0.0018495864871111056,-0.0029538576949288842,-0.005374527037749034,-0.007219240865728509,-0.020884241089659646,Ridge_alpha_fixo,30
-0.0004829564408987519,-0.0022199268843307585,-0.004182010376906798,-0.008726309169909898,-0.012393626404903083,-0.013088093725599426,Ridge_alpha_fixo,30
-0.00029403722379587395,-0.001009111278024911,-0.0015139645399632718,-0.0035865956539749932,-0.005457481826992715,-0.013536579230774295,Ridge_alpha_fixo,30
-0.00033355480712968217,-0.0009619279628035456,-0.0010620871689377774,-0.0018305685102169612,-0.0015350270790970208,-0.004972706700099618,Ridge_alpha_fixo,30
-0.00027770319337138983,-0.0006319902501907321,-0.0014669136572431655,-0.0028319726882535924,-0.0036290330151843675,-0.012795073948651196,Ridge_alpha_fixo,30
-0.0003152694331646731,-0.0009871517719638677,-0.002982234580216861,-0.0068440412391723125,-0.008812020910161129,-0.01558342552312941,Ridge_alpha_fixo,30
-4.161209806360069e-05,-0.00014779178340654188,-9.344578840657067e-05,-0.0006216431881444085,-0.0008494575111751404,-0.004530389208035154,Ridge_alpha_fixo,30
-0.00043059890620663846,-0.001646071502390345,-0.0027169030511590983,-0.005972601769106864,-0.007609437179823853,-0.017149613560360752,Ridge_alpha_fixo,30
0.00011496207528625501,0.00014521507712488569,-0.00027102964492274064,-0.001704777064638355,-0.0036443615897393993,-0.019691271905650995,Ridge_alpha_fixo,30
-0.00016097839192420619,-0.000515288667238839,-0.0009599807275178984,-0.0014821871663284044,-0.002180803519915774,-0.003998454438812529,Ridge_alpha_fixo,30
-0.00031030229124158324,-0.0012892781485621886,-0.0013500186844391552,-0.002562149020091598,-0.003937068801665813,-0.014908415441145633,Ridge_alpha_fixo,30
-0.00019689207035771138,-0.00021380836081106496,-0.00040256359565364066,-0.002096672104623006,-0.004685878808903049,-0.010632692810651009,Ridge_alpha_fixo,30
-0.0002472769070341304,-0.0007164696516466945,-0.000663352869789834,-0.0016011599060939924,-0.002171665609272132,-0.007116173668927913,Ridge_alpha_fixo,30
-0.00023064317100448848,-0.000739673333397383,-0.002063464198249458,-0.00358782924673881,-0.0041680787783938906,-0.0044189639596683835,Ridge_alpha_fixo,30
-0.0007022163424488362,-0.002291487209524937,-0.004085822710156278,-0.005491610876391903,-0.0049106271538510585,-0.012248900716083803,Ridge_alpha_fixo,30
-0.0003986568027503302,-0.0015942262317736975,-0.002737293004237911,-0.0041574808580921736,-0.004317673786546847,-0.008178492113739212,Ridge_alpha_fixo,30
-0.00035658899219810663,-0.0012610340789715618,-0.0025583698513970965,-0.0049866847766764245,-0.0069048948713290315,-0.012475946126826247,Ridge_alpha_fixo,30
-0.0002927399807126041,-0.0009673898452652177,-0.001541397112874299,-0.0024876811427541404,-0.003395292688795381,-0.010250205971473015,Ridge_alpha_fixo,30
-0.0003152143789190299,-0.001804551246112967,-0.002321866718017782,-0.0026044987010871213,-0.0018085465715090396,-0.002239575498617492,Ridge_alpha_fixo,30
-0.000265081424710943,-0.0005486141542428696,-0.0005596831534042152,3.593596984597048e-05,0.0004665077743904715,-0.006200355234404043,Ridge_alpha_fixo,30
-0.0004093001475196436,-0.0015090965033687836,-0.0022604637604907237,-0.0029561783248950695,-0.004036169130446481,-0.005585367245050395,Ridge_alpha_fixo,30
-0.00026645844789637625,-0.0010074837252752036,-0.002116680846035169,-0.0025109408027891773,-0.0035384545194517033,-0.006028045184110266,Ridge_alpha_fixo,30
-0.00043976153875960284,-0.0006619060900742444,-0.0007426517624585098,-0.00399732951843964,-0.0093815502735563,-0.03324307483669148,Ridge_alpha_fixo,30
-0.0005057322768720955,-0.0009861780048196877,-0.0013691191286558516,-0.0019421438278853715,-0.0012011814082559,-0.005702083952836854,Ridge_alpha_fixo,30
-0.00045689764813352493,-0.0024270899303792328,-0.004936006718231725,-0.008287066600625451,-0.009098219186934068,-0.012251248028955183,Ridge_alpha_fixo,30
-0.0003872195835942901,-0.0013391070934223224,-0.0023761678838249045,-0.003566664007682055,-0.004354241612352816,-0.00701408125456546,Ridge_alpha_fixo,30
-0.0006088904856012567,-0.0024976647801093336,-0.004887131632697904,-0.00911688454808833,-0.011943438927564706,-0.017458633771509965,Ridge_alpha_fixo,30
-0.000841253053094226,-0.0023992733929235573,-0.0033804134058963,-0.004877227865204618,-0.006759579010788929,-0.010180073480293412,Ridge_alpha_fixo,30
-0.0002955440579965891,-0.0010556718280707764,-0.002420511346801017,-0.004681749425601628,-0.008583968357983638,-0.027137389762232345,Ridge_alpha_fixo,30
-0.0005122900490116626,-0.0014541243378051866,-0.002166665382123401,-0.0030805998268188563,-0.0045491863491383165,-0.013739167198620495,Ridge_alpha_fixo,30
-0.00043315403780641766,-0.0014160965202758059,-0.0015131020856515712,-0.0019424956514314138,-0.0025662130368684,-0.011006443762266045,Ridge_alpha_fixo,30
-0.0002040411127916239,-0.0008011823742892967,-0.0008114085172294806,-0.00035146489915211047,0.00025885395505289476,-0.00023651680436013046,Ridge_alpha_fixo,30
-0.0003236865685512597,-0.0015022042767158736,-0.0034173549877863935,-0.009068935871035055,-0.015274886618927265,-0.02238307079988467,Ridge_alpha_fixo,30
-0.00012390122470020876,-0.0008173520684649711,-0.0019190107007076708,-0.0024718819315598713,-0.00451886530912343,-0.019384874420764257,Ridge_alpha_fixo,30
-0.00041831651488580794,-0.0013654080756976856,-0.0014566024536080313,-0.0021012740343198002,-0.0030698468492450738,-0.004620276612583874,Ridge_alpha_fixo,30
-0.0005855228524006653,-0.001982734484746803,-0.004578313867020599,-0.009000284491392377,-0.010711493239789859,-0.012308527397311366,Ridge_alpha_fixo,30
-0.00043665764127751467,-0.0016415490712950566,-0.0030089331490494335,-0.005349848289586361,-0.008129411303586246,-0.019432466951826495,Ridge_alpha_fixo,30
-0.0004439504042416886,-0.0011801497853675636,-0.0025899564231956053,-0.006597183950925431,-0.009242336452537341,-0.012696728577851885,Ridge_alpha_fixo,30
-0.000205863949861005,-0.0007267582902886142,-0.002122736905428938,-0.005440422319458044,-0.007335330999125299,-0.01341047538104662,Ridge_alpha_fixo,30
-0.0006567938758629189,-0.002024112783651754,-0.003770853554509181,-0.006843319954878093,-0.0086023021825126,-0.014851770109828981,Ridge_alpha_fixo,30
-0.00039127826213352046,-0.0017181060244828,-0.0026708235303425855,-0.00452024869931845,-0.0044010795083712796,-0.00897842570554332,Ridge_alpha_fixo,30
-0.00044214903058501686,-0.002435406291827354,-0.003883339375181842,-0.00706334396082067,-0.009405905609006551,-0.01122801849280422,Ridge_alpha_fixo,30
-0.0003990421135730583,-0.0009339763276705464,-0.001302226799929972,-0.0019451410849809522,-0.0019994792342178784,-0.012406959659392187,Ridge_alpha_fixo,30
-0.0004621363462717836,-0.0019579499992878643,-0.0033085952451294004,-0.006143114890025204,-0.008019255850433088,-0.013162213185091875,Ridge_alpha_fixo,30
-0.0004122796565637541,-0.0016779562097828315,-0.002888508920711899,-0.006880768534474482,-0.005572930242169852,-0.012894299079929214,Ridge_alpha_fixo,30
-0.0001081799420682292,-0.0004215527656761798,-0.0009462995422067792,-0.002854856301953464,-0.004814735607685093,-0.012404633525547468,Ridge_alpha_fixo,30
-0.0004954287477371947,-0.001271085982268879,-0.001957730440144275,-0.003437995374190888,-0.004330240509871689,-0.00727942995893839,Ridge_alpha_fixo,30
-0.0004555572848104559,-0.0012883874489300758,-0.0022752019851984663,-0.004090670070113666,-0.005291607474383697,-0.015365134074483451,Ridge_alpha_fixo,30
-0.00029712500518657824,-0.001073931150884261,-0.0020626259457402203,-0.004629305095713887,-0.006561165637246443,-0.011684989780756019,Ridge_alpha_fixo,30
-0.0006721918141663084,-0.0020005388093807886,-0.003788428800301197,-0.007544375129341987,-0.007598878190887491,-0.0064498724920433225,Ridge_alpha_fixo,30
-0.0005551120527388214,-0.0018385254429251804,-0.0033425154648766523,-0.006673162571560615,-0.00987081862538071,-0.015860409562055824,Ridge_alpha_fixo,30
2.3582088854975324e-06,0.00018086339956031983,7.844756831310522e-05,-0.001117959834805158,-0.0027925299891922435,-0.010510857301266293,Ridge_alpha_fixo,30
0.00010732742622172405,0.0007606628448334388,0.0007826310876007719,0.002930757085943725,0.005252102938592687,-0.001604852598334426,Ridge_alpha_fixo,30
-0.0001867818791451862,-0.0012030469270731003,-0.0022640212946429456,-0.0035168158088996547,-0.0038238186264487016,-0.014430338608063083,Ridge_alpha_fixo,30
-0.00031992708295710415,-0.0011814222953860879,-0.0024500841733861977,-0.003698391417199575,-0.003903369594966667,-0.02071356112637383,Ridge_alpha_fixo,30
-0.0002200789817908655,-0.0006334047052118736,-0.0009523512067313997,-0.002229490156276496,-0.003624231678511465,-0.009391413079591591,Ridge_alpha_fixo,30
-0.00034696224438290966,-0.0010583879910749255,-0.0013868558882304957,-0.002361428904064641,-0.002597388385814394,-0.0026327840083276957,Ridge_alpha_fixo,30
-0.00039640708792967633,-0.001416544346953177,-0.0015115859971764451,-0.0005238396865737962,0.0014639929493177708,0.0052528657411421605,Ridge_alpha_fixo,30
-0.0003168969355546384,-0.0004979439320777489,-0.0009501939240072194,-0.002386197512726274,-0.0035886452505367776,-0.008661760588668164,Ridge_alpha_fixo,30
-0.00048376802182798417,-0.0010302921271642042,-0.002372829614453691,-0.0036220060419407327,-0.0036393966328205594,-0.007375098639749331,Ridge_alpha_fixo,30
-0.000376952260441893,-0.0011922550594958463,-0.0021738658696237034,-0.0036594190314414377,-0.0034830217933751605,-0.006433786288671956,Ridge_alpha_fixo,30
-0.0002699618167695244,-0.0010669047217062582,-0.0018977751108966165,-0.003058556146821253,-0.00407720957001461,-0.012998299052358147,Ridge_alpha_fixo,30
-0.00046674159512182943,-0.001759165526937674,-0.003151325739457857,-0.004426223219713056,-0.006192259824775679,-0.006837133276433761,Ridge_alpha_fixo,30
-0.00038253734796326125,-0.0014983727740242592,-0.0027906559301524533,-0.0050377404978589856,-0.007590099928666302,-0.01287689261049294,Ridge_alpha_fixo,30
-0.0005237153459214059,-0.001320845228835923,-0.002405674943254181,-0.0043206969234698914,-0.0057518438596266975,-0.013590921574530878,Ridge_alpha_fixo,30
-0.00030172763270333624,-0.0017159770945264475,-0.003091219855241135,-0.004951952078702502,-0.00523533886476034,-0.012685733253832848,Ridge_alpha_fixo,30
-8.318501647916563e-05,4.822525627157066e-05,0.000164792288960695,0.0003405934232249299,0.00010549091856854944,-0.009854089345956484,Ridge_alpha_fixo,30
-0.00025260735348838577,-0.0007607191860500455,-0.0019310545986121184,-0.004280091267544948,-0.006082624336676366,-0.014121178002210594,Ridge_alpha_fixo,30
-0.00025302466634692753,-0.0009260566880917268,-0.0014017041584676506,-0.0017757344522005669,-0.0027224525270536184,-0.010993423526052556,Ridge_alpha_fixo,30
-0.0002484782402347437,-0.0005091818725236239,-0.0005530107949474345,-0.0015465501161318073,-0.001347360348203511,-0.007136346940084904,Ridge_alpha_fixo,30
-0.00015645359310523447,-0.00019981582824046902,-0.0004833158789203364,-0.0009522610790545889,-0.0017314611838175067,-0.005668717262147449,Ridge_alpha_fixo,30
-0.00013766399106764923,-0.0006330396331242191,-0.0017606817137041195,-0.004202500930116986,-0.006091566704900389,-0.011364108971610831,Ridge_alpha_fixo,30
-0.00043604504050092773,-0.0013551231556503487,-0.0033445556403981828,-0.008395657664631054,-0.012470810361104723,-0.02074419295261125,Ridge_alpha_fixo,30
-0.0005427995336016045,-0.0012691159129237398,-0.0031740756080989685,-0.006120015532658809,-0.008735067096051097,-0.011901085888666927,Ridge_alpha_fixo,30
-0.00024108750408362352,-0.0005826957702837827,-0.0006726335973415938,-0.002275700012290098,-0.003461437678266232,-0.009247492000499853,Ridge_alpha_fixo,30
-0.0002694571211117393,-0.0011930570996172072,-0.001352782583833493,-0.001942742130483629,-0.002851110466827746,-0.004696189855911297,Ridge_alpha_fixo,30
-0.0003871722062134455,-0.0007534805461670804,-0.0009578449552946966,-0.0015171365135161746,-0.002989550180843267,-0.013758347330916779,Ridge_alpha_fixo,30
-0.00029464494385060357,-0.0014351189589911688,-0.0024553806510484175,-0.003927470860097947,-0.00444040429139208,-0.012282031130746536,Ridge_alpha_fixo,30
-0.00021662524499239046,-0.0008227492350940152,-0.00047011742901331905,-0.00039455908389409247,0.0013824102369112507,-0.0008309008778716071,Ridge_alpha_fixo,30
-0.00023610816048587758,-0.0006191518740631763,-0.0010350719933492835,-0.001058441919321481,-0.00024283033605623956,-0.00383777894974667,Ridge_alpha_fixo,30
-0.00035355958513542626,-0.0011617364265036675,-0.0016555277736570583,-0.0024620265870963086,-0.004420679574261146,-0.010640483541998418,Ridge_alpha_fixo,30
-0.00040401213601075624,-0.0017008229064439473,-0.0025614796125038052,-0.0039719466926706705,-0.003875594408568147,-0.007210812905803358,Ridge_alpha_fixo,30
-0.0001697797593759446,-0.0005026603610903598,-0.0013100788624761167,-0.003233467000273822,-0.0059544458910918896,-0.016129106969256558,Ridge_alpha_fixo,30
-0.000367986300929987,-0.0010632347922567825,-0.0003153389609244979,0.0011493736216441144,0.0014255571344712176,-0.010372345039511188,Ridge_alpha_fixo,30
-0.0003015842379455272,-0.0012505249825109147,-0.0021626799736863167,-0.004441661525200078,-0.006287727235113476,-0.01152360762865704,Ridge_alpha_fixo,30
-0.00039549211649688495,-0.0012986555225131548,-0.0018366715558203381,-0.0035715126168147492,-0.004475775914254672,-0.010934427402101968,Ridge_alpha_fixo,30
-0.0003278007810933011,-0.001565476223066695,-0.0022044881452207353,-0.00303921392782684,-0.0044127915585080325,-0.011527718574138719,Ridge_alpha_fixo,30
-0.000342360841739411,-0.000966735333402265,-0.0006712636902879911,-0.0018243645142255287,-0.0025718059720227743,-0.008162842378671847,Ridge_alpha_fixo,30
-0.0002672042203864308,-0.0006674889308471859,-0.0015440457268246217,-0.004999719749965213,-0.009624751169470445,-0.020019228057100446,Ridge_alpha_fixo,30
-0.00032759035256760966,-0.0005479932069021467,-0.000482825411679495,-0.000661854537033011,-0.0011599330921094975,-0.01417922785006428,Ridge_alpha_fixo,30
-0.0001735081734639875,-0.0010458451227541917,-0.0024290952893981947,-0.00614562386299995,-0.010682892387516817,-0.028690814224692048,Ridge_alpha_fixo,30
-0.0003595477358690657,-0.0007543226882691904,-0.000956454986189714,-0.002797581972203567,-0.00429788710264273,-0.012282907895260027,Ridge_alpha_fixo,30
-0.00048627588006755306,-0.0016504772401389632,-0.0020224371761443714,-0.0027962570075934045,-0.004312558599749309,-0.007552759628555085,Ridge_alpha_fixo,30
-0.0003837946265171384,-0.0014277498701438544,-0.002289109176716212,-0.003950625167471078,-0.004320387124014011,-0.004614274074383726,Ridge_alpha_fixo,30
-0.0003824914220163242,-0.0009403194200697499,-0.0012015249107400119,-0.0012022858191018332,-0.0017865947949368382,0.0007158022375196437,Ridge_alpha_fixo,30
-0.00025791756894182137,-0.0009699031074706309,-0.0012888431737753862,-0.0027564304151655164,-0.004929495372404718,-0.013616690608182354,Ridge_alpha_fixo,30
-0.0003710845481422027,-0.0012358531448045354,-0.0019546453438725048,-0.004574705004060682,-0.006661441333182425,-0.012078906625768741,Ridge_alpha_fixo,30
-0.0002983344398228153,-0.0015926147320445045,-0.0039832260715028335,-0.007422864418072064,-0.010734655227468208,-0.016606101446632115,Ridge_alpha_fixo,30
-0.00023157009262993932,-0.0010160592228953492,-0.0024046337278829473,-0.006760641819539132,-0.010473306359018617,-0.01672695131337348,Ridge_alpha_fixo,30
-0.00022976394618843323,-0.0009132581363135648,-0.0012816607708499303,-0.0025699898104807515,-0.004359279626494711,-0.016681105391513504,Ridge_alpha_fixo,30
-0.00023019263788529991,-0.0004222293368735218,-0.00011472273131937709,0.0001045417175763088,-0.0007236321417544463,-0.00827828561651621,Ridge_alpha_fixo,30
-0.00038523369479593136,-0.0010278997510937517,-0.0024883076652673056,-0.004725095894486302,-0.006125585327773682,-0.013514490574451806,Ridge_alpha_fixo,30
-9.003546657773397e-05,0.00045920814046278535,0.0006938484323345924,-0.0006107540165333473,-0.0016217836400187918,-0.009701167978303222,Ridge_alpha_fixo,30
-0.0002831342625462461,-0.0012230481992833088,-0.002139206341694786,-0.004624055715423102,-0.00595781810582779,-0.010642960520549086,Ridge_alpha_fixo,30
-0.00034931896374981497,-0.0015028307197340572,-0.0029065246278355715,-0.005051779442495934,-0.006528251875041359,-0.013295482422898937,Ridge_alpha_fixo,90
-0.0006156573573421571,-0.002489141201353583,-0.004352702818692522,-0.0072060870125778735,-0.010741820748842511,-0.017443298769729058,Ridge_alpha_fixo,90
-0.0002171569764216762,-0.0007598660651282192,-0.001342811716787569,-0.0025428349045774493,-0.0029547128737439084,-0.0068640674814399606,Ridge_alpha_fixo,90
-0.0002659535331121418,-0.0010332227755525689,-0.0018067158509903303,-0.004182929193493701,-0.006002451235404857,-0.015694789722408474,Ridge_alpha_fixo,90
-0.00026087867764106666,-0.0011195450083663688,-0.0018321847380297369,-0.002513761517426202,-0.0035385401572271733,-0.012374165219754237,Ridge_alpha_fixo,90
-0.0004987919582868138,-0.0018808084461257003,-0.002700278612803687,-0.005614497439575983,-0.008335404891767643,-0.015053737105781017,Ridge_alpha_fixo,90
-0.00021160263338545926,-0.0007710652608190427,-0.0009322332551585337,-0.001470305731492999,-0.0023205903072379764,-0.004256588241389782,Ridge_alpha_fixo,90
-0.00019115446223457233,-0.0002958075892445988,0.0011481857071309707,0.0038044301121676377,0.006957958490393662,0.007123086551545113,Ridge_alpha_fixo,90
-0.00029530055539973957,-0.0009687819663883308,-0.00129209654802346,-0.0014216058375431963,-0.0008758684156557638,-0.0046487399911589585,Ridge_alpha_fixo,90
-0.0002581857210326275,-0.0007997006300340869,-0.0006400490701615515,-0.002001791437414096,-0.004199954340485143,-0.016885571689827454,Ridge_alpha_fixo,90
-0.00025610844400865667,-0.0010985793251893517,-0.0010248750371145317,-0.0003412442098405548,0.0007617616854435028,0.0011482333606874851,Ridge_alpha_fixo,90
-0.0002732751934438468,-0.0012439940743453894,-0.0026595894810808283,-0.005998825080490248,-0.009049621353536062,-0.021060724492604155,Ridge_alpha_fixo,90
-0.000456812065984116,-0.0019757757430207815,-0.0038746776170233343,-0.007141873254518784,-0.009618256043754034,-0.021205127234556708,Ridge_alpha_fixo,90
-0.0003073406582307814,-0.0014453643996077848,-0.0019955186465381775,-0.004421826734017373,-0.006219372086741381,-0.016171616032007875,Ridge_alpha_fixo,90
-0.00035374354236129683,-0.0007340381774461463,-0.0011634730743025313,-0.002683863941639353,-0.0037623018976491265,-0.007313891620422298,Ridge_alpha_fixo,90
-0.0002379814537330363,-0.0007336385572757431,-0.0010330530212373373,-0.000508338287216587,0.0005662629368438861,0.0009260478999258069,Ridge_alpha_fixo,90
-0.00019290129376101295,-0.0006740532301984408,-0.0006100117999832168,-0.0009573812694593459,-0.0007371302942968352,-0.00682705216580518,Ridge_alpha_fixo,90
-0.00046616749713784193,-0.0011679013572000636,-0.001960390687859805,-0.004069216751027962,-0.00624854208574194,-0.009321622835802339,Ridge_alpha_fixo,90
-0.00036324691496324277,-0.0013888834490502755,-0.0019360614341705775,-0.002686165047603667,-0.003552980260050768,-0.00956151148883995,Ridge_alpha_fixo,90
-0.00026654340074517527,-0.0013171113989676833,-0.002693758947351644,-0.004827958114348332,-0.005566180195670227,-0.00619419135316856,Ridge_alpha_fixo,90
-0.000127585875017529,-0.00030003311510175024,0.00016463411014816686,0.0012214264396632566,0.0030059894518914875,-0.002101132269343302,Ridge_alpha_fixo,90
-0.0001960166255558414,-0.000942563950082263,-0.001394194604529311,-0.0025116264566355305,-0.0031180915534915424,-0.00923635483899597,Ridge_alpha_fixo,90
-0.00033070078214885243,-0.0006444135894380691,-0.0015485827061860167,-0.0022897583185728493,-0.0008206527841189404,-0.0032796360773551725,Ridge_alpha_fixo,90
-0.00013834353214444055,-6.343613211994155e-05,0.00048035601246393053,0.0012962256421628251,0.0010879700104544263,-0.008424317876998228,Ridge_alpha_fixo,90
-0.0005899716810606477,-0.0025421115103666184,-0.004855988362853158,-0.009009504371728639,-0.01200544307582523,-0.026729586020572845,Ridge_alpha_fixo,90
-0.0003537323401032824,-0.001180382431569044,-0.0017605103052771704,-0.00307980863552654,-0.004074439813130344,-0.012330428159346303,Ridge_alpha_fixo,90
-0.0002970270530879215,-0.0008544173976095812,-0.0013814987435884708,-0.0021868643357537674,-0.0027447048399900573,-0.007919911692731265,Ridge_alpha_fixo,90
-0.000444314057322328,-0.0015394881852220442,-0.0027539151111407884,-0.005089996767530903,-0.006697761276678001,-0.013168485526260097,Ridge_alpha_fixo,90
-0.00028236359803527104,-0.0012373068917961331,-0.0022493161579583065,-0.004672892764131908,-0.007714327605222424,-0.01904186783257862,Ridge_alpha_fixo,90
-0.0003639519562841352,-0.0018406461394987897,-0.003317612843496551,-0.0061003625280509925,-0.008549616985407538,-0.017115649243327875,Ridge_alpha_fixo,90
-0.00019016903694448966,-0.00044963988038824055,-0.0006339552575016777,-0.0009868288876870984,-0.00045666956112036457,-0.006363126647037143,Ridge_alpha_fixo,90
-0.00033633769971235823,-0.0008628953657975654,-0.0011512632090788187,-0.001785352557670141,-0.0030041103268741154,-0.005589604479141313,Ridge_alpha_fixo,90
-0.00022564522693864974,-0.0014864597442222085,-0.0029553948580569953,-0.0049273922516232345,-0.006894777801353514,-0.01783162758878951,Ridge_alpha_fixo,90
-0.00026644853657219105,-0.001103739730452206,-0.0016230210359882559,-0.0028560235641272884,-0.003600482783314651,-0.010928041023163814,Ridge_alpha_fixo,90
-0.0002539172456226583,-0.000787681989906542,-0.0005317246001455777,0.0007539888416817717,0.0034996969277233353,0.004279263182941916,Ridge_alpha_fixo,90
-0.00013705533949288676,-0.00013245078845212793,0.000631747061135521,0.0014784054880874868,0.0015071431791191775,-0.0017390905865696709,Ridge_alpha_fixo,90
-0.0002663675655089368,-0.001205382152519399,-0.001475561893636611,-0.0015708333084302804,-0.0014421487857301078,-0.005110321643867639,Ridge_alpha_fixo,90
-0.0002662402457240515,-0.0011326883601899948,-0.0022988793873767056,-0.004000504102665499,-0.004590179120484791,-0.010909138245246966,Ridge_alpha_fixo,90
-0.0003076497355968933,-0.001034244568942231,-0.0018221254888070764,-0.004000456209781936,-0.006158769029246921,-0.016026576853467228,Ridge_alpha_fixo,90
-0.0001937139751014044,-0.00034424002020327037,0.0004484019532933429,0.0018538454384696584,0.003305941020152438,0.0028175615982436873,Ridge_alpha_fixo,90
-0.0003089354228746043,-0.0012455682048007884,-0.0017712194198978859,-0.004382616078661348,-0.005539746950948371,-0.014179076194774067,Ridge_alpha_fixo,90
-0.0003418223131466297,-0.0009130594053153751,-0.0017174750091585153,-0.003989344831338341,-0.004324734966393009,-0.0017956063195767329,Ridge_alpha_fixo,90
-0.0001327268917732336,-0.00040315731655878024,-0.00034210537454740247,-0.00012718715514671236,-5.954246037456105e-05,-0.0019277571972756192,Ridge_alpha_fixo,90
-0.00032560964427346756,-0.0013169756461582516,-0.0016668976982682077,-0.0015360886078176598,-0.00037766797140275754,-0.0015755800985365592,Ridge_alpha_fixo,90
-0.00019718927637085604,-0.0002599464002373176,0.0010992605289530694,0.0036294014277243806,0.00627528628690689,0.0037063493260052417,Ridge_alpha_fixo,90
-0.0002428245677553861,-0.0009955491188324182,-0.0019224289288308123,-0.004467588395338954,-0.006756869746131153,-0.01924434119148836,Ridge_alpha_fixo,90
-0.00040048870763448416,-0.0009942157072286748,-0.001092833043666761,-0.003094438538744004,-0.005245765861057858,-0.009011259166378497,Ridge_alpha_fixo,90
-0.0002512550721430591,-0.00029728081652745733,-0.0012230218539494503,-0.003741865568795735,-0.005903944824640698,-0.011352032401211383,Ridge_alpha_fixo,90
-0.00015298358747304423,-0.0006315067661775825,-0.0010068095642487204,-0.0018136424377147927,-0.0025619300477712297,-0.009645468101739368,Ridge_alpha_fixo,90
-0.0001506553055026077,-0.000787248126078422,-0.0012362450587514477,-0.0018546584197782488,-0.0033150690836120707,-0.014869189212616924,Ridge_alpha_fixo,90
-0.000246354588934228,-0.0011208586087383876,-0.0015351823556034705,-0.0023151669702030117,-0.003481291831491512,-0.009425421147788167,Ridge_alpha_fixo,90
-8.462856050892937e-05,3.078165454126229e-05,-0.0005351161944038495,-0.0035372864098446484,-0.004914338363800675,-0.0128164641506253,Ridge_alpha_fixo,90
-0.0003295311960048309,-0.0017017045227109616,-0.002793822441478918,-0.004937149552328513,-0.006186398779685179,-0.010952661288601841,Ridge_alpha_fixo,90
-9.814943097428569e-05,-0.0008027931204703594,-0.0015227142504465369,-0.002670202108937887,-0.0038848975842622336,-0.01112803974625327,Ridge_alpha_fixo,90
-0.0002513708897284786,-0.0006849737031902675,-0.00027340486032732255,0.0017847884472806889,0.0037710668928647205,0.0023076522592236403,Ridge_alpha_fixo,90
-0.00024661434701671943,-0.0008506462101100697,-0.0016083040984603463,-0.0037912772522305407,-0.006149127296294553,-0.016439516245998254,Ridge_alpha_fixo,90
-0.0002324257304628326,-0.0009570401764429826,-0.0018441326202505576,-0.0033252292358364184,-0.004155489521469859,-0.011646445427053743,Ridge_alpha_fixo,90
-0.00032224175632301113,-0.0010564938756325206,-0.001493596691373386,-0.00266235024353993,-0.004011637684117671,-0.008712071914546798,Ridge_alpha_fixo,90
-0.0003354064177181576,-0.0007553998205181941,-0.0015753188812946896,-0.0032748131993964582,-0.004601404516279502,-0.007738640652157429,Ridge_alpha_fixo,90
-0.00021595756994431548,-0.0009747626590253409,-0.0024908290425267247,-0.005707370984942024,-0.008641000516564181,-0.01817902840834363,Ridge_alpha_fixo,90
-0.00033634046160142074,-0.0008304300526290306,-0.0013843899460378646,-0.003498563452993845,-0.005843343241547391,-0.01745941801529207,Ridge_alpha_fixo,90
-0.0001373828312598185,-0.00025740985609606215,2.83715803855744e-05,-0.00024374131937862067,-0.00061858197072092,-0.005959388420923128,Ridge_alpha_fixo,90
-0.00021321347891257149,-0.0011092761425553212,-0.0017388367984108074,-0.0031425862359531665,-0.004084567353745493,-0.008690387152210773,Ridge_alpha_fixo,90
-0.0002247208660617688,-0.0011597392498018798,-0.0020208365195236314,-0.0030606157664828646,-0.004125918885574449,-0.009007465650814069,Ridge_alpha_fixo,90
-0.00018258678689584757,-0.00069782933678265,-0.001625359988637626,-0.0029291984052422465,-0.004246747296950513,-0.006855371524179625,Ridge_alpha_fixo,90
-0.0003070589942055987,-0.0011624154304237864,-0.0024670856794298383,-0.006156096118529337,-0.00996374863004435,-0.020415416940117868,Ridge_alpha_fixo,90
-0.00031236465093281116,-0.0010736377120316382,-0.0013158006641535616,-0.0025788032304817432,-0.0036345496647155638,-0.012094578336447658,Ridge_alpha_fixo,90
-0.0004118419909421545,-0.0017286990530472077,-0.003467559356173375,-0.006194941931169969,-0.008580450065336554,-0.017734978001280467,Ridge_alpha_fixo,90
-0.00027941727912048585,-0.0010520928523115032,-0.0015643520647619638,-0.001981790789653715,-0.0018851402215298927,-0.008508213250734689,Ridge_alpha_fixo,90
-0.0003249035753800827,-0.0009342100957544648,-0.001294379972509831,-0.002201563762849646,-0.002721826643845185,-0.00837605514118309,Ridge_alpha_fixo,90
-0.0001650397334856231,-0.0006364943948212136,-0.0020131073540145686,-0.004369351965206802,-0.006334201613200691,-0.01434674980976907,Ridge_alpha_fixo,90
-0.0003462594635020736,-0.0008494524096351063,-0.00171585758759365,-0.004203051941090245,-0.006877025672814406,-0.014084833943928501,Ridge_alpha_fixo,90
-0.0003779242928124448,-0.0013659853638450037,-0.0029807057487565305,-0.006336900743171247,-0.008617873110284682,-0.016563012161381247,Ridge_alpha_fixo,90
-0.0005585971424523262,-0.0018374194448444476,-0.0033006223078250923,-0.006429183878756289,-0.007976445143575386,-0.009571884109879277,Ridge_alpha_fixo,90
-0.00017880003739152432,-0.000848114222344797,-0.0012017728588292064,-0.001556618758224964,-0.001134170409806657,-0.004647221562333111,Ridge_alpha_fixo,90
-0.0002089956183602224,-0.0006547332578091613,-0.000838170877014909,-0.001319378797345315,-0.0020685587817699073,-0.008193250687072835,Ridge_alpha_fixo,90
-0.0005407920168946238,-0.0017335140538504018,-0.0030649119090096284,-0.005891255840527806,-0.007642361614563065,-0.01423722640654813,Ridge_alpha_fixo,90
-0.00011939604407853239,-0.00043717083586040906,-0.00039278757999370483,-0.000153114741047794,-0.0007561595540970148,-0.005575347144153151,Ridge_alpha_fixo,90
-0.00022547797710649714,-0.0013740075044035617,-0.0030019045350049237,-0.006124895871760965,-0.008835878059331401,-0.023507994088020127,Ridge_alpha_fixo,90
-0.00023679094693460778,-0.0006981021157532606,-0.0017204961583118196,-0.0033811999647374957,-0.0046143731591073685,-0.008237810122092792,Ridge_alpha_fixo,90
-8.849316765194755e-05,-0.0004408980839553265,-0.001245725595031961,-0.0028370263118838905,-0.004227294567134351,-0.01236486486996164,Ridge_alpha_fixo,90
-0.00012524282465447033,-0.00024385996872593183,-0.00042992004789722685,-0.0007965592381476872,-0.0009396271329808891,-0.003855290491729716,Ridge_alpha_fixo,90
-0.00031021097517246996,-0.0009889534454389506,-0.0022148302983299533,-0.004611374516691297,-0.007685594521318194,-0.017708304926184425,Ridge_alpha_fixo,90
-0.00024387564334070098,-0.0011802783712249508,-0.0016803323705796027,-0.0015057076600156433,0.0005695075227181012,0.006621675936618048,Ridge_alpha_fixo,90
-0.00011204719010085698,-0.00041678054111125585,-0.001238906266338032,-0.0025843213968681253,-0.003597034258442912,-0.013600463477908994,Ridge_alpha_fixo,90
-0.00016994837531370953,-0.0005357316674763467,-0.0010030735672950132,-0.001804838108397633,-0.0032310785863547777,-0.015500413388906153,Ridge_alpha_fixo,90
-0.00022734296623051664,-0.0008758218390190996,-0.0019247797556885874,-0.004808376541480566,-0.007816686476506478,-0.017792490167206614,Ridge_alpha_fixo,90
-9.643991798262152e-05,-0.0006445871710748029,-0.001322315276952948,-0.0028638261507348455,-0.00399302221712075,-0.009795170388348463,Ridge_alpha_fixo,90
-0.00015079465117012086,-0.000692433551119354,-0.0007494938107726259,-0.000944649431899772,-0.0009387920310727515,-0.01046337975626635,Ridge_alpha_fixo,90
-0.00043872942843989755,-0.0014902930751599357,-0.001963045348116468,-0.0032748771609731908,-0.0043677734460143905,-0.00978282142498526,Ridge_alpha_fixo,90
-0.0003366362851423321,-0.0012009961904240378,-0.0014811355432230047,-0.004081760561223344,-0.007500301285933721,-0.02199379985909634,Ridge_alpha_fixo,90
-0.0002010490188965651,-0.000607026722579953,-0.001332837063651291,-0.002845130501712726,-0.005053594176218359,-0.012995538325989433,Ridge_alpha_fixo,90
-1.2466994265057729e-05,0.00031380067029713646,0.0011210162119658729,-0.0005464092128726279,-0.0026544641140391918,-0.004387528707283326,Ridge_alpha_fixo,90
-0.00021812702510411817,-0.0008724896242362708,-0.0010240708036506892,-0.0015684492294357792,-0.0010239503539315597,-0.006603703892322286,Ridge_alpha_fixo,90
-0.0004845686774741422,-0.001803183511225029,-0.0033650341173451755,-0.007663574721676934,-0.01091406475794748,-0.02019352208599954,Ridge_alpha_fixo,90
-0.0002592925974075059,-0.0009080232882066676,-0.001016046774531258,-0.0012280215992670441,-0.0014865485162509839,-0.0069113511927397075,Ridge_alpha_fixo,90
-0.0004018065914697531,-0.0010886385718955527,-0.0019805201356588266,-0.004720726179923528,-0.006511496614629707,-0.011980002381119176,Ridge_alpha_fixo,90
-0.000458256671952932,-0.0020265687114677227,-0.0036608799541645825,-0.008262084527277953,-0.012696231815972733,-0.017304343027601813,Ridge_alpha_fixo,90
-0.0002956758300961219,-0.0010592630951583883,-0.0011539759580540144,-0.002947418171758764,-0.004121286726563318,-0.011693511468652351,Ridge_alpha_fixo,90
-0.00023708464235116673,-0.001203960276530389,-0.0016985443880777997,-0.002319068843744538,-0.0031561150282119104,-0.01343357816043422,Ridge_alpha_fixo,90
-0.00016687866641813622,-0.0006004998156469457,-0.000561340687744755,0.0005074839480076515,0.0019936146820692655,-5.206667067411656e-05,Ridge_alpha_fixo,90
-0.00026948591697968205,-0.0007278381492517208,-0.0010579467497160502,-0.001809564859469235,-0.0026809685197324777,-0.007089156295524321,Ridge_alpha_fixo,90
-0.00028837467222906515,-0.001422529128742675,-0.0024869059541692243,-0.004370180585314047,-0.004969624221645438,-0.009649903444888235,Ridge_alpha_fixo,90
-0.00011194332913424703,-0.00032214034117334766,-0.000218084704259415,-0.00014424656719080203,0.0018317121427610195,0.002877968926999142,Ridge_alpha_fixo,90
-8.222423411021081e-05,-0.00016268608175646154,-0.0003973254948378367,-0.0010118107369855775,-0.0017946396589405861,-0.00488284767381058,Ridge_alpha_fixo,90
-0.0002654781516284816,-0.0005715495138457768,-0.001499705162649979,-0.0037370797389595714,-0.005695915894358078,-0.010930552910463447,Ridge_alpha_fixo,90
-0.00020139864646230254,-0.0009446441848675003,-0.0012814374763351819,-0.0017779372473263621,-0.0016542443096422851,-0.006914779340021598,Ridge_alpha_fixo,90
-0.00028222909395103337,-0.0015601857133282805,-0.0023147919829645514,-0.0021477986913511125,-0.0005979942212217998,-0.00672213706528802,Ridge_alpha_fixo,90
-0.00011273553624327983,-0.00033792555635075284,-7.622544918828877e-07,0.00030245621304292243,0.0006172550776328432,0.00030257706301341664,Ridge_alpha_fixo,90
-0.00013563582743197352,-0.0009322768177919581,-0.0016858478104771026,-0.002707660981974123,-0.003188826568491892,-0.007609639200513646,Ridge_alpha_fixo,90
-0.0004968971413828003,-0.0022188550475985397,-0.0038927648943445246,-0.007922481818394495,-0.012260202023001852,-0.020924778861939615,Ridge_alpha_fixo,90
-0.0003021990870173766,-0.0011401902188953959,-0.002484269188678568,-0.005849402227371459,-0.008398119000970285,-0.0205477143309802,Ridge_alpha_fixo,90
-0.0002490941836288215,-0.0007210527065098112,-0.00077824359386833,-0.0013714026155543068,-0.0009076176312705252,-0.003292500763130899,Ridge_alpha_fixo,90
-0.0002684588049687194,-0.001235691365686236,-0.0022767911427232796,-0.004337394094687844,-0.005103968185854162,-0.01035580776874566,Ridge_alpha_fixo,90
-0.00014109078765129387,-0.0005147541954076398,-0.0007244067638522756,-0.001116938552758795,-0.0012773917730283311,-0.004788335138251874,Ridge_alpha_fixo,90
-0.0002593359789035374,-0.0011659353921854468,-0.002519354880858118,-0.004788133197215082,-0.006747334554424105,-0.015408116836788584,Ridge_alpha_fixo,90
-0.00030319470136061874,-0.0015910932412594862,-0.0027954093550308762,-0.00503164006185527,-0.007934789517456296,-0.017751225218419854,Ridge_alpha_fixo,90
-0.00024381330857594274,-0.0009786273102438826,-0.0019203569479119304,-0.0038033499518101825,-0.005362385098441554,-0.00839120348218976,Ridge_alpha_fixo,90
-0.00017003661188132893,-0.00023268639596190957,-0.00034388398720192124,-0.0014887084180459347,-0.003232165749619224,-0.011181255170320098,Ridge_alpha_fixo,90
-0.00012801943115965358,-0.0002632874769575421,-0.0003529569326858527,-0.0005126471874950701,-0.0012439614942870018,-0.00782177277799172,Ridge_alpha_fixo,90
-0.00027951749679414354,-0.0012170442169405647,-0.0017662632931630662,-0.0030024567693714525,-0.004382360631441724,-0.011255341464717674,Ridge_alpha_fixo,90
-0.00012182884147278719,-0.00023570344835505792,-0.0001874465071845696,-0.0003477499582867089,-0.0008510705618590317,-0.0033587519483098166,Ridge_alpha_fixo,90
-0.0001746556315527701,-0.000505535464095969,-0.0009057370976878852,-0.0021310944972405066,-0.0032755363500535173,-0.008644720035418411,Ridge_alpha_fixo,90
-0.00033206620562628727,-0.0012694798537919057,-0.0020863213531269473,-0.003594590307948685,-0.004350287334392143,-0.013282683125964732,Ridge_alpha_fixo,90
-0.00012175247638209764,-0.00011510823209859601,-0.000640447721145105,-0.00158904542461091,-0.0016064373043518242,-0.007036129999631466,Ridge_alpha_fixo,90
-0.00020861548701927264,-0.00022114237838395057,0.0010253952026284454,0.0021287470522255354,0.003035326979195703,-0.005602074061681644,Ridge_alpha_fixo,90
-0.00024142666931176418,-0.0008393371817440283,-0.0018479024504693936,-0.003423642957729076,-0.003489603555893511,-0.008758036774161706,Ridge_alpha_fixo,90
-0.00014202245446153473,-0.00043640386710285304,-0.00036967188652672336,-0.0003938186910636877,3.516379358249919e-05,-0.0056384438851871796,Ridge_alpha_fixo,90
-0.00030544672116512584,-0.0011784309139028371,-0.002447623117113626,-0.004481261125211546,-0.005485425338956701,-0.011627529325096652,Ridge_alpha_fixo,90
-0.00018902029235075358,-0.0007062789992000418,-0.0008528603572935779,-0.0009895872116210222,-0.0009018420647968696,-0.0015344710216772456,Ridge_alpha_fixo,90
-0.00025279531116833133,-0.0007756131442248693,-0.001301686124312109,-0.002206701216772204,-0.0037386884478713637,-0.012438848918097845,Ridge_alpha_fixo,90
-0.0001193937514961905,-0.000171753227368527,0.000619748678860823,0.0022901561594582858,0.004226238465027934,0.00743675303712921,Ridge_alpha_fixo,90
-0.0002868917737037607,-0.0013520804760307687,-0.002117429598226892,-0.003255873360861916,-0.004116626321257488,-0.011801890745146757,Ridge_alpha_fixo,90
-0.00021449383718389665,-0.0011098811261017018,-0.002056317589536792,-0.003980624356432164,-0.005737783556089695,-0.013582295664194744,Ridge_alpha_fixo,90
-0.00024359505835069303,-0.0009766957879432134,-0.0016293074447938957,-0.002793887210683229,-0.0026682912853109126,-0.00545451359264778,Ridge_alpha_fixo,90
-0.00017705886647302987,-0.0009150188092318744,-0.001981363606352704,-0.002993850026938214,-0.003482544556169729,-0.011001421544327707,Ridge_alpha_fixo,90
-0.00019134379492360905,-0.0008106327380506522,-0.0009738051087544737,-0.0015260026636355218,-0.0026071550027128854,-0.00560601264886112,Ridge_alpha_fixo,90
-0.0002397965498926373,-0.0011778625028433648,-0.0019116821792968123,-0.0031809495476243614,-0.0041624351095551505,-0.008001885927164545,Ridge_alpha_fixo,90
-0.00033007448656129914,-0.0011960488005946768,-0.0019170967685826707,-0.0031982682919200387,-0.0045417496980175295,-0.008859758130052426,Ridge_alpha_fixo,90
-0.00011755980724219181,-0.00048517679206085953,-0.0004114888472253561,-0.0015031788441310708,-0.0012845688217806624,-0.002026229048285756,Ridge_alpha_fixo,90
-0.00014674906146102185,-0.0009400052959104842,-0.002169759087442219,-0.0047728890354301595,-0.0070817858825269146,-0.020937160257081106,Ridge_alpha_fixo,90
-0.00036500673367965617,-0.0018530336848663473,-0.004049706063364857,-0.008272027762924567,-0.01183657571239465,-0.01936747746477806,Ridge_alpha_fixo,90
-0.0003080505135673797,-0.0007370316919357963,-0.0008196347405301565,-0.002703293660867934,-0.00465060246537553,-0.009974778697175396,Ridge_alpha_fixo,90
-0.0003097607503494887,-0.0016695857532510068,-0.0028834686876382395,-0.005325601754402451,-0.0066516195591748775,-0.010854807505461283,Ridge_alpha_fixo,90
-0.00013014333066531416,-0.000713440796318539,-0.0012219581565580753,-0.002566070757467559,-0.0030259900416803576,-0.009358735174864248,Ridge_alpha_fixo,90
-0.0001879910783230312,-0.00034723377008124596,-0.00011080682718116976,0.00037251821852323343,0.0014820731246958023,-0.002949518707358349,Ridge_alpha_fixo,90
-0.0002679770259006114,-0.0011978248347346812,-0.0021396258622962323,-0.0032880524815236557,-0.004327166209529236,-0.01252076202639327,Ridge_alpha_fixo,90
-0.00028810011051292673,-0.0010476807812669227,-0.0011566837179527746,-0.0018873661867849947,-0.0018417271601874517,-0.004675947984816068,Ridge_alpha_fixo,90
-0.0003646897541923311,-0.0016260680488194722,-0.002099303268224142,-0.0028122059148283298,-0.004014445464535749,-0.007206339322044565,Ridge_alpha_fixo,90
-0.00017297136500358753,-0.0009363004303227367,-0.0018213551347597073,-0.003086657969945544,-0.003954667456870854,-0.013377557573989105,Ridge_alpha_fixo,90
-0.00013322923871237057,-0.00029664609224516254,0.00010878498212361843,0.0005192135724792359,0.0010704615079649893,-0.003105744563865529,Ridge_alpha_fixo,90
-0.00018408411805322688,-0.00047247596029467064,-0.0009198063565042761,-0.002097374673916739,-0.0028969386379878487,-0.009387379062621609,Ridge_alpha_fixo,90
-0.0002741569549340318,-0.0012985247393798877,-0.002071133537162173,-0.003196901526959076,-0.0030104837354790956,-0.004669735239026565,Ridge_alpha_fixo,90
-0.00013512128708487338,0.00024748064949920817,-3.4879732884140165e-05,-0.0008218469863060406,-0.00235132521373244,-0.009339753786357775,Ridge_alpha_fixo,90
-0.0001121444872472036,-0.00028824527811005903,-0.0006326284856561873,-0.0022749133001689543,-0.005372037506266599,-0.01971286405116758,Ridge_alpha_fixo,90
-0.00015647320954851137,-0.0006069450129411567,-0.0009322237306164078,-0.0013442576804564698,-0.001685922937778431,-0.00868027002941408,Ridge_alpha_fixo,90
-0.0004332597575847646,-0.0009094684339558359,-0.0015019517203679453,-0.002485816465474257,-0.003930130000720461,-0.012104276537323773,Ridge_alpha_fixo,90
-0.0002814921926012354,-0.001202045905673522,-0.001723276050110044,-0.002265343177820199,-0.002769066078516951,-0.007402692185399299,Ridge_alpha_fixo,90
-0.0003089616172484867,-0.0013946054004206586,-0.002122347292359235,-0.004663398485157074,-0.007801927414503843,-0.014695723493599737,Ridge_alpha_fixo,90
-0.00016226410706909796,-0.000564664676988975,-0.0010041050877911567,-0.0018689243840447653,-0.002941313324923043,-0.008514613540410937,Ridge_alpha_fixo,90
-0.00026383121698528067,-0.0010328812179726066,-0.0014580231782787396,-0.0036223821491508895,-0.005174751933439348,-0.010415341598488568,Ridge_alpha_fixo,90
-0.00029501481585103025,-0.0007925030727144846,-0.0014746692371835986,-0.0042076945770594225,-0.006282288432875132,-0.012968023857363323,Ridge_alpha_fixo,90
-9.746479329630873e-05,-4.7452509442407665e-05,0.0011898715964457694,0.003341217996565342,0.007564343272714904,0.011680324616905555,Ridge_alpha_fixo,90
-0.00030778271172145227,-0.0011238105895311924,-0.0010746365166702618,-0.0012417895800884832,-0.0015282590351556376,-0.005372496116038225,Ridge_alpha_fixo,90
-0.00019052348365410448,-0.0006335794240826673,-0.000613558068265081,-0.0004848725869105837,-0.0012240814823832014,-0.008563286412207138,Ridge_alpha_fixo,90
-0.000291139997284885,-0.00100690707897909,-0.0018855660902481947,-0.0031622187753404148,-0.0047662456856739826,-0.016789209311850246,Ridge_alpha_fixo,90
-0.00025496133069973404,-0.0011251953927483122,-0.0011076846875070956,-0.001214233970076149,-0.0008358017376611246,-0.010353631364724617,Ridge_alpha_fixo,90
-0.00029339498414563997,-0.001213362380167357,-0.0028511940883138615,-0.005830656814182099,-0.008732860962052369,-0.02345839282966673,Ridge_alpha_fixo,90
-0.00014721996158531964,-0.0008106778184461951,-0.0015538728726477587,-0.0028100589185650546,-0.004094626547623663,-0.010032711954717225,Ridge_alpha_fixo,90
-0.00040362142438641333,-0.0014151182029738657,-0.0019565758926154693,-0.0023280580687380765,-0.0008885820034343156,0.0010756200687928048,Ridge_alpha_fixo,90
-0.0002854708347561274,-0.0013979235728725555,-0.001994402923442572,-0.003483103468523795,-0.004390779469020759,-0.009405137842642103,Ridge_alpha_fixo,90
-0.0002074930554887267,-0.0008454990820013687,-0.0009149532220588283,-0.0007672935195593283,0.0002807348949669776,0.0006047030484606029,Ridge_alpha_fixo,90
-0.0003489636273063504,-0.001556881049773681,-0.002765382125696389,-0.004288161267167755,-0.005853963329050629,-0.011489689088509378,Ridge_alpha_fixo,90
-0.00011838885496028432,-0.0006003999447561659,-0.0010589335991748087,-0.0022278045963771962,-0.004126093956807253,-0.009552721710495517,Ridge_alpha_fixo,90
-0.0002899721274307408,-0.0012362767591541288,-0.001987675564902937,-0.003322890323469058,-0.003910825292249218,-0.007827167217523743,Ridge_alpha_fixo,90
-0.00011304300043026373,-0.0007308815286360764,-0.00137620564132146,-0.0025537463006325366,-0.004449147711983177,-0.009762358118806942,Ridge_alpha_fixo,90
-0.00022433031383533442,-0.0007224881833886731,-0.0006162466293054023,-0.00033080070602522474,0.0009147745966524334,0.001301293589390626,Ridge_alpha_fixo,90
-0.0001863114406313961,-0.0007520714992773121,-0.0010527651436610453,-0.0013537706761560073,-0.0009798399396673285,-0.01073123510622535,Ridge_alpha_fixo,90
-0.0003349494353188843,-0.0012416228076717348,-0.0020401938831394635,-0.0029975018956510495,-0.00246226590154592,-0.0095956807391872,Ridge_alpha_fixo,90
-0.0001959407934222165,-0.0003436969303171435,-0.0007859427841503684,-0.0008239950359280063,0.0012068172985545136,0.0029107441774290518,Ridge_alpha_fixo,90
-9.517889010451528e-05,-0.00019378253269611192,-0.00031530609919826387,-0.0007243423991197098,-0.0012076870924900645,-0.005034594578100517,Ridge_alpha_fixo,90
-0.0002994114390955345,-0.0009600909416883326,-0.001355624607993377,-0.002295264648195886,-0.0022631854698664054,-0.004204841049116045,Ridge_alpha_fixo,90
-0.00033411632704139854,-0.00136915971042154,-0.0016463686444690036,-0.0015833712932678712,-0.0007371806465707313,-0.006663095537082985,Ridge_alpha_fixo,90
-0.00024192787678886278,-0.0008813897730461635,-0.0018257958337842637,-0.0028325748472615474,-0.003672689759776862,-0.008641848910382104,Ridge_alpha_fixo,90
-0.0005264200548960796,-0.0018320187235527866,-0.0025342691617745313,-0.0037345097860232595,-0.004244035218023094,-0.008120320062015823,Ridge_alpha_fixo,90
-3.469646109528569e-05,-8.465348930975782e-05,0.00016838621248958392,0.0012551773689825785,0.0013420367663721918,-0.0009239575301626355,Ridge_alpha_fixo,90
-0.00023380589090957784,-0.0010375692181907024,-0.0019146639743663298,-0.0036328726167386854,-0.005439962902116815,-0.011040142950613566,Ridge_alpha_fixo,90
-0.00011342940583151495,-0.0005218842384589154,-0.001168303324866893,-0.00222332555982622,-0.0030797511729223725,-0.008276597597307532,Ridge_alpha_fixo,90
-0.0001949842114330039,-0.0005706731516787318,-0.0006741061801380104,-0.0008749963148910164,-0.0007926237513580068,-0.008061967865305707,Ridge_alpha_fixo,90
-0.0005601290985082355,-0.002333954613676695,-0.003947848684676095,-0.00643172419187051,-0.008288708284511441,-0.01414513464686595,Ridge_alpha_fixo,90
-0.00044504299709947686,-0.0011109826511486154,-0.0019366347202744419,-0.004731495447704566,-0.006031389836805877,-0.013768983659323563,Ridge_alpha_fixo,90
-0.00023916876326264758,-0.000678659656353757,-0.00033999326679703945,-0.0007262287203022045,-0.0020165988680265344,-0.007146872093782558,Ridge_alpha_fixo,90
-0.00037032189628748017,-0.0008059919927343508,-0.0013057978700247385,-0.0014482750895253656,-0.000958929792771924,-0.003647015494672091,Ridge_alpha_fixo,90
-0.00015470169174649104,-0.000730903266243749,-0.0011644160936692474,-0.0010700381392991162,-0.0006425295789073739,-0.004951478738165475,Ridge_alpha_fixo,90
-0.00012190026351125906,-0.0003370305717373484,-0.0008081017325070034,-0.001655733809959393,-0.0033235864005076894,-0.014394880266069691,Ridge_alpha_fixo,90
-0.00024383332710767064,-0.0007261025819162305,-0.0008957029199262255,-0.002922016616854497,-0.0054457285289165,-0.015142550929862539,Ridge_alpha_fixo,90
-0.0001565238781653655,-0.0005160844706736623,-0.0009538912387699537,-0.002239637157402026,-0.0029982564466744083,-0.003410403490770509,Ridge_alpha_fixo,90
-0.00019813279420717188,-0.0009780124313865338,-0.0017070102212871734,-0.0026979505626478486,-0.003349626374448065,-0.008315634118573036,Ridge_alpha_fixo,90
-0.0003105628734292417,-0.0010924993982197276,-0.0019179605552802005,-0.002984422191139443,-0.004009311547421533,-0.009182527441611608,Ridge_alpha_fixo,90
-7.84259825321496e-05,-0.00043758818879914205,-0.0013737472507461342,-0.003112340793560751,-0.004131058943967883,-0.005404914298254828,Ridge_alpha_fixo,90
-0.0003391838922571568,-0.0012708210634743379,-0.002187612141347086,-0.005556362077218716,-0.007696818773488631,-0.017594898663041206,Ridge_alpha_fixo,90
-0.00018428560675541036,-0.0006993338718992473,-0.001185607794719277,-0.0021108514860261125,-0.0027817096415088944,-0.013451012227379381,Ridge_alpha_fixo,90
-0.0001407619985540774,-0.00047655743688052715,-0.0009904388041625301,-0.0020246564320754914,-0.0011057697981439844,-0.010170146255658458,Ridge_alpha_fixo,90
-0.00017273171660844066,-0.0006477755114873845,-0.001318574747137872,-0.0018348828136618102,-0.001184514979476664,-0.0035296521760270483,Ridge_alpha_fixo,90
-0.0003412407396628134,-0.0011865526074813912,-0.0016100280537850703,-0.0033581339136474217,-0.004232038106660853,-0.004756274426138138,Ridge_alpha_fixo,90
-0.0003082016986770394,-0.001185957114094814,-0.001819565096852431,-0.0034882143149396277,-0.00491525185498073,-0.009100841647895253,Ridge_alpha_fixo,90
-7.761163905845798e-05,0.0001356611073956664,0.0014093975608414097,0.0038592241238904934,0.007144700235796037,0.003044532378842299,Ridge_alpha_fixo,90
3.818650525095213e-05,0.00015234010587313106,0.0005959712990118369,0.0027183383425547236,0.003981237489690613,0.0014586615513994268,Ridge_alpha_fixo,90
-0.0006288240563539268,-0.0018935119193555737,-0.0028942610116844563,-0.00547298173386749,-0.006923325412848015,-0.009857391915224894,Ridge_alpha_fixo,90
-0.00022404604440688213,-0.0009531889729165137,-0.002059281972351974,-0.004531506524733383,-0.007536258871593081,-0.01634108715806203,Ridge_alpha_fixo,90
-9.103821213029428e-05,-0.00028078874411962597,-0.0002780760049499972,-0.00039375664424603135,-0.0006515670812940253,-0.006726275946020209,Ridge_alpha_fixo,90
-0.0003081312711422888,-0.0010407749455168937,-0.001541423129793475,-0.0025877342206666334,-0.0036670175981640815,-0.010432928266863695,Ridge_alpha_fixo,90
-0.0001097518550203092,-0.00012716035728659665,-0.0003381747537210185,-0.000974469319972182,-0.0017801828477467902,-0.006622364274508766,Ridge_alpha_fixo,90
-0.0002508260976765668,-0.0010856911878481341,-0.0013967099609058541,-0.001136719303088109,-0.0006826463216774608,-0.005774963618179741,Ridge_alpha_fixo,90
-0.0003036294088508633,-0.0010491029348377303,-0.002008913475636507,-0.004224436877497118,-0.0058839570509813975,-0.017006356424845423,Ridge_alpha_fixo,90
-0.0004228162094921368,-0.0013924868988016597,-0.002944910951119933,-0.005804305248772903,-0.007730860683627713,-0.01119318733823505,Ridge_alpha_fixo,90
-0.000237322848726849,-0.0005449489337396847,-0.0010929114111858011,-0.0024223667364832954,-0.003338879397669941,-0.009169078108777864,Ridge_alpha_fixo,90
-0.0005064814019243961,-0.002200922488524196,-0.003926971148720325,-0.005568523048720119,-0.00538384598036614,-0.005981027584194126,Ridge_alpha_fixo,90
1.9693561151235778e-06,0.00027153345034139896,0.0003982957154206878,0.001064112711272354,0.0018632797398605238,-0.0008852280583364912,Ridge_alpha_fixo,90
-0.00036813287014214087,-0.0011405350994179372,-0.0022010226871172016,-0.005222373283828213,-0.007606264923542393,-0.016951948525271997,Ridge_alpha_fixo,90
-0.000381946962851697,-0.0010995087293120688,-0.0014872022960285495,-0.00248091293081767,-0.0031850269267121646,-0.010067268662464596,Ridge_alpha_fixo,90
-0.00023895889190641127,-0.0009051322884429373,-0.0012599466848226728,-0.002379501120008468,-0.002210048892799698,-0.012051554017716242,Ridge_alpha_fixo,90
-0.0001598300357034284,-0.0003521330745362027,-0.0008737054495556247,-0.0019670577525580327,-0.0030059170325347166,-0.00788451007496356,Ridge_alpha_fixo,90
-0.00021662280218687598,-0.0008428498609861726,-0.001359696988745109,-0.002622334392474885,-0.0031976045471536225,-0.00478273857403282,Ridge_alpha_fixo,90
-0.00022198157449067845,-0.001125158778217057,-0.002181235959587642,-0.0038276984743315047,-0.004588238267911258,-0.010901508506608254,Ridge_alpha_fixo,90
-0.0001749770335106879,-0.0008254914781632726,-0.0015417347025758442,-0.0029255993477253265,-0.0033221768343116224,-0.007072610028392782,Ridge_alpha_fixo,90
-0.00019612551104567579,-0.0006243096346780538,-0.00015684443899939177,0.0025267858666176896,0.005675763417456317,0.0076071872093537414,Ridge_alpha_fixo,90
-0.0001797144589130229,-0.000557389525234176,-0.0014644686020534828,-0.0034326899523998964,-0.006319464787675431,-0.016759889817255944,Ridge_alpha_fixo,90
-0.0002503309835058472,-0.0007042215139349251,-0.0004261066516855657,-0.0008671521084220195,-0.0012737918731640244,-0.008688489014869271,Ridge_alpha_fixo,90
-0.00023098206598097548,-0.0008675261411541062,-0.0006615427098487395,0.00033423117640399644,0.0013931796592981584,0.0009155385330016916,Ridge_alpha_fixo,90
-0.0003099884813403474,-0.0010476111111264912,-0.0007278199718156942,-0.0010931490181144779,-0.0021758707769234703,-0.006920791663799077,Ridge_alpha_fixo,90
-8.939294183198897e-05,-0.000574170064552799,-0.0014032005033410852,-0.002451666810730309,-0.0021026339870647954,-0.004561443764005334,Ridge_alpha_fixo,90
-0.00028946131144347233,-0.0013689403327718371,-0.002844859874962462,-0.005484875165036997,-0.007257905063722899,-0.01702320769416826,Ridge_alpha_fixo,90
-0.00016210494570600216,-0.0006943598064543931,-0.0011142744933669633,-0.0030080812163244017,-0.00459819984708084,-0.014160558430981022,Ridge_alpha_fixo,90
-2.2638474370866484e-05,-0.0001042494451439045,0.00011754793208034611,0.00099006213224273,0.0013226959567798416,-0.005869617452838103,Ridge_alpha_fixo,90
-0.00027180206723942526,-0.0009430688250478496,-0.0017379556584974111,-0.0036825288104270363,-0.006385380458449728,-0.012192256608715759,Ridge_alpha_fixo,90
-0.00040638811523906784,-0.0011485862192358559,-9.430330007361496e-05,0.0016289593811186088,0.004733172641878884,0.0012319122277538285,Ridge_alpha_fixo,90
-8.631229148144537e-05,-0.00020885524751161947,-0.0001814478889285913,-0.0005637312550916508,-0.0011098255442487583,-0.0077685993832657734,Ridge_alpha_fixo,90
-0.0001613291707776451,-0.0009354997640298058,-0.0021352525158054156,-0.004455015341185834,-0.005131338587055504,-0.011603308093445251,Ridge_alpha_fixo,90
-7.978700501896585e-05,1.167543473480481e-05,-0.00043602256292806424,-0.0014630141757140211,-0.0015569573985597805,-0.009456034789743026,Ridge_alpha_fixo,90
-0.00026667433533101215,-0.0010953866029789106,-0.0013180184395399648,-0.0020771458276867393,-0.00227361524912731,-0.006094635798298112,Ridge_alpha_fixo,90
-0.0005073502688796096,-0.0021391179087825417,-0.0028940395799747537,-0.004298279947576297,-0.004026607838388086,-0.0012461127939129466,Ridge_alpha_fixo,90
-6.673615061695152e-05,-0.00035810288714812206,-0.000995199661481863,-0.0023651632895152004,-0.0032730887772255417,-0.006620742326865433,Ridge_alpha_fixo,90
-0.00018890536151783293,-0.0005237433734881303,-0.0008094510756106586,-0.0014291478778103797,-0.0011883341234190554,-0.004929540098980704,Ridge_alpha_fixo,90
-0.00041416261199924467,-0.0016153973068250339,-0.0020662071599622006,-0.0030299375936666535,-0.004034492369662988,-0.012074639066513968,Ridge_alpha_fixo,90
-0.00026126045662028675,-0.0009737458252653309,-0.0020920811936866093,-0.004902712001693176,-0.007496153685230302,-0.017061538683813125,Ridge_alpha_fixo,90
-0.00020117686419289366,-0.000881501259839583,-0.0014431707953877872,-0.002645723309454794,-0.003027499738833391,-0.00925630991774559,Ridge_alpha_fixo,90
-0.00039622202963657727,-0.0015101612244266273,-0.003323211588466092,-0.005879318341081548,-0.006545357490484266,-0.012266936142420514,Ridge_alpha_fixo,90
-0.00026592605886379653,-0.0016098159794517728,-0.0028968957710883863,-0.00470269068945098,-0.00574501362688607,-0.0102322532958271,Ridge_alpha_fixo,90
-0.00014651933279841476,-0.0006842113518733337,-0.0007307541308253892,-0.0012597957214897193,-0.0011404316714552316,-0.0008027236449033372,Ridge_alpha_fixo,90
-0.0006452597311011616,-0.002262134780485262,-0.005014380237188657,-0.009893592604330195,-0.012986853359006127,-0.023464534502240435,Ridge_alpha_fixo,90
-0.000445082549077413,-0.001265826387791275,-0.0010386169837784767,-0.0018222537344184091,-0.002105371206417841,-0.0009212333875545375,Ridge_alpha_fixo,90
-0.0001526774765679157,-0.0007508531763256613,-0.001396506870507529,-0.0030278155875987935,-0.004813572984287952,-0.014058083475910631,Ridge_alpha_fixo,90
-0.00013111574694668013,-0.0005247573717971892,-0.0007671571230938382,-0.0018229109090505237,-0.0030787303599979898,-0.01584283262614289,Ridge_alpha_fixo,90
-9.556769786603624e-05,-0.0003104534367580781,8.725297578315106e-05,0.00025735659550471805,0.0008994017484485759,0.0006544552222688418,Ridge_alpha_fixo,90
-0.00014546831708410463,-0.0006430210857545929,-0.0016010417202306153,-0.003665143318213682,-0.005341044052094029,-0.013170681001366093,Ridge_alpha_fixo,90
-0.0003449399999790303,-0.0010666940189921425,-0.001670675704913654,-0.0039874572517007364,-0.005789634435304589,-0.01055980186283363,Ridge_alpha_fixo,90
-0.0002646763970362218,-0.0012752934954081108,-0.001976651999369443,-0.0033357882838751,-0.004160927802460303,-0.006339821876208228,Ridge_alpha_fixo,90
-0.00022898744204784927,-0.0010368814949726498,-0.002501764574360392,-0.005712069290241078,-0.008701231697815679,-0.01914402426268354,Ridge_alpha_fixo,90
-0.0002290254711992728,-0.0006692630264419033,-0.0007458276703034417,0.00030288267348097474,0.0018210221716891096,0.002464108416943406,Ridge_alpha_fixo,90
-0.0003181160526600246,-0.001014623195968514,-0.000795454742434439,0.0002799475711765957,0.00276611294081673,0.0037366068201370407,Ridge_alpha_fixo,90
-0.00027997834949762177,-0.001844614910673749,-0.004579074983598789,-0.009387161188681948,-0.013956295584859802,-0.0288581838466515,Ridge_alpha_fixo,90
-0.00037852943876801135,-0.0011159571135654492,-0.0012910164596944016,-0.0015636388091394456,-0.0015725864093355398,-0.003128047198887839,Ridge_alpha_fixo,90
-0.00018528817501794028,-0.0008894753135815611,-0.0008281673512575,-0.0006396851268915207,-0.001245080909058641,-0.003397574899064611,Ridge_alpha_fixo,90
-0.00019703737352079478,-0.000943597166452378,-0.0008652546773276807,-0.0003774872533100616,0.0005572995182753863,-0.0017230530087112817,Ridge_alpha_fixo,90
-0.0002872623249078508,-0.0002747237374342748,0.0004233079191578274,-0.00011351509430226698,-0.0016922851133701763,-0.013324150981534336,Ridge_alpha_fixo,90
-0.0003784846000821742,-0.0009199272986840319,-0.001016387022378834,-0.002680441617852106,-0.0039766110459986586,-0.018288501923577977,Ridge_alpha_fixo,90
-7.231203396532901e-05,-0.0002994223626551573,-0.0008757039138323908,-0.0023074008046428834,-0.004339872776538103,-0.012871047452728044,Ridge_alpha_fixo,90
-1.215212042604793e-06,2.727821454268041e-05,0.0006209851200936771,0.0031091821690578344,0.006446592655463267,-0.00018825837587009372,Ridge_alpha_fixo,90
-0.0002796101299215395,-0.0008928096902191521,-0.0013370296806599804,-0.0025618995708367315,-0.0034537046722566346,-0.007137183626637094,Ridge_alpha_fixo,90
-0.0002490050919592619,-0.0008782850450297978,-0.001063781765143403,-0.0011914398453307766,-0.001491049523926585,-0.0025064852047890674,Ridge_alpha_fixo,90
-0.00023981419799258154,-0.0008023683522389175,-0.0012972685272097033,-0.0027528586901649508,-0.0024846013452389007,-0.005250093609834791,Ridge_alpha_fixo,90
1.134824690349268e-07,-0.00013332138975362347,-0.0004314223488086197,-0.0013247273898606545,-0.00217478138741594,-0.012651572802976902,Ridge_alpha_fixo,90
-0.0002276603037529224,-0.0011893958458333114,-0.002811859896642118,-0.0066829007159758536,-0.009851723741592523,-0.019117280680722926,Ridge_alpha_fixo,90
-0.0002225927593056068,-0.0007436616472969946,-0.0007913409360449304,-0.00120154722320511,-0.0016135546861911114,-0.006657129834900083,Ridge_alpha_fixo,90
-8.457167481561806e-05,-0.00044425209332559076,-0.0004292949546356161,-0.0009875152976226806,-0.002441453890560849,-0.009408841911937256,Ridge_alpha_fixo,90
-0.00020506356321695884,-0.0004991361593708837,-0.0017705128985721142,-0.004263841838015282,-0.0059045574837758895,-0.011542823161259503,Ridge_alpha_fixo,90
-4.5832899962738444e-05,-0.0003829265089102665,-0.0007834336874785837,-0.0015676271293888957,-0.002123461080785276,-0.00954328841142127,Ridge_alpha_fixo,90
-0.00039984358919401144,-0.0014998746219050544,-0.002698990374470086,-0.005403727140776938,-0.008060348242959129,-0.015146583231619793,Ridge_alpha_fixo,90
-8.431564182283771e-05,0.00018801517870152746,0.0008108904342782426,0.0012370283038849288,0.0014779417506021934,-0.004024635650482937,Ridge_alpha_fixo,90
-0.00014420837007953762,-0.00029450443058256826,-0.00043013861128303905,-0.0006336473417246339,-0.001280748104319025,-0.010450205674137023,Ridge_alpha_fixo,90
-0.00020812655930415374,-0.0006145316804492429,-0.0008760148397990693,-0.002212196374998702,-0.0032429611724586085,-0.013475622146974706,Ridge_alpha_fixo,90
-0.00010929540198790374,-0.00014792817799011779,9.185217001647747e-05,0.0013193898324760707,0.0023925986698394046,-0.0051812909098814764,Ridge_alpha_fixo,90
-0.00026738180420313125,-0.0007872630680794015,-0.0011981572523350682,-0.0028495354680483256,-0.0044834967126025985,-0.009755230627876305,Ridge_alpha_fixo,90
-0.00025876201636399897,-0.001054117100285495,-0.0013789264037891921,-0.0018550692341614587,-0.0010842008148255163,-0.005965322087578441,Ridge_alpha_fixo,90
-2.1526279492102035e-06,0.0003677547327726524,0.0010051447560827716,0.0025849359506395085,0.0037832246239452734,0.004393722761306645,Ridge_alpha_fixo,90
-0.0003728566147095736,-0.001988109845074832,-0.003353539187919975,-0.004866896953466627,-0.0061433955453824365,-0.009093902972390716,Ridge_alpha_fixo,90
-0.00032275062942462625,-0.0010605207435841085,-0.002223654130003198,-0.004203884930811367,-0.005085418036649588,-0.008863994206775697,Ridge_alpha_fixo,90
-0.00022379933394475133,-0.0009318809083936232,-0.001585675065736629,-0.0022599337397421985,-0.001608699411916301,-0.0038933140846644874,Ridge_alpha_fixo,90
-0.0003336158089032289,-0.0012098576851542996,-0.001232726681372211,-0.0014970291863994295,-0.0033585704248524123,-0.012665838146921711,Ridge_alpha_fixo,90
-0.00011841879420869778,-0.00015265433604919366,0.0001327099676635736,0.00048480879318795893,0.0003003463410950758,-0.0036470092493594026,Ridge_alpha_fixo,90
-0.0002045811215817024,-0.0004547257792476063,-7.704682554918097e-05,0.00041153715748724917,0.0014826825198253556,-0.004336014853466283,Ridge_alpha_fixo,90
-0.0002627175901478451,-0.0008710683703083386,-0.001595849734819184,-0.004213758812676286,-0.006426375822782356,-0.021394322031328503,Ridge_alpha_fixo,90
-0.0004415557819315681,-0.0012011229256173846,-0.0012777562013095783,-0.0009758114347799524,0.001217390506175353,-0.00015226981148470456,Ridge_alpha_fixo,90
-0.0002775573392732989,-0.0010508419339565016,-0.002260047526509386,-0.00416778382863686,-0.006531836286952739,-0.011716181797285691,Ridge_alpha_fixo,90
-0.0003098619542676549,-0.000976937398601597,-0.0008720920433886928,-0.0006659983544980456,-0.0010951780690015313,-0.006564018098200662,Ridge_alpha_fixo,90
-0.00017397858939519463,-0.0009015514271978007,-0.001496123702865061,-0.002051465251319776,-0.0010447313989722497,-0.006780655689045668,Ridge_alpha_fixo,90
-0.00032884127203432493,-0.0014916615760278424,-0.002240011104011588,-0.0026580759652724984,-0.002458027385760355,-0.011722009466212624,Ridge_alpha_fixo,90
-0.0001831140644413561,-0.0011943209546756478,-0.0016610994122150864,-0.0014837583944607266,0.00018416334005716254,-0.009352300662623804,Ridge_alpha_fixo,90
-8.4408443770431e-05,-0.00016916197566379027,0.00035068371400896926,0.0009464423464395464,0.0014212733532254311,-0.002301886001561367,Ridge_alpha_fixo,90
-0.0001555284953003576,-9.640030313492349e-05,9.608580325934975e-05,-3.431707875896048e-05,-0.000992194553383354,-0.006236711168221168,Ridge_alpha_fixo,90
-0.00014722467528292707,-0.0006420377908521767,-0.0008987030825783509,-0.0011183916642425963,-0.0004562938669300255,-0.0006095099566163151,Ridge_alpha_fixo,90
-0.0002424460827996289,-0.000887105776074427,-0.0008340684125414426,-0.0009942846349660045,-0.0003109548509039015,-0.0015603390620414221,Ridge_alpha_fixo,90
-8.819203959412903e-05,-0.0004173891671878047,0.00014674899385415052,0.0009972478388815323,0.0028937941477640687,-0.00450865432992214,Ridge_alpha_fixo,90
-0.00010127357598873664,-0.0008143388944716525,-0.001161962302521693,-0.001439213342462426,-0.0020566512591763337,-0.009067254275468185,Ridge_alpha_fixo,90
-0.00033399703242569347,-0.0011439731528719056,-0.0020157441245269173,-0.0033585549885259886,-0.004261794823035242,-0.009320967061031814,Ridge_alpha_fixo,90
-0.0001972435302094324,-0.0006850738016071398,2.275466661665373e-05,0.0011242253893035624,0.004338446154366951,0.0073476794630318995,Ridge_alpha_fixo,90
-0.0002484127218649824,-0.0007156577160801587,-0.0008233936949674099,-0.002189085214773909,-0.004756763885018441,-0.012476374603348616,Ridge_alpha_fixo,90
-0.00030803691090594266,-0.000892101052557353,-0.0005799626084632948,0.001438965461641149,0.006369235939231047,0.009464272836835812,Ridge_alpha_fixo,90
-0.0003029169129281163,-0.001343149843341961,-0.002550074508438633,-0.005097072844523282,-0.007196578552943328,-0.018502267346408918,Ridge_alpha_fixo,90
-0.00023401569146405432,-0.0005570396747245006,-0.0006787055354990269,-0.0003818191953737216,0.0006065150895919894,0.002595152348150833,Ridge_alpha_fixo,90
-0.0003112115309143998,-0.0011071590664466968,-0.0021327329809948444,-0.005712548110134132,-0.009548246659465154,-0.018036425350223373,Ridge_alpha_fixo,90
-0.0002118306408760093,-0.0007950220617392787,-0.0008252030008853974,-0.0008578498182705705,-0.0012797651606027962,-0.009352359596543076,Ridge_alpha_fixo,90
-0.00011889766590038873,-0.00029295371448289254,-0.000614104603510103,-0.0010816053792451845,-0.0019491072855577977,-0.011533937521518035,Ridge_alpha_fixo,90
-0.00023279578438562633,-0.0013378510919498858,-0.0029123615380871903,-0.005477595284512556,-0.007040869430819723,-0.015989253676170857,Ridge_alpha_fixo,90
-0.0005169749928252234,-0.0016294597961309274,-0.0030550380292143475,-0.0071589892198465266,-0.009284952803080284,-0.013868876567649024,Ridge_alpha_fixo,90
-0.0004847787124793458,-0.0020037505015747365,-0.003611717054227461,-0.006140738589215994,-0.005822932390885467,-0.010862610186292304,Ridge_alpha_fixo,90
-0.00020218334789011226,-0.000405114864039174,0.0001256587326495452,0.0007646576549251653,0.0019864279940658624,-0.0016992131047152412,Ridge_alpha_fixo,90
-0.00034515149503954346,-0.0013154520992528142,-0.001794295491954863,-0.0037456841177187497,-0.004843145795140224,-0.013218227383236534,Ridge_alpha_fixo,90
-0.0002771236063832776,-0.0011144354600210332,-0.0013218264968599788,-0.0023646165988923276,-0.003467492734742815,-0.00856464384534261,Ridge_alpha_fixo,90
-0.0001305800977000596,-0.00034126579987417513,-0.0008164232173191972,-0.001789695686314769,-0.0032278907368679583,-0.00706669170564847,Ridge_alpha_fixo,90
-0.0001795776632919158,-0.0007030427103286674,-0.000913414144807772,-0.0015813089684162233,-0.0012696936529509502,-0.0008470132393210546,Ridge_alpha_fixo,90
-6.209473778543911e-05,0.00010358388331536354,-4.0577259302915194e-05,-0.000701281856750608,-0.0007578699378089621,-0.0035296145126451155,Ridge_alpha_fixo,90
-0.0001911626365814134,-0.0012175384799787462,-0.0032673210473781376,-0.0055627392463747476,-0.0057474671977440165,-0.012630718692818624,Ridge_alpha_fixo,90
-0.00012627527375261955,-0.0003635228521297428,-0.0005094174849110588,-0.0008825587105623829,-0.00039059416807871937,-0.0044705286673879215,Ridge_alpha_fixo,90
-0.0002439242393248574,-0.00032487216353746176,0.0006119175963689383,0.0011185289164880605,0.0007260950229164219,-0.014523674019728055,Ridge_alpha_fixo,90
-2.4767035152702006e-06,0.0004537323931000014,0.0013431961607453498,0.0035536183583287292,0.006012638193400891,0.00645845900975219,Ridge_alpha_fixo,90
-0.00020609767791173697,-0.0005047060125551581,-0.00015396371277359767,-0.0004984631533592636,-0.000753067967521549,-0.004576074409732699,Ridge_alpha_fixo,90
-0.00015599083092690248,-0.0006473343356664696,-0.0016214214753176742,-0.0031161933877843512,-0.0054579299368711625,-0.0130900818336685,Ridge_alpha_fixo,90
-0.0004741374892759236,-0.0014382900599993042,-0.0019552542173045767,-0.003484652592434194,-0.004174591460359523,-0.0054129474903526435,Ridge_alpha_fixo,90
-0.0002278662354669086,-0.0006708015950926327,-0.0009304676536654637,-0.0020247676614091495,-0.002444345867674314,-0.01223663615208159,Ridge_alpha_fixo,90
-0.0004774046461610526,-0.0017478945425610354,-0.0027955271928103635,-0.005636230022682756,-0.00855273658941064,-0.019275116461196666,Ridge_alpha_fixo,90
-0.0001702246193513991,-0.0005272004570437357,-0.0006572576498722216,-0.0012375760273491976,-0.001918204571699955,-0.005375364168918012,Ridge_alpha_fixo,90
-0.00028007610882596525,-0.0009084945311516523,-0.0011307647798423739,-0.001445613669912997,-0.001385287020482026,-0.005381906757056657,Ridge_alpha_fixo,90
-0.00015015314555312197,-0.000734774399920289,-0.0013972872044521953,-0.0028039585771598274,-0.004317129928027924,-0.014082197101473914,Ridge_alpha_fixo,90
-0.00013441966565578179,-0.0002969973246588407,-0.000785550647451609,-0.001917531679727296,-0.002631517732353961,-0.004011270680955751,Ridge_alpha_fixo,90
-0.00045895003388977566,-0.001977793846006457,-0.0036764731903488196,-0.006862549884845583,-0.009429834316851893,-0.020227077609529936,Ridge_alpha_fixo,90
-0.00022107046779813974,-0.0005663093654229844,-0.000541765709000497,-0.0014102560472389447,-0.0007672306792167659,-0.0004601531229558312,Ridge_alpha_fixo,90
-0.00023754298727451814,-0.0011843039336152717,-0.001945172409108621,-0.002997217400689053,-0.0027300275187626157,-0.0057582448273300205,Ridge_alpha_fixo,90
-0.00021277522669018722,-0.0008488887913893683,-0.001164522338312,-0.0013037554823847573,-0.0010788881963289215,-0.005229602228530507,Ridge_alpha_fixo,90
-0.00027405819079753086,-0.0013864746239882445,-0.002613116491305415,-0.003915787048238271,-0.003461500207483041,-0.006491317437806058,Ridge_alpha_fixo,90
-0.00016313076301815072,-0.0005260047670857719,-0.0004950515119943456,-5.7162116530046435e-05,5.477964087717267e-05,0.0006275206197470584,Ridge_alpha_fixo,90
-0.00012065734046628482,-0.0003757783590304197,-0.00033721627807771774,-0.0010399037364844236,-0.0017066880052768697,-0.007836287068393616,Ridge_alpha_fixo,90
-0.00036069554383317783,-0.0018318036810672214,-0.0024404138691998564,-0.003015673766630479,-0.002790292394457259,0.001909813311668565,Ridge_alpha_fixo,90
-0.0005546855390161109,-0.0015350693152484391,-0.0024215679621726396,-0.00554886567328445,-0.006515381692301996,-0.014815767962450935,Ridge_alpha_fixo,90
-5.031643071109485e-05,-0.0003265051548147573,-0.000712741882315734,-0.0007149110679257408,-0.001744876501052217,-0.011388495431470825,Ridge_alpha_fixo,90
-0.0002764426839385245,-0.0008059813172424754,-0.0012895610616564788,-0.0013195017016999291,0.0009337049779950433,-0.010424517714335215,Ridge_alpha_fixo,90
-0.00026654537419701103,-0.0010915891597943347,-0.002776868661580494,-0.00545198582823717,-0.006392224044455202,-0.005854662154447801,Ridge_alpha_fixo,90
-0.00017885892717550857,-0.0008702398627390325,-0.0018090376385713355,-0.003376426263163937,-0.004111128733587366,-0.008190730739047572,Ridge_alpha_fixo,90
-0.0003362606430084224,-0.0010906164713458822,-0.0017067298792735486,-0.0031549813547558504,-0.0036073225072475886,-0.00675779711987528,Ridge_alpha_fixo,90
-0.00035027499535429337,-0.0007232692622667448,-0.0019323271518225202,-0.003762345319288624,-0.005254088344373551,-0.008517258252684208,Ridge_alpha_fixo,90
-0.0005052180572147804,-0.0022806050083436853,-0.003614352787101168,-0.006020202737047789,-0.007930765368134493,-0.015448617126015958,Ridge_alpha_fixo,90
-0.00016036434567781956,-0.0004853426458889278,-0.00025932521748511756,-0.000665465926674983,-0.0016762991816730295,-0.007450365995215646,Ridge_alpha_fixo,90
-0.00024340532286500562,-0.0010230588365164697,-0.0018275925627278726,-0.0029058647703116467,-0.0032684085589044353,-0.01037953315760547,Ridge_alpha_fixo,90
-0.00022101298702372263,-0.000833643907245972,-0.0008435200609135968,-0.001186745977657831,-0.0014583000773003736,-0.0035524865221562766,Ridge_alpha_fixo,90
-0.0001560391424391384,-0.00034079331519275654,0.00025564066550561813,0.0010774239921741255,0.0018599311439457227,-0.0006812373998380704,Ridge_alpha_fixo,90
-7.913890733024601e-06,4.665318009207129e-05,0.00047849956954977357,0.001033430885097062,0.003882336218408788,0.006628945230543808,Ridge_alpha_fixo,90
-0.0002722568355196582,-0.0010381243281330998,-0.0021628124131823677,-0.0038469262377165423,-0.00536462973534709,-0.010939371238486277,Ridge_alpha_fixo,90
-0.0006282056731092738,-0.002620889494697328,-0.0028387952059481278,-0.0036050941780151912,-0.0029816071654085686,0.004427387377921234,Ridge_alpha_fixo,90
-0.00026301241499947366,-0.001281520999736398,-0.00208921203734243,-0.002867305277635028,-0.003635204821269363,-0.017461914420880683,Ridge_alpha_fixo,90
-0.00025832941875703443,-0.0013003384390579407,-0.0020965242882083532,-0.0030014637910098134,-0.003574103879546105,-0.0017320003264665212,Ridge_alpha_fixo,90
-0.00010209038686413859,-0.000605235700802676,-0.0007868578356196662,-0.0013796538459078696,-8.07915677593075e-07,-0.0007507908174132218,Ridge_alpha_fixo,90
-0.0002612496382320742,-0.000922296008088397,-0.0008948490260063223,-0.001025178137059754,-0.0024349305246740807,-0.01424559030464883,Ridge_alpha_fixo,90
-6.108132417665046e-05,-0.0004204222359064788,8.121367498609502e-06,0.0026258250821879366,0.005169027414992879,-0.0027447031583620438,Ridge_alpha_fixo,90
3.5815306984089714e-05,0.00018565293034792662,0.00030270503710401746,0.0006209605667798042,0.000512401170715821,-0.00022342197928362635,Ridge_alpha_fixo,90
-6.975893895094501e-05,-0.00023125636535957354,0.00035016386173163046,0.0015010885976728112,0.003699092280151066,-0.001847818560247594,Ridge_alpha_fixo,90
-0.00029165967156984205,-0.0012945633291057647,-0.002005561548763857,-0.003148319373031884,-0.0031905708021922573,-0.005912229003402569,Ridge_alpha_fixo,90
-0.00045183980476406316,-0.0012872769361528592,-0.0025236033574026063,-0.004527509171034047,-0.005829410850567761,-0.01081337753061269,Ridge_alpha_fixo,90
-0.00024722825001244564,-0.0008239071958138181,-0.0009852008872012542,-0.00098760595738274,-0.0004128523263645974,-0.002225360435376559,Ridge_alpha_fixo,90
-0.00032986266094486177,-0.0010977606237424268,-0.0011029164211805865,-0.0012441771169590305,-0.0008518530841628046,-0.0068565541434105785,Ridge_alpha_fixo,90
-0.00034282853255640934,-0.0007504483564536396,-0.0012301820441014502,-0.003009011247780628,-0.004885780552223962,-0.020283066192179545,Ridge_alpha_fixo,90
-0.00017885987779768753,-0.0008929307910725665,-0.0020032456475376956,-0.0045049298829662075,-0.006458164806266631,-0.014230555829744555,Ridge_alpha_fixo,90
-0.00033634435038698346,-0.0009507109626273327,-0.0014995465433053964,-0.003600797350873361,-0.006103252794048623,-0.01433211361206772,Ridge_alpha_fixo,90
-0.0004967254341490969,-0.0017824048808609463,-0.0028666919546802704,-0.003845030437337538,-0.0036531152177945005,-0.004877911248202684,Ridge_alpha_fixo,90
-0.000222563917300459,-0.0007189452406465286,-0.000953131676555309,-0.0009732459848708683,-0.0004002285054349911,-4.472781807670064e-05,Ridge_alpha_fixo,90
-0.00030875444662090227,-0.0010539901234969495,-0.0025977288380932963,-0.004364900177950492,-0.005956063465921133,-0.01807872148134616,Ridge_alpha_fixo,90
-0.0002515796852960067,-0.0009206885082093014,-0.001300601861510877,-0.0019561298601200525,-0.002579764363806047,-0.005075986241908124,Ridge_alpha_fixo,90
-0.000175453547962704,-0.0006539483550500355,-0.0014048384057219663,-0.002886658486320419,-0.004458599949984612,-0.009479162700976677,Ridge_alpha_fixo,90
-0.00035496292650742266,-0.0011002462141686698,-0.0012034359358867263,-0.0014481985127169986,-0.0005899289579926955,-0.005587082733802884,Ridge_alpha_fixo,90
-4.413147768031883e-05,-0.00021083808463645936,-0.0005570580753167235,-0.001369057741400029,-0.0014175040344624507,-0.008629130424421743,Ridge_alpha_fixo,90
-5.271100794385624e-05,-5.247347944122731e-05,0.0006852370284779186,0.0030201233341581686,0.005722290783542571,0.00815779033117495,Ridge_alpha_fixo,90
-0.0001840468490212364,-0.0009737927469939216,-0.0023575416866063836,-0.00502162436313008,-0.007226383772784857,-0.017569001195742104,Ridge_alpha_fixo,90
0.0001557036307808353,0.0002523608081751659,-0.00037570489897421926,-0.0016532219731802608,-0.0036332358800296675,-0.019959294925859416,Ridge_alpha_fixo,90
-0.0003909427587898408,-0.0015118345073470041,-0.0021275912214735663,-0.0031367088878987703,-0.00407262474740574,-0.01233356866578387,Ridge_alpha_fixo,90
-4.185444298205139e-05,-1.2804850971015714e-05,0.0009962248188563278,0.0019540461863961417,0.0024832246978798668,0.0013911156147611244,Ridge_alpha_fixo,90
-0.00018558185843161655,-0.0016514601582550115,-0.0033058748386784556,-0.006039023883440532,-0.007974546252014204,-0.023013166934329532,Ridge_alpha_fixo,90
-0.00046448390111655433,-0.0015301529405490728,-0.003045050706102848,-0.005785754588739649,-0.008568731872549782,-0.013213789251687154,Ridge_alpha_fixo,90
-0.00011724735300937146,-0.000402671615141491,-0.0004646395619629822,-0.000725441716176948,-0.001847802370958431,-0.006650648379879146,Ridge_alpha_fixo,90
-0.0002154955042571442,-0.000966916306550075,-0.0014567859166350712,-0.0027980844231054783,-0.005114559334689063,-0.005591677911757579,Ridge_alpha_fixo,90
-0.00042650245663906775,-0.0013988699819120632,-0.002574747076770967,-0.004667049650933068,-0.006263370295768384,-0.012753624586230005,Ridge_alpha_fixo,90
-0.0001757813633000638,-0.0002708776350457359,1.7844976606283287e-05,0.0015547618783200699,0.0027778301397900977,-0.0027302660735488496,Ridge_alpha_fixo,90
-0.0004172802838438667,-0.0012096192483769073,-0.0019374494285646334,-0.0035693885577103702,-0.005349901341205041,-0.010968500986181342,Ridge_alpha_fixo,90
-0.00011103590344758498,-0.00038227279506866505,-0.00023615814879752778,4.699929326217805e-05,0.0011428475235664586,-0.004546897272374084,Ridge_alpha_fixo,90
-0.00018018577432456437,-0.00047857491268347014,-0.0013417950195015334,-0.0027556042461289705,-0.004089464143665825,-0.009489484049162377,Ridge_alpha_fixo,90
-0.00034710002015609986,-0.0011009100833558115,-0.0018478550102591332,-0.003744717155977059,-0.005130031265394557,-0.011754278071373364,Ridge_alpha_fixo,90
-0.00023435031712413167,-0.0009268029254280858,-0.0016811975454162212,-0.0025482450282562595,-0.0035659009360454645,-0.01013693699566556,Ridge_alpha_fixo,90
-0.00013496654584516825,-0.0007046648460508385,-0.0019827029591042273,-0.005225249570683179,-0.00861127137994742,-0.02102226757205485,Ridge_alpha_fixo,90
-1.9410628340210468e-05,0.0002727734373244828,0.001318394952571572,0.002978282446437362,0.005256332980097989,0.004850975372299506,Ridge_alpha_fixo,90
-0.00018749463477413578,-0.0009285798439151854,-0.001158695236306658,-0.00106620314287449,-0.0011151993005802689,-0.005409116231636818,Ridge_alpha_fixo,90
-0.00011517411349905768,-0.0005732369708073548,-0.00023699935562008899,0.0006362510612836607,0.0012358886057902412,-0.0050496523191669775,Ridge_alpha_fixo,90
-0.00023890084347203054,-0.001014859833473019,-0.0020854117842889967,-0.003982815543142854,-0.005427053800156018,-0.010396032712835564,Ridge_alpha_fixo,90
-0.0002228483942834321,-0.0007210464543466779,-0.0012403786713509315,-0.0024951870966752375,-0.004418343069410287,-0.009939565765147157,Ridge_alpha_fixo,90
-9.32719401164866e-05,-0.00023586293746688647,-0.0005295648359385859,-0.0002702802678948934,0.0007835409505222584,-0.00024653288918853855,Ridge_alpha_fixo,90
-0.00020859201460378176,-0.0003893333608968466,8.083376500839604e-05,0.0008470601948497095,0.0016373418924455613,-0.0032420296918934145,Ridge_alpha_fixo,90
-0.000282839030459241,-0.0011248815411014391,-0.0018516696225428318,-0.003921194783515222,-0.005730565917636088,-0.02020378717518998,Ridge_alpha_fixo,90
-9.928178179368155e-05,4.48422375186963e-05,0.0011252102574920591,0.002550266062799409,0.003000559894632662,-0.0017342900917745063,Ridge_alpha_fixo,90
-0.000413870787499952,-0.0019196568962611875,-0.004343141866245805,-0.008902178490293752,-0.01262565894791542,-0.0149464650235693,Ridge_alpha_fixo,90
-0.00019875497629171974,-0.0006740486025629601,-0.0013265325921871206,-0.002431494515499694,-0.003851220542381998,-0.011624733550016435,Ridge_alpha_fixo,90
-0.0003025898498151648,-0.0006755894530349074,-0.0008309674077537849,-0.001786441784453503,-0.002280665126433954,-0.007979841874204127,Ridge_alpha_fixo,90
-0.0002946503049016071,-0.0012445136821304685,-0.0022417600162756225,-0.004339893098913959,-0.00507630756335915,-0.009810821718333784,Ridge_alpha_fixo,90
-0.0001571502358259866,-0.0003733303409612099,8.450591036299106e-05,0.002037085029706247,0.004469439782552116,0.0011496377699889925,Ridge_alpha_fixo,90
-0.0001822925564841066,-0.0006955426869209023,-0.0007575318771500557,-0.00038549928494631213,0.0007686080175621458,0.00024111239871086806,Ridge_alpha_fixo,90
-0.0002251554877268823,-0.0006584065758536981,-0.0004222353612237796,2.5855606912942177e-05,0.0004434686008645176,-6.849717221863918e-05,Ridge_alpha_fixo,90
-0.00018260258680062,-0.0006156782254889272,-0.0014103925322779824,-0.0036270601266432533,-0.006167224880556858,-0.01718047076231173,Ridge_alpha_fixo,90
-0.00028374280471134153,-0.0009461529843187938,-0.002173684283406725,-0.0033900427654591984,-0.0035266495811654397,-0.004734470900219521,Ridge_alpha_fixo,90
-0.0001907806725035317,-0.0005251672185249866,-0.0008340498414770268,-0.0005228623441161684,0.0007840940003981893,0.0018388549705642449,Ridge_alpha_fixo,90
-0.0001759485528486959,-0.0004737185914574421,-0.0005520733962433953,-0.000770272611777272,-0.00011517062995823278,-0.0011913482378050528,Ridge_alpha_fixo,90
-0.00012171242947901925,-0.0004340645797683981,-0.0008405534629193388,-0.0019376829076855023,-0.0021412272694884267,-0.004673853970976242,Ridge_alpha_fixo,90
-0.00023222848363228958,-0.0010008495924137203,-0.0011201414175236071,-0.0011240366204842965,-0.0003419252650055473,-0.0067552411456113255,Ridge_alpha_fixo,90
-0.00023335870228499198,-0.0008994116193116029,-0.002097775137603695,-0.0036461001389111697,-0.004338779371677166,-0.009218304147606587,Ridge_alpha_fixo,90
-0.00013942502353338744,-0.00015062099230581758,-0.0004167284746671816,-0.0023458550132675567,-0.003047193305179579,-0.007617307479617005,Ridge_alpha_fixo,90
-0.00026313907103336286,-0.0008532350373751845,-0.0013581203310895217,-0.00295116482605049,-0.004534518170004053,-0.0183368943403577,Ridge_alpha_fixo,90
-0.0002923425043287394,-0.0015191788631022801,-0.002950207003933797,-0.004520366416824875,-0.005642518003628197,-0.014026080466361375,Ridge_alpha_fixo,90
-0.00013372865872317543,-0.000295811721511353,-2.2619155242217717e-05,0.0001431411438149322,0.00011239198387087102,-0.0017166332449601717,Ridge_alpha_fixo,90
-0.0002777001264313785,-0.0013905749894789808,-0.0024777881122460465,-0.003555005978158871,-0.0046915791721537075,-0.01719919630739011,Ridge_alpha_fixo,90
-0.0002699237079173585,-0.0008150896123952447,-0.0009485822218966895,-0.0010028488892881925,0.00020314138410902066,0.0015560735500627831,Ridge_alpha_fixo,90
-0.00020068631975552636,-0.0004271998520109974,0.00038289724841142163,0.002241445369559011,0.005085221003200368,0.008231516412916633,Ridge_alpha_fixo,90
-0.00019240289190152593,-0.0004901290378361996,-0.0005852617698367186,-0.001266612306243898,-0.0016920579841637631,-0.006517001767592037,Ridge_alpha_fixo,90
-0.00027902894152305376,-0.0012041702810956496,-0.0018474593341680408,-0.002237674716699916,-0.0022779111311769067,-0.007244758141674477,Ridge_alpha_fixo,90
-0.00012952150626019965,-0.0004463399220672387,-0.001341984022778998,-0.0027758626784931176,-0.003608328748576321,-0.0056357510929492425,Ridge_alpha_fixo,90
-0.0004962648498235377,-0.002139472625497946,-0.003638809231178357,-0.0070795038223450445,-0.009793193060335534,-0.01757326478850542,Ridge_alpha_fixo,90
-0.00011160784763214228,-0.0002522731523680234,0.00014983805254480332,0.0004925067308206736,0.0010881597914897177,-0.005253652504047415,Ridge_alpha_fixo,90
-0.00016080185124474103,-0.0010833121561045764,-0.002554862710018612,-0.005186531147094158,-0.007213844336297103,-0.016256841479965107,Ridge_alpha_fixo,90
-0.0004656831460753924,-0.001301067322471478,-0.0027041391818932387,-0.005743784682427778,-0.007628910291940666,-0.015318790084216972,Ridge_alpha_fixo,90
-0.00014611319607467536,-0.0005625155770045572,-0.0004964827490340298,-0.00036470348250825847,0.00025561253568998825,-0.007486380642085623,Ridge_alpha_fixo,90
-9.965078466536987e-05,-0.000877715012304974,-0.0015825188192341974,-0.0015152000599968276,-0.0022813034195734968,-0.006109668882015911,Ridge_alpha_fixo,90
-0.0002758015436294705,-0.0008595801352486829,-0.0013280507802966553,-0.002120854685378783,-0.002548073287362257,-0.002207231777061996,Ridge_alpha_fixo,90
-0.0002934960436183853,-0.0011289645793219933,-0.0017258326080454233,-0.0029924816738388154,-0.0044665303638134765,-0.013517687970223671,Ridge_alpha_fixo,90
-0.00020781853433483595,-0.0004940421408215235,-0.0005532994447821181,-0.0006550799176301857,-0.0004910304530361505,0.0019728996369665066,Ridge_alpha_fixo,90
-0.0003100340972521807,-0.000775177410936452,-0.0010832503188970275,-0.002045618200588172,-0.0025634899636556075,-0.006041526260346696,Ridge_alpha_fixo,90
-7.403442404790774e-05,-0.0002302047089575502,-0.0005941398618441419,-0.0007330388936779027,-0.0007957998692450763,-0.009797002690724836,Ridge_alpha_fixo,90
-0.00021537925649490507,-0.000393351576347355,-0.0009370077059453481,-0.0014560721416467114,-0.0017311375068639894,-0.0024551380267348035,Ridge_alpha_fixo,90
-0.0004493819122619007,-0.0015936352722333291,-0.002875149912323697,-0.00467203137675438,-0.0040529922625398085,-0.010690214394255586,Ridge_alpha_fixo,90
-0.00029264425911212596,-0.001101155799422134,-0.0013456293331504249,-0.0015522066011667052,-0.0006307391064367246,-0.0011086724274879767,Ridge_alpha_fixo,90
-0.0002704533927230509,-0.0008679454276331956,-0.0010204284453906325,-0.0015798725785453268,-0.0015465118086600495,-0.0066913110386615975,Ridge_alpha_fixo,90
-0.00015896990629069623,-0.000641499344964441,-0.000389292676299649,0.00010636575561975905,0.0010504885529318757,0.00036170604255386554,Ridge_alpha_fixo,90
-0.00021051109046410821,-0.0011196268640429586,-0.002484291277623987,-0.0051704725436503346,-0.007130423033079577,-0.014913987569182021,Ridge_alpha_fixo,90
-0.000192260123116643,-0.0005973253522693361,-0.000704143382107899,-0.0006706333563013564,-0.00032355679404188174,-0.0004307069409708634,Ridge_alpha_fixo,90
-0.0004295960704046096,-0.0014951328931943047,-0.002810995835730735,-0.00617845441874894,-0.008624332480630206,-0.014058662087989556,Ridge_alpha_fixo,90
-0.0004141210916367956,-0.001391719894180774,-0.0017672786654227472,-0.002310520117641861,-0.0024815940796808766,-0.005872421831438138,Ridge_alpha_fixo,90
-0.0004907323258751025,-0.001850577711107778,-0.002589218034375559,-0.0038219035720010925,-0.005391487735866288,-0.01257603238247607,Ridge_alpha_fixo,90
-0.00021309950832832514,-0.001092343570929701,-0.001603564212085077,-0.002090037133603428,-0.0013532449495769865,-0.003822648156455093,Ridge_alpha_fixo,90
-0.0001667571675484547,-0.0008679710162846348,-0.0012953809831065788,-0.002314756899398402,-0.0025865910668220276,-0.0011966571485188928,Ridge_alpha_fixo,90
-0.00032811638597736757,-0.0009005748902232726,-0.0008009955305719211,-0.002082941928118033,-0.0036210056336958506,-0.013936838430849549,Ridge_alpha_fixo,90
-0.00037314158855957815,-0.0016116021459322892,-0.0026751642172538636,-0.005316141570997337,-0.007131445082019111,-0.011535867722120195,Ridge_alpha_fixo,90
-0.0003427102658316535,-0.001076612779513607,-0.0014724258815219102,-0.00211684968887643,-0.0023747726237879924,-0.005648244295729451,Ridge_alpha_fixo,90
-0.00032029821556246377,-0.001251776154787347,-0.002027834511401942,-0.0033698871612295686,-0.0055914066717192715,-0.014708446994784971,Ridge_alpha_fixo,90
-0.00012767516799876393,-0.0005244735412255399,-0.0010056593782304393,-0.0020742724088407176,-0.0030366856166409383,-0.009341277169769915,Ridge_alpha_fixo,90
-0.000586063320061029,-0.002161559760159115,-0.0036474390157742245,-0.009324718784441447,-0.01604830607985702,-0.029839134929904983,Ridge_alpha_fixo,90
-0.0005509655710956376,-0.0016364141867064835,-0.0019857375141144585,-0.003292908375352619,-0.003967558837497476,-0.0131531672560127,Ridge_alpha_fixo,90
-0.00031076325484846235,-0.0011692254797173432,-0.0019512675558124863,-0.002860872762293317,-0.0033241943553179117,-0.010002448854845402,Ridge_alpha_fixo,90
-0.0005344828316041039,-0.0017985265404559345,-0.0034072588906499945,-0.006683752733603464,-0.008121756671704018,-0.013618556334672507,Ridge_alpha_fixo,90
-0.00013389244472984435,-0.0004677301016452009,5.2417258942431024e-05,0.0008804879210310972,0.0014636207856813168,0.001029273133529305,Ridge_alpha_fixo,90
-0.00045331346475122915,-0.0013796903953958279,-0.0014597721463319897,-0.002155951829881901,-0.002573384752138818,-0.00827638119669097,Ridge_alpha_fixo,90
-0.0002764920580752775,-0.0013685677786618308,-0.0016698126335516364,-0.003218923906607269,-0.0044665306343746325,-0.009745158839640174,Ridge_alpha_fixo,90
-0.00017762733549692245,-0.000516001871652672,-0.0006351761498515282,-0.0016953703628429225,-0.0020436786154187175,-0.005514304615982844,Ridge_alpha_fixo,90
-0.00026877116011947427,-0.0012421239228036292,-0.002149776472902846,-0.003409162454222835,-0.004437636636373512,-0.006519084946966903,Ridge_alpha_fixo,90
-0.0003688709528503163,-0.0010771763016852777,-0.0016196970389522462,-0.002607020420048996,-0.002153615320196447,-0.0029005163741556536,Ridge_alpha_fixo,90
-0.0004869832419604852,-0.001874476601149354,-0.003601785044149791,-0.006895928592764085,-0.008347024275748157,-0.009948351082023632,Ridge_alpha_fixo,90
-0.00017506022285753437,-0.000319472434028289,0.0005668581164052791,0.0023188152338999087,0.00541795679456672,0.006309346368437052,Ridge_alpha_fixo,90
-0.0002098732886131233,-0.0007137878800070846,-0.000677991848768725,-0.0008052289416450865,-0.0016572531451425267,-0.009102520360175427,Ridge_alpha_fixo,90
-0.00021004326133308818,-0.0010678022467478984,-0.0015869146562173804,-0.0021027226576012994,-0.0019607119437344426,-0.006708156158775762,Ridge_alpha_fixo,90
-7.548796172523145e-05,1.6628086703020527e-06,0.000403542448270692,0.0022719295388892433,0.00512949613068385,0.0028178382120113304,Ridge_alpha_fixo,90
-0.00017305101595070055,-0.0007943198093873973,-0.0018522536681598602,-0.003035809270636183,-0.0044357127361967915,-0.01279531924979869,Ridge_alpha_fixo,90
-0.0004011049832666536,-0.0011583381545967957,-0.002331470523921461,-0.004572534197597683,-0.006864071972558114,-0.012435086161560017,Ridge_alpha_fixo,90
-0.00027028522514261407,-3.280948504712107e-05,-0.00033478865124730866,-0.0012457938361237538,-0.001709738480021359,-0.0035533389478206025,Ridge_alpha_fixo,90
-0.00026489569988817635,-0.0010137731180960433,-0.0015009519653151687,-0.0020504747061456754,-0.0019082991081668381,-0.005954371397873353,Ridge_alpha_fixo,90
-9.82788417448096e-05,3.2374659221126985e-05,0.001988114446864794,0.005627635412347227,0.010142496428716926,0.01197079629949096,Ridge_alpha_fixo,90
-0.00012553663944497992,-0.0008168947287758091,-0.0009933491095326778,-0.0017276338794160262,-0.002878165444731769,-0.00964624387901143,Ridge_alpha_fixo,90
-0.00031941657215574313,-0.0015087417160291109,-0.002069496180429635,-0.0028991063716161452,-0.0030629482021865247,-0.005320264081812413,Ridge_alpha_fixo,90
-0.0002534734971488423,-0.0008473187589078916,-0.00021268616635808816,0.0021615518641667462,0.006695383716002034,0.007813479966809487,Ridge_alpha_fixo,90
-0.0001551088312368427,-0.0004021254217315493,-0.000734159993587097,-0.0019049482951235836,-0.003843900677649564,-0.017667047627395453,Ridge_alpha_fixo,90
-0.0002350542703022479,-0.0004807226194453651,-0.0009880342039881697,-0.0024342116658590067,-0.004575818253133294,-0.008723395450839621,Ridge_alpha_fixo,90
-7.778790216268426e-06,0.000247554716330403,0.00019765461415606673,-0.0004346373353525173,0.00026031199317912693,-0.008021531889545803,Ridge_alpha_fixo,90
-0.0002456875541264343,-0.0012816901157814233,-0.002155588724786164,-0.003415665384525109,-0.004313165349928892,-0.009640308669372705,Ridge_alpha_fixo,90
-0.0002840652538647822,-0.0009942295716740051,-0.0014022873385734441,-0.0020984629601629163,-0.002030738783242941,-0.004493091052147112,Ridge_alpha_fixo,90
-0.0002617865082145219,-0.0010607244183352814,-0.0020325671048080233,-0.004530125190401884,-0.006954666213079118,-0.013660407136332806,Ridge_alpha_fixo,90
-0.00013893856964077676,-0.00047708838033558065,-0.0005053847164071067,-0.0006759025986621595,-0.00040296921407371073,-0.003906847371806074,Ridge_alpha_fixo,90
-0.00010239359930523454,-0.0002760139645706975,-0.0005021177347989184,-0.0005484093337955687,-0.001223164754489075,-0.012150886006528529,Ridge_alpha_fixo,90
-0.0003325098104928025,-0.0015869467129022952,-0.003169320417435198,-0.005240554904726193,-0.0045388505545686025,-0.007087566893617339,Ridge_alpha_fixo,90
-0.00016993710168164243,-0.0007099777209806569,-0.0013069629358342795,-0.0010370580672328115,-0.0007822766301056947,-0.007358410904722405,Ridge_alpha_fixo,90
-0.00011852514028662084,-0.0007842089464197735,-0.0016167520215879007,-0.003419523565742303,-0.005097981772473423,-0.01789422104473734,Ridge_alpha_fixo,90
-0.0002651929329368277,-0.0005841991383307169,-0.0003920645998211148,-0.00040669995324823035,-0.00030433040008915783,-0.006004323396237349,Ridge_alpha_fixo,90
-0.0003035211407488189,-0.000752302325035023,0.00018851942792381737,0.0008092232425351617,0.0007349896384878355,0.0007083163784443604,Ridge_alpha_fixo,90
-0.00016291144077809424,-0.0008289920624413663,-0.001485614526415385,-0.002221678437332404,-0.0025840748355601935,-0.005981913624156551,Ridge_alpha_fixo,90
-0.0003478650725173116,-0.0012245126782019062,-0.0012448570845043335,-0.0012583956962663174,-0.0007995190365505491,-0.005188540656349048,Ridge_alpha_fixo,90
-0.0002659837768456743,-0.00072301871786787,-0.0011739457589562544,-0.0019330630528578696,-0.002987923867805923,-0.007163929943495742,Ridge_alpha_fixo,90
-0.0005753317112944592,-0.00165834700193013,-0.003478513036073889,-0.007018837694663698,-0.010871752763856504,-0.020666285996074632,Ridge_alpha_fixo,90
-0.00032038778947267316,-0.0006952932279004453,-0.001114347062038213,-0.002420433608178589,-0.002399567300198284,-0.012116104907157626,Ridge_alpha_fixo,90
-0.0002201488448086115,-0.000774394892115984,-0.0007132135431122028,-0.0010438787945470066,-0.0006151945010843623,-0.0016052546229771843,Ridge_alpha_fixo,90
-0.0005590916115386389,-0.0016860092195007718,-0.0032165084401263246,-0.007456558045082296,-0.01115852900832002,-0.020087884557690797,Ridge_alpha_fixo,90
-0.0001989022283851304,-0.000567420827019484,-0.0006120472703275886,-0.0016019654560669196,-0.0018326307181736113,-0.00613759109512422,Ridge_alpha_fixo,90
-0.0002417595336371349,-0.0009453470941544032,-0.0006684314412662402,0.0005967639656287954,0.002088765921716784,-0.0020819672991663866,Ridge_alpha_fixo,90
-0.00015484029658763328,-0.0007167903095557235,-0.0010336878753288326,-0.0012901058715151278,-0.0019216205864325303,-0.009083587426916276,Ridge_alpha_fixo,90
-0.00015443905438788114,-0.00038222357062856014,-0.0002421197645524092,-6.949665159076488e-05,6.458120797121636e-05,-0.001450304818269206,Ridge_alpha_fixo,90
-0.00010773226716836441,-0.00024053381917902013,-0.0010029164049775224,-0.0019334326433419731,-0.003433328814989733,-0.010882066353779613,Ridge_alpha_fixo,90
-0.00019920739313882463,-0.0007897058097087282,-0.0010729476102457787,-0.0005936401540911412,0.0002980875411398854,-0.0005051596849508596,Ridge_alpha_fixo,90
-0.00040718357813467217,-0.0012648640347356628,-0.0018714527267418442,-0.004661308492650409,-0.006707998864205362,-0.01684085807311808,Ridge_alpha_fixo,90
-0.0002819460357871281,-0.0007689487129943554,0.00022781493186581141,0.0008243043861060051,0.00032145439404674254,-0.008973648392315854,Ridge_alpha_fixo,90
-0.00021316894332175596,-0.0009958650350792668,-0.0013980769777525476,-0.00228115715508738,-0.0029799490276188542,-0.016057443337738616,Ridge_alpha_fixo,90
-0.0003081271881017687,-0.0011966263782781565,-0.0022335125966661327,-0.004348146116396322,-0.006198477018083811,-0.009996737774153917,Ridge_alpha_fixo,90
-0.0003211502469307025,-0.0014181060009041198,-0.002495561444349853,-0.004177535324044026,-0.00390997070896787,-0.003365268511313599,Ridge_alpha_fixo,90
-0.0003380350048756518,-0.0017810802255866886,-0.003143521633887095,-0.004669654185425959,-0.0060310142318206516,-0.016671522978512477,Ridge_alpha_fixo,90
-0.0002919874490459112,-0.0010295917992531832,-0.0006596982762924819,0.0001525797496235078,0.0019769608974566184,-0.0010875496725561075,Ridge_alpha_fixo,90
-0.0004806493030677405,-0.0017368366956387487,-0.0027941530676699198,-0.005016519923878995,-0.006628804181759866,-0.014896572090081864,Ridge_alpha_fixo,90
-9.202260595247889e-05,-0.0003304852169533421,-0.0005054960498969921,-0.0010564390119341457,-0.0016924290012826414,-0.006040105335056548,Ridge_alpha_fixo,90
-0.00025851158612560037,-0.0008348601604999501,-0.0011850024808158447,-0.003542610520861135,-0.006377653259503691,-0.01622784202296966,Ridge_alpha_fixo,90
-8.855091230076329e-05,-0.00042998464836569556,-0.00035159895788129734,-0.0010594534594980897,-0.002036509783042018,-0.007893126661074135,Ridge_alpha_fixo,90
-0.00019256363659973325,-0.0005671640808803174,-0.0005189688316572505,-0.0009858269234193436,-0.0018377508635128944,-0.006406972989039749,Ridge_alpha_fixo,90
-0.0002661800791228946,-0.0005686241557605776,-0.0005860933281769752,-0.0006585559977078704,-0.0003668368635141776,-0.0030900591932701946,Ridge_alpha_fixo,90
-0.00033425194854902896,-0.0013695100601634745,-0.0025815576050269343,-0.0048798537150336625,-0.005950564235151001,-0.011766891260062745,Ridge_alpha_fixo,90
-0.00019814098507278996,-0.0012431132939726124,-0.0017591887004453717,-0.0027425899062809784,-0.004098618215737021,-0.016171814528197808,Ridge_alpha_fixo,90
-0.0005502387312364327,-0.0017676319194885272,-0.0033240974282287505,-0.006944028270190174,-0.010722575284097677,-0.020803922073292434,Ridge_alpha_fixo,90
-0.00024251675924822938,-0.0006829000091470426,-0.0014400738439252787,-0.0029221151249198365,-0.004309531144138294,-0.01049747215420527,Ridge_alpha_fixo,90
-0.00015731898141836076,-0.0006758708575112723,-0.0011158721080361366,-0.002319376653012527,-0.003072515855981328,-0.013662757511247231,Ridge_alpha_fixo,90
-0.00027621696607578835,-0.0012046127360765125,-0.002103696982613439,-0.003488933144864566,-0.004533253579453913,-0.01118899413090025,Ridge_alpha_fixo,90
-0.00015834692310552457,-0.0005577713429943815,-0.0004310981499089883,-1.2566001720650569e-05,0.0005901941688932973,-0.0038354705150288573,Ridge_alpha_fixo,90
-0.00011185834578458234,-0.00044680764457776,-0.00020580171215902853,-0.0013514824058226782,-0.0028940493059399787,-0.004332022739701891,Ridge_alpha_fixo,90
-0.00023884920369405762,-0.0007265022083712579,-0.0022268646564669514,-0.005386047628505402,-0.007636835553801192,-0.016961373547277094,Ridge_alpha_fixo,90
-0.0003778767373204789,-0.0013256515665874024,-0.0017100718579337968,-0.002577706168924099,-0.003541341813365627,-0.01041051738115914,Ridge_alpha_fixo,90
-0.00035437540133500926,-0.0011788616921730674,-0.0019632809834922863,-0.002714887602473299,-0.003341454916777432,-0.01000892740109036,Ridge_alpha_fixo,90
-0.00019406044843354927,-0.0008312806929410733,-0.0021586053949648365,-0.003646644628551894,-0.004096523915132095,-0.007378415815760635,Ridge_alpha_fixo,90
-0.00023173834644949653,-0.0007282817634332248,-0.0011361189271511757,-0.002141618237922,-0.0023075274241112723,-0.007360766415036154,Ridge_alpha_fixo,90
-0.0002568704859011348,-0.0010433954965837155,-0.0013800273155064663,-0.0025888107356473694,-0.0026713594962128467,-0.007102412527418652,Ridge_alpha_fixo,90
-0.0003121929045042302,-0.0011186278489659458,-0.002089104931364093,-0.0038930750673766283,-0.0057841492433147465,-0.013254494171720473,Ridge_alpha_fixo,90
-0.00022061146713731449,-0.0007317347211316576,-0.0005938620851301969,-0.00047970581511241493,-0.0006561474768095323,-0.010622123208549957,Ridge_alpha_fixo,90
-0.00025473116022116415,-0.001199868061786412,-0.002236056633937835,-0.004285669057709011,-0.0057369106114365355,-0.013801613959390741,Ridge_alpha_fixo,90
-0.0002326039215940363,-0.0008327882209889447,-0.0013397285508935952,-0.002812321265945895,-0.004133629201051548,-0.005952473651158234,Ridge_alpha_fixo,90
-0.00036181049829196325,-0.0011778704614046041,-0.0026024624720796747,-0.005183504673856035,-0.007405549913996157,-0.01700467605734183,Ridge_alpha_fixo,90
-0.00016277247223443764,-0.0002785534515912682,0.00034964630400640025,0.002016222501737587,0.003336342006070333,0.00385395028816317,Ridge_alpha_fixo,90
-0.00041503111297282175,-0.0015022188656634381,-0.0029840588871090953,-0.006339664458075376,-0.007936574933839643,-0.01493514944047786,Ridge_alpha_fixo,90
-0.00015357199553118038,-9.664565642815298e-05,-0.00039847378964527125,-0.0015078385391041284,-0.0019481121975012388,-0.0016635801368889778,Ridge_alpha_fixo,90
-0.00016502471995608742,-0.0008190314879509704,-0.0014371365593126189,-0.0026998044728757027,-0.0032101534569944482,-0.00916023471520818,Ridge_alpha_fixo,90
-0.00010595533164067462,-0.00013562668314227186,-0.0006626969473519995,-0.0023372012316481084,-0.004243459802271405,-0.011351959678210614,Ridge_alpha_fixo,90
-0.0002836150616785527,-0.000863690308467665,-0.0010750701317587164,-0.001204123857181576,-0.0016302787422504293,-0.00437825859682016,Ridge_alpha_fixo,90
-0.00024838971440980536,-0.0007931161059671067,-0.0014714805462024483,-0.0028057184242077614,-0.0035807444636356068,-0.011885734149541078,Ridge_alpha_fixo,90
-0.0002857608494152834,-0.0013596439887016323,-0.0025319936366861805,-0.005097609162992502,-0.007067270283372129,-0.019873566479325384,Ridge_alpha_fixo,90
-0.000218715211432557,-0.0010671394481921064,-0.0017611328832891808,-0.0027451844530524657,-0.004125352920942019,-0.013233685602855729,Ridge_alpha_fixo,90
-0.0001992943157567691,-0.00022222207456866895,0.0007554186538969926,0.0023462834543366627,0.004228877232333156,0.006129865319507037,Ridge_alpha_fixo,90
-0.00022254204435973932,-0.0007600166270110422,-0.0010448559405256512,-0.002270984960319294,-0.0033277357474893058,-0.01142812507642532,Ridge_alpha_fixo,90
-0.00023127378275928796,-0.0010090533918696261,-0.0012159176031893355,-0.0018822134343740764,-0.0015682411488515049,-0.006294623598401892,Ridge_alpha_fixo,90
-0.00012292252675531794,-2.327670559140077e-05,0.0005877749959142407,0.0017040976176191452,0.0031858757938058903,0.003082344390982614,Ridge_alpha_fixo,90
-0.00042042081570316757,-0.002151733955682143,-0.004504955172774418,-0.008371430241579315,-0.011375075963613866,-0.0242595841440456,Ridge_alpha_fixo,90
-0.00023419606361974537,-0.0009009867880158653,-0.0011212638027488957,-0.0013485899567734034,-0.0014343285548735901,-0.005315883740620471,Ridge_alpha_fixo,90
-0.00033334427004792343,-0.0015926597668939136,-0.003236086279413013,-0.006625496392429103,-0.010431995868201238,-0.02734921933348075,Ridge_alpha_fixo,90
-0.0005186144188085714,-0.0018150806523887068,-0.0027388376118724343,-0.00454294100232231,-0.005480639258842591,-0.009979276080120746,Ridge_alpha_fixo,90
-0.00033159660612813073,-0.0007425255005220778,-0.0001294013932355186,-0.00010929898015414206,0.0007427681370888606,-0.0015825046095684552,Ridge_alpha_fixo,90
-0.00031472399657211155,-0.0009863354381637703,-0.0013522962467143683,-0.002134052572116771,-0.0027313618012228093,-0.005098543357838717,Ridge_alpha_fixo,90
-0.00025680231780240065,-0.001382131036893869,-0.0034098389213361737,-0.0066378115163480056,-0.00950152606320166,-0.02335396013131169,Ridge_alpha_fixo,90
-0.00023186464661917872,-0.0013398851661142915,-0.0018740238077289623,-0.002433808571421669,-0.0024485077866832038,-0.00944660506930039,Ridge_alpha_fixo,90
-0.00014214523782326175,-0.0006301403521723841,-0.0009023492351258424,-0.0010823069269703359,-0.0013874753305146465,-0.0055777741565180795,Ridge_alpha_fixo,90
-0.00046853803711878434,-0.0021520226018509414,-0.0038533410029247886,-0.006740610315521246,-0.009037353056091196,-0.016214456082636525,Ridge_alpha_fixo,90
-0.00018391274887486587,-0.0008490950510894931,-0.0015801427703467398,-0.002066243962579337,-0.002012586548040986,-0.005317662076935646,Ridge_alpha_fixo,90
-8.63312052101871e-05,-0.00029445351927724704,0.00014808426508833384,0.0016298903509957047,0.0036286010153321947,0.009364579763397421,Ridge_alpha_fixo,90
-0.0002712374152189911,-0.0009292724280989194,-0.0011669346043891957,-0.001882631394117116,-0.0031183973060993713,-0.008462213785461284,Ridge_alpha_fixo,90
-0.0003907662862945573,-0.0013035434960397957,-0.0015651297335810338,-0.0017551914503925597,-0.002590110134137505,-0.005766101225768417,Ridge_alpha_fixo,90
-2.8342385444806586e-05,-0.00026337970182948017,-0.000984903829661661,-0.0031257314573195694,-0.0054758805624639285,-0.013527026670895656,Ridge_alpha_fixo,90
-5.124522111991354e-05,0.00014015887534041008,0.000977019605481504,0.0020067205281451045,0.003774461623421029,0.002719773064257406,Ridge_alpha_fixo,90
-0.0003093174051674443,-0.0013761692306013132,-0.002629684454476833,-0.004950129373012102,-0.006972423472128726,-0.01366967488587306,Ridge_alpha_fixo,90
-0.00034874275192526476,-0.0009842206681361938,-0.001196895659928126,-0.002267103378817141,-0.002403251130976856,-0.0015366323012622912,Ridge_alpha_fixo,90
-0.0005090888304103618,-0.0015266393275308065,-0.0020678625972084157,-0.004943597544557702,-0.007329860410298044,-0.010037197353813676,Ridge_alpha_fixo,90
-0.0006052177141130375,-0.0017460379423210903,-0.0020794897438674194,-0.002861133818795232,-0.0035760655023281173,-1.4549815390879617e-06,Ridge_alpha_fixo,90
-0.0002690200027444973,-0.0006952784252857318,2.5845467804758957e-05,0.00020027942810059454,0.001839567593880339,-0.00110762983650264,Ridge_alpha_fixo,90
1.996854373907801e-05,0.0004483602195801822,0.00029037585488030494,0.00043928565749337917,-0.00017414060112338572,-0.009908817344623276,Ridge_alpha_fixo,90
-0.0004794098478863337,-0.0017404099904556028,-0.0015343792841335515,-0.0015972090827337476,-0.001608753204148724,-0.0009754137388874084,Ridge_alpha_fixo,90
-0.0002173980494812856,-0.000964332746238543,-0.0012844768002818609,-0.001106289510184535,0.0007945074382462218,-0.001174225498518244,Ridge_alpha_fixo,90
-0.00010697941567894384,-0.0003070706773760551,-0.00028710640295579636,-0.00017762930713329214,-7.939281932016587e-05,-0.005476332992775621,Ridge_alpha_fixo,90
-0.00036336944104546225,-0.0010070457491426416,-0.0016314469712178444,-0.0041720491772802995,-0.005870762350362053,-0.014132808912102505,Ridge_alpha_fixo,90
-0.0003631262996161311,-0.0016440942825717599,-0.0026506937740502544,-0.003352843236873164,-0.002681250279915143,-0.002623259897125344,Ridge_alpha_fixo,90
-0.0001221602772925579,-0.0005946102775623862,-0.0012121129230389205,-0.0017175705646220037,-0.0029464499336844673,-0.0083653538459165,Ridge_alpha_fixo,90
-0.00040570306637001846,-0.001917007626789199,-0.002384025190727395,-0.0036714083007748552,-0.00245700395658675,-0.0038088055626172715,Ridge_alpha_fixo,90
-0.00019380436065756285,-0.0008715840447159208,-0.0006653189430679598,-0.0004946090425191602,-0.0005792600375352323,-0.006758569678190735,Ridge_alpha_fixo,90
-0.00030836007618388937,-0.0016360000623699784,-0.0019488172412316204,-0.001771131361456619,0.00022627301724454255,-0.007158422307928028,Ridge_alpha_fixo,90
-0.00037090684541693405,-0.0014130280544700398,-0.0023549098713105633,-0.0041798409561002855,-0.005439061560395767,-0.015783129006725467,Ridge_alpha_fixo,90
-0.00017896281099711255,-0.0009361986727488687,-0.002085861831224528,-0.0036912397323472625,-0.005144692307993601,-0.01726174481788528,Ridge_alpha_fixo,90
-0.00018714222179827585,-0.0008988127752553981,-0.0014393429262914404,-0.0023353747356142643,-0.0031429168537547977,-0.007893250066876675,Ridge_alpha_fixo,90
-0.00017529508575127038,-0.0003898196110062348,0.00067533818837797,0.0026720760605380423,0.00475194923778878,0.007646889288805139,Ridge_alpha_fixo,90
-0.0002653309556919644,-0.0006291570005445761,-0.001567100702093539,-0.003376630333881742,-0.0037016462239037947,-0.010025769018759118,Ridge_alpha_fixo,90
-0.00016271282033324344,-0.0005742604984598187,-0.0007219407854280407,-0.0010057666452311731,-0.0015789821015111411,-0.00526065853595028,Ridge_alpha_fixo,90
-0.0002429533248548302,-0.0010595122099937696,-0.0009359373233534402,0.0006373086131066601,0.003090590176260862,0.002068130742529551,Ridge_alpha_fixo,90
-0.00022210148103684715,-0.0005646457481127808,-0.0007222194217169458,-0.0018074235384243486,-0.002810635915280858,-0.01439731733064704,Ridge_alpha_fixo,90
-0.00038070702723910256,-0.0014677648985241107,-0.0023983325921821223,-0.0043170770463929874,-0.006526741374666155,-0.01575905991088967,Ridge_alpha_fixo,90
-0.00019296630066875208,-0.0009434091380673212,-0.0014620869453537827,-0.0014223389960337524,-0.00034450027074938333,0.0006525619426700679,Ridge_alpha_fixo,90
-0.0001579042371107568,-0.0006667838669713439,-0.0012053311807013708,-0.002486622241695364,-0.0034673129368319525,-0.008057675810199224,Ridge_alpha_fixo,90
-0.0002688062293944259,-0.0012255358944651125,-0.001935667194393622,-0.0025093036477694818,-0.002360824780281414,-0.0032945223952024474,Ridge_alpha_fixo,90
-0.00036639428252020295,-0.0017134151187484675,-0.004449896119313814,-0.008799695631505554,-0.012870398258336918,-0.024828873901300022,Ridge_alpha_fixo,90
-0.00024374273570437798,-0.00041362428231377215,-0.00031272629266322345,-0.0012772692455459104,-0.0019336598297948987,-0.00402478547189893,Ridge_alpha_fixo,90
-0.00030474167585459465,-0.0009751187167495695,-0.001410789026674914,-0.0023766792997288867,-0.002841826332307565,-0.011169726609998019,Ridge_alpha_fixo,90
-0.0004345954831276116,-0.0016403685869832596,-0.0020709850391813704,-0.0030006834460856472,-0.004148502974796694,-0.013826163593870535,Ridge_alpha_fixo,90
-0.0004048685915703201,-0.0016135590123795038,-0.002418363461519604,-0.0032672098083236754,-0.003015787291455335,-0.011062706690374504,Ridge_alpha_fixo,90
-0.0004276153430144534,-0.0014363593645219982,-0.0025055685533079,-0.00504870683600939,-0.00547583666310528,-0.010963086042833664,Ridge_alpha_fixo,90
-0.00017373162810940592,-0.0007894003754247011,-0.0016639976496235567,-0.0033817457739653755,-0.004307961686743125,-0.013122941004939631,Ridge_alpha_fixo,90
4.553308673243259e-05,6.486452629532454e-05,-0.0008107709098616929,-0.002079658917619343,-0.002597047841687441,-0.013277256730069744,Ridge_alpha_fixo,90
-0.0005778060349793934,-0.0019119543955327166,-0.0012134944331223141,-0.0033851059823979007,-0.008087486179556716,-0.0194543875747268,Ridge_alpha_fixo,90
-8.841261684198733e-05,-0.0003912226243738128,-0.0002676144814397751,1.5252501394172531e-05,-9.967433849560448e-05,-0.005550266425159017,Ridge_alpha_fixo,90
-0.00026970998838065,-0.0007543295419323605,-0.0009025441775381941,-0.001318690681574361,-0.002034930611266145,-0.00945350434474172,Ridge_alpha_fixo,90
-0.0002653534194567653,-0.0008498852151869002,-0.0007587859680572096,-0.0003797061444529707,-6.997440714407935e-05,-0.0008509485553172744,Ridge_alpha_fixo,90
-0.00038351268775150193,-0.0014126119317769388,-0.0021899038675429346,-0.0037524092830040962,-0.005002494213084917,-0.004163543705261025,Ridge_alpha_fixo,90
-0.0004391801419158448,-0.00188496370830678,-0.002148970293032205,-0.0017176754788424294,-0.0010839897788831728,-0.003687604663768394,Ridge_alpha_fixo,90
-0.0002484638449102741,-0.0009646986450304641,-0.001504393267297098,-0.003452925677298271,-0.004739901438034333,-0.010187934857553625,Ridge_alpha_fixo,90
-0.00018804025646651767,-0.001256940322136479,-0.002101316164118323,-0.002197113387586603,-0.0015741683300600597,-0.007367339148976001,Ridge_alpha_fixo,90
-0.00041265560502121417,-0.001307647491515341,-0.0008734953785072399,-0.0004033690475578446,0.0015996923039300196,0.000945840699433072,Ridge_alpha_fixo,90
-0.0001349704032499251,-1.2456254598448046e-05,0.0001648025610321444,0.0006440624204816407,0.0014382230227995684,-0.00010978138578985577,Ridge_alpha_fixo,90
-0.00037237325211902586,-0.0015455357349791461,-0.0022805600871620086,-0.003089273668575221,-0.002841710536874663,-0.006896954458941467,Ridge_alpha_fixo,90
-0.0003774234959305001,-0.0013002519628762458,-0.002170067436965447,-0.0036788205735083174,-0.0052332127384472175,-0.01766830452823827,Ridge_alpha_fixo,90
-0.00031553980801969395,-0.0010949682690107132,-0.002368981978641697,-0.0044658285415215245,-0.006456991390244656,-0.019285995590169774,Ridge_alpha_fixo,90
-0.00027346873724678285,-0.0008527635444473213,-0.0004692616256850248,-0.0005332271662236905,0.0003641619591128159,0.0007889415713968168,Ridge_alpha_fixo,90
-0.00030655945427749385,-0.0011707889571951889,-0.0019503559126815328,-0.0037330025526718046,-0.0052253447262498665,-0.010339842547489656,Ridge_alpha_fixo,90
-0.0001460786288153835,-0.00027854718322321115,-4.84494294669806e-05,6.604656184269636e-05,-0.00017212935121321197,-0.0041613930256148655,Ridge_alpha_fixo,90
-0.00034472020560400644,-0.001695115094276125,-0.003686341622688395,-0.007465308242609873,-0.011128265889797942,-0.02509693657231802,Ridge_alpha_fixo,90
-0.0003607527199491128,-0.0016497692423684063,-0.0033334573875759767,-0.006240246354483507,-0.008540849144258763,-0.01894093179441649,Ridge_alpha_fixo,90
-0.00047972864989955015,-0.0017653836765988474,-0.0035560246482912185,-0.007240713642578745,-0.010416096970913563,-0.020605280704993404,Ridge_alpha_fixo,90
-0.00017583851765907052,-0.0006337053499002609,-0.0009795336536295497,-0.0014878069828460543,-0.001547582048374862,-0.010316727674020762,Ridge_alpha_fixo,90
-0.0003869857108614812,-0.001346158812021114,-0.0017383906419557512,-0.0022505395510935286,-0.0012602768862123484,0.0018702849060419032,Ridge_alpha_fixo,90
-0.00016369096310758202,-0.0006838040489873493,-0.0016715404102340507,-0.0023993339102322377,-0.002872002274207546,-0.008531842475312716,Ridge_alpha_fixo,90
-0.00038611289764387864,-0.001429627491032123,-0.0017489123178965741,-0.001598581749076219,-0.0008993734976753528,-0.0030950861854213414,Ridge_alpha_fixo,90
-0.0002534684354230311,-0.0012299846829219071,-0.0022728987941393504,-0.003733528376557501,-0.004643217274537895,-0.008599398557521405,Ridge_alpha_fixo,90
-0.0003862420718594905,-0.0016070630178577083,-0.0022050653723715815,-0.0029434866203694923,-0.0033159866335465316,-0.010158740674096932,Ridge_alpha_fixo,90
-0.00037744171172068077,-0.0015133557753168585,-0.0019736737262825666,-0.0034677992461957176,-0.004125872955898719,-0.004920787520039913,Ridge_alpha_fixo,90
4.493115198627994e-05,0.0005201255011537826,0.0006952326716483228,0.0005273745113108022,-0.00024825395245010314,-0.0060565118348807805,Ridge_alpha_fixo,90
-0.00024173096402807281,-0.0008553537689774946,-0.0011380505154256588,-0.0015168802912182125,-0.0013475168642210916,-0.006621032445175249,Ridge_alpha_fixo,90
-4.28759737455856e-05,-0.0004708151291351548,-0.0008748398495558803,-0.0008846841805842287,-0.000135525889177201,-0.00685113675961586,Ridge_alpha_fixo,90
-5.562408365654319e-05,-0.00021278978566646115,-0.0006270938804000282,-0.0015054047004189567,-0.0025424109082860763,-0.0061137263442134345,Ridge_alpha_fixo,90
-0.00020789227076440297,-0.0007559793287369713,-0.0017673334616558087,-0.00346798430679337,-0.0050450405371667145,-0.005805272976538685,Ridge_alpha_fixo,90
-9.478588038808116e-05,1.059254470701232e-05,0.0008302322694128028,0.0019030808375358763,0.0030082426624287954,0.0006245235192569054,Ridge_alpha_fixo,90
-0.00012043704844167407,-0.00027351229577954035,-1.5364318210643007e-05,0.0009657914559335995,0.0024694828177884106,0.004238882589315696,Ridge_alpha_fixo,90
-0.00021348090990714762,-0.0003804367486747664,-0.00038467509309461775,-0.0007163265667867829,-0.0018251450398242398,-0.005462706175898743,Ridge_alpha_fixo,90
-0.00030728678787880537,-0.0013624078308998907,-0.002325351751755073,-0.004257603748135384,-0.005026236239111254,-0.01249265778240678,Ridge_alpha_fixo,90
-0.00016802738168230545,-0.00032229879062369287,-3.078303363123606e-06,-0.00029067111135270705,-0.00040067579406418124,-0.006016309645702578,Ridge_alpha_fixo,90
-0.00012967826681327006,-0.0007171335166753604,-0.0010665204682508717,-0.0011191027327209966,-0.0005558625056188983,-0.0056058377114064206,Ridge_alpha_fixo,90
-7.590880864245144e-05,-3.1404425593191534e-05,0.00015844086729571843,0.00011930499512433783,0.0013970298515397705,-0.0021168939234254406,Ridge_alpha_fixo,90
-0.0002449845829427155,-0.0006443240789457969,-0.0007853855030416951,-0.0015306165114119864,-0.0019280813404042511,-0.007264869788936169,Ridge_alpha_fixo,90
-0.0002908599231634836,-0.0012718216199878829,-0.0014968769354877134,-0.0030518620840517775,-0.004253938962422822,-0.009446628952307473,Ridge_alpha_fixo,90
-0.00015761851285273987,-0.0007235890775687615,-0.0023048656876901875,-0.005468734398482632,-0.008791046160506959,-0.0169667402511161,Ridge_alpha_fixo,90
1.6685717983158776e-06,0.0003958105134175842,0.0010939085658688186,0.0025197513394151954,0.004300291490666407,0.0015928072376751097,Ridge_alpha_fixo,90
-0.00019652879612110493,-0.0009701890755812264,-0.0019522184865565508,-0.0040826711169666035,-0.00550038006720188,-0.0038154958898603303,Ridge_alpha_fixo,90
-0.00014147389189772145,-0.0006859533544527773,-0.0012209121772331075,-0.0023030777594137634,-0.0031364456410659146,-0.009796549864201936,Ridge_alpha_fixo,90
-0.0005136802061754607,-0.00200360860981648,-0.004198748648839738,-0.008852797302638939,-0.009415419486806442,-0.012670731299281026,Ridge_alpha_fixo,90
-0.00010610885162362067,-0.0005518092639094071,-0.0008976455186102638,-0.001423279034933341,-0.001608406711024366,-0.007644687624814946,Ridge_alpha_fixo,90
-0.00018995212586334808,-0.000586297077630945,-0.0007524951329996205,-0.00022834519212540553,0.0007301106604252297,-0.004355457090367332,Ridge_alpha_fixo,90
-0.00041450211548252775,-0.0011450224957975006,-0.0017724209295034172,-0.00358675431899055,-0.005394633954956892,-0.011776119826209266,Ridge_alpha_fixo,90
-0.00017185304421369517,-6.075248043164964e-05,0.0007297926800518531,0.0028423135860506845,0.005298925625592308,0.00018311015843080065,Ridge_alpha_fixo,90
-6.813094539600714e-05,-2.105127016165414e-05,0.0005633658358174886,0.001316410921093474,0.002389263585466339,-0.0019550144122181777,Ridge_alpha_fixo,90
-0.00028772013978223206,-0.001141037415378286,-0.0018300995691123481,-0.0037030634970677606,-0.0052415520717839946,-0.008622494479831157,Ridge_alpha_fixo,90
-0.00024542335688055726,-0.0010138301331460325,-0.0015797592769698945,-0.0024103744921072636,-0.002653356682352599,-0.004896018911062,Ridge_alpha_fixo,90
-8.452397114576633e-05,-7.584674934915986e-05,0.0006243040778923314,0.0017758718038481552,0.003990604638907634,-0.002236658548323812,Ridge_alpha_fixo,90
-0.0001466084997750947,-0.0006392995201946936,-0.0008793362598839931,-0.0021195355002864803,-0.003197397997244771,-0.013122158859466165,Ridge_alpha_fixo,90
-0.0003287945515286212,-0.0010503949389636565,-0.002273187563793804,-0.004766045776036848,-0.007094671804818867,-0.013861067514813776,Ridge_alpha_fixo,90
-0.0001543813011069648,-0.0008598257304087597,-0.0015668321717301837,-0.0035289490617651867,-0.005335012774696333,-0.013322901564589089,Ridge_alpha_fixo,90
-0.0002610703836635559,-0.0008084320297125002,-0.00136304727656144,-0.002826873657749659,-0.0038947663317023973,-0.010518274815197941,Ridge_alpha_fixo,90
-0.0003226195341413732,-0.001560070105876125,-0.002792194795666611,-0.004710620604173086,-0.006518021842207588,-0.017730657533547557,Ridge_alpha_fixo,90
-0.0004305372976366487,-0.001913585724279381,-0.003128535758684922,-0.004910718719053475,-0.005839283511972385,-0.010415934412273311,Ridge_alpha_fixo,90
-0.000246732725219074,-0.0008121629437167023,-0.0015326578750950886,-0.0017836315004881834,-0.001597946730512611,-0.0007515742692000296,Ridge_alpha_fixo,90
-0.00021798095703475854,-0.0008063550285412339,-0.0011479231811252855,-0.002363361208493308,-0.0034505429279081045,-0.01011885498190881,Ridge_alpha_fixo,90
-0.0002648312586439907,-0.0009267362935042019,-0.0008340986697332614,-0.0007870619654661386,0.00046307177337344445,0.002181697406608474,Ridge_alpha_fixo,90
-8.64367252547232e-05,-0.0002605898526116909,-0.0007711182949980106,-0.0005168732088797161,-0.00018762841391321502,-0.006834240980566523,Ridge_alpha_fixo,90
-0.0003180543986635829,-0.001221550455463957,-0.0017113571743977514,-0.0020007255101277023,-0.0018928138809572413,-0.0055766051150017305,Ridge_alpha_fixo,90
-0.0003033939553005687,-0.001167886616542273,-0.00190839868288941,-0.003423353369941696,-0.00524166292332663,-0.014769390730307577,Ridge_alpha_fixo,90
-0.00036845313777019735,-0.0014261440732346855,-0.0024591929923734645,-0.005144260627634022,-0.006695253871713745,-0.01161437795052972,Ridge_alpha_fixo,90
-0.00031020728840645725,-0.0013146592746241688,-0.0019947899757107456,-0.003604577728534888,-0.005354772859906042,-0.012029381707199003,Ridge_alpha_fixo,90
-0.00027283428376167037,-0.0012562123291099427,-0.0019275407742471856,-0.0031179175531929064,-0.0036244767851866034,-0.007532966852474455,Ridge_alpha_fixo,90
-0.0001801910359717404,-0.0008136516569302987,-0.0012978233388517032,-0.001714774244216112,-0.0012274919212600694,-0.004718369438222936,Ridge_alpha_fixo,90
-0.0003319172605017338,-0.0012675638147812344,-0.0025136561165483543,-0.004806881933308781,-0.006645491506238409,-0.01078371852324277,Ridge_alpha_fixo,90
-0.0005309385889752093,-0.0020379558270811953,-0.004061058378593068,-0.007465401146571117,-0.00998229633684777,-0.019190210273380165,Ridge_alpha_fixo,90
-0.00013435739302153444,-0.0007362213016184156,-0.001652673724271902,-0.0036685172884593277,-0.005578507801179422,-0.0161688416285463,Ridge_alpha_fixo,90
-0.00035830404319800175,-0.0011678338225061006,-0.0017024473296745972,-0.002241763350349285,-0.0018491907287884078,-0.005263935948371453,Ridge_alpha_fixo,90
-0.00032714703287598,-0.001347298900976696,-0.002019654276247413,-0.003480047345361649,-0.006013588092742962,-0.0174395405017587,Ridge_alpha_fixo,90
-0.0004773277962421955,-0.0023176268747150943,-0.005046732921331066,-0.010638079105642975,-0.014387224826104066,-0.020631635343264457,Ridge_alpha_fixo,90
-0.00026360741153328283,-0.0011806640406229866,-0.0012366166882352167,-0.0007380308823057888,0.00012292985940137307,-0.0048610825952768956,Ridge_alpha_fixo,90
-0.0002461377284074342,-0.0009568979773784927,-0.0005459307884386504,0.00023203007826429615,0.001086669832913405,0.00012956449523734775,Ridge_alpha_fixo,90
-0.00031418065898257375,-0.000929785284302764,-0.000982926448487398,-0.0019007647770460196,-0.00365977751028397,-0.012260097199888756,Ridge_alpha_fixo,90
-0.00011856263732116162,-0.0006191539488463916,-0.0013313225689161462,-0.0017873414341380946,-0.002615871068904399,-0.00877050408738535,Ridge_alpha_fixo,90
-0.0001183185213270619,-0.00015084276501129275,-0.00023842326847307806,-0.0012622225923199916,-0.0020521604607382565,-0.017111278683155588,Ridge_alpha_fixo,90
-0.0003535712744631103,-0.0011124741232975215,-0.0019650477328791733,-0.003992910129098303,-0.005091690135798353,-0.00986173881257273,Ridge_alpha_fixo,90
-0.00019524423327151144,-0.0007941916663174199,-0.001475426000723311,-0.004348518337660938,-0.00913220529488339,-0.024849641177403157,Ridge_alpha_fixo,90
-0.00015103271680896808,-0.0004578535783469432,-0.0005172959484939514,-0.0014206339968385042,-0.002298703663669075,-0.012905801146010273,Ridge_alpha_fixo,90
-0.0002989977435868118,-0.0012239702223281706,-0.003139182989932249,-0.00571520182764911,-0.007369923204977129,-0.013952510413505256,Ridge_alpha_fixo,90
-0.00041469950963047767,-0.001536521396935678,-0.0023028042374278754,-0.0027642778701451537,-0.002984011934098466,-0.009335842932207072,Ridge_alpha_fixo,90
3.811930686113757e-05,0.0005193493663996084,0.0007031375841528237,0.001524158455738215,0.001741042052438714,-0.0037028930387847936,Ridge_alpha_fixo,90
-0.000271043745147581,-0.0009309702043324597,-0.0011372002162317405,-0.0014782244172226013,-0.002049755261752632,-0.007818242430588637,Ridge_alpha_fixo,90
-2.2761137288939624e-05,-0.0006092064699184194,-0.0010440110229262445,-0.0013144090943548032,-0.0022993952869849034,-0.0176493945214921,Ridge_alpha_fixo,90
-0.0005246756864297955,-0.0020675424877214413,-0.0031814925392307067,-0.0056022243917220795,-0.008178781745627124,-0.017668674425202844,Ridge_alpha_fixo,90
-0.00020864311584430157,-0.0005583013053170265,-0.0005374879113161705,-0.0009214153021308385,-0.0008052583247475873,-0.007996398677056296,Ridge_alpha_fixo,90
9.797541895493321e-06,0.0001475149028903731,0.0008926955313247067,0.002369307135865555,0.004422234341352381,0.0015313286198390106,Ridge_alpha_fixo,90
-0.00033445114995047786,-0.0013627121267576774,-0.0025348916941827565,-0.004714798735174789,-0.0074288806272220466,-0.018385551129860116,Ridge_alpha_fixo,90
-0.0002506713044760143,-0.0008868445560614514,-0.001340448885878133,-0.00240240455342041,-0.0033126672663723756,-0.0056087354142232365,Ridge_alpha_fixo,90
-0.00017657118516199998,-0.0009859700691930086,-0.0019242609036085228,-0.003006086563603917,-0.003586047759609534,-0.008011246480838499,Ridge_alpha_fixo,90
-0.00013484546538882993,-0.0005324138910386319,-0.0010991174596914623,-0.0022297742291104857,-0.003252247828730379,-0.005447828877650645,Ridge_alpha_fixo,90
-0.00013655609423083743,-0.00016550625850270305,0.00011100504787421194,0.00050525083652986,0.0009318575131237591,-0.003231810014264768,Ridge_alpha_fixo,90
-0.00016777454974296262,-0.0006521653155668923,-0.001015916360640259,-0.001360112192241355,-0.001457526326752131,-0.006018421411111624,Ridge_alpha_fixo,90
-0.0002203842688093363,-0.0009493480775078292,-0.0008940211726848361,-0.0011141205713966567,-0.00014320822027259864,-0.0062520551597826475,Ridge_alpha_fixo,90
0.0001235883637896202,1.2929919365390452e-05,-0.0004982332207155931,-1.4170657112861183e-05,0.0024645666110029935,-0.00541730717442386,Ridge_alpha_fixo,90
-0.00020053814404892147,-0.0007740487655154915,-0.0008040695624606917,-0.0005451113416789912,0.00019174948334726262,-0.007854835068364815,Ridge_alpha_fixo,90
-0.0003609726242640941,-0.0011084927342355727,-0.0017388928572252098,-0.0031739073079904106,-0.004906191001961391,-0.015775418297352944,Ridge_alpha_fixo,90
-0.000252882183999759,-0.0012485435484645337,-0.0021149880368006666,-0.0019771197190581197,-0.0020140338229447993,-0.0028156780295553016,Ridge_alpha_fixo,90
-0.00015222289090686278,-0.00047162859590934995,-0.0004065177287486857,0.0004459655969893664,0.001642171094081592,0.0020328354919601703,Ridge_alpha_fixo,90
-0.00015415953429490664,-0.0008035627154787298,-0.0013394109192726733,-0.001392104637335923,-0.0023909294000900735,-0.010688421605556175,Ridge_alpha_fixo,90
-4.2176756312629383e-05,-4.063187406875331e-05,-0.0004844167470782466,-0.0022289889431496702,-0.004076306937873076,-0.012136174792638666,Ridge_alpha_fixo,90
-4.565693273957026e-05,-0.0002878066370478168,-0.0010386727569658453,-0.0025755763230505594,-0.003513064031358258,-0.012449818214188519,Ridge_alpha_fixo,90
-0.0003249206274687887,-0.0012131458958719716,-0.002761590845165948,-0.004732676625354005,-0.006477368634209256,-0.015310342810630153,Ridge_alpha_fixo,90
-0.00031551249095222386,-0.0011646800299158265,-0.002282014360806898,-0.004106749234525372,-0.005946681901590071,-0.016179281684711166,Ridge_alpha_fixo,90
-0.00019188026621846889,-0.0010902540402854446,-0.0020010210514718736,-0.003530515356123167,-0.004008227465164395,-0.012172164951456958,Ridge_alpha_fixo,90
-0.0002743083649156989,-0.000785839999448728,-0.000531521711218795,3.2332668585368826e-05,0.0019031139862702932,0.006472289012370924,Ridge_alpha_fixo,90
-0.0002711629879069212,-0.0011734407472208642,-0.0022734870839728203,-0.0035388678915933757,-0.005189677125825902,-0.013226236434279582,Ridge_alpha_fixo,90
-0.00015257509334220702,-0.0006822650723997655,-0.0008040411867647268,-0.0009843520113098573,-0.001133717692562232,-0.005390729248587046,Ridge_alpha_fixo,90
-0.00019054735484189326,-0.0007355090533885341,-0.000981332161405428,-0.0016416488184343282,-0.0021213267240569557,-0.00711042305741444,Ridge_alpha_fixo,90
-0.0005123085521690837,-0.0018410384862014297,-0.0034526478685761868,-0.006590359187320972,-0.008841961901285228,-0.016626973618809618,Ridge_alpha_fixo,90
-0.00016890796412151726,-0.000728709236731304,-0.0013648088869011486,-0.0018736414227585752,-0.0015944932350181339,-0.005127489818565612,Ridge_alpha_fixo,90
-0.00029147993096879455,-0.001359425262003757,-0.0018863196845912776,-0.0017867312225331188,-0.0014908919441760473,-0.0006659308300872111,Ridge_alpha_fixo,90
-0.0003515665253997861,-0.001386630051434339,-0.0032471209674958036,-0.00721546504008114,-0.009416423563616593,-0.014039457577015474,Ridge_alpha_fixo,90
-0.00019841861103882429,-0.0004896718012331844,-0.00033135730191162716,0.0007471788895146622,0.0012930443761255412,-0.006514871986988453,Ridge_alpha_fixo,90
-0.00019681492761790986,-0.0010344790957559444,-0.0020134599458875176,-0.0039929779587407725,-0.005648381775310128,-0.01181749930880423,Ridge_alpha_fixo,90
-0.0002055184500229321,-0.0005514898059016255,-0.0013824560017282974,-0.001971937688449302,-0.0012401044718132513,-0.006662724462223651,Ridge_alpha_fixo,90
-0.00032884257077160514,-0.001195339723548388,-0.001342828282847342,-0.0018500747615617682,-0.002182433946259258,-0.0019700908004899238,Ridge_alpha_fixo,90
-0.000581322952191096,-0.0019473521461737863,-0.003074758675073662,-0.005501728689599184,-0.0071935275434355855,-0.010803837515475348,Ridge_alpha_fixo,90
-0.00028468324225367804,-0.0011583218948662515,-0.0023266028543184078,-0.004505581107587541,-0.006824211620775665,-0.016981085303150747,Ridge_alpha_fixo,90
-0.0002216905943353685,-0.0007186958102568878,-0.0009642295703012912,-0.002484907889180734,-0.003741516488244742,-0.010531193804458338,Ridge_alpha_fixo,90
-0.0005084400742327205,-0.0016286816136061517,-0.003178734882506872,-0.006933596376855429,-0.01024556604179951,-0.01767258279933708,Ridge_alpha_fixo,90
-0.0002804857544823635,-0.0011600318723026075,-0.0017577427804191389,-0.004349667120858391,-0.006333160965735477,-0.011451710260012975,Ridge_alpha_fixo,90
-0.00016256325987173243,-0.0006613416170210408,-0.0007862985579804413,-0.0010412870484046437,-0.001050343191892704,-0.010446462715378566,Ridge_alpha_fixo,90
-0.00025726896106272057,-0.0009638974616347457,-0.0012542717746840235,-0.001498309151107758,-0.000562971644120598,-0.002100542804262595,Ridge_alpha_fixo,90
-0.0001139300376129643,-0.0005951709420818584,-0.0011061223072439295,-0.002242675248005968,-0.003669044613491104,-0.012489456578943495,Ridge_alpha_fixo,90
-0.00030346055937885777,-0.0012267095542844858,-0.002076067814475615,-0.003537099335785098,-0.00460529384171721,-0.01362484643575477,Ridge_alpha_fixo,90
-0.00014462716527594623,-0.0009353681658013144,-0.001708945411900401,-0.002956478689547918,-0.0029982683735511957,-0.0035775772022341094,Ridge_alpha_fixo,90
-3.72040629490599e-05,-5.2864173952031945e-05,0.0007852822818015029,0.0035064729015104514,0.00786965935522177,0.012368563663759753,Ridge_alpha_fixo,90
-0.0001562988097233235,-0.0004484379657754281,-0.000705712016775025,-0.0020705784052858604,-0.0037436510063065974,-0.011473491470654785,Ridge_alpha_fixo,90
-0.00020801746632846172,-0.0006896382392154338,-0.0010828566473100635,-0.0018822529434672677,-0.0031538344126630104,-0.010070987328453133,Ridge_alpha_fixo,90
-0.0002014122602102187,-0.0008712798660625324,-0.0014173227345954443,-0.002458496800734401,-0.004185716706519109,-0.012706393966721552,Ridge_alpha_fixo,90
-0.00022093230066319087,-0.000796063909032953,-0.0011369010490319446,-0.002391970238841767,-0.004560286080761905,-0.010434287782031532,Ridge_alpha_fixo,90
-8.714844219668914e-05,-0.0001573124349062107,0.00010697924388987923,0.0003874745542969619,-0.00029995647550244947,-0.012422226906120324,Ridge_alpha_fixo,90
-0.00034773859722497124,-0.0014517111132260226,-0.0036297619342148253,-0.005722665608399389,-0.005644672694389756,-0.005610353295523374,Ridge_alpha_fixo,90
-0.00010884169472727626,-0.00044603538214616785,-0.0009512045145903616,-0.001206797246905426,-0.001361497046278587,-0.008978550165965077,Ridge_alpha_fixo,90
-0.00015329567838115362,-0.0005309570377364455,-0.0005038129397763271,-0.0008573621851300514,-0.0012868663421096444,-0.006794719533186958,Ridge_alpha_fixo,90
-0.00035062434310715766,-0.0013594493454991232,-0.0023428636741181525,-0.004682099911833005,-0.004542211394391756,-0.008197448978986412,Ridge_alpha_fixo,90
-0.00043390074908682987,-0.0013310370739269145,-0.0031100391298110094,-0.006262631110531712,-0.008180536244256615,-0.01976245101263266,Ridge_alpha_fixo,90
-0.00024120160439442442,-0.0008569957365793532,-0.001097722543874947,-0.0014505747570611421,-0.0006752368928681273,-0.014594774000354596,Ridge_alpha_fixo,90
-0.0004305190401052604,-0.0015415810838047973,-0.002779092454479219,-0.004423458222160959,-0.005869759112181578,-0.007602120618294784,Ridge_alpha_fixo,90
-0.00035700330527146663,-0.0011443298090275456,-0.0021640812191558805,-0.004219172593665539,-0.0060135427474112555,-0.013917467701110998,Ridge_alpha_fixo,90
-0.00024815399758644247,-0.0008286204762248651,-0.0011654739984693606,-0.0007976237974691072,-0.0005659050220197235,-0.006160028679518308,Ridge_alpha_fixo,90
-0.00011671770678465304,-0.0003538189778898817,-8.080986760063975e-05,0.0004487176119844699,0.001114191410358961,-0.0009960675405357256,Ridge_alpha_fixo,90
-0.0003007845583907982,-0.001025002083924837,-0.0009963726887477823,-0.000747052413284676,-0.0014329011925458728,-0.010558202503083116,Ridge_alpha_fixo,90
-0.00023518542320231228,-0.0009916976677661628,-0.001682915761283267,-0.003311848802795979,-0.005173857170381081,-0.01162079644182185,Ridge_alpha_fixo,90
-0.00012782534506115465,-0.0005476165118510892,-0.0009907093554416349,-0.002020095852512748,-0.0029948152372572365,-0.011613778074141972,Ridge_alpha_fixo,90
-0.0002541008213167458,-0.0007359785216742486,-0.0005411093059093531,-0.00023214191494410567,-0.0014064354718019618,-0.010490345737982144,Ridge_alpha_fixo,90
-0.00021998081992998355,-0.0007776982399390974,-0.0009596862263550187,-0.0012278099445508386,-0.00022938157357107385,-0.006818805333112539,Ridge_alpha_fixo,90
-0.00017120462552255188,-0.0004947776824048472,-0.0007933029298574417,-0.0018148458846800736,-0.0017321841261029593,-0.00875498084695823,Ridge_alpha_fixo,90
-0.0003321189041825043,-0.001956690092032076,-0.003926140824766504,-0.007325315103314178,-0.010901387300357727,-0.019318707014494715,Ridge_alpha_fixo,90
2.232084822132739e-05,-0.00011867746620008104,-0.0010577128078400084,-0.0030636221587826856,-0.004927135402234932,-0.014458118710220937,Ridge_alpha_fixo,90
-0.00019931972132442374,-0.00021600874267812834,0.0001088230193732465,0.0008706783703096116,0.0019676680499818764,0.0005264325337330551,Ridge_alpha_fixo,90
-0.0005670856009487262,-0.0015228989731630826,-0.002968788655529091,-0.005433546444889737,-0.007464149335437874,-0.018398456261530836,Ridge_alpha_fixo,90
-0.00030975714732480207,-0.0010627237425244545,-0.0015357996627202541,-0.0020723100008989822,-0.0024295229145861346,-0.00754246278538557,Ridge_alpha_fixo,90
-0.0001504456982629427,-0.0005592025991460823,-0.00037619037823988016,-0.0003303859307029153,0.00021074640309544102,3.478639807781199e-05,Ridge_alpha_fixo,90
-4.1075758071209724e-05,0.00014368909743812068,0.0009361682830361825,0.001810689431348942,0.0030141584301834716,0.004244932703270519,Ridge_alpha_fixo,90
-8.120806676117177e-05,-0.0002894384316544972,-0.0006574357164745652,-0.0017313053114223662,-0.003261971904199022,-0.01157350175657401,Ridge_alpha_fixo,90
-0.0001669963916417166,-0.0004297863744896796,-0.0004516822167252292,-0.0006064384996589656,7.285995862402336e-06,-0.005142467535917659,Ridge_alpha_fixo,90
-0.00020713058855108412,-0.0005272576341985939,-8.585543054636811e-05,0.0006575820498868558,0.0004978741789757879,-0.005374173531670688,Ridge_alpha_fixo,90
-0.0002879523552975476,-0.0013548530091248906,-0.002173520389957713,-0.004699297896346333,-0.007021583909289383,-0.016147840259934834,Ridge_alpha_fixo,90
-0.00028187579128015317,-0.0012048662872170763,-0.0018646634311437853,-0.0029449569159433245,-0.0038120265900408053,-0.010422626665476168,Ridge_alpha_fixo,90
-0.00013960571030035714,-0.0006537755893505306,-0.0006941700272797232,-0.0004403156877533546,-9.434618135060688e-05,-0.004928727504583268,Ridge_alpha_fixo,90
-0.0001944678059530627,-0.0006546412448739726,-0.0005001910891040014,-0.0006657015969071406,-0.00022306278632686452,-0.0035501574511110786,Ridge_alpha_fixo,90
-4.443757550675307e-05,-1.300404738724567e-06,7.201879425995877e-05,0.000419004664348893,0.0016658410061084416,0.0011372719837815866,Ridge_alpha_fixo,90
-0.00022922679147830777,-0.0005574835212172173,-0.0012184687778120642,-0.0029401799620606887,-0.003915419403245648,-0.01239730015773533,Ridge_alpha_fixo,90
-0.0002650496615559224,-0.0010117652431824496,-0.001063608192929761,-0.0016617102046154804,-0.0016288179848601458,-0.010828939346878822,Ridge_alpha_fixo,90
-0.000395508695812569,-0.0017505485847034213,-0.003296105954194341,-0.006245247897794721,-0.008158761500379806,-0.012178882340595673,Ridge_alpha_fixo,90
-0.00046717039822595204,-0.002581021972216352,-0.004320974882956676,-0.007038533321305066,-0.008505553196066105,-0.015631826310158733,Ridge_alpha_fixo,90
-0.0005026294638076829,-0.002187437491251723,-0.00370039486442173,-0.007125241603311569,-0.009432914784330108,-0.018599211557155444,Ridge_alpha_fixo,90
-0.00019656229726004528,-0.0006618948335595936,-0.0006178039210127594,-0.0010784203480342714,-0.00176460395815892,-0.011159323257783507,Ridge_alpha_fixo,90
-0.00021778010574241162,-0.0005648453084625078,-0.0009330438926599357,-0.002962361131843584,-0.00472505591104882,-0.009675304110239943,Ridge_alpha_fixo,90
-0.00018647738724701394,-0.00038759277558496954,-2.493094599691382e-05,0.0009637137855615858,0.001800303423770941,-7.619364187522369e-05,Ridge_alpha_fixo,90
-5.8496543318090785e-05,-0.00024270006804196558,5.4414662273452114e-05,-0.00011294723834953614,-0.0008301414765796551,-0.0072936884467929225,Ridge_alpha_fixo,90
-0.00024482651706386846,-0.0009542267623887173,-0.0017273264712605607,-0.0034811706290229986,-0.004537063065370842,-0.010203248473317824,Ridge_alpha_fixo,90
-0.00013433105412720604,-0.0003283254696250603,-0.0004167066101907628,-0.0007384561789837597,-0.0017482943631753505,-0.010142437876776232,Ridge_alpha_fixo,90
-4.198085399088535e-05,-8.807847280514533e-05,0.000714495272929901,0.0021627178973665324,0.0029224529319988907,0.0020488228374216347,Ridge_alpha_fixo,90
-0.0005810784123086804,-0.0020503709171058415,-0.004013103594191342,-0.009230832673866941,-0.012697853065524404,-0.02122340827194564,Ridge_alpha_fixo,90
-0.00018667084641717398,-0.0007689898090334611,-0.0008898603091051884,-0.0012483491999461436,-0.0010228887910095814,-0.0061652754273348945,Ridge_alpha_fixo,90
-0.00031108485583968617,-0.0009306571290985597,-0.0017633082922583073,-0.002487489964294603,-0.0033161379600452423,-0.01694463740746577,Ridge_alpha_fixo,90
-0.0002891934641071515,-0.0011063575293868758,-0.0017780154938443304,-0.004068716551629564,-0.007163931076680979,-0.019369495633327585,Ridge_alpha_fixo,90
-0.00034081488958106945,-0.0011066024893487388,-0.0014881472622833842,-0.002184395583752429,-0.0019435056339862995,-0.007045326501161023,Ridge_alpha_fixo,90
-0.00011830597735100319,-0.0003915791138410066,-0.0006560761474472646,-0.0005892392268911401,-0.0007106107678270451,-0.011218398084030278,Ridge_alpha_fixo,90
-0.00027005991001724,-0.0009613335433141377,-0.0016764658260793517,-0.0034145057957056715,-0.005279116588386525,-0.013082511551998308,Ridge_alpha_fixo,90
-0.0002599514865042449,-0.000719159052688103,-0.0014562151718086809,-0.0031048861802550768,-0.003941997611408786,-0.008335056312908797,Ridge_alpha_fixo,90
-0.00029653856521330286,-0.0011325484039312426,-0.0021234460470295124,-0.0034478616454981367,-0.003381681057168671,-0.009230257677146754,Ridge_alpha_fixo,90
-0.00029398751846946566,-0.0008924980091021192,-0.001989930624101766,-0.0042421152986267625,-0.007103740072013157,-0.016107691650602815,Ridge_alpha_fixo,90
-0.00042011038801818514,-0.0015000247636582078,-0.0022105393893045535,-0.004669954300197318,-0.006405409284561669,-0.015533913182895319,Ridge_alpha_fixo,90
-5.772734037731539e-05,-2.6559262774223805e-05,0.0006418007413898392,0.0025643371978258957,0.0037136641641798687,0.003589249119423259,Ridge_alpha_fixo,90
-0.00034710456590421264,-0.0010871811415782626,-0.0009970166709018411,-0.0016098128245579442,-0.0013622244808938258,-0.00913289280501362,Ridge_alpha_fixo,90
-0.0004425662684693025,-0.0016719135307203903,-0.003425581271042398,-0.006783132125372201,-0.009796411175506526,-0.018933836019449778,Ridge_alpha_fixo,90
-0.00027741401011639716,-0.0008812137395913734,-0.001634935350499624,-0.003667152491243684,-0.006223628949558965,-0.01502619460342859,Ridge_alpha_fixo,90
-0.00018711458187954124,-0.00046198474136011644,-0.0005507085442781963,-0.000819281934681852,-0.001209964024659549,-0.004300840871156433,Ridge_alpha_fixo,90
-0.00027677507102971184,-0.0010950208160445919,-0.002454903461219247,-0.004806232762365009,-0.006691198438743865,-0.016033000951848793,Ridge_alpha_fixo,90
-0.0003494176329040406,-0.0014195904692797755,-0.0029739220364837235,-0.0060887071042288275,-0.008896230636467842,-0.02552457249849086,Ridge_alpha_fixo,90
-0.0001762663348465502,-0.00030935175445214944,0.0004476811352230101,0.001611905934654581,0.003074574752879294,0.00545753391701847,Ridge_alpha_fixo,90
-0.00039614486963486506,-0.0015242007047882704,-0.002271374569485798,-0.003501367580028832,-0.004729885206663328,-0.006596252621799673,Ridge_alpha_fixo,90
-0.0005292495344123079,-0.0016175654788044512,-0.003336015408518614,-0.007261666729719295,-0.010751896136266854,-0.01603001667236149,Ridge_alpha_fixo,90
-6.818544363243183e-05,-0.00033915866020024814,-0.0006668400209189173,-0.0022581902842152774,-0.0031713223368650123,-0.011210603652893586,Ridge_alpha_fixo,90
-0.00033271883005651963,-0.001415916914453476,-0.0023136079665521544,-0.004082556693133093,-0.0055333865950881345,-0.009327259401963444,Ridge_alpha_fixo,90
-0.0002019631056561474,-0.0008009604240659398,-0.0010911870243964234,-0.0026540769524663476,-0.003422282017502826,-0.007215316868842496,Ridge_alpha_fixo,90
-0.00020213025277055524,-0.0008781628501892438,-0.0020873145836081373,-0.004109047735494259,-0.006054405848298661,-0.01018189385366113,Ridge_alpha_fixo,90
-0.0003187189437265401,-0.001377794246473557,-0.002385319842215267,-0.004455771945122395,-0.0060941174575944715,-0.012350141569675802,Ridge_alpha_fixo,90
-0.00029676419443432555,-0.001462787887180032,-0.0021614620437141424,-0.0022898776957813068,-0.0018189724070180621,-0.005109792754098012,Ridge_alpha_fixo,90
-0.0006017457333827636,-0.0027365309112538667,-0.004379183760054239,-0.008173051849352771,-0.010440436087755248,-0.01838965304838791,Ridge_alpha_fixo,90
-0.00045098420806459537,-0.0013755199157230763,-0.0024782676727129692,-0.0051972192770520734,-0.008133078312692266,-0.013965695759306779,Ridge_alpha_fixo,90
-0.0001671058391226579,-0.00013876885861774675,0.002279275009271907,0.006271236878884487,0.010509998902747817,0.011505288609431362,Ridge_alpha_fixo,90
-0.0002991805047568514,-0.001393850002494951,-0.0015943283785640778,-0.0021901034885241765,-0.0024128101496074636,-0.011895535237307768,Ridge_alpha_fixo,90
-6.59423615119052e-05,-0.00015697769446467244,0.00010421633978903117,0.0006487555114053257,0.002257988265907578,-0.001800990806312821,Ridge_alpha_fixo,90
-0.0003487279669017225,-0.0014632580135991481,-0.001820472360103909,-0.002874822657672524,-0.0030328657533067846,-0.0033881544335126663,Ridge_alpha_fixo,90
-0.0003128931700985166,-0.0011016041902862101,-0.001144145272838406,-0.000959406492869317,-2.4083896981244434e-05,-0.00316160515410432,Ridge_alpha_fixo,90
-8.783096230993973e-05,-0.0004476250513137638,4.465132316228109e-05,0.0011691773277928872,0.002214354133289441,-0.0012931318530758707,Ridge_alpha_fixo,90
-0.00029163065283594386,-0.0011990751897625923,-0.0014460749292203557,-0.001686795087724787,-0.0014583193415547938,-0.009258833514028675,Ridge_alpha_fixo,90
-0.00015349129072074857,-0.0003532594899628707,-0.0010468824567987937,-0.003167694004889295,-0.004673208193224554,-0.013683133713754512,Ridge_alpha_fixo,90
-0.00023077617052284102,-0.0011007591491014074,-0.001527344587234825,-0.0020965108387764235,-0.0021385470089546393,-0.007835008640016083,Ridge_alpha_fixo,90
-0.00010464046163982999,-7.221277355848442e-05,-4.981724288235029e-05,-0.0003566996720735031,-0.0005185059057907586,-0.010623390430330113,Ridge_alpha_fixo,90
-0.00012193886854059326,-0.0008121358787596242,-0.0016218913857493605,-0.0035568573547954986,-0.007043479968345302,-0.01936850537148392,Ridge_alpha_fixo,90
-0.00025442204216753045,-0.0011179041814579791,-0.0023000126471980657,-0.004690834571557881,-0.006390201476020348,-0.013439927601888006,Ridge_alpha_fixo,90
-3.642687504154793e-05,0.00022258545708588466,0.0009554212476418199,0.003198798510407207,0.005730926022889491,0.008635795761088558,Ridge_alpha_fixo,90
-0.00020124489635700948,-0.0009022775953630729,-0.0017155710597698153,-0.00282148876897244,-0.00356576351342243,-0.008350350280381925,Ridge_alpha_fixo,90
-0.0002671129665521209,-0.00090066740050256,-0.001077921240982333,-0.001294127403816124,-0.00091606415125841,-0.005704574489197694,Ridge_alpha_fixo,90
-0.00025260509545822437,-0.000454440452931561,-0.0009865725515920652,-0.0027373919178437347,-0.005081828314934914,-0.014574013462163903,Ridge_alpha_fixo,90
-0.0004883053960794028,-0.0018886243215380345,-0.0023165279403915724,-0.002742827728397867,-0.0036829229708592827,-0.010254094084928741,Ridge_alpha_fixo,90
-0.0001499771080154735,-0.0005497469508449473,0.0010938594887113019,0.003126937914539225,0.005457897550248849,0.006669171292664805,Ridge_alpha_fixo,90
-0.00019770264400736275,-0.0003499487796573652,0.00014133511447155452,0.0006922997042426251,0.0015645671463044395,0.00021239163066823027,Ridge_alpha_fixo,90
-0.00037931617917973397,-0.001899798700500698,-0.0026582985548267296,-0.0025254745096923792,-0.0017099910043499767,-0.008124423791689307,Ridge_alpha_fixo,90
-0.00031438968554945465,-0.0008891567389559051,-0.0009567327191094243,-0.000923632961002879,-0.00039049001860229967,0.00031913848630442236,Ridge_alpha_fixo,90
-0.00014401653603079688,-0.0001788847797492226,0.00014316061378645735,0.0010478526414934783,0.0029094448813970354,-0.0012244325618743412,Ridge_alpha_fixo,90
-0.00026199699390129684,-0.001396439761775447,-0.002826878535643011,-0.004574705346828703,-0.004796286380464332,-0.01505137974506311,Ridge_alpha_fixo,90
-0.00017975206125990967,-0.0002251905519277313,-0.00027732270805594595,-0.0007213729412399857,-0.00018402449716257738,-0.0056760014277234825,Ridge_alpha_fixo,90
-0.00013044022597510582,-0.0007052459001950875,-0.0005895201752676428,0.0012223921952031996,0.00387060143263301,0.0007333859753442613,Ridge_alpha_fixo,90
-0.00048299161594315027,-0.0011930882698146432,-0.001569084936573082,-0.0018560188947391882,-0.0008811502119786216,-0.0007337667226835461,Ridge_alpha_fixo,90
-0.0004133765309838959,-0.0019250587184776015,-0.0035871294006821564,-0.00519263713777761,-0.005732937112008172,-0.006485943959713873,Ridge_alpha_fixo,90
-0.00016118013598014473,-0.00043804906852431023,-0.0006710655797705314,-0.0011242676398053096,-0.0014139064153468898,-0.005324624890400472,Ridge_alpha_fixo,90
-0.0003426863337488142,-0.0010859619311159444,-0.0013722912781066762,-0.0024137287715728637,-0.004266517270223007,-0.013252170526349643,Ridge_alpha_fixo,90
-0.0002446216036852159,-0.0011522596457552215,-0.001884677062645302,-0.004068115067542481,-0.006248694676657511,-0.013767338621765294,Ridge_alpha_fixo,90
-5.140203566148472e-05,-0.0002504092040242829,-0.0006480245736680954,-0.002270639391618618,-0.004626211616157533,-0.021951811688674976,Ridge_alpha_fixo,90
-0.0003452426178790814,-0.001506902157033983,-0.001695497644623086,-0.0018249475376345753,-0.0023662737406659824,-0.010243097644015063,Ridge_alpha_fixo,90
-0.0002855137649658901,-0.001139521878551635,-0.0026042218150863676,-0.004409043993980817,-0.0042458713324887,-0.00491110109485096,Ridge_alpha_fixo,90
-0.00025900754427075104,-0.0009651744614721936,-0.0007854548069508696,8.352337475720672e-06,0.00045419027175092855,-0.0048398694822823175,Ridge_alpha_fixo,90
-0.00013294554273018334,-0.0007155268085700576,-0.0008537044721394652,-0.001364832908924011,-0.0020121363474597874,-0.008019838553625947,Ridge_alpha_fixo,90
-0.000276934177904146,-0.0009896393564484721,-0.0017207453251852707,-0.002690467263697259,-0.0024454066752536163,-0.00028554343338731256,Ridge_alpha_fixo,90
-0.00028044122062691147,-0.0007149344567544902,-0.0005516212593754065,-0.00017469412480497157,0.0007390475013977321,-0.0011848375993950351,Ridge_alpha_fixo,90
-0.0001498728687282273,-0.00011067889899121998,5.741041100780595e-05,0.00016948911091314113,0.0007273840644076166,-0.0013391719922326074,Ridge_alpha_fixo,90
-7.491265709164222e-05,-0.0011521428214943039,-0.0019104356228633892,-0.0006987409384765706,-0.0008839632505911497,-0.015502601626624367,Ridge_alpha_fixo,90
-0.00020594010083045002,-0.0007222646331217851,-0.0007375012514323679,-0.0014217997840656861,-0.0016732081900015005,-0.0011273362437696516,Ridge_alpha_fixo,90
-0.00031012641537622477,-0.0014985368977875003,-0.0025094405180613837,-0.003936711471206163,-0.004130247880269026,-0.008345406389574454,Ridge_alpha_fixo,90
-0.0004989907132533403,-0.0014693666852474117,-0.0025564084443678984,-0.00476067154996925,-0.006563722284600344,-0.01048970582073621,Ridge_alpha_fixo,90
-0.00026073210464826917,-0.0020558600460133915,-0.0027398798640866024,-0.0034269838019049606,-0.002884506389488199,-0.008845662622202226,Ridge_alpha_fixo,90
-0.0003631096771180239,-0.000970452831560353,-0.0021002607699300143,-0.004707028069378756,-0.006763444248545319,-0.012563072170864128,Ridge_alpha_fixo,90
-0.00037100630681207055,-0.001200672294927816,-0.002015600395945935,-0.003979461417587354,-0.005323686738471518,-0.01740546137742959,Ridge_alpha_fixo,90
-0.00019388242379683333,-0.0006689663657281201,-0.001187583788845345,-0.0033196628877257234,-0.0059726960817101235,-0.02045516891599288,Ridge_alpha_fixo,90
-0.00023758275844686642,-0.0008565268776006471,-0.0007992356450428573,-0.0008064720582958161,7.472163638491656e-05,-0.0030857258489703186,Ridge_alpha_fixo,90
-6.44681852817107e-05,-0.00045900183600500985,-0.0008535942287303169,-0.0021093267107111387,-0.003077328325441781,-0.012536523794229593,Ridge_alpha_fixo,90
-0.0001859168386864754,-0.00043890910964771866,-0.0006678853469866742,-0.0013069483806640316,-0.0014508878931177938,-0.004895369514828226,Ridge_alpha_fixo,90
-0.000233865014767956,-0.0007760858264329899,-0.0007343850821866232,-0.00043862522305638326,-0.0002015260406232102,-0.005671880575315437,Ridge_alpha_fixo,90
-0.0003592837579991131,-0.0013016828246782152,-0.00196223366785959,-0.003301124726337973,-0.004285776646500988,-0.010810277808405416,Ridge_alpha_fixo,90
-0.00018302753535639322,-0.0006673423935815207,-0.0007921583715061076,-0.0008964173108864106,-0.0001714718938422048,-0.0060942881551239465,Ridge_alpha_fixo,90
-0.0002724816320982731,-0.0010730132866278712,-0.0011544985914060182,-0.0013984954790544394,-0.0017526324832997002,-0.007227538340687803,Ridge_alpha_fixo,90
-0.00021727210537830647,-8.586280259488688e-05,0.00020623258034369656,7.924785533789995e-05,-0.0003859938840331165,-0.0090228216020515,Ridge_alpha_fixo,90
-0.00019227178004549008,-0.0009275509850603956,-0.002004822276485068,-0.0038814731237784782,-0.0057123467622701655,-0.009823783948530628,Ridge_alpha_fixo,90
-0.00023062847513283594,-0.0012536181504619165,-0.002209376257429314,-0.004094820362475835,-0.005754293210695477,-0.013269564584735216,Ridge_alpha_fixo,90
-8.984203611062024e-05,-0.0004203015580591822,-0.00027684099047097784,8.764854478628249e-05,0.0006412359992379747,-0.008201885788071392,Ridge_alpha_fixo,90
-6.0412257371486824e-05,-0.00012333406616686206,-0.0001871660080458814,-0.0015976726524149889,-0.003940543446406891,-0.010401763097359636,Ridge_alpha_fixo,90
-0.00026892169814523025,-0.0003521641476539367,-0.0008016661355238127,-0.001365278211007402,-0.001958331083712533,-0.006657818689079303,Ridge_alpha_fixo,90
-0.00026550400528862686,-0.0006492278068875531,-0.00038911821820317464,-0.00016593506286757245,2.9999427496830414e-05,-0.0003520855538750798,Ridge_alpha_fixo,90
-0.00020530313715636284,-0.0004894624113994352,-0.0008214652612997091,-0.0015247927532275516,-0.003345088308383531,-0.015405714295336331,Ridge_alpha_fixo,90
-0.00010277092202491271,-0.000276225963671654,-0.001069634865235794,-0.003094064160762681,-0.00498161677028582,-0.01572386796032572,Ridge_alpha_fixo,90
-0.00011065546737415727,-0.0007222338249243676,-0.0019638958679185697,-0.0038800558896347212,-0.005552944563130363,-0.014854271783255865,Ridge_alpha_fixo,90
-0.0003022842843367437,-0.00110575554964756,-0.0011755348833835965,-0.0011734202115241965,-0.0012978533646415935,-0.004875082949792635,Ridge_alpha_fixo,90
-0.0001617685115464512,-0.0007524372438605269,-0.0013357190492985348,-0.0022133321543505386,-0.0026783666844450555,-0.007727163457017051,Ridge_alpha_fixo,90
-0.00019859554301003305,-0.00028591466601825375,-0.0010053341902187547,-0.0026550614597906446,-0.004939368555237825,-0.008713032628820401,Ridge_alpha_fixo,90
2.6204124440188634e-05,-0.00015904343381804208,-0.0004160157194524948,0.0003667931644656787,0.002011458309444307,0.002905262138339291,Ridge_alpha_fixo,90
-0.00016886839256607242,-0.0005077132037417105,-0.0004899416007391414,-0.0004671183964570225,-0.000261092541858887,-0.004921104553622372,Ridge_alpha_fixo,90
-0.00039962811141018887,-0.0015016756975529066,-0.0025882213888330607,-0.004983580608521832,-0.006525109734020274,-0.014975907149107109,Ridge_alpha_fixo,90
-0.00012013760831357501,-0.0003047503271616462,-7.727137068638287e-05,-0.0008587833020091869,-0.0017617762023793403,-0.007007206731883416,Ridge_alpha_fixo,90
-0.0004166825967452683,-0.001604060679474197,-0.0022808641499779156,-0.0036386290296596675,-0.004723640610827922,-0.013984806750279351,Ridge_alpha_fixo,90
-7.344839600138467e-05,9.483822094538311e-05,0.001413415319480352,0.003732496578380163,0.005886212579592205,0.004292987312529785,Ridge_alpha_fixo,90
-0.000355565578050068,-0.0015399052212515293,-0.0026479770347137776,-0.005266472189642358,-0.00758343980462863,-0.014497629495833077,Ridge_alpha_fixo,90
-9.063180830326532e-05,-0.0005080493942757265,-0.0010847141790141911,-0.002314534791318544,-0.0037868455681564646,-0.01027386869120076,Ridge_alpha_fixo,90
-0.0002172960527098896,-0.0005476219717504278,-0.001189378613372362,-0.002620181543792836,-0.0037398932440484483,-0.008498119969355032,Ridge_alpha_fixo,90
-0.00014228674361614426,-0.00021716795093026844,0.00042259254126081705,0.0017695105211441506,0.0034141485870283613,0.0033359719788838356,Ridge_alpha_fixo,90
0.00011674370490138439,0.00025143188061413916,0.0010828271280444806,0.0042800712332655986,0.007368274130165004,0.0035325132623628516,Ridge_alpha_fixo,90
-0.00020720544468103895,-0.000693525339964655,-0.0005271461644455865,-0.0005523481598917249,-0.0007825742843012459,-0.004018084336642444,Ridge_alpha_fixo,90
-0.0002664874502822259,-0.000870191233136501,-0.0008542159462944343,-0.00046082290052118285,0.0008353580312202861,0.004558210044667579,Ridge_alpha_fixo,90
-0.00021292868233389287,-0.0012498912554521368,-0.002615748125105095,-0.004331920815705916,-0.006202933004266617,-0.02025797916082868,Ridge_alpha_fixo,90
-0.0003067801655143125,-0.000910510093522894,-0.0017231927178621568,-0.0036099988449969475,-0.0058713785449050005,-0.015329527758802508,Ridge_alpha_fixo,90
-0.0002358395842852881,-0.0008271995960561038,-0.0015051897306575322,-0.002680036623166427,-0.003418773560655365,-0.008156594860432997,Ridge_alpha_fixo,90
-0.0005273805178403071,-0.002373041354173329,-0.004117907290401899,-0.00809454749405644,-0.011338152012915055,-0.0195406426678474,Ridge_alpha_fixo,90
-5.628689086681436e-05,-0.00031837406250723985,-0.0010650216290295617,-0.0007971173686514119,-0.001093450848420133,-0.014210140433096702,Ridge_alpha_fixo,90
-0.00010957520228956512,-0.000480657352389067,0.00020216119394715057,0.0012292775905131648,0.0031967220877733822,0.004383017248709285,Ridge_alpha_fixo,90
-0.00021208721366123494,-0.0007186300648042198,-0.0013072882689281534,-0.002720200687624446,-0.0036313631111234996,-0.008296962014825767,Ridge_alpha_fixo,90
-0.00022381376881656576,-0.0007980772293302731,-0.0012711821012338447,-0.0025519703160344406,-0.004222278974122431,-0.01804222839563619,Ridge_alpha_fixo,90
-0.0002602830529910451,-0.0006150566953044877,-0.00097451666215867,-0.001921864008409625,-0.0031477123705569007,-0.009078518412873977,Ridge_alpha_fixo,90
-0.0003258053570329156,-0.0010997728935024564,-0.001685233850277308,-0.003045318075409949,-0.0037595222324722745,-0.009422227882165169,Ridge_alpha_fixo,90
-0.00025129710305138236,-0.0007841325018948473,-0.0007020209244938961,-3.296415424326859e-05,0.0015884724798290793,0.004580763057146879,Ridge_alpha_fixo,90
-0.00030193446549480916,-0.0011784570918860794,-0.0023520851777630554,-0.004369182735176169,-0.005716037800195125,-0.012905885053732255,Ridge_alpha_fixo,90
-0.000429448401286712,-0.0018169157083770973,-0.002622668171683249,-0.0032641072038244456,-0.003103873409793343,-0.009026961495149798,Ridge_alpha_fixo,90
-0.00020746489566594932,-0.0006398830168550681,-0.0007867335023400477,-0.0010485590524205504,-0.0011947067385376284,-0.004197090083069314,Ridge_alpha_fixo,90
-0.0003411477530949442,-0.0016210266767055328,-0.0031173028164829817,-0.006178560739934321,-0.008757766957162884,-0.017961476071481474,Ridge_alpha_fixo,90
-0.0002791839638339898,-0.000832258366439324,-0.0008392447554395737,-0.002423533853411215,-0.003371537680585102,-0.010992744778804815,Ridge_alpha_fixo,90
-0.00041555291702728166,-0.0011815764149157402,-0.002556471498953949,-0.005391427772604428,-0.008109033988004817,-0.016930423106825902,Ridge_alpha_fixo,90
2.5982070634044494e-05,0.00043448383949539653,0.0010641590060896944,0.002007204044510185,0.003344789627594044,-0.001114047744932553,Ridge_alpha_fixo,90
-0.00017478482566861043,-0.0006442785809193732,-0.0007872000051680173,-0.0010779681939717238,-0.0007971590652281087,-0.006026798406087797,Ridge_alpha_fixo,90
-1.4845154943900811e-05,0.001043020355869993,0.002222052246926378,0.0014186289914695303,0.000725248930091081,-0.014966518631063158,Ridge_alpha_fixo,90
-0.00023824358352198994,-0.0007235483884251766,-0.001431056871014542,-0.0033774016448148815,-0.005692078238524665,-0.013854217297881697,Ridge_alpha_fixo,90
-0.00018229028607084048,-0.0010345610089612688,-0.0026140565575756476,-0.005699354334931508,-0.008951078459959447,-0.016567034595270366,Ridge_alpha_fixo,90
-0.0004557531446991126,-0.001554536890081265,-0.003017775777302159,-0.005593307174214264,-0.007201991062334455,-0.012592227884620865,Ridge_alpha_fixo,90
-0.00039581317090525025,-0.0015234519992247781,-0.0028620544199492956,-0.0060446854332229715,-0.009940627175753294,-0.024189941639942866,Ridge_alpha_fixo,90
-0.00041435038619092745,-0.002070892196877197,-0.003951804321184149,-0.006658555689346304,-0.009043311736918672,-0.010946820564425181,Ridge_alpha_fixo,90
-0.00015835531442943236,-0.0005121749685524491,-0.0009547962063603012,-0.0021297546203486086,-0.0023363006492857375,-0.008496988773500708,Ridge_alpha_fixo,90
-0.00039689413562945744,-0.0013342365818163689,-0.002464147842263194,-0.003975423680020074,-0.0034488307855135743,-0.014915419649484679,Ridge_alpha_fixo,90
-0.00010898583176294915,-0.0008234194588882795,-0.0022193253515317194,-0.004396464669436491,-0.006494472603324338,-0.01991547566205971,Ridge_alpha_fixo,90
-0.0002784854859610905,-0.0013866398155265086,-0.002214106744168078,-0.003133790490517157,-0.0030717957996310094,-0.0015740560281786076,Ridge_alpha_fixo,90
-0.000175616699900326,-0.0006176280186082583,-0.0008833918177886507,-0.001180297751538722,-0.0014669062425914784,-0.005378574433457777,Ridge_alpha_fixo,90
-0.0002673522475487848,-0.0010094838389540577,-0.0015830223442321115,-0.002748285641292921,-0.00405053723316953,-0.0064322110499244415,Ridge_alpha_fixo,90
-0.00010067993589494087,-0.0002700289599117193,-0.0008491332682443023,-0.002776553328193941,-0.0043677432286068005,-0.014270736577181463,Ridge_alpha_fixo,90
-0.00033773709269951284,-0.0013730440456878365,-0.0019533622996688745,-0.0029371736633267602,-0.003392722657137797,-0.007873248508271697,Ridge_alpha_fixo,90
-0.00022470707915282938,-0.0005644073366637855,0.0001891623850079851,0.0005490590075021963,0.0001792814059736912,-0.004432914643925585,Ridge_alpha_fixo,90
-0.0002586763826705426,-0.0005672720175670922,-0.0006463026336946321,-0.00063244165623089,-0.0008189847919593489,-0.005562866059735755,Ridge_alpha_fixo,90
-0.00024842286874065633,-0.0009460782819650987,-0.001651605952148337,-0.0022724354236189925,-0.003688461315766445,-0.012105478649648959,Ridge_alpha_fixo,90
-0.0003025562865978759,-0.0008183107994272208,-0.0011203078115063628,-0.0007271508772294178,0.00013826628906998597,-0.00020540970996612385,Ridge_alpha_fixo,90
-0.00025041032637468814,-0.0007388989491764792,0.0003942293082059007,0.0019377641445144898,0.003718481318206813,0.008787175537669228,Ridge_alpha_fixo,90
-0.00019246513340122128,-0.000748856508146615,-0.001002517617455103,-0.0017908309438719584,-0.0025063956781838973,-0.014419783209278931,Ridge_alpha_fixo,90
-0.0001520885146538293,-0.0002981548699967319,-0.0004846493969547025,-0.0012588556285125507,-0.002358237194020545,-0.009364163375621468,Ridge_alpha_fixo,90
-0.00022089260702707833,-0.0008440159037428277,-0.001151169073340102,-0.0015266847923248905,-0.0016925134926682704,-0.007582257127298011,Ridge_alpha_fixo,90
-0.00038003524876300285,-0.0009755853122432424,-0.0006628729180224256,-0.000634875257800414,-0.00043556720060759725,-0.0023205515650767364,Ridge_alpha_fixo,90
-0.00016204235659047635,-0.0006799864705266114,0.00033368273540376823,0.002805837536004023,0.0066278353468378045,0.012679244333935689,Ridge_alpha_fixo,90
-0.00022586561935258138,-0.0008633761786208247,-0.0008770674836537859,-0.0019547396215270777,-0.001583523437795728,-0.00792608164166128,Ridge_alpha_fixo,90
-0.0004215106017820855,-0.0011276324086468698,-0.0015797833874396558,-0.0029936463375063063,-0.003606563404082562,-0.00627269375765889,Ridge_alpha_fixo,90
-6.764016347277482e-05,8.337482226933298e-05,0.001825466898138709,0.005046252625951194,0.008729197244581864,0.007521704322849534,Ridge_alpha_fixo,90
-0.00020811618134112197,-0.0005730774697884634,-0.0005941258020335207,-0.0017455010288623819,-0.002270525514499717,-0.012687710027419639,Ridge_alpha_fixo,90
-0.0005938882371851336,-0.003015084024733391,-0.0045555747389401996,-0.00545064825496334,-0.004761181788332211,-0.006857202887653745,Ridge_alpha_fixo,90
-0.0002647955404682726,-0.00040377963391970145,-0.00011050276317433867,0.0011908577787539017,0.0027059746984273666,0.0031681831346468425,Ridge_alpha_fixo,90
-0.00022043177735926804,-0.001133464193133683,-0.002313058617248834,-0.006523907290169011,-0.008420102263186766,-0.01283477806893501,Ridge_alpha_fixo,90
-0.00038091786979714304,-0.001328805590963502,-0.002259676128482711,-0.005170865424001412,-0.008316482473725129,-0.01856503717007936,Ridge_alpha_fixo,90
-0.0003413255395348344,-0.0015889823974619868,-0.0033687946169182106,-0.006459462060584574,-0.010071917932039537,-0.02178122587693207,Ridge_alpha_fixo,90
-0.0003220719117995384,-0.0014893718453853383,-0.0025880023746239884,-0.00482221698709407,-0.005365322300596404,-0.00236653162679146,Ridge_alpha_fixo,90
-0.00027527039204430526,-0.0009215037824498062,0.00016954943795963878,0.0022867083726167024,0.0044469845922259195,-0.008950524462993043,Ridge_alpha_fixo,90
-0.0002641204198193996,-0.0007138927740632405,-0.00025137607915104047,0.0002692364918833523,0.0004432795910880164,-0.006405725211662328,Ridge_alpha_fixo,90
-0.0003412578052721737,-0.0011331644025458917,-0.001531558180467158,-0.002677071171810603,-0.002557483610980751,-0.006194320866226652,Ridge_alpha_fixo,90
-0.0002035220112036301,-0.0009221369178390452,-0.002050342033368035,-0.0043508043487996235,-0.006088842996991319,-0.015676851446093733,Ridge_alpha_fixo,90
-0.00026104955032480777,-0.0010218884066006712,-0.0011977564511745883,-0.0016814266641321835,-0.0017428439021157692,-0.0013889773933515935,Ridge_alpha_fixo,90
-0.00021949243250561317,-0.0007672376696487426,-0.001525154983315965,-0.0036810564558798333,-0.006461542342958065,-0.016556181467160026,Ridge_alpha_fixo,90
8.80237106914885e-05,0.0002863202340562455,0.0009830434147446046,0.0017172197200752968,0.0018062474308670144,-0.004635050079360286,Ridge_alpha_fixo,90
-0.0001814806305752765,-0.00080025822541617,-0.0016403924637783563,-0.003261037399138224,-0.004170289719548574,-0.011838984333201305,Ridge_alpha_fixo,90
-9.003298872275008e-05,-0.00024912229167453506,-0.00022736959777903444,-0.0005943004308164827,-0.0006997719871089681,-0.005041865856238537,Ridge_alpha_fixo,90
-0.00017759979786271678,-0.0005448538079499076,-0.0006786513377060693,-0.0022127221726893427,-0.0035227720420580428,-0.01059849100452532,Ridge_alpha_fixo,90
-0.0002361016833009861,-0.0003827179192490886,-0.0007405282550260411,-0.0020877704653874314,-0.0028763156586862062,-0.010062502419174066,Ridge_alpha_fixo,90
-1.4670430209236835e-05,7.231270477350692e-05,-0.00044379140655169234,-0.0023507646964328528,-0.0030668454423637163,-0.011475595790690834,Ridge_alpha_fixo,90
-7.369008859735429e-05,0.00016774776907099834,0.00043647691946180545,3.2684921862470164e-05,-0.0008601767074654603,-0.005571324639516784,Ridge_alpha_fixo,90
-5.720050165106751e-05,0.00034276387887420437,0.002005384971605973,0.005184751094046063,0.008002085265777335,0.009701572356901922,Ridge_alpha_fixo,90
-0.0002668100023868024,-0.0004253716621426184,-0.0006950611001598483,-0.0014585253212369017,-0.0014968908142603164,-0.0069524710016823565,Ridge_alpha_fixo,90
-0.0002075870104366011,-0.0009132751287981906,-0.002172527631914298,-0.004874097777174148,-0.0069336745230329355,-0.0167742355829751,Ridge_alpha_fixo,90
-8.387918040238227e-05,1.0067997242898437e-05,0.0005270772915074731,0.0008817827768983941,0.0009828090676934427,-0.007959018231225305,Ridge_alpha_fixo,90
-0.0001470795681977664,-0.0005993048743925849,-0.00046919787669519417,-0.0011943455742217473,-0.002182784196152509,-0.006698669802233226,Ridge_alpha_fixo,90
-0.00023475975246369372,-0.0007548555787503672,-0.0014003854537801448,-0.002575617729561521,-0.004091591229425763,-0.01096291144789585,Ridge_alpha_fixo,90
-0.0002967398817251624,-0.0010377586817080986,-0.002166979575764125,-0.004846291541864096,-0.007238865486459047,-0.014322242539906094,Ridge_alpha_fixo,90
-0.000209123086989231,-0.00046293063791651493,-0.00017753193700369903,7.048273651203413e-05,0.0009886174323088298,-0.0021663451967102697,Ridge_alpha_fixo,90
-0.00014349941466093504,-0.00069572683959312,-0.001439213854025584,-0.0022294685133857775,-0.0026406791494854825,-0.003770323111364367,Ridge_alpha_fixo,90
-0.00025994564150046736,-0.0009216312339113033,-0.0010925520943009589,-0.0018015494543045703,-0.0016798025261737853,-0.003887669293451079,Ridge_alpha_fixo,90
-0.00028200210726603145,-0.0009725927566754136,-0.0004665140629392982,0.000986999276860511,0.0031648085385921816,0.0019138072754425193,Ridge_alpha_fixo,90
-0.0003345807332078022,-0.0012133652227929925,-0.0015258196577794631,-0.002653053176616036,-0.0035902426596410354,-0.00760779332593454,Ridge_alpha_fixo,90
-0.00037282524775735735,-0.0012406643730381796,-0.0021719436205186048,-0.003887300146509934,-0.004900691983291251,-0.007616476932311803,Ridge_alpha_fixo,90
-0.00013461424848014585,-0.0005261453663853064,-0.00019195972113753097,0.0019628255931434333,0.006025994686681971,0.007886769326187797,Ridge_alpha_fixo,90
-0.00039328153422626516,-0.0008260380195966607,-0.0007887252560935207,-0.000594472813857106,-2.2570004299755317e-05,-0.0022216278752717742,Ridge_alpha_fixo,90
-0.0001100559667144616,-0.00016723685081176164,0.00023699302481809036,0.00016446525881239093,0.00012533636236561726,-0.00273465424101081,Ridge_alpha_fixo,90
-0.0001454208821510675,-0.00042871847955236946,-0.00028964858551277747,0.0003869726005716554,0.001395227418422444,0.003408710059662071,Ridge_alpha_fixo,90
-0.000378227826642391,-0.0014092622037067285,-0.0025415782922829522,-0.005146820502127629,-0.007616851451384179,-0.014912402866929936,Ridge_alpha_fixo,90
-9.335831233542621e-05,-0.0003745386274946117,-0.00045500230749737666,-0.0008491071093831603,-0.0005405391665906052,-0.00028793366883651393,Ridge_alpha_fixo,90
-0.00011368456508779752,-0.0011179149290575527,-0.002647372047416691,-0.0044985837835856,-0.006110900831302172,-0.01339805632652674,Ridge_alpha_fixo,90
-8.890350795263644e-05,1.5461179389686506e-05,0.0005348090045688029,0.0012273842683728719,0.002935811070309612,0.004245181557799556,Ridge_alpha_fixo,90
-0.0003197905575108698,-0.0010995288999918612,-0.0017293835668860896,-0.0037215379559927065,-0.005593383519118569,-0.01179680484801585,Ridge_alpha_fixo,90
-0.00024776430924508986,-0.0007912105306650105,-0.0018257141649213908,-0.003325797622645893,-0.00427279248090442,-0.008701311566611454,Ridge_alpha_fixo,90
-0.000405595806882126,-0.0012619313345081707,-0.001620731799644656,-0.002089538354538334,-0.002441130721084131,-0.00697955315385097,Ridge_alpha_fixo,90
-0.00016679840033781678,-0.001105847584771054,-0.0006402377606552917,0.0011128393888064367,0.0034676786595900875,-0.0033090274377514913,Ridge_alpha_fixo,90
-0.00032600258087022837,-0.0013537866503455,-0.0028489124962390745,-0.005634852026381506,-0.007778259199368736,-0.013313471514619046,Ridge_alpha_fixo,90
-0.00028138074830487815,-0.0010938071669877967,-0.0008006360285682441,-0.0003317920966630546,0.0010214534830539266,-0.006565098375039461,Ridge_alpha_fixo,90
-0.00029875775952638636,-0.0008568544378674942,-0.0010123919550922332,-0.00162476665619936,-0.0018873235223272433,-0.010660927579365308,Ridge_alpha_fixo,90
-0.0002401100837141303,-0.0008519336241524405,-0.0011706296671206446,-0.0014117825781757888,-0.00013282046189276586,-0.00442662494335636,Ridge_alpha_fixo,90
-0.00044988423070278566,-0.0017432350929424227,-0.003283209272489258,-0.006123278858792451,-0.008817754096117883,-0.01859970849397415,Ridge_alpha_fixo,90
-0.0005747970085246697,-0.0017829237099543582,-0.0028401176622639152,-0.005068600658180896,-0.006853115944411877,-0.010326187004388448,Ridge_alpha_fixo,90
-0.00035956420698696814,-0.00143852658657718,-0.0024297825280404665,-0.004714404109150679,-0.007374776485737077,-0.013920149270014854,Ridge_alpha_fixo,90
-0.00021002305528488408,-0.00020698497860485265,-0.00019186109582351797,-0.0028456710421423358,-0.0064442947760867154,-0.01185862389023745,Ridge_alpha_fixo,90
-0.0003096063081891177,-0.0007707034572165644,-0.0008542079842281259,-0.0017184163899556474,-0.002737218784903622,-0.01073106501198477,Ridge_alpha_fixo,90
-0.00031931094513757845,-0.0010630688420216843,-0.0029765625241290703,-0.006777990215395021,-0.01009965576047836,-0.016210675386616028,Ridge_alpha_fixo,90
-0.0006998803222432859,-0.0025830650641285096,-0.004397249126246085,-0.005969609738401551,-0.006190903141391021,-0.010963417242720819,Ridge_alpha_fixo,90
-0.0002733407242164699,-0.0016541663863345053,-0.003281064439149587,-0.004531449654283214,-0.004412520125166848,-0.011054348604401791,Ridge_alpha_fixo,90
-0.0005910502079595581,-0.0016601415369191705,-0.002731020014726556,-0.004686253279303466,-0.005680875230282494,-0.008105617453198202,Ridge_alpha_fixo,90
-0.00018503579325928306,-0.0008144671068591277,-0.001746317172099052,-0.00411084868794955,-0.006369297371971972,-0.01646911625163404,Ridge_alpha_fixo,90
-0.00015391288510916437,-0.0005235978857513832,-0.0006290926657652793,-0.0006165201196533519,-0.00036580619929522885,-0.004515531925048277,Ridge_alpha_fixo,90
-0.0003288645188093547,-0.0011935093538018692,-0.0016907300184018442,-0.002978764153440161,-0.004115664290693687,-0.014176665454223043,Ridge_alpha_fixo,90
-0.00011874282065632216,6.185059583865058e-05,0.0007047181083228245,0.0018080162333464587,0.003062844858699279,-0.0005128780768293125,Ridge_alpha_fixo,90
-0.00033247254314538777,-0.001294647137431221,-0.002137546172417591,-0.0038106947353961054,-0.004586713553819879,-0.005772872352376711,Ridge_alpha_reescolhido,60
-0.0001123064917760963,-0.0006273877190210706,-0.0014835487162206053,-0.0032409529235645513,-0.004312848093471237,-0.005329564272303233,Ridge_alpha_reescolhido,60
-0.00022904559232155846,-0.0006650375732329196,-0.0008128783944377061,-0.00016148582800973633,0.0007161287560611399,-0.0006353476402802402,Ridge_alpha_reescolhido,60
-0.0002763658569771251,-0.001175710904897219,-0.0017605703317499822,-0.0020772402987215338,-0.0025130750158533573,-0.004641425374315429,Ridge_alpha_reescolhido,60
-0.00010444542823398674,-0.00010592131823438787,0.0003149627565566972,0.0005712219315134669,-0.00012692715725853122,-0.005443406535016884,Ridge_alpha_reescolhido,60
-0.00020413010206853148,-0.00034395477968186025,-0.0005693482269825941,-0.00030525594274294837,0.0008695781769114314,0.0021079662201039717,Ridge_alpha_reescolhido,60
-0.000261954382654169,-0.0011602620001876986,-0.0022674755702555183,-0.005025768317865129,-0.008337455725086406,-0.01984663285841975,Ridge_alpha_reescolhido,60
-0.0001911645923677291,-0.0005346961318928754,-0.0008423190471351723,-0.0010400969088220583,-0.001504993789737742,-0.0014853633499536895,Ridge_alpha_reescolhido,60
-0.00044123358380555107,-0.0013612426334623788,-0.0021885053475468558,-0.0036169696399858922,-0.0038671740540248277,-0.004251958234946726,Ridge_alpha_reescolhido,60
-6.788188650317754e-05,-3.835861767999787e-05,0.0003339283288607355,0.0008224673384458586,0.0016108693544406708,0.0010268169179651152,Ridge_alpha_reescolhido,60
-6.573839450304893e-05,-0.00025666819654869566,4.111217845197692e-05,0.0007677315752580558,0.0015522659842325105,-0.0016683928251758876,Ridge_alpha_reescolhido,60
-0.00029325583295103537,-0.0007578853041507002,-0.0015220057766524167,-0.002971323219259176,-0.0031133783294029983,-0.0036360817934812215,Ridge_alpha_reescolhido,60
-0.0002993886198083819,-0.0014182709447838782,-0.002558085454412268,-0.004036405445603525,-0.005195702490298579,-0.0072076366946380605,Ridge_alpha_reescolhido,60
-0.00018472977676554608,-0.0009717237957796597,-0.0014698390295883586,-0.0025904358348299416,-0.0024961047400369244,-0.005148230597899664,Ridge_alpha_reescolhido,60
-5.7193939700917434e-05,-7.786113855191388e-05,0.0006145116026590336,0.0022406815943230925,0.0032948823373238328,0.004863396358920467,Ridge_alpha_reescolhido,60
-0.0002469526432576711,-0.0006602218066576551,-0.0012279616840967665,-0.00284732007353404,-0.004677328624837755,-0.011913742194407955,Ridge_alpha_reescolhido,60
-0.00025060691902870476,-0.0006257261319787419,-0.0010071722482700267,-0.002297761128632207,-0.004716710114457174,-0.01589920128634188,Ridge_alpha_reescolhido,60
-0.00018892222864623162,-0.0010108225060249032,-0.0017285518756732156,-0.003217173196906696,-0.004213606926522585,-0.007110023585279009,Ridge_alpha_reescolhido,60
-0.00022474038478212613,-0.0006801238250572886,-0.0009651323827995702,-0.0014102821223610494,-0.0016545563077678901,-0.006679701847346872,Ridge_alpha_reescolhido,60
-0.0004206387644746779,-0.0018603945720008154,-0.002937985943828807,-0.002527457497150693,-0.003036876407605489,-0.0019311510291879417,Ridge_alpha_reescolhido,60
-0.00020441443943730158,-0.0007930715524004006,-0.0017802312966805239,-0.0038112767728884964,-0.004857359323518721,-0.007929203287884502,Ridge_alpha_reescolhido,60
-0.00024137006991883765,-0.0004240872036092233,-0.0012428155352470938,-0.0038689486770881396,-0.006242193309196445,-0.019298794302827032,Ridge_alpha_reescolhido,60
-0.00017897718616262937,-0.0008958476905504611,-0.0016565944745140014,-0.002742994462038989,-0.001736172246135806,0.0009060489264210345,Ridge_alpha_reescolhido,60
-0.00014872458026195161,-0.0007844423006633148,-0.0017844543633470274,-0.001873902971096703,-0.0012671122251799933,-0.0020864717798258887,Ridge_alpha_reescolhido,60
-0.00017753394021243927,-0.0008652676760408824,-0.001257481007542452,-0.002170583581648092,-0.00274556430019126,-0.005170211516651224,Ridge_alpha_reescolhido,60
-6.245047528947482e-05,-0.00019390417285857552,-4.3983866678532776e-05,0.00030184313866925906,0.0013654899117797944,-0.003076652674702907,Ridge_alpha_reescolhido,60
-0.00022545292647268333,-0.00032089975260186774,-0.00038033964326124163,-0.0010638076408293756,-0.001331444037120935,-0.008566925021850455,Ridge_alpha_reescolhido,60
-0.00010884571927752035,-0.00024453413838684124,-0.0002939850209145023,-7.208867928867656e-05,0.0006763207980690511,-0.0003663238802439101,Ridge_alpha_reescolhido,60
-0.0001710327582125479,-0.0007914000367563373,-0.0017939716180381431,-0.0031685057415912956,-0.0035949752929795025,-0.007938832952489185,Ridge_alpha_reescolhido,60
-0.0002138640078679775,-0.000317702676386921,5.1373486852387145e-05,0.000637667977069279,0.0019707631974427444,-0.0006511849391080171,Ridge_alpha_reescolhido,60
-0.0001369344064052833,-0.00046671973838212794,-0.0010122692999827234,-0.002214530893042778,-0.002282267911137587,-0.006523792162968359,Ridge_alpha_reescolhido,60
-0.00022298638448819055,-0.0007923632182671616,-0.0008294382868407591,-0.0009941207253243223,-0.0008440175514852807,-0.002113218155026324,Ridge_alpha_reescolhido,60
8.135840554627755e-05,0.0007211812701158174,0.0010579209396889791,0.0011795350221348868,0.00132685889514493,-0.0013788924411799366,Ridge_alpha_reescolhido,60
-0.00013800580508459599,-0.0006549282224603009,-0.0014950178945233488,-0.0032773554647201318,-0.004365868989988667,-0.007693398163111111,Ridge_alpha_reescolhido,60
-0.0002451234223731173,-0.0008655411876758801,-0.001807127068161661,-0.003760567700971236,-0.005667079961099623,-0.011503122711216502,Ridge_alpha_reescolhido,60
-0.0003112470167716948,-0.0013026856033908332,-0.0027778752236165575,-0.004301135263328214,-0.005410358493015586,-0.0065024827985016975,Ridge_alpha_reescolhido,60
4.0127812940436746e-05,0.00047228467914650944,0.0012687332675936519,0.002156975695870517,0.002168793977107881,-0.00351596242534226,Ridge_alpha_reescolhido,60
-7.1224413982094e-05,-0.00040035552313073087,-0.0007520895102478753,-0.0012599295788281437,-0.0014778141569670165,-0.0013608330946157118,Ridge_alpha_reescolhido,60
-0.00018414611855293913,-0.0010403624221935858,-0.002052667935707934,-0.0033547226001159037,-0.004482428525732002,-0.004580932175743259,Ridge_alpha_reescolhido,60
-0.00028643067724133366,-0.0009437415111301173,-0.0021000248915949617,-0.004562597254101518,-0.007584360821059672,-0.010796431852662079,Ridge_alpha_reescolhido,60
-0.0002597544531020674,-0.001186457473470448,-0.0016971044793302643,-0.0021585595729464763,-0.0017953354860428465,-0.0008077975544166782,Ridge_alpha_reescolhido,60
-0.00013643992755276647,-0.0003893054500504197,-0.0001950071929395663,-0.0004757296050204507,-0.00017750025594397454,-0.005443211816426878,Ridge_alpha_reescolhido,60
-0.00011426157236793191,-0.0008449946986702024,-0.0031411568443293542,-0.006859834596515471,-0.011305340505393972,-0.019337650769431638,Ridge_alpha_reescolhido,60
-0.00017898316072361345,-0.0008457423372261477,-0.001240363897924442,-0.0013519146899552952,-0.0018081383507506747,-0.004458723034844457,Ridge_alpha_reescolhido,60
-6.075562550519029e-05,-8.007731341982078e-05,-3.4088165049819965e-05,2.6913202475200975e-05,0.0003947490778541268,-0.001667599429970399,Ridge_alpha_reescolhido,60
-0.00014243027221583424,-0.00040921307126370985,-0.0009066498807653518,-0.0017907836912711176,-0.002140799783164467,-0.004374308880225587,Ridge_alpha_reescolhido,60
-0.0002678361723208111,-0.0010073760202935456,-0.0014833156998075036,-0.0015969038245982963,-0.0013895098798758626,-0.002653137947966239,Ridge_alpha_reescolhido,60
-0.0001831965287309065,-0.0007456946722889408,-0.001036760277199724,-0.0015235290296425447,-0.002106687785988878,-0.003967968867193169,Ridge_alpha_reescolhido,60
-0.00014616845251092694,-0.00018015788771212269,0.00014572898946480604,0.00032445127585953044,0.0016685491038305848,0.0008323361551376171,Ridge_alpha_reescolhido,60
-9.331732181422384e-06,0.00012651296859796056,0.0007518964654838838,0.00231327998327629,0.003758971735583787,0.0022699681541497006,Ridge_alpha_reescolhido,60
-7.125936797327699e-05,-0.000496814238883728,-0.00065768999456315,-0.0004985377464728159,-0.0010484288790784516,-0.0056530485956185015,Ridge_alpha_reescolhido,60
-0.0002546211899393406,-0.0006536862941139944,-0.0004545945382716921,0.00022655525578400777,0.002082995787978678,0.005259478982678165,Ridge_alpha_reescolhido,60
-8.994080341740884e-05,-0.0006425498534873634,-0.0014882422614079104,-0.003282696030022238,-0.004422233977612782,-0.007500563691470408,Ridge_alpha_reescolhido,60
3.688690477469351e-05,0.00034693372305737315,0.0014448239445253286,0.002530713455716848,0.0022943852905111203,0.005409456766180975,Ridge_alpha_reescolhido,60
-0.00018307173400250427,-0.0009789744691602517,-0.001534292155061188,-0.001592320215865634,-0.001157821695118148,-0.0013519917579623288,Ridge_alpha_reescolhido,60
2.2911747068095155e-05,0.0003991249181388716,0.0013786353400050322,0.0035826521681639797,0.0058899457764174205,0.010433811698618033,Ridge_alpha_reescolhido,60
-0.00020702579250460743,-0.0006086006223858808,-0.0009083525664938343,-0.0019392936592147786,-0.002970698427229443,-0.007728218060517097,Ridge_alpha_reescolhido,60
-0.00023681862291285294,-0.0010163026470716048,-0.0010174574169785676,0.00038480965492778535,0.0005687014622073617,-0.0036413983116780372,Ridge_alpha_reescolhido,60
-0.0003561603543242537,-0.0010634026846901743,-0.0012554233327228806,-0.0005270758674441524,0.000473544554182164,-0.005670238762402734,Ridge_alpha_reescolhido,60
-0.0002488413063505223,-0.0009345501943659118,-0.0019346950817379055,-0.00444238213920484,-0.0064502192274843795,-0.007414612125635969,Ridge_alpha_reescolhido,60
-9.142707832709167e-05,-0.0002100032467319106,-0.00044025055311026245,-0.0004800166053645808,-0.0006935101436477524,-0.0024146101570165,Ridge_alpha_reescolhido,60
-0.00016128088092895468,-0.0007943722883839288,-0.0014147356615527317,-0.0024015046324942285,-0.002840586758412839,-0.006058107693030464,Ridge_alpha_reescolhido,60
-0.00022318030495125274,-0.00110484208645025,-0.0015916264784586265,-0.002051613337433032,-0.0018538006951569189,-0.0036245929979783547,Ridge_alpha_reescolhido,60
-7.189591559616662e-05,-0.00023671530618521222,-0.0001728388074740746,0.00012372935785253633,0.0004897681610189041,-0.002245127303580861,Ridge_alpha_reescolhido,60
-6.950032038889533e-05,-0.00011201292215027648,-0.0002114818235717461,-0.0006195396941497076,-0.0008818874861169825,-0.0046028601395666155,Ridge_alpha_reescolhido,60
-7.199077028016152e-05,-0.0001298915760090673,0.00017476865833969846,0.0010241981083699465,0.0015482743686256173,-0.0021204299975343286,Ridge_alpha_reescolhido,60
-0.00022562986334178508,-0.0010354739618747752,-0.0017835330932001936,-0.002329267729832509,-0.0036563461419083566,-0.007225758509756981,Ridge_alpha_reescolhido,60
-1.6562583376260295e-05,9.898357445800293e-05,0.00035046674845356184,0.0004630739494181844,-5.163021267253023e-05,0.0008639619449528416,Ridge_alpha_reescolhido,60
-7.682343474179572e-05,-0.0003237765208079687,-0.0004052982422083469,-0.0004819635083306151,-0.00029145171213883003,-0.0036820489774912635,Ridge_alpha_reescolhido,60
-0.00019897179089308772,-0.0011351579751564167,-0.001971993339227658,-0.004424704012488188,-0.006099359299886742,-0.0071842029553305445,Ridge_alpha_reescolhido,60
3.4208678183617285e-05,2.547567500017217e-05,-0.0002637099418989413,-0.00035206753855875875,-0.0012371646521781388,-0.005975682731091131,Ridge_alpha_reescolhido,60
-0.00027575537244869426,-0.0011484692929995895,-0.001975398483288492,-0.004000106761155416,-0.005259742086563186,-0.014132964482918623,Ridge_alpha_reescolhido,60
-0.0002228546384310364,-0.0007254253440069963,-0.00046000704433027395,0.0006589200133116713,0.0026572845237560778,0.00040237988318164416,Ridge_alpha_reescolhido,60
-0.00016232696222760536,-0.00044631189160927823,-0.00043455927705250973,0.0002217922490686622,0.0010671333140176995,0.0011154896889916045,Ridge_alpha_reescolhido,60
-0.00017012113564242478,-0.0003707367266676191,-0.0006644221873437022,-0.0010868342253954797,-0.0017626025585833055,-0.009876155042809951,Ridge_alpha_reescolhido,60
-0.0001193674289755387,-0.0003447748000519048,-0.00038566793546105906,-0.0013513362384810698,-0.0010756837439531751,-0.0019508496788733954,Ridge_alpha_reescolhido,60
-0.00027181133968805514,-0.0007077258139695735,-0.0011989437246349775,-0.0016534805236974692,-0.0018316666252911806,-0.003026658978417154,Ridge_alpha_reescolhido,60
-0.00021000082610147136,-0.0007066015487959868,-0.0007738074845334889,-0.002017058426956908,-0.003308839838053374,-0.009737281629648323,Ridge_alpha_reescolhido,60
-0.0004182480588149563,-0.0017307421503083339,-0.002997864088928793,-0.0043840368962123205,-0.005333313909878615,-0.005897254594712854,Ridge_alpha_reescolhido,60
-7.190452854917046e-05,-0.0002616544019728982,-0.0007803126267736346,-0.0011080600215531654,-0.0010381957671834175,-0.005563740765196471,Ridge_alpha_reescolhido,60
-0.0001358151829875126,-0.000470807824879271,-0.00035040643110383844,-0.001151407739496478,-0.0027610270414407836,-0.01106598211319577,Ridge_alpha_reescolhido,60
-0.00021649717491652474,-0.0011067187964143535,-0.0017132282438483389,-0.002125401711234781,-0.0015920179990606897,-0.002463616194270637,Ridge_alpha_reescolhido,60
-6.007134973893685e-05,4.912712367597446e-05,8.156927203869893e-05,0.000247733771829075,0.0010242219675726746,-0.0024844589269228563,Ridge_alpha_reescolhido,60
-0.00013806463070523958,-0.00039189848926394566,3.860492247251598e-05,0.00020214569680142178,0.0023908663714419117,-0.0005024438271500003,Ridge_alpha_reescolhido,60
-0.00010108516789478541,-0.00042203790106485993,-0.00021180906394610314,-0.00018361352993464665,-0.0005133234888928978,-0.004616408043140216,Ridge_alpha_reescolhido,60
-0.00030768096311716275,-0.0014707967090656026,-0.0027413238389859557,-0.0050207440190672605,-0.006336168777912471,-0.008530531149588783,Ridge_alpha_reescolhido,60
-0.00013019266443420628,-0.0006523222625118088,-0.0011645434162279764,-0.0023429337317325345,-0.003050476111216841,-0.0016449813087490842,Ridge_alpha_reescolhido,60
-0.00026945023050002983,-0.0005324129587736154,-0.0007890003937285886,-0.0014054448546010968,-0.0014197900249305001,-0.006464327879002581,Ridge_alpha_reescolhido,60
-9.623701169044617e-05,-0.0006542162868720748,-0.0012662888354452377,-0.0022067016347874697,-0.0027902060840109435,-0.006938827796644427,Ridge_alpha_reescolhido,60
-6.752350674966987e-05,-0.0004106401738455734,-0.0008269323072504457,-0.0009656127860734075,-0.0008813814758662342,0.0013944096251785013,Ridge_alpha_reescolhido,60
-0.0001403086273573336,-0.0005104311117251291,-0.0007754251692664141,-0.0010319772180864154,-0.0013711556082941553,-0.002462359624930816,Ridge_alpha_reescolhido,60
-0.00010650250720630557,-0.0003344614669940149,-9.284063948904832e-05,0.0004287271045508773,0.0016637472545569347,0.0030384096025955812,Ridge_alpha_reescolhido,60
-0.00016637680117855593,-0.0005897023128971479,-0.00028501510940215206,0.0008871433109766562,0.0019329549482318055,0.001357852122716487,Ridge_alpha_reescolhido,60
-0.00013626055626232475,-0.00036970627022891365,-0.00019394243146949946,0.0007653802579200995,0.002390441457038461,-0.002742350151585032,Ridge_alpha_reescolhido,60
-0.0001560230648068129,-0.0005055041835109067,-0.0010727976892634457,-0.0017509117871983924,-0.0024369749069288837,-0.00488489477250294,Ridge_alpha_reescolhido,60
-0.00026548659684771177,-0.0012279244997884214,-0.00244536442355203,-0.00368300257904993,-0.004704135362090401,-0.008953644848319228,Ridge_alpha_reescolhido,60
-0.0002810664388558657,-0.0008608840197141601,-0.0017270038252907276,-0.004266828074677966,-0.006392493401767876,-0.012059143433788451,Ridge_alpha_reescolhido,60
-3.2030566726536146e-05,-0.0001468422892655952,0.00020244611545963115,0.0010379601837257899,0.001284525456567335,-0.002300685291566514,Ridge_alpha_reescolhido,60
-0.00016342679358856313,-0.0003867398189511027,-6.259693667202603e-05,0.00046734286555947624,0.0007087066676581971,-0.004936223187224952,Ridge_alpha_reescolhido,60
-0.0003560038871785479,-0.0014837050725715394,-0.003487182509568608,-0.006848470347572248,-0.010272275127412196,-0.025316461307329435,Ridge_alpha_reescolhido,60
-0.0001866148324494963,-0.00035762289678026163,-0.00023354453228337214,-0.00041429516792413105,-0.0008419574785347368,-0.005679490744033995,Ridge_alpha_reescolhido,60
-0.00018371849879722266,-0.0005171022707675208,-0.0006564621214750442,-0.00026067541900794226,0.0004481270684721291,-0.001315855288673602,Ridge_alpha_reescolhido,60
-0.0002593042164444038,-0.0008119813551987024,-0.001872032160028388,-0.0033928900843591316,-0.005019006565964104,-0.0035073429853070123,Ridge_alpha_reescolhido,60
-0.00020878703123010576,-0.0008278248564964818,-0.0014822324012573219,-0.002731748340228634,-0.004192495007288291,-0.007780375053094223,Ridge_alpha_reescolhido,60
-9.023123944639912e-05,-0.00018076128711747163,-5.59084900496504e-05,0.0001847561115814528,0.000519784052966409,-0.0043070731825160455,Ridge_alpha_reescolhido,60
-0.00021677514793178187,-0.0008989947219711979,-0.0008754616033621656,0.00022973635038152146,0.002921806545268928,0.008037203995180606,Ridge_alpha_reescolhido,60
-0.00013825025897652783,-0.0004911534246382466,-0.0006256981910512054,-0.0003507275121609459,0.0006972314918279136,0.0035653859198542365,Ridge_alpha_reescolhido,60
-0.00011430412126879769,-0.00027404551638270954,1.4070784841311096e-05,-0.00023098521375772445,-0.00039611042934235304,-0.004901525835295006,Ridge_alpha_reescolhido,60
-0.0002817122118065591,-0.0011043381121755458,-0.0013292377101335516,-0.00172548202031372,-0.001940483340505494,-0.017224226635813515,Ridge_alpha_reescolhido,60
-3.097724641115181e-05,-9.179659771510999e-05,7.875980509096062e-05,-2.318849579040239e-06,-0.00012932442478863406,9.538994838341029e-05,Ridge_alpha_reescolhido,60
-0.0001876933182804366,-0.0004949218270414763,-0.0005966842184156002,-0.0002213220727573557,0.0006210371901558293,-0.005652441568152853,Ridge_alpha_reescolhido,60
-0.00016362792345636323,-0.0005247677175271746,-0.001019876763246364,-0.0022581976132263013,-0.003982215123517449,-0.008422057684248946,Ridge_alpha_reescolhido,60
-0.00011959147092489486,-0.00045417705249846255,-0.0007216994402624947,-0.001172693479772547,-0.00023194909648235543,-0.006036227022824283,Ridge_alpha_reescolhido,60
-0.00013707613895240178,-0.0007144388213081344,-0.0011465001991073924,-0.002259053860611029,-0.0026351685652662073,-0.005825627690560485,Ridge_alpha_reescolhido,60
-0.00015161216308149844,-0.00046755732491302683,-0.0013190159870177416,-0.0034107275200743067,-0.004128843640866357,-0.011401224532717228,Ridge_alpha_reescolhido,60
-0.0002451344936754216,-0.0007212392462742935,-0.002309549537566179,-0.005704342210527863,-0.009395872390762299,-0.02095892245700316,Ridge_alpha_reescolhido,60
-0.00018960083103215938,-0.0005013797327373846,-0.0006609594145749561,-0.0008576696983144075,-0.0003455194198887018,-0.00020793113181725715,Ridge_alpha_reescolhido,60
-2.0044591160133283e-05,0.0003160001990570627,0.0009188377141317293,0.0017006547260548556,0.0025800403756487656,-0.00024700957914666023,Ridge_alpha_reescolhido,60
-0.0002862092184688275,-0.0012502694382236315,-0.0020378332572352133,-0.0025188647906430784,-0.004433898605231965,-0.010892916455201117,Ridge_alpha_reescolhido,60
-0.00027808167932552894,-0.0017138323962812305,-0.0030944537355267507,-0.0035229749968289977,-0.004438350676713194,-0.01269071535141145,Ridge_alpha_reescolhido,60
-0.00034934792804789007,-0.0012566127638262757,-0.00246556937226063,-0.004654381901427311,-0.005631188030582026,-0.00873924810897455,Ridge_alpha_reescolhido,60
-0.00015142890003001428,-0.0008899915699726257,-0.0017828102566965255,-0.0029904196090918237,-0.0035609048053844407,-0.002313783395610533,Ridge_alpha_reescolhido,60
-0.0001124846145166664,0.00011191302185555092,0.000561224956450936,0.002106410072497951,0.00379352787639207,0.0034108091563624554,Ridge_alpha_reescolhido,60
-0.0001060311809163758,-0.0002367472048358504,-0.00012624242522228234,-0.0006326939393551553,-0.0013114712781601952,-0.005664711315720004,Ridge_alpha_reescolhido,60
-0.00015731022096518042,-0.000250683175662734,0.00024583348209114726,0.0011662651228472624,0.0020707678344157863,0.0005500692195559694,Ridge_alpha_reescolhido,60
-6.620202528327942e-05,-0.00012678784689327708,-0.0001388926667671014,0.000272658000157663,0.0005500898488479641,-0.0027568804442804806,Ridge_alpha_reescolhido,60
-0.0001035073630661217,-0.0004184372687888886,-0.00043471151190764703,0.0005381865738684343,0.0017710159958042968,0.0018382125251733938,Ridge_alpha_reescolhido,60
-0.00014284516575607806,-0.0004971698556033771,-0.00048680018213069037,-0.0008726892910464114,-0.001228371920052239,-0.0007640788792229895,Ridge_alpha_reescolhido,60
-0.00020553278396273481,-0.0007511666379292881,-0.0008438514807731662,-0.0004875493306884515,0.0005969981840544465,0.0021048506547244276,Ridge_alpha_reescolhido,60
-0.00034758562674102857,-0.00023740447809957404,0.0010957569769229456,0.0034100438369971215,0.006279401715361148,0.005288812330497129,Ridge_alpha_reescolhido,60
-4.52155378320139e-05,-0.0002493030000523815,-0.00041275031933916257,-0.0005819157347952666,-0.00024604383224874793,-0.009206676764497237,Ridge_alpha_reescolhido,60
-0.00024182659977058863,-0.0009782203422789226,-0.0009503591966754914,-0.0009257461598531787,0.0005677876322880166,-0.004608729913250647,Ridge_alpha_reescolhido,60
-0.0001868007237753298,-0.0007138212902589662,-0.001423597053387293,-0.002938603878439488,-0.004842201142945684,-0.007122725038849336,Ridge_alpha_reescolhido,60
-0.00013118488740296777,-0.0004953718666524581,-0.0006409658654214829,-0.0009590494652233041,-0.0012555300229571372,-0.0027812280283392,Ridge_alpha_reescolhido,60
-0.0002547755734806143,-0.001130601491481122,-0.0018967831485787751,-0.00215725185437425,-0.00235949284909075,-0.0024695599707257815,Ridge_alpha_reescolhido,60
-0.00022022432845566957,-0.000849817677053324,-0.0013072660052880886,-0.0029539499479100556,-0.00451232190569826,-0.005702394134405746,Ridge_alpha_reescolhido,60
-0.0005354090711125796,-0.002344749165308189,-0.0035444941828898587,-0.005828657511032109,-0.008066636035733647,-0.011009952162556404,Ridge_alpha_reescolhido,60
-0.0001260346050137089,-0.00031897408188942826,-0.0006224632036673479,-0.0012719441572768635,-0.0016546984597491556,-0.006811529832701119,Ridge_alpha_reescolhido,60
-0.0003525227594248379,-0.0010991171360520398,-0.0010407423381059017,-0.0006222250810444609,-4.926745896944901e-06,-0.004993375457360137,Ridge_alpha_reescolhido,60
-0.000200652499466349,-0.0009197601444427463,-0.0006185275947888145,-0.000240653713714423,0.0008461059186636003,0.004824127163706137,Ridge_alpha_reescolhido,60
-0.0001926440446460567,-0.0008502005222153494,-0.0016003987060549986,-0.0030560633027308898,-0.0031117381037108604,-0.007368696680576195,Ridge_alpha_reescolhido,60
-0.00010412065246200955,0.0001114937675291719,0.0007100240378243471,0.0027827137319288583,0.005000446625529639,0.00296246656614354,Ridge_alpha_reescolhido,60
-5.4304328188410815e-05,-0.00020098739043366187,-0.0003535102788791722,0.00021141526304424733,0.00112296591320607,0.0024807006052213784,Ridge_alpha_reescolhido,60
-0.0002564251736991461,-0.0010935989836927116,-0.0018082198780146482,-0.0022110598673047007,-0.001355938796155343,-0.012165286356939748,Ridge_alpha_reescolhido,60
-6.661565021897439e-05,0.0002273182932989247,0.0012776451880391424,0.00406395889580363,0.00819612575697962,0.013758542600560891,Ridge_alpha_reescolhido,60
-0.00012260424222908188,-0.0002972074731209199,-3.8808562975549356e-05,0.0004532953303704534,0.00035548940307484364,-0.0018086832839481735,Ridge_alpha_reescolhido,60
-0.0002613693898151556,-0.0008467125185436078,-0.0012519093498983979,-0.001534608403663487,-0.0009696271944298854,-0.0052095244249417616,Ridge_alpha_reescolhido,60
-0.00010995622591795572,-0.0004920502613788143,-0.00122771974298769,-0.0024998524723858573,-0.0041323269758455645,-0.0066087016997156,Ridge_alpha_reescolhido,60
-0.00019336423923678093,-0.0008735477210264276,-0.0017898965791022733,-0.0032133173949129906,-0.003118868482718926,-0.006243610120568535,Ridge_alpha_reescolhido,60
-0.00018248322733718008,-0.0005719484208532344,-0.0006027210222429715,-0.000498901476973312,-0.0010027423074139008,-0.004208327258581442,Ridge_alpha_reescolhido,60
-0.000269480324471008,-0.0008807058359564687,-0.0015518380059036645,-0.002215163709472271,-0.0024194853879973806,-0.006302739162685665,Ridge_alpha_reescolhido,60
-0.00013505285152129885,-0.0004871279427124828,-0.0007967040058005027,-0.001599020463435602,-0.0022981412205137883,-0.004833291967882406,Ridge_alpha_reescolhido,60
-0.0001975483481391854,-0.000748065725766937,-0.0011283279810482207,-0.0020240604204513953,-0.002823241711371892,-0.0039605270614611965,Ridge_alpha_reescolhido,60
-0.00019260000303621643,-0.000822888531520395,-0.0008382150410816646,9.097133006352865e-05,0.0007395711901139701,-0.004482042784201784,Ridge_alpha_reescolhido,60
-9.874079436465052e-05,-0.0005596827581974609,-0.001328844112798146,-0.0020456087710215465,-0.0027773853393431333,-0.005446187188870349,Ridge_alpha_reescolhido,60
-4.199360895164901e-05,-0.0006845925199270421,-0.0015511343215146884,-0.0030244913578006604,-0.00477585629348324,-0.01424187595034984,Ridge_alpha_reescolhido,60
-0.00026386810509726135,-0.0009681489611032926,-0.0016034189472143388,-0.0022528835690032514,-0.0028628783394942614,-0.009758748472212616,Ridge_alpha_reescolhido,60
-0.00022231978908929836,-0.0005620005012974339,-0.0006845139288630016,-0.0013408701399936233,-0.0018348921753020915,-0.008026786557937914,Ridge_alpha_reescolhido,60
-7.184650224127925e-05,-0.00027896696040389195,-0.0009886431638018562,-0.001840763394692666,-0.0024937201473937422,-0.00947777512298113,Ridge_alpha_reescolhido,60
-0.00024138314171844673,-0.0008839267946437616,-0.0018428215904442897,-0.003634307694091011,-0.004321487215224486,-0.0039363474178540645,Ridge_alpha_reescolhido,60
-0.00021199557898388916,-0.0008895866109625989,-0.001799821689087158,-0.003927977920109499,-0.00563216512656215,-0.01024382145109732,Ridge_alpha_reescolhido,60
-0.0001462943584749573,-0.0006170233681076686,-0.0009129981348074659,-0.002134700258867289,-0.0030001969445617675,-0.004115994762000408,Ridge_alpha_reescolhido,60
-0.000436517383068607,-0.0015233628945171356,-0.002531328111145415,-0.00410522657723415,-0.004537120453600956,-0.012786116536801853,Ridge_alpha_reescolhido,60
-0.00016673929706772866,-0.0005568335706561957,-0.0011356941973367657,-0.0017225182257500002,-0.0015940536431190856,-0.004017523706621628,Ridge_alpha_reescolhido,60
-0.0002858363228143894,-0.0009677633223105464,-0.0011829415027508876,-0.002372149387817515,-0.004023111346668477,-0.015614927730770136,Ridge_alpha_reescolhido,60
-0.0002730349687994288,-0.0005529219947815008,-0.0008875936719837503,-0.002703546269044869,-0.003232708742853647,-0.002462153724670294,Ridge_alpha_reescolhido,60
-0.00013820678005846824,-0.0003199202307935421,-0.0001842571020746051,6.497771527154746e-05,0.0014890679038989166,0.0028250280827159732,Ridge_alpha_reescolhido,60
7.842728025427856e-05,0.00016633487909856887,0.0006698992550518398,0.002261067991541289,0.003797300609904546,-0.0008262204797605278,Ridge_alpha_reescolhido,60
-0.0002546370900510503,-0.0010907662831528928,-0.0021226618755127353,-0.0037776169328960028,-0.0047160084321820955,-0.004477589823422404,Ridge_alpha_reescolhido,60
-0.00019754303161463374,-0.0004573215747355623,-0.0002252142523589254,-1.9192827923798056e-06,0.0015739979027336061,0.0004228644691492095,Ridge_alpha_reescolhido,60
-7.874432814459065e-05,-0.0001333850855503295,3.5154090308107315e-05,0.0006617428683433909,0.001220062883273236,0.0015220846659720266,Ridge_alpha_reescolhido,60
-0.00016041642087245568,-0.0008030111887804918,-0.0012714892750211341,-0.002096318626364744,-0.002432315020322815,-0.0034002792449321154,Ridge_alpha_reescolhido,60
-0.0002582324730648374,-0.000884602136216558,-0.0013570785021121024,-0.003376518982222184,-0.0048069414551576315,-0.009438930670410852,Ridge_alpha_reescolhido,60
-0.00015607550090384275,-0.0007484676837508659,-0.0017695683763831991,-0.0031524970721495092,-0.004575248250387043,-0.0061323253219465945,Ridge_alpha_reescolhido,60
-0.00016393188414303033,-0.0001101756401013694,0.0004116378716254559,0.0006598108246413754,0.002222065438572021,-0.0015760226299055523,Ridge_alpha_reescolhido,60
-0.0002842631796702581,-0.0012244379063378985,-0.0022150318344362277,-0.0036545718819873804,-0.006200412561418641,-0.01162088319498127,Ridge_alpha_reescolhido,60
-2.2052228119502253e-05,4.979427640932367e-05,0.0006552630818258917,0.00217148325154918,0.003187151856013785,0.005494617204941723,Ridge_alpha_reescolhido,60
-0.00026278702747048065,-0.0011109201220285319,-0.002183197321822738,-0.003611099143016481,-0.004299463668636506,-0.0035241490014284553,Ridge_alpha_reescolhido,60
-0.00016319742431667873,-0.00011969591173595343,-0.0002497897685564557,-0.0005703218966870865,-0.0007742984397303757,-0.0034271214023215164,Ridge_alpha_reescolhido,60
-4.027946328767903e-06,-0.00012320079119735195,-0.0001955182026125771,-0.0001817626303201299,0.0009819342382370794,0.0004261787755053522,Ridge_alpha_reescolhido,60
-0.00025710971686773693,-0.0007573207854325477,-0.0009404614176793727,-0.0019765329287343984,-0.001998680259087028,-0.0031442238071429747,Ridge_alpha_reescolhido,60
-0.00011031364129252603,-0.0006397170884184851,-0.0012510937734940871,-0.0016713890405265401,-0.001994286322923511,-0.00488344635562447,Ridge_alpha_reescolhido,60
-5.1756559758244283e-05,-0.00037150327281889445,-0.00045683384408956964,-0.0005192911450232989,-0.000655061400832975,-0.0029295025444892645,Ridge_alpha_reescolhido,60
-0.0001601907526940761,-0.0005090095754073166,-0.0006642461756079643,-0.0007633518870514378,-5.01048251647911e-05,0.0013519917585360542,Ridge_alpha_reescolhido,60
-5.717937930486656e-05,-0.0003913969198500295,-0.0003972124128187161,0.0009251968315800883,0.0024441509860899015,0.0058044930142120135,Ridge_alpha_reescolhido,60
-0.00010156203269804562,-0.000425808690180698,-0.0005226255861835777,-0.0016856458039927241,-0.0033757457809111217,-0.0054233247321995165,Ridge_alpha_reescolhido,60
-0.0002009100875298149,-0.0007896052469517816,-0.0014020275964246613,-0.002487456571855559,-0.002587732151215006,-0.003556353708575969,Ridge_alpha_reescolhido,60
-0.00010876985831551509,-0.00016521327394365207,7.857482556597697e-05,2.0841229366753945e-05,-0.000488032533732123,-0.004050071411340195,Ridge_alpha_reescolhido,60
-0.00016098008894348465,-0.0007929311449433288,-0.0015186504965594943,-0.0027867087611582937,-0.0034262042601744696,-0.008172334024006425,Ridge_alpha_reescolhido,60
-0.00020197029853444388,-0.0009368050359442405,-0.00134576609956182,-0.0016631862871462847,-0.0013059510033746583,-0.0031072821078957777,Ridge_alpha_reescolhido,60
-0.0002800439090009731,-0.001131429396083219,-0.001890082160716041,-0.0026576143483375667,-0.004082100363788458,-0.011816677827472718,Ridge_alpha_reescolhido,60
-8.384526216758383e-05,-0.00034438424293451337,-0.0005623918976601249,-0.0007102699380648965,-0.0005111751862302514,0.001868481936174651,Ridge_alpha_reescolhido,60
-0.00024174272225918858,-0.0010328512109819587,-0.0018460877861033742,-0.004191297120290165,-0.006113640549697886,-0.009987399257086025,Ridge_alpha_reescolhido,60
-0.00017902477764801997,-0.0006089072385689055,-0.0010541398733666274,-0.0016210016291914673,-0.0016959612091934646,-0.00171801991613397,Ridge_alpha_reescolhido,60
-0.00020640999960795054,-0.0007709885303209845,-0.0010777313492406264,-0.0013893048240907625,-0.0011329563753070995,9.791853365605253e-05,Ridge_alpha_reescolhido,60
-0.00013309393861097525,-0.0007779224437019861,-0.001212507526767393,-0.0029672667538060207,-0.003780391679088842,-0.006552400080551513,Ridge_alpha_reescolhido,60
-0.00012423703158591945,-0.0004084605343096347,-0.0008141415227096382,-0.0011469921478711746,-0.0017419761121906803,0.0006961389003880928,Ridge_alpha_reescolhido,60
-0.00019620969041593802,-0.0003037010211237846,7.083318208090721e-05,0.0008207748044778605,0.0018930135352210546,-0.0045584934598745476,Ridge_alpha_reescolhido,60
-6.718603328354613e-05,-0.00017210853313994037,0.00018169373716820253,-5.7823906488781647e-05,0.000594064812414928,-0.001207679919579123,Ridge_alpha_reescolhido,60
-0.00016009306828294176,-0.0004518107914976122,-0.0003911339296562849,0.0003853899170977866,0.001274912995324241,0.006041309418847376,Ridge_alpha_reescolhido,60
-0.0004430904392728595,-0.0015515313154932737,-0.0026234980915615337,-0.005342487934261868,-0.0053568351660037575,-0.018426954628884506,Ridge_alpha_reescolhido,60
-0.00018926278723465338,-0.000719633648653344,-0.0009531605675235948,-0.0018569472299325871,-0.002953940717748513,-0.00569084835254912,Ridge_alpha_reescolhido,60
-0.00017932176908456117,-0.0007790570765552266,-0.001188784079147175,-0.0013432742758852881,-0.0005779112638760789,-0.0013122861692024537,Ridge_alpha_reescolhido,60
-0.00015861111491713914,-0.0005735704273819879,-0.001280337871931653,-0.0025061111070852453,-0.004148958835383848,-0.011425380078843864,Ridge_alpha_reescolhido,60
-0.00015456705555700454,-0.0005508653274880115,-0.0008281124644300371,-0.001400267052188954,-0.0007708937887539124,0.00097882639371566,Ridge_alpha_reescolhido,60
-0.00037553815431302256,-0.000984182169427901,-0.0011923274156579074,-0.0016293805114795425,-0.0013994571170681256,-0.0035895704642036983,Ridge_alpha_reescolhido,60
-0.0002679975415196912,-0.0008522016878640074,-0.001577937302232132,-0.0015846519806940443,0.0009194158403567612,0.0005885334852103267,Ridge_alpha_reescolhido,60
-0.0002750189451670016,-0.0011636913408758988,-0.0012898111516346786,-0.0010634930677031014,-0.0003571775442671844,-0.01470320354222395,Ridge_alpha_reescolhido,60
1.414369003950229e-05,0.0003146475231750133,-0.00018835053122910172,-0.0009028929485821285,-0.00119683184237364,-0.008111934829541187,Ridge_alpha_reescolhido,60
-6.866781395920617e-05,-0.00029714496454630676,-0.0014553781585841556,-0.004439909376939711,-0.007470100746455744,-0.016210291976338692,Ridge_alpha_reescolhido,60
-0.00019165576787488327,-0.0006559086422714004,-0.0009234134659347152,-0.001108582505610344,-0.0010209752227242162,-0.005870444893840784,Ridge_alpha_reescolhido,60
-0.00018375024033781084,-0.0004856489408539321,-0.0015999537863155692,-0.0030566854596960433,-0.005037746984746566,-0.01008914302021463,Ridge_alpha_reescolhido,60
-9.201505685114236e-05,-0.00028565135808677995,-1.6457868827045226e-05,0.00017915159636635482,0.0007692204177540453,-0.0031816188871255794,Ridge_alpha_reescolhido,60
-7.847801859588409e-05,-0.0003825776349956263,-0.0003882625684735706,1.4784380197908954e-05,0.00033209738178396805,-0.002396775827335703,Ridge_alpha_reescolhido,60
3.7855031409353995e-05,0.00033296316616437575,0.0005641654790323736,0.0008748527860682412,0.0009702265887627278,-0.0019792279015490096,Ridge_alpha_reescolhido,60
-0.00010818818640013791,-0.00023531389253582012,-0.0003922810423604929,-0.0009561222052345905,-0.00044055815296096336,-0.005486948916255764,Ridge_alpha_reescolhido,60
-0.00015195093004744746,-0.0006175704081090457,-0.0008967026266316776,-0.001158992959581844,-0.0011661966840648347,-0.006854009256682865,Ridge_alpha_reescolhido,60
-6.005505369843612e-05,-0.00017993296422673993,7.892240784772108e-05,0.0004826822732967162,0.001428746272260311,-0.0017061175147977275,Ridge_alpha_reescolhido,60
-8.508557694401791e-05,-5.7120969215317435e-05,0.00045065429170340084,0.0011898478755949084,0.002114453608257788,-0.0012970204006769476,Ridge_alpha_reescolhido,60
-0.00018206177900255925,-0.0006903294271377908,-0.0012098233675206871,-0.0019118372121766935,-0.0021244517155446503,-0.003157363338172334,Ridge_alpha_reescolhido,60
-0.0001437261907505135,-0.0003498830075751712,-0.00012230724924023015,-4.44041821949516e-07,-0.00044839593031994584,-0.0015967377293805685,Ridge_alpha_reescolhido,60
-0.00011257353933179932,-0.00033764962225218964,-0.0004095877895779384,-0.00022213714626899368,-7.267217771774292e-05,-0.0006970368448551066,Ridge_alpha_reescolhido,60
-0.00020427482105112295,-0.0005946287426040745,-0.0008026012726219295,-0.0018210772958231253,-0.0029629432571429463,-0.005638104252338066,Ridge_alpha_reescolhido,60
-0.00021968509800652478,-0.0009755282633709439,-0.0013699289732809143,-0.002926087197986376,-0.003764546315182948,-0.0080386766532667,Ridge_alpha_reescolhido,60
-0.00017553540283861603,-0.0007469589124107869,-0.0009115817244638003,-0.0007016022368458304,0.0010114130813319532,-0.00020261346153494273,Ridge_alpha_reescolhido,60
-0.0002463157735888759,-0.000835289740144436,-0.0011040465531294002,-0.0010893619553899176,0.00017822959652559028,0.002868031421708163,Ridge_alpha_reescolhido,60
-0.0001771239411672985,-0.00075924308362412,-0.0010751189098999058,-0.0015278470492504975,-0.0017652652546028553,0.002990273892516617,Ridge_alpha_reescolhido,60
-4.688758027412019e-05,-0.00041090258824816485,-0.0008175196209719102,-0.0017784417446098668,-0.002073955821866437,0.00040054039894118446,Ridge_alpha_reescolhido,60
-0.00011425834472677011,-0.0005834588029635934,-0.0014982334934946573,-0.002485169473692499,-0.003630684191851282,-0.0022154265394904635,Ridge_alpha_reescolhido,60
-0.00023294936672472346,-0.0008677719587880151,-0.0013861553941254578,-0.0013157917756629078,-0.0011314832259337075,-0.0005079010883951377,Ridge_alpha_reescolhido,60
-3.72227536997149e-05,-7.174275972019526e-05,0.00020511704364773963,0.0006283623261726535,0.000858886971308954,-0.0003619595195065127,Ridge_alpha_reescolhido,60
7.965245767675068e-06,6.232529040532125e-05,-7.558336142487509e-05,-0.00029409902471034345,-0.00030255845273768276,-0.0018756179669637662,Ridge_alpha_reescolhido,60
-0.0002141629424550328,-0.0007106484466831723,-0.00036620359101933406,0.0008312071678274501,0.001494093629506459,-0.001594488924743343,Ridge_alpha_reescolhido,60
-0.00014218440553585564,-0.000730309193451122,-0.0009919412590377924,-0.0011379522361333627,-0.0017218873183726736,-0.0009719821081741854,Ridge_alpha_reescolhido,60
-0.0001406581764008675,-0.00047136726355574736,-0.000731166031751427,-0.0010695235611154954,-0.0015166090231685657,-0.0028881617087330104,Ridge_alpha_reescolhido,60
-0.00015107972594415877,-0.00018859331322747505,-0.0005972131450077938,-0.0016148677323916697,-0.002019703804913739,-0.005523161961751668,Ridge_alpha_reescolhido,60
-0.00013991062422647577,-0.0007426841810413639,-0.0012849540423760491,-0.0023086157782972886,-0.003157029601615125,-0.0065557668047981285,Ridge_alpha_reescolhido,60
-0.00018669961270865098,-0.0005192567017875278,-0.000499472866104709,0.0002929948077071328,0.001229095988726385,8.200076968276152e-05,Ridge_alpha_reescolhido,60
-0.00010000840661633641,-0.0003630260101529801,-0.0007684726833439707,-0.001383191838827472,-0.0015005555024866382,-0.006665404134637627,Ridge_alpha_reescolhido,60
-0.00014336005260144497,-0.00039352929642940803,-0.00024139603941649451,-0.0005474861375971815,-0.0010559695616569134,-0.011093843499694082,Ridge_alpha_reescolhido,60
-0.00014797610358638637,-0.0006146477761702814,-0.0011353757561858985,-0.0030013328339513604,-0.005076715784710701,-0.009991135938911782,Ridge_alpha_reescolhido,60
-0.00011614500479758997,-0.00017073067384247462,0.00016958467598943987,0.0007845341040827487,0.0021844699175966307,0.004032352498313117,Ridge_alpha_reescolhido,60
-0.00013629116769963977,-0.00041905836138022244,-0.00030290844220640263,-0.0003605607352191676,0.0003711695703374533,-0.002848354281500304,Ridge_alpha_reescolhido,60
-4.33819503317207e-05,5.22020333125051e-05,0.0003896210727851844,0.0008801938080734989,0.0015367625782074154,0.00137223473157399,Ridge_alpha_reescolhido,60
-0.00022108821295828442,-0.0011941673199099673,-0.0027174445428929253,-0.00532736831885762,-0.006685410972892656,-0.00991923408892278,Ridge_alpha_reescolhido,60
-0.0002716796658350092,-0.0008856851298970299,-0.0012807861502575541,-0.0022270808883786764,-0.0028734616644961867,-0.0038329637744724215,Ridge_alpha_reescolhido,60
-9.167584826000475e-05,-0.00024663460223010674,-1.3819042904771284e-05,0.0006100275552870393,0.0018385504103260438,-0.0028809375992774194,Ridge_alpha_reescolhido,60
-9.541677472686303e-05,-0.0005047184778629658,-0.0005685718603015624,-0.001244995115120834,-0.001500532761538315,-0.006411790290218843,Ridge_alpha_reescolhido,60
0.00019144791485717805,0.000598550850851657,0.0005907224506035344,0.000733470252648788,0.0017227858561104149,0.004858483210012136,Ridge_alpha_reescolhido,60
-3.981523439752894e-05,2.5044136896907292e-05,0.00031661784651420465,0.0004362905802716783,0.0005866822816174682,-0.0005834946922600706,Ridge_alpha_reescolhido,60
-0.00037358702197663334,-0.0012529318848208994,-0.0022835841478819263,-0.003923346913789487,-0.004864162991636422,-0.0064528450995612946,Ridge_alpha_reescolhido,60
-0.00028613427491205466,-0.0006217279314085989,-0.0009637971497958772,-0.0009115704409979663,-0.0020168077454317847,-0.006415207186782113,Ridge_alpha_reescolhido,60
-0.0003393897317392023,-0.0009954427014613786,-0.0011269596490077213,-0.0013804146470153679,-0.0016973587381003403,-0.0036386309716357123,Ridge_alpha_reescolhido,60
-0.00027963386045822843,-0.0013786348016178057,-0.002357211888464268,-0.004148077823518639,-0.004589961931695498,-0.010105297191160895,Ridge_alpha_reescolhido,60
-0.0002894643457656748,-0.0008002538913483198,-0.0008920480219186921,-0.0012324119686241673,-0.0014806802827496877,-0.004061731822131826,Ridge_alpha_reescolhido,60
-4.4970876193509094e-06,0.00018590098065145497,0.0005834713757177965,0.0007543928128817383,0.0003115099780925095,-0.006492864767173906,Ridge_alpha_reescolhido,60
-0.00018241167986284752,-0.0006440957052569128,-0.0014042652368052438,-0.0028217075964113206,-0.003606558069081608,-0.007627333909757397,Ridge_alpha_reescolhido,60
-0.00027943133192996525,-0.0009602729064332519,-0.0015793298063025158,-0.0022519874748320634,-0.0018990526770541348,-0.004528613107977832,Ridge_alpha_reescolhido,60
-0.00013251879460151198,-0.0005985968124560004,-0.0008224829829817888,-0.0014109089413135217,-0.0016863904098937238,-0.006692387969729124,Ridge_alpha_reescolhido,60
-3.36278504235024e-05,-7.338908187476914e-05,-6.157095298926324e-05,0.0009374466463037124,0.0018721796258161676,-0.002069166281872763,Ridge_alpha_reescolhido,60
-0.000300551619530934,-0.0013180380339835296,-0.0024645716189358605,-0.004255154424318474,-0.003429249780276126,-0.0036697943889594914,Ridge_alpha_reescolhido,60
-0.00014225169707445922,-0.000247894482869935,-0.0005632066131859574,-0.0013158591083842423,-0.0017822114276076148,-0.005288502089086752,Ridge_alpha_reescolhido,60
-0.0001589208901745366,-0.0005818238909964608,-0.0008230368277666456,-0.0005808210417104332,0.0003452921645304169,0.0035394782358754533,Ridge_alpha_reescolhido,60
-0.0002166448351311165,-0.0006303085747721458,-0.000780450497115033,-0.0007471315654835198,-0.0006295267211307431,-0.0014851586707406936,Ridge_alpha_reescolhido,60
-5.650176398264747e-05,-0.0005018510924453926,-0.0011754130732852983,-0.002331330539442908,-0.004038409349176826,-0.011231306287875713,Ridge_alpha_reescolhido,60
-0.00023094339895924647,-0.000860503749847352,-0.0011137773844194835,-0.0014047286000856906,-0.0012520613255573956,-0.0004109798739628962,Ridge_alpha_reescolhido,60
-0.00015271563257639572,-0.0003649363581212491,-5.428159569813841e-05,0.0007013640335420559,0.0011191475453501067,-0.0036632092405418466,Ridge_alpha_reescolhido,60
-0.000284568146423428,-0.00034383688892425374,-0.0007408346353300039,-0.0014587935316535772,-0.002768341123333274,-0.007960365207291577,Ridge_alpha_reescolhido,60
-0.00017872183018328766,-0.0006639921502944234,-0.0007852371161630343,-0.0013288945865028525,-0.002194616038727283,-0.0020013978393194215,Ridge_alpha_reescolhido,60
-7.439543654152704e-05,-0.0001684374394653713,0.00025102562100633104,0.0017239116418972084,0.003059279850444355,0.0016821662865432146,Ridge_alpha_reescolhido,60
-0.0002054190939749402,-0.00041392879498814415,-0.0008297002165361195,-0.001524239658419253,-0.0018097308381040539,-0.004186992101985144,Ridge_alpha_reescolhido,60
-0.0002622332457613014,-0.0011815567805240053,-0.001982554576966073,-0.0033608204363749067,-0.00321371640316773,-0.002980870425142156,Ridge_alpha_reescolhido,60
-5.55095392473e-05,-0.0002954844783394492,-0.00028106474786741733,0.00032867154056283717,0.0006514478662728464,0.0006152699784316155,Ridge_alpha_reescolhido,60
-0.00015904854586801774,-0.00042866041844203144,-0.0008882821398887993,-0.002613068265842749,-0.003992721544788663,-0.007461820963789869,Ridge_alpha_reescolhido,60
-0.0005221742672667896,-0.001596372981277162,-0.0029881170917693844,-0.007420375230951328,-0.01075520444154451,-0.014603331882537,Ridge_alpha_reescolhido,60
-5.188394493107759e-05,1.5271419090505734e-05,0.00048811025229330955,0.0014129325341229362,0.0024991899748719906,-0.0018522449120201543,Ridge_alpha_reescolhido,60
-0.00028737433148999807,-0.00113175831534974,-0.0018556699228579826,-0.001973813211895604,-0.0015175499470669292,-0.0017665631889349801,Ridge_alpha_reescolhido,60
-0.0002346066681765711,-0.0006553012198363076,-0.00041498323048706987,-0.0009746715215938091,-0.002675920463169976,-0.007859827751590208,Ridge_alpha_reescolhido,60
-0.00018239136862440434,-0.0006513505908741694,-0.0008618638487984296,-0.0014794636942202836,-0.0018904827353303383,-0.0036809312072338027,Ridge_alpha_reescolhido,60
-0.0003297990693633994,-0.0010191536809444246,-0.0015369325977551422,-0.0019248440335161473,-0.00021456802439682597,0.0023678301702680293,Ridge_alpha_reescolhido,60
-0.0001758526850357425,-0.00021012960744516397,-0.00016524449066709782,-0.0003251941732685721,0.0003578992996891378,-0.00030036151198109957,Ridge_alpha_reescolhido,60
-6.335777907617319e-05,-0.0005312735051821657,-0.0011276676772138383,-0.0016336807898515323,-0.002293058410615465,-0.0037312328248696055,Ridge_alpha_reescolhido,60
-0.00016319886711848572,-0.0005355149549601957,-0.0008490121297291768,-0.002105389299721499,-0.00504882754264731,-0.0208090519240705,Ridge_alpha_reescolhido,60
-0.0002930319113251312,-0.0010821486971586336,-0.002337416527437177,-0.004679343730249109,-0.006081265700656957,-0.014222735703833454,Ridge_alpha_reescolhido,60
-0.00010867607511768181,-0.0003958549617411754,-0.0007314313774259248,-0.002698965481778813,-0.004435953168664187,-0.013721729893085587,Ridge_alpha_reescolhido,60
-4.529353752764369e-05,0.00010063104203475384,0.0003778347805349062,3.403383797278987e-05,0.0011015838916046364,-0.0009428261391224707,Ridge_alpha_reescolhido,60
-0.00015294114797953005,-0.0005424328897051886,-0.0005465610298311945,-0.000906104643367537,-0.0006610660530336259,-0.0016454648375511338,Ridge_alpha_reescolhido,60
-1.773329073304148e-05,-4.986922356916025e-05,7.215701819435647e-05,0.001620049373554983,0.004337893310887773,0.007254458856930446,Ridge_alpha_reescolhido,60
-0.0001509309739612323,-0.0005678639096805361,-0.000427942150464879,0.00036186005903414523,0.0019316828551569703,0.0033024550523881404,Ridge_alpha_reescolhido,60
-0.0002096935353283756,-0.0009752594146182883,-0.0014991470654335986,-0.002382567584852486,-0.0036677127951375804,-0.009000938179949713,Ridge_alpha_reescolhido,60
-0.0002986963759069719,-0.0014959309088197433,-0.0028263503698994765,-0.004647067026042043,-0.005956111094005139,-0.009807843453655339,Ridge_alpha_reescolhido,60
-0.00012912276153769476,-0.0003295496906243339,-0.0005582769636872152,-0.00029662846676385294,-0.00023332242506307022,-0.004121905929430837,Ridge_alpha_reescolhido,60
-0.0002471166145381051,-0.0010713057604515568,-0.0017848444389150188,-0.003203663521306345,-0.0038041807490389996,-0.007237543819444518,Ridge_alpha_reescolhido,60
8.177159063467133e-06,0.00030677847695381434,0.0014041196292631274,0.002501244616515408,0.004179508211462791,0.002329178850771708,Ridge_alpha_reescolhido,60
-0.0001511862151775645,-0.0004418297528298822,-0.00016895449312946215,-0.0005728190171541981,-0.00021774756893070267,0.0007341271274261495,Ridge_alpha_reescolhido,60
-0.00022512956920498964,-0.0008485129296035452,-0.0010913806298710079,-0.001288503374360957,-0.00029309365770447586,-0.0021185316445550572,Ridge_alpha_reescolhido,60
-0.00022526542705214003,-0.0006727804341602625,-0.0012829952670757017,-0.0018874270579167084,-0.0007056439125796707,0.00010043118527353863,Ridge_alpha_reescolhido,60
-0.0001620793987829785,-0.0003004424049893281,4.3213567965151304e-05,6.315312731353462e-05,0.0003781207343934608,0.0017744217108469815,Ridge_alpha_reescolhido,60
-0.00017906818950706496,-0.000639622397819239,-0.0012418309029967362,-0.0026467771742990473,-0.003150340528762709,-0.007878812282968368,Ridge_alpha_reescolhido,60
-2.28411539357602e-05,-0.00025531332890852006,-0.0003096472870360157,5.704347283902597e-05,6.98385821237386e-05,0.001565458433824183,Ridge_alpha_reescolhido,60
-0.0001354060980922586,-0.0006303509025079081,-0.0006341635831961484,-0.0010730436819434332,-0.0016385253247182504,-0.0025173720006715777,Ridge_alpha_reescolhido,60
-0.00017423918277329368,-0.0006449038138501582,-0.0012103931112208558,-0.0026687340294477124,-0.0033121057511939097,-0.00236446122141978,Ridge_alpha_reescolhido,60
-0.0002512715320793898,-0.0007407218604968924,-0.0013044591728581757,-0.0014203201571396937,-0.0007182976842680909,-0.0015061701992421742,Ridge_alpha_reescolhido,60
-0.00019452376577048077,-0.0008706932041995744,-0.001701763389325029,-0.0029807177830265905,-0.0037950431581304754,-0.0015370796097309372,Ridge_alpha_reescolhido,60
-0.00018984774586074506,-0.0007903372081975855,-0.001106931578007594,-0.0012607555164991686,-0.0011610244394042687,-0.002250077835438529,Ridge_alpha_reescolhido,60
-6.802237000846352e-05,-0.0001577707083692376,-0.0003842932442338851,-0.0012230519991822488,-0.002070510033850038,-0.004054392561954946,Ridge_alpha_reescolhido,60
-0.00018071713315906786,-0.0004389097842839875,-0.00038263160929758225,-0.00016437118815908701,0.0007546028431962432,0.00018268985413140123,Ridge_alpha_reescolhido,60
-0.00013017562026728107,-0.0003058301018286875,0.00011515639072834472,0.0011486486718154682,0.0014051020214159106,-0.000908060511618574,Ridge_alpha_reescolhido,60
-0.00022693864392011882,-0.0008686425690465519,-0.0010409910689800385,-0.0014837309049313308,-0.0018266823982827046,-0.0037995578864060543,Ridge_alpha_reescolhido,60
-0.00014194911039429035,-0.0005007950190727926,-0.0007872023077444043,-0.0013654498159675977,-0.0017837941642031515,-0.0042468840989661255,Ridge_alpha_reescolhido,60
-0.00015017631221003822,-0.0007152361779975113,-0.0009294975315402037,-0.0011893617873078494,-0.0012222391470603027,-0.001737914967605301,Ridge_alpha_reescolhido,60
-0.00017310784404974837,-0.0007076811356016462,-0.0013086225293012757,-0.0028018534779456266,-0.004048916119261808,-0.00792812230238763,Ridge_alpha_reescolhido,60
-0.0003236336812495255,-0.0009976140689536485,-0.0006836306146762359,-0.0011965121340461128,-0.001767300560551611,-0.005406155065421447,Ridge_alpha_reescolhido,60
-0.00014099578073731035,-0.0006529353586813892,-0.0010828226619703334,-0.0014685207825595327,-0.0008706718900632523,0.000764303249838918,Ridge_alpha_reescolhido,60
-0.00019660429496005856,-0.0009515473464661563,-0.0016119409888462164,-0.0034657130244672317,-0.004410566107200013,-0.007666752809506167,Ridge_alpha_reescolhido,60
-0.0002873224308389273,-0.0009776148544154936,-0.0022315175685997304,-0.001658040855934234,0.00010989448483847369,0.0018946441026097566,Ridge_alpha_reescolhido,60
-0.00019106132970353468,-0.0006773615953322569,-0.0006226107018924929,0.0003404903794156432,0.0019564560368591226,0.0037974973625669725,Ridge_alpha_reescolhido,60
-0.00012588161461777144,-0.0006344110231080812,-0.0015508411056739295,-0.0035431420997089893,-0.005215417029853734,-0.008835482643311967,Ridge_alpha_reescolhido,60
-0.0002386022394371902,-0.0006548616134563982,-0.0012541815836904094,-0.002333604368995182,-0.002577892473975613,-0.00835394635840225,Ridge_alpha_reescolhido,60
-0.0003779052567267577,-0.0010206726874504067,-0.0014742545954105398,-0.0028009917554679036,-0.004307211705131511,-0.01363788929997611,Ridge_alpha_reescolhido,60
-8.467710173541548e-05,-7.717377336179821e-05,0.0003280104823559488,0.0007731775120137833,0.0015412644287407784,-0.0048324956221838505,Ridge_alpha_reescolhido,60
1.0909187688304326e-05,0.00023301324179725516,0.001236990721801675,0.002791618277672917,0.004348440426881062,0.006768416908923523,Ridge_alpha_reescolhido,60
-0.0002771139071674041,-0.0010889840779295422,-0.0016749821196648665,-0.0021959609146509672,-0.002410800305404986,-0.0014386310047111973,Ridge_alpha_reescolhido,60
-0.0003934639950557117,-0.001371400642188466,-0.002798379522520388,-0.007123969429395282,-0.010221782564224922,-0.019707980533877605,Ridge_alpha_reescolhido,60
-7.66260284486766e-05,-0.0002781744230882531,-0.0005085611276176505,-0.00035188788284947473,0.00012943690953642287,-0.0014263213566755681,Ridge_alpha_reescolhido,60
-0.00017790140753757918,-0.0004440368624169728,-0.0009005116505578266,-0.0007735269468394371,-0.0008437577724726623,-0.0015514598830946497,Ridge_alpha_reescolhido,60
-0.00021907257680961738,-0.0004182768872258402,-0.0005558170232694948,-0.0007084749044767372,1.4577665194772875e-05,-0.005182987852528365,Ridge_alpha_reescolhido,60
-0.00017651810375106416,-0.0005300622392108239,-0.0006124103421015318,-0.0015572448839860646,-0.0018118920147614146,-0.0044399098372516,Ridge_alpha_reescolhido,60
-0.00013975510069958965,-0.0004696617281692814,-0.0003003860341995154,0.0004748872334743492,0.002317824151331446,0.0024514653339203986,Ridge_alpha_reescolhido,60
-0.0002745680639284049,-0.0011005547782210307,-0.001700428625452239,-0.002661739813333582,-0.0029131660860857458,-0.0074916379509375585,Ridge_alpha_reescolhido,60
-0.00018262325398362458,-0.0008502314322355953,-0.0013558878438375856,-0.0016952491852657433,-0.002128183121699306,-0.00563303210230003,Ridge_alpha_reescolhido,60
-0.00019580942431041254,-0.0009004576797995136,-0.001317659021918153,-0.0029453467317403477,-0.004109948244497757,-0.007374516824906411,Ridge_alpha_reescolhido,60
-0.00011668424062273075,-0.0004259930260742381,-0.00054244193031349,-0.0006424260374280697,-0.0014833555954186946,-0.00782991180148978,Ridge_alpha_reescolhido,60
-0.00023329682719501994,-0.0010055712194564283,-0.0014308195096334958,-0.0016178274259362028,-0.0008769641681142939,-0.0008405248508165399,Ridge_alpha_reescolhido,60
-0.0001652991373957041,-0.00044556008315484137,-0.0009617161049260604,-0.00309598112800964,-0.004966751643914673,-0.007803724408444562,Ridge_alpha_reescolhido,60
-0.00025133602960398225,-0.000721071806981082,-0.001455906674284094,-0.002731066693843991,-0.0031346989193556988,-0.009205549099667717,Ridge_alpha_reescolhido,60
-0.0002308657264442765,-0.0007631899938926595,-0.0010153541153324888,-0.0019770820500917474,-0.003406043625093794,-0.0056892795141065995,Ridge_alpha_reescolhido,60
-0.00042955188118745636,-0.0013398903831608072,-0.0019817044954616326,-0.0026673132212029415,-0.003457182831722487,-0.008308334828448592,Ridge_alpha_reescolhido,60
-0.00023563940297581968,-0.0005612413878228537,-0.00020028479566956098,-0.00010702085532716256,-0.00025841015532805526,-0.0034443446112739436,Ridge_alpha_reescolhido,60
-3.3846512042573246e-05,-1.0799324567192275e-05,0.000566186799956662,0.0018942372078879217,0.002701665174659438,0.0009267186330046277,Ridge_alpha_reescolhido,60
-0.0002647038895152046,-0.0008830236263360578,-0.001574134864928209,-0.0034656115342778285,-0.0049415538260630994,-0.010544778827372172,Ridge_alpha_reescolhido,60
-0.00014992232782440212,-0.0007997847442589076,-0.0017459378285007052,-0.003315257136361814,-0.0050029681514068705,-0.007277171079100887,Ridge_alpha_reescolhido,60
-0.00011300229946062435,-0.0002357596118810583,0.000362202751459665,0.001229887300929456,0.002291840304440633,0.0008663632982099168,Ridge_alpha_reescolhido,60
-0.0001592811332185841,-0.0004891962354007857,-0.0004259680871698182,-0.0009447382951718637,-0.00098610224316447,-0.001735622113208861,Ridge_alpha_reescolhido,60
-0.00011504918239837981,-0.0001450022567355238,0.0004226288196448545,0.000755401207760582,0.0022342084256485777,0.0066017000114664765,Ridge_alpha_reescolhido,60
-0.00021936986912285528,-0.0006904598952664385,-0.0009907750911282579,-0.0013333719194673506,-0.0015027820567594782,-0.001561229332735805,Ridge_alpha_reescolhido,60
-0.00016503875081363216,-0.00038127700831335214,-0.0002791310002295078,-0.000983422012626506,-0.0005226230359050282,-0.001634329941595757,Ridge_alpha_reescolhido,60
-0.0004459459804570907,-0.0015583882091483943,-0.0016654432112391934,-0.002308799374825643,-0.002372956259827649,-0.0028214301367821028,Ridge_alpha_reescolhido,60
-0.0001252223848750826,-0.000740192702278278,-0.0016347294873331106,-0.003343305923886203,-0.0037081613482057994,-0.006907073469991431,Ridge_alpha_reescolhido,60
-0.00023839821665104995,-0.0004988136215205382,-0.0010931686082498496,-0.002572100880385075,-0.0033618901154028337,-0.00909548677546955,Ridge_alpha_reescolhido,60
-9.546846327964448e-05,-0.00011082625038423887,-0.00041745382899861826,-0.0007623401898079484,-0.0006204321580833518,-0.005222761559890806,Ridge_alpha_reescolhido,60
-0.00015966230017772957,-0.0008160405875588631,-0.0014858616248327866,-0.0026688812071611096,-0.003108934258902518,-0.016511368524785193,Ridge_alpha_reescolhido,60
-2.6185972305800168e-05,0.00011359611703581111,0.0005223332194104339,0.0006215632782915073,0.0003963343710580466,-0.006694683434898671,Ridge_alpha_reescolhido,60
-0.00016175764417759162,-0.0002167813871561373,-0.00016019837381922852,-0.0005701993339291257,-0.0012666595052379394,-0.004726789188465357,Ridge_alpha_reescolhido,60
2.60940156885747e-05,0.00014961762587818313,-8.544360526410295e-05,-0.0005757302987081575,-9.861187923045184e-05,0.0035556885389721534,Ridge_alpha_reescolhido,60
-0.000368894119392678,-0.001249938812859281,-0.002107403621507091,-0.0031884091756461384,-0.004038126109743658,-0.00890045517144018,Ridge_alpha_reescolhido,60
-0.0002981666017433355,-0.0007524955112798229,-0.0014905940649976685,-0.003530051983053185,-0.004305883548728189,-0.0068512522695341775,Ridge_alpha_reescolhido,60
-0.00035483384051237615,-0.0010123329821521928,-0.0011594107542730419,-0.0019325576790030754,-0.002480779531853271,-0.011517640573960469,Ridge_alpha_reescolhido,60
-3.784378924974369e-05,5.2353170858044264e-05,0.0006561788666650429,0.0011281796820430086,0.001683874962051074,0.002725496401204383,Ridge_alpha_reescolhido,60
-0.0002444069998550227,-0.0007274931829232405,-0.0008330382791865356,-0.0008475401229528379,-0.00022384094093176555,-0.001416346867192476,Ridge_alpha_reescolhido,60
-0.00024185437812297318,-0.0003831288310929062,0.0001955060496805983,0.0003837220490324422,0.0010030924063592378,-0.0016971633484556437,Ridge_alpha_reescolhido,60
-9.052881861842034e-05,3.0333324865369475e-05,0.00036808203747328266,0.0010761151185828557,0.0016655622755152855,-0.0004956566694302233,Ridge_alpha_reescolhido,60
-0.00014855987991383864,-0.0006456361513590246,-0.0011640734600432683,-0.0020188606198325645,-0.0021163253370143935,-0.002466793580518783,Ridge_alpha_reescolhido,60
-0.0001394245333157862,-0.0003673444079166968,-0.0008451146819616647,-0.0015779424268783629,-0.0029538912839267243,-0.009812058909100366,Ridge_alpha_reescolhido,60
-0.0003251032575789646,-0.0011796392125385763,-0.0019584135348718556,-0.003569512818106019,-0.004460097106679259,-0.004729270230877701,Ridge_alpha_reescolhido,60
-0.0001978353544850771,-0.0007298999597007561,-0.0013562742898540199,-0.002845366147919291,-0.003963066558952836,-0.004621638539689222,Ridge_alpha_reescolhido,60
-0.0002456287846403634,-0.00039144790576480084,-0.0006944772775925233,-0.0012605231026978614,-0.002034965482047411,-0.007920147250146711,Ridge_alpha_reescolhido,60
-0.00037163443058321695,-0.0011283840411757408,-0.0019384805735009206,-0.0028004107918866736,-0.0020772470016822897,-0.010005965138992733,Ridge_alpha_reescolhido,60
-7.083908726891305e-05,-0.00046587341347612866,-0.0013862408993683818,-0.0043138747600867345,-0.005340782186064698,-0.011888738556590459,Ridge_alpha_reescolhido,60
-9.160676166995128e-05,-0.00043745646232503456,-0.001046645853507876,-0.002383823171270017,-0.0030481141193365474,-0.004852051974901129,Ridge_alpha_reescolhido,60
-0.0002298151437626183,-0.0008246069201066665,-0.0016353472441071328,-0.002485949928005068,-0.0026611417008379156,-0.004334816204105597,Ridge_alpha_reescolhido,60
-0.00024609301161830594,-0.0007074607304350719,-0.0013181699483074294,-0.0035006533262408332,-0.0062454605705688565,-0.012470497949076701,Ridge_alpha_reescolhido,60
-0.00011028513902868341,-0.0002857419219547438,-0.000349183505576628,0.0001294844939728287,0.0019728028793320994,0.0008334838411447223,Ridge_alpha_reescolhido,60
-0.0002122661058593076,-0.0005891242309350508,-0.0002280422280504802,2.07390711341448e-06,0.0007352247324380485,-0.0025750488182902155,Ridge_alpha_reescolhido,60
-0.00032541371152700277,-0.0011503030703457029,-0.00202412966605402,-0.00457624652527072,-0.0066234541902135844,-0.00933094000748448,Ridge_alpha_reescolhido,60
-0.0001295527690959405,-0.00047080354802691334,-0.0008028933500145266,-0.0001425151136787836,0.000719268951198275,-0.0017353969988699572,Ridge_alpha_reescolhido,60
-0.0004724668899489859,-0.0017330771622588023,-0.0026632969466270535,-0.004044191457673756,-0.004075754854546979,-0.007276322315329312,Ridge_alpha_reescolhido,60
-0.0001611415949381796,-0.0005288232078844038,-0.00047054395328593817,-0.0005490378476720996,0.00027233053708819737,-0.0004415977541221771,Ridge_alpha_reescolhido,60
-0.00016350327670711944,-0.00045778823386987517,3.7014223282558094e-05,0.0013586844573079187,0.00260814204730386,-0.002074560451232969,Ridge_alpha_reescolhido,60
-0.0004629115355562742,-0.0017274854276277357,-0.0033159187795565,-0.005680900816470261,-0.007881337620874281,-0.011609349993568299,Ridge_alpha_reescolhido,60
-0.0001435612176810346,-0.0009608180445721131,-0.002156387999625558,-0.0024295323862536583,-0.001651442681883919,0.0024007157033180825,Ridge_alpha_reescolhido,60
-0.00029032580120929517,-0.0011456715428863464,-0.0021336569485786113,-0.004348813094413797,-0.005708349300393529,-0.006736696173626729,Ridge_alpha_reescolhido,60
-0.0001055545665975285,-0.00045045555079303216,-0.001183984741941062,-0.0024861611866557913,-0.004162871844022529,-0.008986616705873678,Ridge_alpha_reescolhido,60
-4.0162212608380404e-05,-0.0002625347911145996,-0.0008056350375893491,-0.0024313778500519964,-0.004524498030188099,-0.015376656266265224,Ridge_alpha_reescolhido,60
-0.00011969540598034189,-0.00027338539839224466,8.764399872641349e-05,0.0005913695791825301,0.0007781563864426082,0.0016211104938236767,Ridge_alpha_reescolhido,60
-0.00024565025765409395,-0.0011462250321789627,-0.0014836160303421967,-0.00229758955880069,-0.003796025146714222,-0.010454097815726617,Ridge_alpha_reescolhido,60
-0.00019511367388199655,-0.0006682382085486103,-0.0011470905082352724,-0.0020517619330466504,-0.002559195663213685,-0.0072276561867122705,Ridge_alpha_reescolhido,60
-0.000234013467268168,-0.0008604609782631453,-0.001481635075997555,-0.0026073221955892545,-0.0028359369500021133,-0.004257508272055759,Ridge_alpha_reescolhido,60
-0.00012170505811347936,-0.0006710645503553468,-0.0009884108553690834,-0.0006580550581712236,0.00048503856792869526,-0.0042577566640077495,Ridge_alpha_reescolhido,60
-8.063197800721592e-05,-2.7763196422606734e-05,0.00020246825778803953,0.000442146747475434,0.0004613990959664028,-0.0005754166635152895,Ridge_alpha_reescolhido,60
-8.242659921254551e-05,-0.0003011741974946817,-0.00038776598403570653,-0.0010315742753868543,-0.0015342474431678061,-0.005733621661645129,Ridge_alpha_reescolhido,60
-0.00012593881645200228,-0.00023999261386637214,-6.736908114145099e-05,-0.0008289956790254082,-0.0011079784714603258,-0.004392158875958771,Ridge_alpha_reescolhido,60
-0.00018660507512133041,-0.0007804311803014635,-0.001320651697221949,-0.0025680432068803604,-0.003119809427402407,-0.010898194116579444,Ridge_alpha_reescolhido,60
-0.0002811538723655026,-0.0004906609788248887,0.00010579291790655078,-2.6597365460247327e-05,-0.0006617338134592814,-0.012965302047231918,Ridge_alpha_reescolhido,60
-0.00034932031958249054,-0.0010015169242943809,-0.001984792731332174,-0.002958672150258316,-0.0047661795890004315,-0.00908481836494085,Ridge_alpha_reescolhido,60
-4.423468668122016e-05,0.00013519542113332985,0.001171478913302412,0.003548504666091196,0.006332799881587256,0.008487266562937716,Ridge_alpha_reescolhido,60
-0.00012052028663524,-0.00016525649919770416,-0.0003426054736773467,-0.0017654189212780783,-0.0033355529333816453,-0.01047039400600863,Ridge_alpha_reescolhido,60
-0.00015989080717812912,-0.0006558844491489821,-0.0010688524363685493,-0.0004007145333380802,0.0004398040712722812,-0.0019659732486709876,Ridge_alpha_reescolhido,60
-0.00015552328387975845,-0.0009147435340260113,-0.0015586016169917946,-0.0022558288562712237,-0.0018316188803146195,0.0010356239649199864,Ridge_alpha_reescolhido,60
-0.0001291172151062522,-0.0003684888542898603,-0.00044358946508513976,-0.000670344600954548,-0.00030802212243169523,0.0017364786686203703,Ridge_alpha_reescolhido,60
-0.00019354890750523948,-0.0006321885070079892,-0.0004415684197837927,-0.0003285634075849379,0.0002496331259917802,-0.0007386049750720673,Ridge_alpha_reescolhido,60
-0.00012151703638047908,-0.0005140857650796717,-0.0010414511489892945,-0.0021547741385135473,-0.0027256240405176186,-0.003715707555772018,Ridge_alpha_reescolhido,60
-0.00012660684728270821,-0.0005937767802416657,-0.0010643075600011776,-0.0018849153651595142,-0.003007584481271356,-0.012422221284807808,Ridge_alpha_reescolhido,60
-0.0002574852601710475,-0.0012284638801188274,-0.0024368406931357233,-0.005300069383706582,-0.008051946184775546,-0.01759421412785557,Ridge_alpha_reescolhido,60
-0.00012372995851927943,-0.0004536760718245682,-0.0007649959978594035,-0.0007542957110369873,-0.00019604047680102892,0.0034122960015803595,Ridge_alpha_reescolhido,60
-0.00026849704408702605,-0.0011063392918381249,-0.0019558096505982478,-0.004491801204886395,-0.007290948655896719,-0.012980864135629388,Ridge_alpha_reescolhido,60
-0.00011930877549713259,-0.00042334338360579406,-0.0010086984408347048,-0.0024131375124491795,-0.0039417390028603505,-0.014911734484687172,Ridge_alpha_reescolhido,60
-0.00026498510944288913,-0.0007992300208666695,-0.000655141908346446,-0.0003268714667010567,0.0014015784439211196,-0.003807018727865527,Ridge_alpha_reescolhido,60
-0.00014764463280267896,-0.0005557301359497358,-0.0011129360363544155,-0.0028579943722058707,-0.00485443947920857,-0.01012930728736588,Ridge_alpha_reescolhido,60
-2.4565112935674182e-05,-0.0002640769000257125,-0.00021017205137173773,0.001556914478795779,0.0034783768170946155,0.0015667466280542782,Ridge_alpha_reescolhido,60
-0.00014395346868699765,-0.00032982219298561774,-0.0005444316076787785,-0.0009725605948778076,-0.0018830698021030678,-0.00551831639150979,Ridge_alpha_reescolhido,60
-0.00020707811986001156,-0.00048102160598902907,-0.000626273229930657,-0.0014349920125378308,-0.0016716893874744187,-0.0058612672377089175,Ridge_alpha_reescolhido,60
-0.0002497479842550315,-0.001044095967170382,-0.001512325649444216,-0.002223803178315075,-0.0027450187708580615,-0.003564958277243735,Ridge_alpha_reescolhido,60
-7.143347768399839e-05,-0.00038902882211776983,-0.0008751210318059979,-0.0018321146437066328,-0.0024735698429858323,-0.0029804591245863226,Ridge_alpha_reescolhido,60
-0.00019355184811732588,-0.0003357077695833707,-0.00032552422976281554,-0.0003839475383557391,-0.0005239695929124354,-0.004290675127020213,Ridge_alpha_reescolhido,60
-0.0003262800518723668,-0.001292424990022289,-0.0019388971202584638,-0.002178609791711704,-0.0026365667045482447,-0.005254783222019727,Ridge_alpha_reescolhido,60
-0.00010150636180975342,-0.00045494460674932194,-0.0010944616275402829,-0.0018309484527357048,-0.0025889187691619884,-0.0011093659876304906,Ridge_alpha_reescolhido,60
-0.00021330389702490238,-0.0006433333045684834,-0.0012801903439821677,-0.002770548410732674,-0.004165100242087582,-0.007837732269639647,Ridge_alpha_reescolhido,60
-0.0003758129540035725,-0.0014404824433136446,-0.0022458352585573702,-0.004537412699824827,-0.00779148016172618,-0.01504229586558561,Ridge_alpha_reescolhido,60
-0.00011280901764346142,-0.0006919862032474653,-0.0015302902613440203,-0.0028306974659455396,-0.003489750198641963,-0.00637033357893263,Ridge_alpha_reescolhido,60
-0.00016609873218014854,-0.0007743797710188385,-0.0009570439046701702,-0.0013239441170849072,-0.0019288263217083906,-0.006447020624491258,Ridge_alpha_reescolhido,60
-0.00011036007638293135,-0.0004094998120549222,-0.0009071821213736345,-0.0014415983015469667,-0.0017300430332884763,-0.0015253817047316807,Ridge_alpha_reescolhido,60
-6.631329208372789e-05,-0.00015955598502295638,-0.00021113453715200278,-0.0004232936858094804,-0.0007706708339209366,-0.004353205242320328,Ridge_alpha_reescolhido,60
-8.538422869156426e-05,-0.000256206261839608,-0.00043142181355507,-0.0007101922640877594,-0.000876502657188384,-0.0016493321182214432,Ridge_alpha_reescolhido,60
-0.0002966340966700351,-0.0013668672942978698,-0.0024664884042782365,-0.0033414888289766,-0.0035685422700385224,-0.003957731506679092,Ridge_alpha_reescolhido,60
-0.00017875953564730384,-0.00031845723881338033,2.2563034576408625e-05,0.0004470863435419181,0.00033085753944724994,-0.007454647091579938,Ridge_alpha_reescolhido,60
-0.00023942258287345378,-0.0008605048259102343,-0.0012444999293068566,-0.0007758449462111827,0.0002514063190702423,0.0004121626979913394,Ridge_alpha_reescolhido,60
-0.0004347805475180156,-0.0018005500506708008,-0.0024765476529490385,-0.004157526583942511,-0.0040542157667890506,-0.004684443944274327,Ridge_alpha_reescolhido,60
-0.0001655449216392545,-0.0007007945920129193,-0.000802036433517262,-6.091958462181766e-05,0.0008889971132157009,1.2137309987025453e-06,Ridge_alpha_reescolhido,60
-0.00012831709741359566,-0.0007767804616695792,-0.002047997037339827,-0.0038851565862526804,-0.0066681955647003395,-0.009142576600715279,Ridge_alpha_reescolhido,60
-4.746861378055081e-05,-3.920956718336642e-05,0.00011455774844275159,0.00020283195761109166,0.0005174861602581118,-0.001409619348059159,Ridge_alpha_reescolhido,60
-8.773663679941462e-05,-0.0003129020045914269,-0.00022045977267520726,-0.0004332207433944902,0.00046702916589526637,0.003299499490439856,Ridge_alpha_reescolhido,60
-0.0001831031253444423,-0.0010010209702976003,-0.0016717445538061873,-0.003227905354832156,-0.003942561035526354,-0.006740507443837726,Ridge_alpha_reescolhido,60
-0.0001424453357978819,-0.0008007970779384733,-0.0015204108378446936,-0.002373951771345613,-0.0021951307804512266,-0.003983976848699979,Ridge_alpha_reescolhido,60
-0.00024957055577416655,-0.0007285868224177031,-0.0015808006242795476,-0.0024768514604874147,-0.0027741997176815875,-0.007880290157317414,Ridge_alpha_reescolhido,60
-0.0001930237597468715,-0.0011658184217553998,-0.0018879676966794725,-0.002920372269377824,-0.0038635098455460527,-0.006338425950282681,Ridge_alpha_reescolhido,60
-0.00018928449258644363,-0.000449257334253519,-0.00026406640427709957,-0.0004265148977123499,0.0001929297962073624,0.0018144787959909294,Ridge_alpha_reescolhido,60
-0.0001591795927726878,-0.0006492506739365721,-0.0011701626377418272,-0.0022796591400161396,-0.003370456504708892,-0.00549551212816564,Ridge_alpha_reescolhido,60
-0.00015295877684916371,-0.0006297871160875887,-0.0007406413195116046,-0.0006808673616087387,-0.0009682044568525646,-0.0029889779805179423,Ridge_alpha_reescolhido,60
1.913572575530281e-05,-0.0001567450765484566,-0.0004305959990919107,-0.001605235565563007,-0.0017680198103209852,-0.00611988760428808,Ridge_alpha_reescolhido,60
-0.00020534469183738764,-0.0011394399318091577,-0.00191719372595457,-0.0033751290047071645,-0.00470908354336255,-0.007114939342153543,Ridge_alpha_reescolhido,60
-6.948306134245878e-05,-0.0002511558153281225,-0.0004249423176348255,-0.0008098779469489576,-0.0007953222687731674,-0.001129566551539787,Ridge_alpha_reescolhido,60
-0.0002725861730174544,-0.000966081127490737,-0.0014549881596002965,-0.002586933128697998,-0.003298057148203483,-0.006902088700537432,Ridge_alpha_reescolhido,60
-0.00018008445581734676,-0.0007001453165809087,-0.0007300960455083428,-0.001034548036599115,8.28258527970257e-05,0.0009969456611747685,Ridge_alpha_reescolhido,60
-0.0001788975934593074,-0.0005022731987220941,-0.0006347322278770788,-0.0007944905203076932,-0.0003780784188806568,-0.0010476270596083005,Ridge_alpha_reescolhido,60
-0.00021878357492532456,-0.0010033206746873683,-0.0026817305313565367,-0.004737701094147458,-0.004998554937518473,-0.004283582494692361,Ridge_alpha_reescolhido,60
-0.0003425533318114163,-0.001183695676489884,-0.0023584593515617257,-0.004546299598238791,-0.00641647499244867,-0.009805467384860477,Ridge_alpha_reescolhido,60
-0.0002760124292946569,-0.0006993858306313897,-0.001565907145301839,-0.003586007558861726,-0.005361886911242653,-0.008973340085724701,Ridge_alpha_reescolhido,60
-0.00031410643507179183,-0.0008657513737036729,-0.001008952117239356,-0.0019124154888928754,-0.0014951516462608093,-0.00307582417220991,Ridge_alpha_reescolhido,60
-0.0001973577603182772,-0.00038032323275572004,-0.00032849090134173407,-0.0008771021457561115,-0.0012198424035168144,-0.00022335510683843624,Ridge_alpha_reescolhido,60
-0.0002798210889455943,-0.0010318368185078918,-0.0020727595488106132,-0.0023817102828666884,-0.002091864043510234,-0.0030449614230429146,Ridge_alpha_reescolhido,60
-0.0002082235730820975,-0.0007163271995058871,-0.0007077779033252585,-0.00014657482619583973,0.0006015700958352819,0.00372293005917111,Ridge_alpha_reescolhido,60
-0.00023865136934993303,-0.0005967812468918726,-0.0008171285713556116,-0.0009320580309019556,-0.00048281023106662717,-0.0003301322807157527,Ridge_alpha_reescolhido,60
-4.030327922116338e-07,8.88455548347906e-05,0.0002669668090183875,0.0003707103210394682,0.00046248925321985113,-0.003213122704922721,Ridge_alpha_reescolhido,60
-0.00014811211946733725,-0.0007699296300752962,-0.0014143390957053097,-0.0014289552605611234,-0.0007094836923169446,-0.0008903925444711551,Ridge_alpha_reescolhido,60
-0.00019566649560912432,-0.0007617701593063174,-0.001020907443785047,-0.0012099327095581203,-0.0011462112502440625,-0.003280637071767918,Ridge_alpha_reescolhido,60
-0.00018213948571491263,-0.0010040124763819218,-0.002110640377743906,-0.003324553908367201,-0.003939086572795775,-0.008939310389920836,Ridge_alpha_reescolhido,60
-0.0001391146628869451,-0.000577370112792052,-0.001379436990955988,-0.0026927259483672337,-0.0008714019729980245,0.005681401860961516,Ridge_alpha_reescolhido,60
-0.0002176543131811362,-0.0007659426648820354,-0.0006610239141729844,0.0002729134976573008,-0.0006690822063054666,-0.005721765472255655,Ridge_alpha_reescolhido,60
-0.000306231345901823,-0.0011199038038891029,-0.002123586241926653,-0.004823341325903677,-0.006773979820982062,-0.011772938671469816,Ridge_alpha_reescolhido,60
-0.0003056299122970187,-0.0010824631079753388,-0.0019819197205068946,-0.0033645877330549133,-0.004108488341579836,-0.0026973330675451254,Ridge_alpha_reescolhido,60
-8.387858167166443e-05,-0.00010491375601652848,0.00024686640666491424,0.0011964588925597558,0.0018442480351162692,-0.0025651682050140457,Ridge_alpha_reescolhido,60
-0.0002738309953474919,-0.00045187611205886835,-0.00036048734620981764,0.0007661556983133476,0.0015046981629110118,0.006268927544639864,Ridge_alpha_reescolhido,60
-0.0001496722319715407,-0.00043815355089182954,-0.001349975552260692,-0.003419549214873781,-0.0054348729547143,-0.011831669682877818,Ridge_alpha_reescolhido,60
-0.00021933505321814473,-0.0011862396090894128,-0.0025185176538387775,-0.004483499245658599,-0.0067377179374045965,-0.014492555558495374,Ridge_alpha_reescolhido,60
4.725233834103436e-05,0.00018650238783699777,0.0001588966663659812,-0.0008108249949869517,-0.0012674695793573592,-0.004087850101087802,Ridge_alpha_reescolhido,60
-0.0003092871243826796,-0.0006896123695452387,-0.0012426079131437977,-0.003015250175592808,-0.00335252467866576,-0.010674675077633044,Ridge_alpha_reescolhido,60
-0.00017578721810660217,-0.00043569883376920666,-0.00034446929033553786,-0.0003955854110599656,-0.000624954254999594,-0.0024739112562249415,Ridge_alpha_reescolhido,60
1.161099504477386e-05,-0.0005057889024861361,-0.001442095345173303,-0.0032686872806503256,-0.005775362317255065,-0.00964259941064006,Ridge_alpha_reescolhido,60
-0.00033470523626464774,-0.001462545470788755,-0.0024357634792414305,-0.004529500143598119,-0.0059831527668376145,-0.008848935802141878,Ridge_alpha_reescolhido,60
-0.00029868631884126214,-0.0006858395322365417,-0.001045504568003426,-0.00244786086839403,-0.003216720491072972,-0.008300724863550464,Ridge_alpha_reescolhido,60
-0.00018047385197697774,-0.000725366731341136,-0.000977681640437557,-0.0011342078606335067,-0.001101303461158494,-0.0020152761925909387,Ridge_alpha_reescolhido,60
-5.234955221751916e-05,-0.0001980855424843866,-0.00043435853262095405,-0.0004629315722730605,-0.001228705664481522,-0.003522554851811565,Ridge_alpha_reescolhido,60
-0.00032117850984958235,-0.0009542924984812579,-0.0022128414427181413,-0.005187092301321075,-0.006667084072946952,-0.011939534424189288,Ridge_alpha_reescolhido,60
-6.780982050729096e-05,-0.00012089964040953764,-0.00021772415559936025,0.00030589579016010974,0.0013122624507945868,0.0025120283838831504,Ridge_alpha_reescolhido,60
-0.00021053931941883994,-0.0008222638130265873,-0.0010972364359294819,-0.0010195977394411553,-0.0012873223247628987,-0.013305567123404102,Ridge_alpha_reescolhido,60
-0.00015118566737079724,-0.00014690547100871003,0.0004725707336836939,0.0011703370236871983,0.002378360663600782,0.004234647879628372,Ridge_alpha_reescolhido,60
-0.0002232874351858562,-0.0009331723377367023,-0.0020549620325460817,-0.003799557418283141,-0.0053532194733495716,-0.006191984313330337,Ridge_alpha_reescolhido,60
-0.00010646298700910151,-0.00019981115509370314,0.00016973142182689484,0.00025000262371917525,0.0004941613393341382,-0.0022716880409952827,Ridge_alpha_reescolhido,60
-0.00029004857916902936,-0.0008978207823122386,-0.0016382492071247519,-0.0029148434865363666,-0.0036198053356836825,-0.007215373874211252,Ridge_alpha_reescolhido,60
-9.691978182319559e-05,-0.00010663985390348664,0.0006215051549539842,0.0021514866143714268,0.00330287217800572,0.0033106956591304015,Ridge_alpha_reescolhido,60
-0.0001607092925758603,-0.00011312966557539208,0.0013272185828892725,0.003481350311043577,0.005392513310500176,0.007499363063981915,Ridge_alpha_reescolhido,60
-0.00015186922444140416,-0.000349462739350599,-9.691579878555813e-05,0.00011406559676190073,0.0009725162318378883,0.002008134331831133,Ridge_alpha_reescolhido,60
-6.0047573531066846e-05,0.00023484259972455653,0.001197402610489027,0.0036002700789778824,0.006533653798842808,0.009849342638125215,Ridge_alpha_reescolhido,60
-0.00011941428183864278,-0.0002491742160568738,-0.000250310737953979,-4.592635521980897e-05,3.162256609709813e-05,-0.004085087166015649,Ridge_alpha_reescolhido,60
-0.00026380650017548724,-0.0008129723961591882,-0.0015968798677715747,-0.00374966775984275,-0.0053556351370644874,-0.008537862338812268,Ridge_alpha_reescolhido,60
-0.00012139023685583616,-0.0004926884483282553,-0.0009624051961866868,-0.002251067012738609,-0.003477295717763823,-0.0056198061278806355,Ridge_alpha_reescolhido,60
-0.00014239400345845876,-0.0006473899886726732,-0.0010175702417843657,-0.0014227623313264536,-0.0017597370227949653,-0.005858585143368179,Ridge_alpha_reescolhido,60
-0.0001569049996105895,-0.0006515008047460892,-0.0009595812049290549,-0.001760726081698196,-0.0018341140050458621,-0.006312236583049314,Ridge_alpha_reescolhido,60
-0.00016524471581500205,-0.0003782008340896328,-0.0005375967712917088,-0.00046686820691367527,5.212326264569173e-06,0.003930524491533314,Ridge_alpha_reescolhido,60
-0.000255582638965559,-0.0009018052185305468,-0.00148831697104505,-0.0028390235757816736,-0.003686666661407018,-0.007834698232183891,Ridge_alpha_reescolhido,60
-0.0001631680132933756,-0.0006656020250012037,-0.0007906764568564701,-0.0014157267407431604,-0.002080029918940178,-0.0007213893515601783,Ridge_alpha_reescolhido,60
-0.0002546215754569914,-0.0005059958218333842,-0.0011825083568781775,-0.00173108127671314,-0.0015617943334134507,-0.007884458539902302,Ridge_alpha_reescolhido,60
-0.00010204444937561976,-0.00015515554143367497,-0.00020167579582950018,-0.0008903388788095147,-0.0021216093179788624,-0.007517737777466591,Ridge_alpha_reescolhido,60
3.622953317788171e-05,0.0004103165920805251,0.0011398394610619372,0.002588885658482496,0.0034497350421150083,0.0016552807370504134,Ridge_alpha_reescolhido,60
-0.00017790240907881373,-0.0006959297696618398,-0.00029573324992041315,0.0003460599450537334,0.0009475454508725333,-0.00160884711932662,Ridge_alpha_reescolhido,60
-0.0004021958464378187,-0.0009087417866479148,-0.0017913260084785863,-0.004354512480921678,-0.005268473600369225,-0.0034604408975190673,Ridge_alpha_reescolhido,60
-6.736635414922125e-05,0.00028173494714282783,0.0015611971984983018,0.00422708433514265,0.007463263817622774,0.013656473159938563,Ridge_alpha_reescolhido,60
-2.42040135573771e-05,-9.16644874341409e-05,-2.4257634843255925e-05,-0.00014305702731260797,-0.0005278784915923354,-0.00017113939864917736,Ridge_alpha_reescolhido,60
-0.00016738408635529574,-0.0008226643747902011,-0.0016210844886121467,-0.0027257357730158887,-0.0035759491664361107,-0.00906781843452133,Ridge_alpha_reescolhido,60
-0.00017286098145750836,-0.00044062032506808103,-0.0002528908650425346,-0.0004550515983993751,-0.00025981674597135853,-9.255072694847254e-05,Ridge_alpha_reescolhido,60
-0.00019310094777342547,-0.0005533460118882532,-0.0005251773372786734,-0.0005054856222100322,0.0002622751012282081,-0.004674399377533089,Ridge_alpha_reescolhido,60
-0.00016185193767404805,-0.0008511518060895272,-0.001226234150268483,-0.001286114508862853,-0.0007155527608348035,0.0010480844043727804,Ridge_alpha_reescolhido,60
-0.0001075089958704326,-0.0006362130854688237,-0.0012486907613162494,-0.002530042467282137,-0.004552334070463878,-0.007246597777087203,Ridge_alpha_reescolhido,60
-0.00015864069899505206,-0.0005334835413326999,-0.0005300398083034476,-0.00033305814729444683,-0.0004830678670917179,-0.0003997040781795332,Ridge_alpha_reescolhido,60
-0.000155942464115961,-0.00027916513111040194,-0.0006302091164237528,-0.0010284735319996575,-0.0011637004566579009,-0.002922669923785575,Ridge_alpha_reescolhido,60
-8.524695322246536e-05,-0.00032088392586164,-0.0004965172821045907,-0.0006095069035966011,-0.0009534583422146132,-0.004663906152247331,Ridge_alpha_reescolhido,60
-0.00014797289436835996,-0.00032826501062958765,-0.00038253233374567686,-9.400260310064147e-05,0.0003857147075201851,-0.003502124421875922,Ridge_alpha_reescolhido,60
-0.00022887197261288567,-0.000774981606401275,-0.0010852615266010888,-0.0013388910359538398,-0.0011012463813766537,-0.003819149808975025,Ridge_alpha_reescolhido,60
-0.0002253493067566333,-0.0011453374322627525,-0.0019061959533742115,-0.003457650204469023,-0.0044722838137780455,-0.00618710781133891,Ridge_alpha_reescolhido,60
-0.0001669041039507908,-0.00044152822178182305,-0.0009512808510705631,-0.0029580439803807727,-0.004288943540296028,-0.011532192842720498,Ridge_alpha_reescolhido,60
-0.00018267378429646832,-0.0006981110546111218,-0.0013317649401402936,-0.0025983260066230873,-0.0033466315759598133,-0.006492470434314313,Ridge_alpha_reescolhido,60
-0.00022207654808725403,-0.0011976677394217646,-0.001721838716856475,-0.002985463986261633,-0.0029691934692341634,-0.0041987510674711724,Ridge_alpha_reescolhido,60
-0.0002446662190647396,-0.0008596052222753388,-0.0005171967434053361,0.00044472396998899814,6.161785671177799e-05,-0.0033507718562081484,Ridge_alpha_reescolhido,60
-0.00011756722384917115,-0.00046794261576768174,-0.0005593308843853157,-0.0006136239059469084,-0.0007370675082010952,-0.0056821584164285285,Ridge_alpha_reescolhido,60
-0.0003059561164367906,-0.0013293803171293135,-0.002378141668308052,-0.005486783137772391,-0.007948426363147064,-0.0156849374633754,Ridge_alpha_reescolhido,60
-0.00016047372649819627,-0.0004540063187302438,-0.0001407204713071043,0.00016628229558441102,-0.00036128580875033827,-0.005170661446426412,Ridge_alpha_reescolhido,60
-0.00018620019250653092,-0.0005183851138128266,-0.0005381758858923462,-0.00019267275643174056,0.0002525198510967995,0.0022811266123627873,Ridge_alpha_reescolhido,60
-0.000249444672507868,-0.0008981029693361384,-0.0016631224907990906,-0.003499254299208422,-0.003816801457384803,-0.007490613024946365,Ridge_alpha_reescolhido,60
-0.00013356375507903617,-0.0005079514644278931,-0.0005540638897014498,-0.000320281709650354,0.000479111410979774,-0.000783312508839922,Ridge_alpha_reescolhido,60
-0.00016176450331687717,-0.00024207574391395208,-0.0001263548278174293,0.0001134057097428205,-0.00017986598288861436,-0.006850344593104583,Ridge_alpha_reescolhido,60
-0.00022297074381463265,-0.0006406875698331176,-0.0004573034663855756,-0.0004817915461388346,0.0011171068903926842,0.003366723943805872,Ridge_alpha_reescolhido,60
-0.0003040277269961498,-0.0014388266458216234,-0.0019499727293162458,-0.0022330123549922903,-0.0019829940803929775,-0.0008666064217202318,Ridge_alpha_reescolhido,60
-0.00044889417217876834,-0.0016287900415625377,-0.0016502218623712314,-0.0011593503494610887,-0.001947819579651164,-0.010673132899231344,Ridge_alpha_reescolhido,60
-0.0001815648964003055,-0.0004565841190073962,-0.0009609782042730566,-0.0017122266560383069,-0.0017489472872964063,-0.0027437904397775146,Ridge_alpha_reescolhido,60
-0.00013632026247098562,-0.00056631394771585,-0.0011137234493081986,-0.0014444796736094402,-0.0017415214110599335,-0.004470990089905774,Ridge_alpha_reescolhido,60
-1.6058384775492204e-05,0.00012582626335662977,0.0009585880686785892,0.0025181461344371396,0.004054474315851029,0.004918654155741917,Ridge_alpha_reescolhido,60
-0.0002590765665622388,-0.0010711903690345413,-0.0013880957042433065,-0.0021187026991073927,-0.0020435289208553357,-0.0026259615946108766,Ridge_alpha_reescolhido,60
-0.00010741400137413725,-0.00020877039824026734,-0.0002639048486074837,-0.00015325893919127385,-7.344133973803263e-05,-0.00181379118110233,Ridge_alpha_reescolhido,60
-0.00025692162227975573,-0.0009240529824800373,-0.0016173157492858114,-0.0019445313282110222,-0.002109260069797846,-0.007146322805115107,Ridge_alpha_reescolhido,60
-0.0003423571473476273,-0.001227098257307403,-0.001889879150708165,-0.0031596648190666083,-0.004154513191762596,-0.010010364358849704,Ridge_alpha_reescolhido,60
-3.127161825188815e-05,-0.00013462422274006767,-0.0006491851355696161,-0.0006786802817083302,8.386985850711688e-05,0.0011735159877033496,Ridge_alpha_reescolhido,60
-0.0001552162942387452,-0.0008121922848013918,-0.001657359275189338,-0.0029817851381674604,-0.0036788351431654848,-0.00625918780627167,Ridge_alpha_reescolhido,60
-0.00010488778587483115,-0.00014324209482574702,-0.0003341787312819389,-0.0012218188842415313,-0.0024912296292372653,-0.0032920570181809473,Ridge_alpha_reescolhido,60
-0.0003888273608597449,-0.0015414841053654881,-0.002729055336376119,-0.0035484027877577618,-0.004001554545984805,-0.013537471684228973,Ridge_alpha_reescolhido,60
-6.318345839540614e-05,2.258559863557701e-05,1.329953915408395e-05,-0.0006058719687978115,-0.0008414027040849751,-0.007549822432885775,Ridge_alpha_reescolhido,60
-0.00012244634917840018,-0.0005156748614316811,-0.0007032032609037435,0.0004942679670913345,0.0022122127908596706,0.004933180517716933,Ridge_alpha_reescolhido,60
-0.00013997295172975353,-0.0004002068690335223,-0.0002970337578470893,0.00025821284245193624,-0.0003323854509968101,-0.003860868052077205,Ridge_alpha_reescolhido,60
-0.0002473996701338467,-0.000986455511801178,-0.0021642395057195215,-0.004181906362614852,-0.006510011387453772,-0.017240262561026603,Ridge_alpha_reescolhido,60
-0.00024193178586428025,-0.0008446936599800144,-0.001579506935034936,-0.0032294621111387967,-0.004994697798616887,-0.007656596113899904,Ridge_alpha_reescolhido,60
-7.751712150754755e-05,-0.00042770785268208335,-0.0010015289369934915,-0.002397844434589122,-0.0036358659591531643,-0.006410097799550801,Ridge_alpha_reescolhido,60
-8.189096386945652e-05,-0.0001600076331322517,-0.000433276023975797,-0.0023915983424480087,-0.003669729534775436,-0.013809044706429,Ridge_alpha_reescolhido,60
-0.0002818817839713057,-0.0010461565080336103,-0.0012797835654477364,-0.00234037217470807,-0.0033411689114995926,-0.006823100146650824,Ridge_alpha_reescolhido,60
-0.0003149916973283367,-0.0012993655593195796,-0.002432891345231175,-0.004826678181944244,-0.006974518796157444,-0.007148420588562499,Ridge_alpha_reescolhido,60
-0.00015004991421700117,-0.0008590551189066723,-0.0013156725541936343,-0.0008227581107627923,-0.0008790652670569011,-0.004746606231698071,Ridge_alpha_reescolhido,60
-0.00013152701444817038,-0.0005265985393577058,-0.0008563640160604629,-0.0009142241067348072,-0.001706504377537624,-0.002705148777052243,Ridge_alpha_reescolhido,60
-0.0003060985548651472,-0.0017609604589875704,-0.002912669211848153,-0.004021753122160113,-0.0036041606689294287,-0.013629357685010326,Ridge_alpha_reescolhido,60
-0.00021908620039676977,-0.0008492206977121927,-0.001377838700468412,-0.0017900541073395918,-0.001957831641139152,-0.0004310474290566511,Ridge_alpha_reescolhido,60
-0.0002481911669369918,-0.0008355001670134912,-0.0015140893764738574,-0.0026456513337717305,-0.0027065202229865117,0.0006162904212745839,Ridge_alpha_reescolhido,60
-0.00027872188772528413,-0.0009316890332886576,-0.0017097481598952462,-0.0031263198703906786,-0.003230777338045493,-0.004662455641394654,Ridge_alpha_reescolhido,60
-7.11989130703785e-05,1.729953136114033e-05,0.0008648543680127511,0.002436457289586592,0.0034176414758177657,0.006269539409959608,Ridge_alpha_reescolhido,60
-0.0001452779844350376,-0.0006459549781225631,-0.0009156030125501757,-0.001013540954383052,-0.0011055309152617871,-0.00319574488251139,Ridge_alpha_reescolhido,60
-0.00020126679547725218,-0.0002869250044436819,-0.0006065697025378988,-0.001578284186316017,-0.002087074777347571,-0.003672683052575893,Ridge_alpha_reescolhido,60
-0.00011944155207044025,-0.00019935456597515365,0.0005765767406027516,0.00151244396285316,0.0025187257917526546,0.001919216270542161,Ridge_alpha_reescolhido,60
-0.0002781056278637362,-0.00135014973680041,-0.0023828577346138168,-0.004031563356950384,-0.0049635888507739,-0.0076603722584661325,Ridge_alpha_reescolhido,60
-0.00023294409516270187,-0.0008690828091237209,-0.001217602264418138,-0.0014100735098082882,-0.0008513776324050673,0.0006081701331797513,Ridge_alpha_reescolhido,60
-6.425255480921186e-05,-0.00020949253707966138,-0.0004426857451124741,-0.0004882265915578555,-2.745414361685229e-05,-0.0019574246019665254,Ridge_alpha_reescolhido,60
-7.274121850321849e-05,-0.0002067747390113054,-0.0001509027137558585,0.0004363085132533569,0.0010144281845779906,-8.621355456037943e-05,Ridge_alpha_reescolhido,60
-0.0001524011320087971,-0.000602979184811255,-0.0006749484553997683,-0.00044206764143680513,-0.0001961718634333219,-0.004857149768363461,Ridge_alpha_reescolhido,60
-0.0004328630159224524,-0.0018906191202204183,-0.0028770294329493445,-0.0038772201301414118,-0.00409548087289615,-0.005099300445852231,Ridge_alpha_reescolhido,60
-0.0001733199436151798,-0.0005786087285182157,-0.0003344505509973067,0.0006160651881078629,0.00203663168172198,0.001896217547168161,Ridge_alpha_reescolhido,60
-8.828370886311757e-05,-0.0002583192319180812,-0.0006395749876249755,0.0006754150168888948,0.002383213237554572,-0.0029093330535006163,Ridge_alpha_reescolhido,60
-0.00010269066632353925,-0.00036498680522995013,-0.0004600040147332763,-0.0011178781107929632,-0.002442943610241094,-0.003976283378434481,Ridge_alpha_reescolhido,60
-4.983353389587194e-05,-1.1980047183809937e-05,0.00034356208584192596,0.0010421625838896525,0.0012201001051365564,-0.004140384224335178,Ridge_alpha_reescolhido,60
-0.00031619209621586196,-0.001228607964818073,-0.003208039362605395,-0.007708836787933605,-0.01069832581183938,-0.015008022498622398,Ridge_alpha_reescolhido,60
-0.0001741975644299713,-0.0009003457933347839,-0.001134592477987322,-0.0005867893662453088,0.00018425728120928457,-0.002763813862427244,Ridge_alpha_reescolhido,60
-3.988895946890333e-06,0.0004174822655255962,0.0016871813697862633,0.004299778097765681,0.008213690051951442,0.011626352987261253,Ridge_alpha_reescolhido,60
-2.2376693668354545e-05,0.00013837798664822354,0.00037362828752912733,0.0006994066488062282,0.0015095440265652253,0.0009793806209044186,Ridge_alpha_reescolhido,60
-0.00010076766033308952,-0.00043921954556901767,-0.000673814802557205,-0.0008197440609774102,-0.001139407800685172,-0.002948737397584587,Ridge_alpha_reescolhido,60
-0.00028828754780726914,-0.0008791500484779356,-0.0005480796964131859,-0.000411713639301478,-0.0031165575186626686,-0.00904387535833217,Ridge_alpha_reescolhido,60
-0.00033859616923943175,-0.0010541092933983437,-0.0015523132726358857,-0.0025299128034543266,-0.0036813459686495555,-0.01021723251959573,Ridge_alpha_reescolhido,60
-0.00013677422857074622,-0.0007139203838887781,-0.001312798084957674,-0.001392507787575093,-0.0016587039145291027,-0.00048036565150108123,Ridge_alpha_reescolhido,60
-0.0003223471701876166,-0.0012848998219069623,-0.001859617329835439,-0.0022554780414808357,-0.0036051549282532934,-0.002607127510578828,Ridge_alpha_reescolhido,60
-0.0002588123835658322,-0.0008271763749087069,-0.001032333626062625,-0.0009465025941977265,0.0013347310182966205,0.005215934716730665,Ridge_alpha_reescolhido,60
-0.00023355511517793743,-0.0007477089745057297,-0.0018466349154233883,-0.0037364682197960526,-0.0047993704371454985,-0.007141777075350207,Ridge_alpha_reescolhido,60
-0.0001027679805392343,-9.066502357039348e-06,0.0005004943190729307,0.0010477998689305214,0.0017207946260236766,0.0005972522157981123,Ridge_alpha_reescolhido,60
-0.00017245265139507974,-0.00045680343918302457,-0.00042962980361546264,-0.0003145163128509595,0.00022615773771801176,-0.0015366240925796901,Ridge_alpha_reescolhido,60
-0.00016561617728111112,-0.0001565340999998943,-0.0005271807986388431,-0.0010983463542155333,-0.002058330148652093,-0.008834121954840096,Ridge_alpha_reescolhido,60
-0.00015527389938288462,-0.0005810458323044333,-0.00040023595422847535,0.0003073501647536965,0.001226000923481073,0.0006988258640291554,Ridge_alpha_reescolhido,60
-0.00018955606153737213,-0.0007885197046710127,-0.0011686364862158536,-0.00033412294121439864,0.0017547928099124527,0.005650533937887479,Ridge_alpha_reescolhido,60
-0.00013914578509175015,-0.0006125436343073817,-0.000614109089864774,-0.00019615212635845438,0.0011698262372026248,0.003122107618115235,Ridge_alpha_reescolhido,60
-0.0001995718260596958,-0.0008358610846163135,-0.0017946966423497655,-0.003186904851751567,-0.0041739049103401375,-0.009112762003901218,Ridge_alpha_reescolhido,60
-0.00019036718504245246,-0.0009000518109161822,-0.0014524414838652572,-0.00157332466091871,-0.002530778878415075,-0.006578070310508902,Ridge_alpha_reescolhido,60
-0.00016941973010554034,-0.0005456414287959566,-0.0009695834562405323,-0.0020068736981509534,-0.002206652082787761,-0.00460331254917977,Ridge_alpha_reescolhido,60
-0.0003160751417583053,-0.0008586919399777883,-0.0005717995151989858,-0.0003000507862605509,-0.0005890677575407169,-0.0017884796757463204,Ridge_alpha_reescolhido,60
-0.0002460465430742171,-0.0016395478161757107,-0.002979352491298893,-0.0043624843146272815,-0.004465855024534856,-0.006407324212090366,Ridge_alpha_reescolhido,60
-0.0001598279018108953,-0.0005150835703105093,-0.0005747067863854459,-0.000982271003864816,-0.000547436716231984,0.0012179977591442398,Ridge_alpha_reescolhido,60
-0.000230813637199118,-0.0009772810769971619,-0.0013306399950971833,-0.0011411476314439539,-0.0014022982683851405,-0.0074457704280200656,Ridge_alpha_reescolhido,60
-5.523573002485446e-05,-0.00013998665378519862,-0.0006051001863482872,-0.0014537611690138223,-0.00157624815611465,-0.005092252378017574,Ridge_alpha_reescolhido,60
-8.620232278258073e-05,-0.00027169568110501914,-0.0003688913548790232,-0.0014562070068689641,-0.0025679448836780417,-0.007053355702635913,Ridge_alpha_reescolhido,60
-0.00015343338226574005,-0.00036602690673860736,-0.0003716458212339627,-0.0003308259625861553,-0.000227118325353535,-0.004152485534937559,Ridge_alpha_reescolhido,60
-0.0002531531745300264,-0.000894088117318218,-0.0012599121729537435,-0.0022182220969015716,-0.0021578131497961514,-0.004180599873903515,Ridge_alpha_reescolhido,60
-0.00034490583549697223,-0.001442575380950473,-0.0015510548131851313,-0.002574366586063114,-0.0036822438874092884,-0.009235747230280368,Ridge_alpha_reescolhido,60
-0.00026671967429301244,-0.0011125968583990927,-0.0018633040241894281,-0.0026807817593415134,-0.002627221613524687,-0.0062939100031013705,Ridge_alpha_reescolhido,60
-3.012539435008699e-05,-5.179913320340992e-05,-0.00016440667721709886,-0.00025224630200310804,-0.000589096980371679,-0.004502320880772959,Ridge_alpha_reescolhido,60
-9.964282895665727e-05,-2.618428662630562e-05,0.00011742474768599932,-0.0005004099241027152,-0.000817279905264576,-0.003549332816890746,Ridge_alpha_reescolhido,60
-9.728242560791972e-06,-0.00018913996282482522,-0.0003019366284707579,-0.000575072231274252,-0.00019975154548664784,-0.0002944852545764511,Ridge_alpha_reescolhido,60
-0.00011904304867761338,-0.0004912842373392895,-0.0007554690277620483,-0.0017784154138024727,-0.0035610592774888675,-0.00523066003878669,Ridge_alpha_reescolhido,60
-0.00027398292524448127,-0.0011567173043964798,-0.0019134914432960436,-0.0029126776669892414,-0.0031299557892995496,-0.0008527027077963266,Ridge_alpha_reescolhido,60
-0.0001805785642569793,-0.0007527560389869113,-0.0010161596882893162,-0.0011254008703863525,-0.00036188509695843536,0.00035932431969942416,Ridge_alpha_reescolhido,60
2.9771275464706187e-05,0.00028360020386000305,0.0010770902587976913,0.0023836301801911683,0.002745440630273647,-0.0009519066905762462,Ridge_alpha_reescolhido,60
-0.00012260154457960015,-0.0005302810326461818,-0.0006211855069847891,-0.0002613918926887902,-0.00010744360792085189,-0.004204148846665711,Ridge_alpha_reescolhido,60
-0.00023950251133414782,-0.0005885774405942359,-0.0006859008685985415,-0.0007075934947418272,-0.0005879349289260008,-0.006747727039768122,Ridge_alpha_reescolhido,60
-0.0002435463291136522,-0.0004660908721834225,-0.00025398301077312,0.00040817785910792035,0.0004650327411656265,-0.0035314679091840617,Ridge_alpha_reescolhido,60
-0.00013306400600356878,-0.0003319001240663129,-0.000803476493601634,-0.0010943982399857731,-0.0007972958510549141,-0.002261148442642989,Ridge_alpha_reescolhido,60
-0.00031712792890142285,-0.0012040840551203475,-0.0019638415410805697,-0.0021922920623379787,-0.0016621952858237262,0.0021548675572079803,Ridge_alpha_reescolhido,60
-0.0002617571420086452,-0.0007086089607858489,-0.0012015980179870274,-0.0026459336109699682,-0.003539976282214014,-0.008091681779580499,Ridge_alpha_reescolhido,60
-0.00012522754082851505,-0.0005623326789016719,-0.0012943586490982452,-0.002194818047406798,-0.00243079255815166,-0.006091924863805111,Ridge_alpha_reescolhido,60
-0.0004003326569566454,-0.00138093270334049,-0.0024811826324864935,-0.004774783614845788,-0.0066733448873217,-0.011857873493664794,Ridge_alpha_reescolhido,60
-0.00018616341901409486,-0.0009056851411187971,-0.0015559450181476075,-0.002636949943125075,-0.0032736245686782114,-0.005577983657822661,Ridge_alpha_reescolhido,60
-0.00020839894985052876,-0.0008052247182212438,-0.0013506186611948452,-0.002699039383879262,-0.0028594596681899708,-0.009499800353629424,Ridge_alpha_reescolhido,60
-4.725480572418946e-05,-0.0003657509229284316,-0.0008676299439852626,-0.0024189531794195597,-0.003960885241816771,-0.011274677615036772,Ridge_alpha_reescolhido,60
-0.0002457813854753931,-0.0004846961579328284,-0.001091163317885814,-0.002108152994978613,-0.003423247192219226,-0.006048705144420023,Ridge_alpha_reescolhido,60
-0.00016343025146218476,-0.0004871498075525146,-0.00011056754185568039,-0.0001700038917083485,-0.0001884992184081886,-0.003968207769214071,Ridge_alpha_reescolhido,60
-0.0001728474562119543,-0.0005808745182789124,-0.0004407900385000604,-0.0003052625260196256,0.0002435568486633581,-0.0024011181174565873,Ridge_alpha_reescolhido,60
-0.0001510419197830715,-0.0005895052386639229,-0.0008454977860620918,-0.0008313530796999419,3.2438429228292866e-05,-0.00019325155941238962,Ridge_alpha_reescolhido,60
-0.00012101114070885593,-4.3946999274686026e-07,-0.0005551722638287885,-0.0030423030958949535,-0.005601580224274384,-0.013482923302596773,Ridge_alpha_reescolhido,60
-0.0003123677903424635,-0.0012008047981473496,-0.001472655984931316,-0.002110046923201082,-0.002195618605087265,-0.003960714147922326,Ridge_alpha_reescolhido,60
-0.00014977640371890893,-0.000729552979443948,-0.0013600569549073128,-0.002753970509488916,-0.0036474235363493524,-0.004634339597027687,Ridge_alpha_reescolhido,60
-0.0002993752141058804,-0.0009417170589113841,-0.0012685471940999972,-0.0014691951305171222,-0.0012323145975270634,-0.0018573417140716766,Ridge_alpha_reescolhido,60
-0.00016043894899712995,-0.00037249647108956796,-0.0006565504902983532,-0.0017643812128429286,-0.002990619034539788,-0.0048327741564132155,Ridge_alpha_reescolhido,60
-5.456620805745148e-05,-0.0001678980029825225,-0.0007617438301440077,-0.0019565069167259822,-0.002008418417928501,-0.006248476765245729,Ridge_alpha_reescolhido,60
-0.00039537618684356717,-0.0014115444748157928,-0.002229015503405972,-0.003159715337501696,-0.005112868050239956,-0.016465798194269486,Ridge_alpha_reescolhido,60
-0.0003946659565286792,-0.0012556891009633717,-0.0012696747994097566,-0.0015607829442801974,-0.0006287656760430265,-0.004389695443581883,Ridge_alpha_reescolhido,60
-0.0001442153521365309,-0.0006677943564434676,-0.0011740798617266123,-0.0012490838180055181,-0.0011836375289494708,0.0009198536421448333,Ridge_alpha_reescolhido,60
-9.511018392818364e-05,-0.0003501846653063409,-0.0004808134098152501,-0.0001525017439608135,0.0012319655389058295,0.007457521365117828,Ridge_alpha_reescolhido,60
-0.0002084456229021415,-0.0005646411258209586,-0.0011411156883215296,-0.001283417212254497,-0.0012709761192418415,-0.004201315339543972,Ridge_alpha_reescolhido,60
-0.0001779265712925388,-0.0011488698860066067,-0.0020240405936416098,-0.0037110640607361228,-0.006001904143652279,-0.01519036173869629,Ridge_alpha_reescolhido,60
-0.00011793474634357144,-0.0004503664632096039,-9.701005598419332e-05,0.0006052211760774025,0.0008655530029226754,-0.0047243991235918015,Ridge_alpha_reescolhido,60
5.289123368047864e-05,0.0006642157999786493,0.0014958300952152522,0.0027371367181895923,0.0040325480369732365,-0.0025584650379438722,Ridge_alpha_reescolhido,60
-0.0002736893372819322,-0.00021782773638282394,-8.02572705069938e-05,0.00020426893080134926,0.001417557526934698,0.0013686252537253322,Ridge_alpha_reescolhido,60
-0.00019837697006529605,-0.0005551512494014973,-0.00065914367896532,-0.0010113090385147042,-0.001558911139728929,-0.003834933862894285,Ridge_alpha_reescolhido,60
-0.00020668952481818443,-0.0002846643368180344,-0.00024368615399968647,-0.0006537326835543738,0.00012689975545139608,-0.0019312804762892405,Ridge_alpha_reescolhido,60
-0.00015105952164889231,-0.0003778121723159847,-0.0005540393742695943,-0.0010609475905415107,-0.0008444860207625874,0.00029571771405580556,Ridge_alpha_reescolhido,60
-0.00016015942222730373,-0.0006980991186712264,-0.0013626476578871452,-0.002696485825540329,-0.0021775208774712593,-0.0063821961150060166,Ridge_alpha_reescolhido,60
-0.00011283535429671809,-0.00043081900539494625,-0.0006188108736962826,-0.0004526638558891357,0.00026147673464814203,-0.0008965793837272116,Ridge_alpha_reescolhido,60
-0.00031548744893093007,-0.0009397482287493354,-0.0013139696331295365,-0.0021047632038279133,-0.003075156780990416,-0.009739480776489862,Ridge_alpha_reescolhido,60
-1.1519495482083077e-06,-0.00035371037607642513,-0.0010251988713541275,-0.0014705800556408665,-0.001511965291979303,0.001270861668847939,Ridge_alpha_reescolhido,60
-6.265718236218114e-05,5.4326140048004655e-05,0.0005644309005725501,0.001449185863278308,0.002889485849175377,0.00036068521111470966,Ridge_alpha_reescolhido,60
-0.00020478115704044558,-0.0005125705939945222,-0.0010439467217451277,-0.002144735714046179,-0.0038163662281562485,-0.013008660343674303,Ridge_alpha_reescolhido,60
-0.00014541955566637393,-0.0008424191162208664,-0.0023555298824277163,-0.005819182583126851,-0.009628022039381703,-0.01716814331764476,Ridge_alpha_reescolhido,60
-0.00018537102241509686,-0.00044838745380548626,-0.0007791318771741678,-0.0017181606643713219,-0.0013264473366306016,-0.00713458383696115,Ridge_alpha_reescolhido,60
-7.378913276196098e-05,0.0002736249501389195,0.001244715265535498,0.002406695489581014,0.00416263610946231,0.007170423582178629,Ridge_alpha_reescolhido,60
-0.00018474290429082235,-0.0008413719735227272,-0.0017237211461430084,-0.0031911573330961457,-0.00380363537279526,-0.010572413670838405,Ridge_alpha_reescolhido,60
-0.0001747694831528468,-0.0005090436981180542,-0.00038760778656764266,0.0013593473295563274,0.002956034974667197,-0.00231713118173773,Ridge_alpha_reescolhido,60
-0.0002480686102932702,-0.0009108429104832473,-0.0018728856539170175,-0.004133223643487921,-0.0049627701768959805,-0.003781541472463329,Ridge_alpha_reescolhido,60
-0.00017423780692500635,-0.0006439078210050301,-0.0012059077845415235,-0.0021023433089474076,-0.002909273150165035,-0.004675704763860323,Ridge_alpha_reescolhido,60
-0.00015777701934644828,-0.0005263325354969071,-0.00048265929361975186,-0.00025849207406425384,0.0007173394659836422,0.0001994385167723094,Ridge_alpha_reescolhido,60
-0.0003646806235463548,-0.0018330357332947528,-0.0032585741804202965,-0.005501094015315836,-0.006473676950181106,-0.00703474264748575,Ridge_alpha_reescolhido,60
-8.391414882006934e-05,-0.0004983049659527059,-0.0006258053886163465,-0.0004441924378221777,-0.0005295689800808235,-0.00034000924792069884,Ridge_alpha_reescolhido,60
-0.00035541352366407034,-0.0012647379052487834,-0.0021285961199029356,-0.0033086819062158246,-0.004579173953933902,-0.00810158877723782,Ridge_alpha_reescolhido,60
-5.9728184067431356e-05,5.993128189670191e-07,0.000856259087535409,0.0016869774801339208,0.0027350565900754434,0.004734229795750973,Ridge_alpha_reescolhido,60
-0.00010951290235995467,-0.00032840371431020816,-0.0002860743163869895,-0.0007157967342225523,-0.0011866208576048005,-0.0018400224660730484,Ridge_alpha_reescolhido,60
-0.00017561353795981585,-0.0006618592695561801,-0.0011009301168782375,-0.002070999475248327,-0.0027910828193383535,-0.008192087855280063,Ridge_alpha_reescolhido,60
-0.0002385490157454396,-0.0008623691406909835,-0.0018318636159285724,-0.003429896433991035,-0.004582071819044917,-0.005412983638039181,Ridge_alpha_reescolhido,60
-0.0001327457030277711,-0.0003217400635947903,-0.0005890226264572323,-0.0004957755215670258,0.00010553404850390517,-0.0021278824377434216,Ridge_alpha_reescolhido,60
-0.00018742006843579733,-0.00022908118726004215,-0.0004379050562549419,-0.001596950593750021,-0.0018329122167786698,-0.0015896803712560834,Ridge_alpha_reescolhido,60
-0.0002919745574230067,-0.0012361343747230868,-0.0023332321858683773,-0.003969640287619487,-0.006780871749797129,-0.020427420545918673,Ridge_alpha_reescolhido,60
-9.700736973640566e-05,-0.00040590818127273637,-0.0006013639020701338,-0.00035062860409909385,0.0008044175368632057,0.0008340056285995596,Ridge_alpha_reescolhido,60
-0.0001452271002542279,-0.0005935794470100043,-0.000790823089326402,-0.000648981372256004,-0.00018885762240374943,-0.0010182844078314708,Ridge_alpha_reescolhido,60
-0.00034651693390392907,-0.001073507687518264,-0.001775837243440342,-0.0030036929459207255,-0.0032454510046483766,-0.011230020442024426,Ridge_alpha_reescolhido,60
-0.00032196917469503667,-0.001224362628435975,-0.001887224879362394,-0.0027390986515152603,-0.0025800019792621906,-0.007363644487260199,Ridge_alpha_reescolhido,60
-0.0003023638026668658,-0.0011897332091660693,-0.0009415573257376059,-0.0006087650995118614,-0.0005302968645427352,-0.00599606193746003,Ridge_alpha_reescolhido,60
-0.00018920921021687743,-0.000630431675894774,-0.001083722877833924,-0.0018587076691784375,-0.0017947014305335232,-0.0018749875640089943,Ridge_alpha_reescolhido,60
-0.00022933349180167813,-0.0008523376627204122,-0.0012780624209319576,-0.0015755309924383168,-0.0016745583507354704,-0.0023580923491114685,Ridge_alpha_reescolhido,60
-0.00024386240023153692,-0.0006466862982412828,-0.001076432537655998,-0.0008202458152160055,-4.699034256880978e-06,-0.0019832525486999644,Ridge_alpha_reescolhido,60
-0.00013499554017542612,-0.0006019919137527432,-0.0009059194179239949,-0.0013170543633206921,-0.001797005971937607,0.00048790069436461506,Ridge_alpha_reescolhido,60
-0.00015779424458046946,-0.0005994743847374433,-0.0008972393695827708,-0.0018803200473044282,-0.002670059294444653,-0.004445218000320896,Ridge_alpha_reescolhido,60
-0.00011252703297052876,-0.0004584927591844585,-0.0007453899597300131,-0.0011821885978449537,-0.0014605760495774154,0.00023890770068646104,Ridge_alpha_reescolhido,60
-0.00016735622708061198,-0.0003512064502936515,-0.0002237004467026745,-0.0008899522991620654,-0.001109673616059894,-0.005542758357812746,Ridge_alpha_reescolhido,60
-0.000185032783482267,-0.0007273374625790049,-0.0010135407730223773,-0.0019207116167513786,-0.002701597504960261,-0.004250824719907292,Ridge_alpha_reescolhido,60
-0.0001797804740962382,-0.0005877348012572277,-0.0006075714284959391,-0.0002783002351797844,0.000861950549821805,0.0013278517803756065,Ridge_alpha_reescolhido,60
-0.00021716178571822473,-0.000978880115407374,-0.0013619948003494536,-0.0009697937083067526,-0.000720478578794468,-0.008681005687722657,Ridge_alpha_reescolhido,60
-5.230637861369759e-05,-0.00016255694493787063,5.3953029996397933e-05,0.00046158313797271913,0.0009993836031848026,-0.0005645898644165119,Ridge_alpha_reescolhido,60
-0.00025552362333887933,-0.0009812992981853594,-0.000863834133022535,-0.0008959041063245662,-1.967380720188768e-05,0.0005227734429689468,Ridge_alpha_reescolhido,60
-0.00019913146719105683,-0.0006651951393373733,-0.0012623876614995845,-0.002339326755530978,-0.003307738819746694,-0.010627015101558971,Ridge_alpha_reescolhido,60
-0.0002002525427611115,-0.0010916137003310483,-0.0020777844925481408,-0.0034129045322563883,-0.004859555639121707,-0.008040768471735543,Ridge_alpha_reescolhido,60
-0.0001343435471830194,-0.0002733207699801598,-0.0006828867362815123,-0.0017342588249941195,-0.003643738652031074,-0.015987937472590967,Ridge_alpha_reescolhido,60
-0.0002508842861215691,-0.0008870317035795894,-0.0013833243771767003,-0.002537346857129576,-0.0046120654688743025,-0.006425812520866419,Ridge_alpha_reescolhido,60
-0.00021032502133539976,-0.0003612024176995013,-0.00011759783359485033,4.7736776142464765e-06,-0.000630093309047102,-0.0065358653217855,Ridge_alpha_reescolhido,60
-5.7879086256533165e-05,-0.0002559037266617953,-0.0011191841531392325,-0.0015644692182013777,-0.0007013685364713108,-0.004426249526561304,Ridge_alpha_reescolhido,60
-0.0002113120734863919,-0.0006397375260255962,-0.0010556438845486281,-0.0015264553521192358,-0.0014242489040378248,-0.00043928327205131746,Ridge_alpha_reescolhido,60
-0.00010681543171043697,-0.0007663823768232624,-0.0014722788117857433,-0.0019703202121633787,-0.001712863807709399,-0.0011323019856324006,Ridge_alpha_reescolhido,60
4.906461877569375e-06,0.00033416139721157274,0.0007592009330235455,0.0013792680933930792,0.002200861158557017,-0.0030749608197294244,Ridge_alpha_reescolhido,60
-0.000285078308653914,-0.0011995822759943895,-0.0018725079773855445,-0.0034670967994589567,-0.0044740222573779785,-0.0035848779360637697,Ridge_alpha_reescolhido,60
-0.00023016434158686,-0.0009041438603794155,-0.0015660909988102995,-0.0031534489892592363,-0.0037940286070164146,-0.0024902280837270497,Ridge_alpha_reescolhido,60
-0.00030757722023635694,-0.0016001706463045222,-0.0026122632977618803,-0.0030391437284887426,-0.0027043486198664425,-0.003818623033097008,Ridge_alpha_reescolhido,60
-0.00016143558267789034,-0.0007728330370192614,-0.0015285571625576514,-0.002582947539179199,-0.0036509814573824494,-0.011950851830279639,Ridge_alpha_reescolhido,60
-6.33788910668953e-05,-0.00033957941796713,-0.0008539762578219919,-0.001696295055593833,-0.0021981325624085,-0.00678323511076046,Ridge_alpha_reescolhido,60
-0.0001926135933628134,-0.000452518263576372,-0.0002705813453581854,0.0004089868334171617,0.0012868829594369267,-0.0022597029588946305,Ridge_alpha_reescolhido,60
1.9674558518423793e-05,0.00020997730589170053,0.00015320779195445686,-0.0008204541924171497,-0.002514234455685561,-0.0062207108037829854,Ridge_alpha_reescolhido,60
-0.00010779894539841525,-0.0001289321330110366,-7.12206632950669e-05,-0.0005504569612858017,-0.0008890161227326206,-0.003997152206404403,Ridge_alpha_reescolhido,60
2.7975200776142923e-05,6.232469037631065e-05,0.00031450632602032823,0.0016186357842576968,0.003753671712798599,0.00586793515637848,Ridge_alpha_reescolhido,60
-0.00020606403690947488,-0.0005304365285994761,-0.0010119997762137382,-0.0016164947739899381,-0.0012264641023808911,-0.0019046524007379248,Ridge_alpha_reescolhido,60
-0.0001500688892256411,-0.0005141261979361425,-0.0011673950896200368,-0.0013253658375189988,-0.00034505388690906876,0.00010277191688628957,Ridge_alpha_reescolhido,60
-0.0001277446478864485,-0.00031517459942559584,-0.0008253774717832961,-0.0016038776775581898,-0.002770878167954848,-0.00818783616579554,Ridge_alpha_reescolhido,60
-0.00015148784350759982,-0.0005185779344046741,-0.00045036799482079336,-0.0001611229063596511,0.0006553992170510765,0.000411261125483706,Ridge_alpha_reescolhido,60
-0.00019274674489288608,7.046452024750757e-05,0.00013856291108276002,-8.698631523371273e-05,-8.514666914431183e-05,0.001394130341973079,Ridge_alpha_reescolhido,60
-0.00019483393034016252,-0.0007649126058314978,-0.0009779892842445008,-0.0007247600101192757,-0.0003144139915203167,0.0020353989521095486,Ridge_alpha_reescolhido,60
-0.0002532224962681309,-0.0011067812042490927,-0.0015317875035092113,-0.0026017263325957603,-0.004185579016210154,-0.012243560273569013,Ridge_alpha_reescolhido,60
-9.374340901924347e-05,-0.00047694622830921497,-0.0009115460877092402,-0.0015093087147260659,-0.001812852475746792,-0.009159969011846661,Ridge_alpha_reescolhido,60
-0.00017926649718457726,-0.0001719471331489398,-0.00046800979887991716,0.0007001534856812152,0.0016265444909902387,-0.0012676008370138536,Ridge_alpha_reescolhido,60
-0.00024200437336525547,-0.0011517632440268433,-0.002220773126212934,-0.0036310531527158616,-0.004701967589036885,-0.003514327478164594,Ridge_alpha_reescolhido,60
-0.0003456976644701503,-0.0012206504374153593,-0.0018276204676859686,-0.0021632185110783196,-0.0019877457967962,-0.005919430951954489,Ridge_alpha_reescolhido,60
-0.00023621017553999342,-0.0007380104262432755,-0.0011719532190333165,-0.0019829675256093607,-0.0019642708169839616,-0.004806943858493797,Ridge_alpha_reescolhido,60
-0.0001270670796392574,-0.0004970630116461304,-0.0007385449831847789,-0.002079078368521551,-0.003590787690923441,-0.008617682052232022,Ridge_alpha_reescolhido,60
-0.00018656598792271347,-0.0009628984253445182,-0.0014610699776090765,-0.0024589794441092416,-0.0024639454656153964,-0.002558782210609636,Ridge_alpha_reescolhido,60
-0.00026287421796572356,-0.0007977079283133981,-0.001078751116074779,-0.0020031765527098733,-0.003348888519041828,-0.007166448164973425,Ridge_alpha_reescolhido,60
-0.0001632186009211379,-0.00044734350143147203,-0.0003772700795409786,0.00012858943371236707,0.0006716505681453702,-0.002406537097045257,Ridge_alpha_reescolhido,60
-0.00012600258245673343,-0.0005944512518273419,-0.00012937689478664897,0.002906030179742581,0.006508193923044246,0.0013467619274588275,Ridge_alpha_reescolhido,60
-0.0002165708652552875,-0.0010384773697085434,-0.0016551357863090561,-0.0027894575621945964,-0.003593129724556203,-0.00703449769924702,Ridge_alpha_reescolhido,60
-8.300842134999614e-05,-0.00014210380217892426,-8.229261831315287e-05,-0.0005268514296601822,-0.0009833204794550126,-0.00580714906633037,Ridge_alpha_reescolhido,60
-0.00023416673833121426,-0.0008728580338830012,-0.0012045312056333534,-0.0016634774565224965,-0.0014053477615455856,-0.0034991607964018376,Ridge_alpha_reescolhido,60
-0.00013134366966209248,-0.000339859342337833,-0.0003241590955686277,-0.0004304951057933645,-0.00017483802250232308,0.0002389712363557584,Ridge_alpha_reescolhido,60
-0.0002051231827143577,-0.0006001004093026232,-0.0010493206089711876,-0.0017677101045447704,-0.0033439044576408948,-0.010956046746877383,Ridge_alpha_reescolhido,60
-0.00020154790784599394,-0.00034765596425259535,-0.0002904364427675616,-5.602383759093127e-05,0.0002119626838684363,-0.004734006290139938,Ridge_alpha_reescolhido,60
-0.00016901811339772212,-0.0008042035263152704,-0.0011831009864638259,-0.0011728883349688708,-0.0007911023602649078,0.002348932785165377,Ridge_alpha_reescolhido,60
-7.799593343413549e-05,-0.00048737969258219144,-0.0009473749528146887,-0.0014292196767311173,-0.0010194361020724324,-0.0028659706291954473,Ridge_alpha_reescolhido,60
-0.00031396169770205246,-0.0009443147504873193,-0.0017567622117150665,-0.0033740687882721915,-0.00452261053552487,-0.008655870084472078,Ridge_alpha_reescolhido,60
-8.122769288474275e-05,-0.00014362566959551408,-0.00042814800717980205,-0.0010170624575301442,-0.0017770570732940888,-0.005797277372999296,Ridge_alpha_reescolhido,60
-0.0003008810111384602,-0.0016052847229011875,-0.00340498276886347,-0.006314071333925993,-0.00794885301805924,-0.008389610868168992,Ridge_alpha_reescolhido,60
-0.0002475034700623042,-0.000710131278771609,-0.000708274812219876,-0.00012766212468693177,0.0009156891815090946,-0.004253072201182852,Ridge_alpha_reescolhido,60
-9.5167225713685e-05,-0.0006018279987752573,-0.0008583985378226536,-0.0012826165379010513,-0.0010177767838282152,0.004422571821037583,Ridge_alpha_reescolhido,60
-5.924242902832203e-05,-0.00012982994401092686,1.2810223903245107e-05,-0.00014117871521351566,-0.00019813669622314802,-0.004622731527822723,Ridge_alpha_reescolhido,60
-9.581374133805286e-05,-0.0004400193363484666,-0.0005786259052832446,-0.0009124109929190762,-0.0011033220438446184,0.0034057543114542703,Ridge_alpha_reescolhido,60
-0.00017348440342521439,-0.0006721291065911913,-0.000748146557496918,-0.0007978271266115657,-0.0001612945421868996,-0.004178489456844227,Ridge_alpha_reescolhido,60
-0.0001005296689341909,-0.00022012710007950656,-0.00037346993365335274,0.0005800722010150729,0.003034318240701711,0.007301972440061941,Ridge_alpha_reescolhido,60
-0.0001375528150993759,-0.0003856013187122294,-0.0005882492758076846,-0.0011791117502215182,-0.0021790632232418904,-0.010613312704509196,Ridge_alpha_reescolhido,60
-6.0319289652857475e-05,-2.0027508372807114e-05,0.00011256086635000097,0.0009451302089375105,0.003041845336693476,0.008263545493223612,Ridge_alpha_reescolhido,60
-0.00011261088966772272,-0.000643498637966024,-0.001044154524036887,-0.0017411487125014952,-0.0020784904450502676,-0.0028554330487863236,Ridge_alpha_reescolhido,60
-0.00021077167633058738,-0.0006553619552136762,-0.0008851041899194589,-0.0018526630251337797,-0.0019699571248173336,-0.0030393652384504747,Ridge_alpha_reescolhido,60
-4.7687537123319515e-05,0.0004632239714105213,0.00145448922880764,0.003002434260947893,0.004563977399140042,0.00038251963987632505,Ridge_alpha_reescolhido,60
-0.00016731766928719728,-0.0005328935535935616,-0.00026230428875873566,0.00010457672995354868,0.0006646679522002672,-0.0016877761663878245,Ridge_alpha_reescolhido,60
-8.760465526219618e-05,0.0001094357419494359,0.0007356005406971223,0.0015973157522057877,0.0027653404679530264,0.003878430004636985,Ridge_alpha_reescolhido,60
-0.0001949806331246902,-0.0005003773731473739,-0.00010120805538677774,0.00018179844118562782,0.0005053576893022121,-0.0024001889289217344,Ridge_alpha_reescolhido,60
-0.00025244468729668034,-0.0009284759752595798,-0.0011055341035225942,-0.0013602984368909497,-0.001887589167154821,-0.004347583209716475,Ridge_alpha_reescolhido,60
-1.3277653222655515e-05,-0.00010167757810603046,-0.0005272503116704327,-0.0014766965898047341,-0.0018503820816141007,-0.006404341055692851,Ridge_alpha_reescolhido,60
-0.0001841946727124455,-0.0007077502981980813,-0.0010574269850442783,-0.0008260644450388369,0.00017373136630134887,-0.001116719203481034,Ridge_alpha_reescolhido,60
-0.00017147752736043913,-0.0009723418935532203,-0.0018476363851028096,-0.0031691034334339575,-0.0034663616797951905,-0.00033984541028184184,Ridge_alpha_reescolhido,60
-0.00039036937730619914,-0.0012567231146725782,-0.0021297625848491443,-0.0035455136937358315,-0.004113508233398949,-0.00809521363384698,Ridge_alpha_reescolhido,60
-0.0002023723980543055,-0.000720112621747272,-0.001428543962460515,-0.0030477899975123344,-0.004420347404531089,-0.011693011874761156,Ridge_alpha_reescolhido,60
-0.00012914635037094952,-0.0004667463926988423,-0.0005536502217374137,0.0002519128282514298,0.00131860388546498,0.005535871195712012,Ridge_alpha_reescolhido,60
-0.00018830231017502076,-0.00073774820391344,-0.0008739122079816061,-0.0003725759100519008,0.000815384541858947,-3.179931902850731e-05,Ridge_alpha_reescolhido,60
-0.00028031607342938287,-0.00091810132889805,-0.0005483517668620631,0.0005537009192302943,0.0018685388247273763,0.001569400810236428,Ridge_alpha_reescolhido,60
-0.00019264161141793493,-0.00042939502756954154,-0.0007410192472063124,-0.001464054583065493,-0.00212525535897256,-0.007272341586696449,Ridge_alpha_reescolhido,60
-0.00010560175856882498,-0.0004428468229614434,-0.0004117013493222596,-0.0003248092200094437,-0.00026314564323883275,-0.0024593424252964025,Ridge_alpha_reescolhido,60
-0.0001634992081215845,-0.0005945760781291236,-0.0013198783250124243,-0.0021457299348284,-0.002155861229492929,-0.005342587543451319,Ridge_alpha_reescolhido,60
-0.00020106932650431177,-0.0005271160346717455,-0.0006413090714483342,-0.0012226553358020606,-0.0012299742881452392,-0.0028692938115641954,Ridge_alpha_reescolhido,60
-0.00045014784582189676,-0.0010682092603970376,-0.0025553116715165657,-0.006195392901235646,-0.009047957983695301,-0.014457203443970104,Ridge_alpha_reescolhido,60
-0.0004138426542857679,-0.0020252499505571155,-0.0035771585225048193,-0.00667495276297438,-0.007953822934732532,-0.007322173162775537,Ridge_alpha_reescolhido,60
-0.00033304815718682433,-0.0006662643432540795,-0.0007677961716019602,0.00018367355824770943,0.0026634038488748597,0.0027423122428138166,Ridge_alpha_reescolhido,60
-0.0001853775677476411,-0.00046836237128049577,-0.0006126945995262846,-0.0011304412352968114,-0.0008285620313091312,-0.004091415129311531,Ridge_alpha_reescolhido,60
-0.00014337994993220143,-0.0007877004792071933,-0.0017328829162378007,-0.0033491205630130617,-0.004840615521594087,-0.00437947394779276,Ridge_alpha_reescolhido,60
-0.0002010790322426874,-0.0010560183792911013,-0.0010327879842729397,0.0005520804562418259,0.0028930138801782318,0.0014176283950853169,Ridge_alpha_reescolhido,60
-1.5401998974943566e-05,0.0002617431066720829,0.0010051426424459477,0.0028415343138462456,0.0038011303172500598,0.0027750578226278483,Ridge_alpha_reescolhido,60
-7.829845775110739e-05,-0.0001310572582767764,-0.00047985796945424825,-0.0006437503848277083,-0.002024959035446711,-0.0067739002031937945,Ridge_alpha_reescolhido,60
-0.00022630000255795146,-0.0002648785043340548,0.0002981873173572477,0.0009574816643202584,0.001888741109863129,0.0010732186763267196,Ridge_alpha_reescolhido,60
3.7179088152346084e-05,0.0003652393674089825,0.0007955145255675435,0.001410509275029444,0.002146639573493735,-0.0010860342849390921,Ridge_alpha_reescolhido,60
-0.00032152496382996073,-0.0011889205159433265,-0.001407140732493199,-0.0010919251229569956,-7.495022150533493e-06,0.0005788888649985492,Ridge_alpha_reescolhido,60
-0.00018808884917177632,-0.0009459739051217733,-0.0019413078624875627,-0.0036537445599997705,-0.005286577940796295,-0.011462546717283847,Ridge_alpha_reescolhido,60
-0.0002731585115522905,-0.0009224387519214468,-0.0014810330356505308,-0.0023797472621030387,-0.0028560528776892472,-0.0038561985869157247,Ridge_alpha_reescolhido,60
-0.00015111252056073586,-0.0006116228270906675,-0.0014023283027326079,-0.0035954121594649027,-0.005312140432144313,-0.009537173400946196,Ridge_alpha_reescolhido,60
-0.00010837955800458476,-0.0005029788600830417,-0.0005732958536200986,-0.0011675344049182242,-0.0013597084345215017,-0.004162052902915532,Ridge_alpha_reescolhido,60
-0.0002147147839598248,-0.0009882524052096666,-0.0010132680811450528,-0.0005891196853986339,0.00043226774849602104,-0.0007766153014254842,Ridge_alpha_reescolhido,60
-0.00011512479949225733,-1.7432305931549095e-05,0.000745129214847735,0.0020327501243242885,0.004419850988163148,0.0012452819632730095,Ridge_alpha_reescolhido,60
-0.00015355883419946787,-0.0005975516210931347,-0.0007613261530039981,-0.0014349106418191475,-0.0018302413090995752,-0.002669980295790823,Ridge_alpha_reescolhido,60
-0.00011738357976737332,-0.00012786386982358464,-0.00027951906222714145,0.0002938617177536531,0.0007529410318299611,-0.0027988403023633864,Ridge_alpha_reescolhido,60
-0.00021901955170500035,-0.00017835432925672354,0.0006053865960445963,0.0013682772272910267,0.002571240271440546,0.00025946256399683704,Ridge_alpha_reescolhido,60
-0.0002752191515487599,-0.0011726854155749374,-0.001755065819739724,-0.002411053064985661,-0.0021756047365785497,-0.003716143091687255,Ridge_alpha_reescolhido,60
-0.00018637079177350764,-0.0006443287429330983,-0.0018285054335971747,-0.004588850344845355,-0.006122642388259269,-0.011408590813122193,Ridge_alpha_reescolhido,60
-0.00012369385565185107,-0.00042662350821673795,-0.0006298615708376768,-0.00045598144908736153,0.0001265428930081257,-0.001255504087983834,Ridge_alpha_reescolhido,60
-0.00022850415377166208,-0.0004070227170810083,-0.0003809897701444392,-0.0016816388959621047,-0.0030750766813782047,-0.010354371348185164,Ridge_alpha_reescolhido,60
-0.00015871750399873706,-0.00042760604078695034,-0.0004925158196951145,-0.0008628006382961817,-0.0008025383648164857,-0.003468662300544847,Ridge_alpha_reescolhido,60
-4.4499042709994946e-05,0.00030968019480642474,0.0007417444575852125,0.0011269279122383949,0.0026567565887782134,-0.007052477202963859,Ridge_alpha_reescolhido,60
-0.0003221598319995745,-0.0010594523029539959,-0.001282595704347476,-0.002011493066531752,-0.001505377074890474,-0.0021853627977707086,Ridge_alpha_reescolhido,60
-0.0002671560735281818,-0.0007372768982550265,-0.001317852197727356,-0.0022159594767422286,-0.002024435205324682,-0.005599783676626883,Ridge_alpha_reescolhido,60
-0.00019443778854608506,-0.0007974756621373688,-0.0016199128498861385,-0.003503733422200751,-0.005454671110622373,-0.009561913684073633,Ridge_alpha_reescolhido,60
-0.0001663177124533999,-0.0006075520681459393,-0.0012095741604501698,-0.002364906482968198,-0.0030508455202328433,-0.008724184609506436,Ridge_alpha_reescolhido,60
-0.00020072353975697133,-0.0005901030952356023,-0.00045102933449792646,0.00015033469526628138,0.0011847822138817672,0.004628397011387326,Ridge_alpha_reescolhido,60
-0.0002793005846328383,-0.0009257779012246014,-0.0009918431949553766,-0.000984140912088086,-0.0011693990019683404,-0.005948671716451141,Ridge_alpha_reescolhido,60
-0.00021690659389930937,-0.0007365457205867096,-0.0009353547739604798,-0.0012359612796951954,-0.00192787614382732,-0.006489655624645675,Ridge_alpha_reescolhido,60
-0.0002295661708463016,-0.000786303937002949,-0.0018866344280808218,-0.0041857015763343075,-0.0061705532551041,-0.008746996380717452,Ridge_alpha_reescolhido,60
-0.0001448600152249856,4.1892521535034456e-05,0.0003645231101018482,0.0006603642299349301,9.604995767275253e-05,-0.0063185998175046025,Ridge_alpha_reescolhido,60
-6.401013145299379e-05,-0.000340751749409137,-0.0007837417107096702,-0.00222821378517209,-0.0037996423703111465,-0.006768721151647792,Ridge_alpha_reescolhido,60
-0.00026163214972769534,-0.0008287533925042623,-0.0010623233029930896,-0.001674615129007565,-0.0025661131510173354,-0.007147470831622454,Ridge_alpha_reescolhido,60
-0.0003070944682251193,-0.0011757853018586311,-0.0018286513968456654,-0.002139638626422776,-0.0013895635104596228,-0.007995381005008137,Ridge_alpha_reescolhido,60
-0.00010407523602127201,-0.0003234809679616398,-0.0006077262670139632,-0.0006624124608525918,-0.00014853538977471713,0.0013126523380254007,Ridge_alpha_reescolhido,60
-0.00023950040285018723,-0.001029297292716498,-0.0016565761488229291,-0.001714880872782663,-0.0018212778682435307,-0.008963117314870575,Ridge_alpha_reescolhido,60
-0.00018633134878263494,-0.0006144818847086577,-0.0009687874930204552,-0.001960720810186808,-0.0026713353237026284,-0.004881923484838733,Ridge_alpha_reescolhido,60
-7.66511802117936e-05,-0.0003368411823354732,-0.0012621271434834895,-0.003343367301057354,-0.00450886682404,-0.007934463996943105,Ridge_alpha_reescolhido,60
-0.0001544896984252271,-0.0005145678001282006,-0.0006621105150764143,-0.0006476706495304731,-0.0006932813084101914,-0.0022949301749073483,Ridge_alpha_reescolhido,60
-0.00022534752760675116,-0.00041396700283133977,-0.0011085775649326657,-0.0015637141605760827,-0.0025057435517740535,-0.008299378230012517,Ridge_alpha_reescolhido,60
-0.00017490461023012766,-0.0008895113856569076,-0.0015717742666733097,-0.003189068510467149,-0.003899540984024994,-0.004477764596399605,Ridge_alpha_reescolhido,60
-0.00015617350456450092,-0.0008149594943189837,-0.0013667158318157902,-0.0017952595556355272,-0.002791078644855446,-0.00787951226238453,Ridge_alpha_reescolhido,60
-0.00038257240651419017,-0.0014042082769649424,-0.0018427302350278426,-0.002383453884254308,-0.0014718513562218755,-0.0035170269019024736,Ridge_alpha_reescolhido,60
-0.0003160886759298708,-0.001096294554504497,-0.0017127915310253753,-0.002988901907073949,-0.003726892456106905,-0.0027900636461266693,Ridge_alpha_reescolhido,60
-0.0001745984878206577,-0.0006403909190471654,-0.0013551933917919751,-0.0030723475374125255,-0.004922079010201121,-0.006007677871393812,Ridge_alpha_reescolhido,60
-0.00011437046412455668,-0.0003951942151034006,-0.0006159939311362805,-0.0012741699184119911,-0.0017202629432094495,-0.00669274191254412,Ridge_alpha_reescolhido,60
-0.00011893009504325703,-0.00016538802097809533,2.5164270340746136e-06,0.0003011738979977164,-0.00026860905234216327,-0.009383359932047934,Ridge_alpha_reescolhido,60
-0.00016647446322512824,-0.0005290064474595876,-0.0006997836551164001,0.0005660671532063141,0.0022782938314707697,-0.0031907809294014003,Ridge_alpha_reescolhido,60
3.6629754777795526e-05,0.00021577381604412672,0.0005468671915930921,0.00206840599475136,0.0033841105576647755,0.005874999431621872,Ridge_alpha_reescolhido,60
-0.00017529393594011103,-0.0006837895534095163,-0.0009685757059309203,-0.001113918880222604,-0.001377554428045122,-0.003113884595042051,Ridge_alpha_reescolhido,60
-0.00016562458530213354,-0.00014432891029656197,-0.0007228042726900335,-0.002047084198107889,-0.0031968314665160803,-0.008294992260060408,Ridge_alpha_reescolhido,60
-0.00022216654192393825,-0.000756726302092124,-0.0014796211910147908,-0.001967625888324183,-0.001973953240975457,-0.0047949757756704,Ridge_alpha_reescolhido,60
-0.0003820757012834573,-0.0015868057871347887,-0.003563787142436072,-0.007535157003050451,-0.009505110593514821,-0.016472903173216546,Ridge_alpha_reescolhido,60
-0.0001533315909165982,-0.0002750560634748695,0.00016586089785888732,0.0005339727982967483,0.0008950668893294347,-0.002289398112579982,Ridge_alpha_reescolhido,60
-0.0001610858373810426,-0.0006236377332188284,-0.0004775775701181129,0.00037674945834116196,0.0028423064530480884,0.001609736946495261,Ridge_alpha_reescolhido,60
-9.399405130864053e-05,-0.00035988391589908343,-0.00019309649738955724,0.0007552658590331922,0.0014578236887649672,0.0012783675903352966,Ridge_alpha_reescolhido,60
-0.00014760048493624433,-0.000853718360255039,-0.0012677060000446374,-0.0017705181988879222,-0.002122515914171807,-0.007187936889293458,Ridge_alpha_reescolhido,60
-0.0001536833798060665,-0.0004559403777540142,-0.0004011558410503086,-0.00036174918772595877,2.793593668095381e-05,0.0015337523150450326,Ridge_alpha_reescolhido,60
-0.00017816316288942258,-0.00038139472794933743,-0.0003009981096786366,-0.0004012350448656588,0.00027658562939741817,0.004405288397185628,Ridge_alpha_reescolhido,60
-0.00027553262283450765,-0.001086106692001234,-0.001420823044305995,-0.002206803729083821,-0.0028634557881093165,-0.002186778160598533,Ridge_alpha_reescolhido,60
-0.00024867228821457544,-0.0004862497686737404,-0.0006530313307853747,-0.001444010729985654,-0.000524225572543702,-0.010360797435450509,Ridge_alpha_reescolhido,60
-0.00027766322743109505,-0.0007104683412221988,-0.001549360811295383,-0.0023543022541323527,-0.0020732460111314416,-0.005655096872972402,Ridge_alpha_reescolhido,60
-0.0004359297219921816,-0.001307615622856154,-0.0025603838185424615,-0.004389041715954044,-0.0048119119469876475,-0.003736867133353002,Ridge_alpha_reescolhido,60
-0.00011565100135869074,-0.0005468916588135546,-0.0009451253549404192,-0.00165627682814209,-0.002278499943152385,-0.0035226924444057336,Ridge_alpha_reescolhido,60
-0.00019920411990347707,-0.0007076552483788117,-0.0018586502278232434,-0.003939398989182597,-0.004828595112003555,-0.0122969390390254,Ridge_alpha_reescolhido,60
-0.00011244675615252986,-0.0001481584214110291,0.00013646717726354445,0.00016827405338018804,0.0005208671187025293,-0.000606857989232996,Ridge_alpha_reescolhido,60
-0.00017225882012471654,-0.0006395629415830497,-0.0011545082930089193,-0.002494978145208167,-0.0040377414239398945,-0.010963068603690172,Ridge_alpha_reescolhido,60
-0.000270291345974659,-0.0010204816418421555,-0.0018769291857027488,-0.0034032341128176795,-0.004588733680892497,-0.009173893924698372,Ridge_alpha_reescolhido,60
-0.0003490336760993679,-0.0013409138413197064,-0.0012775663992834322,-0.0006396962400822236,0.0005300229043404774,-0.0018128591050798688,Ridge_alpha_reescolhido,60
-0.00018078688047053505,-0.0006005656408322193,-0.00047863199449026616,9.301934701633441e-05,0.00044053306081217,-0.0005921183195858886,Ridge_alpha_reescolhido,60
-0.00035181339973295163,-0.001556790698902874,-0.002989945969926504,-0.004800131703472546,-0.006203762312775164,-0.010132405440387456,Ridge_alpha_reescolhido,60
-0.00020504482228548884,-0.0007713398117234816,-0.0014810717059438273,-0.0031125893591822935,-0.005008250802209502,-0.006199277644946361,Ridge_alpha_reescolhido,60
-0.00021912658477249544,-0.0008078047026820215,-0.0012340212289087746,-0.001548020272203047,-0.0006898575245493048,0.0015757035946691266,Ridge_alpha_reescolhido,60
-4.990656297419633e-05,-8.17942602865115e-06,0.0004216077216723037,0.0013665759017442104,0.0026703272995142074,0.0033221377709319374,Ridge_alpha_reescolhido,60
-2.1145667228292574e-05,-0.0006091789783737887,-0.0014676343488891517,-0.0036265085163143806,-0.0057822868248796995,-0.007322838644389422,Ridge_alpha_reescolhido,60
-0.00016049283612685922,-0.0005956324338301467,-0.001024651077449336,-0.0012801237057681182,-0.0017973300046199908,-0.0049864584998970335,Ridge_alpha_reescolhido,60
-0.00035250158420601984,-0.0015395849340989424,-0.0026146926244845635,-0.0034386887123520247,-0.0028923760344623604,-0.003878530627306921,Ridge_alpha_reescolhido,60
-5.576821158245662e-05,0.0001595999890346877,0.0004747519785563462,0.0017813077060347244,0.00310692580936985,-0.0020227644913343866,Ridge_alpha_reescolhido,60
-0.00021672013511887377,-0.0005730653355860946,-0.0008166687840852852,-0.000296606308646579,0.0004434103346251418,-0.0029220229195273985,Ridge_alpha_reescolhido,60
-0.00020720881844709906,-0.0008169115428090358,-0.001359234107652897,-0.0025105514875117096,-0.0026489443717690885,-0.0015505971383823266,Ridge_alpha_reescolhido,60
-0.0001521343171118737,-0.0008210145122696112,-0.0019092003398478521,-0.0033804536898029134,-0.004692142853180817,-0.013447275565636676,Ridge_alpha_reescolhido,60
-0.00024957320510949943,-0.0010841679823222405,-0.0013540218283381675,-0.0015044019476612711,-0.002443443661712137,-0.007973048914665739,Ridge_alpha_reescolhido,60
-0.00023510824668454542,-0.0009171146793466404,-0.001546546287374203,-0.0034464618553787406,-0.004731125397284466,-0.007756356917183588,Ridge_alpha_reescolhido,60
-9.145193278611402e-05,-5.3204801281330235e-05,0.00041091309783175274,0.0015510842013730958,0.0031839448970276346,0.0021697267876065896,Ridge_alpha_reescolhido,60
-0.00022585590226637886,-0.0007725906320997201,-0.0009571487225971513,-0.0013998734196658128,-0.0008393833130014365,-0.003505460143406988,Ridge_alpha_reescolhido,60
-0.00011009421134606834,-0.00018142760762419207,-0.00047996857604566803,-0.0011986718564522799,-0.0020581172215409353,-0.0055404247388182665,Ridge_alpha_reescolhido,60
-0.00013241868433229716,-0.000652802799797434,-0.0008714859785645644,-0.0009188163619615291,-0.00037838987227406724,0.0015921377608467064,Ridge_alpha_reescolhido,60
-0.0003265497442454056,-0.0013233026927830587,-0.002199727666213466,-0.0032590672295341565,-0.004212124330114308,-0.006115088050199947,Ridge_alpha_reescolhido,60
-0.00016049189921037705,-0.0004561715994719183,-0.00066146913461282,-0.00018741076982623748,-0.000616952581161456,-0.004820373190765216,Ridge_alpha_reescolhido,60
-5.7193805239692457e-05,-0.00030561160317101846,-0.00020403261755704694,0.0003184805176108463,0.0007792043945100957,-0.0007804155579472532,Ridge_alpha_reescolhido,60
-0.00021274701720107452,-0.00039040958755547843,-0.0009592851082462668,-0.002414865629826137,-0.0034098846069602153,-0.012804002940957692,Ridge_alpha_reescolhido,60
-3.962224620534597e-05,-0.0001640426012671905,-7.343828912649061e-05,0.0005711817951452187,0.0013354189033179336,0.0026146197505367745,Ridge_alpha_reescolhido,60
-0.00022000092050173157,-0.0007077996580584046,-0.00011221512292007876,0.0007115315704682841,0.0029288133935027254,0.0022534037687238157,Ridge_alpha_reescolhido,60
-0.00026607281643784117,-0.0009874116584647492,-0.001637590021471147,-0.0025413588654845773,-0.0028884079284444944,-0.002281707284716821,Ridge_alpha_reescolhido,60
-0.00011420376607141448,-0.00012090531381093355,-0.0003252767859262052,-0.0001883157624045622,-7.27541765682149e-05,-0.0007015625019335253,Ridge_alpha_reescolhido,60
-0.00012560839804454755,-0.00022185114861098104,-0.00019332969258879497,0.00020939428518035913,0.0003392206849289521,-0.0009722987592396455,Ridge_alpha_reescolhido,60
-0.00015478909732790188,-0.00046098690924230496,-0.0005354792722496469,-0.0012080893854505513,-0.0011831372321530573,-0.0029676689064589467,Ridge_alpha_reescolhido,60
-0.000304047201518584,-0.0009566047772934183,-0.0021815974429440993,-0.0045441592180737195,-0.006020031759001223,-0.01235183278098746,Ridge_alpha_reescolhido,60
-0.0001811324466689508,-0.0005219242637994794,-0.0002178914354787011,0.0005568953086775653,0.001528150739265145,0.005066292198916695,Ridge_alpha_reescolhido,60
-0.0001330179416470942,-0.000433678550583715,-0.0002933800008451994,0.0015381436829995643,0.0025473437079188465,0.004556920214699064,Ridge_alpha_reescolhido,60
-0.0002839502750749808,-0.0010896954406407404,-0.0022624202364505317,-0.004165061138732273,-0.005044925985165337,-0.005078320155111089,Ridge_alpha_reescolhido,60
-0.00037411720167031324,-0.0018243455937235796,-0.003600474387000621,-0.007639905487525648,-0.0110351070255564,-0.01472552017992092,Ridge_alpha_reescolhido,60
-0.00013630528830712625,-0.00029845650633785603,-1.391281087394183e-05,0.00041376769592050785,0.0012154071773557676,0.001784635054605271,Ridge_alpha_reescolhido,60
-0.00010041862290247558,-0.00045098711467128654,-0.0011420248591066827,-0.002572865741854685,-0.002891593169504394,-0.005363792843797812,Ridge_alpha_reescolhido,60
-0.0002448166276567717,-0.0008154210922044662,-0.0013701866300628493,-0.002470816630948665,-0.003368819874851206,-0.004974732143510678,Ridge_alpha_reescolhido,60
-0.00022401459475480357,-0.0010370318407614046,-0.002205989355493609,-0.003884509780517378,-0.00493126294089981,-0.007840540857224007,Ridge_alpha_reescolhido,60
-0.0002685318777038789,-0.0009307176769798372,-0.0013543207745831624,-0.0016948511367314274,-0.0014464422398481867,-0.0012475982179867124,Ridge_alpha_reescolhido,60
-0.00015403316226329292,-0.0006239878522744223,-0.0007104592522597354,-0.0008365421193389263,-0.0011187542628802976,-0.003448627064414453,Ridge_alpha_reescolhido,60
-0.000171785237461282,-0.000681929801741827,-0.0011132962779194882,-0.0023112289416584277,-0.0025894500990489224,-0.0016010277747044183,Ridge_alpha_reescolhido,60
-0.0002463194901525258,-0.000886132563406058,-0.0012119355960469626,-0.0014141544929830159,-0.0014486809482627937,-0.0027947735773422235,Ridge_alpha_reescolhido,60
-0.00011048271035814018,-0.0005056428899872883,-0.0009832883020059698,-0.00104481311085999,-0.001394131249967645,-0.0019088785994277756,Ridge_alpha_reescolhido,60
-9.6062726815354e-05,-0.0008921729745619266,-0.001354486240035091,-0.0006655703825457581,-0.001140009588869474,0.0013184510372398954,Ridge_alpha_reescolhido,60
-0.00020268433088933374,-0.000622306828066744,-0.001370829554536744,-0.0015474328986451915,-0.0008492982533372761,-0.0021305807800020234,Ridge_alpha_reescolhido,60
-9.32230210658906e-05,-0.000606684123851467,-0.0010896052476886808,-0.001995896691930827,-0.0027891473656880277,0.00028400149460799137,Ridge_alpha_reescolhido,60
-0.0003548611269900648,-0.0013187178102369117,-0.0017873902285393815,-0.0024306225326756574,-0.0019132675908457074,-0.001373771411003137,Ridge_alpha_reescolhido,60
-0.00020027061564013875,-0.000841119499675079,-0.0011599806821988637,-0.0021356884099856966,-0.0020905767398920493,-0.006116386225222244,Ridge_alpha_reescolhido,60
-0.00019989818316841645,-0.0009493480887153463,-0.0015912608717222373,-0.0017578771662609958,-0.0007662758423074257,-0.003321913509818728,Ridge_alpha_reescolhido,60
-0.00018261225064837328,-0.000576473536996797,-0.0008669560553679683,-0.0010503164456102316,-0.0006063010894880796,-0.0037944514965520186,Ridge_alpha_reescolhido,60
-0.00022630271928899499,-0.0008402663179550776,-0.001319739470396665,-0.0023621749999325255,-0.003497998157661254,-0.00690172919258353,Ridge_alpha_reescolhido,60
-0.00030487760513754793,-0.0008166023362075457,-0.0021552131554645067,-0.004412106532401507,-0.004956265322056686,-0.009063225627515907,Ridge_alpha_reescolhido,60
-0.00032626979262267096,-0.0010977315505151669,-0.0017057119195254215,-0.0028128497672630075,-0.0028491588572115644,-0.002714953108012328,Ridge_alpha_reescolhido,60
-0.0003050036128682032,-0.001305617928926931,-0.002751811781917686,-0.002759725585394636,-0.00018700227828360053,0.0041876048939714266,Ridge_alpha_reescolhido,60
-0.0002032424857079977,-0.0005479242371907039,-0.0004308224484080329,-0.0007496642426509897,-0.001495180160966492,-0.006652970586920188,Ridge_alpha_reescolhido,60
-0.00011098042049810554,-0.0003314190158067563,-0.00042997678195256156,-0.0008315413066228892,-0.0014532971760109195,-0.0038843142027242864,Ridge_alpha_reescolhido,60
-0.0005227120193018835,-0.002008473094134417,-0.003138438221866757,-0.0040051230946452675,-0.00489094156242522,-0.009180428845959241,Ridge_alpha_reescolhido,60
-5.3811615722263896e-05,5.541474796494769e-05,0.0006968969624404879,0.001965611616564185,0.003877728422541817,0.007340803309011879,Ridge_alpha_reescolhido,60
-0.0002580192764527926,-0.0006945935104205217,-0.0013569724046431754,-0.002273092621797988,-0.0021291010449786645,-0.0015052990047644155,Ridge_alpha_reescolhido,60
-9.139240324715577e-05,6.69008318073506e-05,0.001082100940916193,0.0027507335773558866,0.0037136847282621325,0.0008460796576669979,Ridge_alpha_reescolhido,60
-0.00016230653651252378,-0.0007773421292357299,-0.001397649207275043,-0.0020351918940658136,-0.0022262202575612402,-0.0034671221697520752,Ridge_alpha_reescolhido,60
-0.00026086178496118224,-0.0008758704512098175,-0.0009305511240615477,-0.0012115955301380656,-0.001870473473510466,-0.007767425618625189,Ridge_alpha_reescolhido,60
-0.00016009042836616998,-0.00020926284417395157,0.00021082044396533248,-7.543345235852268e-05,-0.00012536772779528984,-0.0049723306099124865,Ridge_alpha_reescolhido,60
-0.00019256995161641695,-4.614059745047065e-05,0.0005441093273417384,-0.00025543514085636133,-0.0017237894909711159,-0.01347100386872161,Ridge_alpha_reescolhido,60
-0.0001178345214446807,0.00013902742297870822,0.0009164928807871212,0.001588345699903773,0.0024617976618657124,-0.0018315197209120074,Ridge_alpha_reescolhido,60
-0.00015808886864054512,-0.00037209771304013984,-0.0003686382335772594,-0.00044854783565111795,-0.001099095945493069,-0.004817052363423743,Ridge_alpha_reescolhido,60
-0.00013623616370142733,-0.0003152350142608961,-0.00013189564942550302,0.0005741459066791124,0.0014451126951188855,0.0022076085751853193,Ridge_alpha_reescolhido,60
-0.00014697321920992135,-0.0006360390757336875,-0.0008822834167810205,-0.0006692551864891827,0.0006738872668727187,-0.0002841615149813767,Ridge_alpha_reescolhido,60
-5.966653717834413e-05,-0.00026642266258422137,-0.00020093034844058443,-0.0001878594578127084,-7.63364603668518e-05,-0.00138813519176077,Ridge_alpha_reescolhido,60
-8.385144606269684e-05,-0.00044484558387685683,-0.0009986306295178865,-0.0017071682517671991,-0.0020782815943574005,-0.002405154924551777,Ridge_alpha_reescolhido,60
-0.00025400824330664166,0.0003698656502609288,0.0009899217965372265,0.0019278830345803991,0.0032436010914143536,0.00323104192078537,Ridge_alpha_reescolhido,60
-0.00036972002748219613,-0.0013159420507268785,-0.002238025450125336,-0.003761908458605448,-0.004741618575786551,-0.010127807991369938,Ridge_alpha_reescolhido,60
-0.0002574827303735288,-0.001007011571000739,-0.001804241794023914,-0.0022263978973450045,-0.0016037014830908392,-0.00552100377034575,Ridge_alpha_reescolhido,60
-0.00012441084896085155,-0.0005519157350789919,-0.0007421154854787711,-0.0011812182631217119,-0.0007206084604222534,-0.001836426997801668,Ridge_alpha_reescolhido,60
-0.0001331870599569311,-0.00024373857193105925,0.0002501951511705566,0.0012889409873840202,0.002511681819612568,0.006742448033199386,Ridge_alpha_reescolhido,60
-0.00017388849497827733,-0.0007050521329145822,-0.000912024520923742,-0.0010483887105626442,-0.0005461717450363332,-0.0034894368219373605,Ridge_alpha_reescolhido,60
-0.00020587365526453247,-0.001018931498135623,-0.0012098927462832565,-0.0010252842425884743,-0.000269161289259292,0.00020513826896447515,Ridge_alpha_reescolhido,60
-0.00028622270884796187,-0.0010469854783794863,-0.0015439847847839544,-0.0013904774864586663,-0.0017055023073370916,0.0013204479296310527,Ridge_alpha_reescolhido,60
-0.00020111169129643418,-0.0008790614236406895,-0.002191908367313014,-0.003684644936024511,-0.004383647486755684,-0.005929208912277802,Ridge_alpha_reescolhido,60
-1.3185837173894112e-05,0.00021128016795607453,0.0009230287583266989,0.0026295173084606937,0.005214473741237122,0.013444759050522621,Ridge_alpha_reescolhido,60
-6.864302837030654e-05,0.0001449674405867029,0.0013764367005065252,0.003970226736481207,0.00722071608474329,0.007894236412124682,Ridge_alpha_reescolhido,60
-8.546778939333862e-05,-0.00019814088227825127,-0.00046812645244948025,-0.0010411570333801346,-0.001417580935404974,-0.005619641045840572,Ridge_alpha_reescolhido,60
-0.00018764646803770673,-0.0009591923058952797,-0.0017769852094509614,-0.0034614049358642,-0.005813188908028249,-0.008661296054553382,Ridge_alpha_reescolhido,60
-0.00029725052152233756,-0.0011269213414602755,-0.002762113139885697,-0.006085696992429103,-0.00811182840826136,-0.011792739521857545,Ridge_alpha_reescolhido,60
-0.00017793122107186108,-0.000624287844696351,-0.0005867411716648206,-0.0005124049876530579,-0.0006468874589736723,-0.003568303726152125,Ridge_alpha_reescolhido,60
-0.0006315185028712547,-0.0019153431336095808,-0.003691498928901129,-0.006986250474526117,-0.008988397886143827,-0.02235130981450958,Ridge_alpha_reescolhido,60
-0.00034318596983390966,-0.0009545660846453615,-0.0012147767428256177,-0.0012083834604200575,-0.000153908522912041,-0.0031890876090426394,Ridge_alpha_reescolhido,60
-0.00025197578281994487,-0.0007617070446199231,-0.0018404135324013868,-0.004086891453861779,-0.005690215550311089,-0.0077577223326074345,Ridge_alpha_reescolhido,60
-0.00018160415546849241,-0.0009678326229242037,-0.0017991110733202287,-0.0025144814186993866,-0.00431323982225405,-0.007205939478254205,Ridge_alpha_reescolhido,60
-0.00024120434825407905,-0.0009008715696102805,-0.0014414994121486342,-0.0023272208133611402,-0.0028682661776291665,-0.0023258596488675803,Ridge_alpha_reescolhido,60
-7.540409748418671e-05,-0.00040387509411182157,-0.0004953046146045925,-0.00017078664135188084,-0.0007121271377417433,-0.004401951443032641,Ridge_alpha_reescolhido,60
-0.0003133217685702281,-0.0008249284099790323,-0.0017086991672174544,-0.0024056625508833474,-0.0006979065309180025,0.002693952904814455,Ridge_alpha_reescolhido,60
-0.00015156060457674128,0.000126554599233306,0.00014709175353897006,-0.001352893885127868,-0.0028427850616870587,-0.01907969883211738,Ridge_alpha_reescolhido,60
-0.0002892179719262163,-0.0011434982663874726,-0.002964840383171474,-0.005850061291404056,-0.006791869180106253,-0.014425695472757658,Ridge_alpha_reescolhido,60
-0.0001776862324489483,-0.00041059276346990827,-0.0001770070351841878,0.0004416662894284788,0.0012518338021625336,0.0015732006317567863,Ridge_alpha_reescolhido,60
-0.00010113272949904264,-0.0005181187961931192,-0.0006977204861166114,-0.0014025885333427302,-0.0023569873283162584,-0.0089802538894562,Ridge_alpha_reescolhido,60
-7.225145995635985e-05,-0.0003081902027069213,-0.00034426180875765395,-0.0004085574820101307,1.159980230312286e-05,-0.0008796299218304851,Ridge_alpha_reescolhido,60
-0.00020138102818149098,-0.0008898696975883515,-0.0012368869177840653,-0.0021098732103478545,-0.0028404441610084164,-0.0028155104602012393,Ridge_alpha_reescolhido,60
-0.00036043868032861233,-0.0013400989208152366,-0.0023120225304736727,-0.003924038872124943,-0.004781310159660548,-0.005332000098772028,Ridge_alpha_reescolhido,60
-3.704249442472799e-05,0.00014353982476477471,-3.312917380991816e-05,-0.00038552214113821235,-0.0008664553657790657,-0.0034398909411424276,Ridge_alpha_reescolhido,60
-0.00021506343757656378,-0.0008142957775857956,-0.001110785728121627,-0.0020560280054728957,-0.002104894770952102,-0.005858804846735819,Ridge_alpha_reescolhido,60
-0.00028063275319321006,-0.0007765715015669604,-0.0015093374601550151,-0.003820302548853543,-0.005048193233095276,-0.0075929948535491,Ridge_alpha_reescolhido,60
-0.0001447911759779442,-0.0008055900459231706,-0.0015334474695723208,-0.00235143340139167,-0.002511536104602206,-0.003365078802292072,Ridge_alpha_reescolhido,60
-0.00020748982998513722,-0.0006899724444818524,-0.0014114734355469662,-0.0017354159310893345,-0.000802764656000172,-0.0015397608695595013,Ridge_alpha_reescolhido,60
-0.000145429568220262,-0.0007269346148285728,-0.0013131515351991266,-0.001982710010876776,-0.0016852630154944872,0.0025378160577846586,Ridge_alpha_reescolhido,60
1.854511221505524e-05,0.0003725984763513056,0.0008643148894446314,0.0006407642323630475,-0.0010171639731021674,-0.008985779172006004,Ridge_alpha_reescolhido,60
-0.00022425860701012125,-0.0006731026860871471,-0.000963870879652192,-0.0015547235946245306,-0.0016480555234048577,-0.006200439298938357,Ridge_alpha_reescolhido,60
-0.00019311155971502055,-0.0007609306612651088,-0.0013003486301819826,-0.0023296705802344528,-0.0026518928056376693,-0.002196616366475814,Ridge_alpha_reescolhido,60
-0.0002082790112194377,-0.0007110174881634086,-0.0011941974472933752,-0.001623246714082511,-0.0012461606178292381,-0.0017506651134458762,Ridge_alpha_reescolhido,60
-0.00023318152683246595,-0.0009874800898771032,-0.001650983021312588,-0.0020690138412904537,-0.0025271816985193186,-0.004428080040482603,Ridge_alpha_reescolhido,60
-0.0004428500736489979,-0.0015973484408836323,-0.002304697603349885,-0.0041909134066790265,-0.006718264988431745,-0.005241298111361997,Ridge_alpha_reescolhido,60
-0.00022974655420463774,-0.0004342531194641962,-0.000581038852353771,-0.001259827944048919,-0.0011545624668522839,-0.0022890363211772726,Ridge_alpha_reescolhido,60
-4.017056389634847e-05,-0.00010118228559474414,-7.644506224889587e-05,0.00017707092734987708,-9.730110542537604e-05,-0.002817561154405171,Ridge_alpha_reescolhido,60
1.4448367067430116e-05,0.0003271456706077401,0.0011870940019186253,0.0034626439304207535,0.0066780509836716975,0.001892191884905419,Ridge_alpha_reescolhido,60
-0.00017279459986138912,-0.0004509155529084425,-0.0007382742171897928,-0.001343610817665657,-0.0018180259298603814,-0.004464507589818374,Ridge_alpha_reescolhido,60
-9.237582097491866e-05,-0.0003000540542575181,-0.00015181563303938027,-0.00011337448162151466,-0.0002752501271125932,-0.005067192017701573,Ridge_alpha_reescolhido,60
-0.00020568855406659188,-0.0006323785424264841,-0.0010683908627877438,-0.0024579892212782052,-0.0035691137584986823,-0.006956628716825579,Ridge_alpha_reescolhido,60
-0.00014974501637449937,-0.0006526409194844528,-0.0009557668601720504,-0.0015171646563701773,-0.001478793062674365,-0.006515953422924478,Ridge_alpha_reescolhido,60
-0.00038955716906602654,-0.0019219273234163824,-0.0032648433688219633,-0.004971707004898854,-0.005876215681730899,-0.007020574413697273,Ridge_alpha_reescolhido,60
-0.00015805971108016675,-0.0004218926401137984,-0.00034298519853571713,-0.0004323882333311423,-0.00048514828684734993,0.00233286267250068,Ridge_alpha_reescolhido,60
-0.00018973624388805656,-0.0007442391563752662,-0.0013102024422510165,-0.0019669812058110796,-0.0016076029190084883,-0.0020115271626456616,Ridge_alpha_reescolhido,60
-0.00034811664461673053,-0.0013603663120229548,-0.0023361961311565605,-0.002242902313581829,-0.0007067302285181166,-0.00429910781215609,Ridge_alpha_reescolhido,60
-0.00013145839949075448,-0.0006440443721504596,-0.0012464387441317654,-0.0031966971869089836,-0.005062787591164521,-0.012168282980231863,Ridge_alpha_reescolhido,60
-0.00026808789682851317,-0.001213852125289058,-0.002150390468414662,-0.003775645672707365,-0.005037228428778048,-0.004719199116189329,Ridge_alpha_reescolhido,60
-8.869189589376992e-05,-0.0002939994005830045,-0.00015176611537803242,0.0003290751250102732,0.0009314432246664349,-0.0026697588601757266,Ridge_alpha_reescolhido,60
-0.00024968602820317904,-0.0006764184777959702,-0.0007357930889868177,-0.0001730414067397652,0.0016864244947834535,0.004744067174574754,Ridge_alpha_reescolhido,60
-0.0002670537050534206,-0.0005608950371341288,-0.0013036658059174993,-0.003579753035491392,-0.00519250866072559,-0.01178155361893931,Ridge_alpha_reescolhido,60
-0.0001901605622732825,-0.0007905357516504927,-0.0012341148035429717,-0.00235052843900807,-0.0027829597475994795,-0.005437896261694166,Ridge_alpha_reescolhido,60
-0.00018200895036914143,-0.0005076482497547046,-0.0003233871473423605,-0.0001435074512015423,0.0004636384216611787,0.0016196924659274583,Ridge_alpha_reescolhido,60
-0.00014297025350744745,-0.0005469867010158971,-0.0007275317412972294,-0.00015989014393967584,0.0009049373998895944,0.003370009034277599,Ridge_alpha_reescolhido,60
-9.763079649257933e-05,-0.00027086260870005506,-0.0005331664781198046,-0.0015942129104026643,-0.0029482596561170456,-0.012150719248233207,Ridge_alpha_reescolhido,60
-0.0001386572173417519,-0.000522736011033549,-0.0005909345968762322,1.7490476951825755e-05,0.0007144690458084317,0.002610321545984669,Ridge_alpha_reescolhido,60
-0.0001428817536855049,-0.00039403195182204087,-0.0011112110975514211,-0.0024198523515113262,-0.003434495349714816,-0.007382297261244765,Ridge_alpha_reescolhido,60
-0.00023103562433858012,-0.000604048281836337,4.685538863612448e-05,0.0011841291770860942,0.0008348689721342394,0.002180637588155709,Ridge_alpha_reescolhido,60
-0.0003024599146354358,-0.0011243574859953625,-0.0017622096013648941,-0.0011962236403174748,-0.0010079173291832337,-0.003156742659994531,Ridge_alpha_reescolhido,60
-8.290583397763033e-05,-0.00019994689801090107,-0.00038010630207511054,-0.00019744059408603073,0.0005245215108602813,0.0041781947894189405,Ridge_alpha_reescolhido,60
-0.0002201805770984978,-0.0005202263645046171,-0.0008880952550275605,-0.0017444723463638542,-0.00200210649451382,-0.003742141775038548,Ridge_alpha_reescolhido,60
-0.00029369525856057336,-0.0011439257884969657,-0.0018687932192596782,-0.002444377591204226,-0.0017421826350579133,-0.0006694080943241211,Ridge_alpha_reescolhido,60
-0.00011055613956124086,-0.00014155729203886667,0.0002493455669651283,0.0011244782749680433,0.0016368290701631852,-0.0002677467805573997,Ridge_alpha_reescolhido,60
-0.00023387747430886208,-0.0007989269665003214,-0.0013131669826156652,-0.0018246525495961418,-0.0028947050234771747,-0.006912068769449891,Ridge_alpha_reescolhido,60
-0.0002035644861273288,-0.0007554786143459983,-0.0015263110840732991,-0.0027744326261732863,-0.003691906650068486,-0.0034728460790798272,Ridge_alpha_reescolhido,60
-0.00017004484372382177,-0.0005435667338959929,-0.0006807250291907029,-0.0012125947668724323,-0.001907115195375982,-0.004992157642579382,Ridge_alpha_reescolhido,60
-0.00022688891553947685,-0.0006356577134159936,-0.0007415346780971289,-0.001217000699754209,-0.0017250257332632254,-0.004033315578345334,Ridge_alpha_reescolhido,60
-0.000254120349919702,-0.0011116132223043624,-0.0014565956943544062,-0.0016476687920915138,-0.001830021788832309,-0.007533582237940721,Ridge_alpha_reescolhido,60
-0.00024693215024733454,-0.0004498910671088477,8.579352629798943e-05,0.0002315670394687142,0.0010561701266497657,0.0027406321713551785,Ridge_alpha_reescolhido,60
-0.00022447576544951445,-0.0010681972379833456,-0.002388280856974752,-0.005084918879228146,-0.007397262408889416,-0.011041533055663518,Ridge_alpha_reescolhido,60
-0.00015236856960905795,-0.0007467406826392885,-0.0010292967699954238,-0.0016558088676181433,-0.001957740826638915,-0.003291399279514658,Ridge_alpha_reescolhido,60
-0.0002955126595608554,-0.0009182083574132057,-0.0019758438355002806,-0.004208188477014148,-0.004956324515699751,-0.006510742537753593,Ridge_alpha_reescolhido,60
-2.2363417687666344e-05,0.00044944794430152327,0.0012133202213780304,0.001639809570941426,0.0028344087516386112,-0.005009089279263576,Ridge_alpha_reescolhido,60
-0.0001974091940237251,-0.00048109808168049695,-0.000819525903316556,-0.002523940392245443,-0.004449452026961924,-0.011163884506521136,Ridge_alpha_reescolhido,60
-0.00013557118178430822,-0.00034112937253819655,-0.00023122785093045395,0.0004949257293335416,0.0011645120046145402,-0.0002529324131580006,Ridge_alpha_reescolhido,60
-5.752117054972594e-05,-0.00026453464193747185,-0.00044221670934889987,-0.0014256720769203562,-0.0021006912877229336,-0.006965427959783738,Ridge_alpha_reescolhido,60
-0.00015123534081239022,-0.0006418696858502952,-0.0013459911179053623,-0.0034101497944385765,-0.00579955239462803,-0.010421353597358862,Ridge_alpha_reescolhido,60
-0.00015595568940253852,-0.000691522061210225,-0.001191145675488111,-0.0022389692887483333,-0.0029021915496661587,-0.010390649542208493,Ridge_alpha_reescolhido,60
-0.00017483351860263967,-0.0005852678251174943,-0.0005530863773038984,-0.0008026842377121639,-0.0003271187928314503,-0.0006337223245451804,Ridge_alpha_reescolhido,60
-0.00032230155388782427,-0.0011731397002826174,-0.0018741538474265687,-0.003446510377468895,-0.005541572217734527,-0.013730583352600167,Ridge_alpha_reescolhido,60
-0.0001686469780930341,-0.0006783087185508354,-0.0013035996119919546,-0.001990619653257029,-0.0029928069720923985,-0.002545885576465418,Ridge_alpha_reescolhido,60
-0.00018033518250851546,-0.0009175666662518937,-0.0016870851131811123,-0.003162678987268009,-0.0044696165368057926,-0.010231404933583736,Ridge_alpha_reescolhido,60
-8.349655325439962e-05,-0.0007745427925613077,-0.0016921177338434575,-0.003498137395266592,-0.00488348584240471,-0.007135109164376327,Ridge_alpha_reescolhido,60
-4.051520153958835e-05,5.366168038665608e-05,0.00017144046560413158,0.0004246103468884575,0.0008703576411528961,-7.084239570202136e-05,Ridge_alpha_reescolhido,60
-8.968169122371524e-05,-1.043169308200805e-05,0.0006401023185338533,0.001338336331343109,0.0017182791568559562,-1.2422974908945496e-05,Ridge_alpha_reescolhido,60
-0.00022703531205277899,-0.0008578678290291528,-0.001177451468533871,-0.0008779753125554737,-0.0012341901425326177,-0.005881740031997637,Ridge_alpha_reescolhido,60
-0.000168147586897016,-0.0008300559527374134,-0.0014098725981583245,-0.0026286246412677043,-0.0028797691755382466,-0.003681057041083111,Ridge_alpha_reescolhido,60
-0.00023439703989231475,-0.0009888199987786923,-0.0009675729384204845,-0.00021545021930667255,0.0022372812104051033,0.0023239027373151934,Ridge_alpha_reescolhido,60
-1.4070724409710781e-05,0.0001221459480072311,0.0011971138132459455,0.0029773209767779,0.005068145156548289,0.0037976606513858992,Ridge_alpha_reescolhido,60
-0.00025994472013765184,-0.000786191290154212,-0.001295673406970825,-0.0025064247223861593,-0.004400474049389049,-0.007839357156364008,Ridge_alpha_reescolhido,60
-0.00021889388522312072,-0.0008531419207524489,-0.0009275652242827846,-0.001555886117201009,-0.0031987448234165263,-0.006239760040006644,Ridge_alpha_reescolhido,60
-0.000150627899840605,-0.0008421448403496577,-0.0018141133316157622,-0.00342899147034217,-0.004477087216765732,-0.01050981365529512,Ridge_alpha_reescolhido,60
-9.718648289320889e-05,8.495631314235325e-07,0.00034222781786706657,0.0017406230868640025,0.003399222500327436,0.0030257200424139287,Ridge_alpha_reescolhido,60
-0.0002051897991250223,-0.001110550719480522,-0.001835600765754835,-0.004257614399691322,-0.005082194916837219,-0.005936673669391355,Ridge_alpha_reescolhido,60
-0.0001417524142928924,-0.0008576573479990116,-0.0016847083022626817,-0.00337836965037789,-0.004325661802362031,-0.006052429961548608,Ridge_alpha_reescolhido,60
-0.00017672463061060625,-0.0011913835695477075,-0.0015364168061489355,-6.1023266480449715e-05,-0.0009651763021151537,-0.005215110307272409,Ridge_alpha_reescolhido,60
-9.36121220513919e-05,-3.703083119473663e-05,0.0003628898982172026,0.0014626138792523098,0.0022534800648130347,0.003289009280002466,Ridge_alpha_reescolhido,60
-0.00038483120105503024,-0.0015070212380188335,-0.002857334711540476,-0.005272359335445585,-0.00668280642532823,-0.015737302659484458,Ridge_alpha_reescolhido,60
-2.7420912329468362e-05,0.00023716972591521994,0.0010062017808703547,0.0025858591450887633,0.004527605814265569,0.006369691667619777,Ridge_alpha_reescolhido,60
-0.00034348693473217783,-0.0010938574568927974,-0.0021384169679722126,-0.0038549458860807164,-0.005868323996170218,-0.012974547861901293,Ridge_alpha_reescolhido,60
-0.00017524291326174874,-0.0007843342392062937,-0.0014317223553917443,-0.0028536608208368326,-0.005066318112278063,-0.014006539587251522,Ridge_alpha_reescolhido,60
8.478753487629103e-05,0.0005836721807848527,0.0011614215368832648,0.002590797352384192,0.006911520907072978,0.011831710764316352,Ridge_alpha_reescolhido,60
6.772923962938288e-05,0.0007783728204725835,0.0014531667566397206,0.003554939175303847,0.004496797417021676,0.004812317145626362,Ridge_alpha_reescolhido,60
-0.00040132700719118443,-0.0017976198793406889,-0.0027496232070646632,-0.005111304851471189,-0.0053282905025832565,-0.00641141857406945,floresta_hiperparametros_fixos,60
-0.0009030130014132679,-0.004106220258037124,-0.007020469101329983,-0.012823069853809835,-0.016606484239167153,-0.014427244721666222,floresta_hiperparametros_fixos,60
-0.00026225646732914954,-0.0005602172815126771,-0.0013567997534860235,-0.001133860486062965,-0.0005657175365952375,0.00372606653610752,floresta_hiperparametros_fixos,60
-0.00032625344834486144,-0.00135694574563317,-0.002249741241092999,-0.0031917756976450515,-0.00413122137078262,-0.0046282318824702505,floresta_hiperparametros_fixos,60
-2.9303480674627326e-05,-3.390797383497911e-05,0.0004430760403995213,-0.000229009062879048,-0.0020152348463059865,-0.008072903507657924,floresta_hiperparametros_fixos,60
-0.00021789815917597937,-0.0006176963474377747,0.0002191378375960164,0.0032597755318862507,0.0057713456848479654,0.009481626142101747,floresta_hiperparametros_fixos,60
-0.00029114513117225104,-0.0008624812540619282,-0.0011412102659264247,-0.003546368832731006,-0.009025606113454978,-0.024728660021549317,floresta_hiperparametros_fixos,60
0.000208414846003032,0.0012866134883753053,0.0005744905660368655,0.001178492173287665,0.00315675034781943,0.004850331898235963,floresta_hiperparametros_fixos,60
-0.0006577822645500448,-0.001836696831960739,-0.0034436786848834407,-0.006070741659015966,-0.007171428388398036,-0.007322156752471494,floresta_hiperparametros_fixos,60
2.0243440730595346e-05,0.001076904277233718,0.0024515674564061715,0.0052759124477033525,0.007966794426124663,0.005258425907429511,floresta_hiperparametros_fixos,60
0.00012412748633865316,0.0007053406600188777,0.0024491815427993484,0.005840346803456588,0.008898655334386588,0.012912590940086694,floresta_hiperparametros_fixos,60
-0.0003031980249398825,-0.0010973364436318292,-0.0014484385535067754,-0.0028559139896136144,-0.0028833541995710353,0.0046848311010170346,floresta_hiperparametros_fixos,60
-0.0001601422105415939,-0.001714122264316787,-0.004213006907811677,-0.004891633359171307,-0.00552818365619723,0.0003936759158654493,floresta_hiperparametros_fixos,60
7.482839708055726e-05,-0.0004164772019745104,-0.0008947675250489049,-0.0025598889154348744,-0.00057744875887725,-0.0024069596084784566,floresta_hiperparametros_fixos,60
5.580042170812087e-05,7.543533210954733e-05,0.0014608997401794157,0.004150979043548225,0.0045034135740327,0.0007122272613813088,floresta_hiperparametros_fixos,60
-0.000742484268750612,-0.0020147551110948057,-0.0037247891283354786,-0.008153422966022204,-0.01382647960662328,-0.021297803815807946,floresta_hiperparametros_fixos,60
-0.0003402263421459241,-0.0009342613589542344,0.0005709287105864839,0.0017268640324652198,-0.0017857059268579242,-0.04197544107394291,floresta_hiperparametros_fixos,60
7.126401872611034e-05,-0.00015365712928129872,-0.0008458848534135784,-0.0020720390320290555,-0.0033759722120407227,-0.003123125207827481,floresta_hiperparametros_fixos,60
-0.00047237985180830053,-0.0013833636079236434,-0.0018451898916070472,-0.0030618172806289637,-0.004836368456716335,-0.01790380707462084,floresta_hiperparametros_fixos,60
-0.0004585940576019191,-0.0024277562013235885,-0.004067553429317006,-0.007770357129451907,-0.010227433545182709,-0.0033704565195665846,floresta_hiperparametros_fixos,60
-0.00011086079114882052,0.0008815014816085269,0.0017480961552884516,0.00022066394690711748,-0.0011211261232529557,-0.003144882020988867,floresta_hiperparametros_fixos,60
-3.324084428134008e-05,0.0011482710290859758,0.002188654812827589,0.0031379791565676195,0.0012349667351161861,-0.016479322305254864,floresta_hiperparametros_fixos,60
-0.0003752577300923819,-0.0014584107942603355,-0.001981342092047437,-0.0020479903600479034,2.693793891806781e-05,0.007589493370771462,floresta_hiperparametros_fixos,60
-0.0002590604917533646,-0.001450497891358791,-0.002676780851465564,-0.0019785164022087893,0.00020375468944142913,0.012980388350547533,floresta_hiperparametros_fixos,60
-0.00025534334329604193,-0.0012047818738722925,-0.0015653265854489748,-0.002252611404782707,-0.0038207522037060726,-0.009083871389239844,floresta_hiperparametros_fixos,60
-3.8593445883050366e-05,0.0001047715085894254,0.0005826496025518462,0.0015841066183538476,0.003996620088318068,1.9132324831024422e-06,floresta_hiperparametros_fixos,60
-9.409515631352934e-05,0.0002643442528223879,0.00031511631975306614,7.69759770123023e-05,-0.0008161628312485904,-0.008039862850338515,floresta_hiperparametros_fixos,60
0.00011161401839449789,0.0010227207826093245,0.003040720269066567,0.007996279110382561,0.01281370049537032,0.011355776089236642,floresta_hiperparametros_fixos,60
-9.195886923077966e-05,-0.0008764473206890154,-0.002422592946635733,-0.006857093623272988,-0.011174641454211185,-0.018279499174976926,floresta_hiperparametros_fixos,60
-0.00021011235995445514,-0.0010289618721588474,0.0012508556911618235,0.002071196356313005,0.0005695171834394867,-0.0060353768603713795,floresta_hiperparametros_fixos,60
-0.0006122512447527548,-0.003062527459341352,-0.005691805183389468,-0.009308916042475756,-0.010873804008300502,-0.013637378801392515,floresta_hiperparametros_fixos,60
-0.00033321784507984775,-0.0010660952359336966,-0.0012868254848869872,-0.0027493529688043714,-0.003741658431532896,-0.006819051545857475,floresta_hiperparametros_fixos,60
0.00042577870648368804,0.0019080716635740667,0.003217218680747155,0.0034689263727997847,0.003372684151642059,-0.004604664039683821,floresta_hiperparametros_fixos,60
-3.540125477250428e-05,-0.0001545635680253913,0.00013622596631752108,-0.0009657479981525785,-0.002181724006986147,-0.008938755712559464,floresta_hiperparametros_fixos,60
-0.00047616630386840525,-0.0016987318498812279,-0.0032304633726962873,-0.008199157080131988,-0.014126447808973635,-0.02803056952462901,floresta_hiperparametros_fixos,60
-0.0008303599666385654,-0.003128582103482339,-0.005643995284196462,-0.009969540647945018,-0.013433017973519205,-0.019443462515298267,floresta_hiperparametros_fixos,60
0.00026637158745717806,0.001117654634703039,0.002540878604215203,0.004012597481443538,0.0047919223157887195,0.005716009914117852,floresta_hiperparametros_fixos,60
-0.0003783938488894199,-0.0018935899555428727,-0.0036262012707201975,-0.008778473607769332,-0.01394807436532564,-0.019582706622929394,floresta_hiperparametros_fixos,60
-0.0004689736454999644,-0.001865803725247669,-0.002852074953846917,-0.004729050250881787,-0.004261657739828003,0.010764700684813722,floresta_hiperparametros_fixos,60
-0.0005342211422712191,-0.00041806771786048665,0.0001676135072621165,0.0021185367023252803,0.005241889732733596,0.012163952287668953,floresta_hiperparametros_fixos,60
-0.0003439818860877585,-0.0009470069591169774,-0.0010924476180578357,-0.0011595289680333188,0.0030544072884351394,0.0021456837431630253,floresta_hiperparametros_fixos,60
-0.0002545297851307409,-0.0008736443101417984,-0.0011367479311230003,-0.001768057067475927,-0.0015017745498312081,-0.009751279698649716,floresta_hiperparametros_fixos,60
-0.00017047865608966058,0.0003264997447891768,0.001948551611248671,0.0033414145973093344,0.007516968318340348,0.01398896788756299,floresta_hiperparametros_fixos,60
-0.00018962634718844626,-0.0013244777044405338,-0.0029534552832136537,-0.006527015258021112,-0.011231219998777053,-0.014851957651420413,floresta_hiperparametros_fixos,60
-3.085858171200051e-05,0.00042809602907703596,0.0018196648646328568,0.003749177624726029,0.0036562799209826006,-0.003794100952847231,floresta_hiperparametros_fixos,60
-2.2417199989955866e-05,0.00020014721219208722,0.0007417178308715757,0.0014996417691512348,0.0010566136119970634,-0.0044819199818093005,floresta_hiperparametros_fixos,60
-0.0002640171598253428,-0.00040494433121741777,0.0012741818267438115,0.004571677185494921,0.008904090466949977,0.016131946876975816,floresta_hiperparametros_fixos,60
-0.0002038973667438997,-0.0006426673525218179,-0.00029579932754882386,-0.001147003339603441,-0.0036362325898207115,-0.009528588927267712,floresta_hiperparametros_fixos,60
-0.0001480413235555365,-0.00016396810407575738,0.0005622594107371589,0.0015418704786087755,0.006115002446768893,0.02175903188083237,floresta_hiperparametros_fixos,60
0.00033146341654775044,0.002318885528103214,0.005088424582354249,0.012030457569896782,0.019438972345334662,0.015597783823234065,floresta_hiperparametros_fixos,60
0.00034738652141091275,0.0014002398284201345,0.0016630589466255254,0.004674353359528194,0.006490867820634154,0.0037858980284731693,floresta_hiperparametros_fixos,60
-0.00011904999824195115,4.265395727056227e-05,0.0013766172478207272,0.004069880713251155,0.00690623160514124,0.0035214572782383408,floresta_hiperparametros_fixos,60
0.0005514099517573778,0.0017591915708374724,0.0006927394051109633,-0.0013128825021368224,-0.0025963284471979733,0.0031993347683213005,floresta_hiperparametros_fixos,60
-0.00025315586075033263,-0.0012314323970731014,-0.002125771858013589,-0.0038428783766427128,-0.004894275798692457,0.006856986706625495,floresta_hiperparametros_fixos,60
-3.7253483609940204e-05,-0.0005122019962641994,-0.0010550945489928576,-0.001217607859566865,6.877276857863392e-05,-0.0034173626072326337,floresta_hiperparametros_fixos,60
-3.250351590064879e-05,0.0003866333478818465,0.0021089932561755807,0.005225760478528324,0.008974615705878083,0.017301691929128653,floresta_hiperparametros_fixos,60
-0.0012528527580358453,-0.0025658431503828264,-0.0038253361591676274,-0.006208677890380266,-0.00899549471382593,-0.013135030881221125,floresta_hiperparametros_fixos,60
9.053547611952807e-05,-0.00032783811122700753,0.00019432404382784506,0.001300044165616171,0.0019668391560625515,-0.007760250341528526,floresta_hiperparametros_fixos,60
0.00020518446912957928,0.0005918843889090577,0.0011266158785131026,0.0023353254685147123,0.0029945720636314916,-0.005117481647571306,floresta_hiperparametros_fixos,60
-0.0003881672169360873,-0.001636997492233048,-0.003172301376376123,-0.007230794006279218,-0.011655391887485591,-0.01754236143984688,floresta_hiperparametros_fixos,60
6.766451125057751e-05,0.0005601909487971587,0.0010616988108803627,0.002312525565511934,0.0024393604500082826,-0.0004053345411506867,floresta_hiperparametros_fixos,60
-0.0004879680015190488,-0.001963021348271585,-0.002498599887585212,-0.00331928613509096,-0.0032981235417474573,-0.0003830014152644897,floresta_hiperparametros_fixos,60
-0.00024721541060762446,-0.0014703605407843298,-0.0022394524123458613,-0.002692370505619735,-0.003022096706883433,-0.0031105106461970797,floresta_hiperparametros_fixos,60
0.00010907592210811195,0.0012662670916672597,0.0036498769287687536,0.007399796444758048,0.011665386142041755,0.011741026507639606,floresta_hiperparametros_fixos,60
-2.3002333032827272e-05,0.000436740316141432,0.0014830881958393684,0.0037485331378018637,0.006333808227933114,0.005185140912005741,floresta_hiperparametros_fixos,60
-0.00018520456353549186,-0.0004306759147644764,0.00015271255731986232,0.0005243545724105787,-0.0010924620132416205,-0.016504498405151627,floresta_hiperparametros_fixos,60
-0.0004920733234552449,-0.002649504091092017,-0.0052879597553503205,-0.01022321638734506,-0.01615694214333155,-0.02511895706123069,floresta_hiperparametros_fixos,60
-7.610584308966437e-05,0.000128981441183101,0.0005552490533362126,0.0007305198571482323,-0.00043852364754905205,0.00044756311809867705,floresta_hiperparametros_fixos,60
-0.00015606987154468318,-0.0010289541102936107,-0.0013782266016235517,-0.0015284189991745473,-0.0019396360576827395,-0.00790214307066359,floresta_hiperparametros_fixos,60
-0.00043464447458345894,-0.0021069864060298954,-0.0033543727540514463,-0.008916430696209355,-0.01319832327370733,-0.02026449083347975,floresta_hiperparametros_fixos,60
0.0005992734089962982,0.002105914285472118,0.003938219692771732,0.006962786848233227,0.008950955692816164,-0.00131375946654814,floresta_hiperparametros_fixos,60
-0.0005282889442361791,-0.0024771665931562076,-0.0037965598771063035,-0.008754245325808409,-0.012426252505655426,-0.015272874246999793,floresta_hiperparametros_fixos,60
-0.0007988159791725601,-0.0029254105120232513,-0.002996794063653423,-0.003194620457568145,-0.0021126758240518303,-0.0075920564712530815,floresta_hiperparametros_fixos,60
-0.00010741128253240407,-0.0003196166509779983,-0.0003481111095197968,-0.0002657370763868329,0.0006966016452396013,-0.008046272615666638,floresta_hiperparametros_fixos,60
-0.00041618190359763357,-0.0014049359461716798,-0.0023427835441917405,-0.005717903334594629,-0.008289835093786562,-0.008197632978972844,floresta_hiperparametros_fixos,60
0.00017011107144774534,0.0008773269328035897,0.001033926711752166,0.0002449727783470498,0.001023078911165267,-0.0027116601876680043,floresta_hiperparametros_fixos,60
-0.0005613869523964076,-0.0014736117363555444,-0.0028399805691217642,-0.004054761499370177,-0.0031469340009058957,-0.003126988531050978,floresta_hiperparametros_fixos,60
-0.0002707934799056956,-0.0010789706588614277,-0.0017170543000808124,-0.004850692995805169,-0.011719754416320411,-0.030017498469623222,floresta_hiperparametros_fixos,60
-0.00034564465335204465,-0.0015445654844539747,-0.002430454140710021,-0.00443424017521262,-0.006543756953971991,-0.010948757468778426,floresta_hiperparametros_fixos,60
-0.00030506880212860255,-0.0015157686815608449,-0.0030369363278342472,-0.002862359042641604,0.00034560215628808813,0.0014154160565105739,floresta_hiperparametros_fixos,60
-5.706925751876489e-06,0.0002046364378851105,0.0006561895488736431,6.9068638711388e-05,-0.002042679611360739,-0.01566182016900096,floresta_hiperparametros_fixos,60
-9.318024874671546e-05,-0.0006608395641450999,-0.0004307911803024909,0.0005872361002899016,0.0011393571569532801,-0.0037134834501344714,floresta_hiperparametros_fixos,60
7.091999349888265e-05,0.000731863932075008,0.0011899652050434363,0.0031004128364121126,0.00439420917670666,0.0037715956555013,floresta_hiperparametros_fixos,60
7.834443136906161e-05,0.0008300055496821936,0.00231614381684931,0.004474694887824388,0.008718885891032155,0.005041903155156899,floresta_hiperparametros_fixos,60
-5.239157070441736e-06,0.00016710152936239898,0.0011919338563467889,0.0016992395267006362,0.0015978913426705646,0.00031252002821872304,floresta_hiperparametros_fixos,60
-0.0009528344933117405,-0.004731223398170243,-0.008772406419733675,-0.016558935520814638,-0.02418140975609787,-0.05421706099868501,floresta_hiperparametros_fixos,60
-0.00022693464731816267,-0.0013395987515567882,-0.002848671053515679,-0.007074230604959747,-0.011031287312058125,-0.0021519817872284494,floresta_hiperparametros_fixos,60
-0.00026041620944616594,-0.00028417923667423286,1.7086940597723013e-05,0.0011526540855880012,0.004396950794466022,0.01281102291092654,floresta_hiperparametros_fixos,60
-0.0003561030521296299,-0.0018870101687624677,-0.003703762718973171,-0.007399394981134399,-0.013305805552885665,-0.0417768367486088,floresta_hiperparametros_fixos,60
-0.00020464235521435397,-0.0005165768658758705,0.0002679343604416869,0.0029966873892621534,0.00782951346693066,0.020682270796532103,floresta_hiperparametros_fixos,60
9.110130857326099e-05,0.0002525426996647236,-6.046488963748911e-06,0.0001939160678808626,-0.000251765099285133,0.006965393343654916,floresta_hiperparametros_fixos,60
1.6570680327528246e-05,0.00022591394506948293,0.001168019511240708,0.0026576940092095623,0.005027160539525008,0.009636458847653422,floresta_hiperparametros_fixos,60
-3.976426281882624e-05,-0.00016989339799096295,0.0009970860427730148,0.003816871453696771,0.006611611035075857,0.013148221547312482,floresta_hiperparametros_fixos,60
1.4951525316128174e-05,0.0015578608832578144,0.003688578985035052,0.006700047627301744,0.009154829459593469,-0.0030268194365401977,floresta_hiperparametros_fixos,60
-0.0002957141955291093,-0.0007674948228455292,-0.001609475684753155,-0.0026442216493536416,-0.002765399577032914,-0.0031269821670469717,floresta_hiperparametros_fixos,60
-0.00023733689405456619,-0.0012730707764094177,-0.003404786063662557,-0.0071460760535669385,-0.012415062607850604,-0.005536716121412427,floresta_hiperparametros_fixos,60
-0.00024590751237083767,-0.001074240873426873,-0.00148844565931104,-0.003191545002803867,-0.004266882676731853,-8.04488045770788e-06,floresta_hiperparametros_fixos,60
0.00012105101141077031,0.0005478827352671836,0.0016125093059971374,0.003487396098324265,0.00500377148017255,0.0035285288261803637,floresta_hiperparametros_fixos,60
-9.195896370004453e-05,0.000970917268097979,0.002578534852639125,0.0031508028304847425,0.004187410021242425,-0.0012793038439563244,floresta_hiperparametros_fixos,60
-0.000552632184248967,-0.002746284482333253,-0.003946250417890533,-0.00635205577501263,-0.011220737047815588,-0.02954574950001574,floresta_hiperparametros_fixos,60
-0.00031068759866416287,-0.0009954115874772726,-0.0017642012954706989,-0.005064930959111195,-0.01022108315934533,-0.023974807414504595,floresta_hiperparametros_fixos,60
-9.59575576941408e-05,-0.00035019811794911323,0.000704496598153512,0.005180924314149712,0.012318996209161328,0.04466427108299873,floresta_hiperparametros_fixos,60
-0.000436199245128968,-0.0010654786301992636,-0.002599988306653748,-0.005940107117027271,-0.010280008050535855,-0.02018833233047052,floresta_hiperparametros_fixos,60
-0.00028118176926072264,-0.000200086561209869,0.00011738796855683377,0.0009880753211455812,0.0027373625194391654,0.003359910719324827,floresta_hiperparametros_fixos,60
-0.000180998996459103,-0.001188758807984292,-0.0019410205934406938,-0.0061919156392953355,-0.011235160028452425,-0.02810742443772078,floresta_hiperparametros_fixos,60
-0.00022521548359830966,-0.0012297192701328323,-0.002096379869422304,-0.003093334194575823,0.0025545005030693443,0.009633787668969197,floresta_hiperparametros_fixos,60
-5.683069817446529e-05,1.2949692583393477e-05,0.0008349825094562059,0.0023071606050098555,0.0035733378469142824,0.015166634751190457,floresta_hiperparametros_fixos,60
-0.00022256141225101883,-0.0006620790189087955,-2.5778766903805447e-05,-0.000263749104616538,-0.0007342833331840257,-0.007215891750260742,floresta_hiperparametros_fixos,60
-0.0006196834877268633,-0.0031761586194770145,-0.00412789144514824,-0.005997504882586011,-0.008532956399950468,-0.047957414960560496,floresta_hiperparametros_fixos,60
0.00012962195948547736,0.0010104939804000583,0.0024652783006986756,0.0030597768895210915,0.0028824996912716594,0.004812831812946675,floresta_hiperparametros_fixos,60
1.051400885885023e-05,0.0005246755857247019,7.926817571407598e-05,0.0007713037258101147,0.004520269180516815,-0.00044348573658224694,floresta_hiperparametros_fixos,60
-0.000532976035457301,-0.0012248159326294769,-0.002867804077939961,-0.006306269773824107,-0.008638147374675088,-0.01644587645347626,floresta_hiperparametros_fixos,60
-1.3489098749132595e-05,0.00014082498337535568,0.0006044817974132213,-0.0017401689367043574,-0.0003474085896747606,-0.013313440540857115,floresta_hiperparametros_fixos,60
-0.0002642894874065911,-0.0011113809014921257,-0.0017840533604072423,-0.004859603133703093,-0.007180353889675161,-0.011269580376861094,floresta_hiperparametros_fixos,60
-0.00012017811649046827,-0.0002422331621144782,-0.0017058131436667526,-0.005374243566786844,-0.005958478889685723,-0.008604565562268384,floresta_hiperparametros_fixos,60
-0.0005868043033237981,-0.0018708324067048792,-0.004242631081425753,-0.011308477815580647,-0.019948708753041347,-0.03149827242144651,floresta_hiperparametros_fixos,60
-0.00027940502016829465,-0.0004955750488434871,-0.0007825017929437019,-0.0024346352570934525,-0.0025057597878598687,0.009075734574400019,floresta_hiperparametros_fixos,60
-4.388906596607314e-05,0.000157705490378549,0.00019195057660921464,-0.0018813801392317463,-0.002877786237216788,-0.0036524865180885746,floresta_hiperparametros_fixos,60
-0.00026750362620276075,-0.0009318511816489897,-0.0007751976381713716,1.098969757741714e-05,-0.0025962337246433747,-0.023657021928280238,floresta_hiperparametros_fixos,60
-0.0002705501536325604,-0.0022942044335744574,-0.005854661416268073,-0.008315319350025772,-0.011684248549307557,-0.03880495514011969,floresta_hiperparametros_fixos,60
-0.0003939029246295656,-0.0016763487235009356,-0.0033668805098236204,-0.006698350364153032,-0.008060315512600625,-0.013279303682143105,floresta_hiperparametros_fixos,60
-0.00021342538349834823,-0.001241974104142037,-0.002563615824282753,-0.004006686307878186,-0.0044179214993073715,0.00026573948686634094,floresta_hiperparametros_fixos,60
-0.0004677682188921269,-0.0003966906854365201,0.0010782632462984832,0.004284423234415849,0.0062078037013074665,0.0014015577776760324,floresta_hiperparametros_fixos,60
-0.0001594344317487032,-0.0004941879740582906,0.0017572560878906464,-5.9110387590694174e-05,-0.005877104663630267,-0.022840985304657817,floresta_hiperparametros_fixos,60
0.00010230983328316456,0.000729762037879751,0.0026882094577432587,0.0065981419071617885,0.009949521002857564,0.010401215199802248,floresta_hiperparametros_fixos,60
0.00027561525528105595,0.0017695362550620396,0.003446463558617921,0.006923361976058457,0.009840554343821379,0.008321307722490854,floresta_hiperparametros_fixos,60
8.941490327194579e-05,0.0010608470533724852,0.0030647591257731994,0.007160247473468088,0.009510853612023425,-0.004535625094319584,floresta_hiperparametros_fixos,60
2.6569796635458845e-05,0.000700233140586105,0.0014755884745697213,0.001846762556805803,0.001008330222515654,-0.006561887522630629,floresta_hiperparametros_fixos,60
-0.00039384296943161456,-0.0015072388993585917,-0.0018115516717736363,-0.0039430016753788525,-0.003911442505105782,-0.0010225345530125824,floresta_hiperparametros_fixos,60
-0.0004551379480491624,-0.0007224807637461743,-5.6854798582397585e-05,-0.0009351425753995732,-0.00013350213089005273,-0.005493784083882008,floresta_hiperparametros_fixos,60
0.0003027373396615721,0.0012327113645104184,0.0021401811170693617,0.003436467038716343,0.0034057230920398296,-0.018632440990700282,floresta_hiperparametros_fixos,60
-0.0004188711792649526,-0.0024412922549480603,-0.003431425263491903,-0.005111979367156418,-0.004523431615784745,-0.02449099415347082,floresta_hiperparametros_fixos,60
-0.00044907290325685284,-0.0011966576457203212,-0.0025900110643511973,-0.0071220151745920845,-0.013249893427053395,-0.01682387597686401,floresta_hiperparametros_fixos,60
-2.958207672570552e-05,-6.232384657014297e-05,0.00031346097090563876,0.0005909238781418316,0.000306641771437913,-0.005573399464008048,floresta_hiperparametros_fixos,60
-0.000601882762697104,-0.002361173645726772,-0.0025470181339158943,-0.002566854413023267,-0.003924745869223278,-0.020032394590617127,floresta_hiperparametros_fixos,60
-0.00020045452527852036,-0.0006420838159572611,-0.0012901857919166845,-0.004041173355480969,-0.007531419888761704,-0.008203658811481065,floresta_hiperparametros_fixos,60
-0.00046866424991260855,-0.0016870706307150758,-0.0024428678561899055,-0.005455746258400226,-0.004770416921104502,0.0001785942164479345,floresta_hiperparametros_fixos,60
-0.00025682291431853747,-0.0010115106372096665,-0.002113229849127312,-0.005455939211787545,-0.008353576766680469,-0.018066066504076224,floresta_hiperparametros_fixos,60
-8.483683692458053e-05,9.804616767040226e-05,0.0005167378244247384,0.0015759705922209358,0.0018917864489211838,0.00437271189641947,floresta_hiperparametros_fixos,60
-6.494235268368806e-05,-8.471955464461816e-05,0.0006159664617458581,0.0017458061712066375,0.002615233912756871,-0.0017285836151124737,floresta_hiperparametros_fixos,60
-0.0002596365657403762,-0.0005706214105727488,-0.00017113563864574628,0.00030486369741694695,0.00236521028823005,-0.0007921028301522372,floresta_hiperparametros_fixos,60
0.0004025926310396446,0.0021302065645854617,0.00314009585107019,0.004990856600107815,0.0062552008459697455,0.003605618026033806,floresta_hiperparametros_fixos,60
-0.0001689191648482571,-0.0007263940445576963,-0.0007599102032224946,0.00011664908499526613,0.0009277129139667888,0.004713621829214612,floresta_hiperparametros_fixos,60
0.00012082237859534664,0.0006324140560894314,0.0021757142730402723,0.005710894156073276,0.007823831500529094,-0.024051310912639054,floresta_hiperparametros_fixos,60
0.0002687622650700136,0.0019411770371814446,0.004720312391478416,0.010127166388776749,0.018585083211650245,0.03417789448510484,floresta_hiperparametros_fixos,60
-7.89940990457757e-05,1.108071175493681e-05,0.0005600307223946806,0.0010783891759032604,0.0014485581393026382,0.0006557837403019049,floresta_hiperparametros_fixos,60
-0.0003521071855686754,-0.0013567508942002693,-0.0021291982773502817,-0.0029963287880735083,-0.0036789808463283777,-0.008498642123427089,floresta_hiperparametros_fixos,60
-0.0002989866005280103,-0.0013984081133784645,-0.0025152857575023984,-0.005779681896079331,-0.008834178821010844,-0.010093407316227637,floresta_hiperparametros_fixos,60
-0.00030642508936668715,-0.0013609649611997126,-0.003661968477816003,-0.00733057828777539,-0.007667450175390213,-0.009931850140205844,floresta_hiperparametros_fixos,60
-0.0001966873706772256,-0.000555299208558475,-0.0007965642345464017,-0.0007715750324507195,-0.0013018101661089305,-0.0038717206509565837,floresta_hiperparametros_fixos,60
-0.0003223090844162585,-0.0012173247225272584,-0.003716223114646577,-0.008737171245572785,-0.013926481186285406,-0.015328708955937251,floresta_hiperparametros_fixos,60
-8.097500168922335e-05,0.00022642841415669492,0.0010142431902865955,-0.0007432875379921398,-0.0015691467628904127,-0.009385016733265016,floresta_hiperparametros_fixos,60
-0.0004287492008196346,-0.0018051964239606084,-0.002762561422121794,-0.005256610926618116,-0.009335685042339751,-0.013470069339244287,floresta_hiperparametros_fixos,60
-0.00013883156452401205,5.223151602020056e-05,0.0020466740797067595,0.0042017212000629205,0.006631331527381106,-0.004247053071727233,floresta_hiperparametros_fixos,60
0.0003272371784592016,0.0018296122630367926,0.0043128344155730575,0.008026764335114973,0.012057315848873955,0.00018703445005278308,floresta_hiperparametros_fixos,60
-0.0001475355816696043,-0.0011348311373329564,-0.00242135664844062,-0.004554037238924468,-0.006983870464526634,-0.006631312539250656,floresta_hiperparametros_fixos,60
-0.0007180932680534585,-0.002342005443945867,-0.0015312079958194568,-0.0013440727606919617,-0.005590480454717629,-0.026600435391041486,floresta_hiperparametros_fixos,60
-3.616934390308773e-05,-0.00044599931072830955,-0.00034723537305884986,-0.00048047047454329424,-0.002481012367419723,-0.00932350662101566,floresta_hiperparametros_fixos,60
-0.0006152681642704788,-0.002293197413981574,-0.004834684072784702,-0.008321440737623056,-0.014495550107198937,-0.037289026558864576,floresta_hiperparametros_fixos,60
-0.0005912956687178511,-0.0024957407829245435,-0.004831349706681898,-0.011135029585308863,-0.015593416226258374,-0.016528313982730244,floresta_hiperparametros_fixos,60
-0.0002582598714294811,-0.0013714975329368415,-0.0024939986719461145,-0.005284534162568668,-0.008405736255773575,-0.013883438637690438,floresta_hiperparametros_fixos,60
-6.798950969571881e-05,-0.00027913746680767346,0.0002638436771210044,0.0001500620521531574,6.75119976280203e-05,-0.004797248669186295,floresta_hiperparametros_fixos,60
-0.00013668160340727078,0.0006646481828345414,0.0008197987520800908,-0.001858230453688363,-0.0014078109817467458,-0.002188109988414553,floresta_hiperparametros_fixos,60
-0.00013297304297852177,-0.00022288415213842815,-0.0003831325998930238,-0.0004998996092498905,-0.00040742605143996965,-0.005897661595418549,floresta_hiperparametros_fixos,60
-0.0010099344830992202,-0.0035205929178487093,-0.0015056121998396409,0.001859815054921323,0.006245776392063463,-0.0024149630563923253,floresta_hiperparametros_fixos,60
-0.0005776505878042082,-0.00208622660508949,-0.004215797341360909,-0.00997666636845083,-0.013099579369302547,-0.012765602745920698,floresta_hiperparametros_fixos,60
-8.265041984265949e-05,-3.856388934261035e-05,0.0003606599294552712,0.0008680723995055522,0.0026480863045264826,0.010037718999542318,floresta_hiperparametros_fixos,60
0.0003484033650661638,0.0005887134608690338,0.0021698506667514154,0.008090800116498112,0.01097067680778885,0.0006910603224740073,floresta_hiperparametros_fixos,60
-0.0002836114259055372,-0.0012608463030221175,-0.002525112301313858,-0.00554167150451151,-0.00778226736875096,-0.011209538192168722,floresta_hiperparametros_fixos,60
-0.0004963480171396834,-0.0015307100322330535,-0.001757663896737237,-0.0014406835052999817,0.0004935219925510405,0.0039863359763604,floresta_hiperparametros_fixos,60
-4.213614894321337e-05,5.146009604644636e-05,0.0004326909486735284,0.002745462074965485,0.005030352384361133,0.01260452955988047,floresta_hiperparametros_fixos,60
-7.282839369382044e-05,-0.0008565673331372729,-0.0016376394396553128,-0.0027049654675988656,-0.004675197384685531,-0.004970340476913606,floresta_hiperparametros_fixos,60
-0.00042113461373787794,-0.00013750012137915608,0.0006839265799899632,-0.0033677222858742757,-0.0070239497926969105,-0.0027264303676259576,floresta_hiperparametros_fixos,60
-0.0002270213837218675,-0.0011971574642485427,-0.0011470117007951236,0.0021603259378562578,0.005795971630836038,0.001182422622855627,floresta_hiperparametros_fixos,60
0.00042535168481100025,0.002122653308721263,0.005019781626755648,0.012437109799792791,0.01833980442138474,0.011427501574580253,floresta_hiperparametros_fixos,60
-0.0003421346322524924,-0.0008477058324376191,0.000566747437610179,0.0013509835956452656,-0.00033131768948017995,-0.011852759616097133,floresta_hiperparametros_fixos,60
-5.173917997882708e-05,0.0004920307509980169,0.0017629663273712535,0.0035744938394603283,0.004108812870369817,0.004258716670457645,floresta_hiperparametros_fixos,60
-0.00015341176829657336,5.953388360952976e-05,0.001096573351522999,0.0031636280087468135,0.007347255144922125,0.02013639308181558,floresta_hiperparametros_fixos,60
-4.976821402431411e-05,0.0006888713261802318,0.002689267139337695,0.004100275101797116,0.004190363316921763,-0.0052452598677595694,floresta_hiperparametros_fixos,60
0.0002549173547527485,0.0009960515495084283,0.0027498889938125017,0.00449061552009166,0.006705484531972813,0.0040989262889359985,floresta_hiperparametros_fixos,60
-0.0008742310585750022,-0.002610932393626805,-0.0040326851194296565,-0.010215718605401665,-0.01433272830678367,-0.021724797947240793,floresta_hiperparametros_fixos,60
-0.00010297505367304543,-0.0006469449470319827,-0.0009870855795366172,-0.002190555331154443,-0.002522558591406235,-0.01735841779605349,floresta_hiperparametros_fixos,60
9.832872601330617e-05,-0.00013471624535261255,-0.0013370521627073767,-0.003451357158816715,-0.004799208540751493,-0.016911367996334303,floresta_hiperparametros_fixos,60
6.002176194187325e-05,0.0003714627074224933,0.0013339622813735694,0.002234372484967758,0.004057658701275867,0.01084591961684079,floresta_hiperparametros_fixos,60
7.305364254850673e-05,-0.00012771929911604412,-0.00028664969617125344,-0.0004121273188582155,-0.0005321949128057294,-0.005079426118641907,floresta_hiperparametros_fixos,60
-0.00012283754299089394,-0.0005639270842365343,-0.0005000077723095682,-0.0030718939130745236,-0.007255556410332875,-0.01110381076277015,floresta_hiperparametros_fixos,60
-0.00040585437979241646,-0.0017659892279066798,-0.0032153923088151927,-0.006050776740938247,-0.007541290512549091,-0.010020591829728342,floresta_hiperparametros_fixos,60
0.00015632345223778692,0.0015239073533618469,0.004216950425711733,0.009084261109242089,0.01322303059068667,0.01042508685261065,floresta_hiperparametros_fixos,60
-0.00014737831213182279,-0.0009534708405704302,-0.0017952122234997508,-0.0032138119986970916,-0.0031770679819568552,-0.009830578611000899,floresta_hiperparametros_fixos,60
-0.0002780886539703632,-0.0011359385417301963,-0.0019901934526238415,-0.003422032336715674,-0.0035295921295463565,-0.006190725338132776,floresta_hiperparametros_fixos,60
-0.00012043048193577365,-0.00013827937763898277,-0.0002810942987573321,-5.2878817170777996e-05,0.003024484400986419,0.004796877340013056,floresta_hiperparametros_fixos,60
-0.00014226843444017538,-0.0004912163673671566,-0.00010266598579908183,0.0020462319290381467,0.004361446705437602,0.007881339578252475,floresta_hiperparametros_fixos,60
-0.0006664089495821656,-0.00233384704333945,-0.0028562246998160815,-0.006131622502264154,-0.008140078076801168,-0.013471356248649365,floresta_hiperparametros_fixos,60
-0.0003184102543641047,-0.0007273333345665813,-0.0010631011420217803,-0.0008075424924252761,0.00046974951462384505,0.0016857390114342445,floresta_hiperparametros_fixos,60
-0.0005151699681328757,-0.0018428977885330913,-0.003071918349558515,-0.0052789031492371215,-0.005731756878384102,-0.00141891986643049,floresta_hiperparametros_fixos,60
-0.00030669166273613897,-0.0009501524614148857,-0.001123733981621869,-0.0047054775467874925,-0.006801836725697724,-0.014910348879919913,floresta_hiperparametros_fixos,60
-0.00022537896213748964,-6.821409993474605e-05,0.0007778151864208452,0.0004774600051924108,3.572529521472061e-05,0.006096941098291959,floresta_hiperparametros_fixos,60
-0.00043249033936095557,-0.000624802063811555,-0.0008124290789403301,-0.004701137803019893,-0.009687743629135727,-0.022496831351470566,floresta_hiperparametros_fixos,60
-5.224490652083563e-06,-0.0011333738331175298,-0.0024578925353439572,-0.006009112572074548,-0.011464305447205714,-0.03070158651780883,floresta_hiperparametros_fixos,60
-0.0005233021526920286,-0.0021641075944633763,-0.002848612918659506,-0.004351641471522334,-0.005365823413432548,-0.008129535965375943,Ridge_so_segundo_nivel,60
-0.0003064226863927322,-0.0016720832577169836,-0.0034625355395513837,-0.005638972210817924,-0.008668087317249407,-0.024835908014177496,Ridge_so_segundo_nivel,60
-0.000364171206099228,-0.0015488974851672317,-0.0029758741862108665,-0.0050047623337638545,-0.006227505417103949,-0.01154897539272154,Ridge_so_segundo_nivel,60
-0.00023751983300495627,-0.00046749233688507996,-0.0003741895979339274,-0.0004467199819989572,-0.0008630986642056171,-0.00854284196492531,Ridge_so_segundo_nivel,60
-0.00040472265417199776,-0.001049133349042121,-0.0018482269641290053,-0.003242973678344836,-0.0045668542130427175,-0.00859638835202903,Ridge_so_segundo_nivel,60
-0.0006075417562885902,-0.0017422592749472652,-0.002595430131039899,-0.005401410830589868,-0.006227019176002268,-0.011832929804590667,Ridge_so_segundo_nivel,60
-0.0006036366984568993,-0.001987045321710044,-0.0023626933856982463,-0.0036795618952422528,-0.0036494284274482744,-0.00835000436593723,Ridge_so_segundo_nivel,60
-0.0004169179667063921,-0.001534794496932724,-0.0023167592117567847,-0.0034524213817508716,-0.0052554760973854454,-0.014918857691954508,Ridge_so_segundo_nivel,60
-0.0002701343416839114,-0.0012765407862878693,-0.0022155342416127844,-0.0036267491870442302,-0.004475515949953645,-0.010398932859658542,Ridge_so_segundo_nivel,60
-0.0004460913442332878,-0.0018949602381811519,-0.0033248478267216192,-0.007316767324515091,-0.008725123318653525,-0.026884971551186906,Ridge_so_segundo_nivel,60
-0.0005644455838310442,-0.002114086083244554,-0.002429287936074222,-0.003625337770328167,-0.0038459014477910725,-0.012327668361223655,Ridge_so_segundo_nivel,60
-0.0003968020574054764,-0.0018755580431072353,-0.0038634037763430142,-0.007161386189816617,-0.009449724812820807,-0.02332153138218632,Ridge_so_segundo_nivel,60
-0.0004783598271541778,-0.0016274174369095536,-0.002634275023676933,-0.00597095996445846,-0.009123548641045634,-0.01584568562750174,Ridge_so_segundo_nivel,60
-0.0001929892765531933,-0.0008327803134793858,-0.00040819968667622406,7.632354418263714e-05,0.001595677782850139,-0.0030764508290252383,Ridge_so_segundo_nivel,60
-0.0004420281485294251,-0.001641135747141869,-0.002211297879863928,-0.0031034312817359976,-0.004035677539372918,-0.009748382822210418,Ridge_so_segundo_nivel,60
-0.00039490112484525536,-0.0014124309916700426,-0.0023719291510321933,-0.004696914365670052,-0.005648291965661473,-0.013529809815723362,Ridge_so_segundo_nivel,60
-0.00045466581822651127,-0.0016051149192084404,-0.0021770510736756617,-0.0024613922712680434,-0.003459077782162006,-0.012596630860913602,Ridge_so_segundo_nivel,60
-0.000300651010636923,-0.0012527425863978344,-0.0022793572770612443,-0.003945276174282311,-0.004898026028007741,-0.012516685388636662,Ridge_so_segundo_nivel,60
-0.0003917597899902466,-0.0012497715483736768,-0.001976056159278308,-0.004089632650309124,-0.005827853378279576,-0.023447727749636847,Ridge_so_segundo_nivel,60
-0.000199642495369706,-0.0005636370106730184,-0.00034564777602107274,-0.00045284090595205365,0.0006657331774046189,-0.00029709426119473443,Ridge_so_segundo_nivel,60
-0.0005073936595577906,-0.0027195021552251213,-0.005451318868225957,-0.01150999271287768,-0.014426843470466284,-0.028651267694480283,Ridge_so_segundo_nivel,60
-0.0006200182325455093,-0.002611087677681984,-0.0050132981587073695,-0.010565794969995292,-0.01492584858095627,-0.024305797224338562,Ridge_so_segundo_nivel,60
-0.00024197944897042165,-0.0006597390482989343,-0.00037117198244239746,1.4167232802149283e-05,-0.00055859639519377,-0.008203753897889307,Ridge_so_segundo_nivel,60
-0.00038591061364150235,-0.0009582387941536389,-0.0020100517465403956,-0.004550593667914735,-0.006694561128233552,-0.02112103059897873,Ridge_so_segundo_nivel,60
-0.0002719545686802533,-0.0009528295452526365,-0.0018771352850403945,-0.003663867537772352,-0.004190941240450009,-0.014017561325240811,Ridge_so_segundo_nivel,60
-0.00029021646097086547,-0.0012317289793207032,-0.001733120252021442,-0.002936952737020788,-0.0016323830016451426,-0.009597831891471923,Ridge_so_segundo_nivel,60
-0.0005734516450657241,-0.0015817690751476125,-0.003791548870621588,-0.008711401600159905,-0.013182093259928057,-0.02723504800533658,Ridge_so_segundo_nivel,60
-0.0005927523700891407,-0.0013338006183963393,-0.0030729742629927704,-0.008266677443782396,-0.013479515184332632,-0.028560523161370404,Ridge_so_segundo_nivel,60
-0.00018716019451997943,-0.0004450440608261736,-0.0005167057019980375,-0.0006751041401771841,-0.00043402125927985067,-0.0050604256806776075,Ridge_so_segundo_nivel,60
-0.0004008943827454845,-0.0015620179220238192,-0.0022849841160928405,-0.003911178773019835,-0.004769768504751851,-0.011669126618155645,Ridge_so_segundo_nivel,60
-0.000515435088277706,-0.0016004336399192795,-0.003217949148577458,-0.00668048367388392,-0.008416713089242104,-0.019515583201214798,Ridge_so_segundo_nivel,60
-0.0004958385424416033,-0.0017206806032545418,-0.0022673601539025625,-0.004145094893563961,-0.0045792180167802754,-0.010201426799699669,Ridge_so_segundo_nivel,60
-0.0003563846876588907,-0.0016306625533023136,-0.0028639000919589027,-0.005416772587242646,-0.007632245381689547,-0.01693709803004154,Ridge_so_segundo_nivel,60
-0.0002561029334988951,-0.001013288029554879,-0.001879013375348185,-0.0038050369844479888,-0.004766630146765342,-0.015049837425121238,Ridge_so_segundo_nivel,60
-0.0001361871207121355,-0.0007190919321384093,-0.0006492406508136608,0.00018534438568228555,0.0013122544721615409,-0.0059912584714417435,Ridge_so_segundo_nivel,60
-0.00021608069012970922,-0.0008080372225999248,-0.0019151306876373625,-0.003385047271244249,-0.005086862703841258,-0.016157982317883127,Ridge_so_segundo_nivel,60
-0.00031140986316834844,-0.001386256328927427,-0.0025403134810741686,-0.002915659644592218,-0.0022168884314036955,-0.011458837933305013,Ridge_so_segundo_nivel,60
-0.0005256727252978639,-0.0019527203356786377,-0.003937139532969992,-0.008780129757515905,-0.012799923629289837,-0.02640650053468752,Ridge_so_segundo_nivel,60
-0.0005056273032205433,-0.001217885380458606,-0.0006827059908623259,-0.0015439971496945372,-0.0010331949766903045,-0.0069826070105715845,Ridge_so_segundo_nivel,60
-0.00021751517973334167,-0.0007015148701892036,-0.001035790168362154,-0.0010565689823808099,-0.000490515261888326,-0.005601492636015949,Ridge_so_segundo_nivel,60
-0.00043935954139064375,-0.0014972252825637506,-0.0027133725928171425,-0.00704689015224848,-0.010330528020759266,-0.022232028838508878,Ridge_so_segundo_nivel,60
-0.00016983153430722483,-0.0007387069887531862,-0.0010181374489879576,-0.00097913877662281,-0.001060758522162253,-0.002877184107148232,Ridge_so_segundo_nivel,60
-0.00036867510685368096,-0.0015382324717843246,-0.0025307438201691663,-0.005924207913333005,-0.008387526749692597,-0.02136087642872228,Ridge_so_segundo_nivel,60
-0.0002355528271171975,-0.0007692084801632412,-0.0018549319330120751,-0.0029715897932690084,-0.003204908373415018,-0.010239693724263279,Ridge_so_segundo_nivel,60
-0.0004191272791861681,-0.0017434097449728196,-0.00195995764771255,-0.001887346805805542,-0.0010777432092086753,-0.00788804451499923,Ridge_so_segundo_nivel,60
-0.0004492455270866598,-0.001946470904344699,-0.0042743500961525595,-0.008633332691303203,-0.012200028378043048,-0.030175486477866695,Ridge_so_segundo_nivel,60
-0.00038698518534045615,-0.0015285800277980094,-0.002386978168384365,-0.004075560969567372,-0.007735661999391481,-0.025693699346830176,Ridge_so_segundo_nivel,60
-0.00020899318227965663,-0.0009050579937324957,-0.002324702507792053,-0.0061883660741794645,-0.010283842223702563,-0.0325131282136041,Ridge_so_segundo_nivel,60
-0.0008089853611923184,-0.002274670215847346,-0.0037976235360403753,-0.007416960592150148,-0.011220362911561461,-0.016911507486637348,Ridge_so_segundo_nivel,60
-0.00039308105891013495,-0.0013407002380061493,-0.0019120374152157582,-0.0032539225677043703,-0.003916430322841182,-0.008759812496677696,Ridge_so_segundo_nivel,60
-0.000252256510174267,-0.0010426101003957501,-0.0022763649526230407,-0.004039679447911257,-0.006419530897884248,-0.025749604953336298,Ridge_so_segundo_nivel,60
-0.00038303101082136576,-0.0013593983449930796,-0.0025685305608675905,-0.005335850209850341,-0.007912663726259515,-0.025036788052767267,Ridge_so_segundo_nivel,60
-0.00034384507389102314,-0.0013041757855201742,-0.001689018283816982,-0.003343577977636243,-0.005086049168434614,-0.01609868098594844,Ridge_so_segundo_nivel,60
-0.000356552381909127,-0.0009458173860666774,-0.0024490024228184183,-0.004743093887900049,-0.005365792696686798,-0.017281341197530813,Ridge_so_segundo_nivel,60
-0.0006682189281734829,-0.002512198394236872,-0.0038919101810728166,-0.006587340975507266,-0.009638905258485429,-0.020630963280077394,Ridge_so_segundo_nivel,60
-0.0004684920320584794,-0.0016388041317613262,-0.0024280703876137233,-0.005304301821013754,-0.007283014525836112,-0.01807721910774872,Ridge_so_segundo_nivel,60
-0.00039002940971214156,-0.0016887693296964755,-0.0023135041860624624,-0.004154741201275673,-0.006212112106021597,-0.01733814176554324,Ridge_so_segundo_nivel,60
-0.00047782303672936005,-0.0014763019250103272,-0.0018444518164610342,-0.0033132815907573254,-0.003692745963813934,-0.015040903079617706,Ridge_so_segundo_nivel,60
-0.00025642589057973324,-0.0013045710316992277,-0.002690032197133303,-0.006885921470044095,-0.010942960752905193,-0.02258452499722256,Ridge_so_segundo_nivel,60
-0.0004633706161651913,-0.0017259270844542087,-0.0034483048423996575,-0.007463864601445527,-0.009320613729353956,-0.016841902648124213,Ridge_so_segundo_nivel,60
-0.00023742729098296972,-0.0005160640389774851,-0.0010326577532283555,-0.002690856956784987,-0.005857646618246286,-0.018426491209680335,Ridge_so_segundo_nivel,60
-0.00034374816901565407,-0.0015116107535272341,-0.0019380997821168502,-0.002787101777773981,-0.0022969496587929186,-0.007974039267442536,Ridge_so_segundo_nivel,60
-0.000341428184918676,-0.0012531841518483057,-0.0015939995957756693,-0.0026848952812000147,-0.004165275948847866,-0.009684255523733799,Ridge_so_segundo_nivel,60
-0.00033724505007599735,-0.0015074052250770886,-0.0030127743065917396,-0.004912923775841134,-0.005472156985727963,-0.011685350644404228,Ridge_so_segundo_nivel,60
-0.0003352870012199202,-0.001316184067778798,-0.002576852809939595,-0.005911802028357412,-0.009309130963552752,-0.028241836066866328,Ridge_so_segundo_nivel,60
-0.0008573850387755457,-0.0026543139452315863,-0.005519389194337324,-0.011920969508430496,-0.01612091388931268,-0.030836931985270422,Ridge_so_segundo_nivel,60
-0.00032767461986844587,-0.0009207927873942956,-0.0013380389938314424,-0.0021402906557152893,-0.002669322423904164,-0.007015065582137005,Ridge_so_segundo_nivel,60
-0.0005868642824600937,-0.00245243254001815,-0.004179117244285275,-0.008308656041137256,-0.01131317150884817,-0.018014851694194638,Ridge_so_segundo_nivel,60
-0.0003908231857157207,-0.0010253481589396103,-0.0017600222527171519,-0.004245399933879642,-0.0068537814224310534,-0.01824337969887883,Ridge_so_segundo_nivel,60
-0.0004081268837189441,-0.0012028134672681062,-0.00315233490296799,-0.0071803713833564825,-0.010468451703956308,-0.022866125311330573,Ridge_so_segundo_nivel,60
-0.0005126364946644366,-0.0019585744204916877,-0.003208370098959219,-0.00453951967643265,-0.006161514536503845,-0.016805406771892094,Ridge_so_segundo_nivel,60
-0.00040198503653627926,-0.0017993831884901908,-0.002108138760026623,-0.0026682471726079808,-0.0015803745511813196,-0.009468929740753978,Ridge_so_segundo_nivel,60
-0.0005344657623279131,-0.0019027442989687693,-0.002890400599979828,-0.00520789959996048,-0.005974046683528038,-0.016397900449096735,Ridge_so_segundo_nivel,60
-0.0004918246409788703,-0.0020676384793929196,-0.003646305113081369,-0.005688650539067013,-0.006727479984624866,-0.014303384627919469,Ridge_so_segundo_nivel,60
-0.0005372568761219434,-0.0017787011325036848,-0.002455484331475646,-0.0052766741958782315,-0.00586127561470341,-0.016994461342005995,Ridge_so_segundo_nivel,60
-0.00048467768870049863,-0.002394900701408346,-0.0035008138404261325,-0.005074342137628771,-0.0054232829145149574,-0.01772835108341644,Ridge_so_segundo_nivel,60
-0.0005081284195678695,-0.0013040902939960093,-0.002785443375351921,-0.0062440252725953285,-0.009331940996815915,-0.017498518022088187,Ridge_so_segundo_nivel,60
-0.00032902975449696593,-0.0011537304958604382,-0.002074374810391953,-0.0032281264711530875,-0.003862024524876276,-0.006349206155605414,Ridge_so_segundo_nivel,60
-0.0002651264716419304,-0.000863758016481178,-0.0009065341985859888,-0.0017690789739732812,-0.0018411892266236428,-0.005954665612928082,Ridge_so_segundo_nivel,60
-0.0002805960228189781,-0.000834403978743862,-0.0012019297312359028,-0.0016100215872723552,-0.0020991590559253158,-0.009344317012077906,Ridge_so_segundo_nivel,60
-0.00040554073288308145,-0.0013441849468289096,-0.0019583095441504535,-0.003077683028597108,-0.002976470139817396,-0.008272478902645038,Ridge_so_segundo_nivel,60
-0.0002779583996198344,-0.0011421086061597938,-0.0014454641964284055,-0.0012865020127680522,-0.0011129098413294896,-0.0018708802574637152,Ridge_so_segundo_nivel,60
-0.0005448781886429378,-0.0017605999621450666,-0.003293404700123968,-0.007151201862633391,-0.01029837723709845,-0.028537009818610886,Ridge_so_segundo_nivel,60
-0.00033114884517296565,-0.0003641076850642209,0.000575949703770867,0.0011351268267538479,0.002586618661373304,-0.001588226145647845,Ridge_so_segundo_nivel,60
-0.0004496743675984321,-0.0017918589166545822,-0.0033507849821957166,-0.0062844313737189725,-0.009280530760492171,-0.023113322792327595,Ridge_so_segundo_nivel,60
-0.0003842618632560346,-0.001446288370902181,-0.0013830809943039854,-0.0007024930033071327,0.000798233245998304,-0.0009639832300605574,Ridge_so_segundo_nivel,60
-0.00034864412606621357,-0.0014362376625212344,-0.0021057122214123373,-0.004180108581647808,-0.004712028495001787,-0.015243825502156043,Ridge_so_segundo_nivel,60
-0.0005337904343278516,-0.002248278442101972,-0.003529536957591306,-0.005963363093967384,-0.006239914353975579,-0.02058327630623021,Ridge_so_segundo_nivel,60
-0.0005427892919592322,-0.002427374859341993,-0.004193059838851731,-0.0064107728672922635,-0.007225326328131492,-0.01659828423311088,Ridge_so_segundo_nivel,60
-0.00031808797643771193,-0.0011880791362743257,-0.0020342393987199245,-0.0045416685782595145,-0.00614111871457972,-0.01972262684510767,Ridge_so_segundo_nivel,60
-0.000543487709490112,-0.0024198127941433946,-0.004002586090963209,-0.006203264940885358,-0.007387830586411923,-0.019534263418393625,Ridge_so_segundo_nivel,60
-0.0004919058394072918,-0.0024584374629056114,-0.004524507377997715,-0.00919691680471937,-0.012236807233763315,-0.025623726961493388,Ridge_so_segundo_nivel,60
-0.0004557921659778191,-0.0016777772374928642,-0.0024628299284580445,-0.0047545327392435255,-0.00774140973338704,-0.024627546425839805,Ridge_so_segundo_nivel,60
-0.00037272742997964065,-0.0013055199056072695,-0.0016029214840553206,-0.0018664534246032255,-0.0025464738119287244,-0.005611902416332176,Ridge_so_segundo_nivel,60
-0.0006218979984304393,-0.0024616438415770393,-0.004647002950646106,-0.009536602498849304,-0.012712354632814019,-0.02869828731670328,Ridge_so_segundo_nivel,60
-0.0008006447823039114,-0.003165729399778307,-0.0047928190881436185,-0.006808892573939739,-0.008805326881368898,-0.026246387585771528,Ridge_so_segundo_nivel,60
-0.0007390866481176404,-0.003153413105727239,-0.0060140382521248325,-0.012269025635507193,-0.018238867901059747,-0.03251736371846091,Ridge_so_segundo_nivel,60
-0.00041823437450868683,-0.002070108059586702,-0.003443742560726637,-0.004682708504728557,-0.005675458667713477,-0.018805367769167827,Ridge_so_segundo_nivel,60
-0.0007130727520786738,-0.0025046102011599854,-0.004952225178878673,-0.009901241379437195,-0.015924273817266594,-0.03475594894206051,Ridge_so_segundo_nivel,60
-0.0005157849380100223,-0.001621721342051954,-0.0023893147168126236,-0.004630309943566482,-0.0052983515984070815,-0.009461406606808324,Ridge_so_segundo_nivel,60
-0.0005682278725119849,-0.0018564211325522188,-0.0027590511418835034,-0.003565398618267641,-0.0037005046450269245,-0.011511185759659873,Ridge_so_segundo_nivel,60
-0.00037665631722422243,-0.000992364805340926,-0.0015835738016520226,-0.004177012048884884,-0.005366144369272927,-0.017701462025148395,Ridge_so_segundo_nivel,60
-0.000471129073549184,-0.0010561426556406034,-0.0028142794478009585,-0.006065275910887656,-0.008065920416568395,-0.01722489020670038,Ridge_so_segundo_nivel,60
-0.0004986023875295385,-0.0020629347711648106,-0.003107214560643824,-0.005975860647402624,-0.007791306296340054,-0.016836085536078998,Ridge_so_segundo_nivel,60
-0.00040203085506467623,-0.0007040657797577546,-2.066926337439053e-05,0.0013535192320890492,0.004997277551395211,-0.002797669365165973,Ridge_so_segundo_nivel,60
-0.00024745682323217,-0.00029296960326181254,-0.00041339306889573516,8.699004002270744e-05,-0.0002632103809723137,-0.006374071716859649,Ridge_so_segundo_nivel,60
-0.00027452031087934337,-0.0009921681479037677,-0.0018176474148560884,-0.0035902581337790783,-0.00535168792509461,-0.017461759279739978,Ridge_so_segundo_nivel,60
-0.0004248431041868147,-0.0017176643462937973,-0.0023052816342245333,-0.003854674642346628,-0.0028016152845529354,-0.004425122904592564,Ridge_so_segundo_nivel,60
-0.00037099056803832674,-0.001515161500700905,-0.00258682373557941,-0.004131930820044072,-0.005961029040043119,-0.016496751600207714,Ridge_so_segundo_nivel,60
-0.0004748472409869095,-0.001996094770438063,-0.002847421587172214,-0.0044785187041934925,-0.008008226973376035,-0.01875794528980472,Ridge_so_segundo_nivel,60
-0.00049887425085455,-0.0019098493097227636,-0.0024056897590154407,-0.0037732140977276814,-0.005313880009652774,-0.01595153833697878,Ridge_so_segundo_nivel,60
-0.0007090053907397449,-0.0021633267863887173,-0.004609277973219261,-0.009992785591406176,-0.0150304724369538,-0.021836612854519336,Ridge_so_segundo_nivel,60
-0.00032845580922108295,-0.0011524868101039994,-0.0009400893877413469,-0.0014141851091210727,-0.002360478805998998,-0.01392220449625385,Ridge_so_segundo_nivel,60
-0.0002499669164735311,-0.0008414819400583323,-0.0019397958013154899,-0.004731099658349703,-0.007358561629866662,-0.018392325897757654,Ridge_so_segundo_nivel,60
-0.0006864690532695327,-0.002785773593004693,-0.005780158248713771,-0.01018468406346507,-0.01390854360837734,-0.029034753611316147,Ridge_so_segundo_nivel,60
-0.0003598585462163919,-0.001458364101506429,-0.0025430953181019822,-0.005388680162761731,-0.00905966811906282,-0.02395383129825406,Ridge_so_segundo_nivel,60
-0.0003948832220788578,-0.00162676459101725,-0.0036722955353341736,-0.008170234916054227,-0.011877824849563096,-0.02442168246116308,Ridge_so_segundo_nivel,60
-0.0002908421963559615,-0.0009523583467770473,-0.0016998748078634592,-0.003967261660489522,-0.005284662348837086,-0.013793918360830592,Ridge_so_segundo_nivel,60
-0.0006099305688504631,-0.0028187886622660936,-0.003648030145679676,-0.004765100714662356,-0.004573979985833672,-0.007970598455642365,Ridge_so_segundo_nivel,60
-0.00036961478601762316,-0.0015802688622250445,-0.002812886304500551,-0.004417008082714219,-0.006440123037497534,-0.016439876692925903,Ridge_so_segundo_nivel,60
-0.00027962345322064635,-0.0009134082117616298,-0.001798989959451846,-0.0038780203210105877,-0.004734226876368819,-0.012113004515497587,Ridge_so_segundo_nivel,60
-0.0005643566891797707,-0.0012392891544855318,-0.000331212215203528,-0.0006713354323869259,2.4352264542401934e-05,-0.014491489596164746,Ridge_so_segundo_nivel,60
-0.0005692520527366502,-0.0019708735099175827,-0.0034964047299732965,-0.005216813991463603,-0.007233583494352157,-0.016790896671725477,Ridge_so_segundo_nivel,60
-0.00020892143118777075,-0.000450693696425928,-0.0005746282545622435,-0.0005523560822494392,-0.0005390548365444712,-0.010768995560213037,Ridge_so_segundo_nivel,60
-0.0002405799507024595,-0.0010736401321861236,-0.0015599556287920614,-0.0024007039986149253,-0.002660245362428729,-0.011847449912439292,Ridge_so_segundo_nivel,60
-0.00037146239294772636,-0.0014797710233084805,-0.0024864319851612446,-0.004698105411045413,-0.00579907368166554,-0.012894165157456323,Ridge_so_segundo_nivel,60
-0.00025574548183619647,-0.0011459306293212658,-0.0014947056762211312,-0.0026340223217924856,-0.003863668554792564,-0.010931577106820531,Ridge_so_segundo_nivel,60
-0.0004300877663731684,-0.001502628887589547,-0.0020098167419745584,-0.004698347439616447,-0.006686096825320292,-0.026268231666245555,Ridge_so_segundo_nivel,60
-0.0003058596788719068,-0.0013290158984640061,-0.002281867199732955,-0.005518915731275385,-0.008757725882146855,-0.02436689448041796,Ridge_so_segundo_nivel,60
-0.00039920825374254647,-0.0021114813314914386,-0.003113960791016357,-0.0027050774714034364,-0.0018557467158337713,-0.011677179213504722,Ridge_so_segundo_nivel,60
-0.00047703045932874716,-0.0011717885343799888,-0.0017293805620262168,-0.002646701126313843,-0.0032928687322197245,-0.008046485309236153,Ridge_so_segundo_nivel,60
-0.0004381557438594819,-0.0013625800096087536,-0.002111572328971727,-0.0036468095405494646,-0.004540975201239238,-0.010773373200778839,Ridge_so_segundo_nivel,60
-0.0001402268565298587,-0.0009894016821404257,-0.0014647038082432463,-0.0026847619896838023,-0.004272894431350206,-0.014269091947628147,Ridge_so_segundo_nivel,60
-0.0006332215126601307,-0.0022734637717096206,-0.005122518644508561,-0.011173778731438296,-0.01696292103515524,-0.03452159731929223,Ridge_so_segundo_nivel,60
-0.00047693336996391245,-0.0017878712620650616,-0.003112261521477659,-0.00493178136375449,-0.005527970421691403,-0.009461696451968928,Ridge_so_segundo_nivel,60
-0.0005480327885562862,-0.0021286120113666917,-0.004059734299354021,-0.008333951473239383,-0.012153956008505228,-0.024865822922456544,Ridge_so_segundo_nivel,60
-0.000518559603536458,-0.0021288390738293597,-0.004210343933827665,-0.007316272807041038,-0.00820923951388222,-0.019759362504279107,Ridge_so_segundo_nivel,60
-0.0004718014287154123,-0.0017111091593478667,-0.0034287033719317198,-0.0067656368520969176,-0.008963109802889167,-0.019714033053011885,Ridge_so_segundo_nivel,60
-0.00011790544031812922,-0.0009857993027744013,-0.0009708838051626539,-0.0012163381584412995,-0.0023746085133634527,-0.013561352089237743,Ridge_so_segundo_nivel,60
-0.00041338845705579907,-0.0015024589850685163,-0.0029383567240081534,-0.005484518333038467,-0.0068677043575391256,-0.015982405758564366,Ridge_so_segundo_nivel,60
-0.00042745464188696607,-0.0015007383737975428,-0.0019320598299999217,-0.0021221951703988954,-0.0012571164865540394,-0.006003603306505633,Ridge_so_segundo_nivel,60
-0.000528796249206649,-0.0019965867893508597,-0.0035020204691696825,-0.006816341912418256,-0.00782289843994933,-0.015701129258755542,Ridge_so_segundo_nivel,60
-0.0003144686532088383,-0.001230126636241928,-0.0017920067593781338,-0.0033292740869720443,-0.0027772676007862007,-0.015260353150221808,Ridge_so_segundo_nivel,60
-0.0004365872186160059,-0.0020515420756281374,-0.0035066813186659202,-0.00645965939762386,-0.007959623141931174,-0.020269582012994582,Ridge_so_segundo_nivel,60
-0.00030705792854365295,-0.0010491142971549162,-0.0020262697127500437,-0.0038068444536900037,-0.007327798334301511,-0.028160356944666533,Ridge_so_segundo_nivel,60
-0.000441970232373489,-0.0013677979289868304,-0.00158812395236293,-0.0030381129142858935,-0.005512847966663166,-0.012993754234575805,Ridge_so_segundo_nivel,60
-0.000543468936001841,-0.0018732851663359083,-0.0033605574640656185,-0.007134254307197092,-0.01049614899852081,-0.02215102322888995,Ridge_so_segundo_nivel,60
-0.00033277545284276654,-0.0010428273572433194,-0.002064828975263467,-0.004343191314108277,-0.005170856545843711,-0.00912026851371972,Ridge_so_segundo_nivel,60
-0.0005473786357188039,-0.001915132348799169,-0.002111065828847547,-0.00260943412148661,-0.0013633147211258457,-0.004727916941504549,Ridge_so_segundo_nivel,60
-0.00043735486798701623,-0.0009442828126502123,-0.0021149097224628577,-0.005747663486488752,-0.008632969267126766,-0.021975790973123153,Ridge_so_segundo_nivel,60
-0.0003987739988476156,-0.0016321498874450342,-0.003372356365319204,-0.006599143494087763,-0.00803584877321984,-0.020320006936767037,Ridge_so_segundo_nivel,60
-0.0001661958952594802,-0.0009186328124126063,-0.001322674037079469,-0.0022957267420758245,-0.002815446731752047,-0.012577380411496277,Ridge_so_segundo_nivel,60
-0.0004134195480766167,-0.0014921939772671268,-0.0034309588462793617,-0.007607990491078188,-0.010954707989719946,-0.024734530804175717,Ridge_so_segundo_nivel,60
-0.0003547539917799572,-0.0014839614960717846,-0.0016958890368047469,-0.0011650374044298991,-0.0011101378248097662,-0.004457378317324947,Ridge_so_segundo_nivel,60
-0.000266581953188331,-0.0015763270830092037,-0.0025629723573711936,-0.004500230435137524,-0.006324894082393736,-0.014153906783192897,Ridge_so_segundo_nivel,60
-0.00027370696333759836,-0.0011365377147728886,-0.0014576893066795286,-0.0020201652879119976,-0.002522380414590813,-0.009347509199015887,Ridge_so_segundo_nivel,60
-0.00014907769713973562,-0.000559865252809767,-0.0005436649746135676,-0.0005858615104080923,-0.0007463246920416258,-0.007888569402655874,Ridge_so_segundo_nivel,60
-0.0004440567348406444,-0.001960704094542822,-0.003677202067746216,-0.006401387528007192,-0.00816003325764202,-0.02654986876527375,Ridge_so_segundo_nivel,60
-0.00021313771995905439,-0.0007215020632192143,-0.0013650460310713516,-0.0033605337495276853,-0.0035057590511969267,-0.013209270776426817,Ridge_so_segundo_nivel,60
-0.00041945311710629463,-0.0015006204716132927,-0.002847272950078939,-0.005201604620924005,-0.006670541823180154,-0.017080082333560696,Ridge_so_segundo_nivel,60
-0.00021085370382433073,-0.0012580842063120137,-0.0019120747440611605,-0.0033205142405772184,-0.004609374894219718,-0.014491320280678928,Ridge_so_segundo_nivel,60
-0.0006158862585073435,-0.0025769486568284995,-0.003353757482122685,-0.004869177459409364,-0.005248408963207479,-0.017970546849352714,Ridge_so_segundo_nivel,60
-0.0005827228347889858,-0.0022656224864667806,-0.0035273383637626356,-0.00548366223843888,-0.006195346033788752,-0.012627054026011008,Ridge_so_segundo_nivel,60
-0.000382292155775249,-0.0016351691105639748,-0.003278171218159113,-0.006844870752354691,-0.00857676562804156,-0.019995884310748935,Ridge_so_segundo_nivel,60
-0.0005232331087946288,-0.0015217765640865957,-0.0023782128506216233,-0.004175219652836549,-0.005470211710210575,-0.011496513926793309,Ridge_so_segundo_nivel,60
-0.0007424099973290314,-0.0029358383663015825,-0.005164652472629566,-0.010345961947776594,-0.013898698233173244,-0.02153960256592876,Ridge_so_segundo_nivel,60
-0.00016210501909633357,-0.0006226337448816888,-0.0005039510904703267,-0.0006127732864078657,-0.00025842431378410785,-0.011467038088796972,Ridge_so_segundo_nivel,60
-0.0006822019090081353,-0.002650301559409077,-0.00453939204476559,-0.0071929952582221734,-0.008166206775367542,-0.009847660110795069,Ridge_so_segundo_nivel,60
-6.36738262969299e-05,-2.1618859296062716e-05,-7.209979072110636e-05,-0.001518810400575413,-0.003402444204987604,-0.013523448726167847,Ridge_so_segundo_nivel,60
-0.0003985786607489643,-0.0016329839111373838,-0.002505981072181196,-0.0034318909436738283,-0.0041417742931542404,-0.0108594062338288,Ridge_so_segundo_nivel,60
-0.0002907541847443029,-0.0013054218441596744,-0.002725748913762177,-0.0059121368781918475,-0.0078759642960269,-0.01941220767496425,Ridge_so_segundo_nivel,60
-0.0003147198599386058,-0.0012894912500207715,-0.002374384483645892,-0.003949874916129812,-0.005721918427993508,-0.018844399279166108,Ridge_so_segundo_nivel,60
-0.00031827241362315166,-0.0017802114018647315,-0.0026422028710846703,-0.0025785408393627536,-0.0019199171393713245,-0.00888467261741097,Ridge_so_segundo_nivel,60
-0.00018603146056111504,-0.0005905431841299444,-0.0004066186807533717,0.0014611495528829943,0.003293868230837771,-0.001449492285068929,Ridge_so_segundo_nivel,60
-0.0003046789966795322,-0.001125095545995851,-0.00223242045115355,-0.004024034643580747,-0.0051510552264182425,-0.015320581798774583,Ridge_so_segundo_nivel,60
-0.000293016891633749,-0.0011490612358926325,-0.0017501241250693941,-0.002468800255433086,-0.002465850726784528,-0.010801127070657415,Ridge_so_segundo_nivel,60
-0.00026149931475611337,-0.0013710409220794003,-0.0017228436557449366,-0.003083039567193639,-0.0050658833952677024,-0.016691902553129623,Ridge_so_segundo_nivel,60
-0.0004328482472206296,-0.0008852952357904093,-0.0011498819064472044,-0.0016939676950870365,-0.0021393310321831433,-0.0060679825249876414,Ridge_so_segundo_nivel,60
-0.00045904873145226756,-0.0014302967664805344,-0.0025598453960872618,-0.004170555994848939,-0.0039059792482189475,-0.007061776638942537,Ridge_so_segundo_nivel,60
-0.0003181430719266549,-0.000785888885750251,-0.0009427551022497901,-0.0014245453218304533,-0.0009689778178270197,-0.009692532851340299,Ridge_so_segundo_nivel,60
-0.0004424247604770641,-0.0014956555525962956,-0.0017329210264383434,-0.0029329007418036806,-0.0032054888795097604,-0.008693428978222072,Ridge_so_segundo_nivel,60
-0.00044900140272634823,-0.0016357134199345164,-0.0023884132663198527,-0.0038635244553325756,-0.0044084146307131825,-0.012587149394658709,Ridge_so_segundo_nivel,60
-0.0004388330973592783,-0.0015110771803232871,-0.003839121280068792,-0.008627447062379919,-0.013261917605106654,-0.02874672959682215,Ridge_so_segundo_nivel,60
-0.00012830231742674288,-0.00032281115093132944,-0.0008540251596716554,-0.0021281146350689657,-0.0018543271532387162,-0.011485802620966597,Ridge_so_segundo_nivel,60
-0.00032503233586865787,-0.0010915699865584356,-0.0025265450340262686,-0.004749951622151423,-0.006550384405773709,-0.01749827567377025,Ridge_so_segundo_nivel,60
-0.00026618503939080903,-0.0009680404033168629,-0.001033958968164635,-0.0007570942525665513,-0.0009427687763258563,-0.006943727961281743,Ridge_so_segundo_nivel,60
-0.00038348780886147325,-0.0013004709290749927,-0.0021223984915849266,-0.00447321061772077,-0.00713395773771418,-0.020226880608959805,Ridge_so_segundo_nivel,60
-0.00038590475694022877,-0.0010499792721083802,-0.0020121229095417595,-0.004080790175267373,-0.005887857888375399,-0.009208541995242105,Ridge_so_segundo_nivel,60
-0.0003857301585278332,-0.0011145034865631606,-0.0009008724925459397,4.6139625831544756e-05,0.0011978537465164526,-0.0018421471037213639,Ridge_so_segundo_nivel,60
-0.0006572577881385814,-0.0021634213741779334,-0.0034579715741079593,-0.006163316349880034,-0.007976916000746848,-0.02368215081627494,Ridge_so_segundo_nivel,60
-0.00026274388889767526,-0.0005465824932011293,-0.0012137764691864397,-0.0020636450841295005,-0.002756243597341171,-0.009974268781948457,Ridge_so_segundo_nivel,60
-0.00040995990146213833,-0.0013160750285963307,-0.001672680138638786,-0.002908577486006558,-0.0037516370663331776,-0.007626662284597672,Ridge_so_segundo_nivel,60
-0.00029450357291059374,-0.000801237292375854,-0.0017377119460893784,-0.00405206415316369,-0.0062670670768567955,-0.01697517336348066,Ridge_so_segundo_nivel,60
-0.00040671282075586864,-0.0017411277886142963,-0.0014990269884035455,-0.0029060429520975065,-0.0037874619726051256,-0.017441663108238855,Ridge_so_segundo_nivel,60
-0.00020458178981457934,-0.0006443465209204859,-0.00013538221832199457,0.0016806685936274347,0.002303175428684302,-0.01068479360259201,Ridge_so_segundo_nivel,60
-0.0006769711281533858,-0.002533410978691332,-0.004940524803007274,-0.008613370612613384,-0.011841048658195564,-0.018249801214365705,Ridge_so_segundo_nivel,60
-0.00045367237171975764,-0.0016266934655865565,-0.003164216760620027,-0.006131942430323619,-0.010114787580455737,-0.021934237312073807,Ridge_so_segundo_nivel,60
-0.0003063590560405837,-0.0010024804370724577,-0.0020389296275840673,-0.0035450409714356626,-0.00536749382596966,-0.018052749134434058,Ridge_so_segundo_nivel,60
-0.0003703253080123631,-0.0011824284240757378,-0.002892023444519513,-0.005480382433124386,-0.007153612285278438,-0.022182624016297052,Ridge_so_segundo_nivel,60
-0.0005234636425693581,-0.0024506502114283618,-0.0034201012865217903,-0.004987447500008252,-0.007790301669759079,-0.026456066977236334,Ridge_so_segundo_nivel,60
-0.00047030054101271075,-0.0016344832479726205,-0.002715123802084937,-0.005307990724034682,-0.008381799185147892,-0.018744411368690997,Ridge_so_segundo_nivel,60
-0.0004473850947686726,-0.0013913115947963449,-0.0016083080201366071,-0.0028801690726577814,-0.004299986791786146,-0.015952507681563522,Ridge_so_segundo_nivel,60
-0.0004422800993664304,-0.0018986565649954615,-0.0018534274316761817,-0.0005200254973695242,-8.699799868795045e-05,-0.004548437024190227,Ridge_so_segundo_nivel,60
-0.0006768669134583967,-0.00266614046717958,-0.004740108714041011,-0.008201191682364526,-0.0096062417639997,-0.025034689463934168,Ridge_so_segundo_nivel,60
-0.0005068901783806489,-0.0014802845236143343,-0.002391148225172304,-0.004077589720932235,-0.005963932625859491,-0.012718247783562946,Ridge_so_segundo_nivel,60
-0.00041068932181768963,-0.0016364661669919474,-0.002638099758438535,-0.005116049144052462,-0.007887140742515043,-0.03183932753949388,Ridge_so_segundo_nivel,60
-0.00019082797793177608,-0.0005879849859309521,-0.0017709395174495273,-0.00396766603954647,-0.005396342574583124,-0.018829646341312734,Ridge_so_segundo_nivel,60
-0.00032720368044852297,-0.0011364441291128332,-0.0030873378482074794,-0.006817624038317122,-0.01033269879620631,-0.028374186114518193,Ridge_so_segundo_nivel,60
-0.000390199370464411,-0.0016001884593333502,-0.0023343769540149573,-0.004835013276889598,-0.005082226089412814,-0.017561231187188265,Ridge_so_segundo_nivel,60
-0.0005496855556281744,-0.0011526906268674486,-0.0024967469684442157,-0.006159170019279618,-0.00945310955541582,-0.023332762082852593,Ridge_so_segundo_nivel,60
-0.00046275120059712703,-0.0008473067092066136,-0.0010885856164261336,-0.00486670938889454,-0.007787253809565692,-0.020722533685030905,Ridge_so_segundo_nivel,60
-0.00034989190353020103,-0.0012720070888902091,-0.00136844427497375,-0.002248851674586005,-0.002219692417240399,-0.008210804165837025,Ridge_so_segundo_nivel,60
-0.00029117921783973374,-0.0011047876307827282,-0.002001048579403801,-0.004262673976192117,-0.006485769303850947,-0.02334310551524755,Ridge_so_segundo_nivel,60
-0.0005286025496969326,-0.0022801504716845507,-0.004137537444364467,-0.006600765029150149,-0.0076156606116495355,-0.01378631048576923,Ridge_so_segundo_nivel,60
-0.00026465744367784973,-0.001209938604660914,-0.0017606103604891259,-0.0029968182390845035,-0.003971775085242963,-0.009558765610945904,Ridge_so_segundo_nivel,60
-0.0005928439643739045,-0.0028745733654001984,-0.004835913905299326,-0.007884894760786677,-0.009969493557680089,-0.020408444684980244,Ridge_so_segundo_nivel,60
-0.0004534258358471927,-0.001798025471817252,-0.0015723447561642291,-0.0037447060807930662,-0.0039664643529605465,-0.010552864223055347,Ridge_so_segundo_nivel,60
-0.0004238158005022773,-0.0014127167398502616,-0.0018476879180421677,-0.002674750469858201,-0.003995577713007923,-0.016413235271735587,Ridge_so_segundo_nivel,60
-0.0006484172569794155,-0.0027238313029372143,-0.004490079885617945,-0.007715475523015594,-0.007117320148135386,-0.024569077604890497,Ridge_so_segundo_nivel,60
-0.00036785532548231357,-0.0016422442890167898,-0.0020015614296946807,-0.003007609159453359,-0.003967063345656792,-0.01883469831230545,Ridge_so_segundo_nivel,60
-0.00030811172769551373,-0.0009241167932200595,-0.002630163463456062,-0.006629719601008677,-0.010980025813983593,-0.026591981229826298,Ridge_so_segundo_nivel,60
-0.00037614266160307435,-0.001438900419030903,-0.0016037713576425763,-0.0015970542144453704,0.0003537047771671148,0.00030647379456617623,Ridge_so_segundo_nivel,60
-0.0004896320751568752,-0.0019538436217424768,-0.004060872158516681,-0.00797520767123684,-0.011589413433571632,-0.0177988724218507,Ridge_so_segundo_nivel,60
-0.0003665643395858132,-0.0012249613672893618,-0.0022765053546317097,-0.0050738054661915106,-0.007682525739822943,-0.016668085400931527,Ridge_so_segundo_nivel,60
-0.0007761785372459148,-0.0022337374052261876,-0.004438021158414632,-0.008931875182842528,-0.013294635881767424,-0.024162331481377773,Ridge_so_segundo_nivel,60
-0.00023690052113275193,-0.0009618740831730951,-0.0027617875358041063,-0.007046424748371127,-0.008983275466345787,-0.02097969311537554,Ridge_so_segundo_nivel,60
-0.00023740065153868422,-0.001135083237017657,-0.0017043999430493165,-0.0022084202995552057,-0.002722864700763858,-0.007703759949439874,Ridge_so_segundo_nivel,60
-0.00039402873493404135,-0.0014196765513957087,-0.002743741232946355,-0.004646517340783239,-0.005871221034139372,-0.015520705342216317,Ridge_so_segundo_nivel,60
-0.0004916854547312199,-0.0016666771894994822,-0.003013818967369022,-0.004224840415442698,-0.00553460266295228,-0.01781845535788616,Ridge_so_segundo_nivel,60
-0.00024719984937522947,-0.0009418380240526205,-0.0023132158135219954,-0.005494841962412708,-0.0094335107746727,-0.023279140637459717,Ridge_so_segundo_nivel,60
-0.0006817378339346119,-0.0030054687501114043,-0.005115906728583149,-0.008754802213967062,-0.011944104551811247,-0.02118573019234524,Ridge_so_segundo_nivel,60
-0.0003890200190934173,-0.001864565389217116,-0.0035892678967242297,-0.006394431171564886,-0.008216833367387384,-0.023420638185399984,Ridge_so_segundo_nivel,60
-0.00044443752907773567,-0.0015873713722520048,-0.00332219777243139,-0.006031719554180937,-0.008415280885064894,-0.01506543300724418,Ridge_so_segundo_nivel,60
-0.0003493784502794356,-0.0016729860032803862,-0.0020908416488523676,-0.002601638575510708,-0.0026145927572496152,-0.010285035432048228,Ridge_so_segundo_nivel,60
-0.00015788268608858878,-0.0009137426548657719,-0.0020065856390447966,-0.0038975887986471363,-0.006019065757527673,-0.020149607426729353,Ridge_so_segundo_nivel,60
-0.00039698538276773123,-0.0019384093325100354,-0.0031202601768969924,-0.004662637301426454,-0.00565480100881815,-0.015034587546530321,Ridge_so_segundo_nivel,60
-0.0001980703133518935,-0.0006007699048449109,-0.0001839403253223761,0.0008096335066938102,0.0019445580775489318,-0.00077718591825242,Ridge_so_segundo_nivel,60
-0.0004164645121786733,-0.0012969146219804066,-0.0029374599702620516,-0.006471637111525885,-0.00960813150806995,-0.017625610012704965,Ridge_so_segundo_nivel,60
-0.000526470138795307,-0.0016653352632260237,-0.0027772401967120215,-0.005418747278515856,-0.007839379765454926,-0.01777075979748966,Ridge_so_segundo_nivel,60
-0.00033302191179118224,-0.0013004647554215791,-0.0023801098526267184,-0.003909612505513062,-0.005106818764215914,-0.016456455963198287,Ridge_so_segundo_nivel,60
-0.0004442246459377726,-0.0019744713728086214,-0.0031604923898829918,-0.005678011039059374,-0.007771081504871096,-0.02115932069281846,Ridge_so_segundo_nivel,60
-0.0006719107122036469,-0.002352372187414647,-0.002588933075299593,-0.004251506107431201,-0.004801546988221287,-0.011689611501351126,Ridge_so_segundo_nivel,60
-0.0002461693770338264,-0.000861469720345127,-0.001558522874475939,-0.0032396619551424205,-0.004292824621049208,-0.00815798233117322,Ridge_so_segundo_nivel,60
-0.0002510781498255529,-0.0008514334028296075,-0.0011123303112832328,-0.0010771060803300688,-0.0007272955079965702,-0.005504669880197165,Ridge_so_segundo_nivel,60
-0.0005438113295434456,-0.0023827964594435916,-0.003552535139328603,-0.0056362829259422,-0.007886893109218092,-0.01804979258972434,Ridge_so_segundo_nivel,60
-0.00031873102678585765,-0.000541116335327597,-0.0014364585139086561,-0.003913962293947464,-0.006084725703797584,-0.01711054136690949,Ridge_so_segundo_nivel,60
-0.00023187779972726118,-0.00045774943926397857,-8.866433858925309e-05,-0.0007308712428390416,-0.0017358240501187919,-0.014120671468864879,Ridge_so_segundo_nivel,60
-0.0003602141693890242,-0.001320550867413846,-0.0021880499213375788,-0.004168624301038575,-0.005246582198358294,-0.012646992643192446,Ridge_so_segundo_nivel,60
-0.00035104189475874427,-0.0011107218893808928,-0.0007067224604164123,-0.0004874292407341072,-0.0004083302308090304,-0.004684962064895501,Ridge_so_segundo_nivel,60
-0.0005027289149239745,-0.002242831235503656,-0.0024902058348971637,-0.001056753085131511,-0.0010532275616807953,-0.012668876622990002,Ridge_so_segundo_nivel,60
-0.00031829313381116466,-0.0012808665628229493,-0.0024623444483441843,-0.005543163245716445,-0.007783428489775872,-0.02047827850905308,Ridge_so_segundo_nivel,60
-0.00022896261951224498,-0.0011082005738852752,-0.0012995321704239568,-0.0017620575516654282,-0.0010419893096586463,-0.012136942003212884,Ridge_so_segundo_nivel,60
-0.0002487516586853178,-0.00108397562816079,-0.0009105341278612753,-0.0009774599734114883,-0.00129800234672369,-0.012982181867671118,Ridge_so_segundo_nivel,60
-0.0003272412721497016,-0.0018155537335842328,-0.0034754100316422023,-0.006407865235708367,-0.008534019492767077,-0.013479008385645521,Ridge_so_segundo_nivel,60
-0.0004347429745472381,-0.0015019776513905902,-0.002445441191546124,-0.004191987874227741,-0.004965252113570192,-0.006520285275162164,Ridge_so_segundo_nivel,60
-0.0003210185151272703,-0.0007773661117385691,-0.0017971513377851342,-0.004873670546672978,-0.007626186497433059,-0.02496111655096786,Ridge_so_segundo_nivel,60
-0.0004720856428905225,-0.0012553792414182854,-0.003286846862400571,-0.007897124848769227,-0.011180873392913055,-0.024297581990751774,Ridge_so_segundo_nivel,60
-0.0004755155878592307,-0.001260234626110164,-0.0022053184125039563,-0.004461200875467701,-0.0072927580029351425,-0.014777919146402587,Ridge_so_segundo_nivel,60
-0.00039188900798244904,-0.0017335759772179652,-0.0031462689139301497,-0.0046876579064108305,-0.005116471408111534,-0.010198643162138749,Ridge_so_segundo_nivel,60
-0.00030167209041149985,-0.0014722656750184016,-0.0024710922761918435,-0.0022292941976967584,-0.0031409837062741997,-0.02239378526608117,Ridge_so_segundo_nivel,60
-0.0003906095232498577,-0.0012782294443739906,-0.0021132439294163806,-0.0035844689527510126,-0.004220708859989898,-0.010887259796847456,Ridge_so_segundo_nivel,60
-0.00043955077051074817,-0.0007238130584940774,0.00020626090797637174,0.0017897787248704073,0.004053651126060341,0.00420893817437956,Ridge_so_segundo_nivel,60
-0.00017444744740228606,-0.0006660767095567298,-0.0011164129199456902,-0.001648610812119894,-0.0014941880486844584,-0.007926408651510073,Ridge_so_segundo_nivel,60
-0.0005917383046044344,-0.0018966035701526004,-0.0032321133476288073,-0.005359004495496019,-0.006793093979065281,-0.015023555109092458,Ridge_so_segundo_nivel,60
-0.0001633877366744031,-0.0008823505640093585,-0.0023876767537902178,-0.0061028867506171865,-0.009866077441869856,-0.01790954582491171,Ridge_so_segundo_nivel,60
-0.000493378258475686,-0.0018552652080211023,-0.004394301952572154,-0.008955572695618417,-0.013491416108991613,-0.033632566493341336,Ridge_so_segundo_nivel,60
-0.0008158095570954269,-0.002696034474422938,-0.004901583652183686,-0.006652401298169511,-0.007850170836944385,-0.012696215353588019,Ridge_so_segundo_nivel,60
-0.00028747800217545234,-0.0011602309734139186,-0.001971113519764992,-0.004461605203880399,-0.006994202428793769,-0.017109282441191472,Ridge_so_segundo_nivel,60
-0.0005700823153281252,-0.0019036398722507431,-0.003482159497747283,-0.005682386097530479,-0.005965295765863311,-0.010608474383805001,Ridge_so_segundo_nivel,60
-0.00029792834020451374,-0.001356115658822087,-0.0016604767447227135,-0.002286137401347216,-0.00232537368971723,-0.012843358804673972,Ridge_so_segundo_nivel,60
-0.0004932861269862845,-0.0019328914322709067,-0.0037895785500319883,-0.007881634830222467,-0.009909401911409002,-0.017553685253587234,Ridge_so_segundo_nivel,60
-0.0004531926358181809,-0.001712350586191778,-0.0027286377595022683,-0.0052934743241956185,-0.0069451454617694705,-0.014940803321054498,Ridge_so_segundo_nivel,60
-0.00025410622301880485,-0.0010322531080037755,-0.0021017451239148284,-0.005526566213956596,-0.007652095038833839,-0.017609445012302116,Ridge_so_segundo_nivel,60
-0.00011600400474777668,-0.0009258908363129204,-0.0015677501106629605,-0.002152773138200351,-0.0026192262450246556,-0.015809209405803003,Ridge_so_segundo_nivel,60
-0.0002715692802405601,-0.0009175895261393069,-0.001022780186111509,0.00023610658809334982,0.0008136636763915645,-0.0021900751189112416,Ridge_so_segundo_nivel,60
-0.0005981226601197257,-0.0019356667226512914,-0.004283055463616131,-0.009573549674568584,-0.012609972989095613,-0.023432924398913944,Ridge_so_segundo_nivel,60
-0.00037804357770332555,-0.0013738259694882806,-0.00235315369366085,-0.004380006883079591,-0.006304919534662639,-0.017189831476149133,Ridge_so_segundo_nivel,60
-0.0004461133422936749,-0.0016059539035433378,-0.003058137587513202,-0.006430685024728377,-0.009568744581978208,-0.026696389439499785,Ridge_so_segundo_nivel,60
-0.0004474021058663325,-0.0020975885048206406,-0.003935464779351937,-0.006858959396709542,-0.008206984313303817,-0.023250084685122362,Ridge_so_segundo_nivel,60
-0.00026625181330071536,-0.0012102760700645242,-0.0022193523131779857,-0.00543316729017158,-0.006653104002182908,-0.018621658240266493,Ridge_so_segundo_nivel,60
-0.00032175897085566713,-0.0016247021039474104,-0.0022131275836165787,-0.0037597592057366964,-0.005793694431469088,-0.014613190924388357,Ridge_so_segundo_nivel,60
-0.0005290182489863688,-0.001476310950339768,-0.002955851129732889,-0.006058698723349668,-0.008745285157000009,-0.01600542974531898,Ridge_so_segundo_nivel,60
-0.0003054771518887011,-0.0014901294820399765,-0.002911392798353928,-0.005241262821722057,-0.006542780995892686,-0.016142175473916158,Ridge_so_segundo_nivel,60
-0.0005469892148995585,-0.0015427513356618572,-0.002700919363324667,-0.005509133106946172,-0.00818784369210452,-0.015951816241136584,Ridge_so_segundo_nivel,60
-0.00025694533744052546,-0.0007857337511281197,-0.00034162847381349133,-0.0003350984493286182,-0.0008607771148941148,-0.005986777526693954,Ridge_so_segundo_nivel,60
-0.0003593885414523453,-0.0009742054753882378,-0.0016020063016642793,-0.003352553716147378,-0.00416633206261968,-0.006509334384192731,Ridge_so_segundo_nivel,60
-0.0002704284961767954,-0.0011476659408658678,-0.001403950016130744,-0.0011718774872980303,-0.0004291559813888931,-0.00170422929933798,Ridge_so_segundo_nivel,60
-0.00039237170091456047,-0.0014044894165973277,-0.0013811585582515203,-0.0015544242996772919,-0.002474582081402291,-0.015943876890347222,Ridge_so_segundo_nivel,60
-0.00030521178841292463,-0.0012989534501757984,-0.002013969530198736,-0.003140642517450525,-0.004534299912922184,-0.012067499750809818,Ridge_so_segundo_nivel,60
-0.00035878205946266096,-0.0015891663257685427,-0.003540229495955306,-0.007275656233949774,-0.009581915727158195,-0.021603704482683554,Ridge_so_segundo_nivel,60
-0.0005673796690489412,-0.0019074766634785776,-0.003969598268951988,-0.00771585280429024,-0.011240852557240017,-0.022383214135429597,Ridge_so_segundo_nivel,60
-0.00033773649679795937,-0.0012054646902032336,-0.0020819090796953417,-0.0042061590326103555,-0.006039999139322761,-0.01497642514185531,Ridge_so_segundo_nivel,60
-0.0004323474026489609,-0.0021051333328586503,-0.004107822999928278,-0.006878322426613635,-0.009129016150473247,-0.016777693032105,Ridge_so_segundo_nivel,60
-0.0002508335982439198,-0.0011186809387453665,-0.0028935319125043125,-0.0066327788393660625,-0.01108255543462371,-0.03292604641784303,Ridge_so_segundo_nivel,60
-0.00038363047010355443,-0.0013792323948610113,-0.002093835345784944,-0.002987294435225288,-0.004623868159453961,-0.011899737225348669,Ridge_so_segundo_nivel,60
-0.00035585709782769864,-0.0014680857135301489,-0.0018780018739785623,-0.0025850951941577224,-0.002510118029551665,-0.009180672425343556,Ridge_so_segundo_nivel,60
-0.0005360266335203982,-0.001664183516241818,-0.002500136278557239,-0.00560360306560096,-0.007875145709119276,-0.01673102589920347,Ridge_so_segundo_nivel,60
-0.00025701989937039076,-0.0010713074350095113,-0.0008249288946937612,-0.0002594511129788915,8.57249657294027e-06,-0.009135669324621848,Ridge_so_segundo_nivel,60
-0.00045462090190619175,-0.0011580570111975857,-0.002494503181547778,-0.005841672490271235,-0.009413453241390715,-0.01603991295443604,Ridge_so_segundo_nivel,60
-0.0003033325789446849,-0.0007427344696430458,-0.00213650588067675,-0.00551003461247887,-0.009197119719698173,-0.02166298741393155,Ridge_so_segundo_nivel,60
-0.000496251352857722,-0.002514821938928665,-0.0048822961307229806,-0.009932737773161114,-0.012218295650857783,-0.029566506381174293,Ridge_so_segundo_nivel,60
-0.0005710952023134574,-0.0024317506678387273,-0.0034625991744385797,-0.004287127540590977,-0.0035960718616011096,-0.008467693907920697,Ridge_so_segundo_nivel,60
-0.0007567727440079382,-0.0034350428045958636,-0.007161591641974388,-0.015115618646074136,-0.020177300851718625,-0.03910909752740142,Ridge_so_segundo_nivel,60
-0.0004138786980452697,-0.0020072937947185443,-0.0039482182019922795,-0.007391529718232777,-0.00956553799634355,-0.022821051573600055,Ridge_so_segundo_nivel,60
-0.0004459925437813379,-0.002071450227764167,-0.003168268081388944,-0.005073379126712358,-0.006175472549750849,-0.009706963860778153,Ridge_so_segundo_nivel,60
-0.00027941762262411753,-0.0010596781016977475,-0.001665400870431349,-0.002903036197981663,-0.004261282933975731,-0.01487626657251781,Ridge_so_segundo_nivel,60
-0.0004034412689319341,-0.001391653273619727,-0.00281135479836186,-0.004438571069654418,-0.006467461249615807,-0.024048426078190827,Ridge_so_segundo_nivel,60
-0.0004135543005270407,-0.0012941422180772098,-0.002008141582297395,-0.0035246339187292165,-0.00531258180411792,-0.013840534144387661,Ridge_so_segundo_nivel,60
-0.0005469891150371542,-0.002026862031215877,-0.00309962080536638,-0.005493025497675786,-0.0066841168973169095,-0.02507823951205227,Ridge_so_segundo_nivel,60
-0.0003897411150742038,-0.001999266665931466,-0.0025537330168603793,-0.002480035818494359,-0.0026687175772697348,-0.011242519626594956,Ridge_so_segundo_nivel,60
-0.000323952793376483,-0.0013262746130980705,-0.002574183253174634,-0.0034553212848188295,-0.004363996166374905,-0.014123112908957278,Ridge_so_segundo_nivel,60
-0.00033090755604928054,-0.00046522230001157423,-0.0007355618218151359,-0.00226675495736436,-0.004420926011808518,-0.013646816805214674,Ridge_so_segundo_nivel,60
-0.0007580738105697666,-0.0027808738509206756,-0.003811422506845821,-0.005790505862026603,-0.010194246474471386,-0.028782432513129296,Ridge_so_segundo_nivel,60
-0.0003490780759081226,-0.0011408234339273587,-0.0008241311699698805,-0.0008166378447192234,0.0003128014050079521,-0.00916302879015797,Ridge_so_segundo_nivel,60
-0.0004535684558449341,-0.0011696756604568,-0.0021777802028188644,-0.004497910035260873,-0.006446806176068067,-0.026013706783705872,Ridge_so_segundo_nivel,60
-0.0004251322000858,-0.0010445099998517516,-0.0018156163415864114,-0.004016016314549696,-0.006137026279750879,-0.01249139113954672,Ridge_so_segundo_nivel,60
-0.00032133317703911404,-0.0011775491960124215,-0.0018128378188315014,-0.002327648892079218,-0.001632713385305364,-0.010323218094558991,Ridge_so_segundo_nivel,60
-0.0005485922319053759,-0.002234722494581341,-0.0031818067092065166,-0.00515050033204692,-0.007101610017541252,-0.015857658523066302,Ridge_so_segundo_nivel,60
-0.0005170133057061197,-0.0020410792184401157,-0.003673188468510628,-0.008151650139822202,-0.013066295397872428,-0.028266744022832177,Ridge_so_segundo_nivel,60
-0.0005219726009174445,-0.0024204115752265187,-0.003310539823905,-0.0017832885274426675,-0.0004864317879295552,-0.00630935305566719,Ridge_so_segundo_nivel,60
-0.0005469359529213802,-0.001946332227920968,-0.0042885265919305,-0.00995102613285953,-0.015796335831203632,-0.037033573217678896,Ridge_so_segundo_nivel,60
-0.0003206825438657359,-0.0008308198493977432,-0.0013286936051222947,-0.0020600620731831805,-0.003265774247662185,-0.021183495488148234,Ridge_so_segundo_nivel,60
-0.00019660534563606784,-0.0007727227771494529,-0.0011157056244928115,-0.003037736591575373,-0.003954270478739302,-0.0119800487859745,Ridge_so_segundo_nivel,60
-0.000387488739190138,-0.0017980327849173123,-0.003512106799127589,-0.005341617229582783,-0.008394053994949689,-0.022546666055050502,Ridge_so_segundo_nivel,60
-0.00044058008196932416,-0.001611426466516754,-0.003141730539312447,-0.006338708025870086,-0.008235384746631517,-0.016053002269781926,Ridge_so_segundo_nivel,60
-0.00045367530660034874,-0.0009420108543468479,-0.001217264400944447,-0.002247221111041843,-0.0034430964168289985,-0.012967263955834562,Ridge_so_segundo_nivel,60
-0.0003280353028756641,-0.001241112045333028,-0.002737933121318565,-0.005561685793668838,-0.007560607069056186,-0.013517600816622002,Ridge_so_segundo_nivel,60
-0.00016492852952646443,-0.0009300726512628534,-0.0013878410123566748,-0.0015353040081062138,-0.0014430512118168623,-0.007681523312639506,Ridge_so_segundo_nivel,60
-0.00024779363310483543,-0.0013626614737862637,-0.002344891449451085,-0.00505727870850866,-0.007568353582053494,-0.01814764903015681,Ridge_so_segundo_nivel,60
-0.00015884468145604467,-0.0007059552003023587,-0.0017591138481321896,-0.002937401677001684,-0.004311734110983994,-0.011678181084959778,Ridge_so_segundo_nivel,60
-0.00032354258520410323,-0.001337461401238565,-0.002239121343173046,-0.003075867258245663,-0.0038467296474508847,-0.012747031951289468,Ridge_so_segundo_nivel,60
-0.0004076347104604006,-0.0016848731559003704,-0.002725786898046654,-0.004411012678201391,-0.005258119538668582,-0.011160454109816633,Ridge_so_segundo_nivel,60
-0.00023969213203599792,-0.0006343418898148982,-4.231845045720449e-05,0.000589499408175647,0.000166573751835136,-0.002687299717755688,Ridge_so_segundo_nivel,60
-0.0004375591991952824,-0.0016508717783429523,-0.002744538708618122,-0.004977629233993326,-0.006431861664982597,-0.014747596304168258,Ridge_so_segundo_nivel,60
-0.000179989882464322,-0.0006878093351054562,-0.0004546495643359323,3.159218472403569e-05,0.0016627989996914484,-0.0018081065668272187,Ridge_so_segundo_nivel,60
-0.0005396531949925385,-0.0023315853013475022,-0.00347823208351306,-0.004290560137278169,-0.004953308924776856,-0.014525628929587883,Ridge_so_segundo_nivel,60
-0.00039264435516368415,-0.0010762716846654564,-0.0008584867816599553,-0.0013927022879371895,-0.0018641253400208235,-0.005642024379824539,Ridge_so_segundo_nivel,60
-0.0004950912138426999,-0.001568445472541576,-0.0019528611950063043,-0.0026000323236302085,-0.003188225910679481,-0.016074082650823485,Ridge_so_segundo_nivel,60
-0.000333781262612975,-0.001126932257460216,-0.0018705441057973754,-0.003518823600920006,-0.003652095423608456,-0.007219928975569354,Ridge_so_segundo_nivel,60
-0.00033296203265466116,-0.0014409905993272036,-0.0017105867567454474,-0.0017672924542550962,-0.0012377920591958105,-0.002232965296105626,Ridge_so_segundo_nivel,60
-0.000435453378045274,-0.001483814772095639,-0.002735776506711069,-0.004814220458524913,-0.005791830909279057,-0.014271502326868914,Ridge_so_segundo_nivel,60
-0.0003133386418326616,-0.0013481288871804193,-0.0019048620367944724,-0.0019174580801740136,-0.001656763847293447,-0.01254173749212432,Ridge_so_segundo_nivel,60
-5.677118376971097e-05,0.00031748838949293367,0.0019217955094356972,0.005282270659060235,0.008089962325918477,0.005201833398699203,Ridge_so_segundo_nivel,60
-0.00031249250586825504,-0.0011273863135087142,-0.002322033810586691,-0.004652485993284411,-0.006873044019582306,-0.016271949573170276,Ridge_so_segundo_nivel,60
-0.0004758561693841927,-0.0022968018139592474,-0.0047963610852384195,-0.00500538464761903,-0.00455890661223747,-0.01767345515926776,Ridge_so_segundo_nivel,60
-0.0002055460915888564,-0.0009109796265338592,-0.0011442192383656063,-0.00196019637209024,-0.0028576941930975046,-0.009278463634715317,Ridge_so_segundo_nivel,60
-0.0005938424565438411,-0.0019514614523301855,-0.004294053485699824,-0.00901161601629838,-0.011157069190092506,-0.02200007647081728,Ridge_so_segundo_nivel,60
-0.0006804130440221012,-0.0032588940633989315,-0.005278401805334313,-0.009592750159944185,-0.013871628555008366,-0.02921756006473254,Ridge_so_segundo_nivel,60
-0.0003437994753595197,-0.0013531513497747334,-0.001507550695221704,-0.0014250698647784272,-0.0007131011628570402,-0.004862320926498218,Ridge_so_segundo_nivel,60
-0.0004456367146409405,-0.0016067126894567952,-0.0028154115407072557,-0.005437759423837314,-0.006502402587992474,-0.014485839472566804,Ridge_so_segundo_nivel,60
-0.00045711640256269285,-0.001636305198364404,-0.003189222109076057,-0.005887430748278158,-0.008696277631853612,-0.019215633209410818,Ridge_so_segundo_nivel,60
-0.0004046181195144786,-0.0015760470236080319,-0.002332056274566891,-0.0046286471812671615,-0.007110181247948547,-0.018073915851916054,Ridge_so_segundo_nivel,60
-0.00046693363079656477,-0.0016873267247858358,-0.003464754444237165,-0.007068515034172513,-0.010084925139767343,-0.019251728106706213,Ridge_so_segundo_nivel,60
-0.00042903945496836326,-0.0013562979719765787,-0.000785879064768057,-5.470940658308446e-06,0.0005174393976611987,0.0019517823033395679,Ridge_so_segundo_nivel,60
-0.00047500133176712426,-0.0014956893014066099,-0.0026747336584042945,-0.005956591298273675,-0.008465030315496938,-0.026421593814890277,Ridge_so_segundo_nivel,60
-0.0005126289463225726,-0.0022743610447851295,-0.0033840393467297132,-0.006305050954118726,-0.0073269964449833,-0.014674192975397144,Ridge_so_segundo_nivel,60
-0.0003998432002459238,-0.0013338933617881492,-0.0020022182030292094,-0.004534501605353282,-0.008413437602675851,-0.023827075221164545,Ridge_so_segundo_nivel,60
-0.0005173616402262653,-0.0021030713546250947,-0.004604615985349412,-0.009158217305497908,-0.012251881007464107,-0.024478211428407795,Ridge_so_segundo_nivel,60
-0.0006904563647380344,-0.0025168372904683786,-0.005268626275021026,-0.011116250311768428,-0.015921062727549173,-0.0282864994932511,Ridge_so_segundo_nivel,60
-0.0002977949909063261,-0.00045905113341948296,-3.68677884928788e-05,0.0020132174817365438,0.0043796956048615734,0.002276198384564669,Ridge_so_segundo_nivel,60
-0.00030313088184497425,-0.0010596194125413795,-0.0017816232959664087,-0.0036443864432037483,-0.00585328546390137,-0.015375158967034374,Ridge_so_segundo_nivel,60
-0.00039674783434709155,-0.0012037770864912472,-0.002958946079257749,-0.006598086143231994,-0.01012716975764046,-0.021981908909437523,Ridge_so_segundo_nivel,60
-0.00018543046523724935,-0.0012147722507262842,-0.0013689373157370274,-0.001382952410657256,-0.0012386052686678803,-0.011921821236147177,Ridge_so_segundo_nivel,60
-0.0006199248016174815,-0.002370754036083876,-0.004278627980417802,-0.008185707670818618,-0.012100304972995381,-0.018148899770002933,Ridge_so_segundo_nivel,60
-0.00016431822503339675,0.00015762055135597728,0.0011013830616557231,0.0014146844622323733,0.001535862866141521,-0.01647437932488114,Ridge_so_segundo_nivel,60
-0.00027352353852988737,-0.0007517259463891387,-0.0006620147046283394,0.00047878295855999356,0.0010486480872948661,-0.0036777139806885247,Ridge_so_segundo_nivel,60
-0.0003433930995356294,-0.001060946479913562,0.00025016907227980953,0.004258769854958236,0.009179101159852798,0.015922592381896992,Ridge_so_segundo_nivel,60
-0.0005532959188856047,-0.0015892535479978683,-0.00249407531033209,-0.004341452427971232,-0.0061785135221917725,-0.009963647595620274,Ridge_so_segundo_nivel,60
-0.00034801080325686196,-0.001300728442853866,-0.0021757786377138992,-0.003333108163608592,-0.004231195896493807,-0.00795123508996971,Ridge_so_segundo_nivel,60
-9.898883094673005e-05,-0.0009961977630554837,-0.0016976920910483316,-0.0030921391844190155,-0.005191496595616071,-0.016533300946245635,Ridge_so_segundo_nivel,60
-0.0005175573674087603,-0.0020460166045240106,-0.0023775658822467664,-0.0026099489349170344,-0.00342732580842906,-0.008601269649763285,Ridge_so_segundo_nivel,60
-0.00040587958168200274,-0.0016393087555966036,-0.002614474519067379,-0.00513831285298845,-0.006909935719979566,-0.013261408922957964,Ridge_so_segundo_nivel,60
-0.0005296050125650707,-0.0023331912557497296,-0.0033605967778313236,-0.005706296690365586,-0.008220966276426083,-0.0167607504655622,Ridge_so_segundo_nivel,60
-0.0002933440995340594,-0.0013697646065512165,-0.0022141334158865987,-0.003425164579801038,-0.005725555548342572,-0.017183697371898128,Ridge_so_segundo_nivel,60
-0.0005427688821344585,-0.0017543392729885447,-0.0017107789544293845,-0.0011695074061674748,-0.0016576517482927084,-0.008178572190034436,Ridge_so_segundo_nivel,60
-0.00039705712528082383,-0.0015760804612692837,-0.002374109249503935,-0.0036029622902071564,-0.004687580401801884,-0.011218268068575931,Ridge_so_segundo_nivel,60
-0.0005479812881912408,-0.001863362190833704,-0.0035504263791897514,-0.008703198815825595,-0.011494614690418828,-0.020375685696439376,Ridge_so_segundo_nivel,60
-0.000451815080922511,-0.0020755498768153754,-0.004190143482804516,-0.007466523181729524,-0.009153928028525713,-0.023580049713404154,Ridge_so_segundo_nivel,60
-0.00034808599082694787,-0.0011083634343544816,-0.0014059644545242893,-0.0019098455246751417,-0.0019655442185426866,-0.008307279351838733,Ridge_so_segundo_nivel,60
-0.0004735660506805589,-0.002091749103333759,-0.0036375556085765557,-0.005924747817479993,-0.007553452588267121,-0.009210052022123463,Ridge_so_segundo_nivel,60
-0.0003930111287987464,-0.0016184931227687215,-0.003295447986417985,-0.00606492009085102,-0.007628231193165946,-0.01254542414373779,Ridge_so_segundo_nivel,60
-0.0003979979453797555,-0.0014945777546682786,-0.002706649053106341,-0.004214930567679488,-0.005033346830203206,-0.008867272023813535,Ridge_so_segundo_nivel,60
-0.00028736496637746185,-0.0012018161810256683,-0.001700172356463346,-0.001993371236254381,-0.001417266766094866,-0.005749472114461463,Ridge_so_segundo_nivel,60
-0.00047786681171334684,-0.0018478614109445663,-0.0035690938975982338,-0.00772515631826857,-0.010409864744316667,-0.015794956206415724,Ridge_so_segundo_nivel,60
-0.0003439011690979575,-0.0017904158573100696,-0.0027529934400649216,-0.004734190841711903,-0.00633060794888444,-0.01853633627423585,Ridge_so_segundo_nivel,60
-0.000671212122773732,-0.0024338615512447385,-0.0037343441874903073,-0.007140342209911528,-0.010377782341379213,-0.014912024676686984,Ridge_so_segundo_nivel,60
-0.0003793583190786801,-0.0018535195671080308,-0.0038045154338986827,-0.006810709220672833,-0.009089376124744376,-0.024480050282767934,Ridge_so_segundo_nivel,60
-0.0002438445660484872,-0.0007741053802219458,-0.0006786675119527274,-0.0018002055467906094,-0.0028245648569871127,-0.017256532584286943,Ridge_so_segundo_nivel,60
-0.00041197127410787433,-0.0013133203865949717,-0.0022228693869560177,-0.004494672108980113,-0.005994664078384126,-0.013228705840471715,Ridge_so_segundo_nivel,60
-0.0005682616028259315,-0.002140383309007765,-0.0040101098172293445,-0.005617368258331608,-0.006108007076724848,-0.016355814559203565,Ridge_so_segundo_nivel,60
-0.0003770880284131708,-0.0012015552644913628,-0.0018447004034884717,-0.004025821327406004,-0.0073816605274206444,-0.023080112597927315,Ridge_so_segundo_nivel,60
-0.0007203771941564957,-0.0026101735468298053,-0.004752914495501038,-0.0070239993760302455,-0.008600233944466601,-0.026250614841476737,Ridge_so_segundo_nivel,60
-0.0001646008446381904,-0.0006534352186556098,-0.0005413304971371381,0.00013724188204070826,0.00047503535788565124,-0.006676561517108199,Ridge_so_segundo_nivel,60
-0.00031557016529829354,-0.0012973278188951462,-0.0030248539012099535,-0.005754975757662103,-0.00864638279130918,-0.02055739322159364,Ridge_so_segundo_nivel,60
-0.0007249585041972357,-0.002130048148086498,-0.003842283419801486,-0.008842733427831947,-0.013507237743187924,-0.03706842983727494,Ridge_so_segundo_nivel,60
-0.00037339013344896355,-0.001433651694529446,-0.0019396379316729284,-0.0028133804145474,-0.003345780599160973,-0.011061619580169397,Ridge_so_segundo_nivel,60
-0.0006044484944276093,-0.0019232329489602316,-0.003352099430562121,-0.006162021337089489,-0.007909765735714152,-0.015588761403641606,Ridge_so_segundo_nivel,60
-0.00027864194823257237,-0.0010942088914639696,-0.0012450259631434427,-0.0016104127171122787,-0.0009719861727057719,-0.0060605287829795145,Ridge_so_segundo_nivel,60
-0.0004728643836141296,-0.001326883526325096,-0.0035341213842461435,-0.00797410788090303,-0.012092197123233412,-0.026247612511357304,Ridge_so_segundo_nivel,60
-0.0008997100116701974,-0.004393444150144521,-0.0067715658478055725,-0.010965403183094826,-0.012959908457234888,-0.027882643693466193,Ridge_so_segundo_nivel,60
-0.00017477374964137914,-0.0009692684209659769,-0.00194098465071317,-0.004622273078806495,-0.0070504565182792885,-0.01980789294908624,Ridge_so_segundo_nivel,60
-0.00040953010408090217,-0.001717886893109788,-0.00244126018422434,-0.003088782083463346,-0.002162804890357325,-0.005447677030428332,Ridge_so_segundo_nivel,60
-0.0006517917053612341,-0.0023891913160571827,-0.0046147863859191535,-0.008880607070406842,-0.012325812102468497,-0.02066665429525579,Ridge_so_segundo_nivel,60
-0.0006277783580282829,-0.002380859766256897,-0.0032270277036230226,-0.004327982163078291,-0.004633250121944005,-0.008411096160250348,Ridge_so_segundo_nivel,60
-0.0002872100762371579,-0.0009744313030441965,-0.0017329403873091568,-0.004204035536200915,-0.005835995836869368,-0.017075563432376425,Ridge_so_segundo_nivel,60
-0.00036891274547244923,-0.001639433333884937,-0.0019582456178741186,-0.0028849607183626664,-0.0032455566189897407,-0.007953240238166771,Ridge_so_segundo_nivel,60
-0.0005106225113704059,-0.0015532531480581635,-0.002155192318302163,-0.0029578749965844743,-0.003381252941365601,-0.0117912092860076,Ridge_so_segundo_nivel,60
-0.00034337153378652657,-0.0011749699123074766,-0.0016225066371629094,-0.0024466511634159468,-0.002761606825215419,-0.007332185259376388,Ridge_so_segundo_nivel,60
-0.000316996200875082,-0.0010549992982886933,-0.001389946725935616,-0.000561852082296737,0.0005604449937943655,-0.008170761721522193,Ridge_so_segundo_nivel,60
-0.0003809682904157294,-0.001315539690041255,-0.0022517506145565886,-0.0042976464166187625,-0.005197133076401579,-0.01640934864476229,Ridge_so_segundo_nivel,60
-0.00014673191139280017,-0.0004939055660544897,-0.0010524574096638785,-0.0029804924588465328,-0.003778189678213273,-0.01482978363643498,Ridge_so_segundo_nivel,60
-0.00034105497887699664,-0.0013844398463722565,-0.003333678914631987,-0.006776452817682402,-0.00914465404318228,-0.02427695853644135,Ridge_so_segundo_nivel,60
-0.0006665777509480204,-0.0024791138911007347,-0.005562320985054406,-0.013151399637928772,-0.020331004736198175,-0.03834244789205949,Ridge_so_segundo_nivel,60
-0.0003864026896018836,-0.0012224508046716214,-0.0024209899083664837,-0.005442629679491108,-0.00726334699162219,-0.020120929859231685,Ridge_so_segundo_nivel,60
-0.00037445109824833485,-0.0009697854195864875,-0.002293712254079118,-0.005878937995496442,-0.009556269110353132,-0.025419815809255043,Ridge_so_segundo_nivel,60
-0.000518922116117748,-0.0017355340296984156,-0.003679942940049329,-0.007650562208986302,-0.010492893584725648,-0.02346711912037371,Ridge_so_segundo_nivel,60
-0.0006054747515641754,-0.0020718857801526407,-0.00277042509056895,-0.0031082369391520316,-0.003894185073604801,-0.010605766818179974,Ridge_so_segundo_nivel,60
-0.0002780341868788196,-0.0010489998695215046,-0.0014949646795001069,-0.003631018770073723,-0.005567123220044248,-0.018157678672363866,Ridge_so_segundo_nivel,60
-0.0003170769191713384,-0.001317799368994562,-0.001865840349472456,-0.0017784711935525228,-0.0035372707878374,-0.01942180929915518,Ridge_so_segundo_nivel,60
-0.00041765576997051883,-0.0017082434533740622,-0.0026370096780871594,-0.0039915911862388985,-0.005215419477743193,-0.013237801459307075,Ridge_so_segundo_nivel,60
-0.00039369532743193796,-0.001961576951046959,-0.003270699433655916,-0.005272215174415656,-0.0062273775017322305,-0.014169237511502888,Ridge_so_segundo_nivel,60
-0.0002655420126533975,-0.001179788497512523,-0.001852017622759949,-0.0033097854881863308,-0.004043117104524494,-0.010027716887602341,Ridge_so_segundo_nivel,60
-0.0006229518626813463,-0.001882322448633685,-0.003607808520101638,-0.008641437351208559,-0.013210120864867248,-0.023035093625164108,Ridge_so_segundo_nivel,60
-0.0003706527389630629,-0.001565989214324046,-0.002446270059094181,-0.003793176916008347,-0.0038942821075463627,-0.009978767338451683,Ridge_so_segundo_nivel,60
-0.00022518581002213753,-0.0010316459601543997,-0.001555402046641722,-0.0027142505047111844,-0.0029278158707235226,-0.00791553428767294,Ridge_so_segundo_nivel,60
-0.0004336534187349453,-0.0016170132597311674,-0.0020994284950701437,-0.00406246404320872,-0.005053896923814251,-0.012981247835787827,Ridge_so_segundo_nivel,60
-0.000335071341569756,-0.002408568262983561,-0.004217586105498996,-0.007832540058757019,-0.010465498169097908,-0.02769590416143489,Ridge_so_segundo_nivel,60
-0.0004150538868010603,-0.0015444080786804724,-0.0027535646301192446,-0.005713077898980643,-0.007632510432400134,-0.01219919982566816,Ridge_so_segundo_nivel,60
-0.00025717776043403457,-0.0014240711019054973,-0.0018995599193148832,-0.0028079429276712297,-0.003065429044015263,-0.006763529499893539,Ridge_so_segundo_nivel,60
-0.000461899689228837,-0.0011612618666103469,-0.0024128107350368908,-0.004351262059022634,-0.00524067919381498,-0.00946811950440606,Ridge_so_segundo_nivel,60
-0.0005220198732370976,-0.001247872621879,-0.0028260129941543124,-0.0061301376000147114,-0.00894000975968903,-0.020265453686617963,Ridge_so_segundo_nivel,60
-0.000587655546847767,-0.0023068901996392993,-0.0033213867059075516,-0.005610309326097984,-0.006000653193768266,-0.0221116360551306,Ridge_so_segundo_nivel,60
-0.0002934348763810523,-0.000884963757755891,-0.0014156090079290515,-0.0018610592162865603,-0.001364809336676867,-0.003833934407672759,Ridge_so_segundo_nivel,60
-0.00034858240835459764,-0.0014954669837738933,-0.0030321245943228685,-0.006422091514833338,-0.009180684198336621,-0.021483158310222978,Ridge_so_segundo_nivel,60
-0.0006913554251393264,-0.0021685216195261527,-0.004352552796241811,-0.009666880215709809,-0.01394343591743757,-0.029325580551144387,Ridge_so_segundo_nivel,60
-9.815246446744314e-05,-0.0006570249448571283,-0.0014598292540784008,-0.0035346155152842494,-0.004937046064027558,-0.019497278830237243,Ridge_so_segundo_nivel,60
-0.00043829211985858715,-0.001128769184470595,-0.00158741181078292,-0.0037223177438244818,-0.006143038971947937,-0.015514821668290182,Ridge_so_segundo_nivel,60
-0.0001657893189055929,-0.0006551135944427704,-0.001045355932614626,-0.0021951012490256175,-0.0026762557406319206,-0.011017839441790375,Ridge_so_segundo_nivel,60
-0.00036788738862202763,-0.0013605053750120626,-0.0025968863814879854,-0.0056197036712749456,-0.008785619007169137,-0.019658928920040657,Ridge_so_segundo_nivel,60
-0.00023477862684998066,-0.0011566377261327842,-0.0013309149134899181,-0.00124236285140335,-0.0013171490520476918,-0.00482840309555935,Ridge_so_segundo_nivel,60
-0.0004071841900030778,-0.0017069764747138182,-0.002441605894120141,-0.0033004242630752583,-0.003108792434521006,-0.007334888924959509,Ridge_so_segundo_nivel,60
-0.00020357719552206025,-0.0008488345846853445,-0.0018080171549626003,-0.0022288689545462564,-0.0022685303506093917,-0.008539115979961471,Ridge_so_segundo_nivel,60
-0.000362073195546797,-0.0017234823107091894,-0.0029812922076471364,-0.006348700661365595,-0.00763499499019306,-0.020408284979171548,Ridge_so_segundo_nivel,60
-0.0003913987374748315,-0.001670665179530472,-0.0020881573517447247,-0.004030164585677466,-0.004365089490297683,-0.01650576517117392,Ridge_so_segundo_nivel,60
-0.0004640483777259759,-0.0013257486592440691,-0.0025222399114539747,-0.004678899943943785,-0.007189168750690138,-0.030283441862627387,Ridge_so_segundo_nivel,60
-0.0004909871470548552,-0.001234730575069666,-0.0026985045120510604,-0.006468428575354308,-0.01047497425742183,-0.02200383972626822,Ridge_so_segundo_nivel,60
-0.0004156199025862294,-0.0015165708948921643,-0.0024651254249519303,-0.004537742900589122,-0.00676916061098418,-0.022147768642086257,Ridge_so_segundo_nivel,60
-0.0007295079834070952,-0.002576280697284943,-0.0043801652533706345,-0.0074196447636096065,-0.009402892785786328,-0.021784269994308283,Ridge_so_segundo_nivel,60
-0.0005813765206004382,-0.002329385602553739,-0.004543380064437026,-0.0101692517663665,-0.014649629800262874,-0.02780353481398866,Ridge_so_segundo_nivel,60
-0.0005845337009577361,-0.0033886361037353497,-0.006225402086912104,-0.010771444678176173,-0.012698206537967804,-0.02789459561652176,Ridge_so_segundo_nivel,60
-0.000368881485501918,-0.0017715687967998796,-0.001444569003848094,0.0011691744868095985,0.0029632449066611445,-0.004901864205931118,Ridge_so_segundo_nivel,60
-0.00040185799247313496,-0.0006618572446451093,-0.0003509820584596668,-0.000767495177817385,0.0011373166152993078,0.0014929101978874261,Ridge_so_segundo_nivel,60
-0.00035864947735554637,-0.0017423017488629564,-0.0029982220810840536,-0.0028641745280573927,-0.0017556641436379027,-0.01654332705601748,Ridge_so_segundo_nivel,60
-0.00038912562322324654,-0.0018020153500351633,-0.004140564926414978,-0.007380189029497971,-0.008611572494027421,-0.023746296855772606,Ridge_so_segundo_nivel,60
-0.0002582574562487245,-0.0012339153594974122,-0.0025157825120024745,-0.003826253131967774,-0.004692244137024041,-0.011880147005263733,Ridge_so_segundo_nivel,60
-0.0003131483633844892,-0.0013704940874944504,-0.0030111826149323054,-0.00582213817264164,-0.009701060854071979,-0.031641342144606045,Ridge_so_segundo_nivel,60
-0.0003165185247377564,-0.0015875088320600297,-0.002488081426276979,-0.0033677871886454306,-0.003432291035310001,-0.008955211826897378,Ridge_so_segundo_nivel,60
-0.0006387451391885763,-0.002414529715738168,-0.0035203947836702125,-0.005489152579378861,-0.0065958003526512205,-0.016207549200509267,Ridge_so_segundo_nivel,60
-0.0006435860930172336,-0.002354858003341739,-0.003853591504364397,-0.00612117403763437,-0.006716281114765162,-0.01643903735797341,Ridge_so_segundo_nivel,60
-0.00046716609025826753,-0.0015586380663644044,-0.002579564681593338,-0.004396357367808518,-0.005490349819916912,-0.010030915090928443,Ridge_so_segundo_nivel,60
-0.00037449965606371863,-0.0015436938895689435,-0.0031914558511490303,-0.005937756719375686,-0.008440341324808752,-0.026795835122056518,Ridge_so_segundo_nivel,60
-0.00034087873643152153,-0.0012441320263682691,-0.0017788920815223072,-0.001819168071492758,-0.001964893141195974,-0.011868538975117403,Ridge_so_segundo_nivel,60
-0.0006515110229840022,-0.002283066093965886,-0.0034091957012145333,-0.0051570769661225,-0.005801326788257943,-0.009259047941323584,Ridge_so_segundo_nivel,60
-0.000289633208554194,-0.0013015162193039688,-0.002196319897499754,-0.005395969561572384,-0.00814596290672312,-0.020065304888231175,Ridge_so_segundo_nivel,60
-0.00038525723437609515,-0.0015453632427712687,-0.0030340406492923864,-0.007416098775775774,-0.009057201130777666,-0.029162054288938814,Ridge_so_segundo_nivel,60
-0.0005639025454125003,-0.0020384356860138376,-0.002871186946750325,-0.005235392500484592,-0.006933773488876987,-0.016971267455767342,Ridge_so_segundo_nivel,60
-0.00023038839877407067,-0.000864245595613689,-0.0016459166502888756,-0.0028943351843916444,-0.003677221105581987,-0.009590799607115827,Ridge_so_segundo_nivel,60
-0.0005097771049930259,-0.00223758069292965,-0.004481561030349283,-0.009220177364072652,-0.014408044934767479,-0.028804353814848742,Ridge_so_segundo_nivel,60
-0.00034594579850302115,-0.001243346947129623,-0.0020642662618559904,-0.005192750407424069,-0.007054019968232484,-0.018802213152093156,Ridge_so_segundo_nivel,60
-0.00015091560168698317,-3.5194104303486335e-05,0.000623124668373232,0.0017457833356584094,0.002082446081231622,-0.006259858326944206,Ridge_so_segundo_nivel,60
-0.0006604803058939385,-0.0022720563143657003,-0.003934491877569222,-0.007847862331649458,-0.00938105268356879,-0.02434870449855097,Ridge_so_segundo_nivel,60
-0.00027638787874525956,-0.0011100945098075157,-0.0020133443332586163,-0.00417008342143006,-0.005277377491088623,-0.011085193403654733,Ridge_so_segundo_nivel,60
-0.00029094047155306396,-0.0009856836019596956,-0.0016185890232980657,-0.0036547442079961833,-0.005269497203068257,-0.01634054467685991,Ridge_so_segundo_nivel,60
-0.0005392281581621317,-0.001974073956407018,-0.003543472047686858,-0.005889603872900575,-0.006115267121729656,-0.006818983218226343,Ridge_so_segundo_nivel,60
-0.0004605178905823489,-0.0020051090188356957,-0.004261001761864923,-0.01017627607104465,-0.015327049143068764,-0.04466896559553771,Ridge_so_segundo_nivel,60
-0.00047751565322369505,-0.0016508546273367134,-0.003438097497332666,-0.007427921399540981,-0.011079828799835895,-0.016747029889981575,Ridge_so_segundo_nivel,60
-0.0004223225228208189,-0.0016916379861153677,-0.003247144623419985,-0.005106189713618229,-0.00546005343673949,-0.015846370811524322,Ridge_so_segundo_nivel,60
-0.0002547859811315769,-0.0006623431341804076,-0.0007322133893621449,-0.0017868168142783712,-0.002118998740663819,-0.007916021977026792,Ridge_so_segundo_nivel,60
-0.00039525412972471165,-0.0018740429215581798,-0.00304000695986573,-0.006123556827358168,-0.008724635151747331,-0.021160350616162105,Ridge_so_segundo_nivel,60
-0.0006215432249873675,-0.002457018054714276,-0.004360518351659776,-0.008877621632735852,-0.012377372900606929,-0.03013941519211849,Ridge_so_segundo_nivel,60
-0.0006280092585381845,-0.0016329593094148967,-0.0037476357443622437,-0.008694433760122073,-0.012468312519138585,-0.023327056756901207,Ridge_so_segundo_nivel,60
-0.00024215004393994183,-0.0007803756954741821,-0.001473536645903824,-0.0028786092814994998,-0.004253082464886649,-0.01859977920851221,Ridge_so_segundo_nivel,60
-0.0003322669506926009,-0.0012080127610692582,-0.0015158791291614208,-0.002463778855054316,-0.0031848432103797107,-0.010928604453761462,Ridge_so_segundo_nivel,60
-0.0004893084762696167,-0.002255014278875855,-0.003921713299558543,-0.007501720469238417,-0.010335154868578148,-0.025025634533349692,Ridge_so_segundo_nivel,60
-0.00017998013677220502,-0.0007171685376825323,-0.0010245703107218207,-0.0010080055408622473,-0.001199189350193716,-0.005791239468505309,Ridge_so_segundo_nivel,60
-0.0004512447887162218,-0.0016162577865162725,-0.001875644133308796,-0.0012500543890944275,0.0007356317891047173,-0.007094828422747935,Ridge_so_segundo_nivel,60
-0.0002983575997565614,-0.0011423788626299448,-0.0016965797788705875,-0.004212422235779891,-0.006033983012539716,-0.016898065709537072,Ridge_so_segundo_nivel,60
-0.0007524291233413437,-0.0019555030789629828,-0.0036234563007228136,-0.007558434076040323,-0.011624733807744172,-0.027064026913262748,Ridge_so_segundo_nivel,60
-0.0002471692629601023,-0.0007159751820160346,-0.00012957193006951252,0.0004946249215587466,0.002682964680321125,-0.0022268454136909494,Ridge_so_segundo_nivel,60
-0.0004659234866034101,-0.0013810847012866838,-0.0017010136328844696,-0.002322782538165413,-0.0033451583656484455,-0.009025842118789467,Ridge_so_segundo_nivel,60
-0.0005198828832734616,-0.0011032372720854295,-0.0015984085828222702,-0.005440152485731721,-0.010307442873759051,-0.03250140972527234,Ridge_so_segundo_nivel,60
-0.000632637609179977,-0.002310414000938797,-0.004020874805028213,-0.00845320912448232,-0.011625894071928908,-0.020680792364236245,Ridge_so_segundo_nivel,60
-0.00026803721559263196,-0.000914611852081297,-0.001137641656644911,-0.002149397768196367,-0.004178876582212081,-0.009697940431862534,Ridge_so_segundo_nivel,60
-0.000175325670056007,-0.0011206331683230597,-0.0014446994051242024,-0.0012506223359808736,-0.000888036167780277,-0.015155273936542478,Ridge_so_segundo_nivel,60
-0.0003625662928750843,-0.001220537082701139,-0.0026060607425205727,-0.0038657739272431125,-0.005555648454165943,-0.016311450693201106,Ridge_so_segundo_nivel,60
-0.0004731898165932512,-0.0019947148623456045,-0.002648336973827647,-0.0026678614225692627,-0.004429263825069485,-0.0152016946995306,Ridge_so_segundo_nivel,60
-0.0006716258221008804,-0.002981608652277032,-0.005751484491666211,-0.010543682651979358,-0.013551529929948576,-0.030037598719108292,Ridge_so_segundo_nivel,60
-0.0003866544991915524,-0.0014337117150165757,-0.0014254857129651808,-0.0017440834865032997,-0.002240504370507122,-0.010510641745082344,Ridge_so_segundo_nivel,60
-0.000353598665108622,-0.0010483340894928907,-0.00043513250372793455,0.0012410721353200904,0.002850744319579255,3.7903532294820756e-05,Ridge_so_segundo_nivel,60
-0.00046363015516568106,-0.00214731060427773,-0.00367479269216624,-0.006663752230784157,-0.009302217733042165,-0.02144364499721069,Ridge_so_segundo_nivel,60
-0.00042305581365385315,-0.0011117359653186152,-0.0025384430705123,-0.005619485002970594,-0.008441332695975298,-0.020690855498998448,Ridge_so_segundo_nivel,60
-0.00024732337748624406,-0.0005513041539849893,0.0006479931538449621,0.003448234538542798,0.0048691785763883945,0.0017599117145758005,Ridge_so_segundo_nivel,60
-0.0005501134264597492,-0.0023011027653216916,-0.004132927955464095,-0.0071456979359472705,-0.01020481148313057,-0.020963789786546807,Ridge_so_segundo_nivel,60
-0.0003777678314890974,-0.001724151953361185,-0.002544063280411077,-0.002724464289675834,-0.0022706284778763594,-0.00800796678619866,Ridge_so_segundo_nivel,60
-0.0007116517800669544,-0.0019981223956228355,-0.0030014161523254303,-0.005080409151689123,-0.00616901079931965,-0.0182049845319696,Ridge_so_segundo_nivel,60
-0.00016968952988376357,-0.001146433995712995,-0.0019886349125245494,-0.003420459700970346,-0.004351914798462097,-0.010492445962194834,Ridge_so_segundo_nivel,60
-0.0003141386113315589,-0.0010624550717936252,-0.0018457304857188296,-0.0038244734252092316,-0.004993738877611428,-0.013393892887169807,Ridge_so_segundo_nivel,60
-0.0005995635995573541,-0.0023785876287147826,-0.003931458308415944,-0.007097212511763035,-0.006299917557154341,-0.012173086786571715,Ridge_so_segundo_nivel,60
-0.0003418927710654528,-0.0008993244684567678,-0.0012039857361508545,-0.0016405185270760882,-0.0018012378246101807,-0.0068801505872462115,Ridge_so_segundo_nivel,60
-0.00042766141993571416,-0.0017956900567240024,-0.002208658336252156,-0.0035052260432550312,-0.003861633881328712,-0.008080888025059796,Ridge_so_segundo_nivel,60
-0.00029078077302753064,-0.00066907221559116,0.00019940853301113245,0.003230284901687848,0.00438420605867321,-0.0034543600381694915,Ridge_so_segundo_nivel,60
-0.0004059164461889978,-0.00128479401780795,-0.0022410597875942148,-0.005123432947516416,-0.008620789580178383,-0.017519645852117308,Ridge_so_segundo_nivel,60
-0.00035760996249138927,-0.0014790527070119373,-0.002607516453435762,-0.004891167188669086,-0.0054444162810324635,-0.013654961661441426,Ridge_so_segundo_nivel,60
-0.0001488167059391437,-0.00036309540873873174,-0.00021928120978866852,-0.0004046630858702025,0.00031658253485952926,-0.005874433717583691,Ridge_so_segundo_nivel,60
-0.00022961019996920004,-0.00100862960429493,-0.002151218592262444,-0.004357071994508475,-0.007604789407191151,-0.020074291653130887,Ridge_so_segundo_nivel,60
-0.0006577193828179892,-0.002384799587515966,-0.00427858137407462,-0.0075637195278603995,-0.010801511305219884,-0.01999284745555138,Ridge_so_segundo_nivel,60
-0.0004053147249784519,-0.0014659923636855293,-0.0020569481130067687,-0.001359780908809274,0.00046714028970817233,-0.002406853508415111,Ridge_so_segundo_nivel,60
-0.0005133806429070602,-0.0018901966148649582,-0.00222310511861445,-0.003605073956312212,-0.0044750733225750305,-0.02042882200008433,Ridge_so_segundo_nivel,60
-0.001055725874175401,-0.004126500080243738,-0.006716568118125484,-0.0093851257693645,-0.00976619497532986,-0.028881793644000685,Ridge_so_segundo_nivel,60
-0.0002390419843335219,-0.0008273002599708571,-0.00029255328224194735,0.0007913969399253959,0.0029963134064429522,0.001104184577577685,Ridge_so_segundo_nivel,60
-0.0003293377083469737,-0.0015035732742078988,-0.003011090617949986,-0.006425985790706305,-0.008411891181295093,-0.020472377455238527,Ridge_so_segundo_nivel,60
-0.0005817176621545013,-0.002414060138810214,-0.0039381056571483625,-0.006834505474755614,-0.009175252532555387,-0.022650737251814598,Ridge_so_segundo_nivel,60
-0.0004523532936912374,-0.0015742287748531118,-0.002932990942801494,-0.006876702440992051,-0.009381924389680408,-0.014829461686723052,Ridge_so_segundo_nivel,60
-0.0004851947922158901,-0.0022276688141105224,-0.00394363120059078,-0.007371263318415324,-0.010116666576325973,-0.01672619832088909,Ridge_so_segundo_nivel,60
-0.0004485978520039049,-0.0013181608373327154,-0.002779143658968055,-0.005549695771239258,-0.0091242709239829,-0.024404522429656152,Ridge_so_segundo_nivel,60
-0.0005441135977951155,-0.0017587729544586944,-0.0024040907206478923,-0.004454106992047448,-0.004594294714714588,-0.005623909086360884,Ridge_so_segundo_nivel,60
-0.0002752346721544162,-0.001122979016077138,-0.002252435939095976,-0.005093821844841017,-0.00868579965619449,-0.02623018902061218,Ridge_so_segundo_nivel,60
-0.00038318368389369216,-0.0014348623099469068,-0.0013592049967562584,-0.0018374000005678378,-0.001956617959415176,-0.007063690217695508,Ridge_so_segundo_nivel,60
-0.00037431771516020134,-0.0015244795040532686,-0.0019510404499326988,-0.0033909498409836246,-0.0033548389728028176,-0.015079267617072843,Ridge_so_segundo_nivel,60
-0.000312844188683452,-0.0013631012517820226,-0.00280540388851333,-0.006737641711383046,-0.010309186994499385,-0.026230607825794516,Ridge_so_segundo_nivel,60
-0.0004037149302847504,-0.001634796647859894,-0.002106678160864659,-0.0014322520433607845,-0.0012720404976510145,-0.011775123471951122,Ridge_so_segundo_nivel,60
-0.00032072317293899534,-0.0014152828217927791,-0.0020942558740262344,-0.0037414656916110963,-0.005472287930157664,-0.014565384989877011,Ridge_so_segundo_nivel,60
-0.00032253980829460914,-0.001481090575962578,-0.00248174198846621,-0.003484363606281357,-0.0037549640765481922,-0.01732015822543178,Ridge_so_segundo_nivel,60
-0.0008829816813289107,-0.00267641585940257,-0.0054914858031054675,-0.011102071206380078,-0.01604505067496154,-0.031202372885186788,Ridge_so_segundo_nivel,60
-0.0003142672401491346,-0.0013333054649827618,-0.003556468545415609,-0.00858500761247283,-0.013139782860872301,-0.026358976997523174,Ridge_so_segundo_nivel,60
-0.0004606216391213857,-0.0015528866838673688,-0.0025688461366800567,-0.004193734741026577,-0.005072611690650732,-0.008103449822043484,Ridge_so_segundo_nivel,60
-0.0004926953742686305,-0.002091514695252995,-0.003949663805880798,-0.007022753902702509,-0.009022626795316777,-0.026787705374535033,Ridge_so_segundo_nivel,60
-0.0005214539489563648,-0.001717588696531081,-0.0029684608908566836,-0.004825095817572224,-0.006323340899009298,-0.01411247730293181,Ridge_so_segundo_nivel,60
-0.0003913542739686067,-0.0015523460388029524,-0.003040631868998594,-0.007621016079337372,-0.009188963993295033,-0.02185264029824162,Ridge_so_segundo_nivel,60
-0.0003322372121406738,-0.0011309435318143139,-0.0011310199889141823,-0.001171280563399799,0.0001261801044584547,-0.0007189598874331658,Ridge_so_segundo_nivel,60
-0.0006194692293745358,-0.002451710435520529,-0.003772830607948202,-0.005118615079331543,-0.006675988474725903,-0.013654834354443143,Ridge_so_segundo_nivel,60
-0.0004924319133587913,-0.0018444204591531411,-0.004009571031068373,-0.010469715211396509,-0.01477801037616798,-0.035610433746685294,Ridge_so_segundo_nivel,60
-0.00028463175364178297,-0.0006719653208675039,0.0005095020736938757,0.0020939967566022477,0.0041142963451716984,0.0008071679629864557,Ridge_so_segundo_nivel,60
-0.00044687421001326,-0.001695392916640816,-0.0023628017245127743,-0.004189047127288599,-0.004870562965121712,-0.019582261402807517,Ridge_so_segundo_nivel,60
-0.0005640586641719701,-0.002335183350175419,-0.004679560462659022,-0.008825773225062337,-0.01263056387198026,-0.028964237006959038,Ridge_so_segundo_nivel,60
-0.0007384659262965103,-0.0022014804832651124,-0.003751182713722623,-0.007165195352718891,-0.009286433222007635,-0.021664734384014808,Ridge_so_segundo_nivel,60
-0.0003477236391475663,-0.0015563066817457865,-0.0025270529109828197,-0.004045360004143152,-0.005718944573362819,-0.021600510282696498,Ridge_so_segundo_nivel,60
-0.0003218607960824144,-0.0016611349579076032,-0.0020240810570461712,-0.001553631155650887,-0.0004391373378628207,-0.008111186827177187,Ridge_so_segundo_nivel,60
-0.0003120323881658756,-0.0010422188613929393,-0.0012807637584836922,-0.002326456452478827,-0.0027170206409114325,-0.014157261820865663,Ridge_so_segundo_nivel,60
-0.00035506638624759073,-0.001999011078636124,-0.004307298868237611,-0.008906245706556688,-0.013768347061271433,-0.027792712083937198,Ridge_so_segundo_nivel,60
-0.0003728857078821877,-0.0010661156681528374,-0.0022306168692555924,-0.005126663061808289,-0.009132624908354887,-0.035067598653206335,Ridge_so_segundo_nivel,60
-0.0003360800428016148,-0.001350365330607369,-0.0019174055429468716,-0.003412133028071474,-0.004868689888926417,-0.010966655202947215,Ridge_so_segundo_nivel,60
-0.0005855679829776024,-0.0022681547667990566,-0.004609798063856427,-0.008790681626235189,-0.011888857074465848,-0.024767306287758983,Ridge_so_segundo_nivel,60
-0.00026806125236122506,-0.0005498231590380531,0.0001543475649371791,0.0013820894840043672,0.0030706352201657753,-0.0017208313329110886,Ridge_so_segundo_nivel,60
-0.0004148716437801082,-0.0019062477677954325,-0.0036498564376073552,-0.0074823257687060074,-0.011221316295768976,-0.02821845417866787,Ridge_so_segundo_nivel,60
-0.000445385140612109,-0.00185990324418828,-0.002769551338893121,-0.004643927391886301,-0.005797995766480243,-0.012571886624403273,Ridge_so_segundo_nivel,60
-0.0002936919150688437,-0.0010568667929897958,-0.0017942878838300104,-0.0031956820690246537,-0.0039587417322625145,-0.01068780081000833,Ridge_so_segundo_nivel,60
-0.00024927967814798263,-0.0012713354244374125,-0.001960175541551131,-0.0031993808683534177,-0.004653157020255959,-0.007713120399452903,Ridge_so_segundo_nivel,60
-0.00048179719768892703,-0.001685001261114658,-0.00331833395800021,-0.00695222429917248,-0.009292593744227376,-0.0152521845751801,Ridge_so_segundo_nivel,60
-0.00011142057332888761,-0.0006088443312309378,-0.0017941970054762514,-0.004119115200604057,-0.005781536681665903,-0.020181933654055694,Ridge_so_segundo_nivel,60
-0.0005252236672775159,-0.001676892114963763,-0.0012268296862470026,-0.003265315044692866,-0.004114761856371792,-0.021143937604304556,Ridge_so_segundo_nivel,60
-0.0006160250776729037,-0.002395817559094839,-0.00383914387561813,-0.004780067167141101,-0.004834243392243725,-0.012643401645769822,Ridge_so_segundo_nivel,60
-0.0005066742320698314,-0.0016721648208597752,-0.0018856019500920183,-0.0022608645128326683,-0.0018437549239896653,-0.007297943572063687,Ridge_so_segundo_nivel,60
-0.0003149783387364741,-0.0016345998972976741,-0.0032711253368453487,-0.006231650517261551,-0.007750945557480872,-0.013343362619018351,Ridge_so_segundo_nivel,60
-0.0003518170657519045,-0.0008208658945494255,-0.0015137950220520727,-0.003010231031764571,-0.0043567907914256335,-0.013958601999569109,Ridge_so_segundo_nivel,60
-0.0006408008050383721,-0.002993954455561946,-0.0046012012549085214,-0.006661582981812941,-0.0071636153741267096,-0.013285389032965661,Ridge_so_segundo_nivel,60
-0.0004828930090987313,-0.0014865303648891165,-0.0017394810295311143,-0.002229340756997443,-0.0015564616074201802,-0.0037992159703932236,Ridge_so_segundo_nivel,60
-0.00032262060067326484,-0.001167481659454727,-0.001677131299688852,-0.002039606380791335,-0.0010790361727960785,-0.007961695270791398,Ridge_so_segundo_nivel,60
-0.00028330995045419536,-0.0010420847467570197,-0.0014306305588982333,-0.0024911890195421166,-0.0037275960679386036,-0.010651593243770623,Ridge_so_segundo_nivel,60
-0.0002577606312190417,-0.0011407268274457622,-0.001754711001328668,-0.003665644473484344,-0.004062054228812657,-0.017611341312527003,Ridge_so_segundo_nivel,60
-0.00041580492293092123,-0.0014770870139505404,-0.002577665378711249,-0.005721830565826879,-0.007710554954957377,-0.014063688222270335,Ridge_so_segundo_nivel,60
-0.00042440764655826273,-0.0012964378336678788,-0.0015917482456499327,-0.0016384597304947928,-0.000957011936024434,-0.0043022336186086295,Ridge_so_segundo_nivel,60
-0.0007095752512709831,-0.0022745058784269666,-0.003480688755401897,-0.004904510802558672,-0.00461371610445323,-0.01051025307303918,Ridge_so_segundo_nivel,60
-0.00026530509163803643,-0.0013421559118104577,-0.0015453730418906984,-0.002078843890647388,-0.001972247658705303,-0.010694487129918676,Ridge_so_segundo_nivel,60
-0.00028966387397857474,-0.001034332774230303,-0.0022219783113733202,-0.005302365405529762,-0.00863088131343299,-0.019159061990072015,Ridge_so_segundo_nivel,60
-0.00038048479197553284,-0.0013190485888211223,-0.0022478371679097654,-0.005804569757653941,-0.008765767059739023,-0.029555730463931857,Ridge_so_segundo_nivel,60
-0.00046331606114031153,-0.0013323675482551027,-0.0031945465271611797,-0.006328109426173588,-0.00894892053211907,-0.024069327792868037,Ridge_so_segundo_nivel,60
-0.0005047793073232008,-0.0019006153730143534,-0.004140058418924168,-0.00795407361021836,-0.009733321107339921,-0.02250561654125112,Ridge_so_segundo_nivel,60
-0.0003994971684324145,-0.0012743862233020552,-0.0018669057831818725,-0.0035979541492362106,-0.00500365297878835,-0.012142635535495388,Ridge_so_segundo_nivel,60
-0.00028310286274061037,-0.0013644934059009238,-0.0017220550829589055,-0.0022876127090721904,-0.0015341653490085303,-0.003756520640565954,Ridge_so_segundo_nivel,60
-0.00011797610534667286,-0.0003461444676568111,-0.00040460066323011115,-0.0014023833517253015,-0.0006975227514135705,-0.004772753689869594,Ridge_so_segundo_nivel,60
-0.0004127376933610515,-0.0018343418870457016,-0.0031680056006140535,-0.006726116979477098,-0.009639600253948256,-0.018254167662962496,Ridge_so_segundo_nivel,60
-0.00043881082535301134,-0.0019730544734459237,-0.0032295472750216935,-0.00547978969509806,-0.007621920218126246,-0.021998490857165317,Ridge_so_segundo_nivel,60
-0.00033686251994824744,-0.0012180031008324301,-0.0010182453160790012,-0.0008194486387971864,-0.0015821460271537178,-0.006397149273174728,Ridge_so_segundo_nivel,60
-0.00038830529409116963,-0.0014840136573134686,-0.002307744181238086,-0.0034682235610669597,-0.004553481491904846,-0.012083582745227998,Ridge_so_segundo_nivel,60
-0.000168581136007754,-0.0003673213440461889,-0.0003594089155571648,-0.00039355778635919136,0.0002939914807924163,-0.004468159917422987,Ridge_so_segundo_nivel,60
-0.00040433760424964213,-0.0015171668641382112,-0.0024885271298371505,-0.004955595138562226,-0.007114553674568025,-0.017114782297273066,Ridge_so_segundo_nivel,60
-0.0001913969005765171,-0.0012111327091953263,-0.0022198501862337417,-0.003969285593958718,-0.004850627370388306,-0.017658354153943862,Ridge_so_segundo_nivel,60
-0.000663757417202035,-0.0027493210972648245,-0.005015624564978454,-0.008212474813919466,-0.010824960710896506,-0.021908470661874995,Ridge_so_segundo_nivel,60
-0.0002248223254627634,-0.0005169367107870538,-0.0014338389432640203,-0.003201259766307189,-0.0051856115619210935,-0.019163925957391824,Ridge_so_segundo_nivel,60
-0.00042510015273430814,-0.001659478091870507,-0.003175664347888173,-0.0065076654527133375,-0.009388920955620939,-0.015327822494444575,Ridge_so_segundo_nivel,60
-0.0004977743920340889,-0.0016427410664477757,-0.003145291484639165,-0.006685333688397459,-0.011410510169891669,-0.03135247722201018,Ridge_so_segundo_nivel,60
-0.00039449994840455967,-0.0015156293229953697,-0.003282849130889825,-0.00444695560960422,-0.004981144703052552,-0.018076067984421892,Ridge_so_segundo_nivel,60
-0.0003647170500447373,-0.0010059108154515143,-0.0011376634923389599,-0.002032386274345962,-0.002733472292321637,-0.008817296102016068,Ridge_so_segundo_nivel,60
-0.0004228246705453023,-0.0017055914234355572,-0.0023902471374295064,-0.003758114585846081,-0.0032723504226362557,-0.011378648409838009,Ridge_so_segundo_nivel,60
-0.0006508785973772577,-0.0027888550715395363,-0.004656128532468508,-0.009445794413999762,-0.012552407163449202,-0.023714307243236123,Ridge_so_segundo_nivel,60
-0.0003218605330629021,-0.0009056420525454721,-0.0011686075336348018,-0.0012484588251746188,-0.0012086932037784785,-0.014397197329985111,Ridge_so_segundo_nivel,60
-0.00021729207241170286,-0.0008340995126462378,-0.0007672680844644798,-0.0010264042181889722,-0.0017980722306466849,-0.013788854711271833,Ridge_so_segundo_nivel,60
-0.00047446987120251837,-0.0015609124670917952,-0.002780995587812087,-0.0069137360634725096,-0.010001537231359898,-0.020203616503275287,Ridge_so_segundo_nivel,60
-0.0005123540486839578,-0.002016083706231076,-0.0035983077226185533,-0.006927494975181964,-0.009648450617126603,-0.02428247495443919,Ridge_so_segundo_nivel,60
-0.0005162288061080672,-0.0017942810110669124,-0.0034122370061580587,-0.007179936618223955,-0.011504429491714615,-0.030452215140375168,Ridge_so_segundo_nivel,60
-0.0004789866516907655,-0.0020603425528600504,-0.004043165249073591,-0.007593559346216746,-0.010470780995146346,-0.019149195156934543,Ridge_so_segundo_nivel,60
-0.0004971423854317214,-0.0016969616781095953,-0.0041414315127435205,-0.009041594986749923,-0.012489742120582698,-0.024410377028734404,Ridge_so_segundo_nivel,60
-0.0004879232688168073,-0.0015611988719268595,-0.002909791637818853,-0.006984782172768207,-0.010798441475212386,-0.019572708463215408,Ridge_so_segundo_nivel,60
-0.0002894183342600518,-0.001158571461194941,-0.0013663261735079042,-0.0012575472458540803,-0.0026769144581627814,-0.011551593672220644,Ridge_so_segundo_nivel,60
-0.0007018466892798083,-0.002673857661600576,-0.004181224508659751,-0.007373696005473873,-0.010324490386770817,-0.021958228405735497,Ridge_so_segundo_nivel,60
-0.0005531086380836669,-0.001719911504156441,-0.0020021704719108517,-0.001657593183480308,7.0006196795700755e-06,-0.0019191847782285979,Ridge_so_segundo_nivel,60
-8.167547441431353e-05,-0.0005174491477342395,-0.000809584116811258,-0.0006508264440581125,2.6190207555705846e-05,-0.008332528930650278,Ridge_so_segundo_nivel,60
-0.0005152802543617946,-0.0011940863343807655,-0.0023569723154454186,-0.005171091783035954,-0.007175514021555936,-0.019205639475068783,Ridge_so_segundo_nivel,60
-0.0003365463847717466,-0.000999873746320625,-0.0017918299223899598,-0.00267022040932154,-0.003292413949991288,-0.006560780430761628,Ridge_so_segundo_nivel,60
-0.0003218815220241093,-0.0009478894515892004,-0.0009939133208618318,-0.0017179416622637713,-0.0005720287122284575,0.00034895278038470513,Ridge_so_segundo_nivel,60
-0.0005208533388541412,-0.0016217236377464184,-0.0019841046424506174,-0.002091653479449158,-0.0011570736637297433,-0.0028459221759662913,Ridge_so_segundo_nivel,60
-0.00021685756201190624,-0.0012332030695916204,-0.0026334650303911655,-0.004894124398785869,-0.007021731903248951,-0.013412145215699531,Ridge_so_segundo_nivel,60
-0.0005580111326951031,-0.0017282169328071224,-0.0015336082255311809,-0.0002963591741443273,0.0008189472022846368,-0.0036236080143606107,Ridge_so_segundo_nivel,60
-0.0005874325853076616,-0.002252291663797636,-0.003990656845970354,-0.008116898027075513,-0.010034772535061966,-0.02051302690726878,Ridge_so_segundo_nivel,60
-0.00034665383756339856,-0.0009668831949692015,-0.00060006294929004,0.00046066390829119095,0.0023637705560181853,-0.005179649089519739,Ridge_so_segundo_nivel,60
-0.00024721168305341055,-0.001269259938858791,-0.0023110351645867972,-0.0017824374155927512,-0.0015626753729949107,-0.010868822077043871,Ridge_so_segundo_nivel,60
-0.0005711280389655752,-0.0018461609645129776,-0.0038382011414770318,-0.0065495937864639975,-0.007832101375203017,-0.011490067352779111,Ridge_so_segundo_nivel,60
-0.0003172048335242518,-0.001145058909465389,-0.0015662981581710336,-0.0022728114591575276,-0.0022619636234575487,-0.008081699418606422,Ridge_so_segundo_nivel,60
-0.0002513769944346193,-0.0006521790446265635,-0.0005311525395155804,-0.0009651304601503872,-0.001091041381117139,-0.012770861135213384,Ridge_so_segundo_nivel,60
-0.0006001103886973978,-0.0026063938075410317,-0.004175975760727643,-0.004797019505012096,-0.0033514589661274596,-0.005115933748874369,Ridge_so_segundo_nivel,60
-0.000214503733908967,-0.0012764337936627668,-0.0020785268661906026,-0.003228242522481154,-0.00496581427769881,-0.01802808517145978,Ridge_so_segundo_nivel,60
-0.0003279138142243436,-0.0010723083307166619,-0.0012901681211531315,-0.0017428619088953525,-0.0011527099211441623,-4.708282536633773e-05,Ridge_so_segundo_nivel,60
-0.0004334658193130439,-0.0014426796969207835,-0.002821357898752471,-0.005664134445101686,-0.007259941083518153,-0.01938393899465678,Ridge_so_segundo_nivel,60
-0.0008771425472672663,-0.0034127448471046222,-0.0050002592026446475,-0.00899748126170508,-0.010649456633659985,-0.023392921027162197,Ridge_so_segundo_nivel,60
-0.0004219293600625535,-0.0008659393726129769,-0.0006999682117940895,-0.0008602599291602631,-0.0005972878233133925,-0.007484151375956498,Ridge_so_segundo_nivel,60
-0.0004073995365853856,-0.0015555565603543647,-0.0022910320533627306,-0.004609844101181058,-0.00591429668804158,-0.012617339356402888,Ridge_so_segundo_nivel,60
-0.0004560070589563483,-0.0014233556781292058,-0.002530587559395187,-0.0047935956961635525,-0.007134084674917123,-0.017826247196743594,Ridge_so_segundo_nivel,60
-7.715636898488994e-05,0.00010712759165581326,0.0009488999810402333,0.002017139661925381,0.005154886306352144,0.0006239522600743346,Ridge_so_segundo_nivel,60
-0.00017411676997531296,-0.00040484467037512034,-4.276153193114304e-05,0.0009292072178768071,0.0009440813984734832,-0.010858410122197846,Ridge_so_segundo_nivel,60
-0.00035191286863941345,-0.0012054730580190998,-0.0015407604843580783,-0.0017481098920476272,-0.0020995855136779953,-0.009946203113183505,Ridge_so_segundo_nivel,60
-0.0007016549840007002,-0.0028006921307792026,-0.004859469715479057,-0.0093381918058317,-0.013293160992814565,-0.03497590028618581,Ridge_so_segundo_nivel,60
-0.0007058982583556247,-0.0030507797275333573,-0.005416954771511644,-0.009515542447583776,-0.01202373137108896,-0.021430213889297382,Ridge_so_segundo_nivel,60
-0.0005714255612242514,-0.001965710533260643,-0.003142212376646583,-0.006498566686114353,-0.008728500396203969,-0.017408521087836547,Ridge_so_segundo_nivel,60
-0.0006858765935615024,-0.0022712040739657604,-0.0041620234039419475,-0.008714188665431406,-0.012718644852992967,-0.024831634685026294,Ridge_so_segundo_nivel,60
-0.000284324512225719,-0.0012877878564135428,-0.002904270800875521,-0.005027861857368868,-0.00595888474151036,-0.009558456912287001,Ridge_so_segundo_nivel,60
-0.0005861813331758967,-0.002009107104709946,-0.0030956104866973243,-0.004789038601270945,-0.0065432828689011395,-0.012092360221687349,Ridge_so_segundo_nivel,60
-0.00040616820150971694,-0.0014165129979087621,-0.002361608524001395,-0.00536589127772155,-0.0072074764837766064,-0.019883262633755044,Ridge_so_segundo_nivel,60
-0.0004710000762044186,-0.0016997268767886009,-0.0032595369886373638,-0.007381954703240573,-0.011041551110339005,-0.023107725476881686,Ridge_so_segundo_nivel,60
-0.0005107431619444161,-0.0017892634981043294,-0.002881326382110847,-0.004313400101465635,-0.005585000953938696,-0.01447195626940745,Ridge_so_segundo_nivel,60
-0.0003737513169417631,-0.001647480234468471,-0.003985586538607635,-0.007802374393717767,-0.011348135340608809,-0.022920555922400023,Ridge_so_segundo_nivel,60
-0.0005316557425893542,-0.0020219262137636763,-0.004045950892874337,-0.008182126784375885,-0.011293362265378018,-0.02429073458814774,Ridge_so_segundo_nivel,60
-0.0003764942994104417,-0.0015038270808362432,-0.0023733753667991293,-0.004074803016177528,-0.005397027490494383,-0.013987340691982092,Ridge_so_segundo_nivel,60
-0.0003118630351232979,-0.0006651363516343011,-0.0004220776353682056,-0.0005956977902139263,-9.288426994584705e-05,-0.0026705066097210154,Ridge_so_segundo_nivel,60
-0.0004161208845037137,-0.0015768512034012876,-0.0035551855860875077,-0.007613026698520264,-0.010836963285926156,-0.0189259759685298,Ridge_so_segundo_nivel,60
-0.0004039307091578126,-0.000899711183127066,-0.0014971423527030724,-0.003480979364508822,-0.004557628090312189,-0.017113469706816924,Ridge_so_segundo_nivel,60
-3.4881089518087374e-05,-0.00037554126379204,-0.0006973983715646242,-0.0017660783026377178,-0.0014079335405528933,-0.012553359687581495,Ridge_so_segundo_nivel,60
-0.0005114267203472197,-0.001913628294765149,-0.0025761892542399234,-0.004035233277231873,-0.004366632641801466,-0.006735970883760394,Ridge_so_segundo_nivel,60
-0.00021341766839083558,-0.0009934896314957788,-0.0026283010447628913,-0.004957050061685254,-0.006805743821822437,-0.022186292687416703,Ridge_so_segundo_nivel,60
-0.00044924033386874125,-0.0022838232502553403,-0.0037378351659196167,-0.00631852946077522,-0.009385795129741806,-0.029808286828035754,Ridge_so_segundo_nivel,60
-0.000403077277963066,-0.0015872511334238918,-0.002711964963114328,-0.005594291265985651,-0.0076978707494705445,-0.01769829512060802,Ridge_so_segundo_nivel,60
-0.00036116661326846797,-0.0013345512673199381,-0.00195875674902959,-0.0025253485044574703,-0.0031857869471628073,-0.009978462628301557,Ridge_so_segundo_nivel,60
-0.00047749797844516784,-0.002271597389593069,-0.003901344766291872,-0.005355001198203031,-0.0048546760197006045,-0.014578938823702573,Ridge_so_segundo_nivel,60
-0.00022654662453090374,-0.0005930281281739705,-0.0016075638222529341,-0.004020499388495148,-0.004004668352683125,-0.02092018159224755,Ridge_so_segundo_nivel,60
-0.000635291981645392,-0.0018690421751895942,-0.0023323912567764274,-0.004146852242481355,-0.006384441345796244,-0.011741620000159506,Ridge_so_segundo_nivel,60
-0.0005982413195789376,-0.002563427428519781,-0.004188140732375514,-0.006876895124459957,-0.008297901694152567,-0.016343078205616524,Ridge_so_segundo_nivel,60
-0.0003632767274349927,-0.0019583266928146843,-0.004376286485541156,-0.00874256294836976,-0.012185216297060202,-0.035387428106962486,Ridge_so_segundo_nivel,60
-0.0004335541846800258,-0.001641494346419697,-0.0022724857649859915,-0.002502066886927237,-0.003376570321297251,-0.009574708533104154,Ridge_so_segundo_nivel,60
-0.0004862221948404121,-0.0017525446320266205,-0.0025117593805215875,-0.004163853652166464,-0.00479831947024983,-0.005896958373192368,Ridge_so_segundo_nivel,60
-0.0003229869895486107,-0.0008736626540878794,-0.0008842191216050933,-0.0012978527354113318,-0.001163173022821156,-0.0016821034247584035,Ridge_so_segundo_nivel,60
-0.0005382309137075901,-0.0016103637418107039,-0.0019701744969907783,-0.004041433843276033,-0.006539174735384676,-0.023033580251829788,Ridge_so_segundo_nivel,60
-0.0003881708013136367,-0.0013308057222424603,-0.0019055909820661916,-0.003433983817743972,-0.005174058714243561,-0.01842868414812216,Ridge_so_segundo_nivel,60
-0.0004070980329362941,-0.0010944728725047583,-0.0024639329159216465,-0.005580293643692424,-0.008680101189290086,-0.02038504203658946,Ridge_so_segundo_nivel,60
-0.0002788857596774024,-0.0012513693634041117,-0.0026153734439852997,-0.005695211958739592,-0.008311852563054946,-0.027992743259020323,Ridge_so_segundo_nivel,60
6.273503888608844e-05,0.000982414853332558,0.0040028065661547665,0.008971296555699946,0.015833343416382803,0.013610827998331174,Ridge_so_segundo_nivel,60
-0.0006792528218670854,-0.002818022910345608,-0.005009782756463201,-0.00842372195490484,-0.010730604165655407,-0.02103304817926343,Ridge_so_segundo_nivel,60
-0.00046570305155945217,-0.0010815143010299531,-0.0012035417918437456,-0.002678774620514126,-0.0060452073487351704,-0.021033903414517854,Ridge_so_segundo_nivel,60
-0.00022945379917473408,-0.001151154581663471,-0.0025979767157011426,-0.005528441786588825,-0.00821137188576155,-0.02629892874465144,Ridge_so_segundo_nivel,60
-0.0005265573241290902,-0.0017389071586078175,-0.003705294148834386,-0.009037962981382526,-0.014378020692123197,-0.03419439559608758,Ridge_so_segundo_nivel,60
-0.00020990622067728715,-0.0006487099506096161,-0.0008526756315655811,-0.0009678449491251675,-0.002642438029487175,-0.010591418069456411,Ridge_so_segundo_nivel,60
-0.0004198864176536072,-0.002385227916010415,-0.0042112959136277085,-0.008635590456760012,-0.012271054925588278,-0.02745892329496269,Ridge_so_segundo_nivel,60
-0.0004110887921142513,-0.0011101616086881063,-0.002255620469556062,-0.0045497797044182975,-0.005987780133249528,-0.01235830446866479,Ridge_so_segundo_nivel,60
-0.0005076010811600867,-0.0016159680830256816,-0.0019782048466802167,-0.0036421817663707477,-0.005154240112959225,-0.029117942248684765,Ridge_so_segundo_nivel,60
-0.00023881441651999033,-0.0004936081108229773,-0.0027274480918072015,-0.007012123487121357,-0.011723328546147148,-0.029039383901143932,Ridge_so_segundo_nivel,60
-0.000466351587535509,-0.002341658029761742,-0.0040747818447140274,-0.006051644896977731,-0.0075021357033222685,-0.02199104584043678,Ridge_so_segundo_nivel,60
-0.00032160798285915714,-0.0006455514042172392,-0.0006052236114047135,-0.0016845215703565816,-0.001754541988350295,-0.008305369655601882,Ridge_so_segundo_nivel,60
-0.00033551188448771585,-0.00132129271673362,-0.002233794039383655,-0.00621531783108914,-0.009121305378529374,-0.01949025033206348,Ridge_so_segundo_nivel,60
-0.00030211286687285464,-0.0013262782429384844,-0.0024154911705739166,-0.004617927878847014,-0.0061711220046292824,-0.020039055524826262,Ridge_so_segundo_nivel,60
-0.0002931998948179028,-0.0016723356730379622,-0.002666492147794626,-0.003066578958005402,-0.002003231175418385,-0.014247575217438548,Ridge_so_segundo_nivel,60
-0.00031528619061984035,-0.000992559440210793,-0.0010125711658838987,-0.00023426671617513966,0.00014005980365898232,-0.0018253554101245522,Ridge_so_segundo_nivel,60
-0.00045446198655283,-0.0018504173749609694,-0.003153833126715721,-0.005152392122009006,-0.006402729635990397,-0.011041863009490938,Ridge_so_segundo_nivel,60
-0.0003636689988464279,-0.0014889562087522295,-0.0023199974624210683,-0.0022054221939410727,-0.001582500195418401,-0.004967446938130099,Ridge_so_segundo_nivel,60
-0.0003937117555235221,-0.0010391335204402651,-0.00229771130398287,-0.005180080479908624,-0.006565771644609999,-0.015866681060898207,Ridge_so_segundo_nivel,60
-0.00038323731375851285,-0.0012123197324879582,-0.0013742871429347115,-0.0012522246858141163,-0.0009605046017940743,-0.0026996700675788457,Ridge_so_segundo_nivel,60
-0.00033146691504457276,-0.001120156231259153,-0.0015421167409825078,-0.002538981630812321,-0.003673792591597932,-0.010476269187447549,Ridge_so_segundo_nivel,60
-0.0005144699407777546,-0.0020745970110537283,-0.004339477616743452,-0.00794762891747303,-0.010740468228885788,-0.022854442644493753,Ridge_so_segundo_nivel,60
-0.0002100636039789139,-0.0005672466049209935,-0.0006117325264867841,-0.0003731634281321814,-7.689892462091614e-05,-0.00986869437426882,Ridge_so_segundo_nivel,60
-0.0007171281447180209,-0.0029260056529001014,-0.0056264008495324125,-0.010869899250221839,-0.015027056607109717,-0.026197080575813866,Ridge_so_segundo_nivel,60
-7.33980352210155e-05,-0.000379256184431632,-0.0010942187527562567,-0.0023240146054642483,-0.003546624649452208,-0.014160271783618122,Ridge_so_segundo_nivel,60
-0.0003578786890140757,-0.001441947849234984,-0.0030745412818812563,-0.00654023698246696,-0.00873645765199712,-0.019566984244610897,Ridge_so_segundo_nivel,60
-0.00032950948708671804,-0.0013415241838017852,-0.002719510126933938,-0.005329932884910759,-0.006752486814611314,-0.014540438733818236,Ridge_so_segundo_nivel,60
-0.0003099573214303724,-0.0010919178775869096,-0.0019027994222365018,-0.0035335496197306405,-0.004508643308608068,-0.009551122230187031,Ridge_so_segundo_nivel,60
-0.00032197502852345856,-0.0009224956673863549,-0.0010223058669737053,-0.00175010746441482,-0.0037562067154325376,-0.015013093165315697,Ridge_so_segundo_nivel,60
-0.0006620853691786001,-0.0018876925556935114,-0.0034661934739113483,-0.006878238217864477,-0.010697313288331112,-0.024770415835436443,Ridge_so_segundo_nivel,60
-0.0005264034919848391,-0.002257834202632895,-0.0037449264173329503,-0.004629159162287623,-0.004225696088688224,-0.010683875907048522,Ridge_so_segundo_nivel,60
-0.00043018174261461555,-0.0012036274684113278,-0.00262133695545512,-0.005864187964892298,-0.009754935196178594,-0.024218497525860368,Ridge_so_segundo_nivel,60
-0.000230987550832913,-0.0005698005553720649,-0.0007918292397400864,-0.0017135849107458264,-0.00211232922852364,-0.007536006711400666,Ridge_so_segundo_nivel,60
-0.00030885565671246996,-0.0006969922140283115,-0.0004216544424407604,-9.569777211614855e-05,-0.00016748735815365324,-0.0052224424777655865,Ridge_so_segundo_nivel,60
-0.00020743523578527074,-0.0009352452030862376,-0.001106793682643252,-0.001792411142631293,-0.00157070917024995,-0.004685988749268656,Ridge_so_segundo_nivel,60
-0.0003249485568040988,-0.0016057662662248232,-0.00355021061397426,-0.0066744398044180165,-0.008959016998684498,-0.016832545603417744,Ridge_so_segundo_nivel,60
-0.0006965468148136668,-0.002707050160556346,-0.0037651065893452183,-0.00567712965861229,-0.0053769361385637105,-0.009367175913173343,Ridge_so_segundo_nivel,60
-0.0002828505640706531,-0.0016016241782651063,-0.0036573730882133427,-0.006610736302323896,-0.00968566744275182,-0.019215046647085794,Ridge_so_segundo_nivel,60
-0.0002832377392917816,-0.0008022938614563175,-0.0011660359375155072,-0.002134548291323622,-0.001913765928915549,-0.007981757383234457,Ridge_so_segundo_nivel,60
-0.00030133275459519825,-0.0015125223613561267,-0.003600698012798102,-0.007823950696216721,-0.009279524542504988,-0.02408768092523543,Ridge_so_segundo_nivel,60
-0.00047782735463690557,-0.0017937989996355257,-0.0032729334870411774,-0.006960245640674451,-0.008824089242011076,-0.014779377467482823,Ridge_so_segundo_nivel,60
-0.0005020781283710845,-0.0018012640057767679,-0.0034088111394417983,-0.0060067460547303,-0.00718072310385103,-0.010974285457672345,Ridge_so_segundo_nivel,60
-0.00020288367838362765,-0.0006203377335275923,-0.0012158369990675876,-0.003789099105236765,-0.007196077335369197,-0.01625029771317893,Ridge_so_segundo_nivel,60
-0.00017796358569683354,-0.0009002386025142185,-0.0012018707548412191,-0.002452191728881456,-0.0022621417779599925,-0.0061820876215322,Ridge_so_segundo_nivel,60
-0.0003349762035015579,-0.0013727028218808372,-0.002708287756212824,-0.0056215476244987515,-0.007692207929772505,-0.014220709744230443,Ridge_so_segundo_nivel,60
-0.00042091493780526974,-0.001520029609024342,-0.00205877776977773,-0.003080394882699566,-0.0039749151091661205,-0.013435206081818066,Ridge_so_segundo_nivel,60
-0.0004233262226306293,-0.0017201277840123066,-0.002512867128030727,-0.0034221163251094244,-0.004283989480948847,-0.010486588030773878,Ridge_so_segundo_nivel,60
-0.0005408353327663086,-0.0014440700665017585,-0.00277696669550393,-0.0058506041695340445,-0.008013329739789627,-0.014488601123987843,Ridge_so_segundo_nivel,60
-0.00045328619151748797,-0.0014586464028275424,-0.0023395932489015804,-0.005029823742669228,-0.006588795488817595,-0.017792267199511044,Ridge_so_segundo_nivel,60
-0.00021963616134766022,-0.0005270475835060282,-3.981083262782295e-05,0.0012661672533447607,0.003156685164510645,0.0022188252112148384,Ridge_so_segundo_nivel,60
-0.000381384233054434,-0.002001282301110668,-0.0036704983701335444,-0.005942660349210663,-0.00812220831846571,-0.02062339198082834,Ridge_so_segundo_nivel,60
-0.00042532474190345,-0.001287706286853442,-0.0027131072570074875,-0.006611259149847696,-0.009947632339422705,-0.02142591308093468,Ridge_so_segundo_nivel,60
-0.00025372153727187515,-0.0007273919190935181,-0.0014841610117086424,-0.0037653564929666216,-0.0051591451908902,-0.01736386904386643,Ridge_so_segundo_nivel,60
-0.00024214771730856203,-0.000667347815503355,-0.0005022579479750952,-0.0009424737906811515,-0.0012815034287757274,-0.016806299852692715,Ridge_so_segundo_nivel,60
-0.00040127312370299463,-0.0012641505147396412,-0.002051960938792477,-0.0050734715628567096,-0.007218218585051747,-0.014833275203299509,Ridge_so_segundo_nivel,60
-0.0005710433629280931,-0.0015658074583448733,-0.002695569268189515,-0.0055232758583158926,-0.007942656582011523,-0.01867428775976314,Ridge_so_segundo_nivel,60
-0.00014486832107014438,-9.426711484734099e-05,-0.00036177852702326183,-0.0011616258208538503,-0.0008569875264577733,-0.008875941246801043,Ridge_so_segundo_nivel,60
-0.0007300618818975756,-0.0022085787594468428,-0.004755423342025755,-0.009743332139461023,-0.014892821912301294,-0.03510191086976326,Ridge_so_segundo_nivel,60
-0.00030370275351414115,-0.001153650666834329,-0.0013509498717828735,-0.0007835106256863881,0.00012402023842029365,-0.0044137707267725736,Ridge_so_segundo_nivel,60
-0.0005934096471708447,-0.003078507755036918,-0.006567504645950989,-0.011313234700441021,-0.014360897085692022,-0.034516725483529326,Ridge_so_segundo_nivel,60
-0.0004088122937864972,-0.0012318268028101217,-0.0017009783587391514,-0.002974166974821266,-0.004390095471825446,-0.014036120285238136,Ridge_so_segundo_nivel,60
-0.00030315700913549783,-0.0008600912770242744,-0.0026177234949494727,-0.006385092408829142,-0.010329814554932338,-0.02128159499907894,Ridge_so_segundo_nivel,60
-0.0005323665388226903,-0.0016577582344111848,-0.0023875616945428398,-0.0025508031805020663,-0.00239363349738532,-0.005061769726444807,Ridge_so_segundo_nivel,60
-0.00047644782766452336,-0.001782569260916731,-0.00324506995797164,-0.0056018294549735415,-0.0070494176974207,-0.011145745847720273,Ridge_so_segundo_nivel,60
-0.0004050354369512077,-0.0012332621114267664,-0.0023795076010030163,-0.0051419205765154,-0.006949533109059313,-0.018032792574738412,Ridge_so_segundo_nivel,60
-0.0005128889084684433,-0.002018373142641795,-0.003110603421814341,-0.008103566371467037,-0.0112768533045172,-0.028855276271754098,Ridge_so_segundo_nivel,60
-0.00030463585009953757,-0.0013361239578424508,-0.002747347841943354,-0.0050496209563372155,-0.007669656811132705,-0.020809968134096406,Ridge_so_segundo_nivel,60
-0.0005694044498233997,-0.0021265521401139537,-0.00370079801602121,-0.006466959657934022,-0.006898828008596701,-0.010459369812159685,Ridge_so_segundo_nivel,60
-0.0003417232006540658,-0.0011702995308228207,-0.0016087952849932641,-0.003030765140859864,-0.004246686125580565,-0.01166710885608687,Ridge_so_segundo_nivel,60
-0.00045217045332572494,-0.0015333549769860422,-0.0023429707278680993,-0.004342636953203254,-0.005342665678058681,-0.00994214646248621,Ridge_so_segundo_nivel,60
-0.0004356423056962302,-0.0019155228505876281,-0.002775474972596524,-0.0048598445637046545,-0.005486518125788923,-0.015102279739149797,Ridge_so_segundo_nivel,60
-0.0005010212139545427,-0.001459916705437245,-0.002167075813178761,-0.004381249147504868,-0.006103159381858123,-0.015954273627142072,Ridge_so_segundo_nivel,60
-0.0003047526932315909,-0.001642325403402024,-0.002736796317413628,-0.004033363461902509,-0.003760699542211173,-0.011109017736384064,Ridge_so_segundo_nivel,60
-0.0005071191492332992,-0.0021130261548544488,-0.0034403790120570562,-0.0057907931543200826,-0.007053879885256983,-0.010236767066161931,Ridge_so_segundo_nivel,60
-0.00033984483904076266,-0.0010411438762851467,-0.001068752691626378,-0.001144830565792331,-0.0011172210280564875,-0.009385009652956161,Ridge_so_segundo_nivel,60
-0.0003759005756904883,-0.0012817855303934357,-0.0022631428848488983,-0.003644233563317668,-0.0038343487801814936,-0.011332259762130172,Ridge_so_segundo_nivel,60
-0.0003517077697033142,-0.0012702477860187748,-0.0017998602712852479,-0.001818048700144149,-0.00021731728060811855,0.0011861634982760394,Ridge_so_segundo_nivel,60
-0.0001525690398250363,-0.0005081789635165902,-0.0014621288911769582,-0.002950126133094089,-0.003713715825797078,-0.016834277460231875,Ridge_so_segundo_nivel,60
-0.00044515096685241704,-0.0008627236352946929,-0.00017984608463044317,0.0020204152799747337,0.004123385943921714,-0.011261473044063365,Ridge_so_segundo_nivel,60
-0.0004336907794621385,-0.0008601893861901999,-0.00020958973732366503,-0.0004862337203253312,0.00025975542414833784,-0.006824986546434452,Ridge_so_segundo_nivel,60
-0.00022338905961327577,-0.0008828968416148775,-0.0019401912104288041,-0.00454965684998622,-0.00655057167810348,-0.016011904417625143,Ridge_so_segundo_nivel,60
-0.0005248504884922444,-0.0022820291354872717,-0.0033667170918178723,-0.005236375622829395,-0.0069096186618439566,-0.011172664347990451,Ridge_so_segundo_nivel,60
-0.000650176266886754,-0.0020309725397314286,-0.00392938775205115,-0.009838688467210522,-0.01560286635993354,-0.034905663554428666,Ridge_so_segundo_nivel,60
-0.00027130171199325043,-0.0007733715003898951,-0.0007965850205183977,-0.0018801696171195396,-0.0025662760654165374,-0.011470209402992142,Ridge_so_segundo_nivel,60
-0.00039543535975110507,-0.0010991799480682288,-0.0016833352645839327,-0.00363942898872268,-0.0019114268768242967,-0.006274331289194358,Ridge_so_segundo_nivel,60
-0.00041376259903617497,-0.001138005842321138,-0.002414238556901535,-0.006059326004079225,-0.009183449468763373,-0.01836736147071776,Ridge_so_segundo_nivel,60
-0.00036072333495223627,-0.0012545065095655842,-0.003044050731086003,-0.006145798986659185,-0.009914471835638088,-0.02336122700874465,Ridge_so_segundo_nivel,60
-0.00030281713123242503,-0.0012107448264942497,-0.0018244062677911623,-0.0032328385979468657,-0.00487799602915444,-0.012955573106881002,Ridge_so_segundo_nivel,60
-0.00036825996965332705,-0.0014616093906932113,-0.0026244438696200563,-0.004732659686555984,-0.007225738175755072,-0.021829999236288568,Ridge_so_segundo_nivel,60
-0.00039791576275060995,-0.0014174507580552052,-0.0031191714496737657,-0.0063110154347387724,-0.008814115669105605,-0.02201006963253956,Ridge_so_segundo_nivel,60
-0.00044948275848180787,-0.001348345474897763,-0.002775958404183803,-0.006890912519692672,-0.009842868658716001,-0.02110534585565574,Ridge_so_segundo_nivel,60
-0.00031186366618217556,-0.0013181067085075628,-0.001605676329708581,-0.003253385228860887,-0.003634483496785588,-0.011953315796469898,Ridge_so_segundo_nivel,60
-0.00037234809018527986,-0.0010171903077357707,-0.002102845414103094,-0.00480864745494008,-0.00652663975139327,-0.016013643779282813,Ridge_so_segundo_nivel,60
-0.0003364974846801698,-0.0012179084262352326,-0.0016299180926574197,-0.0022623407554715614,-0.002759297698057821,-0.012731755937192885,Ridge_so_segundo_nivel,60
-0.0003926385853723598,-0.002000379907645008,-0.0030060754355342332,-0.004226841334982792,-0.004846100908505981,-0.012362149773894548,Ridge_so_segundo_nivel,60
-0.0003634978212152635,-0.0015844845775375902,-0.002382983696000126,-0.0047146353019839864,-0.006421995495384644,-0.01487228759353636,Ridge_so_segundo_nivel,60
-0.0006415751881968762,-0.0017748067609266115,-0.003337963836229522,-0.00571591694891597,-0.00843934047709804,-0.018546757600467388,Ridge_so_segundo_nivel,60
-0.00036649071903269175,-0.0009428027334772819,0.0005160435023239844,0.0042673557682745555,0.008965041504774042,0.011755264046681452,Ridge_so_segundo_nivel,60
-0.0002908003197396097,-0.0009685730696094682,-0.0015934025598089469,-0.002633438294119363,-0.004126950991332441,-0.012333842048215504,Ridge_so_segundo_nivel,60
-0.000347348987149351,-0.0012463550305120417,-0.002252746460395217,-0.005074586777422778,-0.00714474995787065,-0.018353037193513385,Ridge_so_segundo_nivel,60
-0.00032946946714879386,-0.001210462639768475,-0.002040529906741237,-0.0034489591338114577,-0.005150977417363943,-0.012808910114894443,Ridge_so_segundo_nivel,60
-0.0005087282475494254,-0.0020254853420425974,-0.004849417091385544,-0.009054175853538208,-0.012522495454077008,-0.02143861421767504,Ridge_so_segundo_nivel,60
-0.00026283804732858565,-0.0006437756153955863,-0.0011239502346773549,-0.0026565327440279847,-0.003925004229129004,-0.015391914243190277,Ridge_so_segundo_nivel,60
-0.0001830089130660066,-0.0006950041510547719,-0.0010758767745796813,-0.001839704086949244,-0.0027944682856617248,-0.010163426514503304,Ridge_so_segundo_nivel,60
-0.0003758456798567698,-0.0022110746548780684,-0.0035414747858465395,-0.005912732373564693,-0.008247389904797047,-0.02216303088462251,Ridge_so_segundo_nivel,60
-0.0008788043344865721,-0.0029106637967230577,-0.005995025548946062,-0.012235135998246676,-0.01720535703106586,-0.030562290240757125,Ridge_so_segundo_nivel,60
-0.0004894344063381529,-0.0019851366108286305,-0.003549209615911503,-0.005516815700342524,-0.00670480042395513,-0.01725880987734245,Ridge_so_segundo_nivel,60
-0.0007204111159451304,-0.0022934920634494647,-0.0038766546805835537,-0.0071369394491197285,-0.010492223126692122,-0.028570356795679323,Ridge_so_segundo_nivel,60
-0.0005335140845378073,-0.002167601813230695,-0.0027155121988517673,-0.002752771352378439,-0.00313835759852087,-0.012004246471705275,Ridge_so_segundo_nivel,60
-0.0005705462316318454,-0.0020188180471416655,-0.0030887704248419084,-0.005390003627105887,-0.007946016828038985,-0.02153301314385413,Ridge_so_segundo_nivel,60
-0.00031652026666634985,-0.0009613909355331993,-0.0008728904949572895,-0.0009277988955910307,-0.0005283375238120105,-0.0032787708931759606,Ridge_so_segundo_nivel,60
-0.0007477324304168538,-0.002952692807232723,-0.004104801368112142,-0.0065799631511351975,-0.007730817983931256,-0.015642053744854983,Ridge_so_segundo_nivel,60
-0.00041259705944707715,-0.0016974818727072403,-0.00240419036208137,-0.004504327691207425,-0.006574120413591227,-0.014886081096378075,Ridge_so_segundo_nivel,60
-0.0004395713121408754,-0.002180045133288549,-0.00418928144047143,-0.008029508225627001,-0.01034542358854531,-0.028468229887832545,Ridge_so_segundo_nivel,60
-0.0004095854822602463,-0.0013859522392789844,-0.0019730223896235305,-0.0044639137539348285,-0.006665013578688886,-0.01897513841001485,Ridge_so_segundo_nivel,60
-0.0005862121405713539,-0.002522514746622026,-0.0040734641845496175,-0.009137637707157097,-0.014116091090305517,-0.03956939353744972,Ridge_so_segundo_nivel,60
-0.0002153510514419432,-0.000637032980740957,-0.00016075693002732332,-0.0004759329925312716,-0.00012282889948650298,-0.005490070169724577,Ridge_so_segundo_nivel,60
-0.0005667059727592783,-0.0017097735030953294,-0.0029529752342539735,-0.005955841241050709,-0.008756699994074161,-0.019157254167601518,Ridge_so_segundo_nivel,60
-0.000216992438997525,-0.00018838102156460524,-0.00027001836401682755,5.317174585202479e-05,-0.00021250724316219837,-0.0091145722196117,Ridge_so_segundo_nivel,60
-0.0005488306547438267,-0.0017298884753875223,-0.003843139545309945,-0.007560917142558334,-0.011547102685677458,-0.030615658605947473,Ridge_so_segundo_nivel,60
-0.0004767474712191316,-0.002218796011321151,-0.004705378123949455,-0.009848719245255079,-0.014323831262859667,-0.02550128636075348,Ridge_so_segundo_nivel,60
-0.000177344386379419,-0.0006050099584660981,-0.0007462569866968566,-0.0019463963233027437,-0.0008675259952676168,-0.011212699285573172,Ridge_so_segundo_nivel,60
-0.00034927611895850747,-0.0014969691504769695,-0.0022289901858311974,-0.003921759944684301,-0.0054051793559785075,-0.018292112605723977,Ridge_so_segundo_nivel,60
-0.0006514872227936285,-0.0023903723244984585,-0.0038924666121539124,-0.005253555155584504,-0.005010412314768325,-0.017619809692454046,Ridge_so_segundo_nivel,60
-0.0005362182447946302,-0.0017695307511147187,-0.0031220494893101406,-0.006137871433948745,-0.008422069016607983,-0.0210626626364462,Ridge_so_segundo_nivel,60
-0.0002931454290178532,-0.0013003185330534872,-0.002936648378478208,-0.006106808447820252,-0.010050785940147137,-0.022005945298772745,Ridge_so_segundo_nivel,60
-0.0003558824615377556,-0.000917077540506056,-0.000646166623880947,-0.0016195642570954643,-0.003008210818438893,-0.015486860707058138,Ridge_so_segundo_nivel,60
-5.312885046101806e-05,0.00012219499260624557,0.0002060150312825471,-0.0009823786537803073,-0.0024251624282707563,-0.012135865335648777,Ridge_so_segundo_nivel,60
-0.00017388487916366967,-0.00038858464514501687,-0.00041567385516402274,-0.0006143168385582165,-0.0016703529588073143,-0.012351766556236881,Ridge_so_segundo_nivel,60
-0.0003592647754886689,-0.0010691880882815548,-0.0009309644608236089,-0.0006811780275443882,0.001130375062962498,-0.00048544273767492407,Ridge_so_segundo_nivel,60
-0.0006253425484062309,-0.002316511486649071,-0.003390220899831274,-0.006772927074901426,-0.010289315612101562,-0.01822176604635144,Ridge_so_segundo_nivel,60
-0.0004667072800450685,-0.0016555947728618243,-0.0020991945643131604,-0.0023865045921768247,-0.0011279317150959436,-0.0016215421866287542,Ridge_so_segundo_nivel,60
-0.0003896465980893472,-0.0010541986730732995,-0.0023105541143236367,-0.005025785657896717,-0.00717726894423225,-0.016327830134244502,Ridge_so_segundo_nivel,60
-0.0003448294985514416,-0.0011377331940721006,-0.001931613910453802,-0.0046148497851530405,-0.006809612353510746,-0.01724346554383129,Ridge_so_segundo_nivel,60
-5.715790789692398e-05,-0.00019522823179101795,-1.0230366686070983e-05,8.745625842483231e-05,0.0001642099843809157,-0.006379206944146273,Ridge_so_segundo_nivel,60
-0.0005001832898949525,-0.0020754775855699676,-0.003921739035136701,-0.008885253457450268,-0.012696627449573311,-0.025467368698959575,Ridge_so_segundo_nivel,60
-0.0003462457843688908,-0.0009747461942206147,-0.002368402700223947,-0.005337541252258388,-0.00858413505203777,-0.02573795884892946,Ridge_so_segundo_nivel,60
-0.00031252202130554454,-0.0009741990832955202,-0.0013276982175945639,-0.0021292530690842897,-0.003392590485498525,-0.01936703552066408,Ridge_so_segundo_nivel,60
-0.00032307744923619903,-0.0011409613622734424,-0.001819835151910922,-0.00247844079551428,-0.003357535308167561,-0.013116437710740815,Ridge_so_segundo_nivel,60
-0.0006574196581890322,-0.0030934335692277817,-0.003994734318305208,-0.005392483016413576,-0.0052775698711579905,-0.005222923004158548,Ridge_so_segundo_nivel,60
-0.0005022226470304905,-0.0021682250468815782,-0.003180831425200012,-0.005668474442129983,-0.006733414672522877,-0.024249355090572983,Ridge_so_segundo_nivel,60
-0.0005164266234018972,-0.002479934178173268,-0.004442584739811707,-0.00793747417650657,-0.01150959188807114,-0.020346050068914715,Ridge_so_segundo_nivel,60
-0.0004884620027755103,-0.0017912438164444642,-0.0029262033137189077,-0.005000516613624893,-0.006066551015175468,-0.01875814081864259,Ridge_so_segundo_nivel,60
-0.0003517932081230794,-0.0016646378705808755,-0.0020773219624450278,-0.00218046147448512,-0.001160323894892963,-0.01551718348717494,Ridge_so_segundo_nivel,60
-0.0005109520610109868,-0.0018206479194606232,-0.0032359793367383897,-0.007205772557526859,-0.010302617189795402,-0.02710632759914129,Ridge_so_segundo_nivel,60
-0.0004727544704158199,-0.0016201872967732762,-0.0028939178599096966,-0.005988816210233917,-0.00909764580379184,-0.021447184064429643,Ridge_so_segundo_nivel,60
-0.00036597178513169385,-0.001212608667698429,-0.0022710869289536946,-0.0033949660548211044,-0.004371961426259153,-0.019134477976008948,Ridge_so_segundo_nivel,60
-0.0003312577590416044,-0.0017641262348470237,-0.0032712416409087135,-0.006264473974288812,-0.008945125186407766,-0.0230304843475204,Ridge_so_segundo_nivel,60
-0.0009216168221524819,-0.0035391795765499995,-0.006179612086523056,-0.011309939224939582,-0.01540066490929304,-0.02583224891743466,Ridge_so_segundo_nivel,60
-0.00014868737753284626,-0.00043559560074709014,-0.000812082308517998,-0.0019100513318004156,-0.0038364548128642668,-0.017560016292316644,Ridge_so_segundo_nivel,60
-0.0001922201188996754,-0.0009419048987050648,-0.0014320431416889833,-0.003158865839820299,-0.004418529017028765,-0.016725055404043503,Ridge_so_segundo_nivel,60
-0.00012751835230884098,-0.00055263852217882,-0.0005921353564667562,-0.0011111283022765895,-0.00262581248516212,-0.01996064642657109,Ridge_so_segundo_nivel,60
-0.0003046157827947461,-0.0011072161479463748,-0.0013298471878015778,-0.005335927592731162,-0.007509960795157135,-0.03347355261863334,Ridge_so_segundo_nivel,60
-0.0004745361350345201,-0.002200864297639815,-0.005272223110740231,-0.011985365660257107,-0.017096385287221936,-0.03074868049270797,Ridge_so_segundo_nivel,60
-0.00022333660775199096,-0.0009016549423058792,-0.0016546470432605522,-0.0019467734284554013,-0.0023853187654021097,-0.008978831149356789,Ridge_so_segundo_nivel,60
-0.0003997412694607066,-0.0012540557135923194,-0.0020446788485944086,-0.0038396363269659712,-0.0048821255368149885,-0.014245631836519885,Ridge_so_segundo_nivel,60
-0.0002721941619349312,-0.000699722598419778,-0.0014326970313982151,-0.0029186932059417645,-0.004263267347537788,-0.017471454773066105,Ridge_so_segundo_nivel,60
-0.00015377873875709744,-0.00012347495214451025,0.0005933868992143128,0.0005202751573102863,-6.07773098241671e-05,-0.00408430586558476,Ridge_so_segundo_nivel,60
-0.0004112040967439167,-0.0016795409939756771,-0.002244403238207309,-0.0041932877903810475,-0.0038933657650383974,-0.017239639566803324,Ridge_so_segundo_nivel,60
-0.00040962143154942184,-0.001448908170413964,-0.002227362664270926,-0.003530123898240752,-0.004359102707920854,-0.01499286234630567,Ridge_so_segundo_nivel,60
-0.0006605403333253227,-0.002165821402749351,-0.0034701529544498913,-0.007009428593532945,-0.01005777891375267,-0.01603857636176767,Ridge_so_segundo_nivel,60
-0.0003890028234297766,-0.0014017080542869699,-0.0018789217623246125,-0.0026578345917776646,-0.0034687273452559944,-0.016465623614633572,Ridge_so_segundo_nivel,60
-0.00030645828748144583,-0.00067750132931361,-0.0013456172596887654,-0.003403549390019449,-0.005695475233065697,-0.015866794078931858,Ridge_so_segundo_nivel,60
-0.0003135789553492253,-0.0009873962779289233,-0.00175218004433321,-0.003440153967107587,-0.006085621178223824,-0.023216683646557018,Ridge_so_segundo_nivel,60
-0.00037622935046974936,-0.0015129469659479627,-0.0022856662520706517,-0.0031449429108173768,-0.0037899690026267164,-0.009050633178638042,Ridge_so_segundo_nivel,60
-0.0005943408941932682,-0.002087941385359689,-0.0036731423274223548,-0.007795334364045191,-0.01142100922668587,-0.0275825114076657,Ridge_so_segundo_nivel,60
-0.0005150401548709805,-0.0019755681519638495,-0.0027366061362517394,-0.0031895104026879555,-0.002292152589644948,-0.006851539730309371,Ridge_so_segundo_nivel,60
-0.0003950759761379184,-0.0013129351998887467,-0.0018276740805087154,-0.0033773400483268073,-0.005074286870200637,-0.013178998379749878,Ridge_so_segundo_nivel,60
-0.0003414246342781073,-0.001371066017043764,-0.0016188046425806117,-0.0006691899064160481,4.2379192463041433e-07,-0.009434026406518773,Ridge_so_segundo_nivel,60
-0.0003538621559087515,-0.0013918473678840204,-0.0024412020688506014,-0.0045044307451420455,-0.00548447985544577,-0.01653921785330084,Ridge_so_segundo_nivel,60
-0.00029783130904430537,-0.0009181509607781017,-0.0011680857912656753,-0.002273284526588215,-0.0033560338094007817,-0.00795191264237758,Ridge_so_segundo_nivel,60
-0.0002669023255109286,-0.0009756402534002526,-0.001182030210829405,-0.002364489793802004,-0.00293346569068529,-0.01278962319617419,Ridge_so_segundo_nivel,60
-0.00034100120787557267,-0.0014182683686400801,-0.001954048283286099,-0.0017757685406389946,-0.002556773842899331,-0.016653816889229945,Ridge_so_segundo_nivel,60
-0.0002874924039611816,-0.00117301067128296,-0.0016533204832591857,-0.0027041916386815615,-0.0023526580734311727,-0.008261384016895305,Ridge_so_segundo_nivel,60
-0.00028014583583327394,-0.000980811936157915,-0.0021951282504800223,-0.004770537993326262,-0.005626363087569567,-0.013995359642333942,Ridge_so_segundo_nivel,60
-0.0004310960824547563,-0.0016844726524348989,-0.0025406297034466408,-0.0048578423033529185,-0.006601785729297492,-0.022635270465384,Ridge_so_segundo_nivel,60
-0.0006814952232865439,-0.0028819084790327634,-0.005112041919147243,-0.010141942879936035,-0.015236658714960166,-0.026920261814013788,Ridge_so_segundo_nivel,60
-0.00034878725563922814,-0.0015206036017905143,-0.0025288388462424575,-0.004893654424047687,-0.0062054604399989655,-0.010247051157120015,Ridge_so_segundo_nivel,60
-0.0002922502713476189,-0.0013579286661281051,-0.0026597892628689884,-0.0051230884481665365,-0.007107805267215173,-0.019838208402720377,Ridge_so_segundo_nivel,60
-0.0005223601185013319,-0.001362973768972021,-0.001208916128467936,-0.0014620484406650197,-0.001381355867158554,-0.004948349898365248,Ridge_so_segundo_nivel,60
-0.00031502860782568146,-0.0009750023487799374,-0.002151010845238309,-0.004623103552765713,-0.007308540694699419,-0.01461616753153778,Ridge_so_segundo_nivel,60
-0.0004002894664454287,-0.0014588014653650998,-0.0019512044452567926,-0.0023520083322526243,-0.003345139509137361,-0.01096654438447915,Ridge_so_segundo_nivel,60
-0.00044738785291168214,-0.0010178223536571932,-0.0014514240529818808,-0.002855381246785043,-0.004066495348089127,-0.008674250677079616,Ridge_so_segundo_nivel,60
-0.00028466588912778276,-0.0010664471586428242,-0.0016026758362897298,-0.002033400655574322,-0.0032186620161397347,-0.011513553130986965,Ridge_so_segundo_nivel,60
-0.0003072814516033861,-0.0014310636444503065,-0.002187218532792353,-0.0022341264489371595,-0.003990269773222793,-0.023474847952175044,Ridge_so_segundo_nivel,60
-0.0004208793987661042,-0.001948165211101132,-0.004260004907442863,-0.008760102934984556,-0.012187590061657688,-0.027696003590826485,Ridge_so_segundo_nivel,60
-0.00025594795477570475,-0.001010837098072372,-0.0015408502445414468,-0.003661161232863968,-0.006358820596973112,-0.016908860918955174,Ridge_so_segundo_nivel,60
-0.0002626379871015963,-0.000805411455639682,-0.001989815310105457,-0.005441058793876622,-0.008995442916950295,-0.02674766575811601,Ridge_so_segundo_nivel,60
-0.00020929227542687372,-0.0006962645314202238,-0.001025820528474734,-0.002151029882127985,-0.003662161254915301,-0.025039330031228903,Ridge_so_segundo_nivel,60
-0.000477417952663863,-0.0016495909627644574,-0.0025286851616939266,-0.005193495374371573,-0.00681412892635332,-0.013462970069793929,Ridge_so_segundo_nivel,60
-0.0004302335368558807,-0.0016210163178006563,-0.0028739372347268257,-0.005656407808738355,-0.0073489025719270665,-0.021151702870005566,Ridge_so_segundo_nivel,60
-0.00031840264345492635,-0.0007913122265455883,-0.0002554410744310833,0.0008423221975408484,0.001694684147155219,-0.002132773227534473,Ridge_so_segundo_nivel,60
-0.00037041252729385585,-0.0014627496294459658,-0.0034603297034860744,-0.006940802490777594,-0.010897290467982667,-0.02686198207791252,Ridge_so_segundo_nivel,60
-0.0001266301696808446,-0.0007545874347263603,-0.0011500347295045035,-0.0012798747491781076,-0.0009536635483627029,-0.005708245788002397,Ridge_so_segundo_nivel,60
-0.00046746904266688037,-0.002106016011300603,-0.002577220793877767,-0.003091065070118703,-0.00276094687882442,-0.009473865166190998,Ridge_so_segundo_nivel,60
-0.0003795260309682836,-0.0009160681916819249,-0.0011490470787431178,-0.003695089362573566,-0.005959504867591013,-0.020486860032546614,Ridge_so_segundo_nivel,60
-0.00029818155033146715,-0.0006469563890158008,-0.00035489394740054815,0.0008267484268137725,0.0030481339669730725,-0.0009636691231058866,Ridge_so_segundo_nivel,60
-0.0003417679232600904,-0.0009676849733796001,-0.001763014078320637,-0.002872780190838404,-0.0036931551447072406,-0.008914743176221122,Ridge_so_segundo_nivel,60
-0.0007687843036481867,-0.00257340761043492,-0.005401969502658407,-0.010627965752652908,-0.01366750844486255,-0.027091907711248978,Ridge_so_segundo_nivel,60
-0.00044489382758771225,-0.0021967558017990997,-0.004665313875612358,-0.010404950368124912,-0.016330322823554583,-0.03759423098281516,Ridge_so_segundo_nivel,60
-0.00021434354011859439,-0.00047069024359745634,-9.069286100539542e-05,0.001003709948544109,0.003169764718232647,-0.006257285205323933,Ridge_so_segundo_nivel,60
-0.0004213909862005105,-0.001636464329824104,-0.002933693200356468,-0.006273659539074168,-0.010514524024835539,-0.01853213292294035,Ridge_so_segundo_nivel,60
-0.00038464823519147965,-0.00133397674826366,-0.0026392358445301856,-0.0055286706855918535,-0.007749831948857343,-0.021878465950652484,Ridge_so_segundo_nivel,60
-0.0005648296203785826,-0.0022343968617493143,-0.0037920694809783525,-0.007104685410969946,-0.009367925545890879,-0.024358208071748256,Ridge_so_segundo_nivel,60
-0.00048187316203243354,-0.0017183009304173008,-0.0019663132339070846,-0.004197721673861457,-0.00515644678746577,-0.014184368695018445,Ridge_so_segundo_nivel,60
-9.563521693632401e-05,0.0006889818398556354,0.0034770606135921664,0.008094525136716092,0.012648649523171308,0.012457102699459885,Ridge_so_segundo_nivel,60
-0.00033316887933218157,-0.001703210623070401,-0.002579823824353932,-0.005398827456966734,-0.006707838281795273,-0.013247091653044578,Ridge_so_segundo_nivel,60
-4.304654491936213e-05,-6.199204784358531e-06,0.0005085512574182923,-8.623279520600926e-05,-0.0007528144892981845,-0.010176599184109793,Ridge_so_segundo_nivel,60
-0.0004062054122533058,-0.0012441311882901392,-0.002141072570802888,-0.00280743189379772,-0.003700677718306766,-0.008929625688152065,Ridge_so_segundo_nivel,60
-0.0005921768196325702,-0.003070222079667725,-0.0058348990757646855,-0.010983189659051004,-0.014837246836755089,-0.03475617758489784,Ridge_so_segundo_nivel,60
-0.000358762145213685,-0.0009948321300806365,-0.0014385651528924018,-0.002323772398432719,-0.003997060333058573,-0.01098821179869738,Ridge_so_segundo_nivel,60
-0.0004119858700552531,-0.00196556070942999,-0.003763102667751335,-0.006228718724594891,-0.006129218112255997,-0.01175481669102654,Ridge_so_segundo_nivel,60
-0.001058735758358194,-0.003416662876272812,-0.0068747977184338725,-0.0138050157859275,-0.01973260857099985,-0.03614478061693976,Ridge_so_segundo_nivel,60
-0.00039516116101042444,-0.0016983533800813747,-0.0017460401275386113,-0.0016198566292536176,-0.0008055353589221399,-0.01236839873587462,Ridge_so_segundo_nivel,60
-0.00024071120422299242,-0.0006784881519131241,-0.0014892998387232444,-0.003501084043880318,-0.003944865869086682,-0.01702700920643126,Ridge_so_segundo_nivel,60
-0.0005971818700598792,-0.002405029731175872,-0.003869030703907676,-0.007614254026310989,-0.00973287603596345,-0.025020913682302144,Ridge_so_segundo_nivel,60
-0.00045403903208651763,-0.0017287380896511245,-0.0033394238239587114,-0.006837429898933366,-0.009410577348594929,-0.01955993828980392,Ridge_so_segundo_nivel,60
-0.00024678538043436003,-0.0006990690326687283,-0.0011628670151056476,-0.0006052817328948698,0.0010322587658065138,-0.005274645786614972,Ridge_so_segundo_nivel,60
-0.00033535777347238645,-0.0014765628709101346,-0.0029924202480566485,-0.006654315956680898,-0.01028783320013956,-0.0178840065694589,Ridge_so_segundo_nivel,60
-0.0004380016813004289,-0.001213523059704333,-0.0019151273836630293,-0.004033188468315341,-0.005771662366537941,-0.011242325907444329,Ridge_so_segundo_nivel,60
-0.0003474505458283949,-0.0011051588782069514,-0.0019987109376151677,-0.003898066950085651,-0.0057752017686754425,-0.0101410818277773,Ridge_so_segundo_nivel,60
-0.00058075869665547,-0.0017989039158402753,-0.0029276265918576592,-0.004394906249195704,-0.006264529441292195,-0.015811435617485783,Ridge_so_segundo_nivel,60
-0.00043503315254117666,-0.0015439466343951792,-0.001306036399525735,-0.0007427642908330447,0.0005894367104499575,-0.006675841845680592,Ridge_so_segundo_nivel,60
-0.0003205329510898617,-0.0009741672522036871,-0.002284762969551122,-0.004330004143784661,-0.0066331142609722124,-0.019199028861037463,Ridge_so_segundo_nivel,60
-0.0005532550840730374,-0.001855039510645764,-0.00127595681330387,0.0010371380483846573,0.0033341180502046556,-0.0049448005944548335,Ridge_so_segundo_nivel,60
-0.0004890061130360551,-0.0020179930147325074,-0.003780414393559149,-0.006731914492498549,-0.009866907290947847,-0.02799945124223091,Ridge_so_segundo_nivel,60
-0.0006472811350107561,-0.0025334388608648836,-0.005109358388401657,-0.012220610742740485,-0.019331588383559525,-0.0357827630351858,Ridge_so_segundo_nivel,60
-0.00034205709741800145,-0.001684989000659624,-0.0033347948876325654,-0.006205223885486187,-0.007816398694268978,-0.020472276276727753,Ridge_so_segundo_nivel,60
-0.00028119192808203806,-0.0011848109324628863,-0.002539288279109902,-0.006307514983528916,-0.011290468514837202,-0.025052150589589005,Ridge_so_segundo_nivel,60
-0.0004803083271823844,-0.0014519659336880394,-0.002742261668662692,-0.005059789017415609,-0.0078480808544185,-0.016503667149213416,Ridge_so_segundo_nivel,60
-0.0003777226052452498,-0.001270155164879137,-0.0024418776934012733,-0.004973483419711419,-0.006317610659036082,-0.012735626270720416,Ridge_so_segundo_nivel,60
-0.00044138137391625806,-0.0018923765609058186,-0.0029260260710957105,-0.004875185564064416,-0.005340210080237644,-0.010320695799333701,Ridge_so_segundo_nivel,60
-0.00048309011153072843,-0.001974854538905412,-0.003233483974803704,-0.004600252161796586,-0.004615321533958389,-0.007872725199948234,Ridge_so_segundo_nivel,60
-0.0003642234411824623,-0.0012197097491427492,-0.0015808559079383269,-0.002626479097218204,-0.0036764843613989705,-0.007089725074401663,Ridge_so_segundo_nivel,60
-0.0002900295749493527,-0.0014568001554794484,-0.0033316735298408486,-0.006304327065850736,-0.008651788880195126,-0.02477191338697728,Ridge_so_segundo_nivel,60
-0.0004757301727566855,-0.0014140457262323536,-0.0022638407071402353,-0.005284700663394519,-0.008418962935493,-0.013766534652382357,Ridge_so_segundo_nivel,60
-0.00036543445491704174,-0.0012007517668749647,-0.0005337544145754737,0.0003966594755187014,0.002777233898763513,0.0019342072983264693,Ridge_so_segundo_nivel,60
-0.000383806988271887,-0.0009641427147147956,-0.002506560253766484,-0.006043053307657446,-0.010072090641560736,-0.023991485533486512,Ridge_so_segundo_nivel,60
-0.00046401946222137763,-0.0017210371154798352,-0.0023423015285553832,-0.0018267713970281769,-0.001449401327196653,-0.013676758224005185,Ridge_so_segundo_nivel,60
-0.0002720701571281693,-0.0006915877421115592,6.390072805798546e-05,0.0023198641548346026,0.005696330029210233,0.001834136083518995,Ridge_so_segundo_nivel,60
-0.0003672581681388721,-0.001447598576204496,-0.0023665179796647216,-0.003555758171151592,-0.004708507713096574,-0.012985572062252756,Ridge_so_segundo_nivel,60
-0.0003843061766594021,-0.0014861300886472972,-0.002011717612058745,-0.0034670295752932015,-0.0046730817401901496,-0.01628887870786427,Ridge_so_segundo_nivel,60
-0.0005455863709597441,-0.0017567553763634606,-0.003342470949246962,-0.006391076305725629,-0.011260404126590162,-0.026718909286330927,Ridge_so_segundo_nivel,60
-0.00042397745570409476,-0.002347032767684336,-0.004716669651474807,-0.006780834409130862,-0.008583915722608164,-0.02154698712883506,Ridge_so_segundo_nivel,60
-0.00033367689130153554,-0.0013973190987639607,-0.002166378893131127,-0.00369873488794225,-0.004695631934683008,-0.013656179244146135,Ridge_so_segundo_nivel,60
-0.0006833322024530752,-0.002401553361573499,-0.004322778365672983,-0.007046637626839491,-0.008161920236912154,-0.01782499699405853,Ridge_so_segundo_nivel,60
-0.0005422735538402521,-0.0025845091598116934,-0.005121946500581002,-0.007622322547856007,-0.0075098247860991806,-0.015328798989443749,Ridge_so_segundo_nivel,60
-0.000266454996092511,-0.0012243817737800267,-0.0021025246050614447,-0.0037790676103954296,-0.004746714299607878,-0.010614029208703347,Ridge_so_segundo_nivel,60
-0.0006075295475046788,-0.0022309451146034736,-0.00318749819832908,-0.004597008426860141,-0.003946925512160256,-0.009144980519150482,Ridge_so_segundo_nivel,60
-0.0003067593358643843,-0.0006644218557066604,-0.0012680568114391503,-0.003422883713923215,-0.005251728626453482,-0.013791419048923113,Ridge_so_segundo_nivel,60
-0.00047090121146902396,-0.0018343076082058766,-0.0033704404661479216,-0.006821656838485441,-0.009151659731387674,-0.018568339981052045,Ridge_so_segundo_nivel,60
-0.00028758964504018423,-0.0011280633291687841,-0.0012281782563033086,-0.003578443027981007,-0.005706503503685834,-0.018926603665667365,Ridge_so_segundo_nivel,60
-0.0004885850113381846,-0.0015872916828732276,-0.0019432694459919381,-0.0022923962258638193,-0.0032911308039843185,-0.008614940854450689,Ridge_so_segundo_nivel,60
-0.0005512583461618322,-0.0021413835830395005,-0.00255989975883923,-0.004297355333392314,-0.0036161684756255024,-0.01405887402290081,Ridge_so_segundo_nivel,60
-0.0002986855773624801,-0.0016006862036388712,-0.0032354261747997086,-0.005989178812667561,-0.008975599308546028,-0.02004626847154185,Ridge_so_segundo_nivel,60
-0.0002521098305155089,-0.0007736305191748367,-0.0016999018319464332,-0.0026465557427731456,-0.004822920474246624,-0.017269207996564756,Ridge_so_segundo_nivel,60
-0.0004001963179993554,-0.001718785097848446,-0.004271887364819111,-0.010240998052455375,-0.015758659265523528,-0.03377549624329064,Ridge_so_segundo_nivel,60
-0.0003018234973330977,-0.0013382128810679635,-0.0021223826187136024,-0.0022586513300925587,-0.0035104409063237947,-0.02198767087610763,Ridge_so_segundo_nivel,60
-0.0005877831240192669,-0.0019386960675960923,-0.0027911138876388617,-0.005242797539923902,-0.008281699369631922,-0.015367002084373166,Ridge_so_segundo_nivel,60
-0.0003246828427651261,-0.0011064233212728413,-0.0013710460121395352,-0.0012210787422047855,-0.0015719700826123464,-0.007186669856799186,Ridge_so_segundo_nivel,60
-0.000356376832769462,-0.0012587523220185394,-0.0022931026803554005,-0.005374415140165971,-0.008835740017016452,-0.020377679052674555,Ridge_so_segundo_nivel,60
-0.0002703874883400115,-0.000575549295995696,-0.0007790714746528707,-0.0012268566732127953,-0.0004991414904169521,-0.004402859688063741,Ridge_so_segundo_nivel,60
-0.0004662009551551168,-0.0016517412121609212,-0.0024446449573930517,-0.0038579454621990084,-0.0053885992146563,-0.01039899169845868,Ridge_so_segundo_nivel,60
-0.00031024983990076836,-0.0006207897167154512,-0.0009359384844453884,-0.001818255441766413,-0.0015745755927085603,-0.009465634196024114,Ridge_so_segundo_nivel,60
-0.0001860500689360151,-0.0005578857743129783,-0.00021807604855484107,0.00014359181626911473,-0.0004883541923263125,-0.010593290804628739,Ridge_so_segundo_nivel,60
-0.0003196875007290747,-0.0010041203409204456,-0.002276474038987112,-0.005000279825964192,-0.006958890218463679,-0.014723803889163656,Ridge_so_segundo_nivel,60
-0.0003554362609196047,-0.001324587128251481,-0.0015913941594449376,-0.0032544876748263874,-0.0032700184066976994,-0.009636111499214691,Ridge_so_segundo_nivel,60
-0.000308012943111706,-0.0011860248915177198,-0.0025745323966817352,-0.005778463963272575,-0.008317405546835702,-0.02757248210182516,Ridge_so_segundo_nivel,60
-0.0005841340311787328,-0.002194070068254327,-0.003279986909379375,-0.0034029269719615,-0.003982519988498841,-0.009437622980139103,Ridge_so_segundo_nivel,60
-0.00011169037393200031,0.0005231524762111916,0.00218511566237247,0.005285359607386172,0.01022740655641487,0.010840907572390328,Ridge_so_segundo_nivel,60
-0.00023834253735606793,-0.0012691741296400605,-0.002055936623047862,-0.0033536821349625856,-0.005255506671618491,-0.01631950604495541,Ridge_so_segundo_nivel,60
-0.0005341435448734502,-0.0015526967391609424,-0.003146831816600891,-0.008250931091919367,-0.013200106203220015,-0.031119328284306975,Ridge_so_segundo_nivel,60
-0.00026191172585566397,-0.0009003843243318828,-0.0025762725006186265,-0.006138424409579345,-0.007675373951680464,-0.022154693328226928,Ridge_so_segundo_nivel,60
-0.0005064642951160244,-0.0028768182138152773,-0.005217865104822221,-0.009327987244171426,-0.011093440511572336,-0.022632503482963664,Ridge_so_segundo_nivel,60
-0.00017168400354310994,-0.000490838173976729,-0.0007270551732326797,-0.0023954909824751196,-0.003913184885699809,-0.012240373686439952,Ridge_so_segundo_nivel,60
-0.0006249740236860256,-0.0019033078957724973,-0.004067684638611208,-0.007498029450638079,-0.010375620447539136,-0.022059040417050545,Ridge_so_segundo_nivel,60
-0.0004985897613681898,-0.0013839221932959633,-0.0016881513557403687,-0.001472601691635369,-0.002748124821347339,-0.011424510858500813,Ridge_so_segundo_nivel,60
-0.00044843971246570207,-0.001612484286598009,-0.002053569216416048,-0.0032810336431675483,-0.003029279709075134,-0.007744485054990743,Ridge_so_segundo_nivel,60
-0.0002348721142211565,-0.0007925529257487139,-0.0011045105705536388,-0.0024206390627614415,-0.003914649529666164,-0.011286973088484404,Ridge_so_segundo_nivel,60
-0.0002121879027226447,-0.0006749849902327926,-0.0004059452905314778,0.0006198532972746349,0.0015276759061394693,-0.002280502016960185,Ridge_so_segundo_nivel,60
-0.00027718766225178924,-0.0011194467811378387,-0.0022751003528920983,-0.005413822741091663,-0.007668686835419133,-0.0173678706177365,Ridge_so_segundo_nivel,60
-0.0003212831847724991,-0.0011368583517450195,-0.0004562525734037988,0.000549536416496753,0.0029036432733811944,0.0026170201660585648,Ridge_so_segundo_nivel,60
-0.00028451072732996625,-0.0012684613876407034,-0.0018123505790494884,-0.002175393138890722,-0.002651697086942881,-0.014242260703456555,Ridge_so_segundo_nivel,60
-0.0005506206042950318,-0.0024199303466253116,-0.003307922335710791,-0.004556325817928848,-0.00526070512865015,-0.01477089137589636,Ridge_so_segundo_nivel,60
-0.0002763468659160373,-0.0012273931137410758,-0.002258846066124806,-0.004243759177114428,-0.0051125068529175146,-0.01870672669376767,Ridge_so_segundo_nivel,60
-0.0002753252143064647,-0.0008670335842603326,-0.0009278625695259807,2.0792275011431254e-05,0.0010589812563776549,-0.004531437198783179,Ridge_so_segundo_nivel,60
-0.0003779434859349463,-0.0015432470312382455,-0.0030295732788315124,-0.006465817375896912,-0.010467205425233612,-0.025243016788172326,Ridge_so_segundo_nivel,60
-0.00043996610223054474,-0.0017480066442641102,-0.002223068203628857,-0.003155539292926538,-0.0034599322248950307,-0.010650844099062926,Ridge_so_segundo_nivel,60
-0.0002933617477983206,-0.001022616609291232,-0.0013029457469805417,-0.0024003624362997017,-0.0034849832228874486,-0.011287021724909809,Ridge_so_segundo_nivel,60
-0.00041163622752828603,-0.0012913699014136081,-0.0027860288391877157,-0.005949289156723578,-0.00846830464957537,-0.019512416833580546,Ridge_so_segundo_nivel,60
-0.00040962260355625256,-0.0016582007580327343,-0.0037356093199865715,-0.008147866911720496,-0.011524271073577156,-0.01956013154756049,Ridge_so_segundo_nivel,60
-0.0004260438926072573,-0.0017498534179093072,-0.0025549382452197695,-0.005083434425210715,-0.007464543298922386,-0.02023141308820277,Ridge_so_segundo_nivel,60
-0.0005776215321591926,-0.001992940910763893,-0.002718598215052517,-0.004627582321545167,-0.006135240315960839,-0.013078384853960337,Ridge_so_segundo_nivel,60
-0.0003190176597500112,-0.0011300884930850487,-0.0017326086313664464,-0.0029190763622039336,-0.0030330263267965064,-0.0061332551363704225,Ridge_so_segundo_nivel,60
-0.0003643475959783883,-0.0015635232457677528,-0.002666557445066672,-0.004621258744661773,-0.005652974697302304,-0.019500569125164152,Ridge_so_segundo_nivel,60
-0.00034362553015065554,-0.001431114513598311,-0.0024469792937997325,-0.0034287072666782056,-0.004142597246669873,-0.014271007669251034,Ridge_so_segundo_nivel,60
-0.0006096732207536554,-0.0021652266216417586,-0.0033180676339967866,-0.00576524862329757,-0.007662805595528975,-0.01404301156553415,Ridge_so_segundo_nivel,60
-0.000413562440926238,-0.0014214448763793662,-0.002408292820826396,-0.004903720619322772,-0.0069780673145513426,-0.015802059817364687,Ridge_so_segundo_nivel,60
-0.0005167204302561865,-0.0017439590396576806,-0.0025812956572787327,-0.004051508439557089,-0.006543393102600395,-0.013747536887619696,Ridge_so_segundo_nivel,60
-0.0003910915275198608,-0.0012258929843254962,-0.0010807435153957529,-0.00016757877588623304,0.0019225314030425853,0.0016319545855681076,Ridge_so_segundo_nivel,60
-0.0005480992317917344,-0.001888680485339639,-0.003750160525285578,-0.007460518557375058,-0.010065224482750731,-0.018499860385329386,Ridge_so_segundo_nivel,60
-0.0003965323036387464,-0.002056684364115255,-0.003550949934621353,-0.006768086308145272,-0.009831787157661653,-0.022724926540376444,Ridge_so_segundo_nivel,60
-0.000550321494284089,-0.0013716774086921862,-0.0028009409117475126,-0.006548971426833423,-0.009926978763256057,-0.016649958298845743,Ridge_so_segundo_nivel,60
-0.0002475638359591937,-0.0004531103388683547,1.4558674219216198e-05,0.0013915070952737973,0.0026020633541861096,0.0015088237609652943,Ridge_so_segundo_nivel,60
-0.00048720528851157113,-0.0018619439522108445,-0.003003293527744539,-0.004983419463995429,-0.005987716031018753,-0.011379546893201182,Ridge_so_segundo_nivel,60
-0.00043771122069879005,-0.0013299741532265847,-0.0022196728441601274,-0.005104782902579509,-0.007284806725540725,-0.015308518579685267,Ridge_so_segundo_nivel,60
-0.00014456276820218032,-0.0001480326667377978,0.0002480468929714597,0.0007790088196932888,0.0008999568434099512,-0.0058446801723619135,Ridge_so_segundo_nivel,60
-0.0002411006253690842,-0.001348320523802466,-0.002640674080096581,-0.0044945300868065585,-0.005726621700010165,-0.014278654262058413,Ridge_so_segundo_nivel,60
-0.0003812828993899813,-0.002320514634172647,-0.004003237217519582,-0.006016938961053031,-0.008953138714843186,-0.0310931304455383,Ridge_so_segundo_nivel,60
-0.00036687922376081155,-0.0010314550577704706,-0.001928931543124754,-0.004581524714064101,-0.0060549387607254975,-0.014578420349991414,Ridge_so_segundo_nivel,60
-0.0006223601303870531,-0.002200225196032491,-0.0035137329752607627,-0.006445981426701116,-0.00867898877887416,-0.015108536216297336,Ridge_so_segundo_nivel,60
-0.00046064836881996374,-0.002026073667967617,-0.0028055158368802237,-0.0033652707298557002,-0.003581604286144131,-0.008789432388089005,Ridge_so_segundo_nivel,60
-0.0004018530224311731,-0.0014163761004161162,-0.0024151720233781255,-0.005205086849699538,-0.007292867888230318,-0.011533161357887779,Ridge_so_segundo_nivel,60
-0.00026350464946704846,-0.0009169759691477711,-0.0003853916352147399,0.0007817131812098452,0.0018419601420511225,-0.0017666694567531076,Ridge_so_segundo_nivel,60
-0.0002144930820829621,-0.0010359540888541844,-0.0023640893404292453,-0.004995907159999129,-0.0069019209170036455,-0.018411516487232146,Ridge_so_segundo_nivel,60
-0.0004869169146264949,-0.00190600405995069,-0.00486947849948709,-0.010448327870216245,-0.01384295931480044,-0.026212279411610306,Ridge_so_segundo_nivel,60
-0.0002605921702067238,-0.0011607780786350747,-0.001901667481092686,-0.0029683549818866244,-0.003548220232199236,-0.013131362817159339,Ridge_so_segundo_nivel,60
-0.000674693854945934,-0.002170555683884809,-0.0039045416229764682,-0.008011678920003741,-0.010315405349184344,-0.0232176102033022,Ridge_so_segundo_nivel,60
-0.00041529129548677755,-0.0016924588024220797,-0.0032615842079974844,-0.0072642907269365176,-0.010180511174495801,-0.024917372355307603,Ridge_so_segundo_nivel,60
-0.0002828508603438228,-0.0005951815640067611,-0.0013300763713646815,-0.002846184688545307,-0.004893818954984525,-0.011714331809565808,Ridge_so_segundo_nivel,60
-0.00045557749827549165,-0.001112015155471425,-0.0019373411171109056,-0.003680646674659228,-0.0032734362265419365,-0.00857817493826723,Ridge_so_segundo_nivel,60
-0.00038689392767135285,-0.0016459719464830174,-0.0030004600973300437,-0.005055382568135919,-0.006565488973057393,-0.017929310222589288,Ridge_so_segundo_nivel,60
-0.0005984760086784332,-0.002656379379253747,-0.004892850176249017,-0.010830461801102448,-0.014958057018461248,-0.026940602302440185,Ridge_so_segundo_nivel,60
-0.0005282532084824972,-0.0016187666789460532,-0.0028415781909626584,-0.006050444049301932,-0.007308513218669119,-0.01012268270962145,Ridge_so_segundo_nivel,60
-0.0003240785152540782,-0.0007956945391242267,-0.002261240073658816,-0.00567454777687951,-0.007893332384783215,-0.01760881996353369,Ridge_so_segundo_nivel,60
-0.0001017696715003358,6.544704412001783e-05,0.000498892979546044,0.00032583269912702517,7.0102281326675e-05,-0.0072337661605286745,Ridge_so_segundo_nivel,60
-0.00041865285791172575,-0.0016588178337129662,-0.0017224346625948797,-0.0024817609534403193,-0.0024231957875927006,-0.0097058083061986,Ridge_so_segundo_nivel,60
-0.0005031649904472878,-0.0016475903747876167,-0.002216168739417474,-0.0032029699857413075,-0.0037818802665089564,-0.013113895372515866,Ridge_so_segundo_nivel,60
-0.000319177951384351,-0.0013086213135086115,-0.002123906823305335,-0.002870772212715026,-0.003107156312229937,-0.009020566524982532,Ridge_so_segundo_nivel,60
-0.000431164889453736,-0.0015985267113910184,-0.002574256206340049,-0.0038005291561004234,-0.004785470962821692,-0.01130428120991174,Ridge_so_segundo_nivel,60
-0.000597176475377581,-0.0017994639277678487,-0.0029166547148410803,-0.006361190622766604,-0.007595399686491636,-0.015127376747744219,Ridge_so_segundo_nivel,60
-0.0009620229451789081,-0.003853863294655518,-0.0057181906006202165,-0.006945509104606101,-0.007972670601084551,-0.018278497669335876,Ridge_so_segundo_nivel,60
-0.0004917670410779336,-0.001380713638776741,-0.00018991102797221774,-0.00011737573814306136,0.0003772900412089489,-0.0025899405697672063,Ridge_so_segundo_nivel,60
-0.0003212705913348046,-0.0008273146738309815,-0.0014339730398515757,-0.0035953715097305564,-0.005412700113435178,-0.013381217053829553,Ridge_so_segundo_nivel,60
-0.000392123948965938,-0.0015666848369923006,-0.0026147272884293653,-0.005324036798134789,-0.00699984153551433,-0.012828621542499608,Ridge_so_segundo_nivel,60
